{"type":"FeatureCollection","crs":{"type":"name","properties":{"name":"EPSG:3857"}},"features":[{"type":"Feature","id":1,"geometry":{"type":"Point","coordinates":[-9976691.0277999993,3424654.8957000002]},"properties":{"OBJECTID":1,"substrate":"Scattered Shell","substrate_type":null,"buried_shell_depth":null,"water_depth":null,"GlobalID":"{E69A71EB-8D9C-4DB6-B566-0DB118D55573}","created_user":"jjordan_CVCarbon","created_date":1753038558577,"last_edited_user":"jjordan_CVCarbon","last_edited_date":1780425891246,"polling_date":1686941678000,"permission_group":"johnyjurisich_CVCarbon,jpinsky@cvcarbon.com,JJurisich_CVCarbon","lease_number":"32024","archive":"bedded"}},{"type":"Feature","id":2,"geometry":{"type":"Point","coordinates":[-9976665.1886,3424665.4710000008]},"properties":{"OBJECTID":2,"substrate":"Scattered Shell","substrate_type":null,"buried_shell_depth":null,"water_depth":null,"GlobalID":"{733DFCE3-80C3-4F09-928F-C82689ED7D6C}","created_user":"jjordan_CVCarbon","created_date":1753038558577,"last_edited_user":"jjordan_CVCarbon","last_edited_date":1780425891246,"polling_date":1686941685000,"permission_group":"johnyjurisich_CVCarbon,jpinsky@cvcarbon.com,JJurisich_CVCarbon","lease_number":"32024","archive":"bedded"}},{"type":"Feature","id":3,"geometry":{"type":"Point","coordinates":[-9976639.1212000009,3424672.2177999988]},"properties":{"OBJECTID":3,"substrate":"Mud","substrate_type":null,"buried_shell_depth":null,"water_depth":null,"GlobalID":"{5ABA6287-260A-4E52-B84D-5AE00F1DCE14}","created_user":"jjordan_CVCarbon","created_date":1753038558577,"last_edited_user":"jjordan_CVCarbon","last_edited_date":1780425891246,"polling_date":1686941698000,"permission_group":"johnyjurisich_CVCarbon,jpinsky@cvcarbon.com,JJurisich_CVCarbon","lease_number":"32024","archive":"bedded"}},{"type":"Feature","id":4,"geometry":{"type":"Point","coordinates":[-9976593.4528000001,3424688.2198000029]},"properties":{"OBJECTID":4,"substrate":"Mud","substrate_type":null,"buried_shell_depth":null,"water_depth":null,"GlobalID":"{91121BD7-6B48-4E80-A9F6-46A5A743EFF8}","created_user":"jjordan_CVCarbon","created_date":1753038558577,"last_edited_user":"jjordan_CVCarbon","last_edited_date":1780425891246,"polling_date":1686941704000,"permission_group":"johnyjurisich_CVCarbon,jpinsky@cvcarbon.com,JJurisich_CVCarbon","lease_number":"32024","archive":"bedded"}},{"type":"Feature","id":5,"geometry":{"type":"Point","coordinates":[-9976573.6715999991,3424695.193400003]},"properties":{"OBJECTID":5,"substrate":"Mud","substrate_type":null,"buried_shell_depth":null,"water_depth":null,"GlobalID":"{F07A5FE5-7952-4EB7-B21A-BE1375A6B4C5}","created_user":"jjordan_CVCarbon","created_date":1753038558577,"last_edited_user":"jjordan_CVCarbon","last_edited_date":1780425891246,"polling_date":1686941710000,"permission_group":"johnyjurisich_CVCarbon,jpinsky@cvcarbon.com,JJurisich_CVCarbon","lease_number":"32024","archive":"bedded"}},{"type":"Feature","id":6,"geometry":{"type":"Point","coordinates":[-9976550.8011000007,3424703.8911999986]},"properties":{"OBJECTID":6,"substrate":"Mud","substrate_type":null,"buried_shell_depth":null,"water_depth":null,"GlobalID":"{51DEAFD0-E074-4A24-9CE2-5EA791190C2E}","created_user":"jjordan_CVCarbon","created_date":1753038558577,"last_edited_user":"jjordan_CVCarbon","last_edited_date":1780425891246,"polling_date":1686941715000,"permission_group":"johnyjurisich_CVCarbon,jpinsky@cvcarbon.com,JJurisich_CVCarbon","lease_number":"32024","archive":"bedded"}},{"type":"Feature","id":7,"geometry":{"type":"Point","coordinates":[-9976492.6265999991,3424640.7885000035]},"properties":{"OBJECTID":7,"substrate":"Mud","substrate_type":null,"buried_shell_depth":null,"water_depth":null,"GlobalID":"{880B33C8-AABB-49E1-8AFB-094729B934CC}","created_user":"jjordan_CVCarbon","created_date":1753038558577,"last_edited_user":"jjordan_CVCarbon","last_edited_date":1780425891246,"polling_date":1686941809000,"permission_group":"johnyjurisich_CVCarbon,jpinsky@cvcarbon.com,JJurisich_CVCarbon","lease_number":"32024","archive":"bedded"}},{"type":"Feature","id":8,"geometry":{"type":"Point","coordinates":[-9976541.2820999995,3424637.3818999976]},"properties":{"OBJECTID":8,"substrate":"Mud","substrate_type":null,"buried_shell_depth":null,"water_depth":null,"GlobalID":"{36BB0526-F372-4CEB-84D2-23068F69A9B5}","created_user":"jjordan_CVCarbon","created_date":1753038558577,"last_edited_user":"jjordan_CVCarbon","last_edited_date":1780425891246,"polling_date":1686941821000,"permission_group":"johnyjurisich_CVCarbon,jpinsky@cvcarbon.com,JJurisich_CVCarbon","lease_number":"32024","archive":"bedded"}},{"type":"Feature","id":9,"geometry":{"type":"Point","coordinates":[-9976569.5577000007,3424635.7688999996]},"properties":{"OBJECTID":9,"substrate":"Buried Shell","substrate_type":null,"buried_shell_depth":null,"water_depth":null,"GlobalID":"{3C169078-9543-4840-ADAC-3F575B025510}","created_user":"jjordan_CVCarbon","created_date":1753038558577,"last_edited_user":"jjordan_CVCarbon","last_edited_date":1780425891246,"polling_date":1686941830000,"permission_group":"johnyjurisich_CVCarbon,jpinsky@cvcarbon.com,JJurisich_CVCarbon","lease_number":"32024","archive":"bedded"}},{"type":"Feature","id":10,"geometry":{"type":"Point","coordinates":[-9976617.7245000005,3424628.2132000029]},"properties":{"OBJECTID":10,"substrate":"Buried Shell","substrate_type":null,"buried_shell_depth":null,"water_depth":null,"GlobalID":"{14C051C3-287E-4551-847D-81A23E45F08C}","created_user":"jjordan_CVCarbon","created_date":1753038558577,"last_edited_user":"jjordan_CVCarbon","last_edited_date":1780425891246,"polling_date":1686941841000,"permission_group":"johnyjurisich_CVCarbon,jpinsky@cvcarbon.com,JJurisich_CVCarbon","lease_number":"32024","archive":"bedded"}},{"type":"Feature","id":11,"geometry":{"type":"Point","coordinates":[-9976643.8356999997,3424619.9011999965]},"properties":{"OBJECTID":11,"substrate":"Scattered Shell","substrate_type":null,"buried_shell_depth":null,"water_depth":null,"GlobalID":"{52098B05-0778-46B3-A6DD-72413B99E1F0}","created_user":"jjordan_CVCarbon","created_date":1753038558577,"last_edited_user":"jjordan_CVCarbon","last_edited_date":1780425891246,"polling_date":1686941849000,"permission_group":"johnyjurisich_CVCarbon,jpinsky@cvcarbon.com,JJurisich_CVCarbon","lease_number":"32024","archive":"bedded"}},{"type":"Feature","id":12,"geometry":{"type":"Point","coordinates":[-9976670.6177999992,3424611.1662999988]},"properties":{"OBJECTID":12,"substrate":"Solid Reef","substrate_type":null,"buried_shell_depth":null,"water_depth":null,"GlobalID":"{BC84E7A0-F083-4A88-A51E-C5C82417BE56}","created_user":"jjordan_CVCarbon","created_date":1753038558577,"last_edited_user":"jjordan_CVCarbon","last_edited_date":1780425891246,"polling_date":1686941856000,"permission_group":"johnyjurisich_CVCarbon,jpinsky@cvcarbon.com,JJurisich_CVCarbon","lease_number":"32024","archive":"bedded"}},{"type":"Feature","id":13,"geometry":{"type":"Point","coordinates":[-9976699.5982000008,3424599.8783999979]},"properties":{"OBJECTID":13,"substrate":"Solid Reef","substrate_type":null,"buried_shell_depth":null,"water_depth":null,"GlobalID":"{2A8BE8EB-2CA9-408E-BD3A-74570540048B}","created_user":"jjordan_CVCarbon","created_date":1753038558577,"last_edited_user":"jjordan_CVCarbon","last_edited_date":1780425891246,"polling_date":1686941863000,"permission_group":"johnyjurisich_CVCarbon,jpinsky@cvcarbon.com,JJurisich_CVCarbon","lease_number":"32024","archive":"bedded"}},{"type":"Feature","id":14,"geometry":{"type":"Point","coordinates":[-9976725.9046,3424592.1503000036]},"properties":{"OBJECTID":14,"substrate":"Solid Reef","substrate_type":null,"buried_shell_depth":null,"water_depth":null,"GlobalID":"{AE9A3B6F-3383-46D7-95A4-128EAEE6A561}","created_user":"jjordan_CVCarbon","created_date":1753038558577,"last_edited_user":"jjordan_CVCarbon","last_edited_date":1780425891246,"polling_date":1686941870000,"permission_group":"johnyjurisich_CVCarbon,jpinsky@cvcarbon.com,JJurisich_CVCarbon","lease_number":"32024","archive":"bedded"}},{"type":"Feature","id":15,"geometry":{"type":"Point","coordinates":[-9976752.1638999991,3424585.2978999987]},"properties":{"OBJECTID":15,"substrate":"Solid Reef","substrate_type":null,"buried_shell_depth":null,"water_depth":null,"GlobalID":"{8AC4E9CD-9C4C-472E-A7CF-E4A550894333}","created_user":"jjordan_CVCarbon","created_date":1753038558577,"last_edited_user":"jjordan_CVCarbon","last_edited_date":1780425891246,"polling_date":1686941878000,"permission_group":"johnyjurisich_CVCarbon,jpinsky@cvcarbon.com,JJurisich_CVCarbon","lease_number":"32024","archive":"bedded"}},{"type":"Feature","id":16,"geometry":{"type":"Point","coordinates":[-9976779.5795000009,3424578.3144000024]},"properties":{"OBJECTID":16,"substrate":"Scattered Shell","substrate_type":null,"buried_shell_depth":null,"water_depth":null,"GlobalID":"{AB61D087-7763-4D6A-BEB1-D44359D7EACA}","created_user":"jjordan_CVCarbon","created_date":1753038558577,"last_edited_user":"jjordan_CVCarbon","last_edited_date":1780425891246,"polling_date":1686941885000,"permission_group":"johnyjurisich_CVCarbon,jpinsky@cvcarbon.com,JJurisich_CVCarbon","lease_number":"32024","archive":"bedded"}},{"type":"Feature","id":17,"geometry":{"type":"Point","coordinates":[-9976807.0634000003,3424573.1142000034]},"properties":{"OBJECTID":17,"substrate":"Solid Reef","substrate_type":null,"buried_shell_depth":null,"water_depth":null,"GlobalID":"{D1C9FE7B-D8E6-41A5-ADBC-50F75003339D}","created_user":"jjordan_CVCarbon","created_date":1753038558577,"last_edited_user":"jjordan_CVCarbon","last_edited_date":1780425891246,"polling_date":1686941894000,"permission_group":"johnyjurisich_CVCarbon,jpinsky@cvcarbon.com,JJurisich_CVCarbon","lease_number":"32024","archive":"bedded"}},{"type":"Feature","id":18,"geometry":{"type":"Point","coordinates":[-9976855.6380000003,3424564.8272999972]},"properties":{"OBJECTID":18,"substrate":"Solid Reef","substrate_type":null,"buried_shell_depth":null,"water_depth":null,"GlobalID":"{9F536814-222D-4C05-B147-00FE3EB297FF}","created_user":"jjordan_CVCarbon","created_date":1753038558577,"last_edited_user":"jjordan_CVCarbon","last_edited_date":1780425891246,"polling_date":1686941905000,"permission_group":"johnyjurisich_CVCarbon,jpinsky@cvcarbon.com,JJurisich_CVCarbon","lease_number":"32024","archive":"bedded"}},{"type":"Feature","id":19,"geometry":{"type":"Point","coordinates":[-9976886.2543000001,3424558.6208999977]},"properties":{"OBJECTID":19,"substrate":"Solid Reef","substrate_type":null,"buried_shell_depth":null,"water_depth":null,"GlobalID":"{023CC644-CFE3-48CD-902F-D2EEA67C06E2}","created_user":"jjordan_CVCarbon","created_date":1753038558577,"last_edited_user":"jjordan_CVCarbon","last_edited_date":1780425891246,"polling_date":1686941912000,"permission_group":"johnyjurisich_CVCarbon,jpinsky@cvcarbon.com,JJurisich_CVCarbon","lease_number":"32024","archive":"bedded"}},{"type":"Feature","id":20,"geometry":{"type":"Point","coordinates":[-9976917.1234000009,3424549.4239000008]},"properties":{"OBJECTID":20,"substrate":"Solid Reef","substrate_type":null,"buried_shell_depth":null,"water_depth":null,"GlobalID":"{22BE97C8-75D4-4393-8841-B11C1B893DCA}","created_user":"jjordan_CVCarbon","created_date":1753038558577,"last_edited_user":"jjordan_CVCarbon","last_edited_date":1780425891246,"polling_date":1686941920000,"permission_group":"johnyjurisich_CVCarbon,jpinsky@cvcarbon.com,JJurisich_CVCarbon","lease_number":"32024","archive":"bedded"}},{"type":"Feature","id":21,"geometry":{"type":"Point","coordinates":[-9976935.3073999994,3424542.3175999969]},"properties":{"OBJECTID":21,"substrate":"Solid Reef","substrate_type":null,"buried_shell_depth":null,"water_depth":null,"GlobalID":"{935620DB-C542-4C98-A932-727F868A4879}","created_user":"jjordan_CVCarbon","created_date":1753038558577,"last_edited_user":"jjordan_CVCarbon","last_edited_date":1780425891246,"polling_date":1686941927000,"permission_group":"johnyjurisich_CVCarbon,jpinsky@cvcarbon.com,JJurisich_CVCarbon","lease_number":"32024","archive":"bedded"}},{"type":"Feature","id":22,"geometry":{"type":"Point","coordinates":[-9976985.4407000002,3424521.5672999993]},"properties":{"OBJECTID":22,"substrate":"Scattered Shell","substrate_type":null,"buried_shell_depth":null,"water_depth":null,"GlobalID":"{BD27A9B6-B5A7-4593-A77A-BB193E056344}","created_user":"jjordan_CVCarbon","created_date":1753038558577,"last_edited_user":"jjordan_CVCarbon","last_edited_date":1780425891246,"polling_date":1686941940000,"permission_group":"johnyjurisich_CVCarbon,jpinsky@cvcarbon.com,JJurisich_CVCarbon","lease_number":"32024","archive":"bedded"}},{"type":"Feature","id":23,"geometry":{"type":"Point","coordinates":[-9977015.0229000002,3424510.7311000004]},"properties":{"OBJECTID":23,"substrate":"Buried Shell","substrate_type":null,"buried_shell_depth":null,"water_depth":null,"GlobalID":"{BA4EC532-8453-41E5-AA3A-25968A718082}","created_user":"jjordan_CVCarbon","created_date":1753038558577,"last_edited_user":"jjordan_CVCarbon","last_edited_date":1780425891246,"polling_date":1686941948000,"permission_group":"johnyjurisich_CVCarbon,jpinsky@cvcarbon.com,JJurisich_CVCarbon","lease_number":"32024","archive":"bedded"}},{"type":"Feature","id":24,"geometry":{"type":"Point","coordinates":[-9977059.1427999996,3424493.7370999977]},"properties":{"OBJECTID":24,"substrate":"Buried Shell","substrate_type":null,"buried_shell_depth":null,"water_depth":null,"GlobalID":"{1C1914AF-08D5-4901-9B73-CD0F908B620B}","created_user":"jjordan_CVCarbon","created_date":1753038558577,"last_edited_user":"jjordan_CVCarbon","last_edited_date":1780425891246,"polling_date":1686941959000,"permission_group":"johnyjurisich_CVCarbon,jpinsky@cvcarbon.com,JJurisich_CVCarbon","lease_number":"32024","archive":"bedded"}},{"type":"Feature","id":25,"geometry":{"type":"Point","coordinates":[-9977088.1616999991,3424482.1765000001]},"properties":{"OBJECTID":25,"substrate":"Buried Shell","substrate_type":null,"buried_shell_depth":null,"water_depth":null,"GlobalID":"{1F0FC06C-9D23-4D9E-B887-2889553159EF}","created_user":"jjordan_CVCarbon","created_date":1753038558577,"last_edited_user":"jjordan_CVCarbon","last_edited_date":1780425891246,"polling_date":1686941968000,"permission_group":"johnyjurisich_CVCarbon,jpinsky@cvcarbon.com,JJurisich_CVCarbon","lease_number":"32024","archive":"bedded"}},{"type":"Feature","id":26,"geometry":{"type":"Point","coordinates":[-9977114.4134999998,3424472.9552000016]},"properties":{"OBJECTID":26,"substrate":"Buried Shell","substrate_type":null,"buried_shell_depth":null,"water_depth":null,"GlobalID":"{3F314AE1-DCF6-4203-9F4E-9E2D9A4A8C8B}","created_user":"jjordan_CVCarbon","created_date":1753038558577,"last_edited_user":"jjordan_CVCarbon","last_edited_date":1780425891246,"polling_date":1686941974000,"permission_group":"johnyjurisich_CVCarbon,jpinsky@cvcarbon.com,JJurisich_CVCarbon","lease_number":"32024","archive":"bedded"}},{"type":"Feature","id":27,"geometry":{"type":"Point","coordinates":[-9977139.4912,3424461.4218000025]},"properties":{"OBJECTID":27,"substrate":"Mud","substrate_type":null,"buried_shell_depth":null,"water_depth":null,"GlobalID":"{1EE5780C-B18C-4C82-8A7E-354B9BD20551}","created_user":"jjordan_CVCarbon","created_date":1753038558577,"last_edited_user":"jjordan_CVCarbon","last_edited_date":1780425891246,"polling_date":1686941982000,"permission_group":"johnyjurisich_CVCarbon,jpinsky@cvcarbon.com,JJurisich_CVCarbon","lease_number":"32024","archive":"bedded"}},{"type":"Feature","id":28,"geometry":{"type":"Point","coordinates":[-9977168.4999000002,3424450.0018000007]},"properties":{"OBJECTID":28,"substrate":"Mud","substrate_type":null,"buried_shell_depth":null,"water_depth":null,"GlobalID":"{F15FE0EF-0BCA-4D33-BD96-AE1A1328BBF7}","created_user":"jjordan_CVCarbon","created_date":1753038558577,"last_edited_user":"jjordan_CVCarbon","last_edited_date":1780425891246,"polling_date":1686941989000,"permission_group":"johnyjurisich_CVCarbon,jpinsky@cvcarbon.com,JJurisich_CVCarbon","lease_number":"32024","archive":"bedded"}},{"type":"Feature","id":29,"geometry":{"type":"Point","coordinates":[-9977162.3475000001,3424365.2788999975]},"properties":{"OBJECTID":29,"substrate":"Mud","substrate_type":null,"buried_shell_depth":null,"water_depth":null,"GlobalID":"{381A7085-8F9C-48EB-BD2C-8FD152FABF1B}","created_user":"jjordan_CVCarbon","created_date":1753038558577,"last_edited_user":"jjordan_CVCarbon","last_edited_date":1780425891246,"polling_date":1686942067000,"permission_group":"johnyjurisich_CVCarbon,jpinsky@cvcarbon.com,JJurisich_CVCarbon","lease_number":"32024","archive":"bedded"}},{"type":"Feature","id":30,"geometry":{"type":"Point","coordinates":[-9977111.6893000007,3424387.9558999985]},"properties":{"OBJECTID":30,"substrate":"Mud","substrate_type":null,"buried_shell_depth":null,"water_depth":null,"GlobalID":"{920F2B0A-87BB-4EB9-A771-36DE4E5924B9}","created_user":"jjordan_CVCarbon","created_date":1753038558577,"last_edited_user":"jjordan_CVCarbon","last_edited_date":1780425891246,"polling_date":1686942080000,"permission_group":"johnyjurisich_CVCarbon,jpinsky@cvcarbon.com,JJurisich_CVCarbon","lease_number":"32024","archive":"bedded"}},{"type":"Feature","id":31,"geometry":{"type":"Point","coordinates":[-9977084.1228,3424400.8501000032]},"properties":{"OBJECTID":31,"substrate":"Mud","substrate_type":null,"buried_shell_depth":null,"water_depth":null,"GlobalID":"{332FA7FA-6651-40DD-83F7-4C609FB43C45}","created_user":"jjordan_CVCarbon","created_date":1753038558577,"last_edited_user":"jjordan_CVCarbon","last_edited_date":1780425891246,"polling_date":1686942088000,"permission_group":"johnyjurisich_CVCarbon,jpinsky@cvcarbon.com,JJurisich_CVCarbon","lease_number":"32024","archive":"bedded"}},{"type":"Feature","id":32,"geometry":{"type":"Point","coordinates":[-9977060.2217999995,3424417.6651000008]},"properties":{"OBJECTID":32,"substrate":"Mud","substrate_type":null,"buried_shell_depth":null,"water_depth":null,"GlobalID":"{648044C2-BD25-4B5A-B019-476618AF4F80}","created_user":"jjordan_CVCarbon","created_date":1753038558577,"last_edited_user":"jjordan_CVCarbon","last_edited_date":1780425891246,"polling_date":1686942095000,"permission_group":"johnyjurisich_CVCarbon,jpinsky@cvcarbon.com,JJurisich_CVCarbon","lease_number":"32024","archive":"bedded"}},{"type":"Feature","id":33,"geometry":{"type":"Point","coordinates":[-9977037.6247000005,3424431.5398999974]},"properties":{"OBJECTID":33,"substrate":"Buried Shell","substrate_type":null,"buried_shell_depth":null,"water_depth":null,"GlobalID":"{3A4BD23A-766D-41B3-B742-1B85D9AF2D89}","created_user":"jjordan_CVCarbon","created_date":1753038558577,"last_edited_user":"jjordan_CVCarbon","last_edited_date":1780425891246,"polling_date":1686942103000,"permission_group":"johnyjurisich_CVCarbon,jpinsky@cvcarbon.com,JJurisich_CVCarbon","lease_number":"32024","archive":"bedded"}},{"type":"Feature","id":34,"geometry":{"type":"Point","coordinates":[-9977013.0299999993,3424445.0037999973]},"properties":{"OBJECTID":34,"substrate":"Buried Shell","substrate_type":null,"buried_shell_depth":null,"water_depth":null,"GlobalID":"{B6165FDA-B7C1-46FC-903E-48B224CF87F7}","created_user":"jjordan_CVCarbon","created_date":1753038558577,"last_edited_user":"jjordan_CVCarbon","last_edited_date":1780425891246,"polling_date":1686942109000,"permission_group":"johnyjurisich_CVCarbon,jpinsky@cvcarbon.com,JJurisich_CVCarbon","lease_number":"32024","archive":"bedded"}},{"type":"Feature","id":35,"geometry":{"type":"Point","coordinates":[-9976992.7872000001,3424456.7035000026]},"properties":{"OBJECTID":35,"substrate":"Scattered Shell","substrate_type":null,"buried_shell_depth":null,"water_depth":null,"GlobalID":"{C1A10738-891D-4A9D-B1ED-B4A13E91BD4A}","created_user":"jjordan_CVCarbon","created_date":1753038558577,"last_edited_user":"jjordan_CVCarbon","last_edited_date":1780425891246,"polling_date":1686942116000,"permission_group":"johnyjurisich_CVCarbon,jpinsky@cvcarbon.com,JJurisich_CVCarbon","lease_number":"32024","archive":"bedded"}},{"type":"Feature","id":36,"geometry":{"type":"Point","coordinates":[-9976967.1223000009,3424468.4452000037]},"properties":{"OBJECTID":36,"substrate":"Scattered Shell","substrate_type":null,"buried_shell_depth":null,"water_depth":null,"GlobalID":"{3C33F3C5-1503-42B2-A6F3-3DD1C5040C67}","created_user":"jjordan_CVCarbon","created_date":1753038558577,"last_edited_user":"jjordan_CVCarbon","last_edited_date":1780425891246,"polling_date":1686942122000,"permission_group":"johnyjurisich_CVCarbon,jpinsky@cvcarbon.com,JJurisich_CVCarbon","lease_number":"32024","archive":"bedded"}},{"type":"Feature","id":37,"geometry":{"type":"Point","coordinates":[-9976939.9816999994,3424483.9522999972]},"properties":{"OBJECTID":37,"substrate":"Scattered Shell","substrate_type":null,"buried_shell_depth":null,"water_depth":null,"GlobalID":"{F208F2B5-F50D-46F1-8282-8BB84C4AD6EB}","created_user":"jjordan_CVCarbon","created_date":1753038558577,"last_edited_user":"jjordan_CVCarbon","last_edited_date":1780425891246,"polling_date":1686942131000,"permission_group":"johnyjurisich_CVCarbon,jpinsky@cvcarbon.com,JJurisich_CVCarbon","lease_number":"32024","archive":"bedded"}},{"type":"Feature","id":38,"geometry":{"type":"Point","coordinates":[-9976918.1249000002,3424495.9878999963]},"properties":{"OBJECTID":38,"substrate":"Solid Reef","substrate_type":null,"buried_shell_depth":null,"water_depth":null,"GlobalID":"{F2CD75A3-61F5-4046-96A1-994C36FDED93}","created_user":"jjordan_CVCarbon","created_date":1753038558577,"last_edited_user":"jjordan_CVCarbon","last_edited_date":1780425891246,"polling_date":1686942138000,"permission_group":"johnyjurisich_CVCarbon,jpinsky@cvcarbon.com,JJurisich_CVCarbon","lease_number":"32024","archive":"bedded"}},{"type":"Feature","id":39,"geometry":{"type":"Point","coordinates":[-9976891.8495000005,3424507.4697000012]},"properties":{"OBJECTID":39,"substrate":"Solid Reef","substrate_type":null,"buried_shell_depth":null,"water_depth":null,"GlobalID":"{49BF2010-4438-40F0-B21C-9A6D5767C059}","created_user":"jjordan_CVCarbon","created_date":1753038558577,"last_edited_user":"jjordan_CVCarbon","last_edited_date":1780425891246,"polling_date":1686942143000,"permission_group":"johnyjurisich_CVCarbon,jpinsky@cvcarbon.com,JJurisich_CVCarbon","lease_number":"32024","archive":"bedded"}},{"type":"Feature","id":40,"geometry":{"type":"Point","coordinates":[-9976869.8243000004,3424516.1476000026]},"properties":{"OBJECTID":40,"substrate":"Solid Reef","substrate_type":null,"buried_shell_depth":null,"water_depth":null,"GlobalID":"{C133D82A-E4F8-47EB-B314-937DCFCEF166}","created_user":"jjordan_CVCarbon","created_date":1753038558577,"last_edited_user":"jjordan_CVCarbon","last_edited_date":1780425891246,"polling_date":1686942149000,"permission_group":"johnyjurisich_CVCarbon,jpinsky@cvcarbon.com,JJurisich_CVCarbon","lease_number":"32024","archive":"bedded"}},{"type":"Feature","id":41,"geometry":{"type":"Point","coordinates":[-9976849.4594999999,3424528.5577000007]},"properties":{"OBJECTID":41,"substrate":"Solid Reef","substrate_type":null,"buried_shell_depth":null,"water_depth":null,"GlobalID":"{08B5FBCB-FAD8-4314-9ACB-69A6D6B61E65}","created_user":"jjordan_CVCarbon","created_date":1753038558577,"last_edited_user":"jjordan_CVCarbon","last_edited_date":1780425891246,"polling_date":1686942155000,"permission_group":"johnyjurisich_CVCarbon,jpinsky@cvcarbon.com,JJurisich_CVCarbon","lease_number":"32024","archive":"bedded"}},{"type":"Feature","id":42,"geometry":{"type":"Point","coordinates":[-9976823.5167999994,3424538.4695999995]},"properties":{"OBJECTID":42,"substrate":"Scattered Shell","substrate_type":null,"buried_shell_depth":null,"water_depth":null,"GlobalID":"{E6D733EC-5234-4740-9DCD-6A67B1E33139}","created_user":"jjordan_CVCarbon","created_date":1753038558577,"last_edited_user":"jjordan_CVCarbon","last_edited_date":1780425891246,"polling_date":1686942163000,"permission_group":"johnyjurisich_CVCarbon,jpinsky@cvcarbon.com,JJurisich_CVCarbon","lease_number":"32024","archive":"bedded"}},{"type":"Feature","id":43,"geometry":{"type":"Point","coordinates":[-9976796.8451000005,3424550.0888999999]},"properties":{"OBJECTID":43,"substrate":"Scattered Shell","substrate_type":null,"buried_shell_depth":null,"water_depth":null,"GlobalID":"{AD453274-053F-441F-A560-D58879CB7F8A}","created_user":"jjordan_CVCarbon","created_date":1753038558577,"last_edited_user":"jjordan_CVCarbon","last_edited_date":1780425891246,"polling_date":1686942169000,"permission_group":"johnyjurisich_CVCarbon,jpinsky@cvcarbon.com,JJurisich_CVCarbon","lease_number":"32024","archive":"bedded"}},{"type":"Feature","id":44,"geometry":{"type":"Point","coordinates":[-9976765.6475000009,3424553.742899999]},"properties":{"OBJECTID":44,"substrate":"Scattered Shell","substrate_type":null,"buried_shell_depth":null,"water_depth":null,"GlobalID":"{38267210-3C1A-4080-A71F-16952FEBF949}","created_user":"jjordan_CVCarbon","created_date":1753038558577,"last_edited_user":"jjordan_CVCarbon","last_edited_date":1780425891246,"polling_date":1686942177000,"permission_group":"johnyjurisich_CVCarbon,jpinsky@cvcarbon.com,JJurisich_CVCarbon","lease_number":"32024","archive":"bedded"}},{"type":"Feature","id":45,"geometry":{"type":"Point","coordinates":[-9976742.1098999996,3424558.3343999982]},"properties":{"OBJECTID":45,"substrate":"Scattered Shell","substrate_type":null,"buried_shell_depth":null,"water_depth":null,"GlobalID":"{493CC999-BB63-46DD-BCF4-ED92B60A40D9}","created_user":"jjordan_CVCarbon","created_date":1753038558577,"last_edited_user":"jjordan_CVCarbon","last_edited_date":1780425891246,"polling_date":1686942183000,"permission_group":"johnyjurisich_CVCarbon,jpinsky@cvcarbon.com,JJurisich_CVCarbon","lease_number":"32024","archive":"bedded"}},{"type":"Feature","id":46,"geometry":{"type":"Point","coordinates":[-9976710.9049999993,3424563.8181999996]},"properties":{"OBJECTID":46,"substrate":"Scattered Shell","substrate_type":null,"buried_shell_depth":null,"water_depth":null,"GlobalID":"{70F59053-D124-4F12-9EF6-C2E97CD144F5}","created_user":"jjordan_CVCarbon","created_date":1753038558577,"last_edited_user":"jjordan_CVCarbon","last_edited_date":1780425891246,"polling_date":1686942191000,"permission_group":"johnyjurisich_CVCarbon,jpinsky@cvcarbon.com,JJurisich_CVCarbon","lease_number":"32024","archive":"bedded"}},{"type":"Feature","id":47,"geometry":{"type":"Point","coordinates":[-9976666.9272000007,3424571.7877999991]},"properties":{"OBJECTID":47,"substrate":"Solid Reef","substrate_type":null,"buried_shell_depth":null,"water_depth":null,"GlobalID":"{F0513EF7-4C20-4BC3-AFEB-4BDD4B806E78}","created_user":"jjordan_CVCarbon","created_date":1753038558577,"last_edited_user":"jjordan_CVCarbon","last_edited_date":1780425891246,"polling_date":1686942203000,"permission_group":"johnyjurisich_CVCarbon,jpinsky@cvcarbon.com,JJurisich_CVCarbon","lease_number":"32024","archive":"bedded"}},{"type":"Feature","id":48,"geometry":{"type":"Point","coordinates":[-9976634.2400000002,3424577.626500003]},"properties":{"OBJECTID":48,"substrate":"Scattered Shell","substrate_type":null,"buried_shell_depth":null,"water_depth":null,"GlobalID":"{ABDB6571-A23A-41AF-8E23-B5883E116FCE}","created_user":"jjordan_CVCarbon","created_date":1753038558577,"last_edited_user":"jjordan_CVCarbon","last_edited_date":1780425891246,"polling_date":1686942211000,"permission_group":"johnyjurisich_CVCarbon,jpinsky@cvcarbon.com,JJurisich_CVCarbon","lease_number":"32024","archive":"bedded"}},{"type":"Feature","id":49,"geometry":{"type":"Point","coordinates":[-9976590.8433999997,3424586.5372999981]},"properties":{"OBJECTID":49,"substrate":"Solid Reef","substrate_type":null,"buried_shell_depth":null,"water_depth":null,"GlobalID":"{A2B01FFB-7402-4791-B71E-B5B6BF9883CD}","created_user":"jjordan_CVCarbon","created_date":1753038558577,"last_edited_user":"jjordan_CVCarbon","last_edited_date":1780425891246,"polling_date":1686942222000,"permission_group":"johnyjurisich_CVCarbon,jpinsky@cvcarbon.com,JJurisich_CVCarbon","lease_number":"32024","archive":"bedded"}},{"type":"Feature","id":50,"geometry":{"type":"Point","coordinates":[-9976552.1363999993,3424595.4602999985]},"properties":{"OBJECTID":50,"substrate":"Buried Shell","substrate_type":null,"buried_shell_depth":null,"water_depth":null,"GlobalID":"{429267F3-2821-458A-AA15-492B4AE3D266}","created_user":"jjordan_CVCarbon","created_date":1753038558577,"last_edited_user":"jjordan_CVCarbon","last_edited_date":1780425891246,"polling_date":1686942234000,"permission_group":"johnyjurisich_CVCarbon,jpinsky@cvcarbon.com,JJurisich_CVCarbon","lease_number":"32024","archive":"bedded"}},{"type":"Feature","id":51,"geometry":{"type":"Point","coordinates":[-9976508.4951000009,3424604.2850999981]},"properties":{"OBJECTID":51,"substrate":"Mud","substrate_type":null,"buried_shell_depth":null,"water_depth":null,"GlobalID":"{662C7110-68D6-4D53-9DF9-7648FA850B8A}","created_user":"jjordan_CVCarbon","created_date":1753038558577,"last_edited_user":"jjordan_CVCarbon","last_edited_date":1780425891246,"polling_date":1686942245000,"permission_group":"johnyjurisich_CVCarbon,jpinsky@cvcarbon.com,JJurisich_CVCarbon","lease_number":"32024","archive":"bedded"}},{"type":"Feature","id":52,"geometry":{"type":"Point","coordinates":[-9976454.5416000001,3424575.2374000028]},"properties":{"OBJECTID":52,"substrate":"Mud","substrate_type":null,"buried_shell_depth":null,"water_depth":null,"GlobalID":"{AF6D0CD7-0B03-46AF-870B-6D0069FB0B4B}","created_user":"jjordan_CVCarbon","created_date":1753038558577,"last_edited_user":"jjordan_CVCarbon","last_edited_date":1780425891246,"polling_date":1686942261000,"permission_group":"johnyjurisich_CVCarbon,jpinsky@cvcarbon.com,JJurisich_CVCarbon","lease_number":"32024","archive":"bedded"}},{"type":"Feature","id":53,"geometry":{"type":"Point","coordinates":[-9976436.6190000009,3424549.8790000007]},"properties":{"OBJECTID":53,"substrate":"Scattered Shell","substrate_type":null,"buried_shell_depth":null,"water_depth":null,"GlobalID":"{7645DE67-0D3F-49C4-AF05-59053A178371}","created_user":"jjordan_CVCarbon","created_date":1753038558577,"last_edited_user":"jjordan_CVCarbon","last_edited_date":1780425891246,"polling_date":1686942270000,"permission_group":"johnyjurisich_CVCarbon,jpinsky@cvcarbon.com,JJurisich_CVCarbon","lease_number":"32024","archive":"bedded"}},{"type":"Feature","id":54,"geometry":{"type":"Point","coordinates":[-9976410.2916999999,3424508.9149999991]},"properties":{"OBJECTID":54,"substrate":"Buried Shell","substrate_type":null,"buried_shell_depth":null,"water_depth":null,"GlobalID":"{E54FB8E1-5529-4C80-84B3-96A3284B9D28}","created_user":"jjordan_CVCarbon","created_date":1753038558577,"last_edited_user":"jjordan_CVCarbon","last_edited_date":1780425891246,"polling_date":1686942281000,"permission_group":"johnyjurisich_CVCarbon,jpinsky@cvcarbon.com,JJurisich_CVCarbon","lease_number":"32024","archive":"bedded"}},{"type":"Feature","id":55,"geometry":{"type":"Point","coordinates":[-9976391.2939999998,3424478.5591999963]},"properties":{"OBJECTID":55,"substrate":"Buried Shell","substrate_type":null,"buried_shell_depth":null,"water_depth":null,"GlobalID":"{5B83FE2D-2B06-4CA9-9529-2D898AA8C04A}","created_user":"jjordan_CVCarbon","created_date":1753038558577,"last_edited_user":"jjordan_CVCarbon","last_edited_date":1780425891246,"polling_date":1686942291000,"permission_group":"johnyjurisich_CVCarbon,jpinsky@cvcarbon.com,JJurisich_CVCarbon","lease_number":"32024","archive":"bedded"}},{"type":"Feature","id":56,"geometry":{"type":"Point","coordinates":[-9976462.5547000002,3424421.8932999969]},"properties":{"OBJECTID":56,"substrate":"Buried Shell","substrate_type":null,"buried_shell_depth":null,"water_depth":null,"GlobalID":"{4D8D15C3-F7F5-4B5E-AC1E-20837183AA2B}","created_user":"jjordan_CVCarbon","created_date":1753038558577,"last_edited_user":"jjordan_CVCarbon","last_edited_date":1780425891246,"polling_date":1686942371000,"permission_group":"johnyjurisich_CVCarbon,jpinsky@cvcarbon.com,JJurisich_CVCarbon","lease_number":"32024","archive":"bedded"}},{"type":"Feature","id":57,"geometry":{"type":"Point","coordinates":[-9976477.5120999999,3424465.6228]},"properties":{"OBJECTID":57,"substrate":"Scattered Shell","substrate_type":null,"buried_shell_depth":null,"water_depth":null,"GlobalID":"{5DE6C4CD-4DE9-4F34-84AA-9C9B5EC5D604}","created_user":"jjordan_CVCarbon","created_date":1753038558577,"last_edited_user":"jjordan_CVCarbon","last_edited_date":1780425891246,"polling_date":1686942383000,"permission_group":"johnyjurisich_CVCarbon,jpinsky@cvcarbon.com,JJurisich_CVCarbon","lease_number":"32024","archive":"bedded"}},{"type":"Feature","id":58,"geometry":{"type":"Point","coordinates":[-9976495.3463000003,3424504.7936000004]},"properties":{"OBJECTID":58,"substrate":"Buried Shell","substrate_type":null,"buried_shell_depth":null,"water_depth":null,"GlobalID":"{64A22CAB-189C-4D6A-A3F5-6B87B8C0BFD6}","created_user":"jjordan_CVCarbon","created_date":1753038558577,"last_edited_user":"jjordan_CVCarbon","last_edited_date":1780425891246,"polling_date":1686942394000,"permission_group":"johnyjurisich_CVCarbon,jpinsky@cvcarbon.com,JJurisich_CVCarbon","lease_number":"32024","archive":"bedded"}},{"type":"Feature","id":59,"geometry":{"type":"Point","coordinates":[-9976518.4024,3424551.7132999972]},"properties":{"OBJECTID":59,"substrate":"Buried Shell","substrate_type":null,"buried_shell_depth":null,"water_depth":null,"GlobalID":"{04DE8A98-CC6A-4E30-8654-1D4350A798FD}","created_user":"jjordan_CVCarbon","created_date":1753038558577,"last_edited_user":"jjordan_CVCarbon","last_edited_date":1780425891246,"polling_date":1686942405000,"permission_group":"johnyjurisich_CVCarbon,jpinsky@cvcarbon.com,JJurisich_CVCarbon","lease_number":"32024","archive":"bedded"}},{"type":"Feature","id":60,"geometry":{"type":"Point","coordinates":[-9976612.8259999994,3424529.8991999999]},"properties":{"OBJECTID":60,"substrate":"Buried Shell","substrate_type":null,"buried_shell_depth":null,"water_depth":null,"GlobalID":"{624365C4-DE68-44A7-A6A8-B2CA1B333C64}","created_user":"jjordan_CVCarbon","created_date":1753038558577,"last_edited_user":"jjordan_CVCarbon","last_edited_date":1780425891246,"polling_date":1686942493000,"permission_group":"johnyjurisich_CVCarbon,jpinsky@cvcarbon.com,JJurisich_CVCarbon","lease_number":"32024","archive":"bedded"}},{"type":"Feature","id":61,"geometry":{"type":"Point","coordinates":[-9976583.3551000003,3424462.6926999986]},"properties":{"OBJECTID":61,"substrate":"Buried Shell","substrate_type":null,"buried_shell_depth":null,"water_depth":null,"GlobalID":"{42AA909C-C9B8-4392-B2CB-6C8E72E4F1EE}","created_user":"jjordan_CVCarbon","created_date":1753038558577,"last_edited_user":"jjordan_CVCarbon","last_edited_date":1780425891246,"polling_date":1686942507000,"permission_group":"johnyjurisich_CVCarbon,jpinsky@cvcarbon.com,JJurisich_CVCarbon","lease_number":"32024","archive":"bedded"}},{"type":"Feature","id":62,"geometry":{"type":"Point","coordinates":[-9976563.8608999997,3424428.2783999965]},"properties":{"OBJECTID":62,"substrate":"Buried Shell","substrate_type":null,"buried_shell_depth":null,"water_depth":null,"GlobalID":"{0CC47B85-C7E7-4E57-9015-0A7695F0AE69}","created_user":"jjordan_CVCarbon","created_date":1753038558577,"last_edited_user":"jjordan_CVCarbon","last_edited_date":1780425891246,"polling_date":1686942517000,"permission_group":"johnyjurisich_CVCarbon,jpinsky@cvcarbon.com,JJurisich_CVCarbon","lease_number":"32024","archive":"bedded"}},{"type":"Feature","id":63,"geometry":{"type":"Point","coordinates":[-9976545.0731000006,3424394.1479000002]},"properties":{"OBJECTID":63,"substrate":"Buried Shell","substrate_type":null,"buried_shell_depth":null,"water_depth":null,"GlobalID":"{3BABDD08-5A65-4201-8087-1ADBD7697888}","created_user":"jjordan_CVCarbon","created_date":1753038558577,"last_edited_user":"jjordan_CVCarbon","last_edited_date":1780425891246,"polling_date":1686942528000,"permission_group":"johnyjurisich_CVCarbon,jpinsky@cvcarbon.com,JJurisich_CVCarbon","lease_number":"32024","archive":"bedded"}},{"type":"Feature","id":64,"geometry":{"type":"Point","coordinates":[-9976528.2741999999,3424370.120099999]},"properties":{"OBJECTID":64,"substrate":"Scattered Shell","substrate_type":null,"buried_shell_depth":null,"water_depth":null,"GlobalID":"{8B8926FF-6A52-435C-A144-57DDB8F7FA6D}","created_user":"jjordan_CVCarbon","created_date":1753038558577,"last_edited_user":"jjordan_CVCarbon","last_edited_date":1780425891246,"polling_date":1686942536000,"permission_group":"johnyjurisich_CVCarbon,jpinsky@cvcarbon.com,JJurisich_CVCarbon","lease_number":"32024","archive":"bedded"}},{"type":"Feature","id":65,"geometry":{"type":"Point","coordinates":[-9976490.9467999991,3424319.5359999985]},"properties":{"OBJECTID":65,"substrate":"Scattered Shell","substrate_type":null,"buried_shell_depth":null,"water_depth":null,"GlobalID":"{D379ABC4-449A-4EFD-9424-5D668C1BC06A}","created_user":"jjordan_CVCarbon","created_date":1753038558577,"last_edited_user":"jjordan_CVCarbon","last_edited_date":1780425891246,"polling_date":1686942550000,"permission_group":"johnyjurisich_CVCarbon,jpinsky@cvcarbon.com,JJurisich_CVCarbon","lease_number":"32024","archive":"bedded"}},{"type":"Feature","id":66,"geometry":{"type":"Point","coordinates":[-9976458.6027000006,3424272.182099998]},"properties":{"OBJECTID":66,"substrate":"Buried Shell","substrate_type":null,"buried_shell_depth":null,"water_depth":null,"GlobalID":"{FCE7E8EC-42B9-4ED1-BA78-949BE184487A}","created_user":"jjordan_CVCarbon","created_date":1753038558577,"last_edited_user":"jjordan_CVCarbon","last_edited_date":1780425891246,"polling_date":1686942565000,"permission_group":"johnyjurisich_CVCarbon,jpinsky@cvcarbon.com,JJurisich_CVCarbon","lease_number":"32024","archive":"bedded"}},{"type":"Feature","id":67,"geometry":{"type":"Point","coordinates":[-9976429.6295999996,3424223.5870999992]},"properties":{"OBJECTID":67,"substrate":"Buried Shell","substrate_type":null,"buried_shell_depth":null,"water_depth":null,"GlobalID":"{4176FC44-A8A6-41CD-9678-8D7AF8412CCD}","created_user":"jjordan_CVCarbon","created_date":1753038558577,"last_edited_user":"jjordan_CVCarbon","last_edited_date":1780425891246,"polling_date":1686942579000,"permission_group":"johnyjurisich_CVCarbon,jpinsky@cvcarbon.com,JJurisich_CVCarbon","lease_number":"32024","archive":"bedded"}},{"type":"Feature","id":68,"geometry":{"type":"Point","coordinates":[-9976412.5353999995,3424196.887500003]},"properties":{"OBJECTID":68,"substrate":"Buried Shell","substrate_type":null,"buried_shell_depth":null,"water_depth":null,"GlobalID":"{1FAE15B3-BF11-4ED8-B597-9C3A6B1FAE1F}","created_user":"jjordan_CVCarbon","created_date":1753038558577,"last_edited_user":"jjordan_CVCarbon","last_edited_date":1780425891246,"polling_date":1686942587000,"permission_group":"johnyjurisich_CVCarbon,jpinsky@cvcarbon.com,JJurisich_CVCarbon","lease_number":"32024","archive":"bedded"}},{"type":"Feature","id":69,"geometry":{"type":"Point","coordinates":[-9976387.3868000004,3424151.2908999994]},"properties":{"OBJECTID":69,"substrate":"Mud","substrate_type":null,"buried_shell_depth":null,"water_depth":null,"GlobalID":"{BB210155-D57D-47BD-83DA-66BB924EBA8A}","created_user":"jjordan_CVCarbon","created_date":1753038558577,"last_edited_user":"jjordan_CVCarbon","last_edited_date":1780425891246,"polling_date":1686942601000,"permission_group":"johnyjurisich_CVCarbon,jpinsky@cvcarbon.com,JJurisich_CVCarbon","lease_number":"32024","archive":"bedded"}},{"type":"Feature","id":70,"geometry":{"type":"Point","coordinates":[-9976362.0739999991,3424112.7559999973]},"properties":{"OBJECTID":70,"substrate":"Mud","substrate_type":null,"buried_shell_depth":null,"water_depth":null,"GlobalID":"{A0DFF88E-E6C0-4CDD-BBF6-43698F88790C}","created_user":"jjordan_CVCarbon","created_date":1753038558577,"last_edited_user":"jjordan_CVCarbon","last_edited_date":1780425891246,"polling_date":1686942610000,"permission_group":"johnyjurisich_CVCarbon,jpinsky@cvcarbon.com,JJurisich_CVCarbon","lease_number":"32024","archive":"bedded"}},{"type":"Feature","id":71,"geometry":{"type":"Point","coordinates":[-9976334.8895999994,3424070.2109000012]},"properties":{"OBJECTID":71,"substrate":"Mud","substrate_type":null,"buried_shell_depth":null,"water_depth":null,"GlobalID":"{7DBC58B2-10D6-49CF-B981-E6806E52DB70}","created_user":"jjordan_CVCarbon","created_date":1753038558577,"last_edited_user":"jjordan_CVCarbon","last_edited_date":1780425891246,"polling_date":1686942623000,"permission_group":"johnyjurisich_CVCarbon,jpinsky@cvcarbon.com,JJurisich_CVCarbon","lease_number":"32024","archive":"bedded"}},{"type":"Feature","id":72,"geometry":{"type":"Point","coordinates":[-9976401.9366999995,3424035.4505999982]},"properties":{"OBJECTID":72,"substrate":"Mud","substrate_type":null,"buried_shell_depth":null,"water_depth":null,"GlobalID":"{A20B2424-DD14-4072-B29B-FF31676EF235}","created_user":"jjordan_CVCarbon","created_date":1753038558577,"last_edited_user":"jjordan_CVCarbon","last_edited_date":1780425891246,"polling_date":1686942684000,"permission_group":"johnyjurisich_CVCarbon,jpinsky@cvcarbon.com,JJurisich_CVCarbon","lease_number":"32024","archive":"bedded"}},{"type":"Feature","id":73,"geometry":{"type":"Point","coordinates":[-9976407.5336000007,3424085.3299999982]},"properties":{"OBJECTID":73,"substrate":"Mud","substrate_type":null,"buried_shell_depth":null,"water_depth":null,"GlobalID":"{D5E13291-7311-4893-9F80-DF4596676621}","created_user":"jjordan_CVCarbon","created_date":1753038558577,"last_edited_user":"jjordan_CVCarbon","last_edited_date":1780425891246,"polling_date":1686942697000,"permission_group":"johnyjurisich_CVCarbon,jpinsky@cvcarbon.com,JJurisich_CVCarbon","lease_number":"32024","archive":"bedded"}},{"type":"Feature","id":74,"geometry":{"type":"Point","coordinates":[-9976431.3137999997,3424148.9526000023]},"properties":{"OBJECTID":74,"substrate":"Mud","substrate_type":null,"buried_shell_depth":null,"water_depth":null,"GlobalID":"{1D24C199-45B2-4E34-9A72-33FDB4A5755C}","created_user":"jjordan_CVCarbon","created_date":1753038558577,"last_edited_user":"jjordan_CVCarbon","last_edited_date":1780425891246,"polling_date":1686942714000,"permission_group":"johnyjurisich_CVCarbon,jpinsky@cvcarbon.com,JJurisich_CVCarbon","lease_number":"32024","archive":"bedded"}},{"type":"Feature","id":75,"geometry":{"type":"Point","coordinates":[-9976450.4857999999,3424187.0191999972]},"properties":{"OBJECTID":75,"substrate":"Mud","substrate_type":null,"buried_shell_depth":null,"water_depth":null,"GlobalID":"{11A386D3-8B33-4046-A101-C3F8C66219EC}","created_user":"jjordan_CVCarbon","created_date":1753038558577,"last_edited_user":"jjordan_CVCarbon","last_edited_date":1780425891246,"polling_date":1686942726000,"permission_group":"johnyjurisich_CVCarbon,jpinsky@cvcarbon.com,JJurisich_CVCarbon","lease_number":"32024","archive":"bedded"}},{"type":"Feature","id":76,"geometry":{"type":"Point","coordinates":[-9976467.8874999993,3424210.8417000026]},"properties":{"OBJECTID":76,"substrate":"Buried Shell","substrate_type":null,"buried_shell_depth":null,"water_depth":null,"GlobalID":"{622F1415-3861-445D-AE5A-A4EFB8AE6CF5}","created_user":"jjordan_CVCarbon","created_date":1753038558577,"last_edited_user":"jjordan_CVCarbon","last_edited_date":1780425891246,"polling_date":1686942734000,"permission_group":"johnyjurisich_CVCarbon,jpinsky@cvcarbon.com,JJurisich_CVCarbon","lease_number":"32024","archive":"bedded"}},{"type":"Feature","id":77,"geometry":{"type":"Point","coordinates":[-9976483.9072999991,3424240.1432000026]},"properties":{"OBJECTID":77,"substrate":"Buried Shell","substrate_type":null,"buried_shell_depth":null,"water_depth":null,"GlobalID":"{5E13B6F2-1559-47B1-9872-B2A2785CD32C}","created_user":"jjordan_CVCarbon","created_date":1753038558577,"last_edited_user":"jjordan_CVCarbon","last_edited_date":1780425891246,"polling_date":1686942742000,"permission_group":"johnyjurisich_CVCarbon,jpinsky@cvcarbon.com,JJurisich_CVCarbon","lease_number":"32024","archive":"bedded"}},{"type":"Feature","id":78,"geometry":{"type":"Point","coordinates":[-9976502.9937999994,3424278.378700003]},"properties":{"OBJECTID":78,"substrate":"Scattered Shell","substrate_type":null,"buried_shell_depth":null,"water_depth":null,"GlobalID":"{B7C8AF97-1FC0-4F00-BC5A-8F8B59D24416}","created_user":"jjordan_CVCarbon","created_date":1753038558577,"last_edited_user":"jjordan_CVCarbon","last_edited_date":1780425891246,"polling_date":1686942754000,"permission_group":"johnyjurisich_CVCarbon,jpinsky@cvcarbon.com,JJurisich_CVCarbon","lease_number":"32024","archive":"bedded"}},{"type":"Feature","id":79,"geometry":{"type":"Point","coordinates":[-9976517.9293000009,3424301.4962000027]},"properties":{"OBJECTID":79,"substrate":"Scattered Shell","substrate_type":null,"buried_shell_depth":null,"water_depth":null,"GlobalID":"{9799E71E-9BE8-44E2-A0DC-4EF7A50D434C}","created_user":"jjordan_CVCarbon","created_date":1753038558577,"last_edited_user":"jjordan_CVCarbon","last_edited_date":1780425891246,"polling_date":1686942760000,"permission_group":"johnyjurisich_CVCarbon,jpinsky@cvcarbon.com,JJurisich_CVCarbon","lease_number":"32024","archive":"bedded"}},{"type":"Feature","id":80,"geometry":{"type":"Point","coordinates":[-9976528.8147999998,3424323.679399997]},"properties":{"OBJECTID":80,"substrate":"Scattered Shell","substrate_type":null,"buried_shell_depth":null,"water_depth":null,"GlobalID":"{E799CEEC-37B0-4D02-859C-03927C8936FA}","created_user":"jjordan_CVCarbon","created_date":1753038558577,"last_edited_user":"jjordan_CVCarbon","last_edited_date":1780425891246,"polling_date":1686942766000,"permission_group":"johnyjurisich_CVCarbon,jpinsky@cvcarbon.com,JJurisich_CVCarbon","lease_number":"32024","archive":"bedded"}},{"type":"Feature","id":81,"geometry":{"type":"Point","coordinates":[-9976545.3588999994,3424355.2917999998]},"properties":{"OBJECTID":81,"substrate":"Scattered Shell","substrate_type":null,"buried_shell_depth":null,"water_depth":null,"GlobalID":"{92FE7C98-2DD3-4DF0-BEA0-F8A8B3E3EB22}","created_user":"jjordan_CVCarbon","created_date":1753038558577,"last_edited_user":"jjordan_CVCarbon","last_edited_date":1780425891246,"polling_date":1686942774000,"permission_group":"johnyjurisich_CVCarbon,jpinsky@cvcarbon.com,JJurisich_CVCarbon","lease_number":"32024","archive":"bedded"}},{"type":"Feature","id":82,"geometry":{"type":"Point","coordinates":[-9976561.3739,3424382.7933000028]},"properties":{"OBJECTID":82,"substrate":"Scattered Shell","substrate_type":null,"buried_shell_depth":null,"water_depth":null,"GlobalID":"{394CC5EF-7A0C-44AE-B130-D160A006126C}","created_user":"jjordan_CVCarbon","created_date":1753038558577,"last_edited_user":"jjordan_CVCarbon","last_edited_date":1780425891246,"polling_date":1686942782000,"permission_group":"johnyjurisich_CVCarbon,jpinsky@cvcarbon.com,JJurisich_CVCarbon","lease_number":"32024","archive":"bedded"}},{"type":"Feature","id":83,"geometry":{"type":"Point","coordinates":[-9976574.7334000003,3424401.4649000019]},"properties":{"OBJECTID":83,"substrate":"Buried Shell","substrate_type":null,"buried_shell_depth":null,"water_depth":null,"GlobalID":"{851605EC-A381-4D94-813D-3C4966668F6F}","created_user":"jjordan_CVCarbon","created_date":1753038558577,"last_edited_user":"jjordan_CVCarbon","last_edited_date":1780425891246,"polling_date":1686942790000,"permission_group":"johnyjurisich_CVCarbon,jpinsky@cvcarbon.com,JJurisich_CVCarbon","lease_number":"32024","archive":"bedded"}},{"type":"Feature","id":84,"geometry":{"type":"Point","coordinates":[-9976596.0524000004,3424427.9795000032]},"properties":{"OBJECTID":84,"substrate":"Scattered Shell","substrate_type":null,"buried_shell_depth":null,"water_depth":null,"GlobalID":"{75EA65B8-05D3-4D39-81CA-29D49F43C51B}","created_user":"jjordan_CVCarbon","created_date":1753038558577,"last_edited_user":"jjordan_CVCarbon","last_edited_date":1780425891246,"polling_date":1686942799000,"permission_group":"johnyjurisich_CVCarbon,jpinsky@cvcarbon.com,JJurisich_CVCarbon","lease_number":"32024","archive":"bedded"}},{"type":"Feature","id":85,"geometry":{"type":"Point","coordinates":[-9976614.2507000007,3424454.2100000009]},"properties":{"OBJECTID":85,"substrate":"Scattered Shell","substrate_type":null,"buried_shell_depth":null,"water_depth":null,"GlobalID":"{8E9B5422-8C02-46B2-BF7C-5E87D7C2C595}","created_user":"jjordan_CVCarbon","created_date":1753038558577,"last_edited_user":"jjordan_CVCarbon","last_edited_date":1780425891246,"polling_date":1686942807000,"permission_group":"johnyjurisich_CVCarbon,jpinsky@cvcarbon.com,JJurisich_CVCarbon","lease_number":"32024","archive":"bedded"}},{"type":"Feature","id":86,"geometry":{"type":"Point","coordinates":[-9976635.0725999996,3424483.7701999992]},"properties":{"OBJECTID":86,"substrate":"Buried Shell","substrate_type":null,"buried_shell_depth":null,"water_depth":null,"GlobalID":"{35F1007C-133C-45AF-83DE-DE83A4A159AC}","created_user":"jjordan_CVCarbon","created_date":1753038558577,"last_edited_user":"jjordan_CVCarbon","last_edited_date":1780425891246,"polling_date":1686942817000,"permission_group":"johnyjurisich_CVCarbon,jpinsky@cvcarbon.com,JJurisich_CVCarbon","lease_number":"32024","archive":"bedded"}},{"type":"Feature","id":87,"geometry":{"type":"Point","coordinates":[-9976656.193,3424529.7326000035]},"properties":{"OBJECTID":87,"substrate":"Scattered Shell","substrate_type":null,"buried_shell_depth":null,"water_depth":null,"GlobalID":"{01658516-D07C-4164-B930-790FAE48DBB2}","created_user":"jjordan_CVCarbon","created_date":1753038558577,"last_edited_user":"jjordan_CVCarbon","last_edited_date":1780425891246,"polling_date":1686942828000,"permission_group":"johnyjurisich_CVCarbon,jpinsky@cvcarbon.com,JJurisich_CVCarbon","lease_number":"32024","archive":"bedded"}},{"type":"Feature","id":88,"geometry":{"type":"Point","coordinates":[-9976746.0828000009,3424515.0953999981]},"properties":{"OBJECTID":88,"substrate":"Solid Reef","substrate_type":null,"buried_shell_depth":null,"water_depth":null,"GlobalID":"{D4BDA735-AF88-48B3-A08D-C07213CD4906}","created_user":"jjordan_CVCarbon","created_date":1753038558577,"last_edited_user":"jjordan_CVCarbon","last_edited_date":1780425891246,"polling_date":1686942915000,"permission_group":"johnyjurisich_CVCarbon,jpinsky@cvcarbon.com,JJurisich_CVCarbon","lease_number":"32024","archive":"bedded"}},{"type":"Feature","id":89,"geometry":{"type":"Point","coordinates":[-9976718.7429000009,3424474.3342999965]},"properties":{"OBJECTID":89,"substrate":"Solid Reef","substrate_type":null,"buried_shell_depth":null,"water_depth":null,"GlobalID":"{5A0C5269-519C-4017-A872-4748E54CD93C}","created_user":"jjordan_CVCarbon","created_date":1753038558577,"last_edited_user":"jjordan_CVCarbon","last_edited_date":1780425891246,"polling_date":1686942926000,"permission_group":"johnyjurisich_CVCarbon,jpinsky@cvcarbon.com,JJurisich_CVCarbon","lease_number":"32024","archive":"bedded"}},{"type":"Feature","id":90,"geometry":{"type":"Point","coordinates":[-9976697.9343999997,3424452.2823999971]},"properties":{"OBJECTID":90,"substrate":"Solid Reef","substrate_type":null,"buried_shell_depth":null,"water_depth":null,"GlobalID":"{9D2F0DCD-A94B-4750-8347-C86F026A111C}","created_user":"jjordan_CVCarbon","created_date":1753038558577,"last_edited_user":"jjordan_CVCarbon","last_edited_date":1780425891246,"polling_date":1686942933000,"permission_group":"johnyjurisich_CVCarbon,jpinsky@cvcarbon.com,JJurisich_CVCarbon","lease_number":"32024","archive":"bedded"}},{"type":"Feature","id":91,"geometry":{"type":"Point","coordinates":[-9976678.1922999993,3424433.9853999987]},"properties":{"OBJECTID":91,"substrate":"Solid Reef","substrate_type":null,"buried_shell_depth":null,"water_depth":null,"GlobalID":"{AD96735A-B17B-48A5-97DD-FFF24EAD3348}","created_user":"jjordan_CVCarbon","created_date":1753038558577,"last_edited_user":"jjordan_CVCarbon","last_edited_date":1780425891246,"polling_date":1686942940000,"permission_group":"johnyjurisich_CVCarbon,jpinsky@cvcarbon.com,JJurisich_CVCarbon","lease_number":"32024","archive":"bedded"}},{"type":"Feature","id":92,"geometry":{"type":"Point","coordinates":[-9976660.4684999995,3424412.0623999983]},"properties":{"OBJECTID":92,"substrate":"Solid Reef","substrate_type":null,"buried_shell_depth":null,"water_depth":null,"GlobalID":"{288C80CC-90C5-4F68-8322-EDF1A1A526B4}","created_user":"jjordan_CVCarbon","created_date":1753038558577,"last_edited_user":"jjordan_CVCarbon","last_edited_date":1780425891246,"polling_date":1686942947000,"permission_group":"johnyjurisich_CVCarbon,jpinsky@cvcarbon.com,JJurisich_CVCarbon","lease_number":"32024","archive":"bedded"}},{"type":"Feature","id":93,"geometry":{"type":"Point","coordinates":[-9976630.4978,3424369.7043000013]},"properties":{"OBJECTID":93,"substrate":"Solid Reef","substrate_type":null,"buried_shell_depth":null,"water_depth":null,"GlobalID":"{8498DEE0-F428-44C9-B254-F33BC93D6D4F}","created_user":"jjordan_CVCarbon","created_date":1753038558577,"last_edited_user":"jjordan_CVCarbon","last_edited_date":1780425891246,"polling_date":1686942961000,"permission_group":"johnyjurisich_CVCarbon,jpinsky@cvcarbon.com,JJurisich_CVCarbon","lease_number":"32024","archive":"bedded"}},{"type":"Feature","id":94,"geometry":{"type":"Point","coordinates":[-9976613.5018000007,3424343.0424999967]},"properties":{"OBJECTID":94,"substrate":"Solid Reef","substrate_type":null,"buried_shell_depth":null,"water_depth":null,"GlobalID":"{854F9AD3-6992-4C1E-B618-6E4424921D56}","created_user":"jjordan_CVCarbon","created_date":1753038558577,"last_edited_user":"jjordan_CVCarbon","last_edited_date":1780425891246,"polling_date":1686942970000,"permission_group":"johnyjurisich_CVCarbon,jpinsky@cvcarbon.com,JJurisich_CVCarbon","lease_number":"32024","archive":"bedded"}},{"type":"Feature","id":95,"geometry":{"type":"Point","coordinates":[-9976593.8734000009,3424317.7304000035]},"properties":{"OBJECTID":95,"substrate":"Solid Reef","substrate_type":null,"buried_shell_depth":null,"water_depth":null,"GlobalID":"{3D4312D7-057C-4C40-82AC-7CB3184B804A}","created_user":"jjordan_CVCarbon","created_date":1753038558577,"last_edited_user":"jjordan_CVCarbon","last_edited_date":1780425891246,"polling_date":1686942976000,"permission_group":"johnyjurisich_CVCarbon,jpinsky@cvcarbon.com,JJurisich_CVCarbon","lease_number":"32024","archive":"bedded"}},{"type":"Feature","id":96,"geometry":{"type":"Point","coordinates":[-9976573.5114999991,3424292.4158999994]},"properties":{"OBJECTID":96,"substrate":"Scattered Shell","substrate_type":null,"buried_shell_depth":null,"water_depth":null,"GlobalID":"{ACA2EF24-BD1E-4A6B-A60A-4857822DE2D2}","created_user":"jjordan_CVCarbon","created_date":1753038558577,"last_edited_user":"jjordan_CVCarbon","last_edited_date":1780425891246,"polling_date":1686942985000,"permission_group":"johnyjurisich_CVCarbon,jpinsky@cvcarbon.com,JJurisich_CVCarbon","lease_number":"32024","archive":"bedded"}},{"type":"Feature","id":97,"geometry":{"type":"Point","coordinates":[-9976555.7956000008,3424266.8933999985]},"properties":{"OBJECTID":97,"substrate":"Scattered Shell","substrate_type":null,"buried_shell_depth":null,"water_depth":null,"GlobalID":"{F814684B-9695-409E-B190-62E6B897ED30}","created_user":"jjordan_CVCarbon","created_date":1753038558577,"last_edited_user":"jjordan_CVCarbon","last_edited_date":1780425891246,"polling_date":1686942992000,"permission_group":"johnyjurisich_CVCarbon,jpinsky@cvcarbon.com,JJurisich_CVCarbon","lease_number":"32024","archive":"bedded"}},{"type":"Feature","id":98,"geometry":{"type":"Point","coordinates":[-9976538.4682999998,3424240.373300001]},"properties":{"OBJECTID":98,"substrate":"Buried Shell","substrate_type":null,"buried_shell_depth":null,"water_depth":null,"GlobalID":"{EC3D335E-4639-453F-83D0-E74D707CF416}","created_user":"jjordan_CVCarbon","created_date":1753038558577,"last_edited_user":"jjordan_CVCarbon","last_edited_date":1780425891246,"polling_date":1686943001000,"permission_group":"johnyjurisich_CVCarbon,jpinsky@cvcarbon.com,JJurisich_CVCarbon","lease_number":"32024","archive":"bedded"}},{"type":"Feature","id":99,"geometry":{"type":"Point","coordinates":[-9976522.1965999994,3424214.9459000006]},"properties":{"OBJECTID":99,"substrate":"Buried Shell","substrate_type":null,"buried_shell_depth":null,"water_depth":null,"GlobalID":"{82657BFC-9E0B-4C89-B578-48FB3D7A2696}","created_user":"jjordan_CVCarbon","created_date":1753038558577,"last_edited_user":"jjordan_CVCarbon","last_edited_date":1780425891246,"polling_date":1686943008000,"permission_group":"johnyjurisich_CVCarbon,jpinsky@cvcarbon.com,JJurisich_CVCarbon","lease_number":"32024","archive":"bedded"}},{"type":"Feature","id":100,"geometry":{"type":"Point","coordinates":[-9976509.8794,3424194.3378000036]},"properties":{"OBJECTID":100,"substrate":"Mud","substrate_type":null,"buried_shell_depth":null,"water_depth":null,"GlobalID":"{FC124996-F63C-4C27-A4F1-2EE56CD6447E}","created_user":"jjordan_CVCarbon","created_date":1753038558577,"last_edited_user":"jjordan_CVCarbon","last_edited_date":1780425891246,"polling_date":1686943015000,"permission_group":"johnyjurisich_CVCarbon,jpinsky@cvcarbon.com,JJurisich_CVCarbon","lease_number":"32024","archive":"bedded"}},{"type":"Feature","id":101,"geometry":{"type":"Point","coordinates":[-9976481.2022999991,3424139.4782000035]},"properties":{"OBJECTID":101,"substrate":"Mud","substrate_type":null,"buried_shell_depth":null,"water_depth":null,"GlobalID":"{905BF2B5-FF1F-4835-BD1A-A943058B2640}","created_user":"jjordan_CVCarbon","created_date":1753038558577,"last_edited_user":"jjordan_CVCarbon","last_edited_date":1780425891246,"polling_date":1686943030000,"permission_group":"johnyjurisich_CVCarbon,jpinsky@cvcarbon.com,JJurisich_CVCarbon","lease_number":"32024","archive":"bedded"}},{"type":"Feature","id":102,"geometry":{"type":"Point","coordinates":[-9976467.5294000003,3424115.9702000022]},"properties":{"OBJECTID":102,"substrate":"Mud","substrate_type":null,"buried_shell_depth":null,"water_depth":null,"GlobalID":"{536A5AA0-4760-4B47-AB25-A62BD5F0F16F}","created_user":"jjordan_CVCarbon","created_date":1753038558577,"last_edited_user":"jjordan_CVCarbon","last_edited_date":1780425891246,"polling_date":1686943037000,"permission_group":"johnyjurisich_CVCarbon,jpinsky@cvcarbon.com,JJurisich_CVCarbon","lease_number":"32024","archive":"bedded"}},{"type":"Feature","id":103,"geometry":{"type":"Point","coordinates":[-9976451.7651000004,3424087.8702000007]},"properties":{"OBJECTID":103,"substrate":"Mud","substrate_type":null,"buried_shell_depth":null,"water_depth":null,"GlobalID":"{9E4A84F7-CCEB-4A9A-85C3-FB49D99A4FCA}","created_user":"jjordan_CVCarbon","created_date":1753038558577,"last_edited_user":"jjordan_CVCarbon","last_edited_date":1780425891246,"polling_date":1686943046000,"permission_group":"johnyjurisich_CVCarbon,jpinsky@cvcarbon.com,JJurisich_CVCarbon","lease_number":"32024","archive":"bedded"}},{"type":"Feature","id":104,"geometry":{"type":"Point","coordinates":[-9976426.5624000002,3424044.5314000025]},"properties":{"OBJECTID":104,"substrate":"Mud","substrate_type":null,"buried_shell_depth":null,"water_depth":null,"GlobalID":"{DC23F6AB-F429-4DCA-8A56-60F64B91821A}","created_user":"jjordan_CVCarbon","created_date":1753038558577,"last_edited_user":"jjordan_CVCarbon","last_edited_date":1780425891246,"polling_date":1686943058000,"permission_group":"johnyjurisich_CVCarbon,jpinsky@cvcarbon.com,JJurisich_CVCarbon","lease_number":"32024","archive":"bedded"}},{"type":"Feature","id":105,"geometry":{"type":"Point","coordinates":[-9976583.7211000007,3424325.7028999999]},"properties":{"OBJECTID":105,"substrate":"Solid Reef","substrate_type":null,"buried_shell_depth":null,"water_depth":null,"GlobalID":"{6E4C6C10-C7DB-4839-B729-EC548FC108A6}","created_user":"jjordan_CVCarbon","created_date":1753038558577,"last_edited_user":"jjordan_CVCarbon","last_edited_date":1780425891246,"polling_date":1686943207000,"permission_group":"johnyjurisich_CVCarbon,jpinsky@cvcarbon.com,JJurisich_CVCarbon","lease_number":"32024","archive":"bedded"}},{"type":"Feature","id":106,"geometry":{"type":"Point","coordinates":[-9976634.4165000003,3424407.6096000001]},"properties":{"OBJECTID":106,"substrate":"Solid Reef","substrate_type":null,"buried_shell_depth":null,"water_depth":null,"GlobalID":"{54989F64-9BBD-42DB-9097-7B98DD67087E}","created_user":"jjordan_CVCarbon","created_date":1753038558577,"last_edited_user":"jjordan_CVCarbon","last_edited_date":1780425891246,"polling_date":1686943231000,"permission_group":"johnyjurisich_CVCarbon,jpinsky@cvcarbon.com,JJurisich_CVCarbon","lease_number":"32024","archive":"bedded"}},{"type":"Feature","id":107,"geometry":{"type":"Point","coordinates":[-9976647.0282000005,3424454.5539000034]},"properties":{"OBJECTID":107,"substrate":"Buried Shell","substrate_type":null,"buried_shell_depth":null,"water_depth":null,"GlobalID":"{3E1E89CE-3E27-41E1-AB16-CE97930B5089}","created_user":"jjordan_CVCarbon","created_date":1753038558577,"last_edited_user":"jjordan_CVCarbon","last_edited_date":1780425891246,"polling_date":1686943246000,"permission_group":"johnyjurisich_CVCarbon,jpinsky@cvcarbon.com,JJurisich_CVCarbon","lease_number":"32024","archive":"bedded"}},{"type":"Feature","id":108,"geometry":{"type":"Point","coordinates":[-9976674.9100000001,3424509.8850999996]},"properties":{"OBJECTID":108,"substrate":"Buried Shell","substrate_type":null,"buried_shell_depth":null,"water_depth":null,"GlobalID":"{2F4473D3-254A-4AF3-8693-AA58E152A6D9}","created_user":"jjordan_CVCarbon","created_date":1753038558577,"last_edited_user":"jjordan_CVCarbon","last_edited_date":1780425891246,"polling_date":1686943259000,"permission_group":"johnyjurisich_CVCarbon,jpinsky@cvcarbon.com,JJurisich_CVCarbon","lease_number":"32024","archive":"bedded"}},{"type":"Feature","id":109,"geometry":{"type":"Point","coordinates":[-9976688.3698999994,3424533.3170000017]},"properties":{"OBJECTID":109,"substrate":"Buried Shell","substrate_type":null,"buried_shell_depth":null,"water_depth":null,"GlobalID":"{94D0DDA1-94FB-4CDA-BD0B-6FB163916E97}","created_user":"jjordan_CVCarbon","created_date":1753038558577,"last_edited_user":"jjordan_CVCarbon","last_edited_date":1780425891246,"polling_date":1686943265000,"permission_group":"johnyjurisich_CVCarbon,jpinsky@cvcarbon.com,JJurisich_CVCarbon","lease_number":"32024","archive":"bedded"}},{"type":"Feature","id":110,"geometry":{"type":"Point","coordinates":[-9976717.8296000008,3424526.1551999971]},"properties":{"OBJECTID":110,"substrate":"Solid Reef","substrate_type":null,"buried_shell_depth":null,"water_depth":null,"GlobalID":"{0764F191-AFAB-4996-B3C5-F7B74057425A}","created_user":"jjordan_CVCarbon","created_date":1753038558577,"last_edited_user":"jjordan_CVCarbon","last_edited_date":1780425891246,"polling_date":1686943387000,"permission_group":"johnyjurisich_CVCarbon,jpinsky@cvcarbon.com,JJurisich_CVCarbon","lease_number":"32024","archive":"bedded"}},{"type":"Feature","id":111,"geometry":{"type":"Point","coordinates":[-9976686.2278000005,3424495.3047999963]},"properties":{"OBJECTID":111,"substrate":"Solid Reef","substrate_type":null,"buried_shell_depth":null,"water_depth":null,"GlobalID":"{43BA3B40-937B-4C32-9351-8DF7364E091C}","created_user":"jjordan_CVCarbon","created_date":1753038558577,"last_edited_user":"jjordan_CVCarbon","last_edited_date":1780425891246,"polling_date":1686943398000,"permission_group":"johnyjurisich_CVCarbon,jpinsky@cvcarbon.com,JJurisich_CVCarbon","lease_number":"32024","archive":"bedded"}},{"type":"Feature","id":112,"geometry":{"type":"Point","coordinates":[-9976662.2794000003,3424467.7757000029]},"properties":{"OBJECTID":112,"substrate":"Solid Reef","substrate_type":null,"buried_shell_depth":null,"water_depth":null,"GlobalID":"{78833880-DA6E-44B8-BE54-186FE14CEC5F}","created_user":"jjordan_CVCarbon","created_date":1753038558577,"last_edited_user":"jjordan_CVCarbon","last_edited_date":1780425891246,"polling_date":1686943406000,"permission_group":"johnyjurisich_CVCarbon,jpinsky@cvcarbon.com,JJurisich_CVCarbon","lease_number":"32024","archive":"bedded"}},{"type":"Feature","id":113,"geometry":{"type":"Point","coordinates":[-9976601.6997999996,3424384.510300003]},"properties":{"OBJECTID":113,"substrate":"Solid Reef","substrate_type":null,"buried_shell_depth":null,"water_depth":null,"GlobalID":"{D84B65FE-9FFC-43C9-B252-359A828C44A3}","created_user":"jjordan_CVCarbon","created_date":1753038558577,"last_edited_user":"jjordan_CVCarbon","last_edited_date":1780425891246,"polling_date":1686943432000,"permission_group":"johnyjurisich_CVCarbon,jpinsky@cvcarbon.com,JJurisich_CVCarbon","lease_number":"32024","archive":"bedded"}},{"type":"Feature","id":114,"geometry":{"type":"Point","coordinates":[-9976584.8004999999,3424356.3191]},"properties":{"OBJECTID":114,"substrate":"Solid Reef","substrate_type":null,"buried_shell_depth":null,"water_depth":null,"GlobalID":"{088B597A-19E0-4A04-929E-BBA3C679EA83}","created_user":"jjordan_CVCarbon","created_date":1753038558577,"last_edited_user":"jjordan_CVCarbon","last_edited_date":1780425891246,"polling_date":1686943440000,"permission_group":"johnyjurisich_CVCarbon,jpinsky@cvcarbon.com,JJurisich_CVCarbon","lease_number":"32024","archive":"bedded"}},{"type":"Feature","id":115,"geometry":{"type":"Point","coordinates":[-9976426.8549000006,3424142.5296000019]},"properties":{"OBJECTID":115,"substrate":"Mud","substrate_type":null,"buried_shell_depth":null,"water_depth":null,"GlobalID":"{3C23CB7D-5005-44A2-9071-DB9063F1D07E}","created_user":"jjordan_CVCarbon","created_date":1753038558577,"last_edited_user":"jjordan_CVCarbon","last_edited_date":1780425891246,"polling_date":1686943509000,"permission_group":"johnyjurisich_CVCarbon,jpinsky@cvcarbon.com,JJurisich_CVCarbon","lease_number":"32024","archive":"bedded"}},{"type":"Feature","id":116,"geometry":{"type":"Point","coordinates":[-9976451.4681000002,3424020.5055000037]},"properties":{"OBJECTID":116,"substrate":"Mud","substrate_type":null,"buried_shell_depth":null,"water_depth":null,"GlobalID":"{72C19BF0-C5F5-4D61-BA5B-ED5545EADCED}","created_user":"jjordan_CVCarbon","created_date":1753038558577,"last_edited_user":"jjordan_CVCarbon","last_edited_date":1780425891246,"polling_date":1686943608000,"permission_group":"johnyjurisich_CVCarbon,jpinsky@cvcarbon.com,JJurisich_CVCarbon","lease_number":"32024","archive":"bedded"}},{"type":"Feature","id":117,"geometry":{"type":"Point","coordinates":[-9976477.5349000003,3424048.7308000028]},"properties":{"OBJECTID":117,"substrate":"Mud","substrate_type":null,"buried_shell_depth":null,"water_depth":null,"GlobalID":"{34AB28C4-B7CF-4148-B7B8-5D062AF12F49}","created_user":"jjordan_CVCarbon","created_date":1753038558577,"last_edited_user":"jjordan_CVCarbon","last_edited_date":1780425891246,"polling_date":1686943616000,"permission_group":"johnyjurisich_CVCarbon,jpinsky@cvcarbon.com,JJurisich_CVCarbon","lease_number":"32024","archive":"bedded"}},{"type":"Feature","id":118,"geometry":{"type":"Point","coordinates":[-9976496.7356000002,3424073.2920999974]},"properties":{"OBJECTID":118,"substrate":"Mud","substrate_type":null,"buried_shell_depth":null,"water_depth":null,"GlobalID":"{FF8F4174-6A8F-446A-AEEF-00A578308B1A}","created_user":"jjordan_CVCarbon","created_date":1753038558577,"last_edited_user":"jjordan_CVCarbon","last_edited_date":1780425891246,"polling_date":1686943624000,"permission_group":"johnyjurisich_CVCarbon,jpinsky@cvcarbon.com,JJurisich_CVCarbon","lease_number":"32024","archive":"bedded"}},{"type":"Feature","id":119,"geometry":{"type":"Point","coordinates":[-9976507.5512000006,3424090.8025000021]},"properties":{"OBJECTID":119,"substrate":"Mud","substrate_type":null,"buried_shell_depth":null,"water_depth":null,"GlobalID":"{8F4E9C6E-36E9-47D5-B367-696D6899F8A4}","created_user":"jjordan_CVCarbon","created_date":1753038558577,"last_edited_user":"jjordan_CVCarbon","last_edited_date":1780425891246,"polling_date":1686943629000,"permission_group":"johnyjurisich_CVCarbon,jpinsky@cvcarbon.com,JJurisich_CVCarbon","lease_number":"32024","archive":"bedded"}},{"type":"Feature","id":120,"geometry":{"type":"Point","coordinates":[-9976520.7003000006,3424114.876500003]},"properties":{"OBJECTID":120,"substrate":"Mud","substrate_type":null,"buried_shell_depth":null,"water_depth":null,"GlobalID":"{661C8505-B59D-497D-B839-372D5C5BA65F}","created_user":"jjordan_CVCarbon","created_date":1753038558577,"last_edited_user":"jjordan_CVCarbon","last_edited_date":1780425891246,"polling_date":1686943636000,"permission_group":"johnyjurisich_CVCarbon,jpinsky@cvcarbon.com,JJurisich_CVCarbon","lease_number":"32024","archive":"bedded"}},{"type":"Feature","id":121,"geometry":{"type":"Point","coordinates":[-9976532.6627999991,3424140.6445999965]},"properties":{"OBJECTID":121,"substrate":"Mud","substrate_type":null,"buried_shell_depth":null,"water_depth":null,"GlobalID":"{C50372C0-649B-4F47-A5B8-3231315C4A0F}","created_user":"jjordan_CVCarbon","created_date":1753038558577,"last_edited_user":"jjordan_CVCarbon","last_edited_date":1780425891246,"polling_date":1686943643000,"permission_group":"johnyjurisich_CVCarbon,jpinsky@cvcarbon.com,JJurisich_CVCarbon","lease_number":"32024","archive":"bedded"}},{"type":"Feature","id":122,"geometry":{"type":"Point","coordinates":[-9976546.1377000008,3424162.873499997]},"properties":{"OBJECTID":122,"substrate":"Buried Shell","substrate_type":null,"buried_shell_depth":null,"water_depth":null,"GlobalID":"{8DEF08AA-433D-4A8D-979E-C3E084F91AE1}","created_user":"jjordan_CVCarbon","created_date":1753038558577,"last_edited_user":"jjordan_CVCarbon","last_edited_date":1780425891246,"polling_date":1686943652000,"permission_group":"johnyjurisich_CVCarbon,jpinsky@cvcarbon.com,JJurisich_CVCarbon","lease_number":"32024","archive":"bedded"}},{"type":"Feature","id":123,"geometry":{"type":"Point","coordinates":[-9976565.6790999994,3424194.4262000024]},"properties":{"OBJECTID":123,"substrate":"Buried Shell","substrate_type":null,"buried_shell_depth":null,"water_depth":null,"GlobalID":"{99D25CCB-6EB9-476C-A41B-0B79F296D669}","created_user":"jjordan_CVCarbon","created_date":1753038558577,"last_edited_user":"jjordan_CVCarbon","last_edited_date":1780425891246,"polling_date":1686943659000,"permission_group":"johnyjurisich_CVCarbon,jpinsky@cvcarbon.com,JJurisich_CVCarbon","lease_number":"32024","archive":"bedded"}},{"type":"Feature","id":124,"geometry":{"type":"Point","coordinates":[-9976579.6214000005,3424217.3554000035]},"properties":{"OBJECTID":124,"substrate":"Scattered Shell","substrate_type":null,"buried_shell_depth":null,"water_depth":null,"GlobalID":"{46310166-A696-4026-AEB1-5B1E32D7D3EA}","created_user":"jjordan_CVCarbon","created_date":1753038558577,"last_edited_user":"jjordan_CVCarbon","last_edited_date":1780425891246,"polling_date":1686943666000,"permission_group":"johnyjurisich_CVCarbon,jpinsky@cvcarbon.com,JJurisich_CVCarbon","lease_number":"32024","archive":"bedded"}},{"type":"Feature","id":125,"geometry":{"type":"Point","coordinates":[-9976594.8626000006,3424243.8408000022]},"properties":{"OBJECTID":125,"substrate":"Scattered Shell","substrate_type":null,"buried_shell_depth":null,"water_depth":null,"GlobalID":"{D9E4671A-1022-4E42-9568-5A0CB77F04D8}","created_user":"jjordan_CVCarbon","created_date":1753038558577,"last_edited_user":"jjordan_CVCarbon","last_edited_date":1780425891246,"polling_date":1686943674000,"permission_group":"johnyjurisich_CVCarbon,jpinsky@cvcarbon.com,JJurisich_CVCarbon","lease_number":"32024","archive":"bedded"}},{"type":"Feature","id":126,"geometry":{"type":"Point","coordinates":[-9976620.0719000008,3424289.2290000021]},"properties":{"OBJECTID":126,"substrate":"Scattered Shell","substrate_type":null,"buried_shell_depth":null,"water_depth":null,"GlobalID":"{B96EDD92-3CCB-4E0A-9EF3-8965EA8EB95B}","created_user":"jjordan_CVCarbon","created_date":1753038558577,"last_edited_user":"jjordan_CVCarbon","last_edited_date":1780425891246,"polling_date":1686943687000,"permission_group":"johnyjurisich_CVCarbon,jpinsky@cvcarbon.com,JJurisich_CVCarbon","lease_number":"32024","archive":"bedded"}},{"type":"Feature","id":127,"geometry":{"type":"Point","coordinates":[-9976631.2418000009,3424312.4210999981]},"properties":{"OBJECTID":127,"substrate":"Solid Reef","substrate_type":null,"buried_shell_depth":null,"water_depth":null,"GlobalID":"{B5E85BE2-836B-45C5-9047-B64C96202CF7}","created_user":"jjordan_CVCarbon","created_date":1753038558577,"last_edited_user":"jjordan_CVCarbon","last_edited_date":1780425891246,"polling_date":1686943695000,"permission_group":"johnyjurisich_CVCarbon,jpinsky@cvcarbon.com,JJurisich_CVCarbon","lease_number":"32024","archive":"bedded"}},{"type":"Feature","id":128,"geometry":{"type":"Point","coordinates":[-9976642.7710999995,3424337.8466000035]},"properties":{"OBJECTID":128,"substrate":"Solid Reef","substrate_type":null,"buried_shell_depth":null,"water_depth":null,"GlobalID":"{E2BC174B-3357-4B8A-8424-55557BD2B23B}","created_user":"jjordan_CVCarbon","created_date":1753038558577,"last_edited_user":"jjordan_CVCarbon","last_edited_date":1780425891246,"polling_date":1686943700000,"permission_group":"johnyjurisich_CVCarbon,jpinsky@cvcarbon.com,JJurisich_CVCarbon","lease_number":"32024","archive":"bedded"}},{"type":"Feature","id":129,"geometry":{"type":"Point","coordinates":[-9976657.4611000009,3424360.8324000016]},"properties":{"OBJECTID":129,"substrate":"Solid Reef","substrate_type":null,"buried_shell_depth":null,"water_depth":null,"GlobalID":"{D2D64E71-1A11-469B-83AC-3518F8E28B83}","created_user":"jjordan_CVCarbon","created_date":1753038558577,"last_edited_user":"jjordan_CVCarbon","last_edited_date":1780425891246,"polling_date":1686943707000,"permission_group":"johnyjurisich_CVCarbon,jpinsky@cvcarbon.com,JJurisich_CVCarbon","lease_number":"32024","archive":"bedded"}},{"type":"Feature","id":130,"geometry":{"type":"Point","coordinates":[-9976671.7054999992,3424379.5702999979]},"properties":{"OBJECTID":130,"substrate":"Solid Reef","substrate_type":null,"buried_shell_depth":null,"water_depth":null,"GlobalID":"{3A6D9C9D-50C0-45E1-9D77-715BA15059A7}","created_user":"jjordan_CVCarbon","created_date":1753038558577,"last_edited_user":"jjordan_CVCarbon","last_edited_date":1780425891246,"polling_date":1686943713000,"permission_group":"johnyjurisich_CVCarbon,jpinsky@cvcarbon.com,JJurisich_CVCarbon","lease_number":"32024","archive":"bedded"}},{"type":"Feature","id":131,"geometry":{"type":"Point","coordinates":[-9976687.2079000007,3424398.1898000017]},"properties":{"OBJECTID":131,"substrate":"Solid Reef","substrate_type":null,"buried_shell_depth":null,"water_depth":null,"GlobalID":"{5D1F5BD4-D1D3-435C-89A2-30D662CC5125}","created_user":"jjordan_CVCarbon","created_date":1753038558577,"last_edited_user":"jjordan_CVCarbon","last_edited_date":1780425891246,"polling_date":1686943725000,"permission_group":"johnyjurisich_CVCarbon,jpinsky@cvcarbon.com,JJurisich_CVCarbon","lease_number":"32024","archive":"bedded"}},{"type":"Feature","id":132,"geometry":{"type":"Point","coordinates":[-9976717.4110000003,3424434.4692000002]},"properties":{"OBJECTID":132,"substrate":"Solid Reef","substrate_type":null,"buried_shell_depth":null,"water_depth":null,"GlobalID":"{124657D6-EAF3-4ACD-86CE-7C207EA298E8}","created_user":"jjordan_CVCarbon","created_date":1753038558577,"last_edited_user":"jjordan_CVCarbon","last_edited_date":1780425891246,"polling_date":1686943731000,"permission_group":"johnyjurisich_CVCarbon,jpinsky@cvcarbon.com,JJurisich_CVCarbon","lease_number":"32024","archive":"bedded"}},{"type":"Feature","id":133,"geometry":{"type":"Point","coordinates":[-9976728.8138999995,3424448.4343999997]},"properties":{"OBJECTID":133,"substrate":"Solid Reef","substrate_type":null,"buried_shell_depth":null,"water_depth":null,"GlobalID":"{A56797A6-0E44-42C5-8764-891CE606DEE2}","created_user":"jjordan_CVCarbon","created_date":1753038558577,"last_edited_user":"jjordan_CVCarbon","last_edited_date":1780425891246,"polling_date":1686943737000,"permission_group":"johnyjurisich_CVCarbon,jpinsky@cvcarbon.com,JJurisich_CVCarbon","lease_number":"32024","archive":"bedded"}},{"type":"Feature","id":134,"geometry":{"type":"Point","coordinates":[-9976745.3405000009,3424470.7207000032]},"properties":{"OBJECTID":134,"substrate":"Solid Reef","substrate_type":null,"buried_shell_depth":null,"water_depth":null,"GlobalID":"{38116E2F-E90E-4C37-B031-DD14089F83ED}","created_user":"jjordan_CVCarbon","created_date":1753038558577,"last_edited_user":"jjordan_CVCarbon","last_edited_date":1780425891246,"polling_date":1686943743000,"permission_group":"johnyjurisich_CVCarbon,jpinsky@cvcarbon.com,JJurisich_CVCarbon","lease_number":"32024","archive":"bedded"}},{"type":"Feature","id":135,"geometry":{"type":"Point","coordinates":[-9976766.7512999997,3424498.1022000015]},"properties":{"OBJECTID":135,"substrate":"Solid Reef","substrate_type":null,"buried_shell_depth":null,"water_depth":null,"GlobalID":"{7D74C5A6-F24E-4065-8607-261A51950DC5}","created_user":"jjordan_CVCarbon","created_date":1753038558577,"last_edited_user":"jjordan_CVCarbon","last_edited_date":1780425891246,"polling_date":1686943752000,"permission_group":"johnyjurisich_CVCarbon,jpinsky@cvcarbon.com,JJurisich_CVCarbon","lease_number":"32024","archive":"bedded"}},{"type":"Feature","id":136,"geometry":{"type":"Point","coordinates":[-9976780.1193000004,3424516.2568999976]},"properties":{"OBJECTID":136,"substrate":"Solid Reef","substrate_type":null,"buried_shell_depth":null,"water_depth":null,"GlobalID":"{D250C39D-C25F-4785-8E52-2B80442DCFE6}","created_user":"jjordan_CVCarbon","created_date":1753038558577,"last_edited_user":"jjordan_CVCarbon","last_edited_date":1780425891246,"polling_date":1686943759000,"permission_group":"johnyjurisich_CVCarbon,jpinsky@cvcarbon.com,JJurisich_CVCarbon","lease_number":"32024","archive":"bedded"}},{"type":"Feature","id":137,"geometry":{"type":"Point","coordinates":[-9976828.4915999994,3424592.744599998]},"properties":{"OBJECTID":137,"substrate":"Solid Reef","substrate_type":null,"buried_shell_depth":null,"water_depth":null,"GlobalID":"{22F58715-91E0-4699-A6D8-31EAE9C5E03B}","created_user":"jjordan_CVCarbon","created_date":1753038558577,"last_edited_user":"jjordan_CVCarbon","last_edited_date":1780425891246,"polling_date":1686943781000,"permission_group":"johnyjurisich_CVCarbon,jpinsky@cvcarbon.com,JJurisich_CVCarbon","lease_number":"32024","archive":"bedded"}},{"type":"Feature","id":138,"geometry":{"type":"Point","coordinates":[-9976868.1686000004,3424492.0825000033]},"properties":{"OBJECTID":138,"substrate":"Solid Reef","substrate_type":null,"buried_shell_depth":null,"water_depth":null,"GlobalID":"{7A2E30EB-A735-4FE1-87EF-124FCF8CFF92}","created_user":"jjordan_CVCarbon","created_date":1753038558577,"last_edited_user":"jjordan_CVCarbon","last_edited_date":1780425891246,"polling_date":1686943855000,"permission_group":"johnyjurisich_CVCarbon,jpinsky@cvcarbon.com,JJurisich_CVCarbon","lease_number":"32024","archive":"bedded"}},{"type":"Feature","id":139,"geometry":{"type":"Point","coordinates":[-9976842.5811000001,3424452.5649000034]},"properties":{"OBJECTID":139,"substrate":"Solid Reef","substrate_type":null,"buried_shell_depth":null,"water_depth":null,"GlobalID":"{9FFD5E98-EBC0-46DC-866C-B1D30E4780FB}","created_user":"jjordan_CVCarbon","created_date":1753038558577,"last_edited_user":"jjordan_CVCarbon","last_edited_date":1780425891246,"polling_date":1686943866000,"permission_group":"johnyjurisich_CVCarbon,jpinsky@cvcarbon.com,JJurisich_CVCarbon","lease_number":"32024","archive":"bedded"}},{"type":"Feature","id":140,"geometry":{"type":"Point","coordinates":[-9976822.3497000001,3424425.0952999964]},"properties":{"OBJECTID":140,"substrate":"Solid Reef","substrate_type":null,"buried_shell_depth":null,"water_depth":null,"GlobalID":"{1A79E6CD-5D64-4A9C-B61A-E30B5EE7F495}","created_user":"jjordan_CVCarbon","created_date":1753038558577,"last_edited_user":"jjordan_CVCarbon","last_edited_date":1780425891246,"polling_date":1686943874000,"permission_group":"johnyjurisich_CVCarbon,jpinsky@cvcarbon.com,JJurisich_CVCarbon","lease_number":"32024","archive":"bedded"}},{"type":"Feature","id":141,"geometry":{"type":"Point","coordinates":[-9976805.0209999997,3424402.5247000009]},"properties":{"OBJECTID":141,"substrate":"Solid Reef","substrate_type":null,"buried_shell_depth":null,"water_depth":null,"GlobalID":"{12EE9524-70AF-45B5-80AE-1EE022756ED8}","created_user":"jjordan_CVCarbon","created_date":1753038558577,"last_edited_user":"jjordan_CVCarbon","last_edited_date":1780425891246,"polling_date":1686943881000,"permission_group":"johnyjurisich_CVCarbon,jpinsky@cvcarbon.com,JJurisich_CVCarbon","lease_number":"32024","archive":"bedded"}},{"type":"Feature","id":142,"geometry":{"type":"Point","coordinates":[-9976786.3171999995,3424374.6530999988]},"properties":{"OBJECTID":142,"substrate":"Solid Reef","substrate_type":null,"buried_shell_depth":null,"water_depth":null,"GlobalID":"{4E586EBB-8292-4CB9-A0A1-B4866B7CCFAE}","created_user":"jjordan_CVCarbon","created_date":1753038558577,"last_edited_user":"jjordan_CVCarbon","last_edited_date":1780425891246,"polling_date":1686943889000,"permission_group":"johnyjurisich_CVCarbon,jpinsky@cvcarbon.com,JJurisich_CVCarbon","lease_number":"32024","archive":"bedded"}},{"type":"Feature","id":143,"geometry":{"type":"Point","coordinates":[-9976772.6548999995,3424354.0653999969]},"properties":{"OBJECTID":143,"substrate":"Solid Reef","substrate_type":null,"buried_shell_depth":null,"water_depth":null,"GlobalID":"{747DFE46-A6FB-443B-A6FE-15FED5747DB2}","created_user":"jjordan_CVCarbon","created_date":1753038558577,"last_edited_user":"jjordan_CVCarbon","last_edited_date":1780425891246,"polling_date":1686943896000,"permission_group":"johnyjurisich_CVCarbon,jpinsky@cvcarbon.com,JJurisich_CVCarbon","lease_number":"32024","archive":"bedded"}},{"type":"Feature","id":144,"geometry":{"type":"Point","coordinates":[-9976747.5844000001,3424316.1974999979]},"properties":{"OBJECTID":144,"substrate":"Scattered Shell","substrate_type":null,"buried_shell_depth":null,"water_depth":null,"GlobalID":"{0264C90C-FB01-4753-9E03-141B0FE14377}","created_user":"jjordan_CVCarbon","created_date":1753038558577,"last_edited_user":"jjordan_CVCarbon","last_edited_date":1780425891246,"polling_date":1686943908000,"permission_group":"johnyjurisich_CVCarbon,jpinsky@cvcarbon.com,JJurisich_CVCarbon","lease_number":"32024","archive":"bedded"}},{"type":"Feature","id":145,"geometry":{"type":"Point","coordinates":[-9976727.2580999993,3424281.8232000023]},"properties":{"OBJECTID":145,"substrate":"Scattered Shell","substrate_type":null,"buried_shell_depth":null,"water_depth":null,"GlobalID":"{2F509DB9-D468-409B-AE41-2D0601E5DC4F}","created_user":"jjordan_CVCarbon","created_date":1753038558577,"last_edited_user":"jjordan_CVCarbon","last_edited_date":1780425891246,"polling_date":1686943917000,"permission_group":"johnyjurisich_CVCarbon,jpinsky@cvcarbon.com,JJurisich_CVCarbon","lease_number":"32024","archive":"bedded"}},{"type":"Feature","id":146,"geometry":{"type":"Point","coordinates":[-9976711.3054000009,3424260.3313999996]},"properties":{"OBJECTID":146,"substrate":"Scattered Shell","substrate_type":null,"buried_shell_depth":null,"water_depth":null,"GlobalID":"{647D73B0-C290-49CC-9F45-D03F0A316F53}","created_user":"jjordan_CVCarbon","created_date":1753038558577,"last_edited_user":"jjordan_CVCarbon","last_edited_date":1780425891246,"polling_date":1686943924000,"permission_group":"johnyjurisich_CVCarbon,jpinsky@cvcarbon.com,JJurisich_CVCarbon","lease_number":"32024","archive":"bedded"}},{"type":"Feature","id":147,"geometry":{"type":"Point","coordinates":[-9976695.8594000004,3424236.7519000024]},"properties":{"OBJECTID":147,"substrate":"Scattered Shell","substrate_type":null,"buried_shell_depth":null,"water_depth":null,"GlobalID":"{718A4A65-AE1A-4A77-89CA-AAD31008BF8B}","created_user":"jjordan_CVCarbon","created_date":1753038558577,"last_edited_user":"jjordan_CVCarbon","last_edited_date":1780425891246,"polling_date":1686943931000,"permission_group":"johnyjurisich_CVCarbon,jpinsky@cvcarbon.com,JJurisich_CVCarbon","lease_number":"32024","archive":"bedded"}},{"type":"Feature","id":148,"geometry":{"type":"Point","coordinates":[-9976676.0602000002,3424204.4610999972]},"properties":{"OBJECTID":148,"substrate":"Buried Shell","substrate_type":null,"buried_shell_depth":null,"water_depth":null,"GlobalID":"{8AAAB16C-E304-4AE6-97C6-11F34607C2A0}","created_user":"jjordan_CVCarbon","created_date":1753038558577,"last_edited_user":"jjordan_CVCarbon","last_edited_date":1780425891246,"polling_date":1686943942000,"permission_group":"johnyjurisich_CVCarbon,jpinsky@cvcarbon.com,JJurisich_CVCarbon","lease_number":"32024","archive":"bedded"}},{"type":"Feature","id":149,"geometry":{"type":"Point","coordinates":[-9976660.8462000005,3424182.945100002]},"properties":{"OBJECTID":149,"substrate":"Mud","substrate_type":null,"buried_shell_depth":null,"water_depth":null,"GlobalID":"{C4B25DF0-ED70-4819-974B-03E8A7CE1EE7}","created_user":"jjordan_CVCarbon","created_date":1753038558577,"last_edited_user":"jjordan_CVCarbon","last_edited_date":1780425891246,"polling_date":1686943950000,"permission_group":"johnyjurisich_CVCarbon,jpinsky@cvcarbon.com,JJurisich_CVCarbon","lease_number":"32024","archive":"bedded"}},{"type":"Feature","id":150,"geometry":{"type":"Point","coordinates":[-9976635.7780000009,3424147.751500003]},"properties":{"OBJECTID":150,"substrate":"Mud","substrate_type":null,"buried_shell_depth":null,"water_depth":null,"GlobalID":"{B399E05F-6192-4E17-96E6-74A85D4BA5A4}","created_user":"jjordan_CVCarbon","created_date":1753038558577,"last_edited_user":"jjordan_CVCarbon","last_edited_date":1780425891246,"polling_date":1686943958000,"permission_group":"johnyjurisich_CVCarbon,jpinsky@cvcarbon.com,JJurisich_CVCarbon","lease_number":"32024","archive":"bedded"}},{"type":"Feature","id":151,"geometry":{"type":"Point","coordinates":[-9976619.5396999996,3424122.8298999965]},"properties":{"OBJECTID":151,"substrate":"Mud","substrate_type":null,"buried_shell_depth":null,"water_depth":null,"GlobalID":"{9B904A65-B4BF-484B-90C4-62B532CC9DF4}","created_user":"jjordan_CVCarbon","created_date":1753038558577,"last_edited_user":"jjordan_CVCarbon","last_edited_date":1780425891246,"polling_date":1686943965000,"permission_group":"johnyjurisich_CVCarbon,jpinsky@cvcarbon.com,JJurisich_CVCarbon","lease_number":"32024","archive":"bedded"}},{"type":"Feature","id":152,"geometry":{"type":"Point","coordinates":[-9976609.2869000006,3424105.8074000031]},"properties":{"OBJECTID":152,"substrate":"Mud","substrate_type":null,"buried_shell_depth":null,"water_depth":null,"GlobalID":"{F4093BC2-9C0B-4F04-8138-2B959C2D0674}","created_user":"jjordan_CVCarbon","created_date":1753038558577,"last_edited_user":"jjordan_CVCarbon","last_edited_date":1780425891246,"polling_date":1686943970000,"permission_group":"johnyjurisich_CVCarbon,jpinsky@cvcarbon.com,JJurisich_CVCarbon","lease_number":"32024","archive":"bedded"}},{"type":"Feature","id":153,"geometry":{"type":"Point","coordinates":[-9976607.2310000006,3424190.6472000033]},"properties":{"OBJECTID":153,"substrate":"Buried Shell","substrate_type":null,"buried_shell_depth":null,"water_depth":null,"GlobalID":"{1E682954-FC1A-415C-9108-E85177E9A956}","created_user":"jjordan_CVCarbon","created_date":1753038558577,"last_edited_user":"jjordan_CVCarbon","last_edited_date":1780425891246,"polling_date":1686944056000,"permission_group":"johnyjurisich_CVCarbon,jpinsky@cvcarbon.com,JJurisich_CVCarbon","lease_number":"32024","archive":"bedded"}},{"type":"Feature","id":154,"geometry":{"type":"Point","coordinates":[-9976627.9015999995,3424223.1123000011]},"properties":{"OBJECTID":154,"substrate":"Scattered Shell","substrate_type":null,"buried_shell_depth":null,"water_depth":null,"GlobalID":"{1B91A8FD-73CC-44AE-A31A-C44D114C910C}","created_user":"jjordan_CVCarbon","created_date":1753038558577,"last_edited_user":"jjordan_CVCarbon","last_edited_date":1780425891246,"polling_date":1686944066000,"permission_group":"johnyjurisich_CVCarbon,jpinsky@cvcarbon.com,JJurisich_CVCarbon","lease_number":"32024","archive":"bedded"}},{"type":"Feature","id":155,"geometry":{"type":"Point","coordinates":[-9976649.2412,3424257.3370999992]},"properties":{"OBJECTID":155,"substrate":"Scattered Shell","substrate_type":null,"buried_shell_depth":null,"water_depth":null,"GlobalID":"{676B13BB-DD21-40C3-9D2F-A42EE9B4B871}","created_user":"jjordan_CVCarbon","created_date":1753038558577,"last_edited_user":"jjordan_CVCarbon","last_edited_date":1780425891246,"polling_date":1686944075000,"permission_group":"johnyjurisich_CVCarbon,jpinsky@cvcarbon.com,JJurisich_CVCarbon","lease_number":"32024","archive":"bedded"}},{"type":"Feature","id":156,"geometry":{"type":"Point","coordinates":[-9976664.1939000003,3424278.9712999985]},"properties":{"OBJECTID":156,"substrate":"Scattered Shell","substrate_type":null,"buried_shell_depth":null,"water_depth":null,"GlobalID":"{E4EE79E9-9691-4635-A533-9F5E08E8902B}","created_user":"jjordan_CVCarbon","created_date":1753038558577,"last_edited_user":"jjordan_CVCarbon","last_edited_date":1780425891246,"polling_date":1686944083000,"permission_group":"johnyjurisich_CVCarbon,jpinsky@cvcarbon.com,JJurisich_CVCarbon","lease_number":"32024","archive":"bedded"}},{"type":"Feature","id":157,"geometry":{"type":"Point","coordinates":[-9976689.1710000001,3424319.6547999978]},"properties":{"OBJECTID":157,"substrate":"Solid Reef","substrate_type":null,"buried_shell_depth":null,"water_depth":null,"GlobalID":"{47135DF7-33BF-445A-BD73-57202FC80DC2}","created_user":"jjordan_CVCarbon","created_date":1753038558577,"last_edited_user":"jjordan_CVCarbon","last_edited_date":1780425891246,"polling_date":1686944095000,"permission_group":"johnyjurisich_CVCarbon,jpinsky@cvcarbon.com,JJurisich_CVCarbon","lease_number":"32024","archive":"bedded"}},{"type":"Feature","id":158,"geometry":{"type":"Point","coordinates":[-9976719.1019000001,3424365.0719999969]},"properties":{"OBJECTID":158,"substrate":"Scattered Shell","substrate_type":null,"buried_shell_depth":null,"water_depth":null,"GlobalID":"{05625401-41DE-4E12-9A7E-4507B1CE213B}","created_user":"jjordan_CVCarbon","created_date":1753038558577,"last_edited_user":"jjordan_CVCarbon","last_edited_date":1780425891246,"polling_date":1686944109000,"permission_group":"johnyjurisich_CVCarbon,jpinsky@cvcarbon.com,JJurisich_CVCarbon","lease_number":"32024","archive":"bedded"}},{"type":"Feature","id":159,"geometry":{"type":"Point","coordinates":[-9976729.7963999994,3424389.9703999981]},"properties":{"OBJECTID":159,"substrate":"Solid Reef","substrate_type":null,"buried_shell_depth":null,"water_depth":null,"GlobalID":"{164B1BFC-E805-496E-8EB5-E458504DF310}","created_user":"jjordan_CVCarbon","created_date":1753038558577,"last_edited_user":"jjordan_CVCarbon","last_edited_date":1780425891246,"polling_date":1686944116000,"permission_group":"johnyjurisich_CVCarbon,jpinsky@cvcarbon.com,JJurisich_CVCarbon","lease_number":"32024","archive":"bedded"}},{"type":"Feature","id":160,"geometry":{"type":"Point","coordinates":[-9976748.5777000003,3424419.7696999982]},"properties":{"OBJECTID":160,"substrate":"Solid Reef","substrate_type":null,"buried_shell_depth":null,"water_depth":null,"GlobalID":"{B68E34AA-FFF3-47DF-8AF5-C4765FD5BB4F}","created_user":"jjordan_CVCarbon","created_date":1753038558577,"last_edited_user":"jjordan_CVCarbon","last_edited_date":1780425891246,"polling_date":1686944124000,"permission_group":"johnyjurisich_CVCarbon,jpinsky@cvcarbon.com,JJurisich_CVCarbon","lease_number":"32024","archive":"bedded"}},{"type":"Feature","id":161,"geometry":{"type":"Point","coordinates":[-9976774.0708000008,3424459.2766999975]},"properties":{"OBJECTID":161,"substrate":"Solid Reef","substrate_type":null,"buried_shell_depth":null,"water_depth":null,"GlobalID":"{B4355CB3-5AA1-4DC8-9871-003E5B9827B8}","created_user":"jjordan_CVCarbon","created_date":1753038558577,"last_edited_user":"jjordan_CVCarbon","last_edited_date":1780425891246,"polling_date":1686944136000,"permission_group":"johnyjurisich_CVCarbon,jpinsky@cvcarbon.com,JJurisich_CVCarbon","lease_number":"32024","archive":"bedded"}},{"type":"Feature","id":162,"geometry":{"type":"Point","coordinates":[-9976798.0721000005,3424494.329400003]},"properties":{"OBJECTID":162,"substrate":"Solid Reef","substrate_type":null,"buried_shell_depth":null,"water_depth":null,"GlobalID":"{ABC44FBA-CC68-436D-9E78-AEE218E24A5F}","created_user":"jjordan_CVCarbon","created_date":1753038558577,"last_edited_user":"jjordan_CVCarbon","last_edited_date":1780425891246,"polling_date":1686944148000,"permission_group":"johnyjurisich_CVCarbon,jpinsky@cvcarbon.com,JJurisich_CVCarbon","lease_number":"32024","archive":"bedded"}},{"type":"Feature","id":163,"geometry":{"type":"Point","coordinates":[-9976904.0689000003,3424479.9628999978]},"properties":{"OBJECTID":163,"substrate":"Solid Reef","substrate_type":null,"buried_shell_depth":null,"water_depth":null,"GlobalID":"{39CFA078-94A9-43E0-AE0A-273F936C76A6}","created_user":"jjordan_CVCarbon","created_date":1753038558577,"last_edited_user":"jjordan_CVCarbon","last_edited_date":1780425891246,"polling_date":1686944257000,"permission_group":"johnyjurisich_CVCarbon,jpinsky@cvcarbon.com,JJurisich_CVCarbon","lease_number":"32024","archive":"bedded"}},{"type":"Feature","id":164,"geometry":{"type":"Point","coordinates":[-9976889.6501000002,3424454.1806999967]},"properties":{"OBJECTID":164,"substrate":"Solid Reef","substrate_type":null,"buried_shell_depth":null,"water_depth":null,"GlobalID":"{D62DAA9F-958C-4840-B7B4-36489D63FE82}","created_user":"jjordan_CVCarbon","created_date":1753038558577,"last_edited_user":"jjordan_CVCarbon","last_edited_date":1780425891246,"polling_date":1686944264000,"permission_group":"johnyjurisich_CVCarbon,jpinsky@cvcarbon.com,JJurisich_CVCarbon","lease_number":"32024","archive":"bedded"}},{"type":"Feature","id":165,"geometry":{"type":"Point","coordinates":[-9976877.4361000005,3424433.4858999997]},"properties":{"OBJECTID":165,"substrate":"Solid Reef","substrate_type":null,"buried_shell_depth":null,"water_depth":null,"GlobalID":"{A3808E57-6A3C-40D4-91D7-946389486952}","created_user":"jjordan_CVCarbon","created_date":1753038558577,"last_edited_user":"jjordan_CVCarbon","last_edited_date":1780425891246,"polling_date":1686944270000,"permission_group":"johnyjurisich_CVCarbon,jpinsky@cvcarbon.com,JJurisich_CVCarbon","lease_number":"32024","archive":"bedded"}},{"type":"Feature","id":166,"geometry":{"type":"Point","coordinates":[-9976865.7304999996,3424414.0270999968]},"properties":{"OBJECTID":166,"substrate":"Solid Reef","substrate_type":null,"buried_shell_depth":null,"water_depth":null,"GlobalID":"{AD2E1E36-C536-4A3C-A392-F1B412F16DF1}","created_user":"jjordan_CVCarbon","created_date":1753038558577,"last_edited_user":"jjordan_CVCarbon","last_edited_date":1780425891246,"polling_date":1686944277000,"permission_group":"johnyjurisich_CVCarbon,jpinsky@cvcarbon.com,JJurisich_CVCarbon","lease_number":"32024","archive":"bedded"}},{"type":"Feature","id":167,"geometry":{"type":"Point","coordinates":[-9976849.7639000006,3424384.9591000006]},"properties":{"OBJECTID":167,"substrate":"Solid Reef","substrate_type":null,"buried_shell_depth":null,"water_depth":null,"GlobalID":"{7142C99D-F479-43B1-9CE1-33B47B26457D}","created_user":"jjordan_CVCarbon","created_date":1753038558577,"last_edited_user":"jjordan_CVCarbon","last_edited_date":1780425891246,"polling_date":1686944284000,"permission_group":"johnyjurisich_CVCarbon,jpinsky@cvcarbon.com,JJurisich_CVCarbon","lease_number":"32024","archive":"bedded"}},{"type":"Feature","id":168,"geometry":{"type":"Point","coordinates":[-9976833.9688000008,3424362.2118000016]},"properties":{"OBJECTID":168,"substrate":"Solid Reef","substrate_type":null,"buried_shell_depth":null,"water_depth":null,"GlobalID":"{8A7DEA7C-7C59-438D-87DB-DBDC9965F74D}","created_user":"jjordan_CVCarbon","created_date":1753038558577,"last_edited_user":"jjordan_CVCarbon","last_edited_date":1780425891246,"polling_date":1686944291000,"permission_group":"johnyjurisich_CVCarbon,jpinsky@cvcarbon.com,JJurisich_CVCarbon","lease_number":"32024","archive":"bedded"}},{"type":"Feature","id":169,"geometry":{"type":"Point","coordinates":[-9976814.4715,3424334.8498999998]},"properties":{"OBJECTID":169,"substrate":"Scattered Shell","substrate_type":null,"buried_shell_depth":null,"water_depth":null,"GlobalID":"{5526CFAE-6B4B-4736-8B89-E4F08925D523}","created_user":"jjordan_CVCarbon","created_date":1753038558577,"last_edited_user":"jjordan_CVCarbon","last_edited_date":1780425891246,"polling_date":1686944300000,"permission_group":"johnyjurisich_CVCarbon,jpinsky@cvcarbon.com,JJurisich_CVCarbon","lease_number":"32024","archive":"bedded"}},{"type":"Feature","id":170,"geometry":{"type":"Point","coordinates":[-9976782.8230000008,3424289.3936000019]},"properties":{"OBJECTID":170,"substrate":"Scattered Shell","substrate_type":null,"buried_shell_depth":null,"water_depth":null,"GlobalID":"{FC999DFF-2D1A-4901-BFFB-3C5DB471B758}","created_user":"jjordan_CVCarbon","created_date":1753038558577,"last_edited_user":"jjordan_CVCarbon","last_edited_date":1780425891246,"polling_date":1686944314000,"permission_group":"johnyjurisich_CVCarbon,jpinsky@cvcarbon.com,JJurisich_CVCarbon","lease_number":"32024","archive":"bedded"}},{"type":"Feature","id":171,"geometry":{"type":"Point","coordinates":[-9976768.6679999996,3424268.7119000033]},"properties":{"OBJECTID":171,"substrate":"Mud","substrate_type":null,"buried_shell_depth":null,"water_depth":null,"GlobalID":"{ADC09B01-A21B-4005-9DD0-9931C7F785BB}","created_user":"jjordan_CVCarbon","created_date":1753038558577,"last_edited_user":"jjordan_CVCarbon","last_edited_date":1780425891246,"polling_date":1686944323000,"permission_group":"johnyjurisich_CVCarbon,jpinsky@cvcarbon.com,JJurisich_CVCarbon","lease_number":"32024","archive":"bedded"}},{"type":"Feature","id":172,"geometry":{"type":"Point","coordinates":[-9976740.0921999998,3424229.0040000007]},"properties":{"OBJECTID":172,"substrate":"Mud","substrate_type":null,"buried_shell_depth":null,"water_depth":null,"GlobalID":"{EBAD0271-30A3-430C-920C-C7E658848EA7}","created_user":"jjordan_CVCarbon","created_date":1753038558577,"last_edited_user":"jjordan_CVCarbon","last_edited_date":1780425891246,"polling_date":1686944332000,"permission_group":"johnyjurisich_CVCarbon,jpinsky@cvcarbon.com,JJurisich_CVCarbon","lease_number":"32024","archive":"bedded"}},{"type":"Feature","id":173,"geometry":{"type":"Point","coordinates":[-9976708.0631000008,3424184.4149999991]},"properties":{"OBJECTID":173,"substrate":"Mud","substrate_type":null,"buried_shell_depth":null,"water_depth":null,"GlobalID":"{D22FCBC4-146F-4286-8D7B-DB090E4D56B2}","created_user":"jjordan_CVCarbon","created_date":1753038558577,"last_edited_user":"jjordan_CVCarbon","last_edited_date":1780425891246,"polling_date":1686944349000,"permission_group":"johnyjurisich_CVCarbon,jpinsky@cvcarbon.com,JJurisich_CVCarbon","lease_number":"32024","archive":"bedded"}},{"type":"Feature","id":174,"geometry":{"type":"Point","coordinates":[-9976784.6871000007,3424158.4387999997]},"properties":{"OBJECTID":174,"substrate":"Mud","substrate_type":null,"buried_shell_depth":null,"water_depth":null,"GlobalID":"{CA77F43A-AB23-4AB7-82C2-7536E1324E55}","created_user":"jjordan_CVCarbon","created_date":1753038558577,"last_edited_user":"jjordan_CVCarbon","last_edited_date":1780425891246,"polling_date":1686944416000,"permission_group":"johnyjurisich_CVCarbon,jpinsky@cvcarbon.com,JJurisich_CVCarbon","lease_number":"32024","archive":"bedded"}},{"type":"Feature","id":175,"geometry":{"type":"Point","coordinates":[-9976795.1565000005,3424189.9408000037]},"properties":{"OBJECTID":175,"substrate":"Mud","substrate_type":null,"buried_shell_depth":null,"water_depth":null,"GlobalID":"{8AAB76AC-9E26-4829-B279-AB6FB9EB100C}","created_user":"jjordan_CVCarbon","created_date":1753038558577,"last_edited_user":"jjordan_CVCarbon","last_edited_date":1780425891246,"polling_date":1686944426000,"permission_group":"johnyjurisich_CVCarbon,jpinsky@cvcarbon.com,JJurisich_CVCarbon","lease_number":"32024","archive":"bedded"}},{"type":"Feature","id":176,"geometry":{"type":"Point","coordinates":[-9976805.5765000004,3424211.5269000009]},"properties":{"OBJECTID":176,"substrate":"Mud","substrate_type":null,"buried_shell_depth":null,"water_depth":null,"GlobalID":"{2C9EE4EF-5B5F-496E-BCC6-8C28E20CBD39}","created_user":"jjordan_CVCarbon","created_date":1753038558577,"last_edited_user":"jjordan_CVCarbon","last_edited_date":1780425891246,"polling_date":1686944431000,"permission_group":"johnyjurisich_CVCarbon,jpinsky@cvcarbon.com,JJurisich_CVCarbon","lease_number":"32024","archive":"bedded"}},{"type":"Feature","id":177,"geometry":{"type":"Point","coordinates":[-9976815.7577999998,3424231.2347000018]},"properties":{"OBJECTID":177,"substrate":"Mud","substrate_type":null,"buried_shell_depth":null,"water_depth":null,"GlobalID":"{096B0DDC-500C-4040-B9A3-032DF9AC149F}","created_user":"jjordan_CVCarbon","created_date":1753038558577,"last_edited_user":"jjordan_CVCarbon","last_edited_date":1780425891246,"polling_date":1686944437000,"permission_group":"johnyjurisich_CVCarbon,jpinsky@cvcarbon.com,JJurisich_CVCarbon","lease_number":"32024","archive":"bedded"}},{"type":"Feature","id":178,"geometry":{"type":"Point","coordinates":[-9976826.2281999998,3424251.9113000035]},"properties":{"OBJECTID":178,"substrate":"Mud","substrate_type":null,"buried_shell_depth":null,"water_depth":null,"GlobalID":"{FB82AA9F-43D9-4E1B-A8F4-37696920AD91}","created_user":"jjordan_CVCarbon","created_date":1753038558577,"last_edited_user":"jjordan_CVCarbon","last_edited_date":1780425891246,"polling_date":1686944443000,"permission_group":"johnyjurisich_CVCarbon,jpinsky@cvcarbon.com,JJurisich_CVCarbon","lease_number":"32024","archive":"bedded"}},{"type":"Feature","id":179,"geometry":{"type":"Point","coordinates":[-9976836.7672000006,3424274.9210999981]},"properties":{"OBJECTID":179,"substrate":"Mud","substrate_type":null,"buried_shell_depth":null,"water_depth":null,"GlobalID":"{B3E3EA1F-13D3-417B-AE72-7D4B2A427052}","created_user":"jjordan_CVCarbon","created_date":1753038558577,"last_edited_user":"jjordan_CVCarbon","last_edited_date":1780425891246,"polling_date":1686944450000,"permission_group":"johnyjurisich_CVCarbon,jpinsky@cvcarbon.com,JJurisich_CVCarbon","lease_number":"32024","archive":"bedded"}},{"type":"Feature","id":180,"geometry":{"type":"Point","coordinates":[-9976851.9585999995,3424308.1784999967]},"properties":{"OBJECTID":180,"substrate":"Mud","substrate_type":null,"buried_shell_depth":null,"water_depth":null,"GlobalID":"{C6C22795-384C-43E1-8FBE-9D397A8EC145}","created_user":"jjordan_CVCarbon","created_date":1753038558577,"last_edited_user":"jjordan_CVCarbon","last_edited_date":1780425891246,"polling_date":1686944460000,"permission_group":"johnyjurisich_CVCarbon,jpinsky@cvcarbon.com,JJurisich_CVCarbon","lease_number":"32024","archive":"bedded"}},{"type":"Feature","id":181,"geometry":{"type":"Point","coordinates":[-9976861.7622999996,3424328.3165000007]},"properties":{"OBJECTID":181,"substrate":"Solid Reef","substrate_type":null,"buried_shell_depth":null,"water_depth":null,"GlobalID":"{98FACA8D-5318-412B-AD72-4B1D65057D83}","created_user":"jjordan_CVCarbon","created_date":1753038558577,"last_edited_user":"jjordan_CVCarbon","last_edited_date":1780425891246,"polling_date":1686944466000,"permission_group":"johnyjurisich_CVCarbon,jpinsky@cvcarbon.com,JJurisich_CVCarbon","lease_number":"32024","archive":"bedded"}},{"type":"Feature","id":182,"geometry":{"type":"Point","coordinates":[-9976872.2740000002,3424355.5139999986]},"properties":{"OBJECTID":182,"substrate":"Scattered Shell","substrate_type":null,"buried_shell_depth":null,"water_depth":null,"GlobalID":"{3E744D10-D0F1-4272-B8E6-D1C0A28A0FC0}","created_user":"jjordan_CVCarbon","created_date":1753038558577,"last_edited_user":"jjordan_CVCarbon","last_edited_date":1780425891246,"polling_date":1686944473000,"permission_group":"johnyjurisich_CVCarbon,jpinsky@cvcarbon.com,JJurisich_CVCarbon","lease_number":"32024","archive":"bedded"}},{"type":"Feature","id":183,"geometry":{"type":"Point","coordinates":[-9976885.1448999997,3424387.1767000034]},"properties":{"OBJECTID":183,"substrate":"Scattered Shell","substrate_type":null,"buried_shell_depth":null,"water_depth":null,"GlobalID":"{27A30DBD-5978-4888-AFEF-92EE0CB25C38}","created_user":"jjordan_CVCarbon","created_date":1753038558577,"last_edited_user":"jjordan_CVCarbon","last_edited_date":1780425891246,"polling_date":1686944481000,"permission_group":"johnyjurisich_CVCarbon,jpinsky@cvcarbon.com,JJurisich_CVCarbon","lease_number":"32024","archive":"bedded"}},{"type":"Feature","id":184,"geometry":{"type":"Point","coordinates":[-9976894.3618999999,3424408.5512000024]},"properties":{"OBJECTID":184,"substrate":"Solid Reef","substrate_type":null,"buried_shell_depth":null,"water_depth":null,"GlobalID":"{9004FB2B-B6BF-42FE-B328-B2F68DF93581}","created_user":"jjordan_CVCarbon","created_date":1753038558577,"last_edited_user":"jjordan_CVCarbon","last_edited_date":1780425891246,"polling_date":1686944488000,"permission_group":"johnyjurisich_CVCarbon,jpinsky@cvcarbon.com,JJurisich_CVCarbon","lease_number":"32024","archive":"bedded"}},{"type":"Feature","id":185,"geometry":{"type":"Point","coordinates":[-9976905.9390999991,3424432.8139000013]},"properties":{"OBJECTID":185,"substrate":"Solid Reef","substrate_type":null,"buried_shell_depth":null,"water_depth":null,"GlobalID":"{1D85CD40-57CF-48F6-AA9C-7C1227238F6B}","created_user":"jjordan_CVCarbon","created_date":1753038558577,"last_edited_user":"jjordan_CVCarbon","last_edited_date":1780425891246,"polling_date":1686944495000,"permission_group":"johnyjurisich_CVCarbon,jpinsky@cvcarbon.com,JJurisich_CVCarbon","lease_number":"32024","archive":"bedded"}},{"type":"Feature","id":186,"geometry":{"type":"Point","coordinates":[-9976922.3848999999,3424459.4526000023]},"properties":{"OBJECTID":186,"substrate":"Solid Reef","substrate_type":null,"buried_shell_depth":null,"water_depth":null,"GlobalID":"{F5056459-7A75-481B-8243-F01B503C7242}","created_user":"jjordan_CVCarbon","created_date":1753038558577,"last_edited_user":"jjordan_CVCarbon","last_edited_date":1780425891246,"polling_date":1686944503000,"permission_group":"johnyjurisich_CVCarbon,jpinsky@cvcarbon.com,JJurisich_CVCarbon","lease_number":"32024","archive":"bedded"}},{"type":"Feature","id":187,"geometry":{"type":"Point","coordinates":[-9976945.1210999992,3424504.2335999981]},"properties":{"OBJECTID":187,"substrate":"Solid Reef","substrate_type":null,"buried_shell_depth":null,"water_depth":null,"GlobalID":"{2527A722-0D4B-421E-98D7-9E36FE8DF468}","created_user":"jjordan_CVCarbon","created_date":1753038558577,"last_edited_user":"jjordan_CVCarbon","last_edited_date":1780425891246,"polling_date":1686944515000,"permission_group":"johnyjurisich_CVCarbon,jpinsky@cvcarbon.com,JJurisich_CVCarbon","lease_number":"32024","archive":"bedded"}},{"type":"Feature","id":188,"geometry":{"type":"Point","coordinates":[-9976959.6469999999,3424527.7409999967]},"properties":{"OBJECTID":188,"substrate":"Solid Reef","substrate_type":null,"buried_shell_depth":null,"water_depth":null,"GlobalID":"{CBF38711-4564-47F2-A149-1F9D478308D4}","created_user":"jjordan_CVCarbon","created_date":1753038558577,"last_edited_user":"jjordan_CVCarbon","last_edited_date":1780425891246,"polling_date":1686944522000,"permission_group":"johnyjurisich_CVCarbon,jpinsky@cvcarbon.com,JJurisich_CVCarbon","lease_number":"32024","archive":"bedded"}},{"type":"Feature","id":189,"geometry":{"type":"Point","coordinates":[-9976989.0837999992,3424584.8183000013]},"properties":{"OBJECTID":189,"substrate":"Solid Reef","substrate_type":null,"buried_shell_depth":null,"water_depth":null,"GlobalID":"{EE4B01FF-6849-49A9-B768-DE43F0238F3A}","created_user":"jjordan_CVCarbon","created_date":1753038558577,"last_edited_user":"jjordan_CVCarbon","last_edited_date":1780425891246,"polling_date":1686944538000,"permission_group":"johnyjurisich_CVCarbon,jpinsky@cvcarbon.com,JJurisich_CVCarbon","lease_number":"32024","archive":"bedded"}},{"type":"Feature","id":190,"geometry":{"type":"Point","coordinates":[-9977062.3664999995,3424553.4847000018]},"properties":{"OBJECTID":190,"substrate":"Buried Shell","substrate_type":null,"buried_shell_depth":null,"water_depth":null,"GlobalID":"{9869E5F6-9764-47F1-B84B-A4E52AC81F5D}","created_user":"jjordan_CVCarbon","created_date":1753038558577,"last_edited_user":"jjordan_CVCarbon","last_edited_date":1780425891246,"polling_date":1686944595000,"permission_group":"johnyjurisich_CVCarbon,jpinsky@cvcarbon.com,JJurisich_CVCarbon","lease_number":"32024","archive":"bedded"}},{"type":"Feature","id":191,"geometry":{"type":"Point","coordinates":[-9976926.0559999999,3424431.1433999985]},"properties":{"OBJECTID":191,"substrate":"Solid Reef","substrate_type":null,"buried_shell_depth":null,"water_depth":null,"GlobalID":"{8FC5DB14-D0FB-452E-B033-A3193D690DCD}","created_user":"jjordan_CVCarbon","created_date":1753038558577,"last_edited_user":"jjordan_CVCarbon","last_edited_date":1780425891246,"polling_date":1686944642000,"permission_group":"johnyjurisich_CVCarbon,jpinsky@cvcarbon.com,JJurisich_CVCarbon","lease_number":"32024","archive":"bedded"}},{"type":"Feature","id":192,"geometry":{"type":"Point","coordinates":[-9976918.4664999992,3424401.0103999972]},"properties":{"OBJECTID":192,"substrate":"Solid Reef","substrate_type":null,"buried_shell_depth":null,"water_depth":null,"GlobalID":"{104F3BD6-32C4-4F9C-91F3-8CC9B8119072}","created_user":"jjordan_CVCarbon","created_date":1753038558577,"last_edited_user":"jjordan_CVCarbon","last_edited_date":1780425891246,"polling_date":1686944649000,"permission_group":"johnyjurisich_CVCarbon,jpinsky@cvcarbon.com,JJurisich_CVCarbon","lease_number":"32024","archive":"bedded"}},{"type":"Feature","id":193,"geometry":{"type":"Point","coordinates":[-9976911.7273999993,3424373.1229000017]},"properties":{"OBJECTID":193,"substrate":"Solid Reef","substrate_type":null,"buried_shell_depth":null,"water_depth":null,"GlobalID":"{86499D3E-8E7A-458D-8D30-1F16A8170FAC}","created_user":"jjordan_CVCarbon","created_date":1753038558577,"last_edited_user":"jjordan_CVCarbon","last_edited_date":1780425891246,"polling_date":1686944655000,"permission_group":"johnyjurisich_CVCarbon,jpinsky@cvcarbon.com,JJurisich_CVCarbon","lease_number":"32024","archive":"bedded"}},{"type":"Feature","id":194,"geometry":{"type":"Point","coordinates":[-9976899.1918000001,3424338.3615000024]},"properties":{"OBJECTID":194,"substrate":"Scattered Shell","substrate_type":null,"buried_shell_depth":null,"water_depth":null,"GlobalID":"{9EF340AC-0234-4A7A-BB13-855B4F6E6919}","created_user":"jjordan_CVCarbon","created_date":1753038558577,"last_edited_user":"jjordan_CVCarbon","last_edited_date":1780425891246,"polling_date":1686944665000,"permission_group":"johnyjurisich_CVCarbon,jpinsky@cvcarbon.com,JJurisich_CVCarbon","lease_number":"32024","archive":"bedded"}},{"type":"Feature","id":195,"geometry":{"type":"Point","coordinates":[-9976880.7981000002,3424294.0433000028]},"properties":{"OBJECTID":195,"substrate":"Mud","substrate_type":null,"buried_shell_depth":null,"water_depth":null,"GlobalID":"{B1FF3D34-F0B6-48F8-8A23-B08C5A59361B}","created_user":"jjordan_CVCarbon","created_date":1753038558577,"last_edited_user":"jjordan_CVCarbon","last_edited_date":1780425891246,"polling_date":1686944678000,"permission_group":"johnyjurisich_CVCarbon,jpinsky@cvcarbon.com,JJurisich_CVCarbon","lease_number":"32024","archive":"bedded"}},{"type":"Feature","id":196,"geometry":{"type":"Point","coordinates":[-9976862.0210999995,3424261.2562000006]},"properties":{"OBJECTID":196,"substrate":"Mud","substrate_type":null,"buried_shell_depth":null,"water_depth":null,"GlobalID":"{A01358F6-B6A9-40DF-BE86-A181C475A31D}","created_user":"jjordan_CVCarbon","created_date":1753038558577,"last_edited_user":"jjordan_CVCarbon","last_edited_date":1780425891246,"polling_date":1686944686000,"permission_group":"johnyjurisich_CVCarbon,jpinsky@cvcarbon.com,JJurisich_CVCarbon","lease_number":"32024","archive":"bedded"}},{"type":"Feature","id":197,"geometry":{"type":"Point","coordinates":[-9976848.5277999993,3424227.2436000034]},"properties":{"OBJECTID":197,"substrate":"Mud","substrate_type":null,"buried_shell_depth":null,"water_depth":null,"GlobalID":"{65D0CD58-BBCE-4CAB-89B2-AB725B677E97}","created_user":"jjordan_CVCarbon","created_date":1753038558577,"last_edited_user":"jjordan_CVCarbon","last_edited_date":1780425891246,"polling_date":1686944694000,"permission_group":"johnyjurisich_CVCarbon,jpinsky@cvcarbon.com,JJurisich_CVCarbon","lease_number":"32024","archive":"bedded"}},{"type":"Feature","id":198,"geometry":{"type":"Point","coordinates":[-9976837.9129000008,3424193.0163000003]},"properties":{"OBJECTID":198,"substrate":"Mud","substrate_type":null,"buried_shell_depth":null,"water_depth":null,"GlobalID":"{064DAA22-B3AF-4C94-94CD-6709CB424707}","created_user":"jjordan_CVCarbon","created_date":1753038558577,"last_edited_user":"jjordan_CVCarbon","last_edited_date":1780425891246,"polling_date":1686944703000,"permission_group":"johnyjurisich_CVCarbon,jpinsky@cvcarbon.com,JJurisich_CVCarbon","lease_number":"32024","archive":"bedded"}},{"type":"Feature","id":199,"geometry":{"type":"Point","coordinates":[-9976825.0401000008,3424154.7902999967]},"properties":{"OBJECTID":199,"substrate":"Mud","substrate_type":null,"buried_shell_depth":null,"water_depth":null,"GlobalID":"{83547449-46AB-4085-9435-1B4EC21E6A21}","created_user":"jjordan_CVCarbon","created_date":1753038558577,"last_edited_user":"jjordan_CVCarbon","last_edited_date":1780425891246,"polling_date":1686944713000,"permission_group":"johnyjurisich_CVCarbon,jpinsky@cvcarbon.com,JJurisich_CVCarbon","lease_number":"32024","archive":"bedded"}},{"type":"Feature","id":200,"geometry":{"type":"Point","coordinates":[-9976809.2606000006,3424107.7845000029]},"properties":{"OBJECTID":200,"substrate":"Mud","substrate_type":null,"buried_shell_depth":null,"water_depth":null,"GlobalID":"{B5B1FFE5-769F-4D94-9A07-A2281B69C8EB}","created_user":"jjordan_CVCarbon","created_date":1753038558577,"last_edited_user":"jjordan_CVCarbon","last_edited_date":1780425891246,"polling_date":1686944725000,"permission_group":"johnyjurisich_CVCarbon,jpinsky@cvcarbon.com,JJurisich_CVCarbon","lease_number":"32024","archive":"bedded"}},{"type":"Feature","id":201,"geometry":{"type":"Point","coordinates":[-9976798.1344000008,3424077.3747000024]},"properties":{"OBJECTID":201,"substrate":"Mud","substrate_type":null,"buried_shell_depth":null,"water_depth":null,"GlobalID":"{C0F5CB2A-2015-46A3-87BC-B255D76F14CC}","created_user":"jjordan_CVCarbon","created_date":1753038558577,"last_edited_user":"jjordan_CVCarbon","last_edited_date":1780425891246,"polling_date":1686944733000,"permission_group":"johnyjurisich_CVCarbon,jpinsky@cvcarbon.com,JJurisich_CVCarbon","lease_number":"32024","archive":"bedded"}},{"type":"Feature","id":202,"geometry":{"type":"Point","coordinates":[-9976788.8177000005,3424050.128899999]},"properties":{"OBJECTID":202,"substrate":"Mud","substrate_type":null,"buried_shell_depth":null,"water_depth":null,"GlobalID":"{551BC390-027B-496C-A768-7935C3192B81}","created_user":"jjordan_CVCarbon","created_date":1753038558577,"last_edited_user":"jjordan_CVCarbon","last_edited_date":1780425891246,"polling_date":1686944740000,"permission_group":"johnyjurisich_CVCarbon,jpinsky@cvcarbon.com,JJurisich_CVCarbon","lease_number":"32024","archive":"bedded"}},{"type":"Feature","id":203,"geometry":{"type":"Point","coordinates":[-9976942.3912000004,3424416.1702999994]},"properties":{"OBJECTID":203,"substrate":"Scattered Shell","substrate_type":null,"buried_shell_depth":null,"water_depth":null,"GlobalID":"{D35E3702-0CA7-4926-B842-573789BD88AA}","created_user":"jjordan_CVCarbon","created_date":1753038558577,"last_edited_user":"jjordan_CVCarbon","last_edited_date":1780425891246,"polling_date":1686944963000,"permission_group":"johnyjurisich_CVCarbon,jpinsky@cvcarbon.com,JJurisich_CVCarbon","lease_number":"32024","archive":"bedded"}},{"type":"Feature","id":204,"geometry":{"type":"Point","coordinates":[-9976949.8795999996,3424442.5226000026]},"properties":{"OBJECTID":204,"substrate":"Scattered Shell","substrate_type":null,"buried_shell_depth":null,"water_depth":null,"GlobalID":"{9ADBD484-44BE-4D1B-B329-91597BFDB115}","created_user":"jjordan_CVCarbon","created_date":1753038558577,"last_edited_user":"jjordan_CVCarbon","last_edited_date":1780425891246,"polling_date":1686944970000,"permission_group":"johnyjurisich_CVCarbon,jpinsky@cvcarbon.com,JJurisich_CVCarbon","lease_number":"32024","archive":"bedded"}},{"type":"Feature","id":205,"geometry":{"type":"Point","coordinates":[-9976964.1831999999,3424495.6062999964]},"properties":{"OBJECTID":205,"substrate":"Scattered Shell","substrate_type":null,"buried_shell_depth":null,"water_depth":null,"GlobalID":"{5D3D0308-EC28-4280-93D1-EB4830932816}","created_user":"jjordan_CVCarbon","created_date":1753038558577,"last_edited_user":"jjordan_CVCarbon","last_edited_date":1780425891246,"polling_date":1686944983000,"permission_group":"johnyjurisich_CVCarbon,jpinsky@cvcarbon.com,JJurisich_CVCarbon","lease_number":"32024","archive":"bedded"}},{"type":"Feature","id":206,"geometry":{"type":"Point","coordinates":[-9976817.8794,3424444.1952000037]},"properties":{"OBJECTID":206,"substrate":"Solid Reef","substrate_type":null,"buried_shell_depth":null,"water_depth":null,"GlobalID":"{B6951C7E-A2BF-460B-B0A3-C488ED804698}","created_user":"jjordan_CVCarbon","created_date":1753038558577,"last_edited_user":"jjordan_CVCarbon","last_edited_date":1780425891246,"polling_date":1686945094000,"permission_group":"johnyjurisich_CVCarbon,jpinsky@cvcarbon.com,JJurisich_CVCarbon","lease_number":"32024","archive":"bedded"}},{"type":"Feature","id":207,"geometry":{"type":"Point","coordinates":[-9976778.8858000003,3424404.2985000014]},"properties":{"OBJECTID":207,"substrate":"Solid Reef","substrate_type":null,"buried_shell_depth":null,"water_depth":null,"GlobalID":"{92356561-FEE6-4BEA-82DF-8D8232DD1DBB}","created_user":"jjordan_CVCarbon","created_date":1753038558577,"last_edited_user":"jjordan_CVCarbon","last_edited_date":1780425891246,"polling_date":1686945104000,"permission_group":"johnyjurisich_CVCarbon,jpinsky@cvcarbon.com,JJurisich_CVCarbon","lease_number":"32024","archive":"bedded"}},{"type":"Feature","id":208,"geometry":{"type":"Point","coordinates":[-9976757.0329999998,3424379.1991999969]},"properties":{"OBJECTID":208,"substrate":"Solid Reef","substrate_type":null,"buried_shell_depth":null,"water_depth":null,"GlobalID":"{D014BC5B-9129-46E9-949B-AA494F0BBB4F}","created_user":"jjordan_CVCarbon","created_date":1753038558577,"last_edited_user":"jjordan_CVCarbon","last_edited_date":1780425891246,"polling_date":1686945112000,"permission_group":"johnyjurisich_CVCarbon,jpinsky@cvcarbon.com,JJurisich_CVCarbon","lease_number":"32024","archive":"bedded"}},{"type":"Feature","id":209,"geometry":{"type":"Point","coordinates":[-9976723.7473000009,3424334.2072999999]},"properties":{"OBJECTID":209,"substrate":"Solid Reef","substrate_type":null,"buried_shell_depth":null,"water_depth":null,"GlobalID":"{AF20D5B0-4A5D-4379-91BE-610CD754586B}","created_user":"jjordan_CVCarbon","created_date":1753038558577,"last_edited_user":"jjordan_CVCarbon","last_edited_date":1780425891246,"polling_date":1686945126000,"permission_group":"johnyjurisich_CVCarbon,jpinsky@cvcarbon.com,JJurisich_CVCarbon","lease_number":"32024","archive":"bedded"}},{"type":"Feature","id":210,"geometry":{"type":"Point","coordinates":[-9976689.7873999998,3424280.1028999984]},"properties":{"OBJECTID":210,"substrate":"Scattered Shell","substrate_type":null,"buried_shell_depth":null,"water_depth":null,"GlobalID":"{800A306C-B105-4F8F-8E83-B14401BEEC6A}","created_user":"jjordan_CVCarbon","created_date":1753038558577,"last_edited_user":"jjordan_CVCarbon","last_edited_date":1780425891246,"polling_date":1686945144000,"permission_group":"johnyjurisich_CVCarbon,jpinsky@cvcarbon.com,JJurisich_CVCarbon","lease_number":"32024","archive":"bedded"}},{"type":"Feature","id":211,"geometry":{"type":"Point","coordinates":[-9976671.0659999996,3424245.2251999974]},"properties":{"OBJECTID":211,"substrate":"Scattered Shell","substrate_type":null,"buried_shell_depth":null,"water_depth":null,"GlobalID":"{C30312D2-3820-4513-8CA9-AD8C296A7591}","created_user":"jjordan_CVCarbon","created_date":1753038558577,"last_edited_user":"jjordan_CVCarbon","last_edited_date":1780425891246,"polling_date":1686945151000,"permission_group":"johnyjurisich_CVCarbon,jpinsky@cvcarbon.com,JJurisich_CVCarbon","lease_number":"32024","archive":"bedded"}},{"type":"Feature","id":212,"geometry":{"type":"Point","coordinates":[-9976783.4901999999,3424240.6020999998]},"properties":{"OBJECTID":212,"substrate":"Mud","substrate_type":null,"buried_shell_depth":null,"water_depth":null,"GlobalID":"{2C20F18E-D379-4893-A4A4-BF2DE810E388}","created_user":"jjordan_CVCarbon","created_date":1753038558577,"last_edited_user":"jjordan_CVCarbon","last_edited_date":1780425891246,"polling_date":1686945204000,"permission_group":"johnyjurisich_CVCarbon,jpinsky@cvcarbon.com,JJurisich_CVCarbon","lease_number":"32024","archive":"bedded"}},{"type":"Feature","id":213,"geometry":{"type":"Point","coordinates":[-9976821.3080000002,3424260.0217999965]},"properties":{"OBJECTID":213,"substrate":"Mud","substrate_type":null,"buried_shell_depth":null,"water_depth":null,"GlobalID":"{816F166E-60B9-4AFD-B7EC-78E345E0204B}","created_user":"jjordan_CVCarbon","created_date":1753038558577,"last_edited_user":"jjordan_CVCarbon","last_edited_date":1780425891246,"polling_date":1686945210000,"permission_group":"johnyjurisich_CVCarbon,jpinsky@cvcarbon.com,JJurisich_CVCarbon","lease_number":"32024","archive":"bedded"}},{"type":"Feature","id":214,"geometry":{"type":"Point","coordinates":[-9976856.6292000003,3424273.197300002]},"properties":{"OBJECTID":214,"substrate":"Mud","substrate_type":null,"buried_shell_depth":null,"water_depth":null,"GlobalID":"{5094F813-5206-4956-95B7-9771B7861E71}","created_user":"jjordan_CVCarbon","created_date":1753038558577,"last_edited_user":"jjordan_CVCarbon","last_edited_date":1780425891246,"polling_date":1686945221000,"permission_group":"johnyjurisich_CVCarbon,jpinsky@cvcarbon.com,JJurisich_CVCarbon","lease_number":"32024","archive":"bedded"}},{"type":"Feature","id":215,"geometry":{"type":"Point","coordinates":[-9976896.4338000007,3424289.6569000036]},"properties":{"OBJECTID":215,"substrate":"Mud","substrate_type":null,"buried_shell_depth":null,"water_depth":null,"GlobalID":"{18DDBBAD-07E1-4626-97ED-A60B702838B1}","created_user":"jjordan_CVCarbon","created_date":1753038558577,"last_edited_user":"jjordan_CVCarbon","last_edited_date":1780425891246,"polling_date":1686945231000,"permission_group":"johnyjurisich_CVCarbon,jpinsky@cvcarbon.com,JJurisich_CVCarbon","lease_number":"32024","archive":"bedded"}},{"type":"Feature","id":216,"geometry":{"type":"Point","coordinates":[-9976948.1506999992,3424313.2241000012]},"properties":{"OBJECTID":216,"substrate":"Mud","substrate_type":null,"buried_shell_depth":null,"water_depth":null,"GlobalID":"{20D0449C-36AB-49A5-9EB2-CD9F05663958}","created_user":"jjordan_CVCarbon","created_date":1753038558577,"last_edited_user":"jjordan_CVCarbon","last_edited_date":1780425891246,"polling_date":1686945246000,"permission_group":"johnyjurisich_CVCarbon,jpinsky@cvcarbon.com,JJurisich_CVCarbon","lease_number":"32024","archive":"bedded"}},{"type":"Feature","id":217,"geometry":{"type":"Point","coordinates":[-9976984.875,3424328.2324000001]},"properties":{"OBJECTID":217,"substrate":"Mud","substrate_type":null,"buried_shell_depth":null,"water_depth":null,"GlobalID":"{04BE73CF-AB79-4855-A0DE-6F572B3EB232}","created_user":"jjordan_CVCarbon","created_date":1753038558577,"last_edited_user":"jjordan_CVCarbon","last_edited_date":1780425891246,"polling_date":1686945256000,"permission_group":"johnyjurisich_CVCarbon,jpinsky@cvcarbon.com,JJurisich_CVCarbon","lease_number":"32024","archive":"bedded"}},{"type":"Feature","id":218,"geometry":{"type":"Point","coordinates":[-9977001.7322000004,3424335.3288000003]},"properties":{"OBJECTID":218,"substrate":"Mud","substrate_type":null,"buried_shell_depth":null,"water_depth":null,"GlobalID":"{6CE7401B-AB37-4C9F-BD05-9E6742B5885E}","created_user":"jjordan_CVCarbon","created_date":1753038558577,"last_edited_user":"jjordan_CVCarbon","last_edited_date":1780425891246,"polling_date":1686945261000,"permission_group":"johnyjurisich_CVCarbon,jpinsky@cvcarbon.com,JJurisich_CVCarbon","lease_number":"32024","archive":"bedded"}},{"type":"Feature","id":219,"geometry":{"type":"Point","coordinates":[-9977022.9652999993,3424344.7870000005]},"properties":{"OBJECTID":219,"substrate":"Mud","substrate_type":null,"buried_shell_depth":null,"water_depth":null,"GlobalID":"{6EF5A695-6F6D-40D5-A6DD-0A9A96DA5BD0}","created_user":"jjordan_CVCarbon","created_date":1753038558577,"last_edited_user":"jjordan_CVCarbon","last_edited_date":1780425891246,"polling_date":1686945267000,"permission_group":"johnyjurisich_CVCarbon,jpinsky@cvcarbon.com,JJurisich_CVCarbon","lease_number":"32024","archive":"bedded"}},{"type":"Feature","id":220,"geometry":{"type":"Point","coordinates":[-9977044.0755000003,3424354.3337000012]},"properties":{"OBJECTID":220,"substrate":"Mud","substrate_type":null,"buried_shell_depth":null,"water_depth":null,"GlobalID":"{6D78EB4D-9CD4-4504-9C37-BEAAE52E73AE}","created_user":"jjordan_CVCarbon","created_date":1753038558577,"last_edited_user":"jjordan_CVCarbon","last_edited_date":1780425891246,"polling_date":1686945272000,"permission_group":"johnyjurisich_CVCarbon,jpinsky@cvcarbon.com,JJurisich_CVCarbon","lease_number":"32024","archive":"bedded"}},{"type":"Feature","id":221,"geometry":{"type":"Point","coordinates":[-9977061.7850000001,3424364.2635999992]},"properties":{"OBJECTID":221,"substrate":"Mud","substrate_type":null,"buried_shell_depth":null,"water_depth":null,"GlobalID":"{B753A711-5BF2-4C2F-B2D8-61B68AD98517}","created_user":"jjordan_CVCarbon","created_date":1753038558577,"last_edited_user":"jjordan_CVCarbon","last_edited_date":1780425891246,"polling_date":1686945279000,"permission_group":"johnyjurisich_CVCarbon,jpinsky@cvcarbon.com,JJurisich_CVCarbon","lease_number":"32024","archive":"bedded"}},{"type":"Feature","id":222,"geometry":{"type":"Point","coordinates":[-9977082.0017000008,3424372.487999998]},"properties":{"OBJECTID":222,"substrate":"Mud","substrate_type":null,"buried_shell_depth":null,"water_depth":null,"GlobalID":"{0E3AB9C2-4869-408B-A951-6E1D02A1A36C}","created_user":"jjordan_CVCarbon","created_date":1753038558577,"last_edited_user":"jjordan_CVCarbon","last_edited_date":1780425891246,"polling_date":1686945284000,"permission_group":"johnyjurisich_CVCarbon,jpinsky@cvcarbon.com,JJurisich_CVCarbon","lease_number":"32024","archive":"bedded"}},{"type":"Feature","id":223,"geometry":{"type":"Point","coordinates":[-9977102.4498999994,3424382.2626999989]},"properties":{"OBJECTID":223,"substrate":"Mud","substrate_type":null,"buried_shell_depth":null,"water_depth":null,"GlobalID":"{37126AEA-5601-4A82-8C93-C2FD56E4B9AA}","created_user":"jjordan_CVCarbon","created_date":1753038558577,"last_edited_user":"jjordan_CVCarbon","last_edited_date":1780425891246,"polling_date":1686945290000,"permission_group":"johnyjurisich_CVCarbon,jpinsky@cvcarbon.com,JJurisich_CVCarbon","lease_number":"32024","archive":"bedded"}},{"type":"Feature","id":224,"geometry":{"type":"Point","coordinates":[-9977122.2488000002,3424390.6722000018]},"properties":{"OBJECTID":224,"substrate":"Mud","substrate_type":null,"buried_shell_depth":null,"water_depth":null,"GlobalID":"{0C9B10EB-E01A-4764-AD26-60D041EF1774}","created_user":"jjordan_CVCarbon","created_date":1753038558577,"last_edited_user":"jjordan_CVCarbon","last_edited_date":1780425891246,"polling_date":1686945295000,"permission_group":"johnyjurisich_CVCarbon,jpinsky@cvcarbon.com,JJurisich_CVCarbon","lease_number":"32024","archive":"bedded"}},{"type":"Feature","id":225,"geometry":{"type":"Point","coordinates":[-9977141.9641999993,3424400.7395000011]},"properties":{"OBJECTID":225,"substrate":"Mud","substrate_type":null,"buried_shell_depth":null,"water_depth":null,"GlobalID":"{AD95AB2B-62A4-4D1F-BF89-37DAEA51EC77}","created_user":"jjordan_CVCarbon","created_date":1753038558577,"last_edited_user":"jjordan_CVCarbon","last_edited_date":1780425891246,"polling_date":1686945301000,"permission_group":"johnyjurisich_CVCarbon,jpinsky@cvcarbon.com,JJurisich_CVCarbon","lease_number":"32024","archive":"bedded"}},{"type":"Feature","id":226,"geometry":{"type":"Point","coordinates":[-9977157.9813000001,3424408.303199999]},"properties":{"OBJECTID":226,"substrate":"Mud","substrate_type":null,"buried_shell_depth":null,"water_depth":null,"GlobalID":"{A8F17B10-79C8-49B8-9CEF-0D3D88B827F7}","created_user":"jjordan_CVCarbon","created_date":1753038558577,"last_edited_user":"jjordan_CVCarbon","last_edited_date":1780425891246,"polling_date":1686945314000,"permission_group":"johnyjurisich_CVCarbon,jpinsky@cvcarbon.com,JJurisich_CVCarbon","lease_number":"32024","archive":"bedded"}},{"type":"Feature","id":227,"geometry":{"type":"Point","coordinates":[-9977134.5976,3424417.134800002]},"properties":{"OBJECTID":227,"substrate":"Mud","substrate_type":null,"buried_shell_depth":null,"water_depth":null,"GlobalID":"{25EB1469-E38A-4273-8C8C-6D0FCEF19D33}","created_user":"jjordan_CVCarbon","created_date":1753038558577,"last_edited_user":"jjordan_CVCarbon","last_edited_date":1780425891246,"polling_date":1686945441000,"permission_group":"johnyjurisich_CVCarbon,jpinsky@cvcarbon.com,JJurisich_CVCarbon","lease_number":"32024","archive":"bedded"}},{"type":"Feature","id":228,"geometry":{"type":"Point","coordinates":[-9976710.0274,3424504.4548000023]},"properties":{"OBJECTID":228,"substrate":"Solid Reef","substrate_type":null,"buried_shell_depth":null,"water_depth":null,"GlobalID":"{8ABD05B8-B29A-4B7E-84BE-D72BB8426FB6}","created_user":"jjordan_CVCarbon","created_date":1753038558577,"last_edited_user":"jjordan_CVCarbon","last_edited_date":1780425891246,"polling_date":1686946324000,"permission_group":"johnyjurisich_CVCarbon,jpinsky@cvcarbon.com,JJurisich_CVCarbon","lease_number":"32024","archive":"bedded"}},{"type":"Feature","id":229,"geometry":{"type":"Point","coordinates":[-9976799.9230000004,3424464.0446999967]},"properties":{"OBJECTID":229,"substrate":"Solid Reef","substrate_type":null,"buried_shell_depth":null,"water_depth":null,"GlobalID":"{A8187DAB-D53C-47EB-B2FA-4230008BFE6E}","created_user":"jjordan_CVCarbon","created_date":1753038558577,"last_edited_user":"jjordan_CVCarbon","last_edited_date":1780425891246,"polling_date":1686946343000,"permission_group":"johnyjurisich_CVCarbon,jpinsky@cvcarbon.com,JJurisich_CVCarbon","lease_number":"32024","archive":"bedded"}},{"type":"Feature","id":230,"geometry":{"type":"Point","coordinates":[-9976825.0819000006,3424462.9055999964]},"properties":{"OBJECTID":230,"substrate":"Solid Reef","substrate_type":null,"buried_shell_depth":null,"water_depth":null,"GlobalID":"{B231B1E5-82AA-428D-9DED-3753AB17D597}","created_user":"jjordan_CVCarbon","created_date":1753038558577,"last_edited_user":"jjordan_CVCarbon","last_edited_date":1780425891246,"polling_date":1686946350000,"permission_group":"johnyjurisich_CVCarbon,jpinsky@cvcarbon.com,JJurisich_CVCarbon","lease_number":"32024","archive":"bedded"}},{"type":"Feature","id":231,"geometry":{"type":"Point","coordinates":[-9976867.3365000002,3424485.197800003]},"properties":{"OBJECTID":231,"substrate":"Solid Reef","substrate_type":null,"buried_shell_depth":null,"water_depth":null,"GlobalID":"{EB979ACE-C74B-4CE5-BDAE-13CC54A17224}","created_user":"jjordan_CVCarbon","created_date":1753038558577,"last_edited_user":"jjordan_CVCarbon","last_edited_date":1780425891246,"polling_date":1686946366000,"permission_group":"johnyjurisich_CVCarbon,jpinsky@cvcarbon.com,JJurisich_CVCarbon","lease_number":"32024","archive":"bedded"}},{"type":"Feature","id":232,"geometry":{"type":"Point","coordinates":[-9977031.2131999992,3424445.6147999987]},"properties":{"OBJECTID":232,"substrate":"Buried Shell","substrate_type":null,"buried_shell_depth":null,"water_depth":null,"GlobalID":"{E58AE299-204C-42D6-832A-B53176243010}","created_user":"jjordan_CVCarbon","created_date":1753038558577,"last_edited_user":"jjordan_CVCarbon","last_edited_date":1780425891246,"polling_date":1686946418000,"permission_group":"johnyjurisich_CVCarbon,jpinsky@cvcarbon.com,JJurisich_CVCarbon","lease_number":"32024","archive":"bedded"}},{"type":"Feature","id":233,"geometry":{"type":"Point","coordinates":[-9977075.6420000009,3424437.8197000027]},"properties":{"OBJECTID":233,"substrate":"Buried Shell","substrate_type":null,"buried_shell_depth":null,"water_depth":null,"GlobalID":"{687C7F8C-1E74-4C52-B12D-CD887AAE5E3C}","created_user":"jjordan_CVCarbon","created_date":1753038558577,"last_edited_user":"jjordan_CVCarbon","last_edited_date":1780425891246,"polling_date":1686946429000,"permission_group":"johnyjurisich_CVCarbon,jpinsky@cvcarbon.com,JJurisich_CVCarbon","lease_number":"32024","archive":"bedded"}},{"type":"Feature","id":234,"geometry":{"type":"Point","coordinates":[-9977124.3457999993,3424429.7964000031]},"properties":{"OBJECTID":234,"substrate":"Mud","substrate_type":null,"buried_shell_depth":null,"water_depth":null,"GlobalID":"{284FBD24-2D06-43C7-B72E-D68D608DB0A4}","created_user":"jjordan_CVCarbon","created_date":1753038558577,"last_edited_user":"jjordan_CVCarbon","last_edited_date":1780425891246,"polling_date":1686946444000,"permission_group":"johnyjurisich_CVCarbon,jpinsky@cvcarbon.com,JJurisich_CVCarbon","lease_number":"32024","archive":"bedded"}},{"type":"Feature","id":235,"geometry":{"type":"Point","coordinates":[-9977145.6392000001,3424434.2581999972]},"properties":{"OBJECTID":235,"substrate":"Mud","substrate_type":null,"buried_shell_depth":null,"water_depth":null,"GlobalID":"{FFE3EE21-D1A4-41A1-AC00-F3CE6EC8FC3B}","created_user":"jjordan_CVCarbon","created_date":1753038558577,"last_edited_user":"jjordan_CVCarbon","last_edited_date":1780425891246,"polling_date":1686946451000,"permission_group":"johnyjurisich_CVCarbon,jpinsky@cvcarbon.com,JJurisich_CVCarbon","lease_number":"32024","archive":"bedded"}},{"type":"Feature","id":236,"geometry":{"type":"Point","coordinates":[-9977184.9657000005,3424484.5868000016]},"properties":{"OBJECTID":236,"substrate":"Mud","substrate_type":null,"buried_shell_depth":null,"water_depth":null,"GlobalID":"{667121CA-63EA-4DA7-850F-C026D8CB33AF}","created_user":"jjordan_CVCarbon","created_date":1753038558577,"last_edited_user":"jjordan_CVCarbon","last_edited_date":1780425891246,"polling_date":1686946571000,"permission_group":"johnyjurisich_CVCarbon,jpinsky@cvcarbon.com,JJurisich_CVCarbon","lease_number":"32024","archive":"bedded"}},{"type":"Feature","id":237,"geometry":{"type":"Point","coordinates":[-9977102.1520000007,3424436.8610000014]},"properties":{"OBJECTID":237,"substrate":"Mud","substrate_type":null,"buried_shell_depth":null,"water_depth":null,"GlobalID":"{EEC03DD6-49B5-4ED1-87E5-371794A1C2EC}","created_user":"jjordan_CVCarbon","created_date":1753038558577,"last_edited_user":"jjordan_CVCarbon","last_edited_date":1780425891246,"polling_date":1686946596000,"permission_group":"johnyjurisich_CVCarbon,jpinsky@cvcarbon.com,JJurisich_CVCarbon","lease_number":"32024","archive":"bedded"}},{"type":"Feature","id":238,"geometry":{"type":"Point","coordinates":[-9977054.6640000008,3424404.8668000028]},"properties":{"OBJECTID":238,"substrate":"Mud","substrate_type":null,"buried_shell_depth":null,"water_depth":null,"GlobalID":"{A753FE04-1502-4D05-86F3-43F4FC1E4D28}","created_user":"jjordan_CVCarbon","created_date":1753038558577,"last_edited_user":"jjordan_CVCarbon","last_edited_date":1780425891246,"polling_date":1686946611000,"permission_group":"johnyjurisich_CVCarbon,jpinsky@cvcarbon.com,JJurisich_CVCarbon","lease_number":"32024","archive":"bedded"}},{"type":"Feature","id":239,"geometry":{"type":"Point","coordinates":[-9977022.1508000009,3424386.5218999982]},"properties":{"OBJECTID":239,"substrate":"Mud","substrate_type":null,"buried_shell_depth":null,"water_depth":null,"GlobalID":"{A837D9AE-4950-4F32-8E71-ACBBE684FBB9}","created_user":"jjordan_CVCarbon","created_date":1753038558577,"last_edited_user":"jjordan_CVCarbon","last_edited_date":1780425891246,"polling_date":1686946621000,"permission_group":"johnyjurisich_CVCarbon,jpinsky@cvcarbon.com,JJurisich_CVCarbon","lease_number":"32024","archive":"bedded"}},{"type":"Feature","id":240,"geometry":{"type":"Point","coordinates":[-9976998.9509999994,3424372.6969999969]},"properties":{"OBJECTID":240,"substrate":"Buried Shell","substrate_type":null,"buried_shell_depth":null,"water_depth":null,"GlobalID":"{D56FEB27-3081-42CA-9AAA-AA8433697A35}","created_user":"jjordan_CVCarbon","created_date":1753038558577,"last_edited_user":"jjordan_CVCarbon","last_edited_date":1780425891246,"polling_date":1686946629000,"permission_group":"johnyjurisich_CVCarbon,jpinsky@cvcarbon.com,JJurisich_CVCarbon","lease_number":"32024","archive":"bedded"}},{"type":"Feature","id":241,"geometry":{"type":"Point","coordinates":[-9976975.3873999994,3424358.4619999975]},"properties":{"OBJECTID":241,"substrate":"Buried Shell","substrate_type":null,"buried_shell_depth":null,"water_depth":null,"GlobalID":"{F831D536-C218-44E2-B865-BB0205063605}","created_user":"jjordan_CVCarbon","created_date":1753038558577,"last_edited_user":"jjordan_CVCarbon","last_edited_date":1780425891246,"polling_date":1686946635000,"permission_group":"johnyjurisich_CVCarbon,jpinsky@cvcarbon.com,JJurisich_CVCarbon","lease_number":"32024","archive":"bedded"}},{"type":"Feature","id":242,"geometry":{"type":"Point","coordinates":[-9976954.1897999998,3424345.0948999971]},"properties":{"OBJECTID":242,"substrate":"Buried Shell","substrate_type":null,"buried_shell_depth":null,"water_depth":null,"GlobalID":"{E0059D9D-A710-4B13-BDA1-D384A2AC9044}","created_user":"jjordan_CVCarbon","created_date":1753038558577,"last_edited_user":"jjordan_CVCarbon","last_edited_date":1780425891246,"polling_date":1686946642000,"permission_group":"johnyjurisich_CVCarbon,jpinsky@cvcarbon.com,JJurisich_CVCarbon","lease_number":"32024","archive":"bedded"}},{"type":"Feature","id":243,"geometry":{"type":"Point","coordinates":[-9976934.3380999994,3424332.7466999963]},"properties":{"OBJECTID":243,"substrate":"Mud","substrate_type":null,"buried_shell_depth":null,"water_depth":null,"GlobalID":"{7A0CCC5A-7E2B-46AF-9326-A9C5CBD0F93B}","created_user":"jjordan_CVCarbon","created_date":1753038558577,"last_edited_user":"jjordan_CVCarbon","last_edited_date":1780425891246,"polling_date":1686946650000,"permission_group":"johnyjurisich_CVCarbon,jpinsky@cvcarbon.com,JJurisich_CVCarbon","lease_number":"32024","archive":"bedded"}},{"type":"Feature","id":244,"geometry":{"type":"Point","coordinates":[-9976810.3355999999,3424254.8806999996]},"properties":{"OBJECTID":244,"substrate":"Mud","substrate_type":null,"buried_shell_depth":null,"water_depth":null,"GlobalID":"{F0DCB81A-C3CF-4526-AF16-30BAA5E2DC85}","created_user":"jjordan_CVCarbon","created_date":1753038558577,"last_edited_user":"jjordan_CVCarbon","last_edited_date":1780425891246,"polling_date":1686946688000,"permission_group":"johnyjurisich_CVCarbon,jpinsky@cvcarbon.com,JJurisich_CVCarbon","lease_number":"32024","archive":"bedded"}},{"type":"Feature","id":245,"geometry":{"type":"Point","coordinates":[-9976790.0526000001,3424244.1775999963]},"properties":{"OBJECTID":245,"substrate":"Mud","substrate_type":null,"buried_shell_depth":null,"water_depth":null,"GlobalID":"{EF315081-A0C4-4073-BD76-8F3B1115BBD5}","created_user":"jjordan_CVCarbon","created_date":1753038558577,"last_edited_user":"jjordan_CVCarbon","last_edited_date":1780425891246,"polling_date":1686946693000,"permission_group":"johnyjurisich_CVCarbon,jpinsky@cvcarbon.com,JJurisich_CVCarbon","lease_number":"32024","archive":"bedded"}},{"type":"Feature","id":246,"geometry":{"type":"Point","coordinates":[-9976766.0578000005,3424235.1899999976]},"properties":{"OBJECTID":246,"substrate":"Mud","substrate_type":null,"buried_shell_depth":null,"water_depth":null,"GlobalID":"{B8ED4ED8-01A6-45B4-9A26-FF3EA99DC976}","created_user":"jjordan_CVCarbon","created_date":1753038558577,"last_edited_user":"jjordan_CVCarbon","last_edited_date":1780425891246,"polling_date":1686946700000,"permission_group":"johnyjurisich_CVCarbon,jpinsky@cvcarbon.com,JJurisich_CVCarbon","lease_number":"32024","archive":"bedded"}},{"type":"Feature","id":247,"geometry":{"type":"Point","coordinates":[-9976743.5788000003,3424225.1529999971]},"properties":{"OBJECTID":247,"substrate":"Mud","substrate_type":null,"buried_shell_depth":null,"water_depth":null,"GlobalID":"{B4731D53-6B98-473F-A130-45D19A15A646}","created_user":"jjordan_CVCarbon","created_date":1753038558577,"last_edited_user":"jjordan_CVCarbon","last_edited_date":1780425891246,"polling_date":1686946706000,"permission_group":"johnyjurisich_CVCarbon,jpinsky@cvcarbon.com,JJurisich_CVCarbon","lease_number":"32024","archive":"bedded"}},{"type":"Feature","id":248,"geometry":{"type":"Point","coordinates":[-9976726.4652999993,3424218.1449000016]},"properties":{"OBJECTID":248,"substrate":"Mud","substrate_type":null,"buried_shell_depth":null,"water_depth":null,"GlobalID":"{DC6EA5B1-9D9E-4B86-B461-13378DAC6CEE}","created_user":"jjordan_CVCarbon","created_date":1753038558577,"last_edited_user":"jjordan_CVCarbon","last_edited_date":1780425891246,"polling_date":1686946712000,"permission_group":"johnyjurisich_CVCarbon,jpinsky@cvcarbon.com,JJurisich_CVCarbon","lease_number":"32024","archive":"bedded"}},{"type":"Feature","id":249,"geometry":{"type":"Point","coordinates":[-9976701.7199000008,3424209.2075000033]},"properties":{"OBJECTID":249,"substrate":"Mud","substrate_type":null,"buried_shell_depth":null,"water_depth":null,"GlobalID":"{4F75997B-457C-4990-91EA-6261B1DE6EAB}","created_user":"jjordan_CVCarbon","created_date":1753038558577,"last_edited_user":"jjordan_CVCarbon","last_edited_date":1780425891246,"polling_date":1686946718000,"permission_group":"johnyjurisich_CVCarbon,jpinsky@cvcarbon.com,JJurisich_CVCarbon","lease_number":"32024","archive":"bedded"}},{"type":"Feature","id":250,"geometry":{"type":"Point","coordinates":[-9976684.9891999997,3424200.7048999965]},"properties":{"OBJECTID":250,"substrate":"Mud","substrate_type":null,"buried_shell_depth":null,"water_depth":null,"GlobalID":"{CD848A28-8C2C-481C-9AAA-B9960867F10E}","created_user":"jjordan_CVCarbon","created_date":1753038558577,"last_edited_user":"jjordan_CVCarbon","last_edited_date":1780425891246,"polling_date":1686946723000,"permission_group":"johnyjurisich_CVCarbon,jpinsky@cvcarbon.com,JJurisich_CVCarbon","lease_number":"32024","archive":"bedded"}},{"type":"Feature","id":251,"geometry":{"type":"Point","coordinates":[-9976664.7986999992,3424189.7211000025]},"properties":{"OBJECTID":251,"substrate":"Mud","substrate_type":null,"buried_shell_depth":null,"water_depth":null,"GlobalID":"{37A71993-85A5-45AE-9C62-DEEC1279EA1F}","created_user":"jjordan_CVCarbon","created_date":1753038558577,"last_edited_user":"jjordan_CVCarbon","last_edited_date":1780425891246,"polling_date":1686946729000,"permission_group":"johnyjurisich_CVCarbon,jpinsky@cvcarbon.com,JJurisich_CVCarbon","lease_number":"32024","archive":"bedded"}},{"type":"Feature","id":252,"geometry":{"type":"Point","coordinates":[-9976644.1800999995,3424181.0289999992]},"properties":{"OBJECTID":252,"substrate":"Mud","substrate_type":null,"buried_shell_depth":null,"water_depth":null,"GlobalID":"{6E889D63-597B-4CB0-B4E8-0ADE839F3919}","created_user":"jjordan_CVCarbon","created_date":1753038558577,"last_edited_user":"jjordan_CVCarbon","last_edited_date":1780425891246,"polling_date":1686946734000,"permission_group":"johnyjurisich_CVCarbon,jpinsky@cvcarbon.com,JJurisich_CVCarbon","lease_number":"32024","archive":"bedded"}},{"type":"Feature","id":253,"geometry":{"type":"Point","coordinates":[-9976627.8007999994,3424172.6278000027]},"properties":{"OBJECTID":253,"substrate":"Mud","substrate_type":null,"buried_shell_depth":null,"water_depth":null,"GlobalID":"{6BBC25C5-CFE2-480E-91D1-964C56A64AB9}","created_user":"jjordan_CVCarbon","created_date":1753038558577,"last_edited_user":"jjordan_CVCarbon","last_edited_date":1780425891246,"polling_date":1686946741000,"permission_group":"johnyjurisich_CVCarbon,jpinsky@cvcarbon.com,JJurisich_CVCarbon","lease_number":"32024","archive":"bedded"}},{"type":"Feature","id":254,"geometry":{"type":"Point","coordinates":[-9976605.7311000004,3424160.0033000037]},"properties":{"OBJECTID":254,"substrate":"Mud","substrate_type":null,"buried_shell_depth":null,"water_depth":null,"GlobalID":"{DDC2662C-75D8-4FEE-A014-E1FDCD5C443B}","created_user":"jjordan_CVCarbon","created_date":1753038558577,"last_edited_user":"jjordan_CVCarbon","last_edited_date":1780425891246,"polling_date":1686946746000,"permission_group":"johnyjurisich_CVCarbon,jpinsky@cvcarbon.com,JJurisich_CVCarbon","lease_number":"32024","archive":"bedded"}},{"type":"Feature","id":255,"geometry":{"type":"Point","coordinates":[-9976589.3480999991,3424153.0697999969]},"properties":{"OBJECTID":255,"substrate":"Mud","substrate_type":null,"buried_shell_depth":null,"water_depth":null,"GlobalID":"{3DB1CFEC-B8DC-49AE-AC9C-B76C9EFC9D27}","created_user":"jjordan_CVCarbon","created_date":1753038558577,"last_edited_user":"jjordan_CVCarbon","last_edited_date":1780425891246,"polling_date":1686946753000,"permission_group":"johnyjurisich_CVCarbon,jpinsky@cvcarbon.com,JJurisich_CVCarbon","lease_number":"32024","archive":"bedded"}},{"type":"Feature","id":256,"geometry":{"type":"Point","coordinates":[-9976559.6915000007,3424139.3721000031]},"properties":{"OBJECTID":256,"substrate":"Mud","substrate_type":null,"buried_shell_depth":null,"water_depth":null,"GlobalID":"{E942281C-CF97-4D53-9EA9-2C373AAC3A97}","created_user":"jjordan_CVCarbon","created_date":1753038558577,"last_edited_user":"jjordan_CVCarbon","last_edited_date":1780425891246,"polling_date":1686946760000,"permission_group":"johnyjurisich_CVCarbon,jpinsky@cvcarbon.com,JJurisich_CVCarbon","lease_number":"32024","archive":"bedded"}},{"type":"Feature","id":257,"geometry":{"type":"Point","coordinates":[-9976538.7731999997,3424129.7325000018]},"properties":{"OBJECTID":257,"substrate":"Mud","substrate_type":null,"buried_shell_depth":null,"water_depth":null,"GlobalID":"{8D6454A7-DDF0-4727-AB43-B25E820D5122}","created_user":"jjordan_CVCarbon","created_date":1753038558577,"last_edited_user":"jjordan_CVCarbon","last_edited_date":1780425891246,"polling_date":1686946769000,"permission_group":"johnyjurisich_CVCarbon,jpinsky@cvcarbon.com,JJurisich_CVCarbon","lease_number":"32024","archive":"bedded"}},{"type":"Feature","id":258,"geometry":{"type":"Point","coordinates":[-9976511.6648999993,3424117.5024000034]},"properties":{"OBJECTID":258,"substrate":"Mud","substrate_type":null,"buried_shell_depth":null,"water_depth":null,"GlobalID":"{ACD6859C-270B-44EC-9281-AA3B3A212070}","created_user":"jjordan_CVCarbon","created_date":1753038558577,"last_edited_user":"jjordan_CVCarbon","last_edited_date":1780425891246,"polling_date":1686946775000,"permission_group":"johnyjurisich_CVCarbon,jpinsky@cvcarbon.com,JJurisich_CVCarbon","lease_number":"32024","archive":"bedded"}},{"type":"Feature","id":259,"geometry":{"type":"Point","coordinates":[-9976488.8068000004,3424104.5521000028]},"properties":{"OBJECTID":259,"substrate":"Mud","substrate_type":null,"buried_shell_depth":null,"water_depth":null,"GlobalID":"{A78C44B0-34D5-4D9E-9A37-623D4677608A}","created_user":"jjordan_CVCarbon","created_date":1753038558577,"last_edited_user":"jjordan_CVCarbon","last_edited_date":1780425891246,"polling_date":1686946781000,"permission_group":"johnyjurisich_CVCarbon,jpinsky@cvcarbon.com,JJurisich_CVCarbon","lease_number":"32024","archive":"bedded"}},{"type":"Feature","id":260,"geometry":{"type":"Point","coordinates":[-9976444.0939000007,3424085.4174000025]},"properties":{"OBJECTID":260,"substrate":"Mud","substrate_type":null,"buried_shell_depth":null,"water_depth":null,"GlobalID":"{773A0C85-0492-4EE6-B92B-CBB7A773167D}","created_user":"jjordan_CVCarbon","created_date":1753038558577,"last_edited_user":"jjordan_CVCarbon","last_edited_date":1780425891246,"polling_date":1686946794000,"permission_group":"johnyjurisich_CVCarbon,jpinsky@cvcarbon.com,JJurisich_CVCarbon","lease_number":"32024","archive":"bedded"}},{"type":"Feature","id":261,"geometry":{"type":"Point","coordinates":[-9976420.8565999996,3424081.9343999997]},"properties":{"OBJECTID":261,"substrate":"Mud","substrate_type":null,"buried_shell_depth":null,"water_depth":null,"GlobalID":"{6ABBC7B6-22C9-465D-A8AA-45ACA223875D}","created_user":"jjordan_CVCarbon","created_date":1753038558577,"last_edited_user":"jjordan_CVCarbon","last_edited_date":1780425891246,"polling_date":1686946800000,"permission_group":"johnyjurisich_CVCarbon,jpinsky@cvcarbon.com,JJurisich_CVCarbon","lease_number":"32024","archive":"bedded"}},{"type":"Feature","id":262,"geometry":{"type":"Point","coordinates":[-9976395.1141999997,3424077.1627999991]},"properties":{"OBJECTID":262,"substrate":"Mud","substrate_type":null,"buried_shell_depth":null,"water_depth":null,"GlobalID":"{740EAD84-9EF2-4903-858B-B9EB531C5370}","created_user":"jjordan_CVCarbon","created_date":1753038558577,"last_edited_user":"jjordan_CVCarbon","last_edited_date":1780425891246,"polling_date":1686946808000,"permission_group":"johnyjurisich_CVCarbon,jpinsky@cvcarbon.com,JJurisich_CVCarbon","lease_number":"32024","archive":"bedded"}},{"type":"Feature","id":263,"geometry":{"type":"Point","coordinates":[-9976353.2186999992,3424072.7666999996]},"properties":{"OBJECTID":263,"substrate":"Mud","substrate_type":null,"buried_shell_depth":null,"water_depth":null,"GlobalID":"{BA14B18E-FE08-4872-813C-10945F5A44D4}","created_user":"jjordan_CVCarbon","created_date":1753038558577,"last_edited_user":"jjordan_CVCarbon","last_edited_date":1780425891246,"polling_date":1686946818000,"permission_group":"johnyjurisich_CVCarbon,jpinsky@cvcarbon.com,JJurisich_CVCarbon","lease_number":"32024","archive":"bedded"}},{"type":"Feature","id":264,"geometry":{"type":"Point","coordinates":[-9976331.3266000003,3424070.255900003]},"properties":{"OBJECTID":264,"substrate":"Mud","substrate_type":null,"buried_shell_depth":null,"water_depth":null,"GlobalID":"{AC9F0290-9120-44F9-A2E5-15485DD7968C}","created_user":"jjordan_CVCarbon","created_date":1753038558577,"last_edited_user":"jjordan_CVCarbon","last_edited_date":1780425891246,"polling_date":1686946824000,"permission_group":"johnyjurisich_CVCarbon,jpinsky@cvcarbon.com,JJurisich_CVCarbon","lease_number":"32024","archive":"bedded"}},{"type":"Feature","id":265,"geometry":{"type":"Point","coordinates":[-9976332.9390999991,3424142.4050000012]},"properties":{"OBJECTID":265,"substrate":"Mud","substrate_type":null,"buried_shell_depth":null,"water_depth":null,"GlobalID":"{3241E132-9FD5-49BA-AE10-C9B4AE0DACEF}","created_user":"jjordan_CVCarbon","created_date":1753038558577,"last_edited_user":"jjordan_CVCarbon","last_edited_date":1780425891246,"polling_date":1686946879000,"permission_group":"johnyjurisich_CVCarbon,jpinsky@cvcarbon.com,JJurisich_CVCarbon","lease_number":"32024","archive":"bedded"}},{"type":"Feature","id":266,"geometry":{"type":"Point","coordinates":[-9976462.3643999994,3424159.8539000005]},"properties":{"OBJECTID":266,"substrate":"Mud","substrate_type":null,"buried_shell_depth":null,"water_depth":null,"GlobalID":"{0AD01F92-12B3-4CF2-AF29-5DAA964F6BC3}","created_user":"jjordan_CVCarbon","created_date":1753038558577,"last_edited_user":"jjordan_CVCarbon","last_edited_date":1780425891246,"polling_date":1686946917000,"permission_group":"johnyjurisich_CVCarbon,jpinsky@cvcarbon.com,JJurisich_CVCarbon","lease_number":"32024","archive":"bedded"}},{"type":"Feature","id":267,"geometry":{"type":"Point","coordinates":[-9976504.1547999997,3424166.5495000035]},"properties":{"OBJECTID":267,"substrate":"Buried Shell","substrate_type":null,"buried_shell_depth":null,"water_depth":null,"GlobalID":"{C85A70B2-3343-445A-A61B-94E6E1769E87}","created_user":"jjordan_CVCarbon","created_date":1753038558577,"last_edited_user":"jjordan_CVCarbon","last_edited_date":1780425891246,"polling_date":1686946931000,"permission_group":"johnyjurisich_CVCarbon,jpinsky@cvcarbon.com,JJurisich_CVCarbon","lease_number":"32024","archive":"bedded"}},{"type":"Feature","id":268,"geometry":{"type":"Point","coordinates":[-9976540.1087999996,3424172.8471999988]},"properties":{"OBJECTID":268,"substrate":"Buried Shell","substrate_type":null,"buried_shell_depth":null,"water_depth":null,"GlobalID":"{183A54F2-B16C-4DBA-A86B-9F7E506071FC}","created_user":"jjordan_CVCarbon","created_date":1753038558577,"last_edited_user":"jjordan_CVCarbon","last_edited_date":1780425891246,"polling_date":1686946938000,"permission_group":"johnyjurisich_CVCarbon,jpinsky@cvcarbon.com,JJurisich_CVCarbon","lease_number":"32024","archive":"bedded"}},{"type":"Feature","id":269,"geometry":{"type":"Point","coordinates":[-9976572.5578000005,3424178.1824000031]},"properties":{"OBJECTID":269,"substrate":"Buried Shell","substrate_type":null,"buried_shell_depth":null,"water_depth":null,"GlobalID":"{E47E7756-5687-494F-8827-086C41AF183B}","created_user":"jjordan_CVCarbon","created_date":1753038558577,"last_edited_user":"jjordan_CVCarbon","last_edited_date":1780425891246,"polling_date":1686946947000,"permission_group":"johnyjurisich_CVCarbon,jpinsky@cvcarbon.com,JJurisich_CVCarbon","lease_number":"32024","archive":"bedded"}},{"type":"Feature","id":270,"geometry":{"type":"Point","coordinates":[-9976616.3383000009,3424194.0139999986]},"properties":{"OBJECTID":270,"substrate":"Buried Shell","substrate_type":null,"buried_shell_depth":null,"water_depth":null,"GlobalID":"{651E6612-F5C4-49DE-9A4C-BC1D39183538}","created_user":"jjordan_CVCarbon","created_date":1753038558577,"last_edited_user":"jjordan_CVCarbon","last_edited_date":1780425891246,"polling_date":1686946960000,"permission_group":"johnyjurisich_CVCarbon,jpinsky@cvcarbon.com,JJurisich_CVCarbon","lease_number":"32024","archive":"bedded"}},{"type":"Feature","id":271,"geometry":{"type":"Point","coordinates":[-9976666.3544999994,3424215.8945999965]},"properties":{"OBJECTID":271,"substrate":"Buried Shell","substrate_type":null,"buried_shell_depth":null,"water_depth":null,"GlobalID":"{5CF13394-AA0C-4310-8D4A-40BB9061F16B}","created_user":"jjordan_CVCarbon","created_date":1753038558577,"last_edited_user":"jjordan_CVCarbon","last_edited_date":1780425891246,"polling_date":1686946976000,"permission_group":"johnyjurisich_CVCarbon,jpinsky@cvcarbon.com,JJurisich_CVCarbon","lease_number":"32024","archive":"bedded"}},{"type":"Feature","id":272,"geometry":{"type":"Point","coordinates":[-9976701.2413999997,3424232.9553999975]},"properties":{"OBJECTID":272,"substrate":"Buried Shell","substrate_type":null,"buried_shell_depth":null,"water_depth":null,"GlobalID":"{BD3786F2-1DC8-4508-89BD-6679186E3197}","created_user":"jjordan_CVCarbon","created_date":1753038558577,"last_edited_user":"jjordan_CVCarbon","last_edited_date":1780425891246,"polling_date":1686946986000,"permission_group":"johnyjurisich_CVCarbon,jpinsky@cvcarbon.com,JJurisich_CVCarbon","lease_number":"32024","archive":"bedded"}},{"type":"Feature","id":273,"geometry":{"type":"Point","coordinates":[-9976727.3506000005,3424246.258100003]},"properties":{"OBJECTID":273,"substrate":"Mud","substrate_type":null,"buried_shell_depth":null,"water_depth":null,"GlobalID":"{CABD2556-F6A2-437C-AB39-052F8BB20E27}","created_user":"jjordan_CVCarbon","created_date":1753038558577,"last_edited_user":"jjordan_CVCarbon","last_edited_date":1780425891246,"polling_date":1686946995000,"permission_group":"johnyjurisich_CVCarbon,jpinsky@cvcarbon.com,JJurisich_CVCarbon","lease_number":"32024","archive":"bedded"}},{"type":"Feature","id":274,"geometry":{"type":"Point","coordinates":[-9976798.2567999996,3424278.8471999988]},"properties":{"OBJECTID":274,"substrate":"Mud","substrate_type":null,"buried_shell_depth":null,"water_depth":null,"GlobalID":"{62A5F257-18F7-4755-80D0-D3C24662C110}","created_user":"jjordan_CVCarbon","created_date":1753038558577,"last_edited_user":"jjordan_CVCarbon","last_edited_date":1780425891246,"polling_date":1686947016000,"permission_group":"johnyjurisich_CVCarbon,jpinsky@cvcarbon.com,JJurisich_CVCarbon","lease_number":"32024","archive":"bedded"}},{"type":"Feature","id":275,"geometry":{"type":"Point","coordinates":[-9976899.7521000002,3424347.7775000036]},"properties":{"OBJECTID":275,"substrate":"Buried Shell","substrate_type":null,"buried_shell_depth":null,"water_depth":null,"GlobalID":"{18F140A6-DE57-4492-A0CA-FE52D5D0F3A3}","created_user":"jjordan_CVCarbon","created_date":1753038558577,"last_edited_user":"jjordan_CVCarbon","last_edited_date":1780425891246,"polling_date":1686947052000,"permission_group":"johnyjurisich_CVCarbon,jpinsky@cvcarbon.com,JJurisich_CVCarbon","lease_number":"32024","archive":"bedded"}},{"type":"Feature","id":276,"geometry":{"type":"Point","coordinates":[-9976937.0160000008,3424376.4013999999]},"properties":{"OBJECTID":276,"substrate":"Buried Shell","substrate_type":null,"buried_shell_depth":null,"water_depth":null,"GlobalID":"{FFA02C0A-54E4-4BD1-A871-EE1EBDF0BEC5}","created_user":"jjordan_CVCarbon","created_date":1753038558577,"last_edited_user":"jjordan_CVCarbon","last_edited_date":1780425891246,"polling_date":1686947064000,"permission_group":"johnyjurisich_CVCarbon,jpinsky@cvcarbon.com,JJurisich_CVCarbon","lease_number":"32024","archive":"bedded"}},{"type":"Feature","id":277,"geometry":{"type":"Point","coordinates":[-9976965.4459000006,3424396.0864999965]},"properties":{"OBJECTID":277,"substrate":"Buried Shell","substrate_type":null,"buried_shell_depth":null,"water_depth":null,"GlobalID":"{377ABE82-1737-4BF5-A788-8794A9EEFD1E}","created_user":"jjordan_CVCarbon","created_date":1753038558577,"last_edited_user":"jjordan_CVCarbon","last_edited_date":1780425891246,"polling_date":1686947074000,"permission_group":"johnyjurisich_CVCarbon,jpinsky@cvcarbon.com,JJurisich_CVCarbon","lease_number":"32024","archive":"bedded"}},{"type":"Feature","id":278,"geometry":{"type":"Point","coordinates":[-9976986.7777999993,3424413.7387000024]},"properties":{"OBJECTID":278,"substrate":"Buried Shell","substrate_type":null,"buried_shell_depth":null,"water_depth":null,"GlobalID":"{A974B247-6DC8-4CC7-9153-DF45E16617F2}","created_user":"jjordan_CVCarbon","created_date":1753038558577,"last_edited_user":"jjordan_CVCarbon","last_edited_date":1780425891246,"polling_date":1686947082000,"permission_group":"johnyjurisich_CVCarbon,jpinsky@cvcarbon.com,JJurisich_CVCarbon","lease_number":"32024","archive":"bedded"}},{"type":"Feature","id":279,"geometry":{"type":"Point","coordinates":[-9977008.2764999997,3424429.0225000009]},"properties":{"OBJECTID":279,"substrate":"Buried Shell","substrate_type":null,"buried_shell_depth":null,"water_depth":null,"GlobalID":"{3245D4E2-ECED-425A-AF8B-2A4FFD5FDDC1}","created_user":"jjordan_CVCarbon","created_date":1753038558577,"last_edited_user":"jjordan_CVCarbon","last_edited_date":1780425891246,"polling_date":1686947089000,"permission_group":"johnyjurisich_CVCarbon,jpinsky@cvcarbon.com,JJurisich_CVCarbon","lease_number":"32024","archive":"bedded"}},{"type":"Feature","id":280,"geometry":{"type":"Point","coordinates":[-9977050.1552000009,3424460.2490999997]},"properties":{"OBJECTID":280,"substrate":"Buried Shell","substrate_type":null,"buried_shell_depth":null,"water_depth":null,"GlobalID":"{C98D699A-CEC3-4FBB-A222-38AB4F743665}","created_user":"jjordan_CVCarbon","created_date":1753038558577,"last_edited_user":"jjordan_CVCarbon","last_edited_date":1780425891246,"polling_date":1686947104000,"permission_group":"johnyjurisich_CVCarbon,jpinsky@cvcarbon.com,JJurisich_CVCarbon","lease_number":"32024","archive":"bedded"}},{"type":"Feature","id":281,"geometry":{"type":"Point","coordinates":[-9977115.0822000001,3424510.4433000013]},"properties":{"OBJECTID":281,"substrate":"Buried Shell","substrate_type":null,"buried_shell_depth":null,"water_depth":null,"GlobalID":"{E5BE26DC-45AB-4366-9B72-37EB88EA6295}","created_user":"jjordan_CVCarbon","created_date":1753038558577,"last_edited_user":"jjordan_CVCarbon","last_edited_date":1780425891246,"polling_date":1686947128000,"permission_group":"johnyjurisich_CVCarbon,jpinsky@cvcarbon.com,JJurisich_CVCarbon","lease_number":"32024","archive":"bedded"}},{"type":"Feature","id":282,"geometry":{"type":"Point","coordinates":[-9977133.7871000003,3424525.0744000003]},"properties":{"OBJECTID":282,"substrate":"Buried Shell","substrate_type":null,"buried_shell_depth":null,"water_depth":null,"GlobalID":"{099170C0-0A28-4E4F-8C4F-8E1EE90F63E4}","created_user":"jjordan_CVCarbon","created_date":1753038558577,"last_edited_user":"jjordan_CVCarbon","last_edited_date":1780425891246,"polling_date":1686947134000,"permission_group":"johnyjurisich_CVCarbon,jpinsky@cvcarbon.com,JJurisich_CVCarbon","lease_number":"32024","archive":"bedded"}},{"type":"Feature","id":283,"geometry":{"type":"Point","coordinates":[-9977049.7905000001,3424553.0842999965]},"properties":{"OBJECTID":283,"substrate":"Buried Shell","substrate_type":null,"buried_shell_depth":null,"water_depth":null,"GlobalID":"{2AB16B24-84D0-4996-8F43-3FDB650BC829}","created_user":"jjordan_CVCarbon","created_date":1753038558577,"last_edited_user":"jjordan_CVCarbon","last_edited_date":1780425891246,"polling_date":1686947194000,"permission_group":"johnyjurisich_CVCarbon,jpinsky@cvcarbon.com,JJurisich_CVCarbon","lease_number":"32024","archive":"bedded"}},{"type":"Feature","id":284,"geometry":{"type":"Point","coordinates":[-9977000.2703000009,3424496.2075999975]},"properties":{"OBJECTID":284,"substrate":"Scattered Shell","substrate_type":null,"buried_shell_depth":null,"water_depth":null,"GlobalID":"{68DB7266-529A-4DB9-9C45-389E3ACB8301}","created_user":"jjordan_CVCarbon","created_date":1753038558577,"last_edited_user":"jjordan_CVCarbon","last_edited_date":1780425891246,"polling_date":1686947217000,"permission_group":"johnyjurisich_CVCarbon,jpinsky@cvcarbon.com,JJurisich_CVCarbon","lease_number":"32024","archive":"bedded"}},{"type":"Feature","id":285,"geometry":{"type":"Point","coordinates":[-9976971.7956000008,3424442.1944999993]},"properties":{"OBJECTID":285,"substrate":"Scattered Shell","substrate_type":null,"buried_shell_depth":null,"water_depth":null,"GlobalID":"{E42D26BE-6F9F-4080-8B00-840D088A93C6}","created_user":"jjordan_CVCarbon","created_date":1753038558577,"last_edited_user":"jjordan_CVCarbon","last_edited_date":1780425891246,"polling_date":1686947233000,"permission_group":"johnyjurisich_CVCarbon,jpinsky@cvcarbon.com,JJurisich_CVCarbon","lease_number":"32024","archive":"bedded"}},{"type":"Feature","id":286,"geometry":{"type":"Point","coordinates":[-9976967.7622999996,3424411.3841999993]},"properties":{"OBJECTID":286,"substrate":"Scattered Shell","substrate_type":null,"buried_shell_depth":null,"water_depth":null,"GlobalID":"{12DA699A-E8B7-44F6-97E5-61867FB23880}","created_user":"jjordan_CVCarbon","created_date":1753038558577,"last_edited_user":"jjordan_CVCarbon","last_edited_date":1780425891246,"polling_date":1686947239000,"permission_group":"johnyjurisich_CVCarbon,jpinsky@cvcarbon.com,JJurisich_CVCarbon","lease_number":"32024","archive":"bedded"}},{"type":"Feature","id":287,"geometry":{"type":"Point","coordinates":[-9976956.7676999997,3424381.7907000035]},"properties":{"OBJECTID":287,"substrate":"Buried Shell","substrate_type":null,"buried_shell_depth":null,"water_depth":null,"GlobalID":"{125A63A4-B968-4B84-AC0C-60919A8BBFB2}","created_user":"jjordan_CVCarbon","created_date":1753038558577,"last_edited_user":"jjordan_CVCarbon","last_edited_date":1780425891246,"polling_date":1686947250000,"permission_group":"johnyjurisich_CVCarbon,jpinsky@cvcarbon.com,JJurisich_CVCarbon","lease_number":"32024","archive":"bedded"}},{"type":"Feature","id":288,"geometry":{"type":"Point","coordinates":[-9976851.6367000006,3424500.1216000021]},"properties":{"OBJECTID":288,"substrate":"Solid Reef","substrate_type":null,"buried_shell_depth":null,"water_depth":null,"GlobalID":"{BC2B79C9-E0BE-4639-B0B1-CEF162119F89}","created_user":"jjordan_CVCarbon","created_date":1753038558577,"last_edited_user":"jjordan_CVCarbon","last_edited_date":1780425891246,"polling_date":1686947311000,"permission_group":"johnyjurisich_CVCarbon,jpinsky@cvcarbon.com,JJurisich_CVCarbon","lease_number":"32024","archive":"bedded"}},{"type":"Feature","id":289,"geometry":{"type":"Point","coordinates":[-9976827.2372999992,3424488.6213999987]},"properties":{"OBJECTID":289,"substrate":"Solid Reef","substrate_type":null,"buried_shell_depth":null,"water_depth":null,"GlobalID":"{486DCC6A-D0E1-4A72-8E92-A617496C8D86}","created_user":"jjordan_CVCarbon","created_date":1753038558577,"last_edited_user":"jjordan_CVCarbon","last_edited_date":1780425891246,"polling_date":1686947317000,"permission_group":"johnyjurisich_CVCarbon,jpinsky@cvcarbon.com,JJurisich_CVCarbon","lease_number":"32024","archive":"bedded"}},{"type":"Feature","id":290,"geometry":{"type":"Point","coordinates":[-9976769.1110999994,3424433.7111999989]},"properties":{"OBJECTID":290,"substrate":"Solid Reef","substrate_type":null,"buried_shell_depth":null,"water_depth":null,"GlobalID":"{D4BE8B45-0B76-4CBD-8BF6-EC61965B6E15}","created_user":"jjordan_CVCarbon","created_date":1753038558577,"last_edited_user":"jjordan_CVCarbon","last_edited_date":1780425891246,"polling_date":1686947339000,"permission_group":"johnyjurisich_CVCarbon,jpinsky@cvcarbon.com,JJurisich_CVCarbon","lease_number":"32024","archive":"bedded"}},{"type":"Feature","id":291,"geometry":{"type":"Point","coordinates":[-9976703.9162000008,3424380.9974000007]},"properties":{"OBJECTID":291,"substrate":"Solid Reef","substrate_type":null,"buried_shell_depth":null,"water_depth":null,"GlobalID":"{98E47F50-58AF-4905-B2BC-DBA2BC05CEDB}","created_user":"jjordan_CVCarbon","created_date":1753038558577,"last_edited_user":"jjordan_CVCarbon","last_edited_date":1780425891246,"polling_date":1686947360000,"permission_group":"johnyjurisich_CVCarbon,jpinsky@cvcarbon.com,JJurisich_CVCarbon","lease_number":"32024","archive":"bedded"}},{"type":"Feature","id":292,"geometry":{"type":"Point","coordinates":[-9976619.6094000004,3424384.4878999963]},"properties":{"OBJECTID":292,"substrate":"Solid Reef","substrate_type":null,"buried_shell_depth":null,"water_depth":null,"GlobalID":"{97EACD0C-CC30-47E8-9EE5-1021FE0B9622}","created_user":"jjordan_CVCarbon","created_date":1753038558577,"last_edited_user":"jjordan_CVCarbon","last_edited_date":1780425891246,"polling_date":1686947387000,"permission_group":"johnyjurisich_CVCarbon,jpinsky@cvcarbon.com,JJurisich_CVCarbon","lease_number":"32024","archive":"bedded"}},{"type":"Feature","id":293,"geometry":{"type":"Point","coordinates":[-9976588.4733000007,3424484.4848000035]},"properties":{"OBJECTID":293,"substrate":"Buried Shell","substrate_type":null,"buried_shell_depth":null,"water_depth":null,"GlobalID":"{E1AB0D50-5E61-4782-A3D1-15F940716C7E}","created_user":"jjordan_CVCarbon","created_date":1753038558577,"last_edited_user":"jjordan_CVCarbon","last_edited_date":1780425891246,"polling_date":1686947419000,"permission_group":"johnyjurisich_CVCarbon,jpinsky@cvcarbon.com,JJurisich_CVCarbon","lease_number":"32024","archive":"bedded"}},{"type":"Feature","id":294,"geometry":{"type":"Point","coordinates":[-9976553.6921999995,3424516.4772000015]},"properties":{"OBJECTID":294,"substrate":"Buried Shell","substrate_type":null,"buried_shell_depth":null,"water_depth":null,"GlobalID":"{711F9AE6-BF5D-47C0-B7FC-4C79EFFA2091}","created_user":"jjordan_CVCarbon","created_date":1753038558577,"last_edited_user":"jjordan_CVCarbon","last_edited_date":1780425891246,"polling_date":1686947431000,"permission_group":"johnyjurisich_CVCarbon,jpinsky@cvcarbon.com,JJurisich_CVCarbon","lease_number":"32024","archive":"bedded"}},{"type":"Feature","id":295,"geometry":{"type":"Point","coordinates":[-9976526.057,3424476.0094999969]},"properties":{"OBJECTID":295,"substrate":"Buried Shell","substrate_type":null,"buried_shell_depth":null,"water_depth":null,"GlobalID":"{1A61E985-3D49-4714-A3A0-E7C9E59E8F15}","created_user":"jjordan_CVCarbon","created_date":1753038558577,"last_edited_user":"jjordan_CVCarbon","last_edited_date":1780425891246,"polling_date":1686947460000,"permission_group":"johnyjurisich_CVCarbon,jpinsky@cvcarbon.com,JJurisich_CVCarbon","lease_number":"32024","archive":"bedded"}},{"type":"Feature","id":296,"geometry":{"type":"Point","coordinates":[-9976520.2625999991,3424409.4672999978]},"properties":{"OBJECTID":296,"substrate":"Buried Shell","substrate_type":null,"buried_shell_depth":null,"water_depth":null,"GlobalID":"{024FF978-62F5-4E8B-8D0B-02B150B868F2}","created_user":"jjordan_CVCarbon","created_date":1753038558577,"last_edited_user":"jjordan_CVCarbon","last_edited_date":1780425891246,"polling_date":1686947483000,"permission_group":"johnyjurisich_CVCarbon,jpinsky@cvcarbon.com,JJurisich_CVCarbon","lease_number":"32024","archive":"bedded"}},{"type":"Feature","id":297,"geometry":{"type":"Point","coordinates":[-9976493.7079000007,3424394.3451000005]},"properties":{"OBJECTID":297,"substrate":"Mud","substrate_type":null,"buried_shell_depth":null,"water_depth":null,"GlobalID":"{AB7821A2-825C-45B8-A351-DFC55DE5F165}","created_user":"jjordan_CVCarbon","created_date":1753038558577,"last_edited_user":"jjordan_CVCarbon","last_edited_date":1780425891246,"polling_date":1686947493000,"permission_group":"johnyjurisich_CVCarbon,jpinsky@cvcarbon.com,JJurisich_CVCarbon","lease_number":"32024","archive":"bedded"}},{"type":"Feature","id":298,"geometry":{"type":"Point","coordinates":[-9976474.8790000007,3424366.7387999967]},"properties":{"OBJECTID":298,"substrate":"Mud","substrate_type":null,"buried_shell_depth":null,"water_depth":null,"GlobalID":"{57BDC9E4-0AE1-4E37-958A-6297322CD41A}","created_user":"jjordan_CVCarbon","created_date":1753038558577,"last_edited_user":"jjordan_CVCarbon","last_edited_date":1780425891246,"polling_date":1686947500000,"permission_group":"johnyjurisich_CVCarbon,jpinsky@cvcarbon.com,JJurisich_CVCarbon","lease_number":"32024","archive":"bedded"}},{"type":"Feature","id":299,"geometry":{"type":"Point","coordinates":[-9976450.2437999994,3424331.389200002]},"properties":{"OBJECTID":299,"substrate":"Mud","substrate_type":null,"buried_shell_depth":null,"water_depth":null,"GlobalID":"{ECB826FF-9987-4B2D-B9BE-E50AF53AEEA5}","created_user":"jjordan_CVCarbon","created_date":1753038558577,"last_edited_user":"jjordan_CVCarbon","last_edited_date":1780425891246,"polling_date":1686947512000,"permission_group":"johnyjurisich_CVCarbon,jpinsky@cvcarbon.com,JJurisich_CVCarbon","lease_number":"32024","archive":"bedded"}},{"type":"Feature","id":300,"geometry":{"type":"Point","coordinates":[-9976431.7386000007,3424306.8447000012]},"properties":{"OBJECTID":300,"substrate":"Mud","substrate_type":null,"buried_shell_depth":null,"water_depth":null,"GlobalID":"{EC684A75-3BF2-4466-A36B-58BB38D9F66C}","created_user":"jjordan_CVCarbon","created_date":1753038558577,"last_edited_user":"jjordan_CVCarbon","last_edited_date":1780425891246,"polling_date":1686947520000,"permission_group":"johnyjurisich_CVCarbon,jpinsky@cvcarbon.com,JJurisich_CVCarbon","lease_number":"32024","archive":"bedded"}},{"type":"Feature","id":301,"geometry":{"type":"Point","coordinates":[-9976404.3701000009,3424263.0165000036]},"properties":{"OBJECTID":301,"substrate":"Mud","substrate_type":null,"buried_shell_depth":null,"water_depth":null,"GlobalID":"{2CE813F1-F37F-4C79-AC4F-3AD9B99ED59F}","created_user":"jjordan_CVCarbon","created_date":1753038558577,"last_edited_user":"jjordan_CVCarbon","last_edited_date":1780425891246,"polling_date":1686947534000,"permission_group":"johnyjurisich_CVCarbon,jpinsky@cvcarbon.com,JJurisich_CVCarbon","lease_number":"32024","archive":"bedded"}},{"type":"Feature","id":302,"geometry":{"type":"Point","coordinates":[-9976382.0899999999,3424219.063000001]},"properties":{"OBJECTID":302,"substrate":"Mud","substrate_type":null,"buried_shell_depth":null,"water_depth":null,"GlobalID":"{1453773B-F616-4F3C-80FA-AEC2574666C2}","created_user":"jjordan_CVCarbon","created_date":1753038558577,"last_edited_user":"jjordan_CVCarbon","last_edited_date":1780425891246,"polling_date":1686947545000,"permission_group":"johnyjurisich_CVCarbon,jpinsky@cvcarbon.com,JJurisich_CVCarbon","lease_number":"32024","archive":"bedded"}},{"type":"Feature","id":303,"geometry":{"type":"Point","coordinates":[-9976351.8743999992,3424187.1401000023]},"properties":{"OBJECTID":303,"substrate":"Mud","substrate_type":null,"buried_shell_depth":null,"water_depth":null,"GlobalID":"{DB0DFF53-C5A0-482A-8803-055BD9B71A78}","created_user":"jjordan_CVCarbon","created_date":1753038558577,"last_edited_user":"jjordan_CVCarbon","last_edited_date":1780425891246,"polling_date":1686947558000,"permission_group":"johnyjurisich_CVCarbon,jpinsky@cvcarbon.com,JJurisich_CVCarbon","lease_number":"32024","archive":"bedded"}},{"type":"Feature","id":304,"geometry":{"type":"Point","coordinates":[-9976325.0128000006,3424137.8354000002]},"properties":{"OBJECTID":304,"substrate":"Mud","substrate_type":null,"buried_shell_depth":null,"water_depth":null,"GlobalID":"{440BC14A-E76F-4EF3-A18D-3CEC729F5EFE}","created_user":"jjordan_CVCarbon","created_date":1753038558577,"last_edited_user":"jjordan_CVCarbon","last_edited_date":1780425891246,"polling_date":1686947574000,"permission_group":"johnyjurisich_CVCarbon,jpinsky@cvcarbon.com,JJurisich_CVCarbon","lease_number":"32024","archive":"bedded"}},{"type":"Feature","id":305,"geometry":{"type":"Point","coordinates":[-9976301.2807,3424104.814000003]},"properties":{"OBJECTID":305,"substrate":"Mud","substrate_type":null,"buried_shell_depth":null,"water_depth":null,"GlobalID":"{D139E257-30E6-4B02-AA1D-AC4BF20A58BB}","created_user":"jjordan_CVCarbon","created_date":1753038558577,"last_edited_user":"jjordan_CVCarbon","last_edited_date":1780425891246,"polling_date":1686947585000,"permission_group":"johnyjurisich_CVCarbon,jpinsky@cvcarbon.com,JJurisich_CVCarbon","lease_number":"32024","archive":"bedded"}},{"type":"Feature","id":306,"geometry":{"type":"Point","coordinates":[-9976541.6317999996,3424309.8792999983]},"properties":{"OBJECTID":306,"substrate":"Scattered Shell","substrate_type":null,"buried_shell_depth":null,"water_depth":null,"GlobalID":"{2AAAF07E-F47C-4BC9-B7BA-A6ECD9C599E7}","created_user":"jjordan_CVCarbon","created_date":1753038558577,"last_edited_user":"jjordan_CVCarbon","last_edited_date":1780425891246,"polling_date":1686947693000,"permission_group":"johnyjurisich_CVCarbon,jpinsky@cvcarbon.com,JJurisich_CVCarbon","lease_number":"32024","archive":"bedded"}},{"type":"Feature","id":307,"geometry":{"type":"Point","coordinates":[-9977018.4412999991,3424837.7373000011]},"properties":{"OBJECTID":307,"substrate":"Mud","substrate_type":null,"buried_shell_depth":null,"water_depth":null,"GlobalID":"{BD82E621-CDFB-4F24-A7B3-F36F08278EDD}","created_user":"jjordan_CVCarbon","created_date":1753038558577,"last_edited_user":"jjordan_CVCarbon","last_edited_date":1780425891246,"polling_date":1686939608000,"permission_group":"johnyjurisich_CVCarbon,jpinsky@cvcarbon.com,JJurisich_CVCarbon","lease_number":"32024","archive":"bedded"}},{"type":"Feature","id":308,"geometry":{"type":"Point","coordinates":[-9976940.5631000008,3424846.4510999992]},"properties":{"OBJECTID":308,"substrate":"Mud","substrate_type":null,"buried_shell_depth":null,"water_depth":null,"GlobalID":"{60D57F63-D852-44A4-97EC-8164BC332D22}","created_user":"jjordan_CVCarbon","created_date":1753038558577,"last_edited_user":"jjordan_CVCarbon","last_edited_date":1780425891246,"polling_date":1686939626000,"permission_group":"johnyjurisich_CVCarbon,jpinsky@cvcarbon.com,JJurisich_CVCarbon","lease_number":"32024","archive":"bedded"}},{"type":"Feature","id":309,"geometry":{"type":"Point","coordinates":[-9976898.2997999992,3424852.6194999963]},"properties":{"OBJECTID":309,"substrate":"Mud","substrate_type":null,"buried_shell_depth":null,"water_depth":null,"GlobalID":"{56168B9D-A403-4890-B0D5-C1EE19693FF3}","created_user":"jjordan_CVCarbon","created_date":1753038558577,"last_edited_user":"jjordan_CVCarbon","last_edited_date":1780425891246,"polling_date":1686939638000,"permission_group":"johnyjurisich_CVCarbon,jpinsky@cvcarbon.com,JJurisich_CVCarbon","lease_number":"32024","archive":"bedded"}},{"type":"Feature","id":310,"geometry":{"type":"Point","coordinates":[-9976848.0574999992,3424858.1128999963]},"properties":{"OBJECTID":310,"substrate":"Mud","substrate_type":null,"buried_shell_depth":null,"water_depth":null,"GlobalID":"{E1051E0C-6C88-4B87-A5C5-393501B3F681}","created_user":"jjordan_CVCarbon","created_date":1753038558577,"last_edited_user":"jjordan_CVCarbon","last_edited_date":1780425891246,"polling_date":1686939652000,"permission_group":"johnyjurisich_CVCarbon,jpinsky@cvcarbon.com,JJurisich_CVCarbon","lease_number":"32024","archive":"bedded"}},{"type":"Feature","id":311,"geometry":{"type":"Point","coordinates":[-9976787.7438999992,3424869.5063999966]},"properties":{"OBJECTID":311,"substrate":"Mud","substrate_type":null,"buried_shell_depth":null,"water_depth":null,"GlobalID":"{C6F8A1DB-D974-4CFD-9CEC-2A7582605304}","created_user":"jjordan_CVCarbon","created_date":1753038558577,"last_edited_user":"jjordan_CVCarbon","last_edited_date":1780425891246,"polling_date":1686939670000,"permission_group":"johnyjurisich_CVCarbon,jpinsky@cvcarbon.com,JJurisich_CVCarbon","lease_number":"32024","archive":"bedded"}},{"type":"Feature","id":312,"geometry":{"type":"Point","coordinates":[-9976755.9085000008,3424873.3178000003]},"properties":{"OBJECTID":312,"substrate":"Mud","substrate_type":null,"buried_shell_depth":null,"water_depth":null,"GlobalID":"{E91B0513-EE7C-4B95-B052-3E42A72C4816}","created_user":"jjordan_CVCarbon","created_date":1753038558577,"last_edited_user":"jjordan_CVCarbon","last_edited_date":1780425891246,"polling_date":1686939678000,"permission_group":"johnyjurisich_CVCarbon,jpinsky@cvcarbon.com,JJurisich_CVCarbon","lease_number":"32024","archive":"bedded"}},{"type":"Feature","id":313,"geometry":{"type":"Point","coordinates":[-9976749.8736000005,3424946.2395000011]},"properties":{"OBJECTID":313,"substrate":"Mud","substrate_type":null,"buried_shell_depth":null,"water_depth":null,"GlobalID":"{CAD2930D-2C6F-45B1-ACD1-5CD412510E3C}","created_user":"jjordan_CVCarbon","created_date":1753038558577,"last_edited_user":"jjordan_CVCarbon","last_edited_date":1780425891246,"polling_date":1686939777000,"permission_group":"johnyjurisich_CVCarbon,jpinsky@cvcarbon.com,JJurisich_CVCarbon","lease_number":"32024","archive":"bedded"}},{"type":"Feature","id":314,"geometry":{"type":"Point","coordinates":[-9976781.2597000003,3424933.9798000008]},"properties":{"OBJECTID":314,"substrate":"Mud","substrate_type":null,"buried_shell_depth":null,"water_depth":null,"GlobalID":"{4703590E-5FC4-4F5C-8994-1ECBCA53E956}","created_user":"jjordan_CVCarbon","created_date":1753038558577,"last_edited_user":"jjordan_CVCarbon","last_edited_date":1780425891246,"polling_date":1686939786000,"permission_group":"johnyjurisich_CVCarbon,jpinsky@cvcarbon.com,JJurisich_CVCarbon","lease_number":"32024","archive":"bedded"}},{"type":"Feature","id":315,"geometry":{"type":"Point","coordinates":[-9976809.4692000002,3424924.5895999968]},"properties":{"OBJECTID":315,"substrate":"Mud","substrate_type":null,"buried_shell_depth":null,"water_depth":null,"GlobalID":"{360F4614-AAFA-42BB-BA88-4C8A1FECD9D4}","created_user":"jjordan_CVCarbon","created_date":1753038558577,"last_edited_user":"jjordan_CVCarbon","last_edited_date":1780425891246,"polling_date":1686939795000,"permission_group":"johnyjurisich_CVCarbon,jpinsky@cvcarbon.com,JJurisich_CVCarbon","lease_number":"32024","archive":"bedded"}},{"type":"Feature","id":316,"geometry":{"type":"Point","coordinates":[-9976842.7997999992,3424912.0797000006]},"properties":{"OBJECTID":316,"substrate":"Mud","substrate_type":null,"buried_shell_depth":null,"water_depth":null,"GlobalID":"{5000CDEB-D3C1-4267-A965-1D084F42F602}","created_user":"jjordan_CVCarbon","created_date":1753038558577,"last_edited_user":"jjordan_CVCarbon","last_edited_date":1780425891246,"polling_date":1686939806000,"permission_group":"johnyjurisich_CVCarbon,jpinsky@cvcarbon.com,JJurisich_CVCarbon","lease_number":"32024","archive":"bedded"}},{"type":"Feature","id":317,"geometry":{"type":"Point","coordinates":[-9976860.0730000008,3424902.9052999988]},"properties":{"OBJECTID":317,"substrate":"Mud","substrate_type":null,"buried_shell_depth":null,"water_depth":null,"GlobalID":"{B3E839B1-DF37-4F86-ADA7-6AE55060D028}","created_user":"jjordan_CVCarbon","created_date":1753038558577,"last_edited_user":"jjordan_CVCarbon","last_edited_date":1780425891246,"polling_date":1686939812000,"permission_group":"johnyjurisich_CVCarbon,jpinsky@cvcarbon.com,JJurisich_CVCarbon","lease_number":"32024","archive":"bedded"}},{"type":"Feature","id":318,"geometry":{"type":"Point","coordinates":[-9976885.3621999994,3424891.1374000013]},"properties":{"OBJECTID":318,"substrate":"Buried Shell","substrate_type":null,"buried_shell_depth":null,"water_depth":null,"GlobalID":"{F491E86C-22DD-4465-8300-85BFE385C407}","created_user":"jjordan_CVCarbon","created_date":1753038558577,"last_edited_user":"jjordan_CVCarbon","last_edited_date":1780425891246,"polling_date":1686939821000,"permission_group":"johnyjurisich_CVCarbon,jpinsky@cvcarbon.com,JJurisich_CVCarbon","lease_number":"32024","archive":"bedded"}},{"type":"Feature","id":319,"geometry":{"type":"Point","coordinates":[-9976912.0692999996,3424881.7282000035]},"properties":{"OBJECTID":319,"substrate":"Mud","substrate_type":null,"buried_shell_depth":null,"water_depth":null,"GlobalID":"{049BAAC9-E3C8-4636-8ED2-FC4E4134069D}","created_user":"jjordan_CVCarbon","created_date":1753038558577,"last_edited_user":"jjordan_CVCarbon","last_edited_date":1780425891246,"polling_date":1686939831000,"permission_group":"johnyjurisich_CVCarbon,jpinsky@cvcarbon.com,JJurisich_CVCarbon","lease_number":"32024","archive":"bedded"}},{"type":"Feature","id":320,"geometry":{"type":"Point","coordinates":[-9976953.8615000006,3424871.2466999963]},"properties":{"OBJECTID":320,"substrate":"Mud","substrate_type":null,"buried_shell_depth":null,"water_depth":null,"GlobalID":"{3993A82C-3498-42D1-AD8C-4D09534C24D2}","created_user":"jjordan_CVCarbon","created_date":1753038558577,"last_edited_user":"jjordan_CVCarbon","last_edited_date":1780425891246,"polling_date":1686939842000,"permission_group":"johnyjurisich_CVCarbon,jpinsky@cvcarbon.com,JJurisich_CVCarbon","lease_number":"32024","archive":"bedded"}},{"type":"Feature","id":321,"geometry":{"type":"Point","coordinates":[-9976984.8534999993,3424858.7436999977]},"properties":{"OBJECTID":321,"substrate":"Mud","substrate_type":null,"buried_shell_depth":null,"water_depth":null,"GlobalID":"{380F7469-A234-43E1-B546-D6FEFA4AE4A7}","created_user":"jjordan_CVCarbon","created_date":1753038558577,"last_edited_user":"jjordan_CVCarbon","last_edited_date":1780425891246,"polling_date":1686939851000,"permission_group":"johnyjurisich_CVCarbon,jpinsky@cvcarbon.com,JJurisich_CVCarbon","lease_number":"32024","archive":"bedded"}},{"type":"Feature","id":322,"geometry":{"type":"Point","coordinates":[-9977019.6356000006,3424846.550999999]},"properties":{"OBJECTID":322,"substrate":"Mud","substrate_type":null,"buried_shell_depth":null,"water_depth":null,"GlobalID":"{CB8BF5EF-5B1E-4D6E-B651-726C767805B8}","created_user":"jjordan_CVCarbon","created_date":1753038558577,"last_edited_user":"jjordan_CVCarbon","last_edited_date":1780425891246,"polling_date":1686939866000,"permission_group":"johnyjurisich_CVCarbon,jpinsky@cvcarbon.com,JJurisich_CVCarbon","lease_number":"32024","archive":"bedded"}},{"type":"Feature","id":323,"geometry":{"type":"Point","coordinates":[-9977053.8334999997,3424835.371799998]},"properties":{"OBJECTID":323,"substrate":"Mud","substrate_type":null,"buried_shell_depth":null,"water_depth":null,"GlobalID":"{979D7640-9F2E-470D-9F6C-9E0888190775}","created_user":"jjordan_CVCarbon","created_date":1753038558577,"last_edited_user":"jjordan_CVCarbon","last_edited_date":1780425891246,"polling_date":1686939874000,"permission_group":"johnyjurisich_CVCarbon,jpinsky@cvcarbon.com,JJurisich_CVCarbon","lease_number":"32024","archive":"bedded"}},{"type":"Feature","id":324,"geometry":{"type":"Point","coordinates":[-9977092.4494000003,3424820.8558999971]},"properties":{"OBJECTID":324,"substrate":"Mud","substrate_type":null,"buried_shell_depth":null,"water_depth":null,"GlobalID":"{3DBFCC94-CC03-4E83-AA91-F24261432CFF}","created_user":"jjordan_CVCarbon","created_date":1753038558577,"last_edited_user":"jjordan_CVCarbon","last_edited_date":1780425891246,"polling_date":1686939885000,"permission_group":"johnyjurisich_CVCarbon,jpinsky@cvcarbon.com,JJurisich_CVCarbon","lease_number":"32024","archive":"bedded"}},{"type":"Feature","id":325,"geometry":{"type":"Point","coordinates":[-9977120.1450999994,3424810.0785999969]},"properties":{"OBJECTID":325,"substrate":"Mud","substrate_type":null,"buried_shell_depth":null,"water_depth":null,"GlobalID":"{64F4B932-3218-45C7-91AE-5912075D3166}","created_user":"jjordan_CVCarbon","created_date":1753038558577,"last_edited_user":"jjordan_CVCarbon","last_edited_date":1780425891246,"polling_date":1686939894000,"permission_group":"johnyjurisich_CVCarbon,jpinsky@cvcarbon.com,JJurisich_CVCarbon","lease_number":"32024","archive":"bedded"}},{"type":"Feature","id":326,"geometry":{"type":"Point","coordinates":[-9977148.0244999994,3424800.493900001]},"properties":{"OBJECTID":326,"substrate":"Mud","substrate_type":null,"buried_shell_depth":null,"water_depth":null,"GlobalID":"{CF4C1D5A-A0F0-44B3-9213-066217983F28}","created_user":"jjordan_CVCarbon","created_date":1753038558577,"last_edited_user":"jjordan_CVCarbon","last_edited_date":1780425891246,"polling_date":1686939904000,"permission_group":"johnyjurisich_CVCarbon,jpinsky@cvcarbon.com,JJurisich_CVCarbon","lease_number":"32024","archive":"bedded"}},{"type":"Feature","id":327,"geometry":{"type":"Point","coordinates":[-9977184.2810999993,3424789.4289000034]},"properties":{"OBJECTID":327,"substrate":"Mud","substrate_type":null,"buried_shell_depth":null,"water_depth":null,"GlobalID":"{1387E54F-16C6-44A9-9BA8-5C3A2807E5D7}","created_user":"jjordan_CVCarbon","created_date":1753038558577,"last_edited_user":"jjordan_CVCarbon","last_edited_date":1780425891246,"polling_date":1686939919000,"permission_group":"johnyjurisich_CVCarbon,jpinsky@cvcarbon.com,JJurisich_CVCarbon","lease_number":"32024","archive":"bedded"}},{"type":"Feature","id":328,"geometry":{"type":"Point","coordinates":[-9977222.6666999999,3424775.4134000018]},"properties":{"OBJECTID":328,"substrate":"Mud","substrate_type":null,"buried_shell_depth":null,"water_depth":null,"GlobalID":"{E045C34C-7D40-451C-8BF8-51749FADB448}","created_user":"jjordan_CVCarbon","created_date":1753038558577,"last_edited_user":"jjordan_CVCarbon","last_edited_date":1780425891246,"polling_date":1686939927000,"permission_group":"johnyjurisich_CVCarbon,jpinsky@cvcarbon.com,JJurisich_CVCarbon","lease_number":"32024","archive":"bedded"}},{"type":"Feature","id":329,"geometry":{"type":"Point","coordinates":[-9977247.3396000005,3424765.9309]},"properties":{"OBJECTID":329,"substrate":"Mud","substrate_type":null,"buried_shell_depth":null,"water_depth":null,"GlobalID":"{A419FD9F-5942-4B1B-B183-E77954E8B3C1}","created_user":"jjordan_CVCarbon","created_date":1753038558577,"last_edited_user":"jjordan_CVCarbon","last_edited_date":1780425891246,"polling_date":1686939938000,"permission_group":"johnyjurisich_CVCarbon,jpinsky@cvcarbon.com,JJurisich_CVCarbon","lease_number":"32024","archive":"bedded"}},{"type":"Feature","id":330,"geometry":{"type":"Point","coordinates":[-9977221.5795000009,3424693.8805000037]},"properties":{"OBJECTID":330,"substrate":"Mud","substrate_type":null,"buried_shell_depth":null,"water_depth":null,"GlobalID":"{AE976725-C4FE-455F-BD88-3AD5B9DC4D80}","created_user":"jjordan_CVCarbon","created_date":1753038558577,"last_edited_user":"jjordan_CVCarbon","last_edited_date":1780425891246,"polling_date":1686940015000,"permission_group":"johnyjurisich_CVCarbon,jpinsky@cvcarbon.com,JJurisich_CVCarbon","lease_number":"32024","archive":"bedded"}},{"type":"Feature","id":331,"geometry":{"type":"Point","coordinates":[-9977201.5695999991,3424701.5451999977]},"properties":{"OBJECTID":331,"substrate":"Scattered Shell","substrate_type":null,"buried_shell_depth":null,"water_depth":null,"GlobalID":"{BBF4E9DF-AF5B-4649-8BAC-6A6547968919}","created_user":"jjordan_CVCarbon","created_date":1753038558577,"last_edited_user":"jjordan_CVCarbon","last_edited_date":1780425891246,"polling_date":1686940025000,"permission_group":"johnyjurisich_CVCarbon,jpinsky@cvcarbon.com,JJurisich_CVCarbon","lease_number":"32024","archive":"bedded"}},{"type":"Feature","id":332,"geometry":{"type":"Point","coordinates":[-9977150.1667999998,3424725.7348000035]},"properties":{"OBJECTID":332,"substrate":"Solid Reef","substrate_type":null,"buried_shell_depth":null,"water_depth":null,"GlobalID":"{CBA6850C-2B9D-4567-91B2-B801792883AF}","created_user":"jjordan_CVCarbon","created_date":1753038558577,"last_edited_user":"jjordan_CVCarbon","last_edited_date":1780425891246,"polling_date":1686940037000,"permission_group":"johnyjurisich_CVCarbon,jpinsky@cvcarbon.com,JJurisich_CVCarbon","lease_number":"32024","archive":"bedded"}},{"type":"Feature","id":333,"geometry":{"type":"Point","coordinates":[-9977126.1676000003,3424737.0534999967]},"properties":{"OBJECTID":333,"substrate":"Scattered Shell","substrate_type":null,"buried_shell_depth":null,"water_depth":null,"GlobalID":"{9B2ECCFF-F253-4666-9AF0-73DBDA6B7153}","created_user":"jjordan_CVCarbon","created_date":1753038558577,"last_edited_user":"jjordan_CVCarbon","last_edited_date":1780425891246,"polling_date":1686940044000,"permission_group":"johnyjurisich_CVCarbon,jpinsky@cvcarbon.com,JJurisich_CVCarbon","lease_number":"32024","archive":"bedded"}},{"type":"Feature","id":334,"geometry":{"type":"Point","coordinates":[-9977102.9419,3424746.6482999995]},"properties":{"OBJECTID":334,"substrate":"Scattered Shell","substrate_type":null,"buried_shell_depth":null,"water_depth":null,"GlobalID":"{0C1778EB-C8C7-4186-B55C-6372F754C621}","created_user":"jjordan_CVCarbon","created_date":1753038558577,"last_edited_user":"jjordan_CVCarbon","last_edited_date":1780425891246,"polling_date":1686940050000,"permission_group":"johnyjurisich_CVCarbon,jpinsky@cvcarbon.com,JJurisich_CVCarbon","lease_number":"32024","archive":"bedded"}},{"type":"Feature","id":335,"geometry":{"type":"Point","coordinates":[-9977084.7993999999,3424755.5296000019]},"properties":{"OBJECTID":335,"substrate":"Buried Shell","substrate_type":null,"buried_shell_depth":null,"water_depth":null,"GlobalID":"{7FD6941E-CA4F-41F4-B8C5-2FFC0B77F779}","created_user":"jjordan_CVCarbon","created_date":1753038558577,"last_edited_user":"jjordan_CVCarbon","last_edited_date":1780425891246,"polling_date":1686940057000,"permission_group":"johnyjurisich_CVCarbon,jpinsky@cvcarbon.com,JJurisich_CVCarbon","lease_number":"32024","archive":"bedded"}},{"type":"Feature","id":336,"geometry":{"type":"Point","coordinates":[-9977057.9234999996,3424766.369099997]},"properties":{"OBJECTID":336,"substrate":"Buried Shell","substrate_type":null,"buried_shell_depth":null,"water_depth":null,"GlobalID":"{D8552AB8-AC5C-47F3-9837-D723C0D8A608}","created_user":"jjordan_CVCarbon","created_date":1753038558577,"last_edited_user":"jjordan_CVCarbon","last_edited_date":1780425891246,"polling_date":1686940064000,"permission_group":"johnyjurisich_CVCarbon,jpinsky@cvcarbon.com,JJurisich_CVCarbon","lease_number":"32024","archive":"bedded"}},{"type":"Feature","id":337,"geometry":{"type":"Point","coordinates":[-9977034.6574000008,3424773.8284000009]},"properties":{"OBJECTID":337,"substrate":"Buried Shell","substrate_type":null,"buried_shell_depth":"Less Than 6\"","water_depth":null,"GlobalID":"{2E68C6A8-001D-447C-A44B-6000BA4E8CCD}","created_user":"jjordan_CVCarbon","created_date":1753038558577,"last_edited_user":"jjordan_CVCarbon","last_edited_date":1780425891246,"polling_date":1686940073000,"permission_group":"johnyjurisich_CVCarbon,jpinsky@cvcarbon.com,JJurisich_CVCarbon","lease_number":"32024","archive":"bedded"}},{"type":"Feature","id":338,"geometry":{"type":"Point","coordinates":[-9977001.5770999994,3424786.7449999973]},"properties":{"OBJECTID":338,"substrate":"Buried Shell","substrate_type":null,"buried_shell_depth":"Less Than 6\"","water_depth":null,"GlobalID":"{D946ECC8-FC97-4B79-ADA9-5E6077EA486A}","created_user":"jjordan_CVCarbon","created_date":1753038558577,"last_edited_user":"jjordan_CVCarbon","last_edited_date":1780425891246,"polling_date":1686940081000,"permission_group":"johnyjurisich_CVCarbon,jpinsky@cvcarbon.com,JJurisich_CVCarbon","lease_number":"32024","archive":"bedded"}},{"type":"Feature","id":339,"geometry":{"type":"Point","coordinates":[-9976964.3659000006,3424796.6683000028]},"properties":{"OBJECTID":339,"substrate":"Buried Shell","substrate_type":null,"buried_shell_depth":"Less Than 6\"","water_depth":null,"GlobalID":"{13AD65B7-AF4B-4213-8001-E4819C8D9555}","created_user":"jjordan_CVCarbon","created_date":1753038558577,"last_edited_user":"jjordan_CVCarbon","last_edited_date":1780425891246,"polling_date":1686940093000,"permission_group":"johnyjurisich_CVCarbon,jpinsky@cvcarbon.com,JJurisich_CVCarbon","lease_number":"32024","archive":"bedded"}},{"type":"Feature","id":340,"geometry":{"type":"Point","coordinates":[-9976919.6060000006,3424810.2665000036]},"properties":{"OBJECTID":340,"substrate":"Buried Shell","substrate_type":null,"buried_shell_depth":"Less Than 6\"","water_depth":null,"GlobalID":"{627DFDAF-3257-459D-86D4-D5BEE1E4013A}","created_user":"jjordan_CVCarbon","created_date":1753038558577,"last_edited_user":"jjordan_CVCarbon","last_edited_date":1780425891246,"polling_date":1686940105000,"permission_group":"johnyjurisich_CVCarbon,jpinsky@cvcarbon.com,JJurisich_CVCarbon","lease_number":"32024","archive":"bedded"}},{"type":"Feature","id":341,"geometry":{"type":"Point","coordinates":[-9976876.3631999996,3424825.8328000009]},"properties":{"OBJECTID":341,"substrate":"Mud","substrate_type":null,"buried_shell_depth":null,"water_depth":null,"GlobalID":"{F98F90F1-67B8-4776-9D1D-A4174AA59CC8}","created_user":"jjordan_CVCarbon","created_date":1753038558577,"last_edited_user":"jjordan_CVCarbon","last_edited_date":1780425891246,"polling_date":1686940119000,"permission_group":"johnyjurisich_CVCarbon,jpinsky@cvcarbon.com,JJurisich_CVCarbon","lease_number":"32024","archive":"bedded"}},{"type":"Feature","id":342,"geometry":{"type":"Point","coordinates":[-9976827.4245999996,3424840.0307999998]},"properties":{"OBJECTID":342,"substrate":"Mud","substrate_type":null,"buried_shell_depth":null,"water_depth":null,"GlobalID":"{70CFEDBA-B80B-4A18-B6C4-2EC247A08F6D}","created_user":"jjordan_CVCarbon","created_date":1753038558577,"last_edited_user":"jjordan_CVCarbon","last_edited_date":1780425891246,"polling_date":1686940132000,"permission_group":"johnyjurisich_CVCarbon,jpinsky@cvcarbon.com,JJurisich_CVCarbon","lease_number":"32024","archive":"bedded"}},{"type":"Feature","id":343,"geometry":{"type":"Point","coordinates":[-9976774.0505999997,3424858.4060000032]},"properties":{"OBJECTID":343,"substrate":"Mud","substrate_type":null,"buried_shell_depth":null,"water_depth":null,"GlobalID":"{AB471F81-86EE-476C-A68D-3FB2E51AF315}","created_user":"jjordan_CVCarbon","created_date":1753038558577,"last_edited_user":"jjordan_CVCarbon","last_edited_date":1780425891246,"polling_date":1686940149000,"permission_group":"johnyjurisich_CVCarbon,jpinsky@cvcarbon.com,JJurisich_CVCarbon","lease_number":"32024","archive":"bedded"}},{"type":"Feature","id":344,"geometry":{"type":"Point","coordinates":[-9976723.3103,3424809.7294000015]},"properties":{"OBJECTID":344,"substrate":"Buried Shell","substrate_type":null,"buried_shell_depth":null,"water_depth":null,"GlobalID":"{77ECD6B0-C68A-4C15-8586-921EE2FA2019}","created_user":"jjordan_CVCarbon","created_date":1753038558577,"last_edited_user":"jjordan_CVCarbon","last_edited_date":1780425891246,"polling_date":1686940233000,"permission_group":"johnyjurisich_CVCarbon,jpinsky@cvcarbon.com,JJurisich_CVCarbon","lease_number":"32024","archive":"bedded"}},{"type":"Feature","id":345,"geometry":{"type":"Point","coordinates":[-9976760.7217999995,3424810.8351000026]},"properties":{"OBJECTID":345,"substrate":"Mud","substrate_type":null,"buried_shell_depth":null,"water_depth":null,"GlobalID":"{174E7296-54C5-42E8-9347-CA32F72C519C}","created_user":"jjordan_CVCarbon","created_date":1753038558577,"last_edited_user":"jjordan_CVCarbon","last_edited_date":1780425891246,"polling_date":1686940244000,"permission_group":"johnyjurisich_CVCarbon,jpinsky@cvcarbon.com,JJurisich_CVCarbon","lease_number":"32024","archive":"bedded"}},{"type":"Feature","id":346,"geometry":{"type":"Point","coordinates":[-9976807.7392999995,3424813.7189999968]},"properties":{"OBJECTID":346,"substrate":"Mud","substrate_type":null,"buried_shell_depth":null,"water_depth":null,"GlobalID":"{1EE32CB1-7CF9-4D48-8CB2-DA0926B01017}","created_user":"jjordan_CVCarbon","created_date":1753038558577,"last_edited_user":"jjordan_CVCarbon","last_edited_date":1780425891246,"polling_date":1686940256000,"permission_group":"johnyjurisich_CVCarbon,jpinsky@cvcarbon.com,JJurisich_CVCarbon","lease_number":"32024","archive":"bedded"}},{"type":"Feature","id":347,"geometry":{"type":"Point","coordinates":[-9976841.3204999994,3424805.686499998]},"properties":{"OBJECTID":347,"substrate":"Mud","substrate_type":null,"buried_shell_depth":null,"water_depth":null,"GlobalID":"{64FE8C1D-BCCE-454C-8A1C-6C09B3F99105}","created_user":"jjordan_CVCarbon","created_date":1753038558577,"last_edited_user":"jjordan_CVCarbon","last_edited_date":1780425891246,"polling_date":1686940266000,"permission_group":"johnyjurisich_CVCarbon,jpinsky@cvcarbon.com,JJurisich_CVCarbon","lease_number":"32024","archive":"bedded"}},{"type":"Feature","id":348,"geometry":{"type":"Point","coordinates":[-9976878.6340999994,3424796.7668000013]},"properties":{"OBJECTID":348,"substrate":"Mud","substrate_type":null,"buried_shell_depth":null,"water_depth":null,"GlobalID":"{CB75D8F4-2FD5-4BB9-B51E-4016AD4B3DD0}","created_user":"jjordan_CVCarbon","created_date":1753038558577,"last_edited_user":"jjordan_CVCarbon","last_edited_date":1780425891246,"polling_date":1686940276000,"permission_group":"johnyjurisich_CVCarbon,jpinsky@cvcarbon.com,JJurisich_CVCarbon","lease_number":"32024","archive":"bedded"}},{"type":"Feature","id":349,"geometry":{"type":"Point","coordinates":[-9976897.3817999996,3424790.4825000018]},"properties":{"OBJECTID":349,"substrate":"Buried Shell","substrate_type":null,"buried_shell_depth":null,"water_depth":null,"GlobalID":"{245F9AB2-6D7C-4B46-B436-F22BE6A602F4}","created_user":"jjordan_CVCarbon","created_date":1753038558577,"last_edited_user":"jjordan_CVCarbon","last_edited_date":1780425891246,"polling_date":1686940284000,"permission_group":"johnyjurisich_CVCarbon,jpinsky@cvcarbon.com,JJurisich_CVCarbon","lease_number":"32024","archive":"bedded"}},{"type":"Feature","id":350,"geometry":{"type":"Point","coordinates":[-9976939.5782999992,3424775.8593999967]},"properties":{"OBJECTID":350,"substrate":"Buried Shell","substrate_type":null,"buried_shell_depth":null,"water_depth":null,"GlobalID":"{E96707BC-2777-465E-ACA9-BEBE2313E716}","created_user":"jjordan_CVCarbon","created_date":1753038558577,"last_edited_user":"jjordan_CVCarbon","last_edited_date":1780425891246,"polling_date":1686940295000,"permission_group":"johnyjurisich_CVCarbon,jpinsky@cvcarbon.com,JJurisich_CVCarbon","lease_number":"32024","archive":"bedded"}},{"type":"Feature","id":351,"geometry":{"type":"Point","coordinates":[-9976956.0730000008,3424771.2524999976]},"properties":{"OBJECTID":351,"substrate":"Buried Shell","substrate_type":null,"buried_shell_depth":null,"water_depth":null,"GlobalID":"{7B0354E7-047C-48A7-952B-FEEA9CEA10BA}","created_user":"jjordan_CVCarbon","created_date":1753038558577,"last_edited_user":"jjordan_CVCarbon","last_edited_date":1780425891246,"polling_date":1686940300000,"permission_group":"johnyjurisich_CVCarbon,jpinsky@cvcarbon.com,JJurisich_CVCarbon","lease_number":"32024","archive":"bedded"}},{"type":"Feature","id":352,"geometry":{"type":"Point","coordinates":[-9976978.1725999992,3424764.0807999969]},"properties":{"OBJECTID":352,"substrate":"Buried Shell","substrate_type":null,"buried_shell_depth":null,"water_depth":null,"GlobalID":"{E7E69704-FF61-4775-BC3C-B88195E5A356}","created_user":"jjordan_CVCarbon","created_date":1753038558577,"last_edited_user":"jjordan_CVCarbon","last_edited_date":1780425891246,"polling_date":1686940307000,"permission_group":"johnyjurisich_CVCarbon,jpinsky@cvcarbon.com,JJurisich_CVCarbon","lease_number":"32024","archive":"bedded"}},{"type":"Feature","id":353,"geometry":{"type":"Point","coordinates":[-9977010.2379000001,3424752.7260000035]},"properties":{"OBJECTID":353,"substrate":"Buried Shell","substrate_type":null,"buried_shell_depth":null,"water_depth":null,"GlobalID":"{0263CEA6-5338-4EF4-901F-50BBE4A1D0C7}","created_user":"jjordan_CVCarbon","created_date":1753038558577,"last_edited_user":"jjordan_CVCarbon","last_edited_date":1780425891246,"polling_date":1686940318000,"permission_group":"johnyjurisich_CVCarbon,jpinsky@cvcarbon.com,JJurisich_CVCarbon","lease_number":"32024","archive":"bedded"}},{"type":"Feature","id":354,"geometry":{"type":"Point","coordinates":[-9977038.5923999995,3424742.5315999985]},"properties":{"OBJECTID":354,"substrate":"Buried Shell","substrate_type":null,"buried_shell_depth":null,"water_depth":null,"GlobalID":"{408901F7-5F75-4EF1-B13D-BA3A39250217}","created_user":"jjordan_CVCarbon","created_date":1753038558577,"last_edited_user":"jjordan_CVCarbon","last_edited_date":1780425891246,"polling_date":1686940326000,"permission_group":"johnyjurisich_CVCarbon,jpinsky@cvcarbon.com,JJurisich_CVCarbon","lease_number":"32024","archive":"bedded"}},{"type":"Feature","id":355,"geometry":{"type":"Point","coordinates":[-9977057.8355,3424735.3216999993]},"properties":{"OBJECTID":355,"substrate":"Buried Shell","substrate_type":null,"buried_shell_depth":null,"water_depth":null,"GlobalID":"{9CB66220-5A40-48CE-BDAC-5ABBF333E635}","created_user":"jjordan_CVCarbon","created_date":1753038558577,"last_edited_user":"jjordan_CVCarbon","last_edited_date":1780425891246,"polling_date":1686940333000,"permission_group":"johnyjurisich_CVCarbon,jpinsky@cvcarbon.com,JJurisich_CVCarbon","lease_number":"32024","archive":"bedded"}},{"type":"Feature","id":356,"geometry":{"type":"Point","coordinates":[-9977079.0237000007,3424727.5741999969]},"properties":{"OBJECTID":356,"substrate":"Buried Shell","substrate_type":null,"buried_shell_depth":null,"water_depth":null,"GlobalID":"{1586A2CA-49E8-4B7C-AE95-7A870D859E1F}","created_user":"jjordan_CVCarbon","created_date":1753038558577,"last_edited_user":"jjordan_CVCarbon","last_edited_date":1780425891246,"polling_date":1686940340000,"permission_group":"johnyjurisich_CVCarbon,jpinsky@cvcarbon.com,JJurisich_CVCarbon","lease_number":"32024","archive":"bedded"}},{"type":"Feature","id":357,"geometry":{"type":"Point","coordinates":[-9977098.4396000002,3424721.4309]},"properties":{"OBJECTID":357,"substrate":"Solid Reef","substrate_type":null,"buried_shell_depth":null,"water_depth":null,"GlobalID":"{8B05DDF3-DA7E-448D-8034-BCC066E9D522}","created_user":"jjordan_CVCarbon","created_date":1753038558577,"last_edited_user":"jjordan_CVCarbon","last_edited_date":1780425891246,"polling_date":1686940346000,"permission_group":"johnyjurisich_CVCarbon,jpinsky@cvcarbon.com,JJurisich_CVCarbon","lease_number":"32024","archive":"bedded"}},{"type":"Feature","id":358,"geometry":{"type":"Point","coordinates":[-9977133.1357000005,3424706.8570000008]},"properties":{"OBJECTID":358,"substrate":"Solid Reef","substrate_type":null,"buried_shell_depth":null,"water_depth":null,"GlobalID":"{D08742B6-E456-49D5-819D-8EA35E299475}","created_user":"jjordan_CVCarbon","created_date":1753038558577,"last_edited_user":"jjordan_CVCarbon","last_edited_date":1780425891246,"polling_date":1686940357000,"permission_group":"johnyjurisich_CVCarbon,jpinsky@cvcarbon.com,JJurisich_CVCarbon","lease_number":"32024","archive":"bedded"}},{"type":"Feature","id":359,"geometry":{"type":"Point","coordinates":[-9977155.5089999996,3424697.2537999973]},"properties":{"OBJECTID":359,"substrate":"Solid Reef","substrate_type":null,"buried_shell_depth":null,"water_depth":null,"GlobalID":"{10E8F497-883E-4D7D-80C8-5383FB5CF768}","created_user":"jjordan_CVCarbon","created_date":1753038558577,"last_edited_user":"jjordan_CVCarbon","last_edited_date":1780425891246,"polling_date":1686940363000,"permission_group":"johnyjurisich_CVCarbon,jpinsky@cvcarbon.com,JJurisich_CVCarbon","lease_number":"32024","archive":"bedded"}},{"type":"Feature","id":360,"geometry":{"type":"Point","coordinates":[-9977173.1209999993,3424689.7734000012]},"properties":{"OBJECTID":360,"substrate":"Solid Reef","substrate_type":null,"buried_shell_depth":null,"water_depth":null,"GlobalID":"{451ED250-5C48-463A-9B26-B99C6178E65D}","created_user":"jjordan_CVCarbon","created_date":1753038558577,"last_edited_user":"jjordan_CVCarbon","last_edited_date":1780425891246,"polling_date":1686940369000,"permission_group":"johnyjurisich_CVCarbon,jpinsky@cvcarbon.com,JJurisich_CVCarbon","lease_number":"32024","archive":"bedded"}},{"type":"Feature","id":361,"geometry":{"type":"Point","coordinates":[-9977195.2698999997,3424679.702200003]},"properties":{"OBJECTID":361,"substrate":"Buried Shell","substrate_type":null,"buried_shell_depth":null,"water_depth":null,"GlobalID":"{BDE15504-B3F9-4E0C-85DD-1FDCC837F011}","created_user":"jjordan_CVCarbon","created_date":1753038558577,"last_edited_user":"jjordan_CVCarbon","last_edited_date":1780425891246,"polling_date":1686940378000,"permission_group":"johnyjurisich_CVCarbon,jpinsky@cvcarbon.com,JJurisich_CVCarbon","lease_number":"32024","archive":"bedded"}},{"type":"Feature","id":362,"geometry":{"type":"Point","coordinates":[-9977222.0537999999,3424669.9572999999]},"properties":{"OBJECTID":362,"substrate":"Buried Shell","substrate_type":null,"buried_shell_depth":null,"water_depth":null,"GlobalID":"{65377EA2-B045-44D1-841E-55652DCC84AD}","created_user":"jjordan_CVCarbon","created_date":1753038558577,"last_edited_user":"jjordan_CVCarbon","last_edited_date":1780425891246,"polling_date":1686940384000,"permission_group":"johnyjurisich_CVCarbon,jpinsky@cvcarbon.com,JJurisich_CVCarbon","lease_number":"32024","archive":"bedded"}},{"type":"Feature","id":363,"geometry":{"type":"Point","coordinates":[-9977236.9097000007,3424663.2519999966]},"properties":{"OBJECTID":363,"substrate":"Mud","substrate_type":null,"buried_shell_depth":null,"water_depth":null,"GlobalID":"{C0DAD08D-7398-4ACB-93A9-799BA14EDD5E}","created_user":"jjordan_CVCarbon","created_date":1753038558577,"last_edited_user":"jjordan_CVCarbon","last_edited_date":1780425891246,"polling_date":1686940391000,"permission_group":"johnyjurisich_CVCarbon,jpinsky@cvcarbon.com,JJurisich_CVCarbon","lease_number":"32024","archive":"bedded"}},{"type":"Feature","id":364,"geometry":{"type":"Point","coordinates":[-9977203.9024999999,3424595.6805000007]},"properties":{"OBJECTID":364,"substrate":"Mud","substrate_type":null,"buried_shell_depth":null,"water_depth":null,"GlobalID":"{69816AA8-546B-49EF-8A69-04B244F4369E}","created_user":"jjordan_CVCarbon","created_date":1753038558577,"last_edited_user":"jjordan_CVCarbon","last_edited_date":1780425891246,"polling_date":1686940501000,"permission_group":"johnyjurisich_CVCarbon,jpinsky@cvcarbon.com,JJurisich_CVCarbon","lease_number":"32024","archive":"bedded"}},{"type":"Feature","id":365,"geometry":{"type":"Point","coordinates":[-9977171.4859999996,3424615.5029999986]},"properties":{"OBJECTID":365,"substrate":"Buried Shell","substrate_type":null,"buried_shell_depth":null,"water_depth":null,"GlobalID":"{578DF2C8-A2A9-48F1-A521-AF209BDDB425}","created_user":"jjordan_CVCarbon","created_date":1753038558577,"last_edited_user":"jjordan_CVCarbon","last_edited_date":1780425891246,"polling_date":1686940513000,"permission_group":"johnyjurisich_CVCarbon,jpinsky@cvcarbon.com,JJurisich_CVCarbon","lease_number":"32024","archive":"bedded"}},{"type":"Feature","id":366,"geometry":{"type":"Point","coordinates":[-9977149.3013000004,3424629.7286000028]},"properties":{"OBJECTID":366,"substrate":"Solid Reef","substrate_type":null,"buried_shell_depth":null,"water_depth":null,"GlobalID":"{CB2BE5F9-7CB4-441E-A395-D84CBA2D4AA1}","created_user":"jjordan_CVCarbon","created_date":1753038558577,"last_edited_user":"jjordan_CVCarbon","last_edited_date":1780425891246,"polling_date":1686940520000,"permission_group":"johnyjurisich_CVCarbon,jpinsky@cvcarbon.com,JJurisich_CVCarbon","lease_number":"32024","archive":"bedded"}},{"type":"Feature","id":367,"geometry":{"type":"Point","coordinates":[-9977132.8289999999,3424642.1479000002]},"properties":{"OBJECTID":367,"substrate":"Scattered Shell","substrate_type":null,"buried_shell_depth":null,"water_depth":null,"GlobalID":"{1FDA8108-797B-404B-A256-3B0BD66A562F}","created_user":"jjordan_CVCarbon","created_date":1753038558577,"last_edited_user":"jjordan_CVCarbon","last_edited_date":1780425891246,"polling_date":1686940526000,"permission_group":"johnyjurisich_CVCarbon,jpinsky@cvcarbon.com,JJurisich_CVCarbon","lease_number":"32024","archive":"bedded"}},{"type":"Feature","id":368,"geometry":{"type":"Point","coordinates":[-9977112.0631000008,3424654.7987999991]},"properties":{"OBJECTID":368,"substrate":"Solid Reef","substrate_type":null,"buried_shell_depth":null,"water_depth":null,"GlobalID":"{906A8F26-4A12-4C59-BF34-9218A70480DD}","created_user":"jjordan_CVCarbon","created_date":1753038558577,"last_edited_user":"jjordan_CVCarbon","last_edited_date":1780425891246,"polling_date":1686940533000,"permission_group":"johnyjurisich_CVCarbon,jpinsky@cvcarbon.com,JJurisich_CVCarbon","lease_number":"32024","archive":"bedded"}},{"type":"Feature","id":369,"geometry":{"type":"Point","coordinates":[-9977087.9013999999,3424669.3822999969]},"properties":{"OBJECTID":369,"substrate":"Solid Reef","substrate_type":null,"buried_shell_depth":null,"water_depth":null,"GlobalID":"{99465115-D1DF-423A-B715-3F6EFA7AB756}","created_user":"jjordan_CVCarbon","created_date":1753038558577,"last_edited_user":"jjordan_CVCarbon","last_edited_date":1780425891246,"polling_date":1686940541000,"permission_group":"johnyjurisich_CVCarbon,jpinsky@cvcarbon.com,JJurisich_CVCarbon","lease_number":"32024","archive":"bedded"}},{"type":"Feature","id":370,"geometry":{"type":"Point","coordinates":[-9977058.9068999998,3424681.2783999965]},"properties":{"OBJECTID":370,"substrate":"Scattered Shell","substrate_type":null,"buried_shell_depth":null,"water_depth":null,"GlobalID":"{828BBAE4-E5CB-4A0A-AC8F-70F3B78622FC}","created_user":"jjordan_CVCarbon","created_date":1753038558577,"last_edited_user":"jjordan_CVCarbon","last_edited_date":1780425891246,"polling_date":1686940550000,"permission_group":"johnyjurisich_CVCarbon,jpinsky@cvcarbon.com,JJurisich_CVCarbon","lease_number":"32024","archive":"bedded"}},{"type":"Feature","id":371,"geometry":{"type":"Point","coordinates":[-9977022.1436000001,3424695.6625000015]},"properties":{"OBJECTID":371,"substrate":"Buried Shell","substrate_type":null,"buried_shell_depth":null,"water_depth":null,"GlobalID":"{06D76ACD-9D81-4E4E-AA27-E9355ECDAD84}","created_user":"jjordan_CVCarbon","created_date":1753038558577,"last_edited_user":"jjordan_CVCarbon","last_edited_date":1780425891246,"polling_date":1686940561000,"permission_group":"johnyjurisich_CVCarbon,jpinsky@cvcarbon.com,JJurisich_CVCarbon","lease_number":"32024","archive":"bedded"}},{"type":"Feature","id":372,"geometry":{"type":"Point","coordinates":[-9976997.9818999991,3424703.2956999987]},"properties":{"OBJECTID":372,"substrate":"Buried Shell","substrate_type":null,"buried_shell_depth":null,"water_depth":null,"GlobalID":"{1A2DA704-6242-41FA-A405-9967DAB1E068}","created_user":"jjordan_CVCarbon","created_date":1753038558577,"last_edited_user":"jjordan_CVCarbon","last_edited_date":1780425891246,"polling_date":1686940568000,"permission_group":"johnyjurisich_CVCarbon,jpinsky@cvcarbon.com,JJurisich_CVCarbon","lease_number":"32024","archive":"bedded"}},{"type":"Feature","id":373,"geometry":{"type":"Point","coordinates":[-9976975.6920999996,3424713.0916000009]},"properties":{"OBJECTID":373,"substrate":"Buried Shell","substrate_type":null,"buried_shell_depth":null,"water_depth":null,"GlobalID":"{768E2D72-8BE7-49ED-9FD8-93A6AA4199FF}","created_user":"jjordan_CVCarbon","created_date":1753038558577,"last_edited_user":"jjordan_CVCarbon","last_edited_date":1780425891246,"polling_date":1686940574000,"permission_group":"johnyjurisich_CVCarbon,jpinsky@cvcarbon.com,JJurisich_CVCarbon","lease_number":"32024","archive":"bedded"}},{"type":"Feature","id":374,"geometry":{"type":"Point","coordinates":[-9976953.0755000003,3424722.3616999984]},"properties":{"OBJECTID":374,"substrate":"Buried Shell","substrate_type":null,"buried_shell_depth":null,"water_depth":null,"GlobalID":"{6696C547-93BF-480E-B442-1EF341A32A03}","created_user":"jjordan_CVCarbon","created_date":1753038558577,"last_edited_user":"jjordan_CVCarbon","last_edited_date":1780425891246,"polling_date":1686940581000,"permission_group":"johnyjurisich_CVCarbon,jpinsky@cvcarbon.com,JJurisich_CVCarbon","lease_number":"32024","archive":"bedded"}},{"type":"Feature","id":375,"geometry":{"type":"Point","coordinates":[-9976930.1155999992,3424731.5251000002]},"properties":{"OBJECTID":375,"substrate":"Buried Shell","substrate_type":null,"buried_shell_depth":null,"water_depth":null,"GlobalID":"{87779905-1765-43D1-AB47-D7624333E349}","created_user":"jjordan_CVCarbon","created_date":1753038558577,"last_edited_user":"jjordan_CVCarbon","last_edited_date":1780425891246,"polling_date":1686940588000,"permission_group":"johnyjurisich_CVCarbon,jpinsky@cvcarbon.com,JJurisich_CVCarbon","lease_number":"32024","archive":"bedded"}},{"type":"Feature","id":376,"geometry":{"type":"Point","coordinates":[-9976903.2986999992,3424743.2534999996]},"properties":{"OBJECTID":376,"substrate":"Buried Shell","substrate_type":null,"buried_shell_depth":null,"water_depth":null,"GlobalID":"{5A503783-5C99-416D-8C0A-526D151EA31E}","created_user":"jjordan_CVCarbon","created_date":1753038558577,"last_edited_user":"jjordan_CVCarbon","last_edited_date":1780425891246,"polling_date":1686940596000,"permission_group":"johnyjurisich_CVCarbon,jpinsky@cvcarbon.com,JJurisich_CVCarbon","lease_number":"32024","archive":"bedded"}},{"type":"Feature","id":377,"geometry":{"type":"Point","coordinates":[-9976882.4114999995,3424750.380900003]},"properties":{"OBJECTID":377,"substrate":"Buried Shell","substrate_type":null,"buried_shell_depth":null,"water_depth":null,"GlobalID":"{19C327C5-6981-4C82-9392-D38F8DCD0FD8}","created_user":"jjordan_CVCarbon","created_date":1753038558577,"last_edited_user":"jjordan_CVCarbon","last_edited_date":1780425891246,"polling_date":1686940603000,"permission_group":"johnyjurisich_CVCarbon,jpinsky@cvcarbon.com,JJurisich_CVCarbon","lease_number":"32024","archive":"bedded"}},{"type":"Feature","id":378,"geometry":{"type":"Point","coordinates":[-9976856.0743000004,3424758.8610000014]},"properties":{"OBJECTID":378,"substrate":"Buried Shell","substrate_type":null,"buried_shell_depth":null,"water_depth":null,"GlobalID":"{537BB845-C2B6-4F9A-9FF7-8C0946ECAA97}","created_user":"jjordan_CVCarbon","created_date":1753038558577,"last_edited_user":"jjordan_CVCarbon","last_edited_date":1780425891246,"polling_date":1686940610000,"permission_group":"johnyjurisich_CVCarbon,jpinsky@cvcarbon.com,JJurisich_CVCarbon","lease_number":"32024","archive":"bedded"}},{"type":"Feature","id":379,"geometry":{"type":"Point","coordinates":[-9976828.9616999999,3424767.6270999983]},"properties":{"OBJECTID":379,"substrate":"Mud","substrate_type":null,"buried_shell_depth":null,"water_depth":null,"GlobalID":"{E9672B80-8288-49AB-91E4-1BDB749A4A88}","created_user":"jjordan_CVCarbon","created_date":1753038558577,"last_edited_user":"jjordan_CVCarbon","last_edited_date":1780425891246,"polling_date":1686940619000,"permission_group":"johnyjurisich_CVCarbon,jpinsky@cvcarbon.com,JJurisich_CVCarbon","lease_number":"32024","archive":"bedded"}},{"type":"Feature","id":380,"geometry":{"type":"Point","coordinates":[-9976784.4219000004,3424781.7792000026]},"properties":{"OBJECTID":380,"substrate":"Buried Shell","substrate_type":null,"buried_shell_depth":null,"water_depth":null,"GlobalID":"{4675F866-0031-40F5-8FAA-F108B55666AE}","created_user":"jjordan_CVCarbon","created_date":1753038558577,"last_edited_user":"jjordan_CVCarbon","last_edited_date":1780425891246,"polling_date":1686940632000,"permission_group":"johnyjurisich_CVCarbon,jpinsky@cvcarbon.com,JJurisich_CVCarbon","lease_number":"32024","archive":"bedded"}},{"type":"Feature","id":381,"geometry":{"type":"Point","coordinates":[-9976751.4626000002,3424790.9408000037]},"properties":{"OBJECTID":381,"substrate":"Buried Shell","substrate_type":null,"buried_shell_depth":null,"water_depth":null,"GlobalID":"{2967DAB8-36EA-443B-941C-D89EAF80E3B1}","created_user":"jjordan_CVCarbon","created_date":1753038558577,"last_edited_user":"jjordan_CVCarbon","last_edited_date":1780425891246,"polling_date":1686940641000,"permission_group":"johnyjurisich_CVCarbon,jpinsky@cvcarbon.com,JJurisich_CVCarbon","lease_number":"32024","archive":"bedded"}},{"type":"Feature","id":382,"geometry":{"type":"Point","coordinates":[-9976703.1396999992,3424804.5637999997]},"properties":{"OBJECTID":382,"substrate":"Buried Shell","substrate_type":null,"buried_shell_depth":null,"water_depth":null,"GlobalID":"{707DAEFD-5E07-445A-BED8-D1A9DEB6BCA7}","created_user":"jjordan_CVCarbon","created_date":1753038558577,"last_edited_user":"jjordan_CVCarbon","last_edited_date":1780425891246,"polling_date":1686940655000,"permission_group":"johnyjurisich_CVCarbon,jpinsky@cvcarbon.com,JJurisich_CVCarbon","lease_number":"32024","archive":"bedded"}},{"type":"Feature","id":383,"geometry":{"type":"Point","coordinates":[-9976621.9444999993,3424758.0810000002]},"properties":{"OBJECTID":383,"substrate":"Mud","substrate_type":null,"buried_shell_depth":null,"water_depth":null,"GlobalID":"{F90F3D39-2A8C-4832-9D30-5019E8809BC9}","created_user":"jjordan_CVCarbon","created_date":1753038558577,"last_edited_user":"jjordan_CVCarbon","last_edited_date":1780425891246,"polling_date":1686940739000,"permission_group":"johnyjurisich_CVCarbon,jpinsky@cvcarbon.com,JJurisich_CVCarbon","lease_number":"32024","archive":"bedded"}},{"type":"Feature","id":384,"geometry":{"type":"Point","coordinates":[-9976673.7695000004,3424750.2162000015]},"properties":{"OBJECTID":384,"substrate":"Mud","substrate_type":null,"buried_shell_depth":null,"water_depth":null,"GlobalID":"{2B8849A4-8785-4A60-B3F0-642F1732B89D}","created_user":"jjordan_CVCarbon","created_date":1753038558577,"last_edited_user":"jjordan_CVCarbon","last_edited_date":1780425891246,"polling_date":1686940752000,"permission_group":"johnyjurisich_CVCarbon,jpinsky@cvcarbon.com,JJurisich_CVCarbon","lease_number":"32024","archive":"bedded"}},{"type":"Feature","id":385,"geometry":{"type":"Point","coordinates":[-9976700.3523999993,3424749.4319999963]},"properties":{"OBJECTID":385,"substrate":"Mud","substrate_type":null,"buried_shell_depth":null,"water_depth":null,"GlobalID":"{5A36052D-5BCF-4B3B-A2DA-A76701CF3492}","created_user":"jjordan_CVCarbon","created_date":1753038558577,"last_edited_user":"jjordan_CVCarbon","last_edited_date":1780425891246,"polling_date":1686940760000,"permission_group":"johnyjurisich_CVCarbon,jpinsky@cvcarbon.com,JJurisich_CVCarbon","lease_number":"32024","archive":"bedded"}},{"type":"Feature","id":386,"geometry":{"type":"Point","coordinates":[-9976719.9199000001,3424743.8422000036]},"properties":{"OBJECTID":386,"substrate":"Buried Shell","substrate_type":null,"buried_shell_depth":null,"water_depth":null,"GlobalID":"{81A31D57-45FE-4EFE-94B6-DC303B47966C}","created_user":"jjordan_CVCarbon","created_date":1753038558577,"last_edited_user":"jjordan_CVCarbon","last_edited_date":1780425891246,"polling_date":1686940767000,"permission_group":"johnyjurisich_CVCarbon,jpinsky@cvcarbon.com,JJurisich_CVCarbon","lease_number":"32024","archive":"bedded"}},{"type":"Feature","id":387,"geometry":{"type":"Point","coordinates":[-9976743.0289999992,3424739.5822999999]},"properties":{"OBJECTID":387,"substrate":"Buried Shell","substrate_type":null,"buried_shell_depth":null,"water_depth":null,"GlobalID":"{841C80E7-ED82-43D9-9439-817E5FAD5057}","created_user":"jjordan_CVCarbon","created_date":1753038558577,"last_edited_user":"jjordan_CVCarbon","last_edited_date":1780425891246,"polling_date":1686940773000,"permission_group":"johnyjurisich_CVCarbon,jpinsky@cvcarbon.com,JJurisich_CVCarbon","lease_number":"32024","archive":"bedded"}},{"type":"Feature","id":388,"geometry":{"type":"Point","coordinates":[-9976787.0172000006,3424730.0248999968]},"properties":{"OBJECTID":388,"substrate":"Buried Shell","substrate_type":null,"buried_shell_depth":null,"water_depth":null,"GlobalID":"{CA26826E-FBBD-4705-A526-5671537C9FB7}","created_user":"jjordan_CVCarbon","created_date":1753038558577,"last_edited_user":"jjordan_CVCarbon","last_edited_date":1780425891246,"polling_date":1686940786000,"permission_group":"johnyjurisich_CVCarbon,jpinsky@cvcarbon.com,JJurisich_CVCarbon","lease_number":"32024","archive":"bedded"}},{"type":"Feature","id":389,"geometry":{"type":"Point","coordinates":[-9976810.2879000008,3424723.6002999991]},"properties":{"OBJECTID":389,"substrate":"Buried Shell","substrate_type":null,"buried_shell_depth":null,"water_depth":null,"GlobalID":"{9D3C5470-06C5-45EE-BC32-FBB0EE693E0E}","created_user":"jjordan_CVCarbon","created_date":1753038558577,"last_edited_user":"jjordan_CVCarbon","last_edited_date":1780425891246,"polling_date":1686940796000,"permission_group":"johnyjurisich_CVCarbon,jpinsky@cvcarbon.com,JJurisich_CVCarbon","lease_number":"32024","archive":"bedded"}},{"type":"Feature","id":390,"geometry":{"type":"Point","coordinates":[-9976842.7238999996,3424716.810999997]},"properties":{"OBJECTID":390,"substrate":"Buried Shell","substrate_type":null,"buried_shell_depth":null,"water_depth":null,"GlobalID":"{B9B6B2A1-4513-4621-A50D-CD2F3682F493}","created_user":"jjordan_CVCarbon","created_date":1753038558577,"last_edited_user":"jjordan_CVCarbon","last_edited_date":1780425891246,"polling_date":1686940803000,"permission_group":"johnyjurisich_CVCarbon,jpinsky@cvcarbon.com,JJurisich_CVCarbon","lease_number":"32024","archive":"bedded"}},{"type":"Feature","id":391,"geometry":{"type":"Point","coordinates":[-9976866.0157999992,3424709.8100999966]},"properties":{"OBJECTID":391,"substrate":"Buried Shell","substrate_type":null,"buried_shell_depth":null,"water_depth":null,"GlobalID":"{AF859329-955E-42A2-B980-784C41D4B10E}","created_user":"jjordan_CVCarbon","created_date":1753038558577,"last_edited_user":"jjordan_CVCarbon","last_edited_date":1780425891246,"polling_date":1686940810000,"permission_group":"johnyjurisich_CVCarbon,jpinsky@cvcarbon.com,JJurisich_CVCarbon","lease_number":"32024","archive":"bedded"}},{"type":"Feature","id":392,"geometry":{"type":"Point","coordinates":[-9976886.5501000006,3424699.9076000005]},"properties":{"OBJECTID":392,"substrate":"Buried Shell","substrate_type":null,"buried_shell_depth":null,"water_depth":null,"GlobalID":"{3D5479C7-1158-495A-A780-E8987925DDFB}","created_user":"jjordan_CVCarbon","created_date":1753038558577,"last_edited_user":"jjordan_CVCarbon","last_edited_date":1780425891246,"polling_date":1686940817000,"permission_group":"johnyjurisich_CVCarbon,jpinsky@cvcarbon.com,JJurisich_CVCarbon","lease_number":"32024","archive":"bedded"}},{"type":"Feature","id":393,"geometry":{"type":"Point","coordinates":[-9976911.0368000008,3424692.7917999998]},"properties":{"OBJECTID":393,"substrate":"Buried Shell","substrate_type":null,"buried_shell_depth":null,"water_depth":null,"GlobalID":"{6593C7BF-B0C0-48A0-AF64-2D67F017803D}","created_user":"jjordan_CVCarbon","created_date":1753038558577,"last_edited_user":"jjordan_CVCarbon","last_edited_date":1780425891246,"polling_date":1686940824000,"permission_group":"johnyjurisich_CVCarbon,jpinsky@cvcarbon.com,JJurisich_CVCarbon","lease_number":"32024","archive":"bedded"}},{"type":"Feature","id":394,"geometry":{"type":"Point","coordinates":[-9976936.1886,3424684.7410999984]},"properties":{"OBJECTID":394,"substrate":"Solid Reef","substrate_type":null,"buried_shell_depth":null,"water_depth":null,"GlobalID":"{0FFA4286-3A35-4BB2-8DA4-97B627E212E7}","created_user":"jjordan_CVCarbon","created_date":1753038558577,"last_edited_user":"jjordan_CVCarbon","last_edited_date":1780425891246,"polling_date":1686940834000,"permission_group":"johnyjurisich_CVCarbon,jpinsky@cvcarbon.com,JJurisich_CVCarbon","lease_number":"32024","archive":"bedded"}},{"type":"Feature","id":395,"geometry":{"type":"Point","coordinates":[-9976959.2682000007,3424678.6639999971]},"properties":{"OBJECTID":395,"substrate":"Scattered Shell","substrate_type":null,"buried_shell_depth":null,"water_depth":null,"GlobalID":"{B48B3F86-58EA-4178-9F16-84383C9FE084}","created_user":"jjordan_CVCarbon","created_date":1753038558577,"last_edited_user":"jjordan_CVCarbon","last_edited_date":1780425891246,"polling_date":1686940840000,"permission_group":"johnyjurisich_CVCarbon,jpinsky@cvcarbon.com,JJurisich_CVCarbon","lease_number":"32024","archive":"bedded"}},{"type":"Feature","id":396,"geometry":{"type":"Point","coordinates":[-9976985.1315000001,3424671.7675999999]},"properties":{"OBJECTID":396,"substrate":"Scattered Shell","substrate_type":null,"buried_shell_depth":null,"water_depth":null,"GlobalID":"{ECEC367C-A670-4FC4-BB7D-4244AE5B6B9E}","created_user":"jjordan_CVCarbon","created_date":1753038558577,"last_edited_user":"jjordan_CVCarbon","last_edited_date":1780425891246,"polling_date":1686940848000,"permission_group":"johnyjurisich_CVCarbon,jpinsky@cvcarbon.com,JJurisich_CVCarbon","lease_number":"32024","archive":"bedded"}},{"type":"Feature","id":397,"geometry":{"type":"Point","coordinates":[-9977008.7050000001,3424665.7412]},"properties":{"OBJECTID":397,"substrate":"Buried Shell","substrate_type":null,"buried_shell_depth":null,"water_depth":null,"GlobalID":"{A965A4D0-3EC9-4CB8-831A-E16BF68D39FB}","created_user":"jjordan_CVCarbon","created_date":1753038558577,"last_edited_user":"jjordan_CVCarbon","last_edited_date":1780425891246,"polling_date":1686940856000,"permission_group":"johnyjurisich_CVCarbon,jpinsky@cvcarbon.com,JJurisich_CVCarbon","lease_number":"32024","archive":"bedded"}},{"type":"Feature","id":398,"geometry":{"type":"Point","coordinates":[-9977041.1596000008,3424656.9393000007]},"properties":{"OBJECTID":398,"substrate":"Buried Shell","substrate_type":null,"buried_shell_depth":null,"water_depth":null,"GlobalID":"{E6BEA2E6-6F6D-4CA1-8412-C9C447989261}","created_user":"jjordan_CVCarbon","created_date":1753038558577,"last_edited_user":"jjordan_CVCarbon","last_edited_date":1780425891246,"polling_date":1686940864000,"permission_group":"johnyjurisich_CVCarbon,jpinsky@cvcarbon.com,JJurisich_CVCarbon","lease_number":"32024","archive":"bedded"}},{"type":"Feature","id":399,"geometry":{"type":"Point","coordinates":[-9977061.2028999999,3424651.3147]},"properties":{"OBJECTID":399,"substrate":"Buried Shell","substrate_type":null,"buried_shell_depth":null,"water_depth":null,"GlobalID":"{B8421E36-DA34-48F6-A4DA-8A318E1AEC0C}","created_user":"jjordan_CVCarbon","created_date":1753038558577,"last_edited_user":"jjordan_CVCarbon","last_edited_date":1780425891246,"polling_date":1686940870000,"permission_group":"johnyjurisich_CVCarbon,jpinsky@cvcarbon.com,JJurisich_CVCarbon","lease_number":"32024","archive":"bedded"}},{"type":"Feature","id":400,"geometry":{"type":"Point","coordinates":[-9977084.9631999992,3424646.8751000017]},"properties":{"OBJECTID":400,"substrate":"Solid Reef","substrate_type":null,"buried_shell_depth":null,"water_depth":null,"GlobalID":"{71AE330D-D373-4E45-B66B-30B95C5F920D}","created_user":"jjordan_CVCarbon","created_date":1753038558577,"last_edited_user":"jjordan_CVCarbon","last_edited_date":1780425891246,"polling_date":1686940879000,"permission_group":"johnyjurisich_CVCarbon,jpinsky@cvcarbon.com,JJurisich_CVCarbon","lease_number":"32024","archive":"bedded"}},{"type":"Feature","id":401,"geometry":{"type":"Point","coordinates":[-9977162.3816,3424637.4223000035]},"properties":{"OBJECTID":401,"substrate":"Solid Reef","substrate_type":null,"buried_shell_depth":null,"water_depth":null,"GlobalID":"{B21C1642-2E88-4293-83D8-829D6614F813}","created_user":"jjordan_CVCarbon","created_date":1753038558577,"last_edited_user":"jjordan_CVCarbon","last_edited_date":1780425891246,"polling_date":1686940900000,"permission_group":"johnyjurisich_CVCarbon,jpinsky@cvcarbon.com,JJurisich_CVCarbon","lease_number":"32024","archive":"bedded"}},{"type":"Feature","id":402,"geometry":{"type":"Point","coordinates":[-9977200.0325000007,3424633.5244999975]},"properties":{"OBJECTID":402,"substrate":"Buried Shell","substrate_type":null,"buried_shell_depth":null,"water_depth":null,"GlobalID":"{24AE4DBE-5254-4AC5-AEF2-049C5E0BFE41}","created_user":"jjordan_CVCarbon","created_date":1753038558577,"last_edited_user":"jjordan_CVCarbon","last_edited_date":1780425891246,"polling_date":1686940912000,"permission_group":"johnyjurisich_CVCarbon,jpinsky@cvcarbon.com,JJurisich_CVCarbon","lease_number":"32024","archive":"bedded"}},{"type":"Feature","id":403,"geometry":{"type":"Point","coordinates":[-9977209.8219000008,3424535.5454000011]},"properties":{"OBJECTID":403,"substrate":"Mud","substrate_type":null,"buried_shell_depth":null,"water_depth":null,"GlobalID":"{DF797AB6-DBF0-4B46-AC3C-27FB0F3ED26E}","created_user":"jjordan_CVCarbon","created_date":1753038558577,"last_edited_user":"jjordan_CVCarbon","last_edited_date":1780425891246,"polling_date":1686941045000,"permission_group":"johnyjurisich_CVCarbon,jpinsky@cvcarbon.com,JJurisich_CVCarbon","lease_number":"32024","archive":"bedded"}},{"type":"Feature","id":404,"geometry":{"type":"Point","coordinates":[-9977177.4409999996,3424539.8561000004]},"properties":{"OBJECTID":404,"substrate":"Buried Shell","substrate_type":null,"buried_shell_depth":null,"water_depth":null,"GlobalID":"{5F459FBF-6FB2-4873-AA7B-112A79021493}","created_user":"jjordan_CVCarbon","created_date":1753038558577,"last_edited_user":"jjordan_CVCarbon","last_edited_date":1780425891246,"polling_date":1686941052000,"permission_group":"johnyjurisich_CVCarbon,jpinsky@cvcarbon.com,JJurisich_CVCarbon","lease_number":"32024","archive":"bedded"}},{"type":"Feature","id":405,"geometry":{"type":"Point","coordinates":[-9977150.3668000009,3424544.7942999974]},"properties":{"OBJECTID":405,"substrate":"Buried Shell","substrate_type":null,"buried_shell_depth":null,"water_depth":null,"GlobalID":"{2912EA74-A4EC-4558-8F11-B4514702BD1F}","created_user":"jjordan_CVCarbon","created_date":1753038558577,"last_edited_user":"jjordan_CVCarbon","last_edited_date":1780425891246,"polling_date":1686941058000,"permission_group":"johnyjurisich_CVCarbon,jpinsky@cvcarbon.com,JJurisich_CVCarbon","lease_number":"32024","archive":"bedded"}},{"type":"Feature","id":406,"geometry":{"type":"Point","coordinates":[-9977111.6845999993,3424559.3002000004]},"properties":{"OBJECTID":406,"substrate":"Buried Shell","substrate_type":null,"buried_shell_depth":null,"water_depth":null,"GlobalID":"{6E5C011D-D231-4D54-9046-9E0962B9D712}","created_user":"jjordan_CVCarbon","created_date":1753038558577,"last_edited_user":"jjordan_CVCarbon","last_edited_date":1780425891246,"polling_date":1686941069000,"permission_group":"johnyjurisich_CVCarbon,jpinsky@cvcarbon.com,JJurisich_CVCarbon","lease_number":"32024","archive":"bedded"}},{"type":"Feature","id":407,"geometry":{"type":"Point","coordinates":[-9977087.5212999992,3424572.6674000025]},"properties":{"OBJECTID":407,"substrate":"Buried Shell","substrate_type":null,"buried_shell_depth":null,"water_depth":null,"GlobalID":"{F31F2C5A-B4AC-43E3-A71D-1CC76AB141E9}","created_user":"jjordan_CVCarbon","created_date":1753038558577,"last_edited_user":"jjordan_CVCarbon","last_edited_date":1780425891246,"polling_date":1686941075000,"permission_group":"johnyjurisich_CVCarbon,jpinsky@cvcarbon.com,JJurisich_CVCarbon","lease_number":"32024","archive":"bedded"}},{"type":"Feature","id":408,"geometry":{"type":"Point","coordinates":[-9977068.2978000008,3424579.6257999986]},"properties":{"OBJECTID":408,"substrate":"Buried Shell","substrate_type":null,"buried_shell_depth":null,"water_depth":null,"GlobalID":"{11BE0A4E-A14F-4450-AA7F-8066D9815604}","created_user":"jjordan_CVCarbon","created_date":1753038558577,"last_edited_user":"jjordan_CVCarbon","last_edited_date":1780425891246,"polling_date":1686941080000,"permission_group":"johnyjurisich_CVCarbon,jpinsky@cvcarbon.com,JJurisich_CVCarbon","lease_number":"32024","archive":"bedded"}},{"type":"Feature","id":409,"geometry":{"type":"Point","coordinates":[-9977033.9222999997,3424590.0481999964]},"properties":{"OBJECTID":409,"substrate":"Scattered Shell","substrate_type":null,"buried_shell_depth":null,"water_depth":null,"GlobalID":"{28603D51-177D-48E6-9FC1-B52ABAD68CDD}","created_user":"jjordan_CVCarbon","created_date":1753038558577,"last_edited_user":"jjordan_CVCarbon","last_edited_date":1780425891246,"polling_date":1686941090000,"permission_group":"johnyjurisich_CVCarbon,jpinsky@cvcarbon.com,JJurisich_CVCarbon","lease_number":"32024","archive":"bedded"}},{"type":"Feature","id":410,"geometry":{"type":"Point","coordinates":[-9977010.8541000001,3424595.9610999972]},"properties":{"OBJECTID":410,"substrate":"Scattered Shell","substrate_type":null,"buried_shell_depth":null,"water_depth":null,"GlobalID":"{5394A4E9-0B24-41D1-A53D-504EDB00099C}","created_user":"jjordan_CVCarbon","created_date":1753038558577,"last_edited_user":"jjordan_CVCarbon","last_edited_date":1780425891246,"polling_date":1686941096000,"permission_group":"johnyjurisich_CVCarbon,jpinsky@cvcarbon.com,JJurisich_CVCarbon","lease_number":"32024","archive":"bedded"}},{"type":"Feature","id":411,"geometry":{"type":"Point","coordinates":[-9976964.5120999999,3424612.0058000013]},"properties":{"OBJECTID":411,"substrate":"Scattered Shell","substrate_type":null,"buried_shell_depth":null,"water_depth":null,"GlobalID":"{0949F7E0-AD21-4FD3-920D-0A7729E669D4}","created_user":"jjordan_CVCarbon","created_date":1753038558577,"last_edited_user":"jjordan_CVCarbon","last_edited_date":1780425891246,"polling_date":1686941107000,"permission_group":"johnyjurisich_CVCarbon,jpinsky@cvcarbon.com,JJurisich_CVCarbon","lease_number":"32024","archive":"bedded"}},{"type":"Feature","id":412,"geometry":{"type":"Point","coordinates":[-9976942.4398999996,3424621.6406999975]},"properties":{"OBJECTID":412,"substrate":"Mud","substrate_type":null,"buried_shell_depth":null,"water_depth":null,"GlobalID":"{C216D480-01D6-4E96-BF6B-5DFF19966E98}","created_user":"jjordan_CVCarbon","created_date":1753038558577,"last_edited_user":"jjordan_CVCarbon","last_edited_date":1780425891246,"polling_date":1686941114000,"permission_group":"johnyjurisich_CVCarbon,jpinsky@cvcarbon.com,JJurisich_CVCarbon","lease_number":"32024","archive":"bedded"}},{"type":"Feature","id":413,"geometry":{"type":"Point","coordinates":[-9976911.7057000007,3424631.8818000033]},"properties":{"OBJECTID":413,"substrate":"Scattered Shell","substrate_type":null,"buried_shell_depth":null,"water_depth":null,"GlobalID":"{F27186B3-4DBE-41EF-BA4B-97F61D56549E}","created_user":"jjordan_CVCarbon","created_date":1753038558577,"last_edited_user":"jjordan_CVCarbon","last_edited_date":1780425891246,"polling_date":1686941122000,"permission_group":"johnyjurisich_CVCarbon,jpinsky@cvcarbon.com,JJurisich_CVCarbon","lease_number":"32024","archive":"bedded"}},{"type":"Feature","id":414,"geometry":{"type":"Point","coordinates":[-9976874.8535999991,3424642.9162999988]},"properties":{"OBJECTID":414,"substrate":"Scattered Shell","substrate_type":null,"buried_shell_depth":null,"water_depth":null,"GlobalID":"{31552E6E-F9F4-4272-9BD5-FE819A5FF3EC}","created_user":"jjordan_CVCarbon","created_date":1753038558577,"last_edited_user":"jjordan_CVCarbon","last_edited_date":1780425891246,"polling_date":1686941131000,"permission_group":"johnyjurisich_CVCarbon,jpinsky@cvcarbon.com,JJurisich_CVCarbon","lease_number":"32024","archive":"bedded"}},{"type":"Feature","id":415,"geometry":{"type":"Point","coordinates":[-9976856.6335000005,3424649.005900003]},"properties":{"OBJECTID":415,"substrate":"Solid Reef","substrate_type":null,"buried_shell_depth":null,"water_depth":null,"GlobalID":"{5C943B26-1DAF-48CA-9117-9C189AFFFC8E}","created_user":"jjordan_CVCarbon","created_date":1753038558577,"last_edited_user":"jjordan_CVCarbon","last_edited_date":1780425891246,"polling_date":1686941137000,"permission_group":"johnyjurisich_CVCarbon,jpinsky@cvcarbon.com,JJurisich_CVCarbon","lease_number":"32024","archive":"bedded"}},{"type":"Feature","id":416,"geometry":{"type":"Point","coordinates":[-9976817.523,3424661.4622000009]},"properties":{"OBJECTID":416,"substrate":"Solid Reef","substrate_type":null,"buried_shell_depth":null,"water_depth":null,"GlobalID":"{4B36C107-1324-470A-BE7B-D0E11ACE21F5}","created_user":"jjordan_CVCarbon","created_date":1753038558577,"last_edited_user":"jjordan_CVCarbon","last_edited_date":1780425891246,"polling_date":1686941146000,"permission_group":"johnyjurisich_CVCarbon,jpinsky@cvcarbon.com,JJurisich_CVCarbon","lease_number":"32024","archive":"bedded"}},{"type":"Feature","id":417,"geometry":{"type":"Point","coordinates":[-9976791.6260000002,3424669.8480999991]},"properties":{"OBJECTID":417,"substrate":"Solid Reef","substrate_type":null,"buried_shell_depth":null,"water_depth":null,"GlobalID":"{9CE62485-3A7C-4730-80B2-0D40975237D5}","created_user":"jjordan_CVCarbon","created_date":1753038558577,"last_edited_user":"jjordan_CVCarbon","last_edited_date":1780425891246,"polling_date":1686941154000,"permission_group":"johnyjurisich_CVCarbon,jpinsky@cvcarbon.com,JJurisich_CVCarbon","lease_number":"32024","archive":"bedded"}},{"type":"Feature","id":418,"geometry":{"type":"Point","coordinates":[-9976767.8351000007,3424678.0970999971]},"properties":{"OBJECTID":418,"substrate":"Buried Shell","substrate_type":null,"buried_shell_depth":null,"water_depth":null,"GlobalID":"{D1484B11-3E82-4BA6-B4C8-CA1784FB0770}","created_user":"jjordan_CVCarbon","created_date":1753038558577,"last_edited_user":"jjordan_CVCarbon","last_edited_date":1780425891246,"polling_date":1686941162000,"permission_group":"johnyjurisich_CVCarbon,jpinsky@cvcarbon.com,JJurisich_CVCarbon","lease_number":"32024","archive":"bedded"}},{"type":"Feature","id":419,"geometry":{"type":"Point","coordinates":[-9976722.6258000005,3424692.8492000028]},"properties":{"OBJECTID":419,"substrate":"Buried Shell","substrate_type":null,"buried_shell_depth":null,"water_depth":null,"GlobalID":"{E38FC663-0571-47BF-9C3B-AB4B5D61960E}","created_user":"jjordan_CVCarbon","created_date":1753038558577,"last_edited_user":"jjordan_CVCarbon","last_edited_date":1780425891246,"polling_date":1686941171000,"permission_group":"johnyjurisich_CVCarbon,jpinsky@cvcarbon.com,JJurisich_CVCarbon","lease_number":"32024","archive":"bedded"}},{"type":"Feature","id":420,"geometry":{"type":"Point","coordinates":[-9976703.0197000001,3424700.0921000019]},"properties":{"OBJECTID":420,"substrate":"Scattered Shell","substrate_type":null,"buried_shell_depth":null,"water_depth":null,"GlobalID":"{441F3F00-4329-477A-9D91-1BC34085C8CF}","created_user":"jjordan_CVCarbon","created_date":1753038558577,"last_edited_user":"jjordan_CVCarbon","last_edited_date":1780425891246,"polling_date":1686941179000,"permission_group":"johnyjurisich_CVCarbon,jpinsky@cvcarbon.com,JJurisich_CVCarbon","lease_number":"32024","archive":"bedded"}},{"type":"Feature","id":421,"geometry":{"type":"Point","coordinates":[-9976667.8365000002,3424710.0705000013]},"properties":{"OBJECTID":421,"substrate":"Mud","substrate_type":null,"buried_shell_depth":null,"water_depth":null,"GlobalID":"{18214738-846C-4D5F-B0C4-A88CF31232EB}","created_user":"jjordan_CVCarbon","created_date":1753038558577,"last_edited_user":"jjordan_CVCarbon","last_edited_date":1780425891246,"polling_date":1686941188000,"permission_group":"johnyjurisich_CVCarbon,jpinsky@cvcarbon.com,JJurisich_CVCarbon","lease_number":"32024","archive":"bedded"}},{"type":"Feature","id":422,"geometry":{"type":"Point","coordinates":[-9976628.0892999992,3424723.7498999983]},"properties":{"OBJECTID":422,"substrate":"Mud","substrate_type":null,"buried_shell_depth":null,"water_depth":null,"GlobalID":"{FD948836-08E4-4053-BEEB-81DB15D0D08F}","created_user":"jjordan_CVCarbon","created_date":1753038558577,"last_edited_user":"jjordan_CVCarbon","last_edited_date":1780425891246,"polling_date":1686941196000,"permission_group":"johnyjurisich_CVCarbon,jpinsky@cvcarbon.com,JJurisich_CVCarbon","lease_number":"32024","archive":"bedded"}},{"type":"Feature","id":423,"geometry":{"type":"Point","coordinates":[-9976584.9812000003,3424738.3288000003]},"properties":{"OBJECTID":423,"substrate":"Mud","substrate_type":null,"buried_shell_depth":null,"water_depth":null,"GlobalID":"{4EE5EBB8-D55D-48E7-90F5-4656074CE6A3}","created_user":"jjordan_CVCarbon","created_date":1753038558577,"last_edited_user":"jjordan_CVCarbon","last_edited_date":1780425891246,"polling_date":1686941207000,"permission_group":"johnyjurisich_CVCarbon,jpinsky@cvcarbon.com,JJurisich_CVCarbon","lease_number":"32024","archive":"bedded"}},{"type":"Feature","id":424,"geometry":{"type":"Point","coordinates":[-9976687.6597000007,3424776.2723999992]},"properties":{"OBJECTID":424,"substrate":"Mud","substrate_type":null,"buried_shell_depth":null,"water_depth":null,"GlobalID":"{9E029D33-677E-4DC1-B60F-8A38C856F116}","created_user":"jjordan_CVCarbon","created_date":1753038558577,"last_edited_user":"jjordan_CVCarbon","last_edited_date":1780425891246,"polling_date":1686941319000,"permission_group":"johnyjurisich_CVCarbon,jpinsky@cvcarbon.com,JJurisich_CVCarbon","lease_number":"32024","archive":"bedded"}},{"type":"Feature","id":425,"geometry":{"type":"Point","coordinates":[-9976747.4848999996,3424739.7936000004]},"properties":{"OBJECTID":425,"substrate":"Buried Shell","substrate_type":null,"buried_shell_depth":null,"water_depth":null,"GlobalID":"{D41F5D7E-2E25-41E5-BC7D-87EE2C90A309}","created_user":"jjordan_CVCarbon","created_date":1753038558577,"last_edited_user":"jjordan_CVCarbon","last_edited_date":1780425891246,"polling_date":1686941339000,"permission_group":"johnyjurisich_CVCarbon,jpinsky@cvcarbon.com,JJurisich_CVCarbon","lease_number":"32024","archive":"bedded"}},{"type":"Feature","id":426,"geometry":{"type":"Point","coordinates":[-9976793.1657999996,3424708.9365999997]},"properties":{"OBJECTID":426,"substrate":"Buried Shell","substrate_type":null,"buried_shell_depth":null,"water_depth":null,"GlobalID":"{5613B10E-24B3-476F-BD96-E4E8209C4A58}","created_user":"jjordan_CVCarbon","created_date":1753038558577,"last_edited_user":"jjordan_CVCarbon","last_edited_date":1780425891246,"polling_date":1686941353000,"permission_group":"johnyjurisich_CVCarbon,jpinsky@cvcarbon.com,JJurisich_CVCarbon","lease_number":"32024","archive":"bedded"}},{"type":"Feature","id":427,"geometry":{"type":"Point","coordinates":[-9976839.1730000004,3424678.3628999963]},"properties":{"OBJECTID":427,"substrate":"Solid Reef","substrate_type":null,"buried_shell_depth":null,"water_depth":null,"GlobalID":"{3EC788B7-D82E-4657-A774-E33C76E769AA}","created_user":"jjordan_CVCarbon","created_date":1753038558577,"last_edited_user":"jjordan_CVCarbon","last_edited_date":1780425891246,"polling_date":1686941367000,"permission_group":"johnyjurisich_CVCarbon,jpinsky@cvcarbon.com,JJurisich_CVCarbon","lease_number":"32024","archive":"bedded"}},{"type":"Feature","id":428,"geometry":{"type":"Point","coordinates":[-9976868.6010999996,3424665.6472000033]},"properties":{"OBJECTID":428,"substrate":"Solid Reef","substrate_type":null,"buried_shell_depth":null,"water_depth":null,"GlobalID":"{EB177A25-58DD-45F9-997A-92D76CAB5847}","created_user":"jjordan_CVCarbon","created_date":1753038558577,"last_edited_user":"jjordan_CVCarbon","last_edited_date":1780425891246,"polling_date":1686941374000,"permission_group":"johnyjurisich_CVCarbon,jpinsky@cvcarbon.com,JJurisich_CVCarbon","lease_number":"32024","archive":"bedded"}},{"type":"Feature","id":429,"geometry":{"type":"Point","coordinates":[-9976900.9686999992,3424655.503200002]},"properties":{"OBJECTID":429,"substrate":"Scattered Shell","substrate_type":null,"buried_shell_depth":null,"water_depth":null,"GlobalID":"{7408C111-A667-421B-AEF3-407B7CFE51CA}","created_user":"jjordan_CVCarbon","created_date":1753038558577,"last_edited_user":"jjordan_CVCarbon","last_edited_date":1780425891246,"polling_date":1686941384000,"permission_group":"johnyjurisich_CVCarbon,jpinsky@cvcarbon.com,JJurisich_CVCarbon","lease_number":"32024","archive":"bedded"}},{"type":"Feature","id":430,"geometry":{"type":"Point","coordinates":[-9976943.2287000008,3424647.0979000032]},"properties":{"OBJECTID":430,"substrate":"Scattered Shell","substrate_type":null,"buried_shell_depth":null,"water_depth":null,"GlobalID":"{214FEF2D-C0BA-421A-930F-0C866F1010AB}","created_user":"jjordan_CVCarbon","created_date":1753038558577,"last_edited_user":"jjordan_CVCarbon","last_edited_date":1780425891246,"polling_date":1686941395000,"permission_group":"johnyjurisich_CVCarbon,jpinsky@cvcarbon.com,JJurisich_CVCarbon","lease_number":"32024","archive":"bedded"}},{"type":"Feature","id":431,"geometry":{"type":"Point","coordinates":[-9976985.1082000006,3424635.4130000025]},"properties":{"OBJECTID":431,"substrate":"Scattered Shell","substrate_type":null,"buried_shell_depth":null,"water_depth":null,"GlobalID":"{E00D8770-D17C-400A-BBEE-74628849E303}","created_user":"jjordan_CVCarbon","created_date":1753038558577,"last_edited_user":"jjordan_CVCarbon","last_edited_date":1780425891246,"polling_date":1686941405000,"permission_group":"johnyjurisich_CVCarbon,jpinsky@cvcarbon.com,JJurisich_CVCarbon","lease_number":"32024","archive":"bedded"}},{"type":"Feature","id":432,"geometry":{"type":"Point","coordinates":[-9977008.2536999993,3424629.0967999995]},"properties":{"OBJECTID":432,"substrate":"Mud","substrate_type":null,"buried_shell_depth":null,"water_depth":null,"GlobalID":"{EF9FAA4A-DF32-417B-8BB4-6C8185CABCA7}","created_user":"jjordan_CVCarbon","created_date":1753038558577,"last_edited_user":"jjordan_CVCarbon","last_edited_date":1780425891246,"polling_date":1686941413000,"permission_group":"johnyjurisich_CVCarbon,jpinsky@cvcarbon.com,JJurisich_CVCarbon","lease_number":"32024","archive":"bedded"}},{"type":"Feature","id":433,"geometry":{"type":"Point","coordinates":[-9977038.2967000008,3424622.300999999]},"properties":{"OBJECTID":433,"substrate":"Buried Shell","substrate_type":null,"buried_shell_depth":null,"water_depth":null,"GlobalID":"{F91D7063-17E2-493C-85EE-1BCE076A6AD7}","created_user":"jjordan_CVCarbon","created_date":1753038558577,"last_edited_user":"jjordan_CVCarbon","last_edited_date":1780425891246,"polling_date":1686941420000,"permission_group":"johnyjurisich_CVCarbon,jpinsky@cvcarbon.com,JJurisich_CVCarbon","lease_number":"32024","archive":"bedded"}},{"type":"Feature","id":434,"geometry":{"type":"Point","coordinates":[-9977072.2813000008,3424612.5568000004]},"properties":{"OBJECTID":434,"substrate":"Scattered Shell","substrate_type":null,"buried_shell_depth":null,"water_depth":null,"GlobalID":"{F264AAD3-BE9C-4E33-BB6C-54261D447850}","created_user":"jjordan_CVCarbon","created_date":1753038558577,"last_edited_user":"jjordan_CVCarbon","last_edited_date":1780425891246,"polling_date":1686941429000,"permission_group":"johnyjurisich_CVCarbon,jpinsky@cvcarbon.com,JJurisich_CVCarbon","lease_number":"32024","archive":"bedded"}},{"type":"Feature","id":435,"geometry":{"type":"Point","coordinates":[-9977098.7711999994,3424605.514200002]},"properties":{"OBJECTID":435,"substrate":"Scattered Shell","substrate_type":null,"buried_shell_depth":null,"water_depth":null,"GlobalID":"{04CAB93F-F6BF-4E6B-9A28-B2A1BFC70066}","created_user":"jjordan_CVCarbon","created_date":1753038558577,"last_edited_user":"jjordan_CVCarbon","last_edited_date":1780425891246,"polling_date":1686941436000,"permission_group":"johnyjurisich_CVCarbon,jpinsky@cvcarbon.com,JJurisich_CVCarbon","lease_number":"32024","archive":"bedded"}},{"type":"Feature","id":436,"geometry":{"type":"Point","coordinates":[-9977129.0706999991,3424598.4521000013]},"properties":{"OBJECTID":436,"substrate":"Scattered Shell","substrate_type":null,"buried_shell_depth":null,"water_depth":null,"GlobalID":"{D9A9D418-7787-4EC1-A918-ABEBBDA98BBD}","created_user":"jjordan_CVCarbon","created_date":1753038558577,"last_edited_user":"jjordan_CVCarbon","last_edited_date":1780425891246,"polling_date":1686941443000,"permission_group":"johnyjurisich_CVCarbon,jpinsky@cvcarbon.com,JJurisich_CVCarbon","lease_number":"32024","archive":"bedded"}},{"type":"Feature","id":437,"geometry":{"type":"Point","coordinates":[-9977166.2452000007,3424586.129900001]},"properties":{"OBJECTID":437,"substrate":"Buried Shell","substrate_type":null,"buried_shell_depth":null,"water_depth":null,"GlobalID":"{A1320EE2-F15E-430B-AB21-236F0667F854}","created_user":"jjordan_CVCarbon","created_date":1753038558577,"last_edited_user":"jjordan_CVCarbon","last_edited_date":1780425891246,"polling_date":1686941454000,"permission_group":"johnyjurisich_CVCarbon,jpinsky@cvcarbon.com,JJurisich_CVCarbon","lease_number":"32024","archive":"bedded"}},{"type":"Feature","id":438,"geometry":{"type":"Point","coordinates":[-9977196.1412000004,3424577.9673999995]},"properties":{"OBJECTID":438,"substrate":"Mud","substrate_type":null,"buried_shell_depth":null,"water_depth":null,"GlobalID":"{0271192A-6C35-492E-B9D2-C47024C3013B}","created_user":"jjordan_CVCarbon","created_date":1753038558577,"last_edited_user":"jjordan_CVCarbon","last_edited_date":1780425891246,"polling_date":1686941462000,"permission_group":"johnyjurisich_CVCarbon,jpinsky@cvcarbon.com,JJurisich_CVCarbon","lease_number":"32024","archive":"bedded"}},{"type":"Feature","id":439,"geometry":{"type":"Point","coordinates":[-9977163.3471000008,3424491.127700001]},"properties":{"OBJECTID":439,"substrate":"Mud","substrate_type":null,"buried_shell_depth":null,"water_depth":null,"GlobalID":"{3057031C-0A69-44D2-97DF-A9EE873E4766}","created_user":"jjordan_CVCarbon","created_date":1753038558577,"last_edited_user":"jjordan_CVCarbon","last_edited_date":1780425891246,"polling_date":1686941553000,"permission_group":"johnyjurisich_CVCarbon,jpinsky@cvcarbon.com,JJurisich_CVCarbon","lease_number":"32024","archive":"bedded"}},{"type":"Feature","id":440,"geometry":{"type":"Point","coordinates":[-9977143.0234999992,3424496.3812000006]},"properties":{"OBJECTID":440,"substrate":"Buried Shell","substrate_type":null,"buried_shell_depth":null,"water_depth":null,"GlobalID":"{1202636D-E8F1-4E48-B749-33E3DC2BC9BA}","created_user":"jjordan_CVCarbon","created_date":1753038558577,"last_edited_user":"jjordan_CVCarbon","last_edited_date":1780425891246,"polling_date":1686941559000,"permission_group":"johnyjurisich_CVCarbon,jpinsky@cvcarbon.com,JJurisich_CVCarbon","lease_number":"32024","archive":"bedded"}},{"type":"Feature","id":441,"geometry":{"type":"Point","coordinates":[-9977108.8914999999,3424505.8800999969]},"properties":{"OBJECTID":441,"substrate":"Buried Shell","substrate_type":null,"buried_shell_depth":null,"water_depth":null,"GlobalID":"{4EFF585B-7614-44AA-8CF2-25D27EBD72F0}","created_user":"jjordan_CVCarbon","created_date":1753038558577,"last_edited_user":"jjordan_CVCarbon","last_edited_date":1780425891246,"polling_date":1686941567000,"permission_group":"johnyjurisich_CVCarbon,jpinsky@cvcarbon.com,JJurisich_CVCarbon","lease_number":"32024","archive":"bedded"}},{"type":"Feature","id":442,"geometry":{"type":"Point","coordinates":[-9977067.6404999997,3424523.9701000005]},"properties":{"OBJECTID":442,"substrate":"Buried Shell","substrate_type":null,"buried_shell_depth":null,"water_depth":null,"GlobalID":"{2284E940-9458-4563-B3A1-9C39B1C6038D}","created_user":"jjordan_CVCarbon","created_date":1753038558577,"last_edited_user":"jjordan_CVCarbon","last_edited_date":1780425891246,"polling_date":1686941578000,"permission_group":"johnyjurisich_CVCarbon,jpinsky@cvcarbon.com,JJurisich_CVCarbon","lease_number":"32024","archive":"bedded"}},{"type":"Feature","id":443,"geometry":{"type":"Point","coordinates":[-9977020.8912000004,3424545.179899998]},"properties":{"OBJECTID":443,"substrate":"Buried Shell","substrate_type":null,"buried_shell_depth":null,"water_depth":null,"GlobalID":"{505F3AC6-7B9C-400E-88E1-1D46CC1249F5}","created_user":"jjordan_CVCarbon","created_date":1753038558577,"last_edited_user":"jjordan_CVCarbon","last_edited_date":1780425891246,"polling_date":1686941591000,"permission_group":"johnyjurisich_CVCarbon,jpinsky@cvcarbon.com,JJurisich_CVCarbon","lease_number":"32024","archive":"bedded"}},{"type":"Feature","id":444,"geometry":{"type":"Point","coordinates":[-9976984.0039000008,3424560.4001000002]},"properties":{"OBJECTID":444,"substrate":"Buried Shell","substrate_type":null,"buried_shell_depth":null,"water_depth":null,"GlobalID":"{84F8E8E9-FCDE-4CE2-A052-25942CE9C536}","created_user":"jjordan_CVCarbon","created_date":1753038558577,"last_edited_user":"jjordan_CVCarbon","last_edited_date":1780425891246,"polling_date":1686941602000,"permission_group":"johnyjurisich_CVCarbon,jpinsky@cvcarbon.com,JJurisich_CVCarbon","lease_number":"32024","archive":"bedded"}},{"type":"Feature","id":445,"geometry":{"type":"Point","coordinates":[-9976962.8462000005,3424571.1636999995]},"properties":{"OBJECTID":445,"substrate":"Solid Reef","substrate_type":null,"buried_shell_depth":null,"water_depth":null,"GlobalID":"{99ABAC18-DE80-4F6B-9202-14A019BF8331}","created_user":"jjordan_CVCarbon","created_date":1753038558577,"last_edited_user":"jjordan_CVCarbon","last_edited_date":1780425891246,"polling_date":1686941609000,"permission_group":"johnyjurisich_CVCarbon,jpinsky@cvcarbon.com,JJurisich_CVCarbon","lease_number":"32024","archive":"bedded"}},{"type":"Feature","id":446,"geometry":{"type":"Point","coordinates":[-9976924.7355000004,3424584.2533000037]},"properties":{"OBJECTID":446,"substrate":"Solid Reef","substrate_type":null,"buried_shell_depth":null,"water_depth":null,"GlobalID":"{06345509-3ACD-4A56-90CE-EF52C5D237D4}","created_user":"jjordan_CVCarbon","created_date":1753038558577,"last_edited_user":"jjordan_CVCarbon","last_edited_date":1780425891246,"polling_date":1686941617000,"permission_group":"johnyjurisich_CVCarbon,jpinsky@cvcarbon.com,JJurisich_CVCarbon","lease_number":"32024","archive":"bedded"}},{"type":"Feature","id":447,"geometry":{"type":"Point","coordinates":[-9976895.9364,3424596.3713999987]},"properties":{"OBJECTID":447,"substrate":"Solid Reef","substrate_type":null,"buried_shell_depth":null,"water_depth":null,"GlobalID":"{B0AA638D-C74F-46E0-9BE5-F6F34DC7477C}","created_user":"jjordan_CVCarbon","created_date":1753038558577,"last_edited_user":"jjordan_CVCarbon","last_edited_date":1780425891246,"polling_date":1686941625000,"permission_group":"johnyjurisich_CVCarbon,jpinsky@cvcarbon.com,JJurisich_CVCarbon","lease_number":"32024","archive":"bedded"}},{"type":"Feature","id":448,"geometry":{"type":"Point","coordinates":[-9976868.2984999996,3424604.8969999999]},"properties":{"OBJECTID":448,"substrate":"Solid Reef","substrate_type":null,"buried_shell_depth":null,"water_depth":null,"GlobalID":"{252C13F9-1862-4D21-8801-8553F2860490}","created_user":"jjordan_CVCarbon","created_date":1753038558577,"last_edited_user":"jjordan_CVCarbon","last_edited_date":1780425891246,"polling_date":1686941632000,"permission_group":"johnyjurisich_CVCarbon,jpinsky@cvcarbon.com,JJurisich_CVCarbon","lease_number":"32024","archive":"bedded"}},{"type":"Feature","id":449,"geometry":{"type":"Point","coordinates":[-9976846.7379000001,3424612.5534000024]},"properties":{"OBJECTID":449,"substrate":"Solid Reef","substrate_type":null,"buried_shell_depth":null,"water_depth":null,"GlobalID":"{3B995B11-3C3D-4DC0-BCD9-C26A47615F6E}","created_user":"jjordan_CVCarbon","created_date":1753038558577,"last_edited_user":"jjordan_CVCarbon","last_edited_date":1780425891246,"polling_date":1686941638000,"permission_group":"johnyjurisich_CVCarbon,jpinsky@cvcarbon.com,JJurisich_CVCarbon","lease_number":"32024","archive":"bedded"}},{"type":"Feature","id":450,"geometry":{"type":"Point","coordinates":[-9976822.9464999996,3424618.1763999984]},"properties":{"OBJECTID":450,"substrate":"Solid Reef","substrate_type":null,"buried_shell_depth":null,"water_depth":null,"GlobalID":"{93E2303B-B699-44A9-B590-8691172B66B9}","created_user":"jjordan_CVCarbon","created_date":1753038558577,"last_edited_user":"jjordan_CVCarbon","last_edited_date":1780425891246,"polling_date":1686941644000,"permission_group":"johnyjurisich_CVCarbon,jpinsky@cvcarbon.com,JJurisich_CVCarbon","lease_number":"32024","archive":"bedded"}},{"type":"Feature","id":451,"geometry":{"type":"Point","coordinates":[-9976795.1293000001,3424623.7722000033]},"properties":{"OBJECTID":451,"substrate":"Buried Shell","substrate_type":null,"buried_shell_depth":null,"water_depth":null,"GlobalID":"{4E37FC41-C6A8-4BB8-8A26-D7166C2C50A0}","created_user":"jjordan_CVCarbon","created_date":1753038558577,"last_edited_user":"jjordan_CVCarbon","last_edited_date":1780425891246,"polling_date":1686941652000,"permission_group":"johnyjurisich_CVCarbon,jpinsky@cvcarbon.com,JJurisich_CVCarbon","lease_number":"32024","archive":"bedded"}},{"type":"Feature","id":452,"geometry":{"type":"Point","coordinates":[-9976768.1272999998,3424632.3153000027]},"properties":{"OBJECTID":452,"substrate":"Solid Reef","substrate_type":null,"buried_shell_depth":null,"water_depth":null,"GlobalID":"{9880444B-DB7A-4CAF-B742-4DB2E1C77729}","created_user":"jjordan_CVCarbon","created_date":1753038558577,"last_edited_user":"jjordan_CVCarbon","last_edited_date":1780425891246,"polling_date":1686941659000,"permission_group":"johnyjurisich_CVCarbon,jpinsky@cvcarbon.com,JJurisich_CVCarbon","lease_number":"32024","archive":"bedded"}},{"type":"Feature","id":453,"geometry":{"type":"Point","coordinates":[-9976741.2006000001,3424640.2128999978]},"properties":{"OBJECTID":453,"substrate":"Scattered Shell","substrate_type":null,"buried_shell_depth":null,"water_depth":null,"GlobalID":"{4DC750F6-E73A-4D81-8627-91A82A9AC69C}","created_user":"jjordan_CVCarbon","created_date":1753038558577,"last_edited_user":"jjordan_CVCarbon","last_edited_date":1780425891246,"polling_date":1686941665000,"permission_group":"johnyjurisich_CVCarbon,jpinsky@cvcarbon.com,JJurisich_CVCarbon","lease_number":"32024","archive":"bedded"}},{"type":"Feature","id":454,"geometry":{"type":"Point","coordinates":[-9976717.6893000007,3424645.4631000012]},"properties":{"OBJECTID":454,"substrate":"Scattered Shell","substrate_type":null,"buried_shell_depth":null,"water_depth":null,"GlobalID":"{E1B61EC2-9B5C-4025-B6C8-F00B500A07F2}","created_user":"jjordan_CVCarbon","created_date":1753038558577,"last_edited_user":"jjordan_CVCarbon","last_edited_date":1780425891246,"polling_date":1686941671000,"permission_group":"johnyjurisich_CVCarbon,jpinsky@cvcarbon.com,JJurisich_CVCarbon","lease_number":"32024","archive":"bedded"}},{"type":"Feature","id":455,"geometry":{"type":"Point","coordinates":[-9977172.7229999993,3424784.9659999982]},"properties":{"OBJECTID":455,"substrate":"Mud","substrate_type":null,"buried_shell_depth":null,"water_depth":null,"GlobalID":"{D85DDF4C-DCA5-4819-B35D-ECEECBA0C36B}","created_user":"jjordan_CVCarbon","created_date":1753038558577,"last_edited_user":"jjordan_CVCarbon","last_edited_date":1780425891246,"polling_date":1746037524872,"permission_group":"johnyjurisich_CVCarbon,Ivic_cvcarbon,JJurisich_CVCarbon","lease_number":"32024","archive":"bedded"}},{"type":"Feature","id":456,"geometry":{"type":"Point","coordinates":[-9977184.7591999993,3424799.1642000005]},"properties":{"OBJECTID":456,"substrate":"Mud","substrate_type":null,"buried_shell_depth":null,"water_depth":null,"GlobalID":"{D0DDE323-9872-4C9C-8D7E-8537EE602A47}","created_user":"jjordan_CVCarbon","created_date":1753038558577,"last_edited_user":"jjordan_CVCarbon","last_edited_date":1780425891246,"polling_date":1746037524872,"permission_group":"johnyjurisich_CVCarbon,Ivic_cvcarbon,JJurisich_CVCarbon","lease_number":"32024","archive":"bedded"}},{"type":"Feature","id":457,"geometry":{"type":"Point","coordinates":[-9977193.3369999994,3424795.5041000023]},"properties":{"OBJECTID":457,"substrate":"Scattered Shell","substrate_type":null,"buried_shell_depth":null,"water_depth":null,"GlobalID":"{CFE037CC-4E0F-4A49-A1B8-52DED38B058F}","created_user":"jjordan_CVCarbon","created_date":1753038558577,"last_edited_user":"jjordan_CVCarbon","last_edited_date":1780425891246,"polling_date":1746038340489,"permission_group":"johnyjurisich_CVCarbon,Ivic_cvcarbon,JJurisich_CVCarbon","lease_number":"32024","archive":"bedded"}},{"type":"Feature","id":458,"geometry":{"type":"Point","coordinates":[-9977199.2140999995,3424765.873300001]},"properties":{"OBJECTID":458,"substrate":"Solid Reef","substrate_type":null,"buried_shell_depth":null,"water_depth":null,"GlobalID":"{E38A56B4-A7EB-4A0F-8676-E749547EA4ED}","created_user":"jjordan_CVCarbon","created_date":1753038558577,"last_edited_user":"jjordan_CVCarbon","last_edited_date":1780425891246,"polling_date":1746038400723,"permission_group":"johnyjurisich_CVCarbon,Ivic_cvcarbon,JJurisich_CVCarbon","lease_number":"32024","archive":"bedded"}},{"type":"Feature","id":459,"geometry":{"type":"Point","coordinates":[-9977228.0442999993,3424782.7682999969]},"properties":{"OBJECTID":459,"substrate":"Scattered Shell","substrate_type":null,"buried_shell_depth":null,"water_depth":null,"GlobalID":"{C0075F66-8F4D-461B-8751-C45ED2D7D579}","created_user":"jjordan_CVCarbon","created_date":1753038558577,"last_edited_user":"jjordan_CVCarbon","last_edited_date":1780425891246,"polling_date":1746038400723,"permission_group":"johnyjurisich_CVCarbon,Ivic_cvcarbon,JJurisich_CVCarbon","lease_number":"32024","archive":"bedded"}},{"type":"Feature","id":460,"geometry":{"type":"Point","coordinates":[-9976463.6964999996,3424508.9105999991]},"properties":{"OBJECTID":460,"substrate":"Buried Shell","substrate_type":null,"buried_shell_depth":null,"water_depth":null,"GlobalID":"{462F0305-1686-4C26-95F9-4E185F40B181}","created_user":"johnyjurisich_CVCarbon","created_date":1763671775472,"last_edited_user":"jjordan_CVCarbon","last_edited_date":1780856289203,"polling_date":1763671765000,"permission_group":"johnyjurisich_CVCarbon,JJurisich_CVCarbon","lease_number":"32024","archive":null}},{"type":"Feature","id":461,"geometry":{"type":"Point","coordinates":[-9976455.5144999996,3424496.927199997]},"properties":{"OBJECTID":461,"substrate":"Scattered Shell","substrate_type":null,"buried_shell_depth":null,"water_depth":null,"GlobalID":"{23FD4DB0-34DB-42F9-A477-A2400D5AB7D1}","created_user":"johnyjurisich_CVCarbon","created_date":1763671775472,"last_edited_user":"jjordan_CVCarbon","last_edited_date":1780856289203,"polling_date":1763671759000,"permission_group":"johnyjurisich_CVCarbon,JJurisich_CVCarbon","lease_number":"32024","archive":null}},{"type":"Feature","id":462,"geometry":{"type":"Point","coordinates":[-9976449.3363000005,3424489.1726000011]},"properties":{"OBJECTID":462,"substrate":"Scattered Shell","substrate_type":null,"buried_shell_depth":null,"water_depth":null,"GlobalID":"{CAD56E1B-851E-4F40-AC1F-D1E09CB7D558}","created_user":"johnyjurisich_CVCarbon","created_date":1763671775472,"last_edited_user":"jjordan_CVCarbon","last_edited_date":1780856289203,"polling_date":1763671755000,"permission_group":"johnyjurisich_CVCarbon,JJurisich_CVCarbon","lease_number":"32024","archive":null}},{"type":"Feature","id":463,"geometry":{"type":"Point","coordinates":[-9976445.0615999997,3424483.0147999972]},"properties":{"OBJECTID":463,"substrate":"Solid Reef","substrate_type":null,"buried_shell_depth":null,"water_depth":null,"GlobalID":"{A6AB5FAC-3A8D-42C0-AB1E-5257F490EEC1}","created_user":"johnyjurisich_CVCarbon","created_date":1763671775472,"last_edited_user":"jjordan_CVCarbon","last_edited_date":1780856289203,"polling_date":1763671752000,"permission_group":"johnyjurisich_CVCarbon,JJurisich_CVCarbon","lease_number":"32024","archive":null}},{"type":"Feature","id":464,"geometry":{"type":"Point","coordinates":[-9976440.0633000005,3424477.3170000017]},"properties":{"OBJECTID":464,"substrate":"Solid Reef","substrate_type":null,"buried_shell_depth":null,"water_depth":null,"GlobalID":"{C3F8DCA3-CE48-42F1-917C-1C5908444C80}","created_user":"johnyjurisich_CVCarbon","created_date":1763671775472,"last_edited_user":"jjordan_CVCarbon","last_edited_date":1780856289203,"polling_date":1763671749000,"permission_group":"johnyjurisich_CVCarbon,JJurisich_CVCarbon","lease_number":"32024","archive":null}},{"type":"Feature","id":465,"geometry":{"type":"Point","coordinates":[-9976497.0701000001,3424563.1167000011]},"properties":{"OBJECTID":465,"substrate":"Buried Shell","substrate_type":null,"buried_shell_depth":null,"water_depth":null,"GlobalID":"{06C16A39-8A26-4680-A1BB-A78BDBA021E1}","created_user":"johnyjurisich_CVCarbon","created_date":1763671798359,"last_edited_user":"jjordan_CVCarbon","last_edited_date":1780856289203,"polling_date":1763671789000,"permission_group":"johnyjurisich_CVCarbon,JJurisich_CVCarbon","lease_number":"32024","archive":null}},{"type":"Feature","id":466,"geometry":{"type":"Point","coordinates":[-9976489.6338999998,3424552.7814000025]},"properties":{"OBJECTID":466,"substrate":"Buried Shell","substrate_type":null,"buried_shell_depth":null,"water_depth":null,"GlobalID":"{7CEA9904-4419-46DE-AA72-9A30D3663371}","created_user":"johnyjurisich_CVCarbon","created_date":1763671798359,"last_edited_user":"jjordan_CVCarbon","last_edited_date":1780856289203,"polling_date":1763671785000,"permission_group":"johnyjurisich_CVCarbon,JJurisich_CVCarbon","lease_number":"32024","archive":null}},{"type":"Feature","id":467,"geometry":{"type":"Point","coordinates":[-9976475.1734999996,3424527.5754000023]},"properties":{"OBJECTID":467,"substrate":"Solid Reef","substrate_type":null,"buried_shell_depth":null,"water_depth":null,"GlobalID":"{48E3CA19-16A8-4079-B298-978A6200E5B2}","created_user":"johnyjurisich_CVCarbon","created_date":1763671798359,"last_edited_user":"jjordan_CVCarbon","last_edited_date":1780856289203,"polling_date":1763671774000,"permission_group":"johnyjurisich_CVCarbon,JJurisich_CVCarbon","lease_number":"32024","archive":null}},{"type":"Feature","id":468,"geometry":{"type":"Point","coordinates":[-9976471.0991999991,3424521.4688000008]},"properties":{"OBJECTID":468,"substrate":"Solid Reef","substrate_type":null,"buried_shell_depth":null,"water_depth":null,"GlobalID":"{B37783F4-312B-498F-A7C3-D577CE7ED0A2}","created_user":"johnyjurisich_CVCarbon","created_date":1763671798359,"last_edited_user":"jjordan_CVCarbon","last_edited_date":1780856289203,"polling_date":1763671771000,"permission_group":"johnyjurisich_CVCarbon,JJurisich_CVCarbon","lease_number":"32024","archive":null}},{"type":"Feature","id":469,"geometry":{"type":"Point","coordinates":[-9976546.0728999991,3424634.3272999972]},"properties":{"OBJECTID":469,"substrate":"Scattered Shell","substrate_type":null,"buried_shell_depth":null,"water_depth":null,"GlobalID":"{51FF17CD-63B5-4902-8FF2-AA746F7245CB}","created_user":"johnyjurisich_CVCarbon","created_date":1763671822178,"last_edited_user":"jjordan_CVCarbon","last_edited_date":1780856289203,"polling_date":1763671815000,"permission_group":"johnyjurisich_CVCarbon,JJurisich_CVCarbon","lease_number":"32024","archive":null}},{"type":"Feature","id":470,"geometry":{"type":"Point","coordinates":[-9976538.3250999991,3424623.4425999969]},"properties":{"OBJECTID":470,"substrate":"Scattered Shell","substrate_type":null,"buried_shell_depth":null,"water_depth":null,"GlobalID":"{A06157B9-462C-4DA6-BA51-59305DB08553}","created_user":"johnyjurisich_CVCarbon","created_date":1763671822178,"last_edited_user":"jjordan_CVCarbon","last_edited_date":1780856289203,"polling_date":1763671811000,"permission_group":"johnyjurisich_CVCarbon,JJurisich_CVCarbon","lease_number":"32024","archive":null}},{"type":"Feature","id":471,"geometry":{"type":"Point","coordinates":[-9976532.6366000008,3424614.9596000016]},"properties":{"OBJECTID":471,"substrate":"Scattered Shell","substrate_type":null,"buried_shell_depth":null,"water_depth":null,"GlobalID":"{49939C39-F7A8-4781-A21E-D0BD1CCB72DB}","created_user":"johnyjurisich_CVCarbon","created_date":1763671822178,"last_edited_user":"jjordan_CVCarbon","last_edited_date":1780856289203,"polling_date":1763671808000,"permission_group":"johnyjurisich_CVCarbon,JJurisich_CVCarbon","lease_number":"32024","archive":null}},{"type":"Feature","id":472,"geometry":{"type":"Point","coordinates":[-9976521.0371000003,3424598.6198000014]},"properties":{"OBJECTID":472,"substrate":"Buried Shell","substrate_type":null,"buried_shell_depth":null,"water_depth":null,"GlobalID":"{62C20E0D-5E92-4F2D-93C3-40C450392218}","created_user":"johnyjurisich_CVCarbon","created_date":1763671822178,"last_edited_user":"jjordan_CVCarbon","last_edited_date":1780856289203,"polling_date":1763671802000,"permission_group":"johnyjurisich_CVCarbon,JJurisich_CVCarbon","lease_number":"32024","archive":null}},{"type":"Feature","id":473,"geometry":{"type":"Point","coordinates":[-9976511.7085999995,3424584.9117000028]},"properties":{"OBJECTID":473,"substrate":"Scattered Shell","substrate_type":null,"buried_shell_depth":null,"water_depth":null,"GlobalID":"{ABAE04C4-40D0-4081-8486-FC1637129CE3}","created_user":"johnyjurisich_CVCarbon","created_date":1763671822178,"last_edited_user":"jjordan_CVCarbon","last_edited_date":1780856289203,"polling_date":1763671797000,"permission_group":"johnyjurisich_CVCarbon,JJurisich_CVCarbon","lease_number":"32024","archive":null}},{"type":"Feature","id":474,"geometry":{"type":"Point","coordinates":[-9976502.7585000005,3424571.1652999967]},"properties":{"OBJECTID":474,"substrate":"Buried Shell","substrate_type":null,"buried_shell_depth":null,"water_depth":null,"GlobalID":"{5CF7566A-B7E0-45EE-BA5B-EF436576B2E3}","created_user":"johnyjurisich_CVCarbon","created_date":1763671822178,"last_edited_user":"jjordan_CVCarbon","last_edited_date":1780856289203,"polling_date":1763671792000,"permission_group":"johnyjurisich_CVCarbon,JJurisich_CVCarbon","lease_number":"32024","archive":null}},{"type":"Feature","id":475,"geometry":{"type":"Point","coordinates":[-9976591.2128999997,3424697.9623999968]},"properties":{"OBJECTID":475,"substrate":"Firm/Hard Bottom","substrate_type":null,"buried_shell_depth":null,"water_depth":null,"GlobalID":"{57550088-E99F-4BFC-B2C7-8489F330C840}","created_user":"johnyjurisich_CVCarbon","created_date":1763671846316,"last_edited_user":"jjordan_CVCarbon","last_edited_date":1780856289203,"polling_date":1763671838000,"permission_group":"johnyjurisich_CVCarbon,JJurisich_CVCarbon","lease_number":"32024","archive":null}},{"type":"Feature","id":476,"geometry":{"type":"Point","coordinates":[-9976585.1126000006,3424689.6071000025]},"properties":{"OBJECTID":476,"substrate":"Firm/Hard Bottom","substrate_type":null,"buried_shell_depth":null,"water_depth":null,"GlobalID":"{C01ABC3A-B289-4A18-8F73-2C667B11536C}","created_user":"johnyjurisich_CVCarbon","created_date":1763671846316,"last_edited_user":"jjordan_CVCarbon","last_edited_date":1780856289203,"polling_date":1763671835000,"permission_group":"johnyjurisich_CVCarbon,JJurisich_CVCarbon","lease_number":"32024","archive":null}},{"type":"Feature","id":477,"geometry":{"type":"Point","coordinates":[-9976569.8618999999,3424667.3137999997]},"properties":{"OBJECTID":477,"substrate":"Buried Shell","substrate_type":null,"buried_shell_depth":null,"water_depth":null,"GlobalID":"{16A5A8F5-9C7F-4846-9D51-35E960679F06}","created_user":"johnyjurisich_CVCarbon","created_date":1763671846316,"last_edited_user":"jjordan_CVCarbon","last_edited_date":1780856289203,"polling_date":1763671827000,"permission_group":"johnyjurisich_CVCarbon,JJurisich_CVCarbon","lease_number":"32024","archive":null}},{"type":"Feature","id":478,"geometry":{"type":"Point","coordinates":[-9976561.9024999999,3424656.4672999978]},"properties":{"OBJECTID":478,"substrate":"Buried Shell","substrate_type":null,"buried_shell_depth":null,"water_depth":null,"GlobalID":"{EB965332-4544-4D33-8C58-4ED29CC048C7}","created_user":"johnyjurisich_CVCarbon","created_date":1763671846316,"last_edited_user":"jjordan_CVCarbon","last_edited_date":1780856289203,"polling_date":1763671823000,"permission_group":"johnyjurisich_CVCarbon,JJurisich_CVCarbon","lease_number":"32024","archive":null}},{"type":"Feature","id":479,"geometry":{"type":"Point","coordinates":[-9976557.9061999992,3424650.8844000027]},"properties":{"OBJECTID":479,"substrate":"Mud","substrate_type":null,"buried_shell_depth":null,"water_depth":null,"GlobalID":"{CFA38F92-6A0A-4BE9-ADB9-A3FCB9B343CD}","created_user":"johnyjurisich_CVCarbon","created_date":1763671846316,"last_edited_user":"jjordan_CVCarbon","last_edited_date":1780856289203,"polling_date":1763671821000,"permission_group":"johnyjurisich_CVCarbon,JJurisich_CVCarbon","lease_number":"32024","archive":null}},{"type":"Feature","id":480,"geometry":{"type":"Point","coordinates":[-9976636.9987000003,3424760.7418000028]},"properties":{"OBJECTID":480,"substrate":"Buried Shell","substrate_type":null,"buried_shell_depth":null,"water_depth":null,"GlobalID":"{CBDBAFB7-9EE4-4390-8146-88F654B421E7}","created_user":"johnyjurisich_CVCarbon","created_date":1763671870164,"last_edited_user":"jjordan_CVCarbon","last_edited_date":1780856289203,"polling_date":1763671861000,"permission_group":"johnyjurisich_CVCarbon,JJurisich_CVCarbon","lease_number":"32024","archive":null}},{"type":"Feature","id":481,"geometry":{"type":"Point","coordinates":[-9976627.2916000001,3424746.867399998]},"properties":{"OBJECTID":481,"substrate":"Buried Shell","substrate_type":null,"buried_shell_depth":null,"water_depth":null,"GlobalID":"{ADED9C1A-2363-4D19-80FE-A9AC265E7586}","created_user":"johnyjurisich_CVCarbon","created_date":1763671870164,"last_edited_user":"jjordan_CVCarbon","last_edited_date":1780856289203,"polling_date":1763671856000,"permission_group":"johnyjurisich_CVCarbon,JJurisich_CVCarbon","lease_number":"32024","archive":null}},{"type":"Feature","id":482,"geometry":{"type":"Point","coordinates":[-9976619.6995999999,3424736.0719999969]},"properties":{"OBJECTID":482,"substrate":"Buried Shell","substrate_type":null,"buried_shell_depth":null,"water_depth":null,"GlobalID":"{AEAE6AF4-CB38-42B9-99C5-1A11CA757DC6}","created_user":"johnyjurisich_CVCarbon","created_date":1763671870164,"last_edited_user":"jjordan_CVCarbon","last_edited_date":1780856289203,"polling_date":1763671852000,"permission_group":"johnyjurisich_CVCarbon,JJurisich_CVCarbon","lease_number":"32024","archive":null}},{"type":"Feature","id":483,"geometry":{"type":"Point","coordinates":[-9976611.7848000005,3424724.8166999966]},"properties":{"OBJECTID":483,"substrate":"Buried Shell","substrate_type":null,"buried_shell_depth":null,"water_depth":null,"GlobalID":"{500C2A13-C14F-4FD5-A6CC-2EA48FE25CE7}","created_user":"johnyjurisich_CVCarbon","created_date":1763671870164,"last_edited_user":"jjordan_CVCarbon","last_edited_date":1780856289203,"polling_date":1763671848000,"permission_group":"johnyjurisich_CVCarbon,JJurisich_CVCarbon","lease_number":"32024","archive":null}},{"type":"Feature","id":484,"geometry":{"type":"Point","coordinates":[-9976601.5434000008,3424711.3383999988]},"properties":{"OBJECTID":484,"substrate":"Firm/Hard Bottom","substrate_type":null,"buried_shell_depth":null,"water_depth":null,"GlobalID":"{2848C531-390D-4A69-B43A-82C3AEBD0582}","created_user":"johnyjurisich_CVCarbon","created_date":1763671870164,"last_edited_user":"jjordan_CVCarbon","last_edited_date":1780856289203,"polling_date":1763671843000,"permission_group":"johnyjurisich_CVCarbon,JJurisich_CVCarbon","lease_number":"32024","archive":null}},{"type":"Feature","id":485,"geometry":{"type":"Point","coordinates":[-9976652.5611000005,3424782.7031999975]},"properties":{"OBJECTID":485,"substrate":"Firm/Hard Bottom","substrate_type":null,"buried_shell_depth":null,"water_depth":null,"GlobalID":"{6BEF92FA-B259-4865-9FA8-77FF4B306425}","created_user":"johnyjurisich_CVCarbon","created_date":1763671893807,"last_edited_user":"jjordan_CVCarbon","last_edited_date":1780856289203,"polling_date":1763671869000,"permission_group":"johnyjurisich_CVCarbon,JJurisich_CVCarbon","lease_number":"32024","archive":null}},{"type":"Feature","id":486,"geometry":{"type":"Point","coordinates":[-9976646.8838,3424774.5394999981]},"properties":{"OBJECTID":486,"substrate":"Firm/Hard Bottom","substrate_type":null,"buried_shell_depth":null,"water_depth":null,"GlobalID":"{BB0A1BEF-CE75-4D27-A628-1C76C617221B}","created_user":"johnyjurisich_CVCarbon","created_date":1763671893807,"last_edited_user":"jjordan_CVCarbon","last_edited_date":1780856289203,"polling_date":1763671866000,"permission_group":"johnyjurisich_CVCarbon,JJurisich_CVCarbon","lease_number":"32024","archive":null}},{"type":"Feature","id":487,"geometry":{"type":"Point","coordinates":[-9976730.3734000009,3424891.2074000016]},"properties":{"OBJECTID":487,"substrate":"Firm/Hard Bottom","substrate_type":null,"buried_shell_depth":null,"water_depth":null,"GlobalID":"{A4F978AB-7EA4-4802-8022-9803E18316F7}","created_user":"johnyjurisich_CVCarbon","created_date":1763671916829,"last_edited_user":"jjordan_CVCarbon","last_edited_date":1780856289203,"polling_date":1763671909000,"permission_group":"johnyjurisich_CVCarbon,JJurisich_CVCarbon","lease_number":"32024","archive":null}},{"type":"Feature","id":488,"geometry":{"type":"Point","coordinates":[-9976776.3595000003,3424908.3524999991]},"properties":{"OBJECTID":488,"substrate":"Firm/Hard Bottom","substrate_type":null,"buried_shell_depth":null,"water_depth":null,"GlobalID":"{F647EF03-0634-4406-8049-CDF1168474EC}","created_user":"johnyjurisich_CVCarbon","created_date":1763671940829,"last_edited_user":"jjordan_CVCarbon","last_edited_date":1780856289203,"polling_date":1763671932000,"permission_group":"johnyjurisich_CVCarbon,JJurisich_CVCarbon","lease_number":"32024","archive":null}},{"type":"Feature","id":489,"geometry":{"type":"Point","coordinates":[-9976772.3742999993,3424914.7021000013]},"properties":{"OBJECTID":489,"substrate":"Firm/Hard Bottom","substrate_type":null,"buried_shell_depth":null,"water_depth":null,"GlobalID":"{650FA42A-057D-4D91-A771-57C0604CF65B}","created_user":"johnyjurisich_CVCarbon","created_date":1763671940829,"last_edited_user":"jjordan_CVCarbon","last_edited_date":1780856289203,"polling_date":1763671928000,"permission_group":"johnyjurisich_CVCarbon,JJurisich_CVCarbon","lease_number":"32024","archive":null}},{"type":"Feature","id":490,"geometry":{"type":"Point","coordinates":[-9976764.6598000005,3424917.8193999976]},"properties":{"OBJECTID":490,"substrate":"Firm/Hard Bottom","substrate_type":null,"buried_shell_depth":null,"water_depth":null,"GlobalID":"{DD164D74-AC92-4D14-AFE0-8E5AD7111A62}","created_user":"johnyjurisich_CVCarbon","created_date":1763671940829,"last_edited_user":"jjordan_CVCarbon","last_edited_date":1780856289203,"polling_date":1763671924000,"permission_group":"johnyjurisich_CVCarbon,JJurisich_CVCarbon","lease_number":"32024","archive":null}},{"type":"Feature","id":491,"geometry":{"type":"Point","coordinates":[-9976749.6874000002,3424914.4082999974]},"properties":{"OBJECTID":491,"substrate":"Firm/Hard Bottom","substrate_type":null,"buried_shell_depth":null,"water_depth":null,"GlobalID":"{15BBC2DC-E713-4843-BB9F-DE3B4547C15A}","created_user":"johnyjurisich_CVCarbon","created_date":1763671940829,"last_edited_user":"jjordan_CVCarbon","last_edited_date":1780856289203,"polling_date":1763671918000,"permission_group":"johnyjurisich_CVCarbon,JJurisich_CVCarbon","lease_number":"32024","archive":null}},{"type":"Feature","id":492,"geometry":{"type":"Point","coordinates":[-9976738.7000999991,3424901.8752000034]},"properties":{"OBJECTID":492,"substrate":"Firm/Hard Bottom","substrate_type":null,"buried_shell_depth":null,"water_depth":null,"GlobalID":"{B37D1A97-060B-4EB2-B86C-42D0E1E27AD0}","created_user":"johnyjurisich_CVCarbon","created_date":1763671940829,"last_edited_user":"jjordan_CVCarbon","last_edited_date":1780856289203,"polling_date":1763671913000,"permission_group":"johnyjurisich_CVCarbon,JJurisich_CVCarbon","lease_number":"32024","archive":null}},{"type":"Feature","id":493,"geometry":{"type":"Point","coordinates":[-9976776.7269000001,3424900.9425999969]},"properties":{"OBJECTID":493,"substrate":"Firm/Hard Bottom","substrate_type":null,"buried_shell_depth":null,"water_depth":null,"GlobalID":"{E1C3A2C2-F473-449D-A340-5F7AFEC35208}","created_user":"johnyjurisich_CVCarbon","created_date":1763671963797,"last_edited_user":"jjordan_CVCarbon","last_edited_date":1780856289203,"polling_date":1763671936000,"permission_group":"johnyjurisich_CVCarbon,JJurisich_CVCarbon","lease_number":"32024","archive":null}},{"type":"Feature","id":494,"geometry":{"type":"Point","coordinates":[-9976756.1216000002,3424872.4909000024]},"properties":{"OBJECTID":494,"substrate":"Mud","substrate_type":null,"buried_shell_depth":null,"water_depth":null,"GlobalID":"{A046DE2E-456A-4653-A0AC-092F9E92D535}","created_user":"johnyjurisich_CVCarbon","created_date":1763672010067,"last_edited_user":"jjordan_CVCarbon","last_edited_date":1780856289203,"polling_date":1763672003000,"permission_group":"johnyjurisich_CVCarbon,JJurisich_CVCarbon","lease_number":"32024","archive":null}},{"type":"Feature","id":495,"geometry":{"type":"Point","coordinates":[-9976761.4871999994,3424879.1215000004]},"properties":{"OBJECTID":495,"substrate":"Mud","substrate_type":null,"buried_shell_depth":null,"water_depth":null,"GlobalID":"{9400E7E0-4157-486C-A7D4-92E65216651F}","created_user":"johnyjurisich_CVCarbon","created_date":1763672010067,"last_edited_user":"jjordan_CVCarbon","last_edited_date":1780856289203,"polling_date":1763671999000,"permission_group":"johnyjurisich_CVCarbon,JJurisich_CVCarbon","lease_number":"32024","archive":null}},{"type":"Feature","id":496,"geometry":{"type":"Point","coordinates":[-9976767.4761999995,3424885.4966000021]},"properties":{"OBJECTID":496,"substrate":"Mud","substrate_type":null,"buried_shell_depth":null,"water_depth":null,"GlobalID":"{19B7527B-D05C-47B0-AA11-82DED658262B}","created_user":"johnyjurisich_CVCarbon","created_date":1763672010067,"last_edited_user":"jjordan_CVCarbon","last_edited_date":1780856289203,"polling_date":1763671995000,"permission_group":"johnyjurisich_CVCarbon,JJurisich_CVCarbon","lease_number":"32024","archive":null}},{"type":"Feature","id":497,"geometry":{"type":"Point","coordinates":[-9976773.9995000008,3424890.862499997]},"properties":{"OBJECTID":497,"substrate":"Mud","substrate_type":null,"buried_shell_depth":null,"water_depth":null,"GlobalID":"{76AC4C26-E34B-46DA-80F3-5AB3CF5557FC}","created_user":"johnyjurisich_CVCarbon","created_date":1763672010067,"last_edited_user":"jjordan_CVCarbon","last_edited_date":1780856289203,"polling_date":1763671991000,"permission_group":"johnyjurisich_CVCarbon,JJurisich_CVCarbon","lease_number":"32024","archive":null}},{"type":"Feature","id":498,"geometry":{"type":"Point","coordinates":[-9976724.9188000001,3424827.5842000023]},"properties":{"OBJECTID":498,"substrate":"Firm/Hard Bottom","substrate_type":null,"buried_shell_depth":null,"water_depth":null,"GlobalID":"{BBD6183D-5DB9-4A3A-89D0-D9A951685661}","created_user":"johnyjurisich_CVCarbon","created_date":1763672032777,"last_edited_user":"jjordan_CVCarbon","last_edited_date":1780856289203,"polling_date":1763672024000,"permission_group":"johnyjurisich_CVCarbon,JJurisich_CVCarbon","lease_number":"32024","archive":null}},{"type":"Feature","id":499,"geometry":{"type":"Point","coordinates":[-9976749.1975999996,3424863.4584000036]},"properties":{"OBJECTID":499,"substrate":"Buried Shell","substrate_type":null,"buried_shell_depth":null,"water_depth":null,"GlobalID":"{B97C4378-D9BC-4221-9CE1-1AE8315839C7}","created_user":"johnyjurisich_CVCarbon","created_date":1763672032777,"last_edited_user":"jjordan_CVCarbon","last_edited_date":1780856289203,"polling_date":1763672008000,"permission_group":"johnyjurisich_CVCarbon,JJurisich_CVCarbon","lease_number":"32024","archive":null}},{"type":"Feature","id":500,"geometry":{"type":"Point","coordinates":[-9976686.6693999991,3424774.7695000023]},"properties":{"OBJECTID":500,"substrate":"Scattered Shell","substrate_type":null,"buried_shell_depth":null,"water_depth":null,"GlobalID":"{2242C973-DE0C-4060-8A35-4B2E01B9F82B}","created_user":"johnyjurisich_CVCarbon","created_date":1763672056582,"last_edited_user":"jjordan_CVCarbon","last_edited_date":1780856289203,"polling_date":1763672045000,"permission_group":"johnyjurisich_CVCarbon,JJurisich_CVCarbon","lease_number":"32024","archive":null}},{"type":"Feature","id":501,"geometry":{"type":"Point","coordinates":[-9976694.2948000003,3424784.6450999975]},"properties":{"OBJECTID":501,"substrate":"Scattered Shell","substrate_type":null,"buried_shell_depth":null,"water_depth":null,"GlobalID":"{EE781484-A24E-4C4C-AC9F-C822C824E518}","created_user":"johnyjurisich_CVCarbon","created_date":1763672056582,"last_edited_user":"jjordan_CVCarbon","last_edited_date":1780856289203,"polling_date":1763672041000,"permission_group":"johnyjurisich_CVCarbon,JJurisich_CVCarbon","lease_number":"32024","archive":null}},{"type":"Feature","id":502,"geometry":{"type":"Point","coordinates":[-9976705.3822000008,3424799.9503000006]},"properties":{"OBJECTID":502,"substrate":"Buried Shell","substrate_type":null,"buried_shell_depth":null,"water_depth":null,"GlobalID":"{FD6D96F2-E22F-4742-8F3F-E6B6731F068C}","created_user":"johnyjurisich_CVCarbon","created_date":1763672056582,"last_edited_user":"jjordan_CVCarbon","last_edited_date":1780856289203,"polling_date":1763672035000,"permission_group":"johnyjurisich_CVCarbon,JJurisich_CVCarbon","lease_number":"32024","archive":null}},{"type":"Feature","id":503,"geometry":{"type":"Point","coordinates":[-9976712.9853000008,3424810.1070000008]},"properties":{"OBJECTID":503,"substrate":"Buried Shell","substrate_type":null,"buried_shell_depth":null,"water_depth":null,"GlobalID":"{87E2365A-0B84-45DD-9EFA-A0E772A4BE37}","created_user":"johnyjurisich_CVCarbon","created_date":1763672056582,"last_edited_user":"jjordan_CVCarbon","last_edited_date":1780856289203,"polling_date":1763672031000,"permission_group":"johnyjurisich_CVCarbon,JJurisich_CVCarbon","lease_number":"32024","archive":null}},{"type":"Feature","id":504,"geometry":{"type":"Point","coordinates":[-9976646.5943999998,3424720.996799998]},"properties":{"OBJECTID":504,"substrate":"Scattered Shell","substrate_type":null,"buried_shell_depth":null,"water_depth":null,"GlobalID":"{50855A68-CE98-43A8-A283-0C639341A97C}","created_user":"johnyjurisich_CVCarbon","created_date":1763672079945,"last_edited_user":"jjordan_CVCarbon","last_edited_date":1780856289203,"polling_date":1763672067000,"permission_group":"johnyjurisich_CVCarbon,JJurisich_CVCarbon","lease_number":"32024","archive":null}},{"type":"Feature","id":505,"geometry":{"type":"Point","coordinates":[-9976659.0510000009,3424738.0394999981]},"properties":{"OBJECTID":505,"substrate":"Scattered Shell","substrate_type":null,"buried_shell_depth":null,"water_depth":null,"GlobalID":"{5E3F7087-37C4-4592-8A51-32CDF63E794C}","created_user":"johnyjurisich_CVCarbon","created_date":1763672079945,"last_edited_user":"jjordan_CVCarbon","last_edited_date":1780856289203,"polling_date":1763672060000,"permission_group":"johnyjurisich_CVCarbon,JJurisich_CVCarbon","lease_number":"32024","archive":null}},{"type":"Feature","id":506,"geometry":{"type":"Point","coordinates":[-9976668.1904000007,3424750.4829000011]},"properties":{"OBJECTID":506,"substrate":"Scattered Shell","substrate_type":null,"buried_shell_depth":null,"water_depth":null,"GlobalID":"{162E82A6-4FA1-432B-84DF-B7CB7152B9CE}","created_user":"johnyjurisich_CVCarbon","created_date":1763672079945,"last_edited_user":"jjordan_CVCarbon","last_edited_date":1780856289203,"polling_date":1763672055000,"permission_group":"johnyjurisich_CVCarbon,JJurisich_CVCarbon","lease_number":"32024","archive":null}},{"type":"Feature","id":507,"geometry":{"type":"Point","coordinates":[-9976677.5856999997,3424762.7475999966]},"properties":{"OBJECTID":507,"substrate":"Firm/Hard Bottom","substrate_type":null,"buried_shell_depth":null,"water_depth":null,"GlobalID":"{DA84C81C-D24E-45E6-ACA1-1D8E9D663CAF}","created_user":"johnyjurisich_CVCarbon","created_date":1763672079945,"last_edited_user":"jjordan_CVCarbon","last_edited_date":1780856289203,"polling_date":1763672050000,"permission_group":"johnyjurisich_CVCarbon,JJurisich_CVCarbon","lease_number":"32024","archive":null}},{"type":"Feature","id":508,"geometry":{"type":"Point","coordinates":[-9976597.6249000002,3424657.003899999]},"properties":{"OBJECTID":508,"substrate":"Solid Reef","substrate_type":null,"buried_shell_depth":null,"water_depth":null,"GlobalID":"{AFD82E55-0182-4B84-8067-BA5396A8678A}","created_user":"johnyjurisich_CVCarbon","created_date":1763672103424,"last_edited_user":"jjordan_CVCarbon","last_edited_date":1780856289203,"polling_date":1763672093000,"permission_group":"johnyjurisich_CVCarbon,JJurisich_CVCarbon","lease_number":"32024","archive":null}},{"type":"Feature","id":509,"geometry":{"type":"Point","coordinates":[-9976605.3728,3424667.2753999978]},"properties":{"OBJECTID":509,"substrate":"Solid Reef","substrate_type":null,"buried_shell_depth":null,"water_depth":null,"GlobalID":"{A486DE78-F98D-4743-896A-0CE50D4E7AA2}","created_user":"johnyjurisich_CVCarbon","created_date":1763672103424,"last_edited_user":"jjordan_CVCarbon","last_edited_date":1780856289203,"polling_date":1763672089000,"permission_group":"johnyjurisich_CVCarbon,JJurisich_CVCarbon","lease_number":"32024","archive":null}},{"type":"Feature","id":510,"geometry":{"type":"Point","coordinates":[-9976614.7681000009,3424679.2462000027]},"properties":{"OBJECTID":510,"substrate":"Solid Reef","substrate_type":null,"buried_shell_depth":null,"water_depth":null,"GlobalID":"{E29A8E21-A65D-4B5D-A6F0-2149990ADED3}","created_user":"johnyjurisich_CVCarbon","created_date":1763672103424,"last_edited_user":"jjordan_CVCarbon","last_edited_date":1780856289203,"polling_date":1763672084000,"permission_group":"johnyjurisich_CVCarbon,JJurisich_CVCarbon","lease_number":"32024","archive":null}},{"type":"Feature","id":511,"geometry":{"type":"Point","coordinates":[-9976616.6272,3424681.6607000008]},"properties":{"OBJECTID":511,"substrate":"Solid Reef","substrate_type":null,"buried_shell_depth":null,"water_depth":null,"GlobalID":"{F2563DD3-1561-4E31-8536-E656A16250A7}","created_user":"johnyjurisich_CVCarbon","created_date":1763672103424,"last_edited_user":"jjordan_CVCarbon","last_edited_date":1780856289203,"polling_date":1763672083000,"permission_group":"johnyjurisich_CVCarbon,JJurisich_CVCarbon","lease_number":"32024","archive":null}},{"type":"Feature","id":512,"geometry":{"type":"Point","coordinates":[-9976633.6479000002,3424703.8263999969]},"properties":{"OBJECTID":512,"substrate":"Scattered Shell","substrate_type":null,"buried_shell_depth":null,"water_depth":null,"GlobalID":"{2E7E5A23-E8A0-4785-B269-2CC22517032D}","created_user":"johnyjurisich_CVCarbon","created_date":1763672103424,"last_edited_user":"jjordan_CVCarbon","last_edited_date":1780856289203,"polling_date":1763672074000,"permission_group":"johnyjurisich_CVCarbon,JJurisich_CVCarbon","lease_number":"32024","archive":null}},{"type":"Feature","id":513,"geometry":{"type":"Point","coordinates":[-9976552.1174999997,3424593.9055999964]},"properties":{"OBJECTID":513,"substrate":"Scattered Shell","substrate_type":null,"buried_shell_depth":null,"water_depth":null,"GlobalID":"{8540F91C-6814-4CAB-A41E-32DF63288E2A}","created_user":"johnyjurisich_CVCarbon","created_date":1763672127266,"last_edited_user":"jjordan_CVCarbon","last_edited_date":1780856289203,"polling_date":1763672118000,"permission_group":"johnyjurisich_CVCarbon,JJurisich_CVCarbon","lease_number":"32024","archive":null}},{"type":"Feature","id":514,"geometry":{"type":"Point","coordinates":[-9976559.5870999992,3424604.0109999999]},"properties":{"OBJECTID":514,"substrate":"Scattered Shell","substrate_type":null,"buried_shell_depth":null,"water_depth":null,"GlobalID":"{6AA75E88-0967-40BE-88D9-BB33A93E49C5}","created_user":"johnyjurisich_CVCarbon","created_date":1763672127266,"last_edited_user":"jjordan_CVCarbon","last_edited_date":1780856289203,"polling_date":1763672114000,"permission_group":"johnyjurisich_CVCarbon,JJurisich_CVCarbon","lease_number":"32024","archive":null}},{"type":"Feature","id":515,"geometry":{"type":"Point","coordinates":[-9976567.1010999996,3424614.1291999966]},"properties":{"OBJECTID":515,"substrate":"Solid Reef","substrate_type":null,"buried_shell_depth":null,"water_depth":null,"GlobalID":"{773ACEE7-3AD8-4323-8625-998F6DF6A250}","created_user":"johnyjurisich_CVCarbon","created_date":1763672127266,"last_edited_user":"jjordan_CVCarbon","last_edited_date":1780856289203,"polling_date":1763672110000,"permission_group":"johnyjurisich_CVCarbon,JJurisich_CVCarbon","lease_number":"32024","archive":null}},{"type":"Feature","id":516,"geometry":{"type":"Point","coordinates":[-9976574.1142999995,3424624.1196999997]},"properties":{"OBJECTID":516,"substrate":"Solid Reef","substrate_type":null,"buried_shell_depth":null,"water_depth":null,"GlobalID":"{E18F920D-8790-4AD5-BBC2-1BB848E75005}","created_user":"johnyjurisich_CVCarbon","created_date":1763672127266,"last_edited_user":"jjordan_CVCarbon","last_edited_date":1780856289203,"polling_date":1763672106000,"permission_group":"johnyjurisich_CVCarbon,JJurisich_CVCarbon","lease_number":"32024","archive":null}},{"type":"Feature","id":517,"geometry":{"type":"Point","coordinates":[-9976580.9382000007,3424634.1357000023]},"properties":{"OBJECTID":517,"substrate":"Scattered Shell","substrate_type":null,"buried_shell_depth":null,"water_depth":null,"GlobalID":"{714879BF-F5CB-40F6-9D83-47F4A3F301AE}","created_user":"johnyjurisich_CVCarbon","created_date":1763672127266,"last_edited_user":"jjordan_CVCarbon","last_edited_date":1780856289203,"polling_date":1763672102000,"permission_group":"johnyjurisich_CVCarbon,JJurisich_CVCarbon","lease_number":"32024","archive":null}},{"type":"Feature","id":518,"geometry":{"type":"Point","coordinates":[-9976590.0775000006,3424646.8346000016]},"properties":{"OBJECTID":518,"substrate":"Scattered Shell","substrate_type":null,"buried_shell_depth":null,"water_depth":null,"GlobalID":"{FD19BD9F-A9DE-462B-AB83-3CD8E1DAA78F}","created_user":"johnyjurisich_CVCarbon","created_date":1763672127266,"last_edited_user":"jjordan_CVCarbon","last_edited_date":1780856289203,"polling_date":1763672097000,"permission_group":"johnyjurisich_CVCarbon,JJurisich_CVCarbon","lease_number":"32024","archive":null}},{"type":"Feature","id":519,"geometry":{"type":"Point","coordinates":[-9976508.0128000006,3424534.3592000008]},"properties":{"OBJECTID":519,"substrate":"Scattered Shell","substrate_type":null,"buried_shell_depth":null,"water_depth":null,"GlobalID":"{507F476F-5B32-48EA-8B2F-34F0F7FA9FF9}","created_user":"johnyjurisich_CVCarbon","created_date":1763672151489,"last_edited_user":"jjordan_CVCarbon","last_edited_date":1780856289203,"polling_date":1763672142000,"permission_group":"johnyjurisich_CVCarbon,JJurisich_CVCarbon","lease_number":"32024","archive":null}},{"type":"Feature","id":520,"geometry":{"type":"Point","coordinates":[-9976515.2597000003,3424544.5283999965]},"properties":{"OBJECTID":520,"substrate":"Scattered Shell","substrate_type":null,"buried_shell_depth":null,"water_depth":null,"GlobalID":"{B5E523C9-9008-4BCD-AF5E-E89F79866D47}","created_user":"johnyjurisich_CVCarbon","created_date":1763672151489,"last_edited_user":"jjordan_CVCarbon","last_edited_date":1780856289203,"polling_date":1763672138000,"permission_group":"johnyjurisich_CVCarbon,JJurisich_CVCarbon","lease_number":"32024","archive":null}},{"type":"Feature","id":521,"geometry":{"type":"Point","coordinates":[-9976522.5622000005,3424554.4038999975]},"properties":{"OBJECTID":521,"substrate":"Solid Reef","substrate_type":null,"buried_shell_depth":null,"water_depth":null,"GlobalID":"{48DA2CCC-A79C-4E04-95B6-7DDF4B78FDFB}","created_user":"johnyjurisich_CVCarbon","created_date":1763672151489,"last_edited_user":"jjordan_CVCarbon","last_edited_date":1780856289203,"polling_date":1763672134000,"permission_group":"johnyjurisich_CVCarbon,JJurisich_CVCarbon","lease_number":"32024","archive":null}},{"type":"Feature","id":522,"geometry":{"type":"Point","coordinates":[-9976530.0318,3424564.5348000005]},"properties":{"OBJECTID":522,"substrate":"Solid Reef","substrate_type":null,"buried_shell_depth":null,"water_depth":null,"GlobalID":"{19EA2A94-4386-4C90-830B-E863241CE499}","created_user":"johnyjurisich_CVCarbon","created_date":1763672151489,"last_edited_user":"jjordan_CVCarbon","last_edited_date":1780856289203,"polling_date":1763672130000,"permission_group":"johnyjurisich_CVCarbon,JJurisich_CVCarbon","lease_number":"32024","archive":null}},{"type":"Feature","id":523,"geometry":{"type":"Point","coordinates":[-9976537.2897999994,3424574.4869000018]},"properties":{"OBJECTID":523,"substrate":"Solid Reef","substrate_type":null,"buried_shell_depth":null,"water_depth":null,"GlobalID":"{828F0693-860F-4675-8E01-BBEE99FFEA4C}","created_user":"johnyjurisich_CVCarbon","created_date":1763672151489,"last_edited_user":"jjordan_CVCarbon","last_edited_date":1780856289203,"polling_date":1763672126000,"permission_group":"johnyjurisich_CVCarbon,JJurisich_CVCarbon","lease_number":"32024","archive":null}},{"type":"Feature","id":524,"geometry":{"type":"Point","coordinates":[-9976542.9002999999,3424581.9605000019]},"properties":{"OBJECTID":524,"substrate":"Solid Reef","substrate_type":null,"buried_shell_depth":null,"water_depth":null,"GlobalID":"{6BDA78E6-5B93-45CB-8206-E98D32CD2062}","created_user":"johnyjurisich_CVCarbon","created_date":1763672151489,"last_edited_user":"jjordan_CVCarbon","last_edited_date":1780856289203,"polling_date":1763672123000,"permission_group":"johnyjurisich_CVCarbon,JJurisich_CVCarbon","lease_number":"32024","archive":null}},{"type":"Feature","id":525,"geometry":{"type":"Point","coordinates":[-9976459.2771000005,3424467.4416999966]},"properties":{"OBJECTID":525,"substrate":"Scattered Shell","substrate_type":null,"buried_shell_depth":null,"water_depth":null,"GlobalID":"{CC6413EB-D115-4BC4-9745-23EEEDBE0BF3}","created_user":"johnyjurisich_CVCarbon","created_date":1763672175286,"last_edited_user":"jjordan_CVCarbon","last_edited_date":1780856289203,"polling_date":1763672169000,"permission_group":"johnyjurisich_CVCarbon,JJurisich_CVCarbon","lease_number":"32024","archive":null}},{"type":"Feature","id":526,"geometry":{"type":"Point","coordinates":[-9976464.5647999998,3424474.6596999988]},"properties":{"OBJECTID":526,"substrate":"Scattered Shell","substrate_type":null,"buried_shell_depth":null,"water_depth":null,"GlobalID":"{5C11BCF2-6456-4C86-8DB9-83E63C0F5A55}","created_user":"johnyjurisich_CVCarbon","created_date":1763672175286,"last_edited_user":"jjordan_CVCarbon","last_edited_date":1780856289203,"polling_date":1763672166000,"permission_group":"johnyjurisich_CVCarbon,JJurisich_CVCarbon","lease_number":"32024","archive":null}},{"type":"Feature","id":527,"geometry":{"type":"Point","coordinates":[-9976471.7671000008,3424484.9566999972]},"properties":{"OBJECTID":527,"substrate":"Scattered Shell","substrate_type":null,"buried_shell_depth":null,"water_depth":null,"GlobalID":"{E80B3910-C6A9-4190-AA22-AD593621FDD4}","created_user":"johnyjurisich_CVCarbon","created_date":1763672175286,"last_edited_user":"jjordan_CVCarbon","last_edited_date":1780856289203,"polling_date":1763672162000,"permission_group":"johnyjurisich_CVCarbon,JJurisich_CVCarbon","lease_number":"32024","archive":null}},{"type":"Feature","id":528,"geometry":{"type":"Point","coordinates":[-9976479.4147999994,3424494.7426000014]},"properties":{"OBJECTID":528,"substrate":"Scattered Shell","substrate_type":null,"buried_shell_depth":null,"water_depth":null,"GlobalID":"{757ECB40-E6C6-44F1-BD67-EE052E7B40FC}","created_user":"johnyjurisich_CVCarbon","created_date":1763672175286,"last_edited_user":"jjordan_CVCarbon","last_edited_date":1780856289203,"polling_date":1763672158000,"permission_group":"johnyjurisich_CVCarbon,JJurisich_CVCarbon","lease_number":"32024","archive":null}},{"type":"Feature","id":529,"geometry":{"type":"Point","coordinates":[-9976486.4613000005,3424504.5669]},"properties":{"OBJECTID":529,"substrate":"Scattered Shell","substrate_type":null,"buried_shell_depth":null,"water_depth":null,"GlobalID":"{28241EC7-A51D-4326-BE4E-BAC9E9FCA914}","created_user":"johnyjurisich_CVCarbon","created_date":1763672175286,"last_edited_user":"jjordan_CVCarbon","last_edited_date":1780856289203,"polling_date":1763672154000,"permission_group":"johnyjurisich_CVCarbon,JJurisich_CVCarbon","lease_number":"32024","archive":null}},{"type":"Feature","id":530,"geometry":{"type":"Point","coordinates":[-9976493.6636999995,3424514.5190000013]},"properties":{"OBJECTID":530,"substrate":"Solid Reef","substrate_type":null,"buried_shell_depth":null,"water_depth":null,"GlobalID":"{49865A8A-650E-463F-8DAE-37A45A7F699B}","created_user":"johnyjurisich_CVCarbon","created_date":1763672175286,"last_edited_user":"jjordan_CVCarbon","last_edited_date":1780856289203,"polling_date":1763672150000,"permission_group":"johnyjurisich_CVCarbon,JJurisich_CVCarbon","lease_number":"32024","archive":null}},{"type":"Feature","id":531,"geometry":{"type":"Point","coordinates":[-9976500.7993000001,3424524.2793999985]},"properties":{"OBJECTID":531,"substrate":"Solid Reef","substrate_type":null,"buried_shell_depth":null,"water_depth":null,"GlobalID":"{FB26A1CD-E3BE-44AF-A3EC-FA2B8F54A7E4}","created_user":"johnyjurisich_CVCarbon","created_date":1763672175286,"last_edited_user":"jjordan_CVCarbon","last_edited_date":1780856289203,"polling_date":1763672146000,"permission_group":"johnyjurisich_CVCarbon,JJurisich_CVCarbon","lease_number":"32024","archive":null}},{"type":"Feature","id":532,"geometry":{"type":"Point","coordinates":[-9976436.0558000002,3424432.8971000016]},"properties":{"OBJECTID":532,"substrate":"Scattered Shell","substrate_type":null,"buried_shell_depth":null,"water_depth":null,"GlobalID":"{F0B79E35-059C-44A4-9530-4351D24410A7}","created_user":"johnyjurisich_CVCarbon","created_date":1763672199163,"last_edited_user":"jjordan_CVCarbon","last_edited_date":1780856289203,"polling_date":1763672182000,"permission_group":"johnyjurisich_CVCarbon,JJurisich_CVCarbon","lease_number":"32024","archive":null}},{"type":"Feature","id":533,"geometry":{"type":"Point","coordinates":[-9976440.7313000001,3424441.3672000021]},"properties":{"OBJECTID":533,"substrate":"Solid Reef","substrate_type":null,"buried_shell_depth":null,"water_depth":null,"GlobalID":"{F3DB90C4-BC10-4CC2-9DD7-9FFF52247D31}","created_user":"johnyjurisich_CVCarbon","created_date":1763672199163,"last_edited_user":"jjordan_CVCarbon","last_edited_date":1780856289203,"polling_date":1763672179000,"permission_group":"johnyjurisich_CVCarbon,JJurisich_CVCarbon","lease_number":"32024","archive":null}},{"type":"Feature","id":534,"geometry":{"type":"Point","coordinates":[-9976452.3863999993,3424457.1829999983]},"properties":{"OBJECTID":534,"substrate":"Scattered Shell","substrate_type":null,"buried_shell_depth":null,"water_depth":null,"GlobalID":"{DF4B6A4E-F995-4810-89BE-AA43937399E4}","created_user":"johnyjurisich_CVCarbon","created_date":1763672199163,"last_edited_user":"jjordan_CVCarbon","last_edited_date":1780856289203,"polling_date":1763672173000,"permission_group":"johnyjurisich_CVCarbon,JJurisich_CVCarbon","lease_number":"32024","archive":null}},{"type":"Feature","id":535,"geometry":{"type":"Point","coordinates":[-9976492.4168999996,3424437.0618999973]},"properties":{"OBJECTID":535,"substrate":"Scattered Shell","substrate_type":null,"buried_shell_depth":null,"water_depth":null,"GlobalID":"{CA0A1299-D18C-4886-93F9-AC8212D34A91}","created_user":"johnyjurisich_CVCarbon","created_date":1763672245896,"last_edited_user":"jjordan_CVCarbon","last_edited_date":1780856289203,"polling_date":1763672240000,"permission_group":"johnyjurisich_CVCarbon,JJurisich_CVCarbon","lease_number":"32024","archive":null}},{"type":"Feature","id":536,"geometry":{"type":"Point","coordinates":[-9976464.7205999997,3424401.0737999976]},"properties":{"OBJECTID":536,"substrate":"Firm/Hard Bottom","substrate_type":null,"buried_shell_depth":null,"water_depth":null,"GlobalID":"{81A7C4E9-E01B-4074-A7E5-05802CD59E21}","created_user":"johnyjurisich_CVCarbon","created_date":1763672245896,"last_edited_user":"jjordan_CVCarbon","last_edited_date":1780856289203,"polling_date":1763672217000,"permission_group":"johnyjurisich_CVCarbon,JJurisich_CVCarbon","lease_number":"32024","archive":null}},{"type":"Feature","id":537,"geometry":{"type":"Point","coordinates":[-9976526.6141999997,3424495.1770000011]},"properties":{"OBJECTID":537,"substrate":"Solid Reef","substrate_type":null,"buried_shell_depth":null,"water_depth":null,"GlobalID":"{A4D821D3-7D4B-4FF8-9258-FB39DD8932D7}","created_user":"johnyjurisich_CVCarbon","created_date":1763672269142,"last_edited_user":"jjordan_CVCarbon","last_edited_date":1780856289203,"polling_date":1763672262000,"permission_group":"johnyjurisich_CVCarbon,JJurisich_CVCarbon","lease_number":"32024","archive":null}},{"type":"Feature","id":538,"geometry":{"type":"Point","coordinates":[-9976518.9889000002,3424482.9636999965]},"properties":{"OBJECTID":538,"substrate":"Solid Reef","substrate_type":null,"buried_shell_depth":null,"water_depth":null,"GlobalID":"{34841176-2228-45C2-91E8-ECEFF6F5E615}","created_user":"johnyjurisich_CVCarbon","created_date":1763672269142,"last_edited_user":"jjordan_CVCarbon","last_edited_date":1780856289203,"polling_date":1763672258000,"permission_group":"johnyjurisich_CVCarbon,JJurisich_CVCarbon","lease_number":"32024","archive":null}},{"type":"Feature","id":539,"geometry":{"type":"Point","coordinates":[-9976511.8421,3424470.2522]},"properties":{"OBJECTID":539,"substrate":"Solid Reef","substrate_type":null,"buried_shell_depth":null,"water_depth":null,"GlobalID":"{B24F4C1E-1E46-4863-A3C5-81FC52E5A90D}","created_user":"johnyjurisich_CVCarbon","created_date":1763672269142,"last_edited_user":"jjordan_CVCarbon","last_edited_date":1780856289203,"polling_date":1763672254000,"permission_group":"johnyjurisich_CVCarbon,JJurisich_CVCarbon","lease_number":"32024","archive":null}},{"type":"Feature","id":540,"geometry":{"type":"Point","coordinates":[-9976508.4134999998,3424464.7972000018]},"properties":{"OBJECTID":540,"substrate":"Solid Reef","substrate_type":null,"buried_shell_depth":null,"water_depth":null,"GlobalID":"{512733ED-4EE7-4D7E-B64B-92F3F4E86632}","created_user":"johnyjurisich_CVCarbon","created_date":1763672269142,"last_edited_user":"jjordan_CVCarbon","last_edited_date":1780856289203,"polling_date":1763672252000,"permission_group":"johnyjurisich_CVCarbon,JJurisich_CVCarbon","lease_number":"32024","archive":null}},{"type":"Feature","id":541,"geometry":{"type":"Point","coordinates":[-9976496.4801000003,3424442.7085999995]},"properties":{"OBJECTID":541,"substrate":"Scattered Shell","substrate_type":null,"buried_shell_depth":null,"water_depth":null,"GlobalID":"{AE32459F-13EF-40A4-858A-5091A9BD1A70}","created_user":"johnyjurisich_CVCarbon","created_date":1763672269142,"last_edited_user":"jjordan_CVCarbon","last_edited_date":1780856289203,"polling_date":1763672243000,"permission_group":"johnyjurisich_CVCarbon,JJurisich_CVCarbon","lease_number":"32024","archive":null}},{"type":"Feature","id":542,"geometry":{"type":"Point","coordinates":[-9976577.3091000002,3424566.7959999964]},"properties":{"OBJECTID":542,"substrate":"Solid Reef","substrate_type":null,"buried_shell_depth":null,"water_depth":null,"GlobalID":"{6BBA8502-D7A5-4EBB-9DA7-28A75DB396BA}","created_user":"johnyjurisich_CVCarbon","created_date":1763672292999,"last_edited_user":"jjordan_CVCarbon","last_edited_date":1780856289203,"polling_date":1763672287000,"permission_group":"johnyjurisich_CVCarbon,JJurisich_CVCarbon","lease_number":"32024","archive":null}},{"type":"Feature","id":543,"geometry":{"type":"Point","coordinates":[-9976570.7969000004,3424558.3386999965]},"properties":{"OBJECTID":543,"substrate":"Scattered Shell","substrate_type":null,"buried_shell_depth":null,"water_depth":null,"GlobalID":"{77F3A1F2-1248-41BB-B944-1ADDEB3C44D8}","created_user":"johnyjurisich_CVCarbon","created_date":1763672292999,"last_edited_user":"jjordan_CVCarbon","last_edited_date":1780856289203,"polling_date":1763672284000,"permission_group":"johnyjurisich_CVCarbon,JJurisich_CVCarbon","lease_number":"32024","archive":null}},{"type":"Feature","id":544,"geometry":{"type":"Point","coordinates":[-9976562.7151999995,3424546.5469999984]},"properties":{"OBJECTID":544,"substrate":"Solid Reef","substrate_type":null,"buried_shell_depth":null,"water_depth":null,"GlobalID":"{E372235D-D521-4D24-91A8-314FAB1A3D1D}","created_user":"johnyjurisich_CVCarbon","created_date":1763672292999,"last_edited_user":"jjordan_CVCarbon","last_edited_date":1780856289203,"polling_date":1763672280000,"permission_group":"johnyjurisich_CVCarbon,JJurisich_CVCarbon","lease_number":"32024","archive":null}},{"type":"Feature","id":545,"geometry":{"type":"Point","coordinates":[-9976554.2993999999,3424534.9341000021]},"properties":{"OBJECTID":545,"substrate":"Scattered Shell","substrate_type":null,"buried_shell_depth":null,"water_depth":null,"GlobalID":"{22B38959-4A25-4DA0-AE8A-99013204D8C4}","created_user":"johnyjurisich_CVCarbon","created_date":1763672292999,"last_edited_user":"jjordan_CVCarbon","last_edited_date":1780856289203,"polling_date":1763672276000,"permission_group":"johnyjurisich_CVCarbon,JJurisich_CVCarbon","lease_number":"32024","archive":null}},{"type":"Feature","id":546,"geometry":{"type":"Point","coordinates":[-9976546.0952000003,3424524.0877000019]},"properties":{"OBJECTID":546,"substrate":"Solid Reef","substrate_type":null,"buried_shell_depth":null,"water_depth":null,"GlobalID":"{A8FB8F09-AF95-4EC4-89B3-17D32FE2C48A}","created_user":"johnyjurisich_CVCarbon","created_date":1763672292999,"last_edited_user":"jjordan_CVCarbon","last_edited_date":1780856289203,"polling_date":1763672272000,"permission_group":"johnyjurisich_CVCarbon,JJurisich_CVCarbon","lease_number":"32024","archive":null}},{"type":"Feature","id":547,"geometry":{"type":"Point","coordinates":[-9976533.9835999999,3424506.9430999979]},"properties":{"OBJECTID":547,"substrate":"Solid Reef","substrate_type":null,"buried_shell_depth":null,"water_depth":null,"GlobalID":"{A6F46049-E3E9-4AA4-90D5-89FA9AD98B31}","created_user":"johnyjurisich_CVCarbon","created_date":1763672292999,"last_edited_user":"jjordan_CVCarbon","last_edited_date":1780856289203,"polling_date":1763672266000,"permission_group":"johnyjurisich_CVCarbon,JJurisich_CVCarbon","lease_number":"32024","archive":null}},{"type":"Feature","id":548,"geometry":{"type":"Point","coordinates":[-9976628.2267000005,3424636.9719000012]},"properties":{"OBJECTID":548,"substrate":"Solid Reef","substrate_type":null,"buried_shell_depth":null,"water_depth":null,"GlobalID":"{8C1DF5F7-2DD3-49E6-B02A-486A2BB91D35}","created_user":"johnyjurisich_CVCarbon","created_date":1763672317137,"last_edited_user":"jjordan_CVCarbon","last_edited_date":1780856289203,"polling_date":1763672311000,"permission_group":"johnyjurisich_CVCarbon,JJurisich_CVCarbon","lease_number":"32024","archive":null}},{"type":"Feature","id":549,"geometry":{"type":"Point","coordinates":[-9976619.9000000004,3424625.1416999996]},"properties":{"OBJECTID":549,"substrate":"Solid Reef","substrate_type":null,"buried_shell_depth":null,"water_depth":null,"GlobalID":"{02B24D99-CCF2-41E8-91B7-8DA6798A5124}","created_user":"johnyjurisich_CVCarbon","created_date":1763672317137,"last_edited_user":"jjordan_CVCarbon","last_edited_date":1780856289203,"polling_date":1763672307000,"permission_group":"johnyjurisich_CVCarbon,JJurisich_CVCarbon","lease_number":"32024","archive":null}},{"type":"Feature","id":550,"geometry":{"type":"Point","coordinates":[-9976613.4879999999,3424616.9015000015]},"properties":{"OBJECTID":550,"substrate":"Solid Reef","substrate_type":null,"buried_shell_depth":null,"water_depth":null,"GlobalID":"{2D623182-948E-43D8-9C3D-E2E41F91CE91}","created_user":"johnyjurisich_CVCarbon","created_date":1763672317137,"last_edited_user":"jjordan_CVCarbon","last_edited_date":1780856289203,"polling_date":1763672304000,"permission_group":"johnyjurisich_CVCarbon,JJurisich_CVCarbon","lease_number":"32024","archive":null}},{"type":"Feature","id":551,"geometry":{"type":"Point","coordinates":[-9976602.6455000006,3424602.0179999992]},"properties":{"OBJECTID":551,"substrate":"Solid Reef","substrate_type":null,"buried_shell_depth":null,"water_depth":null,"GlobalID":"{70A2CC6B-EF1B-4FEA-9FB7-C1551385AAE2}","created_user":"johnyjurisich_CVCarbon","created_date":1763672317137,"last_edited_user":"jjordan_CVCarbon","last_edited_date":1780856289203,"polling_date":1763672299000,"permission_group":"johnyjurisich_CVCarbon,JJurisich_CVCarbon","lease_number":"32024","archive":null}},{"type":"Feature","id":552,"geometry":{"type":"Point","coordinates":[-9976594.0626999997,3424590.4689999968]},"properties":{"OBJECTID":552,"substrate":"Solid Reef","substrate_type":null,"buried_shell_depth":null,"water_depth":null,"GlobalID":"{B399522F-222A-414A-B934-A8ACC07482C4}","created_user":"johnyjurisich_CVCarbon","created_date":1763672317137,"last_edited_user":"jjordan_CVCarbon","last_edited_date":1780856289203,"polling_date":1763672295000,"permission_group":"johnyjurisich_CVCarbon,JJurisich_CVCarbon","lease_number":"32024","archive":null}},{"type":"Feature","id":553,"geometry":{"type":"Point","coordinates":[-9976585.5022999998,3424578.5878000036]},"properties":{"OBJECTID":553,"substrate":"Scattered Shell","substrate_type":null,"buried_shell_depth":null,"water_depth":null,"GlobalID":"{DEB61B0A-697C-4181-B53E-8DD0EEF3788D}","created_user":"johnyjurisich_CVCarbon","created_date":1763672317137,"last_edited_user":"jjordan_CVCarbon","last_edited_date":1780856289203,"polling_date":1763672291000,"permission_group":"johnyjurisich_CVCarbon,JJurisich_CVCarbon","lease_number":"32024","archive":null}},{"type":"Feature","id":554,"geometry":{"type":"Point","coordinates":[-9976677.4298999999,3424703.6220000014]},"properties":{"OBJECTID":554,"substrate":"Solid Reef","substrate_type":null,"buried_shell_depth":null,"water_depth":null,"GlobalID":"{CEBADE1E-73A5-4F4B-8EDB-6936F6A5B9EC}","created_user":"johnyjurisich_CVCarbon","created_date":1763672341224,"last_edited_user":"jjordan_CVCarbon","last_edited_date":1780856289203,"polling_date":1763672334000,"permission_group":"johnyjurisich_CVCarbon,JJurisich_CVCarbon","lease_number":"32024","archive":null}},{"type":"Feature","id":555,"geometry":{"type":"Point","coordinates":[-9976670.9510999992,3424695.2666999996]},"properties":{"OBJECTID":555,"substrate":"Solid Reef","substrate_type":null,"buried_shell_depth":null,"water_depth":null,"GlobalID":"{1E49431D-DC27-4ADD-A430-EB8D1A828A2D}","created_user":"johnyjurisich_CVCarbon","created_date":1763672341224,"last_edited_user":"jjordan_CVCarbon","last_edited_date":1780856289203,"polling_date":1763672331000,"permission_group":"johnyjurisich_CVCarbon,JJurisich_CVCarbon","lease_number":"32024","archive":null}},{"type":"Feature","id":556,"geometry":{"type":"Point","coordinates":[-9976662.591,3424683.6154000014]},"properties":{"OBJECTID":556,"substrate":"Solid Reef","substrate_type":null,"buried_shell_depth":null,"water_depth":null,"GlobalID":"{3DE9523A-58BA-412B-BDA7-C3199738CD22}","created_user":"johnyjurisich_CVCarbon","created_date":1763672341224,"last_edited_user":"jjordan_CVCarbon","last_edited_date":1780856289203,"polling_date":1763672327000,"permission_group":"johnyjurisich_CVCarbon,JJurisich_CVCarbon","lease_number":"32024","archive":null}},{"type":"Feature","id":557,"geometry":{"type":"Point","coordinates":[-9976654.409,3424671.8491000012]},"properties":{"OBJECTID":557,"substrate":"Solid Reef","substrate_type":null,"buried_shell_depth":null,"water_depth":null,"GlobalID":"{3D61FB79-2B2D-493B-A34E-1DA0C13FB171}","created_user":"johnyjurisich_CVCarbon","created_date":1763672341224,"last_edited_user":"jjordan_CVCarbon","last_edited_date":1780856289203,"polling_date":1763672323000,"permission_group":"johnyjurisich_CVCarbon,JJurisich_CVCarbon","lease_number":"32024","archive":null}},{"type":"Feature","id":558,"geometry":{"type":"Point","coordinates":[-9976643.3326999992,3424657.2466000021]},"properties":{"OBJECTID":558,"substrate":"Solid Reef","substrate_type":null,"buried_shell_depth":null,"water_depth":null,"GlobalID":"{54C814D4-948C-463F-88DF-925B722F5D14}","created_user":"johnyjurisich_CVCarbon","created_date":1763672341224,"last_edited_user":"jjordan_CVCarbon","last_edited_date":1780856289203,"polling_date":1763672318000,"permission_group":"johnyjurisich_CVCarbon,JJurisich_CVCarbon","lease_number":"32024","archive":null}},{"type":"Feature","id":559,"geometry":{"type":"Point","coordinates":[-9976634.9169999994,3424645.5442000031]},"properties":{"OBJECTID":559,"substrate":"Solid Reef","substrate_type":null,"buried_shell_depth":null,"water_depth":null,"GlobalID":"{0EEE08D8-8FDC-4DE7-9B10-75F9205ECD16}","created_user":"johnyjurisich_CVCarbon","created_date":1763672341224,"last_edited_user":"jjordan_CVCarbon","last_edited_date":1780856289203,"polling_date":1763672314000,"permission_group":"johnyjurisich_CVCarbon,JJurisich_CVCarbon","lease_number":"32024","archive":null}},{"type":"Feature","id":560,"geometry":{"type":"Point","coordinates":[-9976728.6925000008,3424774.4755999967]},"properties":{"OBJECTID":560,"substrate":"Scattered Shell","substrate_type":null,"buried_shell_depth":null,"water_depth":null,"GlobalID":"{30C90843-AD03-4784-9204-B28659ECEBD1}","created_user":"johnyjurisich_CVCarbon","created_date":1763672366114,"last_edited_user":"jjordan_CVCarbon","last_edited_date":1780856289203,"polling_date":1763672358000,"permission_group":"johnyjurisich_CVCarbon,JJurisich_CVCarbon","lease_number":"32024","archive":null}},{"type":"Feature","id":561,"geometry":{"type":"Point","coordinates":[-9976715.7460999992,3424756.985799998]},"properties":{"OBJECTID":561,"substrate":"Firm/Hard Bottom","substrate_type":null,"buried_shell_depth":null,"water_depth":null,"GlobalID":"{228228E3-FB5D-4723-9424-013E32E6EBFD}","created_user":"johnyjurisich_CVCarbon","created_date":1763672366114,"last_edited_user":"jjordan_CVCarbon","last_edited_date":1780856289203,"polling_date":1763672352000,"permission_group":"johnyjurisich_CVCarbon,JJurisich_CVCarbon","lease_number":"32024","archive":null}},{"type":"Feature","id":562,"geometry":{"type":"Point","coordinates":[-9976707.3970999997,3424745.0533000007]},"properties":{"OBJECTID":562,"substrate":"Scattered Shell","substrate_type":null,"buried_shell_depth":null,"water_depth":null,"GlobalID":"{6CF5E4A6-D2F7-4ECD-BBBF-A96C5AEBD698}","created_user":"johnyjurisich_CVCarbon","created_date":1763672366114,"last_edited_user":"jjordan_CVCarbon","last_edited_date":1780856289203,"polling_date":1763672348000,"permission_group":"johnyjurisich_CVCarbon,JJurisich_CVCarbon","lease_number":"32024","archive":null}},{"type":"Feature","id":563,"geometry":{"type":"Point","coordinates":[-9976698.9256999996,3424733.2613999993]},"properties":{"OBJECTID":563,"substrate":"Scattered Shell","substrate_type":null,"buried_shell_depth":null,"water_depth":null,"GlobalID":"{E2443D87-626D-4BE4-83A9-BCCC41A9B346}","created_user":"johnyjurisich_CVCarbon","created_date":1763672366114,"last_edited_user":"jjordan_CVCarbon","last_edited_date":1780856289203,"polling_date":1763672344000,"permission_group":"johnyjurisich_CVCarbon,JJurisich_CVCarbon","lease_number":"32024","archive":null}},{"type":"Feature","id":564,"geometry":{"type":"Point","coordinates":[-9976692.4134999998,3424724.1013000011]},"properties":{"OBJECTID":564,"substrate":"Scattered Shell","substrate_type":null,"buried_shell_depth":null,"water_depth":null,"GlobalID":"{E53E58A9-1D05-4AB7-BF6B-4734656237E9}","created_user":"johnyjurisich_CVCarbon","created_date":1763672366114,"last_edited_user":"jjordan_CVCarbon","last_edited_date":1780856289203,"polling_date":1763672341000,"permission_group":"johnyjurisich_CVCarbon,JJurisich_CVCarbon","lease_number":"32024","archive":null}},{"type":"Feature","id":565,"geometry":{"type":"Point","coordinates":[-9976685.9791999999,3424715.1199999973]},"properties":{"OBJECTID":565,"substrate":"Solid Reef","substrate_type":null,"buried_shell_depth":null,"water_depth":null,"GlobalID":"{6B0EE841-1B04-4E9B-9D1B-F172390B892D}","created_user":"johnyjurisich_CVCarbon","created_date":1763672366114,"last_edited_user":"jjordan_CVCarbon","last_edited_date":1780856289203,"polling_date":1763672338000,"permission_group":"johnyjurisich_CVCarbon,JJurisich_CVCarbon","lease_number":"32024","archive":null}},{"type":"Feature","id":566,"geometry":{"type":"Point","coordinates":[-9976756.3999000005,3424812.5727000013]},"properties":{"OBJECTID":566,"substrate":"Buried Shell","substrate_type":null,"buried_shell_depth":null,"water_depth":null,"GlobalID":"{3F0F6D9B-683A-404C-BA86-97CF1AAD1B68}","created_user":"johnyjurisich_CVCarbon","created_date":1763672392061,"last_edited_user":"jjordan_CVCarbon","last_edited_date":1780856289203,"polling_date":1763672371000,"permission_group":"johnyjurisich_CVCarbon,JJurisich_CVCarbon","lease_number":"32024","archive":null}},{"type":"Feature","id":567,"geometry":{"type":"Point","coordinates":[-9976752.0472999997,3424806.7087000012]},"properties":{"OBJECTID":567,"substrate":"Buried Shell","substrate_type":null,"buried_shell_depth":null,"water_depth":null,"GlobalID":"{ED6F5DFF-F841-40DF-B57A-3BD15DFC604A}","created_user":"johnyjurisich_CVCarbon","created_date":1763672392061,"last_edited_user":"jjordan_CVCarbon","last_edited_date":1780856289203,"polling_date":1763672369000,"permission_group":"johnyjurisich_CVCarbon,JJurisich_CVCarbon","lease_number":"32024","archive":null}},{"type":"Feature","id":568,"geometry":{"type":"Point","coordinates":[-9976735.1490000002,3424783.4569000006]},"properties":{"OBJECTID":568,"substrate":"Scattered Shell","substrate_type":null,"buried_shell_depth":null,"water_depth":null,"GlobalID":"{57D203AD-C44F-4D00-9CEA-E969B0C61913}","created_user":"johnyjurisich_CVCarbon","created_date":1763672392061,"last_edited_user":"jjordan_CVCarbon","last_edited_date":1780856289203,"polling_date":1763672361000,"permission_group":"johnyjurisich_CVCarbon,JJurisich_CVCarbon","lease_number":"32024","archive":null}},{"type":"Feature","id":569,"geometry":{"type":"Point","coordinates":[-9976759.8619999997,3424751.7604999989]},"properties":{"OBJECTID":569,"substrate":"Scattered Shell","substrate_type":null,"buried_shell_depth":null,"water_depth":null,"GlobalID":"{8F300F06-5AB6-4B2F-8A41-9A614AECF397}","created_user":"johnyjurisich_CVCarbon","created_date":1763674259300,"last_edited_user":"jjordan_CVCarbon","last_edited_date":1780856289203,"polling_date":1763672470000,"permission_group":"johnyjurisich_CVCarbon,JJurisich_CVCarbon","lease_number":"32024","archive":null}},{"type":"Feature","id":570,"geometry":{"type":"Point","coordinates":[-9976765.5281000007,3424762.0577000007]},"properties":{"OBJECTID":570,"substrate":"Buried Shell","substrate_type":null,"buried_shell_depth":null,"water_depth":null,"GlobalID":"{C6829214-AE82-49F1-8076-EFAEC9101730}","created_user":"johnyjurisich_CVCarbon","created_date":1763674259300,"last_edited_user":"jjordan_CVCarbon","last_edited_date":1780856289203,"polling_date":1763672466000,"permission_group":"johnyjurisich_CVCarbon,JJurisich_CVCarbon","lease_number":"32024","archive":null}},{"type":"Feature","id":571,"geometry":{"type":"Point","coordinates":[-9976771.9400999993,3424775.8043000028]},"properties":{"OBJECTID":571,"substrate":"Buried Shell","substrate_type":null,"buried_shell_depth":null,"water_depth":null,"GlobalID":"{B0B99BB8-0CA8-46BF-BE67-D7ECCDE41CE4}","created_user":"johnyjurisich_CVCarbon","created_date":1763674259300,"last_edited_user":"jjordan_CVCarbon","last_edited_date":1780856289203,"polling_date":1763672461000,"permission_group":"johnyjurisich_CVCarbon,JJurisich_CVCarbon","lease_number":"32024","archive":null}},{"type":"Feature","id":572,"geometry":{"type":"Point","coordinates":[-9976775.4466999993,3424785.0156000033]},"properties":{"OBJECTID":572,"substrate":"Buried Shell","substrate_type":null,"buried_shell_depth":null,"water_depth":null,"GlobalID":"{4D328B8E-E923-453A-BBA5-ADB69A730F39}","created_user":"johnyjurisich_CVCarbon","created_date":1763674259300,"last_edited_user":"jjordan_CVCarbon","last_edited_date":1780856289203,"polling_date":1763672458000,"permission_group":"johnyjurisich_CVCarbon,JJurisich_CVCarbon","lease_number":"32024","archive":null}},{"type":"Feature","id":573,"geometry":{"type":"Point","coordinates":[-9976780.3892999999,3424800.0398000032]},"properties":{"OBJECTID":573,"substrate":"Mud","substrate_type":null,"buried_shell_depth":null,"water_depth":null,"GlobalID":"{A0C0BB7B-E4C4-4C3B-9081-AEF7F8060BE6}","created_user":"johnyjurisich_CVCarbon","created_date":1763674259300,"last_edited_user":"jjordan_CVCarbon","last_edited_date":1780856289203,"polling_date":1763672453000,"permission_group":"johnyjurisich_CVCarbon,JJurisich_CVCarbon","lease_number":"32024","archive":null}},{"type":"Feature","id":574,"geometry":{"type":"Point","coordinates":[-9976784.5304000005,3424812.1767000034]},"properties":{"OBJECTID":574,"substrate":"Mud","substrate_type":null,"buried_shell_depth":null,"water_depth":null,"GlobalID":"{472B8B13-6E82-4F00-A3C2-A07FBA98AB93}","created_user":"johnyjurisich_CVCarbon","created_date":1763674259300,"last_edited_user":"jjordan_CVCarbon","last_edited_date":1780856289203,"polling_date":1763672449000,"permission_group":"johnyjurisich_CVCarbon,JJurisich_CVCarbon","lease_number":"32024","archive":null}},{"type":"Feature","id":575,"geometry":{"type":"Point","coordinates":[-9976794.6492999997,3424835.2752000019]},"properties":{"OBJECTID":575,"substrate":"Mud","substrate_type":null,"buried_shell_depth":null,"water_depth":null,"GlobalID":"{9B4DD3A5-3D9B-4369-8B13-172AF3E9E106}","created_user":"johnyjurisich_CVCarbon","created_date":1763674259300,"last_edited_user":"jjordan_CVCarbon","last_edited_date":1780856289203,"polling_date":1763672441000,"permission_group":"johnyjurisich_CVCarbon,JJurisich_CVCarbon","lease_number":"32024","archive":null}},{"type":"Feature","id":576,"geometry":{"type":"Point","coordinates":[-9976802.4861999992,3424844.3969999999]},"properties":{"OBJECTID":576,"substrate":"Mud","substrate_type":null,"buried_shell_depth":null,"water_depth":null,"GlobalID":"{873617AD-DD79-4330-850F-A567AB7F8DA0}","created_user":"johnyjurisich_CVCarbon","created_date":1763674259300,"last_edited_user":"jjordan_CVCarbon","last_edited_date":1780856289203,"polling_date":1763672437000,"permission_group":"johnyjurisich_CVCarbon,JJurisich_CVCarbon","lease_number":"32024","archive":null}},{"type":"Feature","id":577,"geometry":{"type":"Point","coordinates":[-9976811.0243999995,3424853.0844999999]},"properties":{"OBJECTID":577,"substrate":"Mud","substrate_type":null,"buried_shell_depth":null,"water_depth":null,"GlobalID":"{0F79113B-6050-48C3-A917-445906BFD3D7}","created_user":"johnyjurisich_CVCarbon","created_date":1763674259300,"last_edited_user":"jjordan_CVCarbon","last_edited_date":1780856289203,"polling_date":1763672433000,"permission_group":"johnyjurisich_CVCarbon,JJurisich_CVCarbon","lease_number":"32024","archive":null}},{"type":"Feature","id":578,"geometry":{"type":"Point","coordinates":[-9976830.4718999993,3424864.9659999982]},"properties":{"OBJECTID":578,"substrate":"Mud","substrate_type":null,"buried_shell_depth":null,"water_depth":null,"GlobalID":"{E7832ABB-21C1-4E24-BF97-3BED9E3A8AF4}","created_user":"johnyjurisich_CVCarbon","created_date":1763674259300,"last_edited_user":"jjordan_CVCarbon","last_edited_date":1780856289203,"polling_date":1763672425000,"permission_group":"johnyjurisich_CVCarbon,JJurisich_CVCarbon","lease_number":"32024","archive":null}},{"type":"Feature","id":579,"geometry":{"type":"Point","coordinates":[-9976839.3552000001,3424868.632600002]},"properties":{"OBJECTID":579,"substrate":"Mud","substrate_type":null,"buried_shell_depth":null,"water_depth":null,"GlobalID":"{469D9ECE-07F0-470A-B48F-556F2DDCDB9E}","created_user":"johnyjurisich_CVCarbon","created_date":1763674259300,"last_edited_user":"jjordan_CVCarbon","last_edited_date":1780856289203,"polling_date":1763672421000,"permission_group":"johnyjurisich_CVCarbon,JJurisich_CVCarbon","lease_number":"32024","archive":null}},{"type":"Feature","id":580,"geometry":{"type":"Point","coordinates":[-9976844.9434999991,3424883.6313999966]},"properties":{"OBJECTID":580,"substrate":"Mud","substrate_type":null,"buried_shell_depth":null,"water_depth":null,"GlobalID":"{C8AAEFBD-6061-48C5-8BE2-6C2AB4CD69E6}","created_user":"johnyjurisich_CVCarbon","created_date":1763674259300,"last_edited_user":"jjordan_CVCarbon","last_edited_date":1780856289203,"polling_date":1763672413000,"permission_group":"johnyjurisich_CVCarbon,JJurisich_CVCarbon","lease_number":"32024","archive":null}},{"type":"Feature","id":581,"geometry":{"type":"Point","coordinates":[-9976836.4608999994,3424894.2480999976]},"properties":{"OBJECTID":581,"substrate":"Mud","substrate_type":null,"buried_shell_depth":null,"water_depth":null,"GlobalID":"{4B855420-ECF9-48D9-9A90-6213928D914A}","created_user":"johnyjurisich_CVCarbon","created_date":1763674259300,"last_edited_user":"jjordan_CVCarbon","last_edited_date":1780856289203,"polling_date":1763672407000,"permission_group":"johnyjurisich_CVCarbon,JJurisich_CVCarbon","lease_number":"32024","archive":null}},{"type":"Feature","id":582,"geometry":{"type":"Point","coordinates":[-9976823.9820000008,3424895.5895000026]},"properties":{"OBJECTID":582,"substrate":"Mud","substrate_type":null,"buried_shell_depth":null,"water_depth":null,"GlobalID":"{EB12AC3C-3532-490A-8E06-62B43842F239}","created_user":"johnyjurisich_CVCarbon","created_date":1763674259300,"last_edited_user":"jjordan_CVCarbon","last_edited_date":1780856289203,"polling_date":1763672402000,"permission_group":"johnyjurisich_CVCarbon,JJurisich_CVCarbon","lease_number":"32024","archive":null}},{"type":"Feature","id":583,"geometry":{"type":"Point","coordinates":[-9976813.8965000007,3424889.8404000029]},"properties":{"OBJECTID":583,"substrate":"Mud","substrate_type":null,"buried_shell_depth":null,"water_depth":null,"GlobalID":"{4FA11ED7-B930-426A-A534-037C2FFEEF1F}","created_user":"johnyjurisich_CVCarbon","created_date":1763674259300,"last_edited_user":"jjordan_CVCarbon","last_edited_date":1780856289203,"polling_date":1763672398000,"permission_group":"johnyjurisich_CVCarbon,JJurisich_CVCarbon","lease_number":"32024","archive":null}},{"type":"Feature","id":584,"geometry":{"type":"Point","coordinates":[-9976803.4880999997,3424876.3747000024]},"properties":{"OBJECTID":584,"substrate":"Mud","substrate_type":null,"buried_shell_depth":null,"water_depth":null,"GlobalID":"{59B13134-2006-401F-9148-1BCEE0075DF4}","created_user":"johnyjurisich_CVCarbon","created_date":1763674259300,"last_edited_user":"jjordan_CVCarbon","last_edited_date":1780856289203,"polling_date":1763672393000,"permission_group":"johnyjurisich_CVCarbon,JJurisich_CVCarbon","lease_number":"32024","archive":null}},{"type":"Feature","id":585,"geometry":{"type":"Point","coordinates":[-9976794.8830999993,3424864.4038999975]},"properties":{"OBJECTID":585,"substrate":"Mud","substrate_type":null,"buried_shell_depth":null,"water_depth":null,"GlobalID":"{60B35AC3-5DDF-4962-90AA-930B77D0893D}","created_user":"johnyjurisich_CVCarbon","created_date":1763674259300,"last_edited_user":"jjordan_CVCarbon","last_edited_date":1780856289203,"polling_date":1763672389000,"permission_group":"johnyjurisich_CVCarbon,JJurisich_CVCarbon","lease_number":"32024","archive":null}},{"type":"Feature","id":586,"geometry":{"type":"Point","coordinates":[-9976786.1110999994,3424852.5734999999]},"properties":{"OBJECTID":586,"substrate":"Mud","substrate_type":null,"buried_shell_depth":null,"water_depth":null,"GlobalID":"{3548BF61-0F31-4D37-81AB-AEE7ACA694D6}","created_user":"johnyjurisich_CVCarbon","created_date":1763674259300,"last_edited_user":"jjordan_CVCarbon","last_edited_date":1780856289203,"polling_date":1763672385000,"permission_group":"johnyjurisich_CVCarbon,JJurisich_CVCarbon","lease_number":"32024","archive":null}},{"type":"Feature","id":587,"geometry":{"type":"Point","coordinates":[-9976779.7435999997,3424844.0649000034]},"properties":{"OBJECTID":587,"substrate":"Mud","substrate_type":null,"buried_shell_depth":null,"water_depth":null,"GlobalID":"{777B62A8-DEEF-4CB1-B009-14060E31D1AE}","created_user":"johnyjurisich_CVCarbon","created_date":1763674259300,"last_edited_user":"jjordan_CVCarbon","last_edited_date":1780856289203,"polling_date":1763672382000,"permission_group":"johnyjurisich_CVCarbon,JJurisich_CVCarbon","lease_number":"32024","archive":null}},{"type":"Feature","id":588,"geometry":{"type":"Point","coordinates":[-9976775.5580000002,3424838.0346999988]},"properties":{"OBJECTID":588,"substrate":"Firm/Hard Bottom","substrate_type":null,"buried_shell_depth":null,"water_depth":null,"GlobalID":"{80C6B5A2-A974-4CCC-B960-BC73FAB61ABD}","created_user":"johnyjurisich_CVCarbon","created_date":1763674259300,"last_edited_user":"jjordan_CVCarbon","last_edited_date":1780856289203,"polling_date":1763672380000,"permission_group":"johnyjurisich_CVCarbon,JJurisich_CVCarbon","lease_number":"32024","archive":null}},{"type":"Feature","id":589,"geometry":{"type":"Point","coordinates":[-9976764.9715,3424823.6748000011]},"properties":{"OBJECTID":589,"substrate":"Buried Shell","substrate_type":null,"buried_shell_depth":null,"water_depth":null,"GlobalID":"{6DA8156D-AB4A-487D-A114-D75F92074909}","created_user":"johnyjurisich_CVCarbon","created_date":1763674259300,"last_edited_user":"jjordan_CVCarbon","last_edited_date":1780856289203,"polling_date":1763672375000,"permission_group":"johnyjurisich_CVCarbon,JJurisich_CVCarbon","lease_number":"32024","archive":null}},{"type":"Feature","id":590,"geometry":{"type":"Point","coordinates":[-9976436.8795999996,3424088.3254999965]},"properties":{"OBJECTID":590,"substrate":"Mud","substrate_type":null,"buried_shell_depth":null,"water_depth":null,"GlobalID":"{B68D7743-AF44-471D-A2B5-658520391188}","created_user":"johnyjurisich_CVCarbon","created_date":1763674283190,"last_edited_user":"jjordan_CVCarbon","last_edited_date":1780856289203,"polling_date":1763674081000,"permission_group":"johnyjurisich_CVCarbon,JJurisich_CVCarbon","lease_number":"32024","archive":null}},{"type":"Feature","id":591,"geometry":{"type":"Point","coordinates":[-9976444.1599000003,3424104.2431000024]},"properties":{"OBJECTID":591,"substrate":"Mud","substrate_type":null,"buried_shell_depth":null,"water_depth":null,"GlobalID":"{E617D5C3-7418-4FDE-9654-AE5A600E8A25}","created_user":"johnyjurisich_CVCarbon","created_date":1763674283190,"last_edited_user":"jjordan_CVCarbon","last_edited_date":1780856289203,"polling_date":1763674075000,"permission_group":"johnyjurisich_CVCarbon,JJurisich_CVCarbon","lease_number":"32024","archive":null}},{"type":"Feature","id":592,"geometry":{"type":"Point","coordinates":[-9976470.0527999997,3424140.0258999988]},"properties":{"OBJECTID":592,"substrate":"Mud","substrate_type":null,"buried_shell_depth":null,"water_depth":null,"GlobalID":"{2BB5632E-136A-499E-BBF1-A02D591A3BDE}","created_user":"johnyjurisich_CVCarbon","created_date":1763674283190,"last_edited_user":"jjordan_CVCarbon","last_edited_date":1780856289203,"polling_date":1763674061000,"permission_group":"johnyjurisich_CVCarbon,JJurisich_CVCarbon","lease_number":"32024","archive":null}},{"type":"Feature","id":593,"geometry":{"type":"Point","coordinates":[-9976479.0362999998,3424151.9323000014]},"properties":{"OBJECTID":593,"substrate":"Mud","substrate_type":null,"buried_shell_depth":null,"water_depth":null,"GlobalID":"{57C111AC-524F-4D82-9641-B3C0285B5C57}","created_user":"johnyjurisich_CVCarbon","created_date":1763674283190,"last_edited_user":"jjordan_CVCarbon","last_edited_date":1780856289203,"polling_date":1763674056000,"permission_group":"johnyjurisich_CVCarbon,JJurisich_CVCarbon","lease_number":"32024","archive":null}},{"type":"Feature","id":594,"geometry":{"type":"Point","coordinates":[-9976488.1755999997,3424164.9500999972]},"properties":{"OBJECTID":594,"substrate":"Mud","substrate_type":null,"buried_shell_depth":null,"water_depth":null,"GlobalID":"{DF140E13-6942-4AD5-9108-6FCA0BBD4C8F}","created_user":"johnyjurisich_CVCarbon","created_date":1763674283190,"last_edited_user":"jjordan_CVCarbon","last_edited_date":1780856289203,"polling_date":1763674051000,"permission_group":"johnyjurisich_CVCarbon,JJurisich_CVCarbon","lease_number":"32024","archive":null}},{"type":"Feature","id":595,"geometry":{"type":"Point","coordinates":[-9976497.1590999998,3424177.0353000015]},"properties":{"OBJECTID":595,"substrate":"Mud","substrate_type":null,"buried_shell_depth":null,"water_depth":null,"GlobalID":"{31433D60-C3F2-4EA9-8055-34EFC0A99D0C}","created_user":"johnyjurisich_CVCarbon","created_date":1763674283190,"last_edited_user":"jjordan_CVCarbon","last_edited_date":1780856289203,"polling_date":1763674046000,"permission_group":"johnyjurisich_CVCarbon,JJurisich_CVCarbon","lease_number":"32024","archive":null}},{"type":"Feature","id":596,"geometry":{"type":"Point","coordinates":[-9976506.1760000009,3424190.2575000003]},"properties":{"OBJECTID":596,"substrate":"Mud","substrate_type":null,"buried_shell_depth":null,"water_depth":null,"GlobalID":"{26292AA7-AB7B-45A3-A02E-A75EA3D2AB78}","created_user":"johnyjurisich_CVCarbon","created_date":1763674283190,"last_edited_user":"jjordan_CVCarbon","last_edited_date":1780856289203,"polling_date":1763674041000,"permission_group":"johnyjurisich_CVCarbon,JJurisich_CVCarbon","lease_number":"32024","archive":null}},{"type":"Feature","id":597,"geometry":{"type":"Point","coordinates":[-9976511.7196999993,3424197.4243000001]},"properties":{"OBJECTID":597,"substrate":"Mud","substrate_type":null,"buried_shell_depth":null,"water_depth":null,"GlobalID":"{35866DE8-A2D4-48BF-86FF-36852591836A}","created_user":"johnyjurisich_CVCarbon","created_date":1763674283190,"last_edited_user":"jjordan_CVCarbon","last_edited_date":1780856289203,"polling_date":1763674038000,"permission_group":"johnyjurisich_CVCarbon,JJurisich_CVCarbon","lease_number":"32024","archive":null}},{"type":"Feature","id":598,"geometry":{"type":"Point","coordinates":[-9976513.3561000004,3424199.7365999967]},"properties":{"OBJECTID":598,"substrate":"Mud","substrate_type":null,"buried_shell_depth":null,"water_depth":null,"GlobalID":"{D092A9F5-5350-4A89-A6F1-6E92C1039ECB}","created_user":"johnyjurisich_CVCarbon","created_date":1763674283190,"last_edited_user":"jjordan_CVCarbon","last_edited_date":1780856289203,"polling_date":1763674037000,"permission_group":"johnyjurisich_CVCarbon,JJurisich_CVCarbon","lease_number":"32024","archive":null}},{"type":"Feature","id":599,"geometry":{"type":"Point","coordinates":[-9976534.1840000004,3424229.2726999968]},"properties":{"OBJECTID":599,"substrate":"Mud","substrate_type":null,"buried_shell_depth":null,"water_depth":null,"GlobalID":"{69D64485-5746-4C37-8950-ACC5849EF3DD}","created_user":"johnyjurisich_CVCarbon","created_date":1763674283190,"last_edited_user":"jjordan_CVCarbon","last_edited_date":1780856289203,"polling_date":1763674025000,"permission_group":"johnyjurisich_CVCarbon,JJurisich_CVCarbon","lease_number":"32024","archive":null}},{"type":"Feature","id":600,"geometry":{"type":"Point","coordinates":[-9976537.6570999995,3424233.8461999968]},"properties":{"OBJECTID":600,"substrate":"Mud","substrate_type":null,"buried_shell_depth":null,"water_depth":null,"GlobalID":"{747B2813-04B6-41D7-9120-D68CFE3E7336}","created_user":"johnyjurisich_CVCarbon","created_date":1763674283190,"last_edited_user":"jjordan_CVCarbon","last_edited_date":1780856289203,"polling_date":1763674023000,"permission_group":"johnyjurisich_CVCarbon,JJurisich_CVCarbon","lease_number":"32024","archive":null}},{"type":"Feature","id":601,"geometry":{"type":"Point","coordinates":[-9976546.4401999991,3424246.3786000013]},"properties":{"OBJECTID":601,"substrate":"Buried Shell","substrate_type":null,"buried_shell_depth":null,"water_depth":null,"GlobalID":"{B7188940-8AEA-4F69-9D14-462041828D46}","created_user":"johnyjurisich_CVCarbon","created_date":1763674283190,"last_edited_user":"jjordan_CVCarbon","last_edited_date":1780856289203,"polling_date":1763674018000,"permission_group":"johnyjurisich_CVCarbon,JJurisich_CVCarbon","lease_number":"32024","archive":null}},{"type":"Feature","id":602,"geometry":{"type":"Point","coordinates":[-9976551.8280999996,3424253.6604999974]},"properties":{"OBJECTID":602,"substrate":"Scattered Shell","substrate_type":null,"buried_shell_depth":null,"water_depth":null,"GlobalID":"{31DEFCF3-BF08-4E60-9E94-BB7652C98BA7}","created_user":"johnyjurisich_CVCarbon","created_date":1763674283190,"last_edited_user":"jjordan_CVCarbon","last_edited_date":1780856289203,"polling_date":1763674015000,"permission_group":"johnyjurisich_CVCarbon,JJurisich_CVCarbon","lease_number":"32024","archive":null}},{"type":"Feature","id":603,"geometry":{"type":"Point","coordinates":[-9976562.5703999996,3424268.2114000022]},"properties":{"OBJECTID":603,"substrate":"Scattered Shell","substrate_type":null,"buried_shell_depth":null,"water_depth":null,"GlobalID":"{0D7E35B1-9DF8-4604-A8F0-51C56284360D}","created_user":"johnyjurisich_CVCarbon","created_date":1763674283190,"last_edited_user":"jjordan_CVCarbon","last_edited_date":1780856289203,"polling_date":1763674009000,"permission_group":"johnyjurisich_CVCarbon,JJurisich_CVCarbon","lease_number":"32024","archive":null}},{"type":"Feature","id":604,"geometry":{"type":"Point","coordinates":[-9976571.4426000006,3424280.679899998]},"properties":{"OBJECTID":604,"substrate":"Scattered Shell","substrate_type":null,"buried_shell_depth":null,"water_depth":null,"GlobalID":"{9E0F11EE-9052-42B0-800D-D89E5BDD5498}","created_user":"johnyjurisich_CVCarbon","created_date":1763674283190,"last_edited_user":"jjordan_CVCarbon","last_edited_date":1780856289203,"polling_date":1763674004000,"permission_group":"johnyjurisich_CVCarbon,JJurisich_CVCarbon","lease_number":"32024","archive":null}},{"type":"Feature","id":605,"geometry":{"type":"Point","coordinates":[-9976579.9807999991,3424293.2762999982]},"properties":{"OBJECTID":605,"substrate":"Scattered Shell","substrate_type":null,"buried_shell_depth":null,"water_depth":null,"GlobalID":"{2BE1851D-E830-476B-ABCF-D56697BDB989}","created_user":"johnyjurisich_CVCarbon","created_date":1763674283190,"last_edited_user":"jjordan_CVCarbon","last_edited_date":1780856289203,"polling_date":1763673999000,"permission_group":"johnyjurisich_CVCarbon,JJurisich_CVCarbon","lease_number":"32024","archive":null}},{"type":"Feature","id":606,"geometry":{"type":"Point","coordinates":[-9976589.0533000007,3424305.8342999965]},"properties":{"OBJECTID":606,"substrate":"Scattered Shell","substrate_type":null,"buried_shell_depth":null,"water_depth":null,"GlobalID":"{02970BBA-5F57-40E5-9D51-9B146767E63B}","created_user":"johnyjurisich_CVCarbon","created_date":1763674283190,"last_edited_user":"jjordan_CVCarbon","last_edited_date":1780856289203,"polling_date":1763673994000,"permission_group":"johnyjurisich_CVCarbon,JJurisich_CVCarbon","lease_number":"32024","archive":null}},{"type":"Feature","id":607,"geometry":{"type":"Point","coordinates":[-9976596.4671999998,3424315.5306999981]},"properties":{"OBJECTID":607,"substrate":"Solid Reef","substrate_type":null,"buried_shell_depth":null,"water_depth":null,"GlobalID":"{999CED87-CFED-48BC-BD4D-0EDA1905A1C0}","created_user":"johnyjurisich_CVCarbon","created_date":1763674283190,"last_edited_user":"jjordan_CVCarbon","last_edited_date":1780856289203,"polling_date":1763673990000,"permission_group":"johnyjurisich_CVCarbon,JJurisich_CVCarbon","lease_number":"32024","archive":null}},{"type":"Feature","id":608,"geometry":{"type":"Point","coordinates":[-9976603.6585000008,3424325.6741999984]},"properties":{"OBJECTID":608,"substrate":"Solid Reef","substrate_type":null,"buried_shell_depth":null,"water_depth":null,"GlobalID":"{5F96AE2A-00B2-4A31-8CEA-7015722E4813}","created_user":"johnyjurisich_CVCarbon","created_date":1763674283190,"last_edited_user":"jjordan_CVCarbon","last_edited_date":1780856289203,"polling_date":1763673986000,"permission_group":"johnyjurisich_CVCarbon,JJurisich_CVCarbon","lease_number":"32024","archive":null}},{"type":"Feature","id":609,"geometry":{"type":"Point","coordinates":[-9976610.6939000003,3424335.4089000002]},"properties":{"OBJECTID":609,"substrate":"Solid Reef","substrate_type":null,"buried_shell_depth":null,"water_depth":null,"GlobalID":"{B47D0F99-1087-44E6-ADDC-179377DB7925}","created_user":"johnyjurisich_CVCarbon","created_date":1763674283190,"last_edited_user":"jjordan_CVCarbon","last_edited_date":1780856289203,"polling_date":1763673982000,"permission_group":"johnyjurisich_CVCarbon,JJurisich_CVCarbon","lease_number":"32024","archive":null}},{"type":"Feature","id":610,"geometry":{"type":"Point","coordinates":[-9976618.1523000002,3424345.1947999969]},"properties":{"OBJECTID":610,"substrate":"Solid Reef","substrate_type":null,"buried_shell_depth":null,"water_depth":null,"GlobalID":"{0F871257-D9EA-4CBA-A709-5FB3CB86AE49}","created_user":"johnyjurisich_CVCarbon","created_date":1763674283190,"last_edited_user":"jjordan_CVCarbon","last_edited_date":1780856289203,"polling_date":1763673978000,"permission_group":"johnyjurisich_CVCarbon,JJurisich_CVCarbon","lease_number":"32024","archive":null}},{"type":"Feature","id":611,"geometry":{"type":"Point","coordinates":[-9976623.8740999997,3424352.6938000023]},"properties":{"OBJECTID":611,"substrate":"Solid Reef","substrate_type":null,"buried_shell_depth":null,"water_depth":null,"GlobalID":"{8D9BCA6D-C5CE-4E7A-9F82-B968095320BD}","created_user":"johnyjurisich_CVCarbon","created_date":1763674283190,"last_edited_user":"jjordan_CVCarbon","last_edited_date":1780856289203,"polling_date":1763673975000,"permission_group":"johnyjurisich_CVCarbon,JJurisich_CVCarbon","lease_number":"32024","archive":null}},{"type":"Feature","id":612,"geometry":{"type":"Point","coordinates":[-9976631.0765000004,3424362.2242000028]},"properties":{"OBJECTID":612,"substrate":"Solid Reef","substrate_type":null,"buried_shell_depth":null,"water_depth":null,"GlobalID":"{E74DDC60-E744-4A8A-B630-60EC56B62C15}","created_user":"johnyjurisich_CVCarbon","created_date":1763674283190,"last_edited_user":"jjordan_CVCarbon","last_edited_date":1780856289203,"polling_date":1763673971000,"permission_group":"johnyjurisich_CVCarbon,JJurisich_CVCarbon","lease_number":"32024","archive":null}},{"type":"Feature","id":613,"geometry":{"type":"Point","coordinates":[-9976638.1675000004,3424371.7673000023]},"properties":{"OBJECTID":613,"substrate":"Solid Reef","substrate_type":null,"buried_shell_depth":null,"water_depth":null,"GlobalID":"{EF8D2AC0-6D80-49FC-8513-09F34F0C10C6}","created_user":"johnyjurisich_CVCarbon","created_date":1763674283190,"last_edited_user":"jjordan_CVCarbon","last_edited_date":1780856289203,"polling_date":1763673967000,"permission_group":"johnyjurisich_CVCarbon,JJurisich_CVCarbon","lease_number":"32024","archive":null}},{"type":"Feature","id":614,"geometry":{"type":"Point","coordinates":[-9976645.5145999994,3424381.8087000027]},"properties":{"OBJECTID":614,"substrate":"Solid Reef","substrate_type":null,"buried_shell_depth":null,"water_depth":null,"GlobalID":"{B9B1BDF8-0048-4985-B0C6-3A61B21C1425}","created_user":"johnyjurisich_CVCarbon","created_date":1763674283190,"last_edited_user":"jjordan_CVCarbon","last_edited_date":1780856289203,"polling_date":1763673963000,"permission_group":"johnyjurisich_CVCarbon,JJurisich_CVCarbon","lease_number":"32024","archive":null}},{"type":"Feature","id":615,"geometry":{"type":"Point","coordinates":[-9976652.7726000007,3424391.8884000033]},"properties":{"OBJECTID":615,"substrate":"Solid Reef","substrate_type":null,"buried_shell_depth":null,"water_depth":null,"GlobalID":"{43A0796E-6BFB-4A83-BCEF-3B89B8E464C8}","created_user":"johnyjurisich_CVCarbon","created_date":1763674283190,"last_edited_user":"jjordan_CVCarbon","last_edited_date":1780856289203,"polling_date":1763673959000,"permission_group":"johnyjurisich_CVCarbon,JJurisich_CVCarbon","lease_number":"32024","archive":null}},{"type":"Feature","id":616,"geometry":{"type":"Point","coordinates":[-9976659.9192999993,3424401.9936000034]},"properties":{"OBJECTID":616,"substrate":"Solid Reef","substrate_type":null,"buried_shell_depth":null,"water_depth":null,"GlobalID":"{45B3A3B0-7993-48E9-B1C5-314D46030009}","created_user":"johnyjurisich_CVCarbon","created_date":1763674283190,"last_edited_user":"jjordan_CVCarbon","last_edited_date":1780856289203,"polling_date":1763673955000,"permission_group":"johnyjurisich_CVCarbon,JJurisich_CVCarbon","lease_number":"32024","archive":null}},{"type":"Feature","id":617,"geometry":{"type":"Point","coordinates":[-9976667.2886999995,3424411.6517999992]},"properties":{"OBJECTID":617,"substrate":"Solid Reef","substrate_type":null,"buried_shell_depth":null,"water_depth":null,"GlobalID":"{621FC1DC-9C91-4800-9EDA-307EC66EB2DF}","created_user":"johnyjurisich_CVCarbon","created_date":1763674283190,"last_edited_user":"jjordan_CVCarbon","last_edited_date":1780856289203,"polling_date":1763673951000,"permission_group":"johnyjurisich_CVCarbon,JJurisich_CVCarbon","lease_number":"32024","archive":null}},{"type":"Feature","id":618,"geometry":{"type":"Point","coordinates":[-9976674.8026999999,3424421.7697999999]},"properties":{"OBJECTID":618,"substrate":"Solid Reef","substrate_type":null,"buried_shell_depth":null,"water_depth":null,"GlobalID":"{6FB4FF2E-4CDB-4433-9469-7778864D8C8A}","created_user":"johnyjurisich_CVCarbon","created_date":1763674283190,"last_edited_user":"jjordan_CVCarbon","last_edited_date":1780856289203,"polling_date":1763673947000,"permission_group":"johnyjurisich_CVCarbon,JJurisich_CVCarbon","lease_number":"32024","archive":null}},{"type":"Feature","id":619,"geometry":{"type":"Point","coordinates":[-9976682.3501999993,3424431.4790999964]},"properties":{"OBJECTID":619,"substrate":"Solid Reef","substrate_type":null,"buried_shell_depth":null,"water_depth":null,"GlobalID":"{5D880D05-4875-4A5A-9466-4F721AEF89F4}","created_user":"johnyjurisich_CVCarbon","created_date":1763674283190,"last_edited_user":"jjordan_CVCarbon","last_edited_date":1780856289203,"polling_date":1763673943000,"permission_group":"johnyjurisich_CVCarbon,JJurisich_CVCarbon","lease_number":"32024","archive":null}},{"type":"Feature","id":620,"geometry":{"type":"Point","coordinates":[-9976689.5526000001,3424441.0094999969]},"properties":{"OBJECTID":620,"substrate":"Solid Reef","substrate_type":null,"buried_shell_depth":null,"water_depth":null,"GlobalID":"{D0C84FAF-D437-4D09-8004-1D51FF21EF0C}","created_user":"johnyjurisich_CVCarbon","created_date":1763674283190,"last_edited_user":"jjordan_CVCarbon","last_edited_date":1780856289203,"polling_date":1763673939000,"permission_group":"johnyjurisich_CVCarbon,JJurisich_CVCarbon","lease_number":"32024","archive":null}},{"type":"Feature","id":621,"geometry":{"type":"Point","coordinates":[-9976698.9478999991,3424453.1843999997]},"properties":{"OBJECTID":621,"substrate":"Solid Reef","substrate_type":null,"buried_shell_depth":null,"water_depth":null,"GlobalID":"{70EECB50-C3C9-402C-B23D-1CEE0C50AAD2}","created_user":"johnyjurisich_CVCarbon","created_date":1763674283190,"last_edited_user":"jjordan_CVCarbon","last_edited_date":1780856289203,"polling_date":1763673934000,"permission_group":"johnyjurisich_CVCarbon,JJurisich_CVCarbon","lease_number":"32024","archive":null}},{"type":"Feature","id":622,"geometry":{"type":"Point","coordinates":[-9976706.0166999996,3424462.6763999984]},"properties":{"OBJECTID":622,"substrate":"Solid Reef","substrate_type":null,"buried_shell_depth":null,"water_depth":null,"GlobalID":"{DA86155C-33DB-4C1B-A38B-79CE91BAC086}","created_user":"johnyjurisich_CVCarbon","created_date":1763674283190,"last_edited_user":"jjordan_CVCarbon","last_edited_date":1780856289203,"polling_date":1763673930000,"permission_group":"johnyjurisich_CVCarbon,JJurisich_CVCarbon","lease_number":"32024","archive":null}},{"type":"Feature","id":623,"geometry":{"type":"Point","coordinates":[-9976712.9518999998,3424472.5134999976]},"properties":{"OBJECTID":623,"substrate":"Solid Reef","substrate_type":null,"buried_shell_depth":null,"water_depth":null,"GlobalID":"{B8184AA9-9BDF-4C09-A9B2-147B44FB693A}","created_user":"johnyjurisich_CVCarbon","created_date":1763674283190,"last_edited_user":"jjordan_CVCarbon","last_edited_date":1780856289203,"polling_date":1763673926000,"permission_group":"johnyjurisich_CVCarbon,JJurisich_CVCarbon","lease_number":"32024","archive":null}},{"type":"Feature","id":624,"geometry":{"type":"Point","coordinates":[-9976719.8982999995,3424482.4399000034]},"properties":{"OBJECTID":624,"substrate":"Solid Reef","substrate_type":null,"buried_shell_depth":null,"water_depth":null,"GlobalID":"{BF0DB0C8-D308-49D8-8F39-E5482E9B4EF3}","created_user":"johnyjurisich_CVCarbon","created_date":1763674283190,"last_edited_user":"jjordan_CVCarbon","last_edited_date":1780856289203,"polling_date":1763673922000,"permission_group":"johnyjurisich_CVCarbon,JJurisich_CVCarbon","lease_number":"32024","archive":null}},{"type":"Feature","id":625,"geometry":{"type":"Point","coordinates":[-9976730.8298000004,3424497.1827000007]},"properties":{"OBJECTID":625,"substrate":"Solid Reef","substrate_type":null,"buried_shell_depth":null,"water_depth":null,"GlobalID":"{2AD52796-02A4-4EF2-9749-E915E660751E}","created_user":"johnyjurisich_CVCarbon","created_date":1763674283190,"last_edited_user":"jjordan_CVCarbon","last_edited_date":1780856289203,"polling_date":1763673916000,"permission_group":"johnyjurisich_CVCarbon,JJurisich_CVCarbon","lease_number":"32024","archive":null}},{"type":"Feature","id":626,"geometry":{"type":"Point","coordinates":[-9976738.1881000008,3424506.9814999998]},"properties":{"OBJECTID":626,"substrate":"Solid Reef","substrate_type":null,"buried_shell_depth":null,"water_depth":null,"GlobalID":"{C8156B38-FEEC-4EFC-B430-50C728B28ED3}","created_user":"johnyjurisich_CVCarbon","created_date":1763674283190,"last_edited_user":"jjordan_CVCarbon","last_edited_date":1780856289203,"polling_date":1763673912000,"permission_group":"johnyjurisich_CVCarbon,JJurisich_CVCarbon","lease_number":"32024","archive":null}},{"type":"Feature","id":627,"geometry":{"type":"Point","coordinates":[-9976747.3942000009,3424519.7312999964]},"properties":{"OBJECTID":627,"substrate":"Solid Reef","substrate_type":null,"buried_shell_depth":null,"water_depth":null,"GlobalID":"{F5FCD12F-6F02-4839-8C85-CBBCE9FAF7C7}","created_user":"johnyjurisich_CVCarbon","created_date":1763674283190,"last_edited_user":"jjordan_CVCarbon","last_edited_date":1780856289203,"polling_date":1763673907000,"permission_group":"johnyjurisich_CVCarbon,JJurisich_CVCarbon","lease_number":"32024","archive":null}},{"type":"Feature","id":628,"geometry":{"type":"Point","coordinates":[-9976752.7263999991,3424527.6393000036]},"properties":{"OBJECTID":628,"substrate":"Scattered Shell","substrate_type":null,"buried_shell_depth":null,"water_depth":null,"GlobalID":"{6D8706E7-63D1-4A8F-BC18-D43E219F7C96}","created_user":"johnyjurisich_CVCarbon","created_date":1763674283190,"last_edited_user":"jjordan_CVCarbon","last_edited_date":1780856289203,"polling_date":1763673904000,"permission_group":"johnyjurisich_CVCarbon,JJurisich_CVCarbon","lease_number":"32024","archive":null}},{"type":"Feature","id":629,"geometry":{"type":"Point","coordinates":[-9976765.3278000001,3424545.1799999997]},"properties":{"OBJECTID":629,"substrate":"Solid Reef","substrate_type":null,"buried_shell_depth":null,"water_depth":null,"GlobalID":"{571E59E9-9892-46B4-A66B-73DEFA683AF4}","created_user":"johnyjurisich_CVCarbon","created_date":1763674283190,"last_edited_user":"jjordan_CVCarbon","last_edited_date":1780856289203,"polling_date":1763673897000,"permission_group":"johnyjurisich_CVCarbon,JJurisich_CVCarbon","lease_number":"32024","archive":null}},{"type":"Feature","id":630,"geometry":{"type":"Point","coordinates":[-9976774.5895000007,3424557.6999000013]},"properties":{"OBJECTID":630,"substrate":"Scattered Shell","substrate_type":null,"buried_shell_depth":null,"water_depth":null,"GlobalID":"{64D9AF2C-73C1-4206-9D86-A59CE8A65E64}","created_user":"johnyjurisich_CVCarbon","created_date":1763674283190,"last_edited_user":"jjordan_CVCarbon","last_edited_date":1780856289203,"polling_date":1763673892000,"permission_group":"johnyjurisich_CVCarbon,JJurisich_CVCarbon","lease_number":"32024","archive":null}},{"type":"Feature","id":631,"geometry":{"type":"Point","coordinates":[-9976784.2631999999,3424569.6833000034]},"properties":{"OBJECTID":631,"substrate":"Scattered Shell","substrate_type":null,"buried_shell_depth":null,"water_depth":null,"GlobalID":"{0F67E289-92AB-4156-8E5F-C15634CAA513}","created_user":"johnyjurisich_CVCarbon","created_date":1763674283190,"last_edited_user":"jjordan_CVCarbon","last_edited_date":1780856289203,"polling_date":1763673887000,"permission_group":"johnyjurisich_CVCarbon,JJurisich_CVCarbon","lease_number":"32024","archive":null}},{"type":"Feature","id":632,"geometry":{"type":"Point","coordinates":[-9976793.5250000004,3424582.4332000017]},"properties":{"OBJECTID":632,"substrate":"Solid Reef","substrate_type":null,"buried_shell_depth":null,"water_depth":null,"GlobalID":"{4673B695-735B-4026-8E2F-C6E8F3A03E13}","created_user":"johnyjurisich_CVCarbon","created_date":1763674283190,"last_edited_user":"jjordan_CVCarbon","last_edited_date":1780856289203,"polling_date":1763673882000,"permission_group":"johnyjurisich_CVCarbon,JJurisich_CVCarbon","lease_number":"32024","archive":null}},{"type":"Feature","id":633,"geometry":{"type":"Point","coordinates":[-9976802.8535999991,3424594.2761000022]},"properties":{"OBJECTID":633,"substrate":"Solid Reef","substrate_type":null,"buried_shell_depth":null,"water_depth":null,"GlobalID":"{DC889CD1-4B98-4577-9FE4-774118938EFC}","created_user":"johnyjurisich_CVCarbon","created_date":1763674283190,"last_edited_user":"jjordan_CVCarbon","last_edited_date":1780856289203,"polling_date":1763673877000,"permission_group":"johnyjurisich_CVCarbon,JJurisich_CVCarbon","lease_number":"32024","archive":null}},{"type":"Feature","id":634,"geometry":{"type":"Point","coordinates":[-9976810.2339999992,3424603.7299999967]},"properties":{"OBJECTID":634,"substrate":"Solid Reef","substrate_type":null,"buried_shell_depth":null,"water_depth":null,"GlobalID":"{781A0A97-73CE-4321-9719-989B04C1309C}","created_user":"johnyjurisich_CVCarbon","created_date":1763674283190,"last_edited_user":"jjordan_CVCarbon","last_edited_date":1780856289203,"polling_date":1763673873000,"permission_group":"johnyjurisich_CVCarbon,JJurisich_CVCarbon","lease_number":"32024","archive":null}},{"type":"Feature","id":635,"geometry":{"type":"Point","coordinates":[-9976819.6183000002,3424615.9433000013]},"properties":{"OBJECTID":635,"substrate":"Solid Reef","substrate_type":null,"buried_shell_depth":null,"water_depth":null,"GlobalID":"{83167B11-6E36-4659-96CA-3CF8EA9A340B}","created_user":"johnyjurisich_CVCarbon","created_date":1763674283190,"last_edited_user":"jjordan_CVCarbon","last_edited_date":1780856289203,"polling_date":1763673868000,"permission_group":"johnyjurisich_CVCarbon,JJurisich_CVCarbon","lease_number":"32024","archive":null}},{"type":"Feature","id":636,"geometry":{"type":"Point","coordinates":[-9976826.4756000005,3424625.1799999997]},"properties":{"OBJECTID":636,"substrate":"Solid Reef","substrate_type":null,"buried_shell_depth":null,"water_depth":null,"GlobalID":"{7385C913-0B56-4774-A820-4F09F829C17A}","created_user":"johnyjurisich_CVCarbon","created_date":1763674283190,"last_edited_user":"jjordan_CVCarbon","last_edited_date":1780856289203,"polling_date":1763673864000,"permission_group":"johnyjurisich_CVCarbon,JJurisich_CVCarbon","lease_number":"32024","archive":null}},{"type":"Feature","id":637,"geometry":{"type":"Point","coordinates":[-9976833.3440000005,3424634.4550999999]},"properties":{"OBJECTID":637,"substrate":"Solid Reef","substrate_type":null,"buried_shell_depth":null,"water_depth":null,"GlobalID":"{C143C42E-4078-49B2-A635-C24DFB3F91B3}","created_user":"johnyjurisich_CVCarbon","created_date":1763674283190,"last_edited_user":"jjordan_CVCarbon","last_edited_date":1780856289203,"polling_date":1763673860000,"permission_group":"johnyjurisich_CVCarbon,JJurisich_CVCarbon","lease_number":"32024","archive":null}},{"type":"Feature","id":638,"geometry":{"type":"Point","coordinates":[-9976842.7504999992,3424646.438500002]},"properties":{"OBJECTID":638,"substrate":"Solid Reef","substrate_type":null,"buried_shell_depth":null,"water_depth":null,"GlobalID":"{D58B8268-79DB-4C63-AD94-78D6E57E7827}","created_user":"johnyjurisich_CVCarbon","created_date":1763674283190,"last_edited_user":"jjordan_CVCarbon","last_edited_date":1780856289203,"polling_date":1763673855000,"permission_group":"johnyjurisich_CVCarbon,JJurisich_CVCarbon","lease_number":"32024","archive":null}},{"type":"Feature","id":639,"geometry":{"type":"Point","coordinates":[-9976846.6578000002,3424651.2166000009]},"properties":{"OBJECTID":639,"substrate":"Scattered Shell","substrate_type":null,"buried_shell_depth":null,"water_depth":null,"GlobalID":"{106C40EA-C29C-4E87-AA78-4E92F32D62FF}","created_user":"johnyjurisich_CVCarbon","created_date":1763674283190,"last_edited_user":"jjordan_CVCarbon","last_edited_date":1780856289203,"polling_date":1763673853000,"permission_group":"johnyjurisich_CVCarbon,JJurisich_CVCarbon","lease_number":"32024","archive":null}},{"type":"Feature","id":640,"geometry":{"type":"Point","coordinates":[-9976860.9956999999,3424670.1499999985]},"properties":{"OBJECTID":640,"substrate":"Solid Reef","substrate_type":null,"buried_shell_depth":null,"water_depth":null,"GlobalID":"{E9D701D1-A45E-43CD-8638-3C7558F78C58}","created_user":"johnyjurisich_CVCarbon","created_date":1763674283190,"last_edited_user":"jjordan_CVCarbon","last_edited_date":1780856289203,"polling_date":1763673845000,"permission_group":"johnyjurisich_CVCarbon,JJurisich_CVCarbon","lease_number":"32024","archive":null}},{"type":"Feature","id":641,"geometry":{"type":"Point","coordinates":[-9976867.9642999992,3424680.0637999997]},"properties":{"OBJECTID":641,"substrate":"Solid Reef","substrate_type":null,"buried_shell_depth":null,"water_depth":null,"GlobalID":"{17D89750-F0B8-453A-B8DB-6101F240BAD3}","created_user":"johnyjurisich_CVCarbon","created_date":1763674283190,"last_edited_user":"jjordan_CVCarbon","last_edited_date":1780856289203,"polling_date":1763673841000,"permission_group":"johnyjurisich_CVCarbon,JJurisich_CVCarbon","lease_number":"32024","archive":null}},{"type":"Feature","id":642,"geometry":{"type":"Point","coordinates":[-9976875.1556000002,3424689.5816000029]},"properties":{"OBJECTID":642,"substrate":"Solid Reef","substrate_type":null,"buried_shell_depth":null,"water_depth":null,"GlobalID":"{65956E2E-3E3E-4F65-B675-988BA45BA0B9}","created_user":"johnyjurisich_CVCarbon","created_date":1763674283190,"last_edited_user":"jjordan_CVCarbon","last_edited_date":1780856289203,"polling_date":1763673837000,"permission_group":"johnyjurisich_CVCarbon,JJurisich_CVCarbon","lease_number":"32024","archive":null}},{"type":"Feature","id":643,"geometry":{"type":"Point","coordinates":[-9976882.8811000008,3424699.3805000037]},"properties":{"OBJECTID":643,"substrate":"Solid Reef","substrate_type":null,"buried_shell_depth":null,"water_depth":null,"GlobalID":"{F5790CBB-C49A-4CE8-BD1E-C89D94D28FF7}","created_user":"johnyjurisich_CVCarbon","created_date":1763674306991,"last_edited_user":"jjordan_CVCarbon","last_edited_date":1780856289203,"polling_date":1763673833000,"permission_group":"johnyjurisich_CVCarbon,JJurisich_CVCarbon","lease_number":"32024","archive":null}},{"type":"Feature","id":644,"geometry":{"type":"Point","coordinates":[-9976890.4175000004,3424709.1410000026]},"properties":{"OBJECTID":644,"substrate":"Solid Reef","substrate_type":null,"buried_shell_depth":null,"water_depth":null,"GlobalID":"{CCBE35F3-1C14-42E8-A711-728B0CDF6EFB}","created_user":"johnyjurisich_CVCarbon","created_date":1763674306991,"last_edited_user":"jjordan_CVCarbon","last_edited_date":1780856289203,"polling_date":1763673829000,"permission_group":"johnyjurisich_CVCarbon,JJurisich_CVCarbon","lease_number":"32024","archive":null}},{"type":"Feature","id":645,"geometry":{"type":"Point","coordinates":[-9976901.7942999993,3424723.5901999995]},"properties":{"OBJECTID":645,"substrate":"Solid Reef","substrate_type":null,"buried_shell_depth":null,"water_depth":null,"GlobalID":"{25276DBA-D0F9-4687-BC21-7A5D584A3F36}","created_user":"johnyjurisich_CVCarbon","created_date":1763674306991,"last_edited_user":"jjordan_CVCarbon","last_edited_date":1780856289203,"polling_date":1763673823000,"permission_group":"johnyjurisich_CVCarbon,JJurisich_CVCarbon","lease_number":"32024","archive":null}},{"type":"Feature","id":646,"geometry":{"type":"Point","coordinates":[-9976910.4327000007,3424735.5865999982]},"properties":{"OBJECTID":646,"substrate":"Solid Reef","substrate_type":null,"buried_shell_depth":null,"water_depth":null,"GlobalID":"{5C319CEC-B786-4238-BD8D-F9A490CE440B}","created_user":"johnyjurisich_CVCarbon","created_date":1763674306991,"last_edited_user":"jjordan_CVCarbon","last_edited_date":1780856289203,"polling_date":1763673818000,"permission_group":"johnyjurisich_CVCarbon,JJurisich_CVCarbon","lease_number":"32024","archive":null}},{"type":"Feature","id":647,"geometry":{"type":"Point","coordinates":[-9976919.4941000007,3424748.4516000003]},"properties":{"OBJECTID":647,"substrate":"Solid Reef","substrate_type":null,"buried_shell_depth":null,"water_depth":null,"GlobalID":"{3F2102FB-02B3-4CCA-8FD6-DA3AF09705D5}","created_user":"johnyjurisich_CVCarbon","created_date":1763674306991,"last_edited_user":"jjordan_CVCarbon","last_edited_date":1780856289203,"polling_date":1763673813000,"permission_group":"johnyjurisich_CVCarbon,JJurisich_CVCarbon","lease_number":"32024","archive":null}},{"type":"Feature","id":648,"geometry":{"type":"Point","coordinates":[-9976922.8003000002,3424753.4724000022]},"properties":{"OBJECTID":648,"substrate":"Solid Reef","substrate_type":null,"buried_shell_depth":null,"water_depth":null,"GlobalID":"{5D39CA92-F7AE-471D-B562-3341E80984F7}","created_user":"johnyjurisich_CVCarbon","created_date":1763674306991,"last_edited_user":"jjordan_CVCarbon","last_edited_date":1780856289203,"polling_date":1763673811000,"permission_group":"johnyjurisich_CVCarbon,JJurisich_CVCarbon","lease_number":"32024","archive":null}},{"type":"Feature","id":649,"geometry":{"type":"Point","coordinates":[-9976928.0435000006,3424760.9078999981]},"properties":{"OBJECTID":649,"substrate":"Mud","substrate_type":null,"buried_shell_depth":null,"water_depth":null,"GlobalID":"{99DD5C79-9CCB-4525-B7FB-C97F509131E3}","created_user":"johnyjurisich_CVCarbon","created_date":1763674306991,"last_edited_user":"jjordan_CVCarbon","last_edited_date":1780856289203,"polling_date":1763673808000,"permission_group":"johnyjurisich_CVCarbon,JJurisich_CVCarbon","lease_number":"32024","archive":null}},{"type":"Feature","id":650,"geometry":{"type":"Point","coordinates":[-9976938.7301000003,3424775.7404000014]},"properties":{"OBJECTID":650,"substrate":"Scattered Shell","substrate_type":null,"buried_shell_depth":null,"water_depth":null,"GlobalID":"{450305CD-EFD4-4D29-9EFB-91EEBB8F3ADD}","created_user":"johnyjurisich_CVCarbon","created_date":1763674306991,"last_edited_user":"jjordan_CVCarbon","last_edited_date":1780856289203,"polling_date":1763673802000,"permission_group":"johnyjurisich_CVCarbon,JJurisich_CVCarbon","lease_number":"32024","archive":null}},{"type":"Feature","id":651,"geometry":{"type":"Point","coordinates":[-9976949.8063999992,3424793.0258999988]},"properties":{"OBJECTID":651,"substrate":"Scattered Shell","substrate_type":null,"buried_shell_depth":null,"water_depth":null,"GlobalID":"{CB0309C4-7BFB-4F89-9E96-80A250161F51}","created_user":"johnyjurisich_CVCarbon","created_date":1763674306991,"last_edited_user":"jjordan_CVCarbon","last_edited_date":1780856289203,"polling_date":1763673795000,"permission_group":"johnyjurisich_CVCarbon,JJurisich_CVCarbon","lease_number":"32024","archive":null}},{"type":"Feature","id":652,"geometry":{"type":"Point","coordinates":[-9976955.9289999995,3424803.0931999981]},"properties":{"OBJECTID":652,"substrate":"Scattered Shell","substrate_type":null,"buried_shell_depth":null,"water_depth":null,"GlobalID":"{6F426912-8EB1-4E43-91A3-2C9D42323C5A}","created_user":"johnyjurisich_CVCarbon","created_date":1763674306991,"last_edited_user":"jjordan_CVCarbon","last_edited_date":1780856289203,"polling_date":1763673791000,"permission_group":"johnyjurisich_CVCarbon,JJurisich_CVCarbon","lease_number":"32024","archive":null}},{"type":"Feature","id":653,"geometry":{"type":"Point","coordinates":[-9976963.9329000004,3424815.3962000012]},"properties":{"OBJECTID":653,"substrate":"Firm/Hard Bottom","substrate_type":null,"buried_shell_depth":null,"water_depth":null,"GlobalID":"{81D25772-329C-47C0-80EB-F594C5BF7795}","created_user":"johnyjurisich_CVCarbon","created_date":1763674306991,"last_edited_user":"jjordan_CVCarbon","last_edited_date":1780856289203,"polling_date":1763673786000,"permission_group":"johnyjurisich_CVCarbon,JJurisich_CVCarbon","lease_number":"32024","archive":null}},{"type":"Feature","id":654,"geometry":{"type":"Point","coordinates":[-9976956.5300999992,3424843.8605000004]},"properties":{"OBJECTID":654,"substrate":"Firm/Hard Bottom","substrate_type":null,"buried_shell_depth":null,"water_depth":null,"GlobalID":"{E86DD2FC-B3EE-457B-B24A-9A2DB4373114}","created_user":"johnyjurisich_CVCarbon","created_date":1763674306991,"last_edited_user":"jjordan_CVCarbon","last_edited_date":1780856289203,"polling_date":1763673751000,"permission_group":"johnyjurisich_CVCarbon,JJurisich_CVCarbon","lease_number":"32024","archive":null}},{"type":"Feature","id":655,"geometry":{"type":"Point","coordinates":[-9976975.7550000008,3424832.5028000027]},"properties":{"OBJECTID":655,"substrate":"Firm/Hard Bottom","substrate_type":null,"buried_shell_depth":null,"water_depth":null,"GlobalID":"{FF95C8B4-3477-40B3-A914-A58F27B4667D}","created_user":"johnyjurisich_CVCarbon","created_date":1763674306991,"last_edited_user":"jjordan_CVCarbon","last_edited_date":1780856289203,"polling_date":1763673732000,"permission_group":"johnyjurisich_CVCarbon,JJurisich_CVCarbon","lease_number":"32024","archive":null}},{"type":"Feature","id":656,"geometry":{"type":"Point","coordinates":[-9976972.0146999992,3424845.5724000037]},"properties":{"OBJECTID":656,"substrate":"Mud","substrate_type":null,"buried_shell_depth":null,"water_depth":null,"GlobalID":"{715D0550-3A06-49C3-989B-5A5DC039BB1D}","created_user":"johnyjurisich_CVCarbon","created_date":1763674306991,"last_edited_user":"jjordan_CVCarbon","last_edited_date":1780856289203,"polling_date":1763673725000,"permission_group":"johnyjurisich_CVCarbon,JJurisich_CVCarbon","lease_number":"32024","archive":null}},{"type":"Feature","id":657,"geometry":{"type":"Point","coordinates":[-9976927.8320000004,3424819.7016000003]},"properties":{"OBJECTID":657,"substrate":"Buried Shell","substrate_type":null,"buried_shell_depth":null,"water_depth":null,"GlobalID":"{A4680971-FF6D-4DB2-A8D8-458F2F93144F}","created_user":"johnyjurisich_CVCarbon","created_date":1763674306991,"last_edited_user":"jjordan_CVCarbon","last_edited_date":1780856289203,"polling_date":1763673705000,"permission_group":"johnyjurisich_CVCarbon,JJurisich_CVCarbon","lease_number":"32024","archive":null}},{"type":"Feature","id":658,"geometry":{"type":"Point","coordinates":[-9976917.9244999997,3424805.1755999997]},"properties":{"OBJECTID":658,"substrate":"Buried Shell","substrate_type":null,"buried_shell_depth":null,"water_depth":null,"GlobalID":"{D5E8ECDC-415E-4A23-BE45-6F13D3C0EE31}","created_user":"johnyjurisich_CVCarbon","created_date":1763674306991,"last_edited_user":"jjordan_CVCarbon","last_edited_date":1780856289203,"polling_date":1763673700000,"permission_group":"johnyjurisich_CVCarbon,JJurisich_CVCarbon","lease_number":"32024","archive":null}},{"type":"Feature","id":659,"geometry":{"type":"Point","coordinates":[-9976913.5942000002,3424799.6692999974]},"properties":{"OBJECTID":659,"substrate":"Buried Shell","substrate_type":null,"buried_shell_depth":null,"water_depth":null,"GlobalID":"{8300A732-6049-42EB-BA45-91DD4E3589FA}","created_user":"johnyjurisich_CVCarbon","created_date":1763674306991,"last_edited_user":"jjordan_CVCarbon","last_edited_date":1780856289203,"polling_date":1763673698000,"permission_group":"johnyjurisich_CVCarbon,JJurisich_CVCarbon","lease_number":"32024","archive":null}},{"type":"Feature","id":660,"geometry":{"type":"Point","coordinates":[-9976898.7442000005,3424780.3140999973]},"properties":{"OBJECTID":660,"substrate":"Mud","substrate_type":null,"buried_shell_depth":null,"water_depth":null,"GlobalID":"{54D82846-37E8-4CBF-BC33-F7CF29722C82}","created_user":"johnyjurisich_CVCarbon","created_date":1763674306991,"last_edited_user":"jjordan_CVCarbon","last_edited_date":1780856289203,"polling_date":1763673691000,"permission_group":"johnyjurisich_CVCarbon,JJurisich_CVCarbon","lease_number":"32024","archive":null}},{"type":"Feature","id":661,"geometry":{"type":"Point","coordinates":[-9976886.7995999996,3424762.7348000035]},"properties":{"OBJECTID":661,"substrate":"Mud","substrate_type":null,"buried_shell_depth":null,"water_depth":null,"GlobalID":"{D31E3BFF-00FE-417C-89AE-02998107BE3B}","created_user":"johnyjurisich_CVCarbon","created_date":1763674306991,"last_edited_user":"jjordan_CVCarbon","last_edited_date":1780856289203,"polling_date":1763673685000,"permission_group":"johnyjurisich_CVCarbon,JJurisich_CVCarbon","lease_number":"32024","archive":null}},{"type":"Feature","id":662,"geometry":{"type":"Point","coordinates":[-9976873.9421999995,3424746.2669999972]},"properties":{"OBJECTID":662,"substrate":"Scattered Shell","substrate_type":null,"buried_shell_depth":null,"water_depth":null,"GlobalID":"{B3E15DA0-3C98-4E2D-938F-08C2BF4A9AFC}","created_user":"johnyjurisich_CVCarbon","created_date":1763674306991,"last_edited_user":"jjordan_CVCarbon","last_edited_date":1780856289203,"polling_date":1763673679000,"permission_group":"johnyjurisich_CVCarbon,JJurisich_CVCarbon","lease_number":"32024","archive":null}},{"type":"Feature","id":663,"geometry":{"type":"Point","coordinates":[-9976862.4206000008,3424728.9688000008]},"properties":{"OBJECTID":663,"substrate":"Solid Reef","substrate_type":null,"buried_shell_depth":null,"water_depth":null,"GlobalID":"{3FC1A55C-E300-4B99-9742-8133E973CC36}","created_user":"johnyjurisich_CVCarbon","created_date":1763674306991,"last_edited_user":"jjordan_CVCarbon","last_edited_date":1780856289203,"polling_date":1763673673000,"permission_group":"johnyjurisich_CVCarbon,JJurisich_CVCarbon","lease_number":"32024","archive":null}},{"type":"Feature","id":664,"geometry":{"type":"Point","coordinates":[-9976854.0939000007,3424717.2919000015]},"properties":{"OBJECTID":664,"substrate":"Solid Reef","substrate_type":null,"buried_shell_depth":null,"water_depth":null,"GlobalID":"{CE03805D-F047-4E2C-A7FC-4AF8984ED9AB}","created_user":"johnyjurisich_CVCarbon","created_date":1763674306991,"last_edited_user":"jjordan_CVCarbon","last_edited_date":1780856289203,"polling_date":1763673669000,"permission_group":"johnyjurisich_CVCarbon,JJurisich_CVCarbon","lease_number":"32024","archive":null}},{"type":"Feature","id":665,"geometry":{"type":"Point","coordinates":[-9976843.5186000001,3424703.0854000002]},"properties":{"OBJECTID":665,"substrate":"Solid Reef","substrate_type":null,"buried_shell_depth":null,"water_depth":null,"GlobalID":"{36D5B9FC-C96A-42DA-9D8E-D7DA820AB0C9}","created_user":"johnyjurisich_CVCarbon","created_date":1763674306991,"last_edited_user":"jjordan_CVCarbon","last_edited_date":1780856289203,"polling_date":1763673664000,"permission_group":"johnyjurisich_CVCarbon,JJurisich_CVCarbon","lease_number":"32024","archive":null}},{"type":"Feature","id":666,"geometry":{"type":"Point","coordinates":[-9976835.1361999996,3424691.6128999963]},"properties":{"OBJECTID":666,"substrate":"Solid Reef","substrate_type":null,"buried_shell_depth":null,"water_depth":null,"GlobalID":"{2E58F7A7-C889-49F6-913A-69CB75390FF3}","created_user":"johnyjurisich_CVCarbon","created_date":1763674306991,"last_edited_user":"jjordan_CVCarbon","last_edited_date":1780856289203,"polling_date":1763673660000,"permission_group":"johnyjurisich_CVCarbon,JJurisich_CVCarbon","lease_number":"32024","archive":null}},{"type":"Feature","id":667,"geometry":{"type":"Point","coordinates":[-9976826.3641999997,3424680.2043000013]},"properties":{"OBJECTID":667,"substrate":"Solid Reef","substrate_type":null,"buried_shell_depth":null,"water_depth":null,"GlobalID":"{8297AC18-FD1F-47A8-AD74-415DCE92C01B}","created_user":"johnyjurisich_CVCarbon","created_date":1763674306991,"last_edited_user":"jjordan_CVCarbon","last_edited_date":1780856289203,"polling_date":1763673656000,"permission_group":"johnyjurisich_CVCarbon,JJurisich_CVCarbon","lease_number":"32024","archive":null}},{"type":"Feature","id":668,"geometry":{"type":"Point","coordinates":[-9976818.4272000007,3424668.6679999977]},"properties":{"OBJECTID":668,"substrate":"Solid Reef","substrate_type":null,"buried_shell_depth":null,"water_depth":null,"GlobalID":"{9FCFB2BD-1F35-45F3-8F19-DD7FD70EB733}","created_user":"johnyjurisich_CVCarbon","created_date":1763674306991,"last_edited_user":"jjordan_CVCarbon","last_edited_date":1780856289203,"polling_date":1763673652000,"permission_group":"johnyjurisich_CVCarbon,JJurisich_CVCarbon","lease_number":"32024","archive":null}},{"type":"Feature","id":669,"geometry":{"type":"Point","coordinates":[-9976805.8703000005,3424651.6125999987]},"properties":{"OBJECTID":669,"substrate":"Solid Reef","substrate_type":null,"buried_shell_depth":null,"water_depth":null,"GlobalID":"{36839294-E237-4285-8124-F38430B79B92}","created_user":"johnyjurisich_CVCarbon","created_date":1763674306991,"last_edited_user":"jjordan_CVCarbon","last_edited_date":1780856289203,"polling_date":1763673646000,"permission_group":"johnyjurisich_CVCarbon,JJurisich_CVCarbon","lease_number":"32024","archive":null}},{"type":"Feature","id":670,"geometry":{"type":"Point","coordinates":[-9976793.4247999992,3424634.8255999982]},"properties":{"OBJECTID":670,"substrate":"Solid Reef","substrate_type":null,"buried_shell_depth":null,"water_depth":null,"GlobalID":"{E76BD0A1-0E3F-495C-8ED7-06DB85778F24}","created_user":"johnyjurisich_CVCarbon","created_date":1763674306991,"last_edited_user":"jjordan_CVCarbon","last_edited_date":1780856289203,"polling_date":1763673640000,"permission_group":"johnyjurisich_CVCarbon,JJurisich_CVCarbon","lease_number":"32024","archive":null}},{"type":"Feature","id":671,"geometry":{"type":"Point","coordinates":[-9976785.0089999996,3424623.9025000036]},"properties":{"OBJECTID":671,"substrate":"Solid Reef","substrate_type":null,"buried_shell_depth":null,"water_depth":null,"GlobalID":"{77D9CF2D-ADC0-4724-BD22-411DA4C90856}","created_user":"johnyjurisich_CVCarbon","created_date":1763674306991,"last_edited_user":"jjordan_CVCarbon","last_edited_date":1780856289203,"polling_date":1763673636000,"permission_group":"johnyjurisich_CVCarbon,JJurisich_CVCarbon","lease_number":"32024","archive":null}},{"type":"Feature","id":672,"geometry":{"type":"Point","coordinates":[-9976774.6007000003,3424609.6450000033]},"properties":{"OBJECTID":672,"substrate":"Scattered Shell","substrate_type":null,"buried_shell_depth":null,"water_depth":null,"GlobalID":"{71E08133-A1A2-4A2D-BE5B-6F6723AD029A}","created_user":"johnyjurisich_CVCarbon","created_date":1763674306991,"last_edited_user":"jjordan_CVCarbon","last_edited_date":1780856289203,"polling_date":1763673631000,"permission_group":"johnyjurisich_CVCarbon,JJurisich_CVCarbon","lease_number":"32024","archive":null}},{"type":"Feature","id":673,"geometry":{"type":"Point","coordinates":[-9976764.0587000009,3424595.5791999996]},"properties":{"OBJECTID":673,"substrate":"Scattered Shell","substrate_type":null,"buried_shell_depth":null,"water_depth":null,"GlobalID":"{DA8E2361-7416-4F84-81F3-86EF636D4770}","created_user":"johnyjurisich_CVCarbon","created_date":1763674306991,"last_edited_user":"jjordan_CVCarbon","last_edited_date":1780856289203,"polling_date":1763673626000,"permission_group":"johnyjurisich_CVCarbon,JJurisich_CVCarbon","lease_number":"32024","archive":null}},{"type":"Feature","id":674,"geometry":{"type":"Point","coordinates":[-9976753.1604999993,3424581.6027999967]},"properties":{"OBJECTID":674,"substrate":"Solid Reef","substrate_type":null,"buried_shell_depth":null,"water_depth":null,"GlobalID":"{5E9AD367-F2FB-4C8A-BA66-D86A91B7D20C}","created_user":"johnyjurisich_CVCarbon","created_date":1763674306991,"last_edited_user":"jjordan_CVCarbon","last_edited_date":1780856289203,"polling_date":1763673621000,"permission_group":"johnyjurisich_CVCarbon,JJurisich_CVCarbon","lease_number":"32024","archive":null}},{"type":"Feature","id":675,"geometry":{"type":"Point","coordinates":[-9976741.6501000002,3424563.8704999983]},"properties":{"OBJECTID":675,"substrate":"Solid Reef","substrate_type":null,"buried_shell_depth":null,"water_depth":null,"GlobalID":"{2C412989-C7AA-49C2-9DF5-5B246DB4CFE8}","created_user":"johnyjurisich_CVCarbon","created_date":1763674306991,"last_edited_user":"jjordan_CVCarbon","last_edited_date":1780856289203,"polling_date":1763673615000,"permission_group":"johnyjurisich_CVCarbon,JJurisich_CVCarbon","lease_number":"32024","archive":null}},{"type":"Feature","id":676,"geometry":{"type":"Point","coordinates":[-9976728.8372000009,3424547.3007000014]},"properties":{"OBJECTID":676,"substrate":"Solid Reef","substrate_type":null,"buried_shell_depth":null,"water_depth":null,"GlobalID":"{8AC3A7EE-20BE-4E48-9C55-19F62947DCE1}","created_user":"johnyjurisich_CVCarbon","created_date":1763674306991,"last_edited_user":"jjordan_CVCarbon","last_edited_date":1780856289203,"polling_date":1763673609000,"permission_group":"johnyjurisich_CVCarbon,JJurisich_CVCarbon","lease_number":"32024","archive":null}},{"type":"Feature","id":677,"geometry":{"type":"Point","coordinates":[-9976718.1172000002,3424533.0305000022]},"properties":{"OBJECTID":677,"substrate":"Solid Reef","substrate_type":null,"buried_shell_depth":null,"water_depth":null,"GlobalID":"{C6B0FD5E-D24B-493E-86BE-F831EF4418F9}","created_user":"johnyjurisich_CVCarbon","created_date":1763674306991,"last_edited_user":"jjordan_CVCarbon","last_edited_date":1780856289203,"polling_date":1763673604000,"permission_group":"johnyjurisich_CVCarbon,JJurisich_CVCarbon","lease_number":"32024","archive":null}},{"type":"Feature","id":678,"geometry":{"type":"Point","coordinates":[-9976709.5900999997,3424521.8264999986]},"properties":{"OBJECTID":678,"substrate":"Solid Reef","substrate_type":null,"buried_shell_depth":null,"water_depth":null,"GlobalID":"{8796BCB4-4A1E-47E7-A960-D76EDCC53A9A}","created_user":"johnyjurisich_CVCarbon","created_date":1763674306991,"last_edited_user":"jjordan_CVCarbon","last_edited_date":1780856289203,"polling_date":1763673600000,"permission_group":"johnyjurisich_CVCarbon,JJurisich_CVCarbon","lease_number":"32024","archive":null}},{"type":"Feature","id":679,"geometry":{"type":"Point","coordinates":[-9976701.6641000006,3424510.6097000018]},"properties":{"OBJECTID":679,"substrate":"Solid Reef","substrate_type":null,"buried_shell_depth":null,"water_depth":null,"GlobalID":"{1AFD6FAC-DD62-4716-A77D-79969F051813}","created_user":"johnyjurisich_CVCarbon","created_date":1763674306991,"last_edited_user":"jjordan_CVCarbon","last_edited_date":1780856289203,"polling_date":1763673596000,"permission_group":"johnyjurisich_CVCarbon,JJurisich_CVCarbon","lease_number":"32024","archive":null}},{"type":"Feature","id":680,"geometry":{"type":"Point","coordinates":[-9976691.8792000003,3424496.0841000006]},"properties":{"OBJECTID":680,"substrate":"Solid Reef","substrate_type":null,"buried_shell_depth":null,"water_depth":null,"GlobalID":"{8AFA9E53-BDB7-4FCE-97A0-0315871A0FEB}","created_user":"johnyjurisich_CVCarbon","created_date":1763674306991,"last_edited_user":"jjordan_CVCarbon","last_edited_date":1780856289203,"polling_date":1763673591000,"permission_group":"johnyjurisich_CVCarbon,JJurisich_CVCarbon","lease_number":"32024","archive":null}},{"type":"Feature","id":681,"geometry":{"type":"Point","coordinates":[-9976684.2092000004,3424484.2668000013]},"properties":{"OBJECTID":681,"substrate":"Solid Reef","substrate_type":null,"buried_shell_depth":null,"water_depth":null,"GlobalID":"{A99AFDAD-54CA-48E9-9FCB-75476FF66D33}","created_user":"johnyjurisich_CVCarbon","created_date":1763674306991,"last_edited_user":"jjordan_CVCarbon","last_edited_date":1780856289203,"polling_date":1763673587000,"permission_group":"johnyjurisich_CVCarbon,JJurisich_CVCarbon","lease_number":"32024","archive":null}},{"type":"Feature","id":682,"geometry":{"type":"Point","coordinates":[-9976675.7043999992,3424472.9988999963]},"properties":{"OBJECTID":682,"substrate":"Scattered Shell","substrate_type":null,"buried_shell_depth":null,"water_depth":null,"GlobalID":"{B71FA2D3-C8EA-4030-87CB-8B533E749911}","created_user":"johnyjurisich_CVCarbon","created_date":1763674306991,"last_edited_user":"jjordan_CVCarbon","last_edited_date":1780856289203,"polling_date":1763673583000,"permission_group":"johnyjurisich_CVCarbon,JJurisich_CVCarbon","lease_number":"32024","archive":null}},{"type":"Feature","id":683,"geometry":{"type":"Point","coordinates":[-9976665.0399999991,3424458.1666999981]},"properties":{"OBJECTID":683,"substrate":"Scattered Shell","substrate_type":null,"buried_shell_depth":null,"water_depth":null,"GlobalID":"{E660112B-A6AC-47E8-B108-558B8639A4D8}","created_user":"johnyjurisich_CVCarbon","created_date":1763674306991,"last_edited_user":"jjordan_CVCarbon","last_edited_date":1780856289203,"polling_date":1763673578000,"permission_group":"johnyjurisich_CVCarbon,JJurisich_CVCarbon","lease_number":"32024","archive":null}},{"type":"Feature","id":684,"geometry":{"type":"Point","coordinates":[-9976658.6502999999,3424450.2844000012]},"properties":{"OBJECTID":684,"substrate":"Solid Reef","substrate_type":null,"buried_shell_depth":null,"water_depth":null,"GlobalID":"{4E9D9FDC-B429-42A0-A31F-7AA2F59F9B83}","created_user":"johnyjurisich_CVCarbon","created_date":1763674306991,"last_edited_user":"jjordan_CVCarbon","last_edited_date":1780856289203,"polling_date":1763673575000,"permission_group":"johnyjurisich_CVCarbon,JJurisich_CVCarbon","lease_number":"32024","archive":null}},{"type":"Feature","id":685,"geometry":{"type":"Point","coordinates":[-9976652.2606000006,3424441.5204999968]},"properties":{"OBJECTID":685,"substrate":"Solid Reef","substrate_type":null,"buried_shell_depth":null,"water_depth":null,"GlobalID":"{CEC1AEB7-7631-4BE8-B78C-76E2C02EA2F8}","created_user":"johnyjurisich_CVCarbon","created_date":1763674306991,"last_edited_user":"jjordan_CVCarbon","last_edited_date":1780856289203,"polling_date":1763673572000,"permission_group":"johnyjurisich_CVCarbon,JJurisich_CVCarbon","lease_number":"32024","archive":null}},{"type":"Feature","id":686,"geometry":{"type":"Point","coordinates":[-9976640.0376999993,3424424.8359000012]},"properties":{"OBJECTID":686,"substrate":"Solid Reef","substrate_type":null,"buried_shell_depth":null,"water_depth":null,"GlobalID":"{DCBB3DC1-9207-4AC6-9B80-E8015099E502}","created_user":"johnyjurisich_CVCarbon","created_date":1763674306991,"last_edited_user":"jjordan_CVCarbon","last_edited_date":1780856289203,"polling_date":1763673566000,"permission_group":"johnyjurisich_CVCarbon,JJurisich_CVCarbon","lease_number":"32024","archive":null}},{"type":"Feature","id":687,"geometry":{"type":"Point","coordinates":[-9976629.6070000008,3424410.7446999997]},"properties":{"OBJECTID":687,"substrate":"Solid Reef","substrate_type":null,"buried_shell_depth":null,"water_depth":null,"GlobalID":"{F9D7423F-CAA3-4F47-8B28-0AAA23D57CAE}","created_user":"johnyjurisich_CVCarbon","created_date":1763674306991,"last_edited_user":"jjordan_CVCarbon","last_edited_date":1780856289203,"polling_date":1763673561000,"permission_group":"johnyjurisich_CVCarbon,JJurisich_CVCarbon","lease_number":"32024","archive":null}},{"type":"Feature","id":688,"geometry":{"type":"Point","coordinates":[-9976619.5326000005,3424396.3597000018]},"properties":{"OBJECTID":688,"substrate":"Solid Reef","substrate_type":null,"buried_shell_depth":null,"water_depth":null,"GlobalID":"{60CA70EC-590B-4438-A8DB-F5DF455565DA}","created_user":"johnyjurisich_CVCarbon","created_date":1763674306991,"last_edited_user":"jjordan_CVCarbon","last_edited_date":1780856289203,"polling_date":1763673556000,"permission_group":"johnyjurisich_CVCarbon,JJurisich_CVCarbon","lease_number":"32024","archive":null}},{"type":"Feature","id":689,"geometry":{"type":"Point","coordinates":[-9976611.1169000007,3424384.9130999967]},"properties":{"OBJECTID":689,"substrate":"Solid Reef","substrate_type":null,"buried_shell_depth":null,"water_depth":null,"GlobalID":"{8A8EE3BA-0E90-4C71-9768-0E2A2CBBF066}","created_user":"johnyjurisich_CVCarbon","created_date":1763674306991,"last_edited_user":"jjordan_CVCarbon","last_edited_date":1780856289203,"polling_date":1763673552000,"permission_group":"johnyjurisich_CVCarbon,JJurisich_CVCarbon","lease_number":"32024","archive":null}},{"type":"Feature","id":690,"geometry":{"type":"Point","coordinates":[-9976590.3334999997,3424356.1432000026]},"properties":{"OBJECTID":690,"substrate":"Solid Reef","substrate_type":null,"buried_shell_depth":null,"water_depth":null,"GlobalID":"{6105029C-FFC1-4DC4-802D-976E25910886}","created_user":"johnyjurisich_CVCarbon","created_date":1763674306991,"last_edited_user":"jjordan_CVCarbon","last_edited_date":1780856289203,"polling_date":1763673542000,"permission_group":"johnyjurisich_CVCarbon,JJurisich_CVCarbon","lease_number":"32024","archive":null}},{"type":"Feature","id":691,"geometry":{"type":"Point","coordinates":[-9976582.3519000001,3424344.4666000009]},"properties":{"OBJECTID":691,"substrate":"Solid Reef","substrate_type":null,"buried_shell_depth":null,"water_depth":null,"GlobalID":"{4D115091-03E0-443F-9553-6607E7285D11}","created_user":"johnyjurisich_CVCarbon","created_date":1763674306991,"last_edited_user":"jjordan_CVCarbon","last_edited_date":1780856289203,"polling_date":1763673538000,"permission_group":"johnyjurisich_CVCarbon,JJurisich_CVCarbon","lease_number":"32024","archive":null}},{"type":"Feature","id":692,"geometry":{"type":"Point","coordinates":[-9976574.2032999992,3424333.505400002]},"properties":{"OBJECTID":692,"substrate":"Solid Reef","substrate_type":null,"buried_shell_depth":null,"water_depth":null,"GlobalID":"{1D987DFB-C333-464F-B1AB-EECD4012F486}","created_user":"johnyjurisich_CVCarbon","created_date":1763674306991,"last_edited_user":"jjordan_CVCarbon","last_edited_date":1780856289203,"polling_date":1763673534000,"permission_group":"johnyjurisich_CVCarbon,JJurisich_CVCarbon","lease_number":"32024","archive":null}},{"type":"Feature","id":693,"geometry":{"type":"Point","coordinates":[-9976564.3960999995,3424319.2738000005]},"properties":{"OBJECTID":693,"substrate":"Solid Reef","substrate_type":null,"buried_shell_depth":null,"water_depth":null,"GlobalID":"{18A246EF-F0F7-484C-A38E-367E0FF9E21C}","created_user":"johnyjurisich_CVCarbon","created_date":1763674306991,"last_edited_user":"jjordan_CVCarbon","last_edited_date":1780856289203,"polling_date":1763673529000,"permission_group":"johnyjurisich_CVCarbon,JJurisich_CVCarbon","lease_number":"32024","archive":null}},{"type":"Feature","id":694,"geometry":{"type":"Point","coordinates":[-9976560.3106999993,3424313.6655000001]},"properties":{"OBJECTID":694,"substrate":"Solid Reef","substrate_type":null,"buried_shell_depth":null,"water_depth":null,"GlobalID":"{AF71EE15-C3D2-44C6-A930-11C7A5815B7F}","created_user":"johnyjurisich_CVCarbon","created_date":1763674306991,"last_edited_user":"jjordan_CVCarbon","last_edited_date":1780856289203,"polling_date":1763673527000,"permission_group":"johnyjurisich_CVCarbon,JJurisich_CVCarbon","lease_number":"32024","archive":null}},{"type":"Feature","id":695,"geometry":{"type":"Point","coordinates":[-9976550.1582999993,3424298.8589999974]},"properties":{"OBJECTID":695,"substrate":"Scattered Shell","substrate_type":null,"buried_shell_depth":null,"water_depth":null,"GlobalID":"{F0AB9D6A-0BC6-4257-AB59-FF6A54341695}","created_user":"johnyjurisich_CVCarbon","created_date":1763674306991,"last_edited_user":"jjordan_CVCarbon","last_edited_date":1780856289203,"polling_date":1763673522000,"permission_group":"johnyjurisich_CVCarbon,JJurisich_CVCarbon","lease_number":"32024","archive":null}},{"type":"Feature","id":696,"geometry":{"type":"Point","coordinates":[-9976542.3213999998,3424287.2207999974]},"properties":{"OBJECTID":696,"substrate":"Scattered Shell","substrate_type":null,"buried_shell_depth":null,"water_depth":null,"GlobalID":"{197DD320-4877-45AD-9617-FEAC76A986CD}","created_user":"johnyjurisich_CVCarbon","created_date":1763674306991,"last_edited_user":"jjordan_CVCarbon","last_edited_date":1780856289203,"polling_date":1763673518000,"permission_group":"johnyjurisich_CVCarbon,JJurisich_CVCarbon","lease_number":"32024","archive":null}},{"type":"Feature","id":697,"geometry":{"type":"Point","coordinates":[-9976532.8704000004,3424272.8743000031]},"properties":{"OBJECTID":697,"substrate":"Scattered Shell","substrate_type":null,"buried_shell_depth":null,"water_depth":null,"GlobalID":"{11A0C3F7-C18C-4077-BED8-CCBE2AD6507D}","created_user":"johnyjurisich_CVCarbon","created_date":1763674306991,"last_edited_user":"jjordan_CVCarbon","last_edited_date":1780856289203,"polling_date":1763673513000,"permission_group":"johnyjurisich_CVCarbon,JJurisich_CVCarbon","lease_number":"32024","archive":null}},{"type":"Feature","id":698,"geometry":{"type":"Point","coordinates":[-9976528.8739999998,3424266.8444000036]},"properties":{"OBJECTID":698,"substrate":"Scattered Shell","substrate_type":null,"buried_shell_depth":null,"water_depth":null,"GlobalID":"{04CAAE3B-CB45-4C92-8A37-2165B9C8DF1F}","created_user":"johnyjurisich_CVCarbon","created_date":1763674306991,"last_edited_user":"jjordan_CVCarbon","last_edited_date":1780856289203,"polling_date":1763673511000,"permission_group":"johnyjurisich_CVCarbon,JJurisich_CVCarbon","lease_number":"32024","archive":null}},{"type":"Feature","id":699,"geometry":{"type":"Point","coordinates":[-9976521.2819999997,3424255.0018000007]},"properties":{"OBJECTID":699,"substrate":"Buried Shell","substrate_type":null,"buried_shell_depth":null,"water_depth":null,"GlobalID":"{D35BC2CC-718D-4B2D-BAF2-E80E187E8814}","created_user":"johnyjurisich_CVCarbon","created_date":1763674306991,"last_edited_user":"jjordan_CVCarbon","last_edited_date":1780856289203,"polling_date":1763673507000,"permission_group":"johnyjurisich_CVCarbon,JJurisich_CVCarbon","lease_number":"32024","archive":null}},{"type":"Feature","id":700,"geometry":{"type":"Point","coordinates":[-9976512.3541999999,3424240.4892999977]},"properties":{"OBJECTID":700,"substrate":"Buried Shell","substrate_type":null,"buried_shell_depth":null,"water_depth":null,"GlobalID":"{31E545FB-5CD5-4BDF-A98F-67030F45FBD6}","created_user":"johnyjurisich_CVCarbon","created_date":1763674331229,"last_edited_user":"jjordan_CVCarbon","last_edited_date":1780856289203,"polling_date":1763673502000,"permission_group":"johnyjurisich_CVCarbon,JJurisich_CVCarbon","lease_number":"32024","archive":null}},{"type":"Feature","id":701,"geometry":{"type":"Point","coordinates":[-9976508.6695000008,3424234.5615999997]},"properties":{"OBJECTID":701,"substrate":"Buried Shell","substrate_type":null,"buried_shell_depth":null,"water_depth":null,"GlobalID":"{9AC08536-C657-45E4-9178-ACA06EA68B68}","created_user":"johnyjurisich_CVCarbon","created_date":1763674331229,"last_edited_user":"jjordan_CVCarbon","last_edited_date":1780856289203,"polling_date":1763673500000,"permission_group":"johnyjurisich_CVCarbon,JJurisich_CVCarbon","lease_number":"32024","archive":null}},{"type":"Feature","id":702,"geometry":{"type":"Point","coordinates":[-9976500.8660000004,3424222.4636000022]},"properties":{"OBJECTID":702,"substrate":"Firm/Hard Bottom","substrate_type":null,"buried_shell_depth":null,"water_depth":null,"GlobalID":"{45C086C0-B0CE-4407-8E5A-AB3A25F80E6A}","created_user":"johnyjurisich_CVCarbon","created_date":1763674331229,"last_edited_user":"jjordan_CVCarbon","last_edited_date":1780856289203,"polling_date":1763673496000,"permission_group":"johnyjurisich_CVCarbon,JJurisich_CVCarbon","lease_number":"32024","archive":null}},{"type":"Feature","id":703,"geometry":{"type":"Point","coordinates":[-9976495.2221000008,3424213.5081999972]},"properties":{"OBJECTID":703,"substrate":"Firm/Hard Bottom","substrate_type":null,"buried_shell_depth":null,"water_depth":null,"GlobalID":"{A70EA3A3-2928-4F65-A4BB-46752FD3B35D}","created_user":"johnyjurisich_CVCarbon","created_date":1763674331229,"last_edited_user":"jjordan_CVCarbon","last_edited_date":1780856289203,"polling_date":1763673493000,"permission_group":"johnyjurisich_CVCarbon,JJurisich_CVCarbon","lease_number":"32024","archive":null}},{"type":"Feature","id":704,"geometry":{"type":"Point","coordinates":[-9976489.3779000007,3424204.8210999966]},"properties":{"OBJECTID":704,"substrate":"Buried Shell","substrate_type":null,"buried_shell_depth":null,"water_depth":null,"GlobalID":"{404625DE-1133-4F7B-BE44-98CA4FDC570B}","created_user":"johnyjurisich_CVCarbon","created_date":1763674331229,"last_edited_user":"jjordan_CVCarbon","last_edited_date":1780856289203,"polling_date":1763673490000,"permission_group":"johnyjurisich_CVCarbon,JJurisich_CVCarbon","lease_number":"32024","archive":null}},{"type":"Feature","id":705,"geometry":{"type":"Point","coordinates":[-9976476.3646000009,3424183.9976999983]},"properties":{"OBJECTID":705,"substrate":"Mud","substrate_type":null,"buried_shell_depth":null,"water_depth":null,"GlobalID":"{3E5866EA-D676-4647-9FE2-A5FD0C90E502}","created_user":"johnyjurisich_CVCarbon","created_date":1763674331229,"last_edited_user":"jjordan_CVCarbon","last_edited_date":1780856289203,"polling_date":1763673483000,"permission_group":"johnyjurisich_CVCarbon,JJurisich_CVCarbon","lease_number":"32024","archive":null}},{"type":"Feature","id":706,"geometry":{"type":"Point","coordinates":[-9976461.0359000005,3424161.5647]},"properties":{"OBJECTID":706,"substrate":"Mud","substrate_type":null,"buried_shell_depth":null,"water_depth":null,"GlobalID":"{D6731F68-42FB-41E1-AEEF-39F7B7552D78}","created_user":"johnyjurisich_CVCarbon","created_date":1763674331229,"last_edited_user":"jjordan_CVCarbon","last_edited_date":1780856289203,"polling_date":1763673475000,"permission_group":"johnyjurisich_CVCarbon,JJurisich_CVCarbon","lease_number":"32024","archive":null}},{"type":"Feature","id":707,"geometry":{"type":"Point","coordinates":[-9976455.5923999995,3424152.9287]},"properties":{"OBJECTID":707,"substrate":"Mud","substrate_type":null,"buried_shell_depth":null,"water_depth":null,"GlobalID":"{FACAA572-380A-4E88-9C93-225D95578B4F}","created_user":"johnyjurisich_CVCarbon","created_date":1763674331229,"last_edited_user":"jjordan_CVCarbon","last_edited_date":1780856289203,"polling_date":1763673472000,"permission_group":"johnyjurisich_CVCarbon,JJurisich_CVCarbon","lease_number":"32024","archive":null}},{"type":"Feature","id":708,"geometry":{"type":"Point","coordinates":[-9976445.6070000008,3424138.0969000012]},"properties":{"OBJECTID":708,"substrate":"Mud","substrate_type":null,"buried_shell_depth":null,"water_depth":null,"GlobalID":"{F4A2D90A-C87C-4872-9C10-381B3CEC7E6F}","created_user":"johnyjurisich_CVCarbon","created_date":1763674331229,"last_edited_user":"jjordan_CVCarbon","last_edited_date":1780856289203,"polling_date":1763673467000,"permission_group":"johnyjurisich_CVCarbon,JJurisich_CVCarbon","lease_number":"32024","archive":null}},{"type":"Feature","id":709,"geometry":{"type":"Point","coordinates":[-9976431.2357000001,3424118.6661000028]},"properties":{"OBJECTID":709,"substrate":"Mud","substrate_type":null,"buried_shell_depth":null,"water_depth":null,"GlobalID":"{EFD5F8D7-F2AB-435D-97BC-041629EB65E7}","created_user":"johnyjurisich_CVCarbon","created_date":1763674331229,"last_edited_user":"jjordan_CVCarbon","last_edited_date":1780856289203,"polling_date":1763673460000,"permission_group":"johnyjurisich_CVCarbon,JJurisich_CVCarbon","lease_number":"32024","archive":null}},{"type":"Feature","id":710,"geometry":{"type":"Point","coordinates":[-9976421.3728,3424104.1026000008]},"properties":{"OBJECTID":710,"substrate":"Mud","substrate_type":null,"buried_shell_depth":null,"water_depth":null,"GlobalID":"{4ED81059-440B-4F53-BE82-22FBEC5CA70F}","created_user":"johnyjurisich_CVCarbon","created_date":1763674331229,"last_edited_user":"jjordan_CVCarbon","last_edited_date":1780856289203,"polling_date":1763673455000,"permission_group":"johnyjurisich_CVCarbon,JJurisich_CVCarbon","lease_number":"32024","archive":null}},{"type":"Feature","id":711,"geometry":{"type":"Point","coordinates":[-9976413.0238000005,3424092.9372000024]},"properties":{"OBJECTID":711,"substrate":"Mud","substrate_type":null,"buried_shell_depth":null,"water_depth":null,"GlobalID":"{ECCBFAB9-B0C6-4476-B6AF-DAAA5CDFE897}","created_user":"johnyjurisich_CVCarbon","created_date":1763674331229,"last_edited_user":"jjordan_CVCarbon","last_edited_date":1780856289203,"polling_date":1763673451000,"permission_group":"johnyjurisich_CVCarbon,JJurisich_CVCarbon","lease_number":"32024","archive":null}},{"type":"Feature","id":712,"geometry":{"type":"Point","coordinates":[-9976402.0032000002,3424078.6675999984]},"properties":{"OBJECTID":712,"substrate":"Mud","substrate_type":null,"buried_shell_depth":null,"water_depth":null,"GlobalID":"{27E89887-028E-4CC9-B186-0D00000C8419}","created_user":"johnyjurisich_CVCarbon","created_date":1763674331229,"last_edited_user":"jjordan_CVCarbon","last_edited_date":1780856289203,"polling_date":1763673446000,"permission_group":"johnyjurisich_CVCarbon,JJurisich_CVCarbon","lease_number":"32024","archive":null}},{"type":"Feature","id":713,"geometry":{"type":"Point","coordinates":[-9976387.3312999997,3424063.8614000008]},"properties":{"OBJECTID":713,"substrate":"Mud","substrate_type":null,"buried_shell_depth":null,"water_depth":null,"GlobalID":"{259691C5-BAC9-475F-A36C-E8950F7F55DF}","created_user":"johnyjurisich_CVCarbon","created_date":1763674331229,"last_edited_user":"jjordan_CVCarbon","last_edited_date":1780856289203,"polling_date":1763673440000,"permission_group":"johnyjurisich_CVCarbon,JJurisich_CVCarbon","lease_number":"32024","archive":null}},{"type":"Feature","id":714,"geometry":{"type":"Point","coordinates":[-9976377.8579999991,3424054.0373999998]},"properties":{"OBJECTID":714,"substrate":"Mud","substrate_type":null,"buried_shell_depth":null,"water_depth":null,"GlobalID":"{DC59B887-7FFA-47E7-ABFB-930D3E5329F8}","created_user":"johnyjurisich_CVCarbon","created_date":1763674331229,"last_edited_user":"jjordan_CVCarbon","last_edited_date":1780856289203,"polling_date":1763673436000,"permission_group":"johnyjurisich_CVCarbon,JJurisich_CVCarbon","lease_number":"32024","archive":null}},{"type":"Feature","id":715,"geometry":{"type":"Point","coordinates":[-9976367.9394000005,3424044.6605999991]},"properties":{"OBJECTID":715,"substrate":"Mud","substrate_type":null,"buried_shell_depth":null,"water_depth":null,"GlobalID":"{C11AA10E-ECEC-49A5-8B3F-B55332525901}","created_user":"johnyjurisich_CVCarbon","created_date":1763674331229,"last_edited_user":"jjordan_CVCarbon","last_edited_date":1780856289203,"polling_date":1763673432000,"permission_group":"johnyjurisich_CVCarbon,JJurisich_CVCarbon","lease_number":"32024","archive":null}},{"type":"Feature","id":716,"geometry":{"type":"Point","coordinates":[-9976363.7650000006,3424104.8562999964]},"properties":{"OBJECTID":716,"substrate":"Mud","substrate_type":null,"buried_shell_depth":null,"water_depth":null,"GlobalID":"{14565E12-84BF-4431-8C8D-EF17FB6706CA}","created_user":"johnyjurisich_CVCarbon","created_date":1763674331229,"last_edited_user":"jjordan_CVCarbon","last_edited_date":1780856289203,"polling_date":1763673390000,"permission_group":"johnyjurisich_CVCarbon,JJurisich_CVCarbon","lease_number":"32024","archive":null}},{"type":"Feature","id":717,"geometry":{"type":"Point","coordinates":[-9976375.5314000007,3424118.8576999977]},"properties":{"OBJECTID":717,"substrate":"Mud","substrate_type":null,"buried_shell_depth":null,"water_depth":null,"GlobalID":"{B3C55814-A36B-438E-BC50-D439695EC52E}","created_user":"johnyjurisich_CVCarbon","created_date":1763674331229,"last_edited_user":"jjordan_CVCarbon","last_edited_date":1780856289203,"polling_date":1763673384000,"permission_group":"johnyjurisich_CVCarbon,JJurisich_CVCarbon","lease_number":"32024","archive":null}},{"type":"Feature","id":718,"geometry":{"type":"Point","coordinates":[-9976385.5723999999,3424131.5305000022]},"properties":{"OBJECTID":718,"substrate":"Mud","substrate_type":null,"buried_shell_depth":null,"water_depth":null,"GlobalID":"{E228E88C-F37B-4ACC-9CF0-371504B622F4}","created_user":"johnyjurisich_CVCarbon","created_date":1763674331229,"last_edited_user":"jjordan_CVCarbon","last_edited_date":1780856289203,"polling_date":1763673379000,"permission_group":"johnyjurisich_CVCarbon,JJurisich_CVCarbon","lease_number":"32024","archive":null}},{"type":"Feature","id":719,"geometry":{"type":"Point","coordinates":[-9976394.6449999996,3424144.7910000011]},"properties":{"OBJECTID":719,"substrate":"Mud","substrate_type":null,"buried_shell_depth":null,"water_depth":null,"GlobalID":"{975DE835-A157-460F-AC44-754037A97488}","created_user":"johnyjurisich_CVCarbon","created_date":1763674331229,"last_edited_user":"jjordan_CVCarbon","last_edited_date":1780856289203,"polling_date":1763673374000,"permission_group":"johnyjurisich_CVCarbon,JJurisich_CVCarbon","lease_number":"32024","archive":null}},{"type":"Feature","id":720,"geometry":{"type":"Point","coordinates":[-9976412.4894999992,3424172.1423999965]},"properties":{"OBJECTID":720,"substrate":"Mud","substrate_type":null,"buried_shell_depth":null,"water_depth":null,"GlobalID":"{09E0FE46-54DC-486D-96B2-B864B2ADA0AB}","created_user":"johnyjurisich_CVCarbon","created_date":1763674331229,"last_edited_user":"jjordan_CVCarbon","last_edited_date":1780856289203,"polling_date":1763673363000,"permission_group":"johnyjurisich_CVCarbon,JJurisich_CVCarbon","lease_number":"32024","archive":null}},{"type":"Feature","id":721,"geometry":{"type":"Point","coordinates":[-9976422.0073000006,3424186.7316000015]},"properties":{"OBJECTID":721,"substrate":"Mud","substrate_type":null,"buried_shell_depth":null,"water_depth":null,"GlobalID":"{B5AD7D79-CE3D-4C4E-8547-1D16002261D1}","created_user":"johnyjurisich_CVCarbon","created_date":1763674331229,"last_edited_user":"jjordan_CVCarbon","last_edited_date":1780856289203,"polling_date":1763673357000,"permission_group":"johnyjurisich_CVCarbon,JJurisich_CVCarbon","lease_number":"32024","archive":null}},{"type":"Feature","id":722,"geometry":{"type":"Point","coordinates":[-9976435.4101999998,3424210.0973000005]},"properties":{"OBJECTID":722,"substrate":"Mud","substrate_type":null,"buried_shell_depth":null,"water_depth":null,"GlobalID":"{25C4BB59-DD0E-4DE5-B4B6-A3F800B9864F}","created_user":"johnyjurisich_CVCarbon","created_date":1763674331229,"last_edited_user":"jjordan_CVCarbon","last_edited_date":1780856289203,"polling_date":1763673348000,"permission_group":"johnyjurisich_CVCarbon,JJurisich_CVCarbon","lease_number":"32024","archive":null}},{"type":"Feature","id":723,"geometry":{"type":"Point","coordinates":[-9976441.5216000006,3424220.5217000023]},"properties":{"OBJECTID":723,"substrate":"Firm/Hard Bottom","substrate_type":null,"buried_shell_depth":null,"water_depth":null,"GlobalID":"{0EA03272-9AB8-4B5F-8EB8-8270D6D049F0}","created_user":"johnyjurisich_CVCarbon","created_date":1763674331229,"last_edited_user":"jjordan_CVCarbon","last_edited_date":1780856289203,"polling_date":1763673344000,"permission_group":"johnyjurisich_CVCarbon,JJurisich_CVCarbon","lease_number":"32024","archive":null}},{"type":"Feature","id":724,"geometry":{"type":"Point","coordinates":[-9976444.4715999998,3424225.6445999965]},"properties":{"OBJECTID":724,"substrate":"Firm/Hard Bottom","substrate_type":null,"buried_shell_depth":null,"water_depth":null,"GlobalID":"{7065CB3D-B274-40D3-984D-9FF7FCE69DD9}","created_user":"johnyjurisich_CVCarbon","created_date":1763674331229,"last_edited_user":"jjordan_CVCarbon","last_edited_date":1780856289203,"polling_date":1763673342000,"permission_group":"johnyjurisich_CVCarbon,JJurisich_CVCarbon","lease_number":"32024","archive":null}},{"type":"Feature","id":725,"geometry":{"type":"Point","coordinates":[-9976463.2511999998,3424255.6661999971]},"properties":{"OBJECTID":725,"substrate":"Solid Reef","substrate_type":null,"buried_shell_depth":null,"water_depth":null,"GlobalID":"{5C9A0067-FFDA-4490-8787-798F6BEC71C8}","created_user":"johnyjurisich_CVCarbon","created_date":1763674331229,"last_edited_user":"jjordan_CVCarbon","last_edited_date":1780856289203,"polling_date":1763673330000,"permission_group":"johnyjurisich_CVCarbon,JJurisich_CVCarbon","lease_number":"32024","archive":null}},{"type":"Feature","id":726,"geometry":{"type":"Point","coordinates":[-9976471.0991999991,3424268.6840000004]},"properties":{"OBJECTID":726,"substrate":"Solid Reef","substrate_type":null,"buried_shell_depth":null,"water_depth":null,"GlobalID":"{08CAC558-2638-4BEA-9906-FD2C638E4AC3}","created_user":"johnyjurisich_CVCarbon","created_date":1763674331229,"last_edited_user":"jjordan_CVCarbon","last_edited_date":1780856289203,"polling_date":1763673325000,"permission_group":"johnyjurisich_CVCarbon,JJurisich_CVCarbon","lease_number":"32024","archive":null}},{"type":"Feature","id":727,"geometry":{"type":"Point","coordinates":[-9976480.9620999992,3424284.5891000032]},"properties":{"OBJECTID":727,"substrate":"Solid Reef","substrate_type":null,"buried_shell_depth":null,"water_depth":null,"GlobalID":"{3377343B-639D-458B-A028-B6DEED07B9B2}","created_user":"johnyjurisich_CVCarbon","created_date":1763674331229,"last_edited_user":"jjordan_CVCarbon","last_edited_date":1780856289203,"polling_date":1763673318000,"permission_group":"johnyjurisich_CVCarbon,JJurisich_CVCarbon","lease_number":"32024","archive":null}},{"type":"Feature","id":728,"geometry":{"type":"Point","coordinates":[-9976486.7396000009,3424292.5481000021]},"properties":{"OBJECTID":728,"substrate":"Solid Reef","substrate_type":null,"buried_shell_depth":null,"water_depth":null,"GlobalID":"{50C54344-D7E9-4CC2-ABF0-0CDB81880514}","created_user":"johnyjurisich_CVCarbon","created_date":1763674331229,"last_edited_user":"jjordan_CVCarbon","last_edited_date":1780856289203,"polling_date":1763673314000,"permission_group":"johnyjurisich_CVCarbon,JJurisich_CVCarbon","lease_number":"32024","archive":null}},{"type":"Feature","id":729,"geometry":{"type":"Point","coordinates":[-9976493.1071000006,3424300.251500003]},"properties":{"OBJECTID":729,"substrate":"Scattered Shell","substrate_type":null,"buried_shell_depth":null,"water_depth":null,"GlobalID":"{6F6913C3-C5E5-4D1D-ABB3-747B51561FA9}","created_user":"johnyjurisich_CVCarbon","created_date":1763674331229,"last_edited_user":"jjordan_CVCarbon","last_edited_date":1780856289203,"polling_date":1763673310000,"permission_group":"johnyjurisich_CVCarbon,JJurisich_CVCarbon","lease_number":"32024","archive":null}},{"type":"Feature","id":730,"geometry":{"type":"Point","coordinates":[-9976493.1071000006,3424300.251500003]},"properties":{"OBJECTID":730,"substrate":"Solid Reef","substrate_type":null,"buried_shell_depth":null,"water_depth":null,"GlobalID":"{047CF85C-E7E5-40F8-AC05-751B327A4DC8}","created_user":"johnyjurisich_CVCarbon","created_date":1763674331229,"last_edited_user":"jjordan_CVCarbon","last_edited_date":1780856289203,"polling_date":1763673310000,"permission_group":"johnyjurisich_CVCarbon,JJurisich_CVCarbon","lease_number":"32024","archive":null}},{"type":"Feature","id":731,"geometry":{"type":"Point","coordinates":[-9976498.5505999997,3424305.8981999978]},"properties":{"OBJECTID":731,"substrate":"Scattered Shell","substrate_type":null,"buried_shell_depth":null,"water_depth":null,"GlobalID":"{CE8C8423-9B67-4FFD-9B79-01B18818E405}","created_user":"johnyjurisich_CVCarbon","created_date":1763674331229,"last_edited_user":"jjordan_CVCarbon","last_edited_date":1780856289203,"polling_date":1763673307000,"permission_group":"johnyjurisich_CVCarbon,JJurisich_CVCarbon","lease_number":"32024","archive":null}},{"type":"Feature","id":732,"geometry":{"type":"Point","coordinates":[-9976521.5825999994,3424326.7344999984]},"properties":{"OBJECTID":732,"substrate":"Solid Reef","substrate_type":null,"buried_shell_depth":null,"water_depth":null,"GlobalID":"{9F855F2F-D8FA-4BF5-9675-3091F1CAF4CB}","created_user":"johnyjurisich_CVCarbon","created_date":1763674331229,"last_edited_user":"jjordan_CVCarbon","last_edited_date":1780856289203,"polling_date":1763673213000,"permission_group":"johnyjurisich_CVCarbon,JJurisich_CVCarbon","lease_number":"32024","archive":null}},{"type":"Feature","id":733,"geometry":{"type":"Point","coordinates":[-9976531.1448999997,3424339.739699997]},"properties":{"OBJECTID":733,"substrate":"Solid Reef","substrate_type":null,"buried_shell_depth":null,"water_depth":null,"GlobalID":"{B8FDFA5F-1802-4F27-BC3D-9D8818CC0B99}","created_user":"johnyjurisich_CVCarbon","created_date":1763674331229,"last_edited_user":"jjordan_CVCarbon","last_edited_date":1780856289203,"polling_date":1763673208000,"permission_group":"johnyjurisich_CVCarbon,JJurisich_CVCarbon","lease_number":"32024","archive":null}},{"type":"Feature","id":734,"geometry":{"type":"Point","coordinates":[-9976538.9595999997,3424350.1643000022]},"properties":{"OBJECTID":734,"substrate":"Solid Reef","substrate_type":null,"buried_shell_depth":null,"water_depth":null,"GlobalID":"{5799BEDC-1827-43A9-892A-8A1B0A580500}","created_user":"johnyjurisich_CVCarbon","created_date":1763674331229,"last_edited_user":"jjordan_CVCarbon","last_edited_date":1780856289203,"polling_date":1763673204000,"permission_group":"johnyjurisich_CVCarbon,JJurisich_CVCarbon","lease_number":"32024","archive":null}},{"type":"Feature","id":735,"geometry":{"type":"Point","coordinates":[-9976546.4958999995,3424360.3844999969]},"properties":{"OBJECTID":735,"substrate":"Solid Reef","substrate_type":null,"buried_shell_depth":null,"water_depth":null,"GlobalID":"{45C9B3F4-7FB0-4C97-B228-2787936F475B}","created_user":"johnyjurisich_CVCarbon","created_date":1763674331229,"last_edited_user":"jjordan_CVCarbon","last_edited_date":1780856289203,"polling_date":1763673200000,"permission_group":"johnyjurisich_CVCarbon,JJurisich_CVCarbon","lease_number":"32024","archive":null}},{"type":"Feature","id":736,"geometry":{"type":"Point","coordinates":[-9976555.6908999998,3424372.6999000013]},"properties":{"OBJECTID":736,"substrate":"Solid Reef","substrate_type":null,"buried_shell_depth":null,"water_depth":null,"GlobalID":"{0DB34E0D-5137-4ADC-AE10-86DE10E5EA4C}","created_user":"johnyjurisich_CVCarbon","created_date":1763674331229,"last_edited_user":"jjordan_CVCarbon","last_edited_date":1780856289203,"polling_date":1763673195000,"permission_group":"johnyjurisich_CVCarbon,JJurisich_CVCarbon","lease_number":"32024","archive":null}},{"type":"Feature","id":737,"geometry":{"type":"Point","coordinates":[-9976563.2495000008,3424382.5240999982]},"properties":{"OBJECTID":737,"substrate":"Solid Reef","substrate_type":null,"buried_shell_depth":null,"water_depth":null,"GlobalID":"{5A2F2298-9B9D-4548-9E85-A3FA74AD4C9A}","created_user":"johnyjurisich_CVCarbon","created_date":1763674331229,"last_edited_user":"jjordan_CVCarbon","last_edited_date":1780856289203,"polling_date":1763673191000,"permission_group":"johnyjurisich_CVCarbon,JJurisich_CVCarbon","lease_number":"32024","archive":null}},{"type":"Feature","id":738,"geometry":{"type":"Point","coordinates":[-9976572.3443,3424395.3121000007]},"properties":{"OBJECTID":738,"substrate":"Scattered Shell","substrate_type":null,"buried_shell_depth":null,"water_depth":null,"GlobalID":"{22542861-7B2D-47A7-A9F3-8E57F685C832}","created_user":"johnyjurisich_CVCarbon","created_date":1763674331229,"last_edited_user":"jjordan_CVCarbon","last_edited_date":1780856289203,"polling_date":1763673186000,"permission_group":"johnyjurisich_CVCarbon,JJurisich_CVCarbon","lease_number":"32024","archive":null}},{"type":"Feature","id":739,"geometry":{"type":"Point","coordinates":[-9976581.9177999999,3424407.9852000028]},"properties":{"OBJECTID":739,"substrate":"Solid Reef","substrate_type":null,"buried_shell_depth":null,"water_depth":null,"GlobalID":"{1BAB6DF4-A82C-41BC-A9F5-209689B32C88}","created_user":"johnyjurisich_CVCarbon","created_date":1763674331229,"last_edited_user":"jjordan_CVCarbon","last_edited_date":1780856289203,"polling_date":1763673181000,"permission_group":"johnyjurisich_CVCarbon,JJurisich_CVCarbon","lease_number":"32024","archive":null}},{"type":"Feature","id":740,"geometry":{"type":"Point","coordinates":[-9976592.8381999992,3424423.4306000024]},"properties":{"OBJECTID":740,"substrate":"Solid Reef","substrate_type":null,"buried_shell_depth":null,"water_depth":null,"GlobalID":"{F3263630-2BA5-49E3-A2CE-372B4DC0607F}","created_user":"johnyjurisich_CVCarbon","created_date":1763674331229,"last_edited_user":"jjordan_CVCarbon","last_edited_date":1780856289203,"polling_date":1763673175000,"permission_group":"johnyjurisich_CVCarbon,JJurisich_CVCarbon","lease_number":"32024","archive":null}},{"type":"Feature","id":741,"geometry":{"type":"Point","coordinates":[-9976596.534,3424428.5024000034]},"properties":{"OBJECTID":741,"substrate":"Solid Reef","substrate_type":null,"buried_shell_depth":null,"water_depth":null,"GlobalID":"{A7534842-D3D9-4C4E-9B3C-D45FB850B7CF}","created_user":"johnyjurisich_CVCarbon","created_date":1763674331229,"last_edited_user":"jjordan_CVCarbon","last_edited_date":1780856289203,"polling_date":1763673173000,"permission_group":"johnyjurisich_CVCarbon,JJurisich_CVCarbon","lease_number":"32024","archive":null}},{"type":"Feature","id":742,"geometry":{"type":"Point","coordinates":[-9976611.2504999992,3424449.0068000033]},"properties":{"OBJECTID":742,"substrate":"Solid Reef","substrate_type":null,"buried_shell_depth":null,"water_depth":null,"GlobalID":"{93ECB6D7-6A33-4658-B4BE-76B5B28EF9DA}","created_user":"johnyjurisich_CVCarbon","created_date":1763674331229,"last_edited_user":"jjordan_CVCarbon","last_edited_date":1780856289203,"polling_date":1763673165000,"permission_group":"johnyjurisich_CVCarbon,JJurisich_CVCarbon","lease_number":"32024","archive":null}},{"type":"Feature","id":743,"geometry":{"type":"Point","coordinates":[-9976616.9388999995,3424456.7487000003]},"properties":{"OBJECTID":743,"substrate":"Solid Reef","substrate_type":null,"buried_shell_depth":null,"water_depth":null,"GlobalID":"{F54CDE53-585E-4F0F-851A-96FCF7661D81}","created_user":"johnyjurisich_CVCarbon","created_date":1763674331229,"last_edited_user":"jjordan_CVCarbon","last_edited_date":1780856289203,"polling_date":1763673162000,"permission_group":"johnyjurisich_CVCarbon,JJurisich_CVCarbon","lease_number":"32024","archive":null}},{"type":"Feature","id":744,"geometry":{"type":"Point","coordinates":[-9976626.5458000004,3424469.8306000009]},"properties":{"OBJECTID":744,"substrate":"Scattered Shell","substrate_type":null,"buried_shell_depth":null,"water_depth":null,"GlobalID":"{4FBDFC80-C33D-4015-B145-D753EEA54A4B}","created_user":"johnyjurisich_CVCarbon","created_date":1763674331229,"last_edited_user":"jjordan_CVCarbon","last_edited_date":1780856289203,"polling_date":1763673157000,"permission_group":"johnyjurisich_CVCarbon,JJurisich_CVCarbon","lease_number":"32024","archive":null}},{"type":"Feature","id":745,"geometry":{"type":"Point","coordinates":[-9976636.0413000006,3424482.6187999994]},"properties":{"OBJECTID":745,"substrate":"Scattered Shell","substrate_type":null,"buried_shell_depth":null,"water_depth":null,"GlobalID":"{0EEE96FF-C03B-4AF4-AD74-5DEB0BE1F992}","created_user":"johnyjurisich_CVCarbon","created_date":1763674355790,"last_edited_user":"jjordan_CVCarbon","last_edited_date":1780856289203,"polling_date":1763673152000,"permission_group":"johnyjurisich_CVCarbon,JJurisich_CVCarbon","lease_number":"32024","archive":null}},{"type":"Feature","id":746,"geometry":{"type":"Point","coordinates":[-9976643.4662999995,3424492.4941999987]},"properties":{"OBJECTID":746,"substrate":"Mud","substrate_type":null,"buried_shell_depth":null,"water_depth":null,"GlobalID":"{F62B927C-E267-42AA-AE0D-CE7EDAD08A64}","created_user":"johnyjurisich_CVCarbon","created_date":1763674355790,"last_edited_user":"jjordan_CVCarbon","last_edited_date":1780856289203,"polling_date":1763673148000,"permission_group":"johnyjurisich_CVCarbon,JJurisich_CVCarbon","lease_number":"32024","archive":null}},{"type":"Feature","id":747,"geometry":{"type":"Point","coordinates":[-9976655.2550000008,3424507.7863000035]},"properties":{"OBJECTID":747,"substrate":"Mud","substrate_type":null,"buried_shell_depth":null,"water_depth":null,"GlobalID":"{1A2D2B39-3A8B-4D73-A02A-6CAE8A1CD552}","created_user":"johnyjurisich_CVCarbon","created_date":1763674355790,"last_edited_user":"jjordan_CVCarbon","last_edited_date":1780856289203,"polling_date":1763673142000,"permission_group":"johnyjurisich_CVCarbon,JJurisich_CVCarbon","lease_number":"32024","archive":null}},{"type":"Feature","id":748,"geometry":{"type":"Point","coordinates":[-9976663.0584999993,3424517.6106000021]},"properties":{"OBJECTID":748,"substrate":"Scattered Shell","substrate_type":null,"buried_shell_depth":null,"water_depth":null,"GlobalID":"{8F16A766-4D95-4350-BE30-A64CE521CECC}","created_user":"johnyjurisich_CVCarbon","created_date":1763674355790,"last_edited_user":"jjordan_CVCarbon","last_edited_date":1780856289203,"polling_date":1763673138000,"permission_group":"johnyjurisich_CVCarbon,JJurisich_CVCarbon","lease_number":"32024","archive":null}},{"type":"Feature","id":749,"geometry":{"type":"Point","coordinates":[-9976670.4946999997,3424528.4825000018]},"properties":{"OBJECTID":749,"substrate":"Scattered Shell","substrate_type":null,"buried_shell_depth":null,"water_depth":null,"GlobalID":"{1BF21B8E-4B4F-4917-8F67-948D715BBF45}","created_user":"johnyjurisich_CVCarbon","created_date":1763674355790,"last_edited_user":"jjordan_CVCarbon","last_edited_date":1780856289203,"polling_date":1763673134000,"permission_group":"johnyjurisich_CVCarbon,JJurisich_CVCarbon","lease_number":"32024","archive":null}},{"type":"Feature","id":750,"geometry":{"type":"Point","coordinates":[-9976684.0978999995,3424545.8954000026]},"properties":{"OBJECTID":750,"substrate":"Solid Reef","substrate_type":null,"buried_shell_depth":null,"water_depth":null,"GlobalID":"{B4832601-5D0C-4C78-8783-221FEE68AC57}","created_user":"johnyjurisich_CVCarbon","created_date":1763674355790,"last_edited_user":"jjordan_CVCarbon","last_edited_date":1780856289203,"polling_date":1763673127000,"permission_group":"johnyjurisich_CVCarbon,JJurisich_CVCarbon","lease_number":"32024","archive":null}},{"type":"Feature","id":751,"geometry":{"type":"Point","coordinates":[-9976691.7901000008,3424556.2052000016]},"properties":{"OBJECTID":751,"substrate":"Solid Reef","substrate_type":null,"buried_shell_depth":null,"water_depth":null,"GlobalID":"{4CAAE2FB-9D63-4607-A1E3-3A588923AF0C}","created_user":"johnyjurisich_CVCarbon","created_date":1763674355790,"last_edited_user":"jjordan_CVCarbon","last_edited_date":1780856289203,"polling_date":1763673123000,"permission_group":"johnyjurisich_CVCarbon,JJurisich_CVCarbon","lease_number":"32024","archive":null}},{"type":"Feature","id":752,"geometry":{"type":"Point","coordinates":[-9976701.6195999999,3424568.5463000014]},"properties":{"OBJECTID":752,"substrate":"Solid Reef","substrate_type":null,"buried_shell_depth":null,"water_depth":null,"GlobalID":"{C9F7D07E-56F6-40D5-B254-AF47A3F3C16A}","created_user":"johnyjurisich_CVCarbon","created_date":1763674355790,"last_edited_user":"jjordan_CVCarbon","last_edited_date":1780856289203,"polling_date":1763673118000,"permission_group":"johnyjurisich_CVCarbon,JJurisich_CVCarbon","lease_number":"32024","archive":null}},{"type":"Feature","id":753,"geometry":{"type":"Point","coordinates":[-9976711.182,3424580.8491000012]},"properties":{"OBJECTID":753,"substrate":"Solid Reef","substrate_type":null,"buried_shell_depth":null,"water_depth":null,"GlobalID":"{2C3CA62C-D655-49F5-851C-DC989A732DB0}","created_user":"johnyjurisich_CVCarbon","created_date":1763674355790,"last_edited_user":"jjordan_CVCarbon","last_edited_date":1780856289203,"polling_date":1763673113000,"permission_group":"johnyjurisich_CVCarbon,JJurisich_CVCarbon","lease_number":"32024","archive":null}},{"type":"Feature","id":754,"geometry":{"type":"Point","coordinates":[-9976718.9298,3424590.8523000032]},"properties":{"OBJECTID":754,"substrate":"Solid Reef","substrate_type":null,"buried_shell_depth":null,"water_depth":null,"GlobalID":"{4076DDC1-1712-467E-A224-7D0D7CEC6ED1}","created_user":"johnyjurisich_CVCarbon","created_date":1763674355790,"last_edited_user":"jjordan_CVCarbon","last_edited_date":1780856289203,"polling_date":1763673109000,"permission_group":"johnyjurisich_CVCarbon,JJurisich_CVCarbon","lease_number":"32024","archive":null}},{"type":"Feature","id":755,"geometry":{"type":"Point","coordinates":[-9976730.3511999995,3424605.0714000016]},"properties":{"OBJECTID":755,"substrate":"Solid Reef","substrate_type":null,"buried_shell_depth":null,"water_depth":null,"GlobalID":"{EA404213-340E-4C8B-84D3-5F1B94820DEA}","created_user":"johnyjurisich_CVCarbon","created_date":1763674355790,"last_edited_user":"jjordan_CVCarbon","last_edited_date":1780856289203,"polling_date":1763673103000,"permission_group":"johnyjurisich_CVCarbon,JJurisich_CVCarbon","lease_number":"32024","archive":null}},{"type":"Feature","id":756,"geometry":{"type":"Point","coordinates":[-9976738.4886000007,3424614.7934999987]},"properties":{"OBJECTID":756,"substrate":"Solid Reef","substrate_type":null,"buried_shell_depth":null,"water_depth":null,"GlobalID":"{883E8127-9639-491C-A348-89231DFB4C2E}","created_user":"johnyjurisich_CVCarbon","created_date":1763674355790,"last_edited_user":"jjordan_CVCarbon","last_edited_date":1780856289203,"polling_date":1763673099000,"permission_group":"johnyjurisich_CVCarbon,JJurisich_CVCarbon","lease_number":"32024","archive":null}},{"type":"Feature","id":757,"geometry":{"type":"Point","coordinates":[-9976748.6075999998,3424627.4795999974]},"properties":{"OBJECTID":757,"substrate":"Solid Reef","substrate_type":null,"buried_shell_depth":null,"water_depth":null,"GlobalID":"{8C1A449C-2F9F-412C-B55F-20EA4B307842}","created_user":"johnyjurisich_CVCarbon","created_date":1763674355790,"last_edited_user":"jjordan_CVCarbon","last_edited_date":1780856289203,"polling_date":1763673094000,"permission_group":"johnyjurisich_CVCarbon,JJurisich_CVCarbon","lease_number":"32024","archive":null}},{"type":"Feature","id":758,"geometry":{"type":"Point","coordinates":[-9976758.2367000002,3424639.8975000009]},"properties":{"OBJECTID":758,"substrate":"Solid Reef","substrate_type":null,"buried_shell_depth":null,"water_depth":null,"GlobalID":"{87F91A61-FE27-4DAD-A21C-663641920225}","created_user":"johnyjurisich_CVCarbon","created_date":1763674355790,"last_edited_user":"jjordan_CVCarbon","last_edited_date":1780856289203,"polling_date":1763673089000,"permission_group":"johnyjurisich_CVCarbon,JJurisich_CVCarbon","lease_number":"32024","archive":null}},{"type":"Feature","id":759,"geometry":{"type":"Point","coordinates":[-9976766.3964000009,3424650.0284999982]},"properties":{"OBJECTID":759,"substrate":"Solid Reef","substrate_type":null,"buried_shell_depth":null,"water_depth":null,"GlobalID":"{38C18D2F-3450-4A1A-8AED-C45011821F4F}","created_user":"johnyjurisich_CVCarbon","created_date":1763674355790,"last_edited_user":"jjordan_CVCarbon","last_edited_date":1780856289203,"polling_date":1763673085000,"permission_group":"johnyjurisich_CVCarbon,JJurisich_CVCarbon","lease_number":"32024","archive":null}},{"type":"Feature","id":760,"geometry":{"type":"Point","coordinates":[-9976774.7119999994,3424659.9550999999]},"properties":{"OBJECTID":760,"substrate":"Solid Reef","substrate_type":null,"buried_shell_depth":null,"water_depth":null,"GlobalID":"{D45C57B3-1AE7-4596-BBE3-7B0B5D07B121}","created_user":"johnyjurisich_CVCarbon","created_date":1763674355790,"last_edited_user":"jjordan_CVCarbon","last_edited_date":1780856289203,"polling_date":1763673081000,"permission_group":"johnyjurisich_CVCarbon,JJurisich_CVCarbon","lease_number":"32024","archive":null}},{"type":"Feature","id":761,"geometry":{"type":"Point","coordinates":[-9976782.8271999992,3424669.9200000018]},"properties":{"OBJECTID":761,"substrate":"Solid Reef","substrate_type":null,"buried_shell_depth":null,"water_depth":null,"GlobalID":"{49BCD1C7-0F79-48B9-A42E-61A194363206}","created_user":"johnyjurisich_CVCarbon","created_date":1763674355790,"last_edited_user":"jjordan_CVCarbon","last_edited_date":1780856289203,"polling_date":1763673077000,"permission_group":"johnyjurisich_CVCarbon,JJurisich_CVCarbon","lease_number":"32024","archive":null}},{"type":"Feature","id":762,"geometry":{"type":"Point","coordinates":[-9976794.8051999994,3424684.5863000005]},"properties":{"OBJECTID":762,"substrate":"Solid Reef","substrate_type":null,"buried_shell_depth":null,"water_depth":null,"GlobalID":"{A8F7E533-9865-420C-A137-8F5EE39A8D86}","created_user":"johnyjurisich_CVCarbon","created_date":1763674355790,"last_edited_user":"jjordan_CVCarbon","last_edited_date":1780856289203,"polling_date":1763673071000,"permission_group":"johnyjurisich_CVCarbon,JJurisich_CVCarbon","lease_number":"32024","archive":null}},{"type":"Feature","id":763,"geometry":{"type":"Point","coordinates":[-9976805.8703000005,3424699.5976999998]},"properties":{"OBJECTID":763,"substrate":"Solid Reef","substrate_type":null,"buried_shell_depth":null,"water_depth":null,"GlobalID":"{5AB15511-895E-4706-B078-5525F21362F0}","created_user":"johnyjurisich_CVCarbon","created_date":1763674355790,"last_edited_user":"jjordan_CVCarbon","last_edited_date":1780856289203,"polling_date":1763673065000,"permission_group":"johnyjurisich_CVCarbon,JJurisich_CVCarbon","lease_number":"32024","archive":null}},{"type":"Feature","id":764,"geometry":{"type":"Point","coordinates":[-9976812.9167999998,3424710.6357999966]},"properties":{"OBJECTID":764,"substrate":"Solid Reef","substrate_type":null,"buried_shell_depth":null,"water_depth":null,"GlobalID":"{9EE122E0-95F1-4364-A18E-56E7E039E2CC}","created_user":"johnyjurisich_CVCarbon","created_date":1763674355790,"last_edited_user":"jjordan_CVCarbon","last_edited_date":1780856289203,"polling_date":1763673061000,"permission_group":"johnyjurisich_CVCarbon,JJurisich_CVCarbon","lease_number":"32024","archive":null}},{"type":"Feature","id":765,"geometry":{"type":"Point","coordinates":[-9976821.0654000007,3424723.6541000009]},"properties":{"OBJECTID":765,"substrate":"Solid Reef","substrate_type":null,"buried_shell_depth":null,"water_depth":null,"GlobalID":"{E4DA6964-B365-406E-AC34-A7F9A4249146}","created_user":"johnyjurisich_CVCarbon","created_date":1763674355790,"last_edited_user":"jjordan_CVCarbon","last_edited_date":1780856289203,"polling_date":1763673056000,"permission_group":"johnyjurisich_CVCarbon,JJurisich_CVCarbon","lease_number":"32024","archive":null}},{"type":"Feature","id":766,"geometry":{"type":"Point","coordinates":[-9976828.6351999994,3424737.0812999979]},"properties":{"OBJECTID":766,"substrate":"Solid Reef","substrate_type":null,"buried_shell_depth":null,"water_depth":null,"GlobalID":"{574D0736-FFE4-44AA-9B8B-5649B97F0380}","created_user":"johnyjurisich_CVCarbon","created_date":1763674355790,"last_edited_user":"jjordan_CVCarbon","last_edited_date":1780856289203,"polling_date":1763673051000,"permission_group":"johnyjurisich_CVCarbon,JJurisich_CVCarbon","lease_number":"32024","archive":null}},{"type":"Feature","id":767,"geometry":{"type":"Point","coordinates":[-9976832.4868000001,3424745.2449000031]},"properties":{"OBJECTID":767,"substrate":"Solid Reef","substrate_type":null,"buried_shell_depth":null,"water_depth":null,"GlobalID":"{44D15374-94FE-4585-9803-F9BDBDE26B3A}","created_user":"johnyjurisich_CVCarbon","created_date":1763674355790,"last_edited_user":"jjordan_CVCarbon","last_edited_date":1780856289203,"polling_date":1763673048000,"permission_group":"johnyjurisich_CVCarbon,JJurisich_CVCarbon","lease_number":"32024","archive":null}},{"type":"Feature","id":768,"geometry":{"type":"Point","coordinates":[-9976836.7502999995,3424757.3307000026]},"properties":{"OBJECTID":768,"substrate":"Scattered Shell","substrate_type":null,"buried_shell_depth":null,"water_depth":null,"GlobalID":"{933DC7C6-0383-4113-BC14-9E9929EAAD44}","created_user":"johnyjurisich_CVCarbon","created_date":1763674355790,"last_edited_user":"jjordan_CVCarbon","last_edited_date":1780856289203,"polling_date":1763673044000,"permission_group":"johnyjurisich_CVCarbon,JJurisich_CVCarbon","lease_number":"32024","archive":null}},{"type":"Feature","id":769,"geometry":{"type":"Point","coordinates":[-9976839.9785999991,3424766.3759000003]},"properties":{"OBJECTID":769,"substrate":"Buried Shell","substrate_type":null,"buried_shell_depth":null,"water_depth":null,"GlobalID":"{85721B8A-1D57-4494-8F12-D5B032DD7937}","created_user":"johnyjurisich_CVCarbon","created_date":1763674355790,"last_edited_user":"jjordan_CVCarbon","last_edited_date":1780856289203,"polling_date":1763673041000,"permission_group":"johnyjurisich_CVCarbon,JJurisich_CVCarbon","lease_number":"32024","archive":null}},{"type":"Feature","id":770,"geometry":{"type":"Point","coordinates":[-9976850.3535999991,3424796.5009000003]},"properties":{"OBJECTID":770,"substrate":"Mud","substrate_type":null,"buried_shell_depth":null,"water_depth":null,"GlobalID":"{B2C7BD28-32FD-42B5-8C54-3B6FFE406231}","created_user":"johnyjurisich_CVCarbon","created_date":1763674355790,"last_edited_user":"jjordan_CVCarbon","last_edited_date":1780856289203,"polling_date":1763673031000,"permission_group":"johnyjurisich_CVCarbon,JJurisich_CVCarbon","lease_number":"32024","archive":null}},{"type":"Feature","id":771,"geometry":{"type":"Point","coordinates":[-9976853.9492000006,3424804.8690000027]},"properties":{"OBJECTID":771,"substrate":"Mud","substrate_type":null,"buried_shell_depth":null,"water_depth":null,"GlobalID":"{5D981AE3-DB5D-4449-BA31-F951C0B7EB63}","created_user":"johnyjurisich_CVCarbon","created_date":1763674355790,"last_edited_user":"jjordan_CVCarbon","last_edited_date":1780856289203,"polling_date":1763673028000,"permission_group":"johnyjurisich_CVCarbon,JJurisich_CVCarbon","lease_number":"32024","archive":null}},{"type":"Feature","id":772,"geometry":{"type":"Point","coordinates":[-9976859.0810000002,3424816.3927000016]},"properties":{"OBJECTID":772,"substrate":"Mud","substrate_type":null,"buried_shell_depth":null,"water_depth":null,"GlobalID":"{28210415-DB77-4DFB-ACC2-5A3349F1EB82}","created_user":"johnyjurisich_CVCarbon","created_date":1763674355790,"last_edited_user":"jjordan_CVCarbon","last_edited_date":1780856289203,"polling_date":1763673024000,"permission_group":"johnyjurisich_CVCarbon,JJurisich_CVCarbon","lease_number":"32024","archive":null}},{"type":"Feature","id":773,"geometry":{"type":"Point","coordinates":[-9976867.2408000007,3424829.066200003]},"properties":{"OBJECTID":773,"substrate":"Mud","substrate_type":null,"buried_shell_depth":null,"water_depth":null,"GlobalID":"{FA53B2E4-9D79-4FF2-9FD8-81F85233ECD2}","created_user":"johnyjurisich_CVCarbon","created_date":1763674355790,"last_edited_user":"jjordan_CVCarbon","last_edited_date":1780856289203,"polling_date":1763673019000,"permission_group":"johnyjurisich_CVCarbon,JJurisich_CVCarbon","lease_number":"32024","archive":null}},{"type":"Feature","id":774,"geometry":{"type":"Point","coordinates":[-9976876.0015999991,3424837.4469999969]},"properties":{"OBJECTID":774,"substrate":"Mud","substrate_type":null,"buried_shell_depth":null,"water_depth":null,"GlobalID":"{0D53B82F-1068-4B18-85CD-3BA4B79E16A2}","created_user":"johnyjurisich_CVCarbon","created_date":1763674355790,"last_edited_user":"jjordan_CVCarbon","last_edited_date":1780856289203,"polling_date":1763673015000,"permission_group":"johnyjurisich_CVCarbon,JJurisich_CVCarbon","lease_number":"32024","archive":null}},{"type":"Feature","id":775,"geometry":{"type":"Point","coordinates":[-9976883.0925999992,3424841.637500003]},"properties":{"OBJECTID":775,"substrate":"Mud","substrate_type":null,"buried_shell_depth":null,"water_depth":null,"GlobalID":"{C2738CE3-0985-4282-97DC-E0F1690F6FCF}","created_user":"johnyjurisich_CVCarbon","created_date":1763674355790,"last_edited_user":"jjordan_CVCarbon","last_edited_date":1780856289203,"polling_date":1763673012000,"permission_group":"johnyjurisich_CVCarbon,JJurisich_CVCarbon","lease_number":"32024","archive":null}},{"type":"Feature","id":776,"geometry":{"type":"Point","coordinates":[-9976913.4160999991,3424854.5665000007]},"properties":{"OBJECTID":776,"substrate":"Mud","substrate_type":null,"buried_shell_depth":null,"water_depth":null,"GlobalID":"{F8FCDC75-F9CF-4037-BBFA-F3454FC76F81}","created_user":"johnyjurisich_CVCarbon","created_date":1763674355790,"last_edited_user":"jjordan_CVCarbon","last_edited_date":1780856289203,"polling_date":1763672998000,"permission_group":"johnyjurisich_CVCarbon,JJurisich_CVCarbon","lease_number":"32024","archive":null}},{"type":"Feature","id":777,"geometry":{"type":"Point","coordinates":[-9976913.5719000008,3424863.3435000032]},"properties":{"OBJECTID":777,"substrate":"Mud","substrate_type":null,"buried_shell_depth":null,"water_depth":null,"GlobalID":"{DA669CF9-937B-4E3C-8B05-42B1BEA1BC9F}","created_user":"johnyjurisich_CVCarbon","created_date":1763674355790,"last_edited_user":"jjordan_CVCarbon","last_edited_date":1780856289203,"polling_date":1763672994000,"permission_group":"johnyjurisich_CVCarbon,JJurisich_CVCarbon","lease_number":"32024","archive":null}},{"type":"Feature","id":778,"geometry":{"type":"Point","coordinates":[-9976902.3842999991,3424875.0971999988]},"properties":{"OBJECTID":778,"substrate":"Mud","substrate_type":null,"buried_shell_depth":null,"water_depth":null,"GlobalID":"{8D3F8AA6-1D3C-4D4F-BAD6-FAD4AD75A813}","created_user":"johnyjurisich_CVCarbon","created_date":1763674355790,"last_edited_user":"jjordan_CVCarbon","last_edited_date":1780856289203,"polling_date":1763672987000,"permission_group":"johnyjurisich_CVCarbon,JJurisich_CVCarbon","lease_number":"32024","archive":null}},{"type":"Feature","id":779,"geometry":{"type":"Point","coordinates":[-9976887.1335000005,3424873.8068000004]},"properties":{"OBJECTID":779,"substrate":"Mud","substrate_type":null,"buried_shell_depth":null,"water_depth":null,"GlobalID":"{E09A72D6-78D3-4F38-946C-90681ADD1C02}","created_user":"johnyjurisich_CVCarbon","created_date":1763674355790,"last_edited_user":"jjordan_CVCarbon","last_edited_date":1780856289203,"polling_date":1763672981000,"permission_group":"johnyjurisich_CVCarbon,JJurisich_CVCarbon","lease_number":"32024","archive":null}},{"type":"Feature","id":780,"geometry":{"type":"Point","coordinates":[-9976877.6491,3424864.3400000036]},"properties":{"OBJECTID":780,"substrate":"Mud","substrate_type":null,"buried_shell_depth":null,"water_depth":null,"GlobalID":"{08F7F8B8-3055-4A89-B1B9-56F7D4A55F06}","created_user":"johnyjurisich_CVCarbon","created_date":1763674355790,"last_edited_user":"jjordan_CVCarbon","last_edited_date":1780856289203,"polling_date":1763672977000,"permission_group":"johnyjurisich_CVCarbon,JJurisich_CVCarbon","lease_number":"32024","archive":null}},{"type":"Feature","id":781,"geometry":{"type":"Point","coordinates":[-9976864.8585000001,3424847.0033000037]},"properties":{"OBJECTID":781,"substrate":"Mud","substrate_type":null,"buried_shell_depth":null,"water_depth":null,"GlobalID":"{792F989B-1981-427D-971E-8FA2AC206B0D}","created_user":"johnyjurisich_CVCarbon","created_date":1763674355790,"last_edited_user":"jjordan_CVCarbon","last_edited_date":1780856289203,"polling_date":1763672971000,"permission_group":"johnyjurisich_CVCarbon,JJurisich_CVCarbon","lease_number":"32024","archive":null}},{"type":"Feature","id":782,"geometry":{"type":"Point","coordinates":[-9976856.3092,3424835.1730000004]},"properties":{"OBJECTID":782,"substrate":"Mud","substrate_type":null,"buried_shell_depth":null,"water_depth":null,"GlobalID":"{3F7986F7-A192-4CB3-AB3C-0703FCEDCB9F}","created_user":"johnyjurisich_CVCarbon","created_date":1763674355790,"last_edited_user":"jjordan_CVCarbon","last_edited_date":1780856289203,"polling_date":1763672967000,"permission_group":"johnyjurisich_CVCarbon,JJurisich_CVCarbon","lease_number":"32024","archive":null}},{"type":"Feature","id":783,"geometry":{"type":"Point","coordinates":[-9976847.4147999994,3424823.5086999983]},"properties":{"OBJECTID":783,"substrate":"Mud","substrate_type":null,"buried_shell_depth":null,"water_depth":null,"GlobalID":"{517E162A-4AA6-4D0B-B275-5FA0C932CE07}","created_user":"johnyjurisich_CVCarbon","created_date":1763674355790,"last_edited_user":"jjordan_CVCarbon","last_edited_date":1780856289203,"polling_date":1763672963000,"permission_group":"johnyjurisich_CVCarbon,JJurisich_CVCarbon","lease_number":"32024","archive":null}},{"type":"Feature","id":784,"geometry":{"type":"Point","coordinates":[-9976838.9432999995,3424811.2312999964]},"properties":{"OBJECTID":784,"substrate":"Mud","substrate_type":null,"buried_shell_depth":null,"water_depth":null,"GlobalID":"{39ECD18F-F2B9-469E-A7E6-9FA68F568FD6}","created_user":"johnyjurisich_CVCarbon","created_date":1763674355790,"last_edited_user":"jjordan_CVCarbon","last_edited_date":1780856289203,"polling_date":1763672959000,"permission_group":"johnyjurisich_CVCarbon,JJurisich_CVCarbon","lease_number":"32024","archive":null}},{"type":"Feature","id":785,"geometry":{"type":"Point","coordinates":[-9976830.4831000008,3424799.6564999968]},"properties":{"OBJECTID":785,"substrate":"Scattered Shell","substrate_type":null,"buried_shell_depth":null,"water_depth":null,"GlobalID":"{250F947A-AC4C-4A57-831B-5A33DBC8EE3B}","created_user":"johnyjurisich_CVCarbon","created_date":1763674355790,"last_edited_user":"jjordan_CVCarbon","last_edited_date":1780856289203,"polling_date":1763672955000,"permission_group":"johnyjurisich_CVCarbon,JJurisich_CVCarbon","lease_number":"32024","archive":null}},{"type":"Feature","id":786,"geometry":{"type":"Point","coordinates":[-9976819.4846999999,3424785.501000002]},"properties":{"OBJECTID":786,"substrate":"Mud","substrate_type":null,"buried_shell_depth":null,"water_depth":null,"GlobalID":"{7E9F7CFC-DDB8-4B5B-8CDD-2EB057EF75D6}","created_user":"johnyjurisich_CVCarbon","created_date":1763674355790,"last_edited_user":"jjordan_CVCarbon","last_edited_date":1780856289203,"polling_date":1763672950000,"permission_group":"johnyjurisich_CVCarbon,JJurisich_CVCarbon","lease_number":"32024","archive":null}},{"type":"Feature","id":787,"geometry":{"type":"Point","coordinates":[-9976815.1209999993,3424779.6625000015]},"properties":{"OBJECTID":787,"substrate":"Mud","substrate_type":null,"buried_shell_depth":null,"water_depth":null,"GlobalID":"{703C0CA0-6D11-4C4B-A2AA-41A3DD914D74}","created_user":"johnyjurisich_CVCarbon","created_date":1763674355790,"last_edited_user":"jjordan_CVCarbon","last_edited_date":1780856289203,"polling_date":1763672948000,"permission_group":"johnyjurisich_CVCarbon,JJurisich_CVCarbon","lease_number":"32024","archive":null}},{"type":"Feature","id":788,"geometry":{"type":"Point","coordinates":[-9976804.3674999997,3424764.6894999966]},"properties":{"OBJECTID":788,"substrate":"Scattered Shell","substrate_type":null,"buried_shell_depth":null,"water_depth":null,"GlobalID":"{589FEE66-D97A-4F76-88D3-011341CBDB21}","created_user":"johnyjurisich_CVCarbon","created_date":1763674355790,"last_edited_user":"jjordan_CVCarbon","last_edited_date":1780856289203,"polling_date":1763672943000,"permission_group":"johnyjurisich_CVCarbon,JJurisich_CVCarbon","lease_number":"32024","archive":null}},{"type":"Feature","id":789,"geometry":{"type":"Point","coordinates":[-9976795.8292999994,3424753.3575000018]},"properties":{"OBJECTID":789,"substrate":"Scattered Shell","substrate_type":null,"buried_shell_depth":null,"water_depth":null,"GlobalID":"{DDD8E884-A2A1-4F58-A52E-BC34A6904964}","created_user":"johnyjurisich_CVCarbon","created_date":1763674355790,"last_edited_user":"jjordan_CVCarbon","last_edited_date":1780856289203,"polling_date":1763672939000,"permission_group":"johnyjurisich_CVCarbon,JJurisich_CVCarbon","lease_number":"32024","archive":null}},{"type":"Feature","id":790,"geometry":{"type":"Point","coordinates":[-9976789.4729999993,3424744.7211000025]},"properties":{"OBJECTID":790,"substrate":"Scattered Shell","substrate_type":null,"buried_shell_depth":null,"water_depth":null,"GlobalID":"{428579B0-EA56-4F1A-8FB5-DFB5E2117563}","created_user":"johnyjurisich_CVCarbon","created_date":1763674355790,"last_edited_user":"jjordan_CVCarbon","last_edited_date":1780856289203,"polling_date":1763672936000,"permission_group":"johnyjurisich_CVCarbon,JJurisich_CVCarbon","lease_number":"32024","archive":null}},{"type":"Feature","id":791,"geometry":{"type":"Point","coordinates":[-9976776.4931000005,3424727.9211999997]},"properties":{"OBJECTID":791,"substrate":"Solid Reef","substrate_type":null,"buried_shell_depth":null,"water_depth":null,"GlobalID":"{0215796A-334F-484D-A93E-BB718C9F7EE9}","created_user":"johnyjurisich_CVCarbon","created_date":1763674355790,"last_edited_user":"jjordan_CVCarbon","last_edited_date":1780856289203,"polling_date":1763672930000,"permission_group":"johnyjurisich_CVCarbon,JJurisich_CVCarbon","lease_number":"32024","archive":null}},{"type":"Feature","id":792,"geometry":{"type":"Point","coordinates":[-9976768.0550999995,3424715.9760000035]},"properties":{"OBJECTID":792,"substrate":"Solid Reef","substrate_type":null,"buried_shell_depth":null,"water_depth":null,"GlobalID":"{416FB708-3AC1-42B5-8D14-A646DB2F6FC5}","created_user":"johnyjurisich_CVCarbon","created_date":1763674355790,"last_edited_user":"jjordan_CVCarbon","last_edited_date":1780856289203,"polling_date":1763672926000,"permission_group":"johnyjurisich_CVCarbon,JJurisich_CVCarbon","lease_number":"32024","archive":null}},{"type":"Feature","id":793,"geometry":{"type":"Point","coordinates":[-9976759.2497000005,3424703.941399999]},"properties":{"OBJECTID":793,"substrate":"Solid Reef","substrate_type":null,"buried_shell_depth":null,"water_depth":null,"GlobalID":"{F64B8826-5DEC-4855-AC7D-D2184C65CACE}","created_user":"johnyjurisich_CVCarbon","created_date":1763674355790,"last_edited_user":"jjordan_CVCarbon","last_edited_date":1780856289203,"polling_date":1763672922000,"permission_group":"johnyjurisich_CVCarbon,JJurisich_CVCarbon","lease_number":"32024","archive":null}},{"type":"Feature","id":794,"geometry":{"type":"Point","coordinates":[-9976746.6706000008,3424686.2088000029]},"properties":{"OBJECTID":794,"substrate":"Solid Reef","substrate_type":null,"buried_shell_depth":null,"water_depth":null,"GlobalID":"{3C90B9C7-0980-4B7C-80D8-1FA3DFA5D57F}","created_user":"johnyjurisich_CVCarbon","created_date":1763674355790,"last_edited_user":"jjordan_CVCarbon","last_edited_date":1780856289203,"polling_date":1763672916000,"permission_group":"johnyjurisich_CVCarbon,JJurisich_CVCarbon","lease_number":"32024","archive":null}},{"type":"Feature","id":795,"geometry":{"type":"Point","coordinates":[-9976740.3587999996,3424677.7003000006]},"properties":{"OBJECTID":795,"substrate":"Solid Reef","substrate_type":null,"buried_shell_depth":null,"water_depth":null,"GlobalID":"{0DE936ED-A936-4C13-BF49-55091E6375E1}","created_user":"johnyjurisich_CVCarbon","created_date":1763674355790,"last_edited_user":"jjordan_CVCarbon","last_edited_date":1780856289203,"polling_date":1763672913000,"permission_group":"johnyjurisich_CVCarbon,JJurisich_CVCarbon","lease_number":"32024","archive":null}},{"type":"Feature","id":796,"geometry":{"type":"Point","coordinates":[-9976731.5534000006,3424666.3812000006]},"properties":{"OBJECTID":796,"substrate":"Solid Reef","substrate_type":null,"buried_shell_depth":null,"water_depth":null,"GlobalID":"{8DF5163E-DEA5-4DF7-8394-5BD0D041F76F}","created_user":"johnyjurisich_CVCarbon","created_date":1763674355790,"last_edited_user":"jjordan_CVCarbon","last_edited_date":1780856289203,"polling_date":1763672909000,"permission_group":"johnyjurisich_CVCarbon,JJurisich_CVCarbon","lease_number":"32024","archive":null}},{"type":"Feature","id":797,"geometry":{"type":"Point","coordinates":[-9976720.4549000002,3424652.494099997]},"properties":{"OBJECTID":797,"substrate":"Solid Reef","substrate_type":null,"buried_shell_depth":null,"water_depth":null,"GlobalID":"{C34533F2-43DB-4B21-86F2-564133D52A23}","created_user":"johnyjurisich_CVCarbon","created_date":1763674355790,"last_edited_user":"jjordan_CVCarbon","last_edited_date":1780856289203,"polling_date":1763672904000,"permission_group":"johnyjurisich_CVCarbon,JJurisich_CVCarbon","lease_number":"32024","archive":null}},{"type":"Feature","id":798,"geometry":{"type":"Point","coordinates":[-9976714.1875999998,3424643.8451000005]},"properties":{"OBJECTID":798,"substrate":"Solid Reef","substrate_type":null,"buried_shell_depth":null,"water_depth":null,"GlobalID":"{EA6459DB-B1F8-49D9-B686-6798932F9E76}","created_user":"johnyjurisich_CVCarbon","created_date":1763674355790,"last_edited_user":"jjordan_CVCarbon","last_edited_date":1780856289203,"polling_date":1763672901000,"permission_group":"johnyjurisich_CVCarbon,JJurisich_CVCarbon","lease_number":"32024","archive":null}},{"type":"Feature","id":799,"geometry":{"type":"Point","coordinates":[-9976705.7718000002,3424632.2321000025]},"properties":{"OBJECTID":799,"substrate":"Solid Reef","substrate_type":null,"buried_shell_depth":null,"water_depth":null,"GlobalID":"{27BE1C3B-6145-4E06-A971-E8117EA2ED2F}","created_user":"johnyjurisich_CVCarbon","created_date":1763674355790,"last_edited_user":"jjordan_CVCarbon","last_edited_date":1780856289203,"polling_date":1763672897000,"permission_group":"johnyjurisich_CVCarbon,JJurisich_CVCarbon","lease_number":"32024","archive":null}},{"type":"Feature","id":800,"geometry":{"type":"Point","coordinates":[-9976699.5044999998,3424623.0848999992]},"properties":{"OBJECTID":800,"substrate":"Solid Reef","substrate_type":null,"buried_shell_depth":null,"water_depth":null,"GlobalID":"{42A6BF54-E36E-4E22-A0F6-26F461A20A8E}","created_user":"johnyjurisich_CVCarbon","created_date":1763674355790,"last_edited_user":"jjordan_CVCarbon","last_edited_date":1780856289203,"polling_date":1763672894000,"permission_group":"johnyjurisich_CVCarbon,JJurisich_CVCarbon","lease_number":"32024","archive":null}},{"type":"Feature","id":801,"geometry":{"type":"Point","coordinates":[-9976690.7214000002,3424611.3313999996]},"properties":{"OBJECTID":801,"substrate":"Solid Reef","substrate_type":null,"buried_shell_depth":null,"water_depth":null,"GlobalID":"{C23141D5-78EC-4404-9A5E-0C87C3954025}","created_user":"johnyjurisich_CVCarbon","created_date":1763674379976,"last_edited_user":"jjordan_CVCarbon","last_edited_date":1780856289203,"polling_date":1763672890000,"permission_group":"johnyjurisich_CVCarbon,JJurisich_CVCarbon","lease_number":"32024","archive":null}},{"type":"Feature","id":802,"geometry":{"type":"Point","coordinates":[-9976684.4319000002,3424602.2863000035]},"properties":{"OBJECTID":802,"substrate":"Solid Reef","substrate_type":null,"buried_shell_depth":null,"water_depth":null,"GlobalID":"{60B5F49D-25DF-4601-A3E8-CF0291DAF897}","created_user":"johnyjurisich_CVCarbon","created_date":1763674379976,"last_edited_user":"jjordan_CVCarbon","last_edited_date":1780856289203,"polling_date":1763672887000,"permission_group":"johnyjurisich_CVCarbon,JJurisich_CVCarbon","lease_number":"32024","archive":null}},{"type":"Feature","id":803,"geometry":{"type":"Point","coordinates":[-9976678.5208000001,3424593.8290000036]},"properties":{"OBJECTID":803,"substrate":"Solid Reef","substrate_type":null,"buried_shell_depth":null,"water_depth":null,"GlobalID":"{0A59434B-A249-4B48-86AE-3E587430E40A}","created_user":"johnyjurisich_CVCarbon","created_date":1763674379976,"last_edited_user":"jjordan_CVCarbon","last_edited_date":1780856289203,"polling_date":1763672884000,"permission_group":"johnyjurisich_CVCarbon,JJurisich_CVCarbon","lease_number":"32024","archive":null}},{"type":"Feature","id":804,"geometry":{"type":"Point","coordinates":[-9976670.1941,3424581.7688999996]},"properties":{"OBJECTID":804,"substrate":"Solid Reef","substrate_type":null,"buried_shell_depth":null,"water_depth":null,"GlobalID":"{DBA7F54F-5E61-4B4E-8639-31077BF2FF88}","created_user":"johnyjurisich_CVCarbon","created_date":1763674379976,"last_edited_user":"jjordan_CVCarbon","last_edited_date":1780856289203,"polling_date":1763672880000,"permission_group":"johnyjurisich_CVCarbon,JJurisich_CVCarbon","lease_number":"32024","archive":null}},{"type":"Feature","id":805,"geometry":{"type":"Point","coordinates":[-9976663.4593000002,3424572.9283000007]},"properties":{"OBJECTID":805,"substrate":"Solid Reef","substrate_type":null,"buried_shell_depth":null,"water_depth":null,"GlobalID":"{691F1783-EA01-4E95-8CDF-89043897ECC9}","created_user":"johnyjurisich_CVCarbon","created_date":1763674379976,"last_edited_user":"jjordan_CVCarbon","last_edited_date":1780856289203,"polling_date":1763672877000,"permission_group":"johnyjurisich_CVCarbon,JJurisich_CVCarbon","lease_number":"32024","archive":null}},{"type":"Feature","id":806,"geometry":{"type":"Point","coordinates":[-9976654.5870999992,3424561.5581]},"properties":{"OBJECTID":806,"substrate":"Solid Reef","substrate_type":null,"buried_shell_depth":null,"water_depth":null,"GlobalID":"{71B6979A-DF27-464D-BB9D-9948CD077EB0}","created_user":"johnyjurisich_CVCarbon","created_date":1763674379976,"last_edited_user":"jjordan_CVCarbon","last_edited_date":1780856289203,"polling_date":1763672873000,"permission_group":"johnyjurisich_CVCarbon,JJurisich_CVCarbon","lease_number":"32024","archive":null}},{"type":"Feature","id":807,"geometry":{"type":"Point","coordinates":[-9976646.0934999995,3424549.9196999967]},"properties":{"OBJECTID":807,"substrate":"Solid Reef","substrate_type":null,"buried_shell_depth":null,"water_depth":null,"GlobalID":"{01CD949D-A7A5-409B-95A0-BBE45BAC8C73}","created_user":"johnyjurisich_CVCarbon","created_date":1763674379976,"last_edited_user":"jjordan_CVCarbon","last_edited_date":1780856289203,"polling_date":1763672869000,"permission_group":"johnyjurisich_CVCarbon,JJurisich_CVCarbon","lease_number":"32024","archive":null}},{"type":"Feature","id":808,"geometry":{"type":"Point","coordinates":[-9976640.2158000004,3424541.3090000004]},"properties":{"OBJECTID":808,"substrate":"Solid Reef","substrate_type":null,"buried_shell_depth":null,"water_depth":null,"GlobalID":"{FA814DD4-1477-498F-9390-A5CCB794E4BC}","created_user":"johnyjurisich_CVCarbon","created_date":1763674379976,"last_edited_user":"jjordan_CVCarbon","last_edited_date":1780856289203,"polling_date":1763672866000,"permission_group":"johnyjurisich_CVCarbon,JJurisich_CVCarbon","lease_number":"32024","archive":null}},{"type":"Feature","id":809,"geometry":{"type":"Point","coordinates":[-9976631.5329,3424529.8878000006]},"properties":{"OBJECTID":809,"substrate":"Scattered Shell","substrate_type":null,"buried_shell_depth":null,"water_depth":null,"GlobalID":"{8542471D-B16F-4952-9DA0-1D8EDE8A140B}","created_user":"johnyjurisich_CVCarbon","created_date":1763674379976,"last_edited_user":"jjordan_CVCarbon","last_edited_date":1780856289203,"polling_date":1763672862000,"permission_group":"johnyjurisich_CVCarbon,JJurisich_CVCarbon","lease_number":"32024","archive":null}},{"type":"Feature","id":810,"geometry":{"type":"Point","coordinates":[-9976623.2061999999,3424518.8753999993]},"properties":{"OBJECTID":810,"substrate":"Scattered Shell","substrate_type":null,"buried_shell_depth":null,"water_depth":null,"GlobalID":"{B807426B-05FB-45F2-BDC3-84BBA1CA7FF8}","created_user":"johnyjurisich_CVCarbon","created_date":1763674379976,"last_edited_user":"jjordan_CVCarbon","last_edited_date":1780856289203,"polling_date":1763672858000,"permission_group":"johnyjurisich_CVCarbon,JJurisich_CVCarbon","lease_number":"32024","archive":null}},{"type":"Feature","id":811,"geometry":{"type":"Point","coordinates":[-9976612.4081999995,3424504.2092000023]},"properties":{"OBJECTID":811,"substrate":"Scattered Shell","substrate_type":null,"buried_shell_depth":null,"water_depth":null,"GlobalID":"{6F8E4A86-790C-457E-8F59-0622AF2A1387}","created_user":"johnyjurisich_CVCarbon","created_date":1763674379976,"last_edited_user":"jjordan_CVCarbon","last_edited_date":1780856289203,"polling_date":1763672853000,"permission_group":"johnyjurisich_CVCarbon,JJurisich_CVCarbon","lease_number":"32024","archive":null}},{"type":"Feature","id":812,"geometry":{"type":"Point","coordinates":[-9976601.3095999993,3424489.0830999985]},"properties":{"OBJECTID":812,"substrate":"Scattered Shell","substrate_type":null,"buried_shell_depth":null,"water_depth":null,"GlobalID":"{779980BB-08A8-4EB7-85EE-EDAC99451E49}","created_user":"johnyjurisich_CVCarbon","created_date":1763674379976,"last_edited_user":"jjordan_CVCarbon","last_edited_date":1780856289203,"polling_date":1763672848000,"permission_group":"johnyjurisich_CVCarbon,JJurisich_CVCarbon","lease_number":"32024","archive":null}},{"type":"Feature","id":813,"geometry":{"type":"Point","coordinates":[-9976592.0923999995,3424476.9209999964]},"properties":{"OBJECTID":813,"substrate":"Scattered Shell","substrate_type":null,"buried_shell_depth":null,"water_depth":null,"GlobalID":"{9186A82C-7FAF-4191-B9F9-E4CB3D8358D9}","created_user":"johnyjurisich_CVCarbon","created_date":1763674379976,"last_edited_user":"jjordan_CVCarbon","last_edited_date":1780856289203,"polling_date":1763672844000,"permission_group":"johnyjurisich_CVCarbon,JJurisich_CVCarbon","lease_number":"32024","archive":null}},{"type":"Feature","id":814,"geometry":{"type":"Point","coordinates":[-9976581.2498000003,3424462.4465000033]},"properties":{"OBJECTID":814,"substrate":"Solid Reef","substrate_type":null,"buried_shell_depth":null,"water_depth":null,"GlobalID":"{93F88BA8-A0FD-4232-A573-DD74EFB1F445}","created_user":"johnyjurisich_CVCarbon","created_date":1763674379976,"last_edited_user":"jjordan_CVCarbon","last_edited_date":1780856289203,"polling_date":1763672839000,"permission_group":"johnyjurisich_CVCarbon,JJurisich_CVCarbon","lease_number":"32024","archive":null}},{"type":"Feature","id":815,"geometry":{"type":"Point","coordinates":[-9976572.9232000001,3424451.0253000036]},"properties":{"OBJECTID":815,"substrate":"Solid Reef","substrate_type":null,"buried_shell_depth":null,"water_depth":null,"GlobalID":"{0C0F82F3-769C-4E1E-9D1D-DCD95D1CC402}","created_user":"johnyjurisich_CVCarbon","created_date":1763674379976,"last_edited_user":"jjordan_CVCarbon","last_edited_date":1780856289203,"polling_date":1763672835000,"permission_group":"johnyjurisich_CVCarbon,JJurisich_CVCarbon","lease_number":"32024","archive":null}},{"type":"Feature","id":816,"geometry":{"type":"Point","coordinates":[-9976566.5668000001,3424442.3636000007]},"properties":{"OBJECTID":816,"substrate":"Solid Reef","substrate_type":null,"buried_shell_depth":null,"water_depth":null,"GlobalID":"{1B7DAF26-C734-4FA9-BB72-4D3B01092D56}","created_user":"johnyjurisich_CVCarbon","created_date":1763674379976,"last_edited_user":"jjordan_CVCarbon","last_edited_date":1780856289203,"polling_date":1763672832000,"permission_group":"johnyjurisich_CVCarbon,JJurisich_CVCarbon","lease_number":"32024","archive":null}},{"type":"Feature","id":817,"geometry":{"type":"Point","coordinates":[-9976560.4108000007,3424433.8808000013]},"properties":{"OBJECTID":817,"substrate":"Solid Reef","substrate_type":null,"buried_shell_depth":null,"water_depth":null,"GlobalID":"{71D1C9FB-4828-4F26-8154-62D45C1C7A63}","created_user":"johnyjurisich_CVCarbon","created_date":1763674379976,"last_edited_user":"jjordan_CVCarbon","last_edited_date":1780856289203,"polling_date":1763672829000,"permission_group":"johnyjurisich_CVCarbon,JJurisich_CVCarbon","lease_number":"32024","archive":null}},{"type":"Feature","id":818,"geometry":{"type":"Point","coordinates":[-9976553.8987000007,3424425.3341000006]},"properties":{"OBJECTID":818,"substrate":"Solid Reef","substrate_type":null,"buried_shell_depth":null,"water_depth":null,"GlobalID":"{F02C1B56-EFAF-44E1-8A12-28B94BA91F16}","created_user":"johnyjurisich_CVCarbon","created_date":1763674379976,"last_edited_user":"jjordan_CVCarbon","last_edited_date":1780856289203,"polling_date":1763672826000,"permission_group":"johnyjurisich_CVCarbon,JJurisich_CVCarbon","lease_number":"32024","archive":null}},{"type":"Feature","id":819,"geometry":{"type":"Point","coordinates":[-9976549.5349000003,3424419.6490999982]},"properties":{"OBJECTID":819,"substrate":"Solid Reef","substrate_type":null,"buried_shell_depth":null,"water_depth":null,"GlobalID":"{7849F9EA-A6EB-4B25-8443-F18443E93C42}","created_user":"johnyjurisich_CVCarbon","created_date":1763674379976,"last_edited_user":"jjordan_CVCarbon","last_edited_date":1780856289203,"polling_date":1763672824000,"permission_group":"johnyjurisich_CVCarbon,JJurisich_CVCarbon","lease_number":"32024","archive":null}},{"type":"Feature","id":820,"geometry":{"type":"Point","coordinates":[-9976536.1208999995,3424402.313000001]},"properties":{"OBJECTID":820,"substrate":"Solid Reef","substrate_type":null,"buried_shell_depth":null,"water_depth":null,"GlobalID":"{5EBD96FD-4E26-4C5D-9A42-695FE57DC624}","created_user":"johnyjurisich_CVCarbon","created_date":1763674379976,"last_edited_user":"jjordan_CVCarbon","last_edited_date":1780856289203,"polling_date":1763672818000,"permission_group":"johnyjurisich_CVCarbon,JJurisich_CVCarbon","lease_number":"32024","archive":null}},{"type":"Feature","id":821,"geometry":{"type":"Point","coordinates":[-9976523.4749999996,3424384.8747000024]},"properties":{"OBJECTID":821,"substrate":"Solid Reef","substrate_type":null,"buried_shell_depth":null,"water_depth":null,"GlobalID":"{864D0793-E2D8-495C-B487-C53A58FF4E41}","created_user":"johnyjurisich_CVCarbon","created_date":1763674379976,"last_edited_user":"jjordan_CVCarbon","last_edited_date":1780856289203,"polling_date":1763672812000,"permission_group":"johnyjurisich_CVCarbon,JJurisich_CVCarbon","lease_number":"32024","archive":null}},{"type":"Feature","id":822,"geometry":{"type":"Point","coordinates":[-9976508.5136999991,3424365.699000001]},"properties":{"OBJECTID":822,"substrate":"Solid Reef","substrate_type":null,"buried_shell_depth":null,"water_depth":null,"GlobalID":"{291E2351-6FC1-428A-880B-6F4523E73CB5}","created_user":"johnyjurisich_CVCarbon","created_date":1763674379976,"last_edited_user":"jjordan_CVCarbon","last_edited_date":1780856289203,"polling_date":1763672805000,"permission_group":"johnyjurisich_CVCarbon,JJurisich_CVCarbon","lease_number":"32024","archive":null}},{"type":"Feature","id":823,"geometry":{"type":"Point","coordinates":[-9976500.3205999993,3424354.060800001]},"properties":{"OBJECTID":823,"substrate":"Solid Reef","substrate_type":null,"buried_shell_depth":null,"water_depth":null,"GlobalID":"{01809EDC-5484-4B66-80A1-F9E6DA011614}","created_user":"johnyjurisich_CVCarbon","created_date":1763674379976,"last_edited_user":"jjordan_CVCarbon","last_edited_date":1780856289203,"polling_date":1763672801000,"permission_group":"johnyjurisich_CVCarbon,JJurisich_CVCarbon","lease_number":"32024","archive":null}},{"type":"Feature","id":824,"geometry":{"type":"Point","coordinates":[-9976490.3796999995,3424339.8803000003]},"properties":{"OBJECTID":824,"substrate":"Scattered Shell","substrate_type":null,"buried_shell_depth":null,"water_depth":null,"GlobalID":"{D25BCD56-F7CD-4078-9E6E-3C4F23797071}","created_user":"johnyjurisich_CVCarbon","created_date":1763674379976,"last_edited_user":"jjordan_CVCarbon","last_edited_date":1780856289203,"polling_date":1763672796000,"permission_group":"johnyjurisich_CVCarbon,JJurisich_CVCarbon","lease_number":"32024","archive":null}},{"type":"Feature","id":825,"geometry":{"type":"Point","coordinates":[-9976480.1718000006,3424325.5975999981]},"properties":{"OBJECTID":825,"substrate":"Scattered Shell","substrate_type":null,"buried_shell_depth":null,"water_depth":null,"GlobalID":"{78BD0685-BF5F-4162-9023-EC00B63BFCCB}","created_user":"johnyjurisich_CVCarbon","created_date":1763674379976,"last_edited_user":"jjordan_CVCarbon","last_edited_date":1780856289203,"polling_date":1763672791000,"permission_group":"johnyjurisich_CVCarbon,JJurisich_CVCarbon","lease_number":"32024","archive":null}},{"type":"Feature","id":826,"geometry":{"type":"Point","coordinates":[-9976472.3683000002,3424313.6398999989]},"properties":{"OBJECTID":826,"substrate":"Scattered Shell","substrate_type":null,"buried_shell_depth":null,"water_depth":null,"GlobalID":"{9A96CC5D-36FA-428B-8493-0A03D661D044}","created_user":"johnyjurisich_CVCarbon","created_date":1763674379976,"last_edited_user":"jjordan_CVCarbon","last_edited_date":1780856289203,"polling_date":1763672787000,"permission_group":"johnyjurisich_CVCarbon,JJurisich_CVCarbon","lease_number":"32024","archive":null}},{"type":"Feature","id":827,"geometry":{"type":"Point","coordinates":[-9976460.4792999998,3424294.8731999993]},"properties":{"OBJECTID":827,"substrate":"Scattered Shell","substrate_type":null,"buried_shell_depth":null,"water_depth":null,"GlobalID":"{E5C51601-2547-43A1-9D0A-E4248D39BA82}","created_user":"johnyjurisich_CVCarbon","created_date":1763674379976,"last_edited_user":"jjordan_CVCarbon","last_edited_date":1780856289203,"polling_date":1763672781000,"permission_group":"johnyjurisich_CVCarbon,JJurisich_CVCarbon","lease_number":"32024","archive":null}},{"type":"Feature","id":828,"geometry":{"type":"Point","coordinates":[-9976453.5887000002,3424282.4812000021]},"properties":{"OBJECTID":828,"substrate":"Scattered Shell","substrate_type":null,"buried_shell_depth":null,"water_depth":null,"GlobalID":"{8DE657B7-1DDD-4A5C-9E65-D395104E16A4}","created_user":"johnyjurisich_CVCarbon","created_date":1763674379976,"last_edited_user":"jjordan_CVCarbon","last_edited_date":1780856289203,"polling_date":1763672777000,"permission_group":"johnyjurisich_CVCarbon,JJurisich_CVCarbon","lease_number":"32024","archive":null}},{"type":"Feature","id":829,"geometry":{"type":"Point","coordinates":[-9976446.4641999993,3424269.8466000035]},"properties":{"OBJECTID":829,"substrate":"Scattered Shell","substrate_type":null,"buried_shell_depth":null,"water_depth":null,"GlobalID":"{5B6383CA-1800-4308-BFFA-471283B231A2}","created_user":"johnyjurisich_CVCarbon","created_date":1763674379976,"last_edited_user":"jjordan_CVCarbon","last_edited_date":1780856289203,"polling_date":1763672773000,"permission_group":"johnyjurisich_CVCarbon,JJurisich_CVCarbon","lease_number":"32024","archive":null}},{"type":"Feature","id":830,"geometry":{"type":"Point","coordinates":[-9976437.8592000008,3424253.8392999992]},"properties":{"OBJECTID":830,"substrate":"Scattered Shell","substrate_type":null,"buried_shell_depth":null,"water_depth":null,"GlobalID":"{25636097-9192-452B-A525-B3E464EC2371}","created_user":"johnyjurisich_CVCarbon","created_date":1763674379976,"last_edited_user":"jjordan_CVCarbon","last_edited_date":1780856289203,"polling_date":1763672768000,"permission_group":"johnyjurisich_CVCarbon,JJurisich_CVCarbon","lease_number":"32024","archive":null}},{"type":"Feature","id":831,"geometry":{"type":"Point","coordinates":[-9976430.7125000004,3424241.2302000001]},"properties":{"OBJECTID":831,"substrate":"Scattered Shell","substrate_type":null,"buried_shell_depth":null,"water_depth":null,"GlobalID":"{4D152449-F98C-49E3-9FF0-C8CD7241FF7F}","created_user":"johnyjurisich_CVCarbon","created_date":1763674379976,"last_edited_user":"jjordan_CVCarbon","last_edited_date":1780856289203,"polling_date":1763672764000,"permission_group":"johnyjurisich_CVCarbon,JJurisich_CVCarbon","lease_number":"32024","archive":null}},{"type":"Feature","id":832,"geometry":{"type":"Point","coordinates":[-9976425.5918000005,3424231.7638999969]},"properties":{"OBJECTID":832,"substrate":"Scattered Shell","substrate_type":null,"buried_shell_depth":null,"water_depth":null,"GlobalID":"{A5449884-F442-46F4-AC45-23926F45D8E7}","created_user":"johnyjurisich_CVCarbon","created_date":1763674379976,"last_edited_user":"jjordan_CVCarbon","last_edited_date":1780856289203,"polling_date":1763672761000,"permission_group":"johnyjurisich_CVCarbon,JJurisich_CVCarbon","lease_number":"32024","archive":null}},{"type":"Feature","id":833,"geometry":{"type":"Point","coordinates":[-9976418.6455000006,3424219.2569999993]},"properties":{"OBJECTID":833,"substrate":"Buried Shell","substrate_type":null,"buried_shell_depth":null,"water_depth":null,"GlobalID":"{F613F5B6-F08B-498C-B392-0C665584F1BF}","created_user":"johnyjurisich_CVCarbon","created_date":1763674379976,"last_edited_user":"jjordan_CVCarbon","last_edited_date":1780856289203,"polling_date":1763672757000,"permission_group":"johnyjurisich_CVCarbon,JJurisich_CVCarbon","lease_number":"32024","archive":null}},{"type":"Feature","id":834,"geometry":{"type":"Point","coordinates":[-9976355.7945000008,3424153.1714999974]},"properties":{"OBJECTID":834,"substrate":"Mud","substrate_type":null,"buried_shell_depth":null,"water_depth":null,"GlobalID":"{CFE50EC7-F616-4418-ACF8-999C8A21F207}","created_user":"johnyjurisich_CVCarbon","created_date":1763674379976,"last_edited_user":"jjordan_CVCarbon","last_edited_date":1780856289203,"polling_date":1763672700000,"permission_group":"johnyjurisich_CVCarbon,JJurisich_CVCarbon","lease_number":"32024","archive":null}},{"type":"Feature","id":835,"geometry":{"type":"Point","coordinates":[-9976363.3197000008,3424163.0593999997]},"properties":{"OBJECTID":835,"substrate":"Mud","substrate_type":null,"buried_shell_depth":null,"water_depth":null,"GlobalID":"{CD2927FA-1F55-4A76-8699-E54272DE0BC5}","created_user":"johnyjurisich_CVCarbon","created_date":1763674379976,"last_edited_user":"jjordan_CVCarbon","last_edited_date":1780856289203,"polling_date":1763672696000,"permission_group":"johnyjurisich_CVCarbon,JJurisich_CVCarbon","lease_number":"32024","archive":null}},{"type":"Feature","id":836,"geometry":{"type":"Point","coordinates":[-9976369.4199999999,3424170.4306000024]},"properties":{"OBJECTID":836,"substrate":"Mud","substrate_type":null,"buried_shell_depth":null,"water_depth":null,"GlobalID":"{759AB1B7-54A9-44AB-8682-B3EDA6520278}","created_user":"johnyjurisich_CVCarbon","created_date":1763674379976,"last_edited_user":"jjordan_CVCarbon","last_edited_date":1780856289203,"polling_date":1763672693000,"permission_group":"johnyjurisich_CVCarbon,JJurisich_CVCarbon","lease_number":"32024","archive":null}},{"type":"Feature","id":837,"geometry":{"type":"Point","coordinates":[-9976381.5427000001,3424185.6202000007]},"properties":{"OBJECTID":837,"substrate":"Firm/Hard Bottom","substrate_type":null,"buried_shell_depth":null,"water_depth":null,"GlobalID":"{E403D4A0-3A23-425B-8359-0876A096D9C1}","created_user":"johnyjurisich_CVCarbon","created_date":1763674379976,"last_edited_user":"jjordan_CVCarbon","last_edited_date":1780856289203,"polling_date":1763672687000,"permission_group":"johnyjurisich_CVCarbon,JJurisich_CVCarbon","lease_number":"32024","archive":null}},{"type":"Feature","id":838,"geometry":{"type":"Point","coordinates":[-9976389.1235000007,3424196.5939999968]},"properties":{"OBJECTID":838,"substrate":"Firm/Hard Bottom","substrate_type":null,"buried_shell_depth":null,"water_depth":null,"GlobalID":"{D2D31734-FDCC-4D82-A686-782646E192C8}","created_user":"johnyjurisich_CVCarbon","created_date":1763674379976,"last_edited_user":"jjordan_CVCarbon","last_edited_date":1780856289203,"polling_date":1763672683000,"permission_group":"johnyjurisich_CVCarbon,JJurisich_CVCarbon","lease_number":"32024","archive":null}},{"type":"Feature","id":839,"geometry":{"type":"Point","coordinates":[-9976396.6041999999,3424207.5549999997]},"properties":{"OBJECTID":839,"substrate":"Firm/Hard Bottom","substrate_type":null,"buried_shell_depth":null,"water_depth":null,"GlobalID":"{9261490D-3F3D-4B38-9A1E-136EA8D35BD7}","created_user":"johnyjurisich_CVCarbon","created_date":1763674379976,"last_edited_user":"jjordan_CVCarbon","last_edited_date":1780856289203,"polling_date":1763672679000,"permission_group":"johnyjurisich_CVCarbon,JJurisich_CVCarbon","lease_number":"32024","archive":null}},{"type":"Feature","id":840,"geometry":{"type":"Point","coordinates":[-9976405.7657999992,3424220.8794]},"properties":{"OBJECTID":840,"substrate":"Firm/Hard Bottom","substrate_type":null,"buried_shell_depth":null,"water_depth":null,"GlobalID":"{F036E104-D4F3-4593-A823-991AFCCED117}","created_user":"johnyjurisich_CVCarbon","created_date":1763674379976,"last_edited_user":"jjordan_CVCarbon","last_edited_date":1780856289203,"polling_date":1763672674000,"permission_group":"johnyjurisich_CVCarbon,JJurisich_CVCarbon","lease_number":"32024","archive":null}},{"type":"Feature","id":841,"geometry":{"type":"Point","coordinates":[-9976412.1109999996,3424231.2911999971]},"properties":{"OBJECTID":841,"substrate":"Buried Shell","substrate_type":null,"buried_shell_depth":null,"water_depth":null,"GlobalID":"{7E4696C9-D862-4C2B-9493-DCC4531493FF}","created_user":"johnyjurisich_CVCarbon","created_date":1763674379976,"last_edited_user":"jjordan_CVCarbon","last_edited_date":1780856289203,"polling_date":1763672670000,"permission_group":"johnyjurisich_CVCarbon,JJurisich_CVCarbon","lease_number":"32024","archive":null}},{"type":"Feature","id":842,"geometry":{"type":"Point","coordinates":[-9976419.9478999991,3424244.7690000013]},"properties":{"OBJECTID":842,"substrate":"Firm/Hard Bottom","substrate_type":null,"buried_shell_depth":null,"water_depth":null,"GlobalID":"{B7900B4F-922B-4209-B8ED-6707220D7728}","created_user":"johnyjurisich_CVCarbon","created_date":1763674379976,"last_edited_user":"jjordan_CVCarbon","last_edited_date":1780856289203,"polling_date":1763672665000,"permission_group":"johnyjurisich_CVCarbon,JJurisich_CVCarbon","lease_number":"32024","archive":null}},{"type":"Feature","id":843,"geometry":{"type":"Point","coordinates":[-9976425.2912000008,3424255.7810999975]},"properties":{"OBJECTID":843,"substrate":"Firm/Hard Bottom","substrate_type":null,"buried_shell_depth":null,"water_depth":null,"GlobalID":"{3F88A548-1C3D-4490-B8DE-EBFC82E651AE}","created_user":"johnyjurisich_CVCarbon","created_date":1763674379976,"last_edited_user":"jjordan_CVCarbon","last_edited_date":1780856289203,"polling_date":1763672661000,"permission_group":"johnyjurisich_CVCarbon,JJurisich_CVCarbon","lease_number":"32024","archive":null}},{"type":"Feature","id":844,"geometry":{"type":"Point","coordinates":[-9976428.8869000003,3424264.5960000008]},"properties":{"OBJECTID":844,"substrate":"Firm/Hard Bottom","substrate_type":null,"buried_shell_depth":null,"water_depth":null,"GlobalID":"{4B92E47F-6780-4907-AF76-D934CC3D31F8}","created_user":"johnyjurisich_CVCarbon","created_date":1763674379976,"last_edited_user":"jjordan_CVCarbon","last_edited_date":1780856289203,"polling_date":1763672658000,"permission_group":"johnyjurisich_CVCarbon,JJurisich_CVCarbon","lease_number":"32024","archive":null}},{"type":"Feature","id":845,"geometry":{"type":"Point","coordinates":[-9976436.8462000005,3424290.6190000027]},"properties":{"OBJECTID":845,"substrate":"Scattered Shell","substrate_type":null,"buried_shell_depth":null,"water_depth":null,"GlobalID":"{77F17E76-4907-4074-9CE9-8011FFE3A3C6}","created_user":"johnyjurisich_CVCarbon","created_date":1763674379976,"last_edited_user":"jjordan_CVCarbon","last_edited_date":1780856289203,"polling_date":1763672649000,"permission_group":"johnyjurisich_CVCarbon,JJurisich_CVCarbon","lease_number":"32024","archive":null}},{"type":"Feature","id":846,"geometry":{"type":"Point","coordinates":[-9976438.3935000002,3424305.757600002]},"properties":{"OBJECTID":846,"substrate":"Scattered Shell","substrate_type":null,"buried_shell_depth":null,"water_depth":null,"GlobalID":"{528FEFDF-ADCD-4AF8-A606-931C160D98F6}","created_user":"johnyjurisich_CVCarbon","created_date":1763674379976,"last_edited_user":"jjordan_CVCarbon","last_edited_date":1780856289203,"polling_date":1763672644000,"permission_group":"johnyjurisich_CVCarbon,JJurisich_CVCarbon","lease_number":"32024","archive":null}},{"type":"Feature","id":847,"geometry":{"type":"Point","coordinates":[-9976438.8166000005,3424318.1878999993]},"properties":{"OBJECTID":847,"substrate":"Scattered Shell","substrate_type":null,"buried_shell_depth":null,"water_depth":null,"GlobalID":"{CEFBE930-90DC-4287-A56C-9AE65C738B16}","created_user":"johnyjurisich_CVCarbon","created_date":1763674379976,"last_edited_user":"jjordan_CVCarbon","last_edited_date":1780856289203,"polling_date":1763672640000,"permission_group":"johnyjurisich_CVCarbon,JJurisich_CVCarbon","lease_number":"32024","archive":null}},{"type":"Feature","id":848,"geometry":{"type":"Point","coordinates":[-9976443.0467000008,3424332.8027999997]},"properties":{"OBJECTID":848,"substrate":"Scattered Shell","substrate_type":null,"buried_shell_depth":null,"water_depth":null,"GlobalID":"{BB34CE86-5206-4E64-ACC6-27DA18918EAB}","created_user":"johnyjurisich_CVCarbon","created_date":1763674379976,"last_edited_user":"jjordan_CVCarbon","last_edited_date":1780856289203,"polling_date":1763672635000,"permission_group":"johnyjurisich_CVCarbon,JJurisich_CVCarbon","lease_number":"32024","archive":null}},{"type":"Feature","id":849,"geometry":{"type":"Point","coordinates":[-9976449.3139999993,3424343.2273999974]},"properties":{"OBJECTID":849,"substrate":"Scattered Shell","substrate_type":null,"buried_shell_depth":null,"water_depth":null,"GlobalID":"{6AE4992B-3181-4BE2-8FD7-B3CAD2F21C49}","created_user":"johnyjurisich_CVCarbon","created_date":1763674404653,"last_edited_user":"jjordan_CVCarbon","last_edited_date":1780856289203,"polling_date":1763672631000,"permission_group":"johnyjurisich_CVCarbon,JJurisich_CVCarbon","lease_number":"32024","archive":null}},{"type":"Feature","id":850,"geometry":{"type":"Point","coordinates":[-9976456.7279000003,3424354.1374000013]},"properties":{"OBJECTID":850,"substrate":"Scattered Shell","substrate_type":null,"buried_shell_depth":null,"water_depth":null,"GlobalID":"{E2B78F7B-D195-4A55-B5A0-33B8263E61D2}","created_user":"johnyjurisich_CVCarbon","created_date":1763674404653,"last_edited_user":"jjordan_CVCarbon","last_edited_date":1780856289203,"polling_date":1763672627000,"permission_group":"johnyjurisich_CVCarbon,JJurisich_CVCarbon","lease_number":"32024","archive":null}},{"type":"Feature","id":851,"geometry":{"type":"Point","coordinates":[-9976464.7651000004,3424364.8175999969]},"properties":{"OBJECTID":851,"substrate":"Firm/Hard Bottom","substrate_type":null,"buried_shell_depth":null,"water_depth":null,"GlobalID":"{FB195E90-83C7-49B3-AC00-00E6938D75ED}","created_user":"johnyjurisich_CVCarbon","created_date":1763674404653,"last_edited_user":"jjordan_CVCarbon","last_edited_date":1780856289203,"polling_date":1763672623000,"permission_group":"johnyjurisich_CVCarbon,JJurisich_CVCarbon","lease_number":"32024","archive":null}},{"type":"Feature","id":852,"geometry":{"type":"Point","coordinates":[-9976473.9155999999,3424377.3756000027]},"properties":{"OBJECTID":852,"substrate":"Firm/Hard Bottom","substrate_type":null,"buried_shell_depth":null,"water_depth":null,"GlobalID":"{A37443B9-D728-4417-9070-3BE132C48EE4}","created_user":"johnyjurisich_CVCarbon","created_date":1763674404653,"last_edited_user":"jjordan_CVCarbon","last_edited_date":1780856289203,"polling_date":1763672618000,"permission_group":"johnyjurisich_CVCarbon,JJurisich_CVCarbon","lease_number":"32024","archive":null}},{"type":"Feature","id":853,"geometry":{"type":"Point","coordinates":[-9976481.1848000009,3424387.5319999978]},"properties":{"OBJECTID":853,"substrate":"Scattered Shell","substrate_type":null,"buried_shell_depth":null,"water_depth":null,"GlobalID":"{8A7DB7B6-5085-4A01-91D2-86754816BE33}","created_user":"johnyjurisich_CVCarbon","created_date":1763674404653,"last_edited_user":"jjordan_CVCarbon","last_edited_date":1780856289203,"polling_date":1763672614000,"permission_group":"johnyjurisich_CVCarbon,JJurisich_CVCarbon","lease_number":"32024","archive":null}},{"type":"Feature","id":854,"geometry":{"type":"Point","coordinates":[-9976486.8287000004,3424394.9799999967]},"properties":{"OBJECTID":854,"substrate":"Firm/Hard Bottom","substrate_type":null,"buried_shell_depth":null,"water_depth":null,"GlobalID":"{1DC8BFAB-5D5F-4566-908A-8AC754238DCC}","created_user":"johnyjurisich_CVCarbon","created_date":1763674404653,"last_edited_user":"jjordan_CVCarbon","last_edited_date":1780856289203,"polling_date":1763672611000,"permission_group":"johnyjurisich_CVCarbon,JJurisich_CVCarbon","lease_number":"32024","archive":null}},{"type":"Feature","id":855,"geometry":{"type":"Point","coordinates":[-9976497.9160999991,3424409.6204999983]},"properties":{"OBJECTID":855,"substrate":"Scattered Shell","substrate_type":null,"buried_shell_depth":null,"water_depth":null,"GlobalID":"{89BBB62C-C0C6-4FB0-939C-7C5D584C9F09}","created_user":"johnyjurisich_CVCarbon","created_date":1763674404653,"last_edited_user":"jjordan_CVCarbon","last_edited_date":1780856289203,"polling_date":1763672605000,"permission_group":"johnyjurisich_CVCarbon,JJurisich_CVCarbon","lease_number":"32024","archive":null}},{"type":"Feature","id":856,"geometry":{"type":"Point","coordinates":[-9976507.2668999992,3424422.3191]},"properties":{"OBJECTID":856,"substrate":"Scattered Shell","substrate_type":null,"buried_shell_depth":null,"water_depth":null,"GlobalID":"{7F9A02A7-C0DA-4090-A943-5F243561F04D}","created_user":"johnyjurisich_CVCarbon","created_date":1763674404653,"last_edited_user":"jjordan_CVCarbon","last_edited_date":1780856289203,"polling_date":1763672600000,"permission_group":"johnyjurisich_CVCarbon,JJurisich_CVCarbon","lease_number":"32024","archive":null}},{"type":"Feature","id":857,"geometry":{"type":"Point","coordinates":[-9976515.4044000003,3424432.3222000003]},"properties":{"OBJECTID":857,"substrate":"Scattered Shell","substrate_type":null,"buried_shell_depth":null,"water_depth":null,"GlobalID":"{8114B1C9-5030-4C5F-856D-73F6D9F778B4}","created_user":"johnyjurisich_CVCarbon","created_date":1763674404653,"last_edited_user":"jjordan_CVCarbon","last_edited_date":1780856289203,"polling_date":1763672596000,"permission_group":"johnyjurisich_CVCarbon,JJurisich_CVCarbon","lease_number":"32024","archive":null}},{"type":"Feature","id":858,"geometry":{"type":"Point","coordinates":[-9976522.8628000002,3424442.0953999981]},"properties":{"OBJECTID":858,"substrate":"Scattered Shell","substrate_type":null,"buried_shell_depth":null,"water_depth":null,"GlobalID":"{46AAE1F6-3513-476F-98F0-05A1CB81168C}","created_user":"johnyjurisich_CVCarbon","created_date":1763674404653,"last_edited_user":"jjordan_CVCarbon","last_edited_date":1780856289203,"polling_date":1763672592000,"permission_group":"johnyjurisich_CVCarbon,JJurisich_CVCarbon","lease_number":"32024","archive":null}},{"type":"Feature","id":859,"geometry":{"type":"Point","coordinates":[-9976530.2210000008,3424452.3284000009]},"properties":{"OBJECTID":859,"substrate":"Scattered Shell","substrate_type":null,"buried_shell_depth":null,"water_depth":null,"GlobalID":"{E4944AF7-0E90-4065-82B7-513EDCEFF630}","created_user":"johnyjurisich_CVCarbon","created_date":1763674404653,"last_edited_user":"jjordan_CVCarbon","last_edited_date":1780856289203,"polling_date":1763672588000,"permission_group":"johnyjurisich_CVCarbon,JJurisich_CVCarbon","lease_number":"32024","archive":null}},{"type":"Feature","id":860,"geometry":{"type":"Point","coordinates":[-9976537.9576999992,3424462.3443000019]},"properties":{"OBJECTID":860,"substrate":"Scattered Shell","substrate_type":null,"buried_shell_depth":null,"water_depth":null,"GlobalID":"{66FF89DC-40F8-46CF-9E8F-F27187C71EBD}","created_user":"johnyjurisich_CVCarbon","created_date":1763674404653,"last_edited_user":"jjordan_CVCarbon","last_edited_date":1780856289203,"polling_date":1763672584000,"permission_group":"johnyjurisich_CVCarbon,JJurisich_CVCarbon","lease_number":"32024","archive":null}},{"type":"Feature","id":861,"geometry":{"type":"Point","coordinates":[-9976544.8817999996,3424472.4751000032]},"properties":{"OBJECTID":861,"substrate":"Solid Reef","substrate_type":null,"buried_shell_depth":null,"water_depth":null,"GlobalID":"{506DEEAF-D7DF-4906-BDB6-FEFBCE0DE93B}","created_user":"johnyjurisich_CVCarbon","created_date":1763674404653,"last_edited_user":"jjordan_CVCarbon","last_edited_date":1780856289203,"polling_date":1763672580000,"permission_group":"johnyjurisich_CVCarbon,JJurisich_CVCarbon","lease_number":"32024","archive":null}},{"type":"Feature","id":862,"geometry":{"type":"Point","coordinates":[-9976552.1509000007,3424483.2448000014]},"properties":{"OBJECTID":862,"substrate":"Solid Reef","substrate_type":null,"buried_shell_depth":null,"water_depth":null,"GlobalID":"{48EACE88-5E6A-400C-B9F5-581B2CD36798}","created_user":"johnyjurisich_CVCarbon","created_date":1763674404653,"last_edited_user":"jjordan_CVCarbon","last_edited_date":1780856289203,"polling_date":1763672576000,"permission_group":"johnyjurisich_CVCarbon,JJurisich_CVCarbon","lease_number":"32024","archive":null}},{"type":"Feature","id":863,"geometry":{"type":"Point","coordinates":[-9976559.7429000009,3424493.2351000011]},"properties":{"OBJECTID":863,"substrate":"Scattered Shell","substrate_type":null,"buried_shell_depth":null,"water_depth":null,"GlobalID":"{1B07EF9A-53B2-4299-92C7-338C60834930}","created_user":"johnyjurisich_CVCarbon","created_date":1763674404653,"last_edited_user":"jjordan_CVCarbon","last_edited_date":1780856289203,"polling_date":1763672572000,"permission_group":"johnyjurisich_CVCarbon,JJurisich_CVCarbon","lease_number":"32024","archive":null}},{"type":"Feature","id":864,"geometry":{"type":"Point","coordinates":[-9976567.8581000008,3424504.1581000015]},"properties":{"OBJECTID":864,"substrate":"Solid Reef","substrate_type":null,"buried_shell_depth":null,"water_depth":null,"GlobalID":"{50BD7AE4-FDFA-44D1-AD43-DA4E40AAE8D2}","created_user":"johnyjurisich_CVCarbon","created_date":1763674404653,"last_edited_user":"jjordan_CVCarbon","last_edited_date":1780856289203,"polling_date":1763672568000,"permission_group":"johnyjurisich_CVCarbon,JJurisich_CVCarbon","lease_number":"32024","archive":null}},{"type":"Feature","id":865,"geometry":{"type":"Point","coordinates":[-9976573.5799000002,3424511.3122999966]},"properties":{"OBJECTID":865,"substrate":"Scattered Shell","substrate_type":null,"buried_shell_depth":null,"water_depth":null,"GlobalID":"{CD26572C-67FB-491B-8C3F-F2A840DEB614}","created_user":"johnyjurisich_CVCarbon","created_date":1763674404653,"last_edited_user":"jjordan_CVCarbon","last_edited_date":1780856289203,"polling_date":1763672565000,"permission_group":"johnyjurisich_CVCarbon,JJurisich_CVCarbon","lease_number":"32024","archive":null}},{"type":"Feature","id":866,"geometry":{"type":"Point","coordinates":[-9976581.0383000001,3424521.6476000026]},"properties":{"OBJECTID":866,"substrate":"Scattered Shell","substrate_type":null,"buried_shell_depth":null,"water_depth":null,"GlobalID":"{9375E400-6BD8-4DDE-BE76-EBFB8CA6F31F}","created_user":"johnyjurisich_CVCarbon","created_date":1763674404653,"last_edited_user":"jjordan_CVCarbon","last_edited_date":1780856289203,"polling_date":1763672561000,"permission_group":"johnyjurisich_CVCarbon,JJurisich_CVCarbon","lease_number":"32024","archive":null}},{"type":"Feature","id":867,"geometry":{"type":"Point","coordinates":[-9976588.2741,3424532.2895999998]},"properties":{"OBJECTID":867,"substrate":"Solid Reef","substrate_type":null,"buried_shell_depth":null,"water_depth":null,"GlobalID":"{E90E5F13-15D1-4845-BC97-88008B5FFA55}","created_user":"johnyjurisich_CVCarbon","created_date":1763674404653,"last_edited_user":"jjordan_CVCarbon","last_edited_date":1780856289203,"polling_date":1763672557000,"permission_group":"johnyjurisich_CVCarbon,JJurisich_CVCarbon","lease_number":"32024","archive":null}},{"type":"Feature","id":868,"geometry":{"type":"Point","coordinates":[-9976594.1852000002,3424539.9804000035]},"properties":{"OBJECTID":868,"substrate":"Solid Reef","substrate_type":null,"buried_shell_depth":null,"water_depth":null,"GlobalID":"{867EE79C-7FD2-4345-B6F1-C6E40A42D52A}","created_user":"johnyjurisich_CVCarbon","created_date":1763674404653,"last_edited_user":"jjordan_CVCarbon","last_edited_date":1780856289203,"polling_date":1763672554000,"permission_group":"johnyjurisich_CVCarbon,JJurisich_CVCarbon","lease_number":"32024","archive":null}},{"type":"Feature","id":869,"geometry":{"type":"Point","coordinates":[-9976602.2446999997,3424550.0729999989]},"properties":{"OBJECTID":869,"substrate":"Solid Reef","substrate_type":null,"buried_shell_depth":null,"water_depth":null,"GlobalID":"{A0852971-4790-454D-AE58-E24A728BACF5}","created_user":"johnyjurisich_CVCarbon","created_date":1763674404653,"last_edited_user":"jjordan_CVCarbon","last_edited_date":1780856289203,"polling_date":1763672550000,"permission_group":"johnyjurisich_CVCarbon,JJurisich_CVCarbon","lease_number":"32024","archive":null}},{"type":"Feature","id":870,"geometry":{"type":"Point","coordinates":[-9976608.2894000001,3424558.0832000002]},"properties":{"OBJECTID":870,"substrate":"Scattered Shell","substrate_type":null,"buried_shell_depth":null,"water_depth":null,"GlobalID":"{4D9B0126-8336-4995-A91C-38DF0EBBCA3B}","created_user":"johnyjurisich_CVCarbon","created_date":1763674404653,"last_edited_user":"jjordan_CVCarbon","last_edited_date":1780856289203,"polling_date":1763672547000,"permission_group":"johnyjurisich_CVCarbon,JJurisich_CVCarbon","lease_number":"32024","archive":null}},{"type":"Feature","id":871,"geometry":{"type":"Point","coordinates":[-9976615.8146000002,3424568.137500003]},"properties":{"OBJECTID":871,"substrate":"Scattered Shell","substrate_type":null,"buried_shell_depth":null,"water_depth":null,"GlobalID":"{7C6B1D7E-4BE6-4783-AAC3-3FCFE6B926CD}","created_user":"johnyjurisich_CVCarbon","created_date":1763674404653,"last_edited_user":"jjordan_CVCarbon","last_edited_date":1780856289203,"polling_date":1763672543000,"permission_group":"johnyjurisich_CVCarbon,JJurisich_CVCarbon","lease_number":"32024","archive":null}},{"type":"Feature","id":872,"geometry":{"type":"Point","coordinates":[-9976623.7293999996,3424578.5239000022]},"properties":{"OBJECTID":872,"substrate":"Scattered Shell","substrate_type":null,"buried_shell_depth":null,"water_depth":null,"GlobalID":"{BFC323B0-7B0E-4CE0-9289-3FD452A4AB4A}","created_user":"johnyjurisich_CVCarbon","created_date":1763674404653,"last_edited_user":"jjordan_CVCarbon","last_edited_date":1780856289203,"polling_date":1763672539000,"permission_group":"johnyjurisich_CVCarbon,JJurisich_CVCarbon","lease_number":"32024","archive":null}},{"type":"Feature","id":873,"geometry":{"type":"Point","coordinates":[-9976631.2545999996,3424588.2972000018]},"properties":{"OBJECTID":873,"substrate":"Buried Shell","substrate_type":null,"buried_shell_depth":null,"water_depth":null,"GlobalID":"{32456E9D-2073-439F-9F38-80D3D09A6B61}","created_user":"johnyjurisich_CVCarbon","created_date":1763674404653,"last_edited_user":"jjordan_CVCarbon","last_edited_date":1780856289203,"polling_date":1763672535000,"permission_group":"johnyjurisich_CVCarbon,JJurisich_CVCarbon","lease_number":"32024","archive":null}},{"type":"Feature","id":874,"geometry":{"type":"Point","coordinates":[-9976639.5812999997,3424598.5813999996]},"properties":{"OBJECTID":874,"substrate":"Buried Shell","substrate_type":null,"buried_shell_depth":null,"water_depth":null,"GlobalID":"{CD3F53C7-7E4E-4271-9FDE-6AB9C5F71FA7}","created_user":"johnyjurisich_CVCarbon","created_date":1763674404653,"last_edited_user":"jjordan_CVCarbon","last_edited_date":1780856289203,"polling_date":1763672531000,"permission_group":"johnyjurisich_CVCarbon,JJurisich_CVCarbon","lease_number":"32024","archive":null}},{"type":"Feature","id":875,"geometry":{"type":"Point","coordinates":[-9976649.4330000002,3424611.2802999988]},"properties":{"OBJECTID":875,"substrate":"Scattered Shell","substrate_type":null,"buried_shell_depth":null,"water_depth":null,"GlobalID":"{272028C0-9EE2-4B1E-9DB3-8C280D359944}","created_user":"johnyjurisich_CVCarbon","created_date":1763674404653,"last_edited_user":"jjordan_CVCarbon","last_edited_date":1780856289203,"polling_date":1763672526000,"permission_group":"johnyjurisich_CVCarbon,JJurisich_CVCarbon","lease_number":"32024","archive":null}},{"type":"Feature","id":876,"geometry":{"type":"Point","coordinates":[-9976657.1697000004,3424621.0407999977]},"properties":{"OBJECTID":876,"substrate":"Solid Reef","substrate_type":null,"buried_shell_depth":null,"water_depth":null,"GlobalID":"{8915DB2C-FEB0-43F7-B917-B3219E6A1FDE}","created_user":"johnyjurisich_CVCarbon","created_date":1763674404653,"last_edited_user":"jjordan_CVCarbon","last_edited_date":1780856289203,"polling_date":1763672522000,"permission_group":"johnyjurisich_CVCarbon,JJurisich_CVCarbon","lease_number":"32024","archive":null}},{"type":"Feature","id":877,"geometry":{"type":"Point","coordinates":[-9976665.1067999993,3424631.0439999998]},"properties":{"OBJECTID":877,"substrate":"Solid Reef","substrate_type":null,"buried_shell_depth":null,"water_depth":null,"GlobalID":"{E86C0F30-D5F8-49F5-BCA3-58E80BB97066}","created_user":"johnyjurisich_CVCarbon","created_date":1763674404653,"last_edited_user":"jjordan_CVCarbon","last_edited_date":1780856289203,"polling_date":1763672518000,"permission_group":"johnyjurisich_CVCarbon,JJurisich_CVCarbon","lease_number":"32024","archive":null}},{"type":"Feature","id":878,"geometry":{"type":"Point","coordinates":[-9976673.2108999994,3424640.8555999994]},"properties":{"OBJECTID":878,"substrate":"Solid Reef","substrate_type":null,"buried_shell_depth":null,"water_depth":null,"GlobalID":"{BA351C29-0D53-4534-B461-4C604EFBC1EB}","created_user":"johnyjurisich_CVCarbon","created_date":1763674404653,"last_edited_user":"jjordan_CVCarbon","last_edited_date":1780856289203,"polling_date":1763672514000,"permission_group":"johnyjurisich_CVCarbon,JJurisich_CVCarbon","lease_number":"32024","archive":null}},{"type":"Feature","id":879,"geometry":{"type":"Point","coordinates":[-9976679.4448000006,3424648.175999999]},"properties":{"OBJECTID":879,"substrate":"Solid Reef","substrate_type":null,"buried_shell_depth":null,"water_depth":null,"GlobalID":"{75DA4E8B-F80E-4FBE-BDA5-8298B76176C5}","created_user":"johnyjurisich_CVCarbon","created_date":1763674404653,"last_edited_user":"jjordan_CVCarbon","last_edited_date":1780856289203,"polling_date":1763672511000,"permission_group":"johnyjurisich_CVCarbon,JJurisich_CVCarbon","lease_number":"32024","archive":null}},{"type":"Feature","id":880,"geometry":{"type":"Point","coordinates":[-9976685.5785000008,3424655.3047999963]},"properties":{"OBJECTID":880,"substrate":"Solid Reef","substrate_type":null,"buried_shell_depth":null,"water_depth":null,"GlobalID":"{2E9C4E77-13A6-45DC-B106-FBB07B99830D}","created_user":"johnyjurisich_CVCarbon","created_date":1763674404653,"last_edited_user":"jjordan_CVCarbon","last_edited_date":1780856289203,"polling_date":1763672508000,"permission_group":"johnyjurisich_CVCarbon,JJurisich_CVCarbon","lease_number":"32024","archive":null}},{"type":"Feature","id":881,"geometry":{"type":"Point","coordinates":[-9976693.7048000004,3424665.1036000028]},"properties":{"OBJECTID":881,"substrate":"Solid Reef","substrate_type":null,"buried_shell_depth":null,"water_depth":null,"GlobalID":"{2B8F884D-7261-4805-9194-C3197DD91689}","created_user":"johnyjurisich_CVCarbon","created_date":1763674404653,"last_edited_user":"jjordan_CVCarbon","last_edited_date":1780856289203,"polling_date":1763672504000,"permission_group":"johnyjurisich_CVCarbon,JJurisich_CVCarbon","lease_number":"32024","archive":null}},{"type":"Feature","id":882,"geometry":{"type":"Point","coordinates":[-9976700.0500000007,3424672.4368000031]},"properties":{"OBJECTID":882,"substrate":"Solid Reef","substrate_type":null,"buried_shell_depth":null,"water_depth":null,"GlobalID":"{8EFCFE3F-25E7-43B8-B6A7-ECDC20895EB6}","created_user":"johnyjurisich_CVCarbon","created_date":1763674404653,"last_edited_user":"jjordan_CVCarbon","last_edited_date":1780856289203,"polling_date":1763672501000,"permission_group":"johnyjurisich_CVCarbon,JJurisich_CVCarbon","lease_number":"32024","archive":null}},{"type":"Feature","id":883,"geometry":{"type":"Point","coordinates":[-9976708.2320000008,3424682.4527999982]},"properties":{"OBJECTID":883,"substrate":"Solid Reef","substrate_type":null,"buried_shell_depth":null,"water_depth":null,"GlobalID":"{4A335560-FD9E-47D5-BE13-66193A6D8C38}","created_user":"johnyjurisich_CVCarbon","created_date":1763674404653,"last_edited_user":"jjordan_CVCarbon","last_edited_date":1780856289203,"polling_date":1763672497000,"permission_group":"johnyjurisich_CVCarbon,JJurisich_CVCarbon","lease_number":"32024","archive":null}},{"type":"Feature","id":884,"geometry":{"type":"Point","coordinates":[-9976714.6328999996,3424690.2458999977]},"properties":{"OBJECTID":884,"substrate":"Solid Reef","substrate_type":null,"buried_shell_depth":null,"water_depth":null,"GlobalID":"{91F72B68-9A8A-4F18-9B24-9685055D1811}","created_user":"johnyjurisich_CVCarbon","created_date":1763674404653,"last_edited_user":"jjordan_CVCarbon","last_edited_date":1780856289203,"polling_date":1763672494000,"permission_group":"johnyjurisich_CVCarbon,JJurisich_CVCarbon","lease_number":"32024","archive":null}},{"type":"Feature","id":885,"geometry":{"type":"Point","coordinates":[-9976720.5550999995,3424697.6429999992]},"properties":{"OBJECTID":885,"substrate":"Solid Reef","substrate_type":null,"buried_shell_depth":null,"water_depth":null,"GlobalID":"{6F1861B8-68B4-467E-8ECE-16B079C459A7}","created_user":"johnyjurisich_CVCarbon","created_date":1763674404653,"last_edited_user":"jjordan_CVCarbon","last_edited_date":1780856289203,"polling_date":1763672491000,"permission_group":"johnyjurisich_CVCarbon,JJurisich_CVCarbon","lease_number":"32024","archive":null}},{"type":"Feature","id":886,"geometry":{"type":"Point","coordinates":[-9976730.5182000007,3424709.7414999977]},"properties":{"OBJECTID":886,"substrate":"Scattered Shell","substrate_type":null,"buried_shell_depth":null,"water_depth":null,"GlobalID":"{1098B4F3-DC72-4424-ACA1-90BCD65F8CD6}","created_user":"johnyjurisich_CVCarbon","created_date":1763674404653,"last_edited_user":"jjordan_CVCarbon","last_edited_date":1780856289203,"polling_date":1763672486000,"permission_group":"johnyjurisich_CVCarbon,JJurisich_CVCarbon","lease_number":"32024","archive":null}},{"type":"Feature","id":887,"geometry":{"type":"Point","coordinates":[-9976740.1807000004,3424722.1722000018]},"properties":{"OBJECTID":887,"substrate":"Solid Reef","substrate_type":null,"buried_shell_depth":null,"water_depth":null,"GlobalID":"{0EBACD42-A216-478F-9457-33AE210164A1}","created_user":"johnyjurisich_CVCarbon","created_date":1763674404653,"last_edited_user":"jjordan_CVCarbon","last_edited_date":1780856289203,"polling_date":1763672481000,"permission_group":"johnyjurisich_CVCarbon,JJurisich_CVCarbon","lease_number":"32024","archive":null}},{"type":"Feature","id":888,"geometry":{"type":"Point","coordinates":[-9976745.6019000001,3424729.5692000017]},"properties":{"OBJECTID":888,"substrate":"Solid Reef","substrate_type":null,"buried_shell_depth":null,"water_depth":null,"GlobalID":"{82E49B8E-9401-4CEA-85D6-E71F1C8F733A}","created_user":"johnyjurisich_CVCarbon","created_date":1763674404653,"last_edited_user":"jjordan_CVCarbon","last_edited_date":1780856289203,"polling_date":1763672478000,"permission_group":"johnyjurisich_CVCarbon,JJurisich_CVCarbon","lease_number":"32024","archive":null}},{"type":"Feature","id":889,"geometry":{"type":"Point","coordinates":[-9976753.1271000002,3424740.5691]},"properties":{"OBJECTID":889,"substrate":"Solid Reef","substrate_type":null,"buried_shell_depth":null,"water_depth":null,"GlobalID":"{712A3CB9-5DC4-4F8F-A402-38189CEDE828}","created_user":"johnyjurisich_CVCarbon","created_date":1763674404653,"last_edited_user":"jjordan_CVCarbon","last_edited_date":1780856289203,"polling_date":1763672474000,"permission_group":"johnyjurisich_CVCarbon,JJurisich_CVCarbon","lease_number":"32024","archive":null}},{"type":"Feature","id":890,"geometry":{"type":"Point","coordinates":[-9976468.1938000005,3424079.4213000014]},"properties":{"OBJECTID":890,"substrate":"Mud","substrate_type":null,"buried_shell_depth":null,"water_depth":null,"GlobalID":"{CFF61BE7-FA49-4614-A205-97EB6F30A79E}","created_user":"johnyjurisich_CVCarbon","created_date":1763734941999,"last_edited_user":"jjordan_CVCarbon","last_edited_date":1780856289203,"polling_date":1763734934000,"permission_group":"johnyjurisich_CVCarbon,JJurisich_CVCarbon","lease_number":"32024","archive":null}},{"type":"Feature","id":891,"geometry":{"type":"Point","coordinates":[-9976460.7909999993,3424073.3148000017]},"properties":{"OBJECTID":891,"substrate":"Mud","substrate_type":null,"buried_shell_depth":null,"water_depth":null,"GlobalID":"{64210882-CCAD-4A92-8058-E43898DA4B6C}","created_user":"johnyjurisich_CVCarbon","created_date":1763734941999,"last_edited_user":"jjordan_CVCarbon","last_edited_date":1780856289203,"polling_date":1763734931000,"permission_group":"johnyjurisich_CVCarbon,JJurisich_CVCarbon","lease_number":"32024","archive":null}},{"type":"Feature","id":892,"geometry":{"type":"Point","coordinates":[-9976510.2948000003,3424140.8562999964]},"properties":{"OBJECTID":892,"substrate":"Mud","substrate_type":null,"buried_shell_depth":null,"water_depth":null,"GlobalID":"{D107F42A-FBCC-4413-BA4C-16E057438FC5}","created_user":"johnyjurisich_CVCarbon","created_date":1763734964523,"last_edited_user":"jjordan_CVCarbon","last_edited_date":1780856289203,"polling_date":1763734957000,"permission_group":"johnyjurisich_CVCarbon,JJurisich_CVCarbon","lease_number":"32024","archive":null}},{"type":"Feature","id":893,"geometry":{"type":"Point","coordinates":[-9976501.6340999994,3424127.5063999966]},"properties":{"OBJECTID":893,"substrate":"Mud","substrate_type":null,"buried_shell_depth":null,"water_depth":null,"GlobalID":"{C9CEA149-2F02-415D-8A66-3580934CC2D6}","created_user":"johnyjurisich_CVCarbon","created_date":1763734964523,"last_edited_user":"jjordan_CVCarbon","last_edited_date":1780856289203,"polling_date":1763734952000,"permission_group":"johnyjurisich_CVCarbon,JJurisich_CVCarbon","lease_number":"32024","archive":null}},{"type":"Feature","id":894,"geometry":{"type":"Point","coordinates":[-9976498.3947999999,3424122.0258999988]},"properties":{"OBJECTID":894,"substrate":"Mud","substrate_type":null,"buried_shell_depth":null,"water_depth":null,"GlobalID":"{334F4AB7-673E-48B6-BD07-9C69C3EEF4BF}","created_user":"johnyjurisich_CVCarbon","created_date":1763734964523,"last_edited_user":"jjordan_CVCarbon","last_edited_date":1780856289203,"polling_date":1763734950000,"permission_group":"johnyjurisich_CVCarbon,JJurisich_CVCarbon","lease_number":"32024","archive":null}},{"type":"Feature","id":895,"geometry":{"type":"Point","coordinates":[-9976493.1961000003,3424113.9649000019]},"properties":{"OBJECTID":895,"substrate":"Mud","substrate_type":null,"buried_shell_depth":null,"water_depth":null,"GlobalID":"{3CCC524C-7214-40B6-A113-6CF4969AA0B6}","created_user":"johnyjurisich_CVCarbon","created_date":1763734964523,"last_edited_user":"jjordan_CVCarbon","last_edited_date":1780856289203,"polling_date":1763734947000,"permission_group":"johnyjurisich_CVCarbon,JJurisich_CVCarbon","lease_number":"32024","archive":null}},{"type":"Feature","id":896,"geometry":{"type":"Point","coordinates":[-9976483.1774000004,3424099.5547000021]},"properties":{"OBJECTID":896,"substrate":"Mud","substrate_type":null,"buried_shell_depth":null,"water_depth":null,"GlobalID":"{835CF301-19CA-4177-853C-92792D86AC1F}","created_user":"johnyjurisich_CVCarbon","created_date":1763734964523,"last_edited_user":"jjordan_CVCarbon","last_edited_date":1780856289203,"polling_date":1763734942000,"permission_group":"johnyjurisich_CVCarbon,JJurisich_CVCarbon","lease_number":"32024","archive":null}},{"type":"Feature","id":897,"geometry":{"type":"Point","coordinates":[-9976479.4147999994,3424093.7547999993]},"properties":{"OBJECTID":897,"substrate":"Mud","substrate_type":null,"buried_shell_depth":null,"water_depth":null,"GlobalID":"{C2B6066C-C668-4965-BBAC-C7FDBD9FE013}","created_user":"johnyjurisich_CVCarbon","created_date":1763734964523,"last_edited_user":"jjordan_CVCarbon","last_edited_date":1780856289203,"polling_date":1763734940000,"permission_group":"johnyjurisich_CVCarbon,JJurisich_CVCarbon","lease_number":"32024","archive":null}},{"type":"Feature","id":898,"geometry":{"type":"Point","coordinates":[-9976559.2753999997,3424206.9417999983]},"properties":{"OBJECTID":898,"substrate":"Scattered Shell","substrate_type":null,"buried_shell_depth":null,"water_depth":null,"GlobalID":"{BE109DD6-20DE-4E1D-BE44-024ECDCCDC8B}","created_user":"johnyjurisich_CVCarbon","created_date":1763734988176,"last_edited_user":"jjordan_CVCarbon","last_edited_date":1780856289203,"polling_date":1763734982000,"permission_group":"johnyjurisich_CVCarbon,JJurisich_CVCarbon","lease_number":"32024","archive":null}},{"type":"Feature","id":899,"geometry":{"type":"Point","coordinates":[-9976552.0395999998,3424195.8401999995]},"properties":{"OBJECTID":899,"substrate":"Buried Shell","substrate_type":null,"buried_shell_depth":null,"water_depth":null,"GlobalID":"{73E2BAAE-72AE-4D8F-884F-238557B6A707}","created_user":"johnyjurisich_CVCarbon","created_date":1763734988176,"last_edited_user":"jjordan_CVCarbon","last_edited_date":1780856289203,"polling_date":1763734978000,"permission_group":"johnyjurisich_CVCarbon,JJurisich_CVCarbon","lease_number":"32024","archive":null}},{"type":"Feature","id":900,"geometry":{"type":"Point","coordinates":[-9976543.5905000009,3424186.424999997]},"properties":{"OBJECTID":900,"substrate":"Scattered Shell","substrate_type":null,"buried_shell_depth":null,"water_depth":null,"GlobalID":"{9A4CBFBB-71E8-4F84-ABAF-C268FFDD5CE6}","created_user":"johnyjurisich_CVCarbon","created_date":1763734988176,"last_edited_user":"jjordan_CVCarbon","last_edited_date":1780856289203,"polling_date":1763734974000,"permission_group":"johnyjurisich_CVCarbon,JJurisich_CVCarbon","lease_number":"32024","archive":null}},{"type":"Feature","id":901,"geometry":{"type":"Point","coordinates":[-9976535.8314999994,3424175.7449999973]},"properties":{"OBJECTID":901,"substrate":"Buried Shell","substrate_type":null,"buried_shell_depth":null,"water_depth":null,"GlobalID":"{23474144-7C16-4A57-BFBC-4F903B8DD76F}","created_user":"johnyjurisich_CVCarbon","created_date":1763734988176,"last_edited_user":"jjordan_CVCarbon","last_edited_date":1780856289203,"polling_date":1763734970000,"permission_group":"johnyjurisich_CVCarbon,JJurisich_CVCarbon","lease_number":"32024","archive":null}},{"type":"Feature","id":902,"geometry":{"type":"Point","coordinates":[-9976527.9055000003,3424164.9628999978]},"properties":{"OBJECTID":902,"substrate":"Buried Shell","substrate_type":null,"buried_shell_depth":null,"water_depth":null,"GlobalID":"{ACB599E9-ED1C-460E-B0D0-96176A1E0EA8}","created_user":"johnyjurisich_CVCarbon","created_date":1763734988176,"last_edited_user":"jjordan_CVCarbon","last_edited_date":1780856289203,"polling_date":1763734966000,"permission_group":"johnyjurisich_CVCarbon,JJurisich_CVCarbon","lease_number":"32024","archive":null}},{"type":"Feature","id":903,"geometry":{"type":"Point","coordinates":[-9976516.3839999996,3424148.4447000027]},"properties":{"OBJECTID":903,"substrate":"Mud","substrate_type":null,"buried_shell_depth":null,"water_depth":null,"GlobalID":"{327CABAC-7F1C-4DFF-BA5B-0444F903338B}","created_user":"johnyjurisich_CVCarbon","created_date":1763734988176,"last_edited_user":"jjordan_CVCarbon","last_edited_date":1780856289203,"polling_date":1763734960000,"permission_group":"johnyjurisich_CVCarbon,JJurisich_CVCarbon","lease_number":"32024","archive":null}},{"type":"Feature","id":904,"geometry":{"type":"Point","coordinates":[-9976601.8884999994,3424265.3369999975]},"properties":{"OBJECTID":904,"substrate":"Buried Shell","substrate_type":null,"buried_shell_depth":null,"water_depth":null,"GlobalID":"{BD1B3947-5168-409F-A38D-6AEA36135CEC}","created_user":"johnyjurisich_CVCarbon","created_date":1763735011773,"last_edited_user":"jjordan_CVCarbon","last_edited_date":1780856289203,"polling_date":1763735004000,"permission_group":"johnyjurisich_CVCarbon,JJurisich_CVCarbon","lease_number":"32024","archive":null}},{"type":"Feature","id":905,"geometry":{"type":"Point","coordinates":[-9976591.9476999994,3424252.3828999996]},"properties":{"OBJECTID":905,"substrate":"Buried Shell","substrate_type":null,"buried_shell_depth":null,"water_depth":null,"GlobalID":"{068AEBAE-FC68-4242-9107-6E1A71040F54}","created_user":"johnyjurisich_CVCarbon","created_date":1763735011773,"last_edited_user":"jjordan_CVCarbon","last_edited_date":1780856289203,"polling_date":1763734999000,"permission_group":"johnyjurisich_CVCarbon,JJurisich_CVCarbon","lease_number":"32024","archive":null}},{"type":"Feature","id":906,"geometry":{"type":"Point","coordinates":[-9976584.5338000003,3424241.8818000033]},"properties":{"OBJECTID":906,"substrate":"Buried Shell","substrate_type":null,"buried_shell_depth":null,"water_depth":null,"GlobalID":"{5175571C-690C-482D-B095-2B7889E59106}","created_user":"johnyjurisich_CVCarbon","created_date":1763735011773,"last_edited_user":"jjordan_CVCarbon","last_edited_date":1780856289203,"polling_date":1763734995000,"permission_group":"johnyjurisich_CVCarbon,JJurisich_CVCarbon","lease_number":"32024","archive":null}},{"type":"Feature","id":907,"geometry":{"type":"Point","coordinates":[-9976576.2292999998,3424231.0229000002]},"properties":{"OBJECTID":907,"substrate":"Buried Shell","substrate_type":null,"buried_shell_depth":null,"water_depth":null,"GlobalID":"{610E6AAF-E765-4331-99F6-63AD04A5781D}","created_user":"johnyjurisich_CVCarbon","created_date":1763735011773,"last_edited_user":"jjordan_CVCarbon","last_edited_date":1780856289203,"polling_date":1763734991000,"permission_group":"johnyjurisich_CVCarbon,JJurisich_CVCarbon","lease_number":"32024","archive":null}},{"type":"Feature","id":908,"geometry":{"type":"Point","coordinates":[-9976566.5222999994,3424217.7622999996]},"properties":{"OBJECTID":908,"substrate":"Scattered Shell","substrate_type":null,"buried_shell_depth":null,"water_depth":null,"GlobalID":"{416AF83F-E257-40A8-8F89-DEA32A380B9F}","created_user":"johnyjurisich_CVCarbon","created_date":1763735011773,"last_edited_user":"jjordan_CVCarbon","last_edited_date":1780856289203,"polling_date":1763734986000,"permission_group":"johnyjurisich_CVCarbon,JJurisich_CVCarbon","lease_number":"32024","archive":null}},{"type":"Feature","id":909,"geometry":{"type":"Point","coordinates":[-9976650.6464000009,3424330.4010000005]},"properties":{"OBJECTID":909,"substrate":"Solid Reef","substrate_type":null,"buried_shell_depth":null,"water_depth":null,"GlobalID":"{204DE5E8-E451-458F-BA9D-F8DBF37E8AA0}","created_user":"johnyjurisich_CVCarbon","created_date":1763735036267,"last_edited_user":"jjordan_CVCarbon","last_edited_date":1780856289203,"polling_date":1763735029000,"permission_group":"johnyjurisich_CVCarbon,JJurisich_CVCarbon","lease_number":"32024","archive":null}},{"type":"Feature","id":910,"geometry":{"type":"Point","coordinates":[-9976642.9208000004,3424319.9126000032]},"properties":{"OBJECTID":910,"substrate":"Solid Reef","substrate_type":null,"buried_shell_depth":null,"water_depth":null,"GlobalID":"{9F93AD21-B926-4148-AE4E-4D41CAFCAD91}","created_user":"johnyjurisich_CVCarbon","created_date":1763735036267,"last_edited_user":"jjordan_CVCarbon","last_edited_date":1780856289203,"polling_date":1763735025000,"permission_group":"johnyjurisich_CVCarbon,JJurisich_CVCarbon","lease_number":"32024","archive":null}},{"type":"Feature","id":911,"geometry":{"type":"Point","coordinates":[-9976637.2992000002,3424312.2474000007]},"properties":{"OBJECTID":911,"substrate":"Scattered Shell","substrate_type":null,"buried_shell_depth":null,"water_depth":null,"GlobalID":"{788C65B5-B5BA-4C6F-88F2-07F2662214EF}","created_user":"johnyjurisich_CVCarbon","created_date":1763735036267,"last_edited_user":"jjordan_CVCarbon","last_edited_date":1780856289203,"polling_date":1763735022000,"permission_group":"johnyjurisich_CVCarbon,JJurisich_CVCarbon","lease_number":"32024","archive":null}},{"type":"Feature","id":912,"geometry":{"type":"Point","coordinates":[-9976631.5885000005,3424304.5822999999]},"properties":{"OBJECTID":912,"substrate":"Scattered Shell","substrate_type":null,"buried_shell_depth":null,"water_depth":null,"GlobalID":"{B2892BED-44EA-4443-8214-C882A6E371D2}","created_user":"johnyjurisich_CVCarbon","created_date":1763735036267,"last_edited_user":"jjordan_CVCarbon","last_edited_date":1780856289203,"polling_date":1763735019000,"permission_group":"johnyjurisich_CVCarbon,JJurisich_CVCarbon","lease_number":"32024","archive":null}},{"type":"Feature","id":913,"geometry":{"type":"Point","coordinates":[-9976621.0465999991,3424292.0243000016]},"properties":{"OBJECTID":913,"substrate":"Buried Shell","substrate_type":null,"buried_shell_depth":null,"water_depth":null,"GlobalID":"{72B744C0-026C-46DD-A30D-E3478AAA07C9}","created_user":"johnyjurisich_CVCarbon","created_date":1763735036267,"last_edited_user":"jjordan_CVCarbon","last_edited_date":1780856289203,"polling_date":1763735014000,"permission_group":"johnyjurisich_CVCarbon,JJurisich_CVCarbon","lease_number":"32024","archive":null}},{"type":"Feature","id":914,"geometry":{"type":"Point","coordinates":[-9976611.9739999995,3424278.8275000006]},"properties":{"OBJECTID":914,"substrate":"Buried Shell","substrate_type":null,"buried_shell_depth":null,"water_depth":null,"GlobalID":"{ECCF77E9-A807-4603-8A2D-49CB058900FC}","created_user":"johnyjurisich_CVCarbon","created_date":1763735036267,"last_edited_user":"jjordan_CVCarbon","last_edited_date":1780856289203,"polling_date":1763735009000,"permission_group":"johnyjurisich_CVCarbon,JJurisich_CVCarbon","lease_number":"32024","archive":null}},{"type":"Feature","id":915,"geometry":{"type":"Point","coordinates":[-9976693.2707000002,3424388.1708000004]},"properties":{"OBJECTID":915,"substrate":"Solid Reef","substrate_type":null,"buried_shell_depth":null,"water_depth":null,"GlobalID":"{50BC56E6-4959-4303-9AB7-DE3DEDD71A26}","created_user":"johnyjurisich_CVCarbon","created_date":1763735060035,"last_edited_user":"jjordan_CVCarbon","last_edited_date":1780856289203,"polling_date":1763735051000,"permission_group":"johnyjurisich_CVCarbon,JJurisich_CVCarbon","lease_number":"32024","archive":null}},{"type":"Feature","id":916,"geometry":{"type":"Point","coordinates":[-9976683.8641999997,3424374.6928000003]},"properties":{"OBJECTID":916,"substrate":"Solid Reef","substrate_type":null,"buried_shell_depth":null,"water_depth":null,"GlobalID":"{51E3AE14-FE99-4D12-A47D-CA33F1D2E654}","created_user":"johnyjurisich_CVCarbon","created_date":1763735060035,"last_edited_user":"jjordan_CVCarbon","last_edited_date":1780856289203,"polling_date":1763735046000,"permission_group":"johnyjurisich_CVCarbon,JJurisich_CVCarbon","lease_number":"32024","archive":null}},{"type":"Feature","id":917,"geometry":{"type":"Point","coordinates":[-9976678.1201000009,3424366.6572000012]},"properties":{"OBJECTID":917,"substrate":"Solid Reef","substrate_type":null,"buried_shell_depth":null,"water_depth":null,"GlobalID":"{4D0898BA-AC2D-4F5A-AA8D-699481FB6E27}","created_user":"johnyjurisich_CVCarbon","created_date":1763735060035,"last_edited_user":"jjordan_CVCarbon","last_edited_date":1780856289203,"polling_date":1763735043000,"permission_group":"johnyjurisich_CVCarbon,JJurisich_CVCarbon","lease_number":"32024","archive":null}},{"type":"Feature","id":918,"geometry":{"type":"Point","coordinates":[-9976670.1384999994,3424356.6542000026]},"properties":{"OBJECTID":918,"substrate":"Solid Reef","substrate_type":null,"buried_shell_depth":null,"water_depth":null,"GlobalID":"{3BFF5D83-DA66-4856-B7E1-E5D4BC09A69D}","created_user":"johnyjurisich_CVCarbon","created_date":1763735060035,"last_edited_user":"jjordan_CVCarbon","last_edited_date":1780856289203,"polling_date":1763735039000,"permission_group":"johnyjurisich_CVCarbon,JJurisich_CVCarbon","lease_number":"32024","archive":null}},{"type":"Feature","id":919,"geometry":{"type":"Point","coordinates":[-9976664.3052999992,3424348.7079999968]},"properties":{"OBJECTID":919,"substrate":"Solid Reef","substrate_type":null,"buried_shell_depth":null,"water_depth":null,"GlobalID":"{79D52AA1-7B94-4CE2-AA93-12D8F4988A1F}","created_user":"johnyjurisich_CVCarbon","created_date":1763735060035,"last_edited_user":"jjordan_CVCarbon","last_edited_date":1780856289203,"polling_date":1763735036000,"permission_group":"johnyjurisich_CVCarbon,JJurisich_CVCarbon","lease_number":"32024","archive":null}},{"type":"Feature","id":920,"geometry":{"type":"Point","coordinates":[-9976656.7913000006,3424337.4145999998]},"properties":{"OBJECTID":920,"substrate":"Solid Reef","substrate_type":null,"buried_shell_depth":null,"water_depth":null,"GlobalID":"{F67BA070-F713-49ED-B89B-2BDF1B93BF8A}","created_user":"johnyjurisich_CVCarbon","created_date":1763735060035,"last_edited_user":"jjordan_CVCarbon","last_edited_date":1780856289203,"polling_date":1763735032000,"permission_group":"johnyjurisich_CVCarbon,JJurisich_CVCarbon","lease_number":"32024","archive":null}},{"type":"Feature","id":921,"geometry":{"type":"Point","coordinates":[-9976741.2827000003,3424457.2980000004]},"properties":{"OBJECTID":921,"substrate":"Solid Reef","substrate_type":null,"buried_shell_depth":null,"water_depth":null,"GlobalID":"{A08E8C6A-B56A-46E9-A55C-03F35336AA6F}","created_user":"johnyjurisich_CVCarbon","created_date":1763735083502,"last_edited_user":"jjordan_CVCarbon","last_edited_date":1780856289203,"polling_date":1763735077000,"permission_group":"johnyjurisich_CVCarbon,JJurisich_CVCarbon","lease_number":"32024","archive":null}},{"type":"Feature","id":922,"geometry":{"type":"Point","coordinates":[-9976733.7908999994,3424446.8350000009]},"properties":{"OBJECTID":922,"substrate":"Solid Reef","substrate_type":null,"buried_shell_depth":null,"water_depth":null,"GlobalID":"{D1D27774-EDE7-40A1-AFF9-7B2DC69F293B}","created_user":"johnyjurisich_CVCarbon","created_date":1763735083502,"last_edited_user":"jjordan_CVCarbon","last_edited_date":1780856289203,"polling_date":1763735073000,"permission_group":"johnyjurisich_CVCarbon,JJurisich_CVCarbon","lease_number":"32024","archive":null}},{"type":"Feature","id":923,"geometry":{"type":"Point","coordinates":[-9976726.1209999993,3424436.2954000011]},"properties":{"OBJECTID":923,"substrate":"Solid Reef","substrate_type":null,"buried_shell_depth":null,"water_depth":null,"GlobalID":"{267F8429-C72A-4658-ABF8-83C3721280D2}","created_user":"johnyjurisich_CVCarbon","created_date":1763735083502,"last_edited_user":"jjordan_CVCarbon","last_edited_date":1780856289203,"polling_date":1763735069000,"permission_group":"johnyjurisich_CVCarbon,JJurisich_CVCarbon","lease_number":"32024","archive":null}},{"type":"Feature","id":924,"geometry":{"type":"Point","coordinates":[-9976711.4491000008,3424414.7305999994]},"properties":{"OBJECTID":924,"substrate":"Solid Reef","substrate_type":null,"buried_shell_depth":null,"water_depth":null,"GlobalID":"{25AFE8A6-03D1-4CF8-B5EB-558F8D16290E}","created_user":"johnyjurisich_CVCarbon","created_date":1763735083502,"last_edited_user":"jjordan_CVCarbon","last_edited_date":1780856289203,"polling_date":1763735061000,"permission_group":"johnyjurisich_CVCarbon,JJurisich_CVCarbon","lease_number":"32024","archive":null}},{"type":"Feature","id":925,"geometry":{"type":"Point","coordinates":[-9976702.2541000005,3424400.5882999972]},"properties":{"OBJECTID":925,"substrate":"Solid Reef","substrate_type":null,"buried_shell_depth":null,"water_depth":null,"GlobalID":"{E02F5285-DD70-40B1-986A-1AC6680D6F75}","created_user":"johnyjurisich_CVCarbon","created_date":1763735083502,"last_edited_user":"jjordan_CVCarbon","last_edited_date":1780856289203,"polling_date":1763735056000,"permission_group":"johnyjurisich_CVCarbon,JJurisich_CVCarbon","lease_number":"32024","archive":null}},{"type":"Feature","id":926,"geometry":{"type":"Point","coordinates":[-9976784.6862000003,3424515.5153999999]},"properties":{"OBJECTID":926,"substrate":"Solid Reef","substrate_type":null,"buried_shell_depth":null,"water_depth":null,"GlobalID":"{B73F41FA-C285-4100-8B2E-99CDB49137F3}","created_user":"johnyjurisich_CVCarbon","created_date":1763735107187,"last_edited_user":"jjordan_CVCarbon","last_edited_date":1780856289203,"polling_date":1763735099000,"permission_group":"johnyjurisich_CVCarbon,JJurisich_CVCarbon","lease_number":"32024","archive":null}},{"type":"Feature","id":927,"geometry":{"type":"Point","coordinates":[-9976779.4430999998,3424507.2370000035]},"properties":{"OBJECTID":927,"substrate":"Solid Reef","substrate_type":null,"buried_shell_depth":null,"water_depth":null,"GlobalID":"{AF31F8E3-5C65-4B3F-86CC-8AF53DF444E9}","created_user":"johnyjurisich_CVCarbon","created_date":1763735107187,"last_edited_user":"jjordan_CVCarbon","last_edited_date":1780856289203,"polling_date":1763735096000,"permission_group":"johnyjurisich_CVCarbon,JJurisich_CVCarbon","lease_number":"32024","archive":null}},{"type":"Feature","id":928,"geometry":{"type":"Point","coordinates":[-9976773.8771000002,3424499.6739000008]},"properties":{"OBJECTID":928,"substrate":"Solid Reef","substrate_type":null,"buried_shell_depth":null,"water_depth":null,"GlobalID":"{74047C94-B7D0-414D-B9C4-5DECEDFFFBA1}","created_user":"johnyjurisich_CVCarbon","created_date":1763735107187,"last_edited_user":"jjordan_CVCarbon","last_edited_date":1780856289203,"polling_date":1763735093000,"permission_group":"johnyjurisich_CVCarbon,JJurisich_CVCarbon","lease_number":"32024","archive":null}},{"type":"Feature","id":929,"geometry":{"type":"Point","coordinates":[-9976765.5614999998,3424488.431599997]},"properties":{"OBJECTID":929,"substrate":"Solid Reef","substrate_type":null,"buried_shell_depth":null,"water_depth":null,"GlobalID":"{2E1E8D73-EFD4-459A-A7CB-C16AB97F9666}","created_user":"johnyjurisich_CVCarbon","created_date":1763735107187,"last_edited_user":"jjordan_CVCarbon","last_edited_date":1780856289203,"polling_date":1763735089000,"permission_group":"johnyjurisich_CVCarbon,JJurisich_CVCarbon","lease_number":"32024","archive":null}},{"type":"Feature","id":930,"geometry":{"type":"Point","coordinates":[-9976757.1568999998,3424477.8025000021]},"properties":{"OBJECTID":930,"substrate":"Solid Reef","substrate_type":null,"buried_shell_depth":null,"water_depth":null,"GlobalID":"{4B94ED9D-5362-42E9-83CA-F16B2A52ACBC}","created_user":"johnyjurisich_CVCarbon","created_date":1763735107187,"last_edited_user":"jjordan_CVCarbon","last_edited_date":1780856289203,"polling_date":1763735085000,"permission_group":"johnyjurisich_CVCarbon,JJurisich_CVCarbon","lease_number":"32024","archive":null}},{"type":"Feature","id":931,"geometry":{"type":"Point","coordinates":[-9976749.0306000002,3424467.3650000021]},"properties":{"OBJECTID":931,"substrate":"Solid Reef","substrate_type":null,"buried_shell_depth":null,"water_depth":null,"GlobalID":"{074CA74D-670B-4453-80B3-F2C9CCC0E78C}","created_user":"johnyjurisich_CVCarbon","created_date":1763735107187,"last_edited_user":"jjordan_CVCarbon","last_edited_date":1780856289203,"polling_date":1763735081000,"permission_group":"johnyjurisich_CVCarbon,JJurisich_CVCarbon","lease_number":"32024","archive":null}},{"type":"Feature","id":932,"geometry":{"type":"Point","coordinates":[-9976831.8968000002,3424580.6062999964]},"properties":{"OBJECTID":932,"substrate":"Solid Reef","substrate_type":null,"buried_shell_depth":null,"water_depth":null,"GlobalID":"{5EAFB940-4B01-4EF8-8C86-27074F981127}","created_user":"johnyjurisich_CVCarbon","created_date":1763735130981,"last_edited_user":"jjordan_CVCarbon","last_edited_date":1780856289203,"polling_date":1763735124000,"permission_group":"johnyjurisich_CVCarbon,JJurisich_CVCarbon","lease_number":"32024","archive":null}},{"type":"Feature","id":933,"geometry":{"type":"Point","coordinates":[-9976824.5163000003,3424570.1432000026]},"properties":{"OBJECTID":933,"substrate":"Solid Reef","substrate_type":null,"buried_shell_depth":null,"water_depth":null,"GlobalID":"{E43791EB-ABDA-43FF-B0D2-90DE32E00C83}","created_user":"johnyjurisich_CVCarbon","created_date":1763735130981,"last_edited_user":"jjordan_CVCarbon","last_edited_date":1780856289203,"polling_date":1763735120000,"permission_group":"johnyjurisich_CVCarbon,JJurisich_CVCarbon","lease_number":"32024","archive":null}},{"type":"Feature","id":934,"geometry":{"type":"Point","coordinates":[-9976817.4697999991,3424559.6801000014]},"properties":{"OBJECTID":934,"substrate":"Solid Reef","substrate_type":null,"buried_shell_depth":null,"water_depth":null,"GlobalID":"{F53AB6D0-14C9-45D9-AEAC-96E6C554ABF7}","created_user":"johnyjurisich_CVCarbon","created_date":1763735130981,"last_edited_user":"jjordan_CVCarbon","last_edited_date":1780856289203,"polling_date":1763735116000,"permission_group":"johnyjurisich_CVCarbon,JJurisich_CVCarbon","lease_number":"32024","archive":null}},{"type":"Feature","id":935,"geometry":{"type":"Point","coordinates":[-9976807.1950000003,3424547.2241000012]},"properties":{"OBJECTID":935,"substrate":"Solid Reef","substrate_type":null,"buried_shell_depth":null,"water_depth":null,"GlobalID":"{8C3FEBC6-180B-45ED-8B1D-07191E8A606E}","created_user":"johnyjurisich_CVCarbon","created_date":1763735130981,"last_edited_user":"jjordan_CVCarbon","last_edited_date":1780856289203,"polling_date":1763735111000,"permission_group":"johnyjurisich_CVCarbon,JJurisich_CVCarbon","lease_number":"32024","archive":null}},{"type":"Feature","id":936,"geometry":{"type":"Point","coordinates":[-9976799.5473999996,3424536.556599997]},"properties":{"OBJECTID":936,"substrate":"Solid Reef","substrate_type":null,"buried_shell_depth":null,"water_depth":null,"GlobalID":"{F28DA449-69E9-4B53-B229-860380D6AF4D}","created_user":"johnyjurisich_CVCarbon","created_date":1763735130981,"last_edited_user":"jjordan_CVCarbon","last_edited_date":1780856289203,"polling_date":1763735107000,"permission_group":"johnyjurisich_CVCarbon,JJurisich_CVCarbon","lease_number":"32024","archive":null}},{"type":"Feature","id":937,"geometry":{"type":"Point","coordinates":[-9976791.7550000008,3424526.0807000026]},"properties":{"OBJECTID":937,"substrate":"Solid Reef","substrate_type":null,"buried_shell_depth":null,"water_depth":null,"GlobalID":"{5B9B43EF-B1D1-48BE-A166-CBE7E59A90F2}","created_user":"johnyjurisich_CVCarbon","created_date":1763735130981,"last_edited_user":"jjordan_CVCarbon","last_edited_date":1780856289203,"polling_date":1763735103000,"permission_group":"johnyjurisich_CVCarbon,JJurisich_CVCarbon","lease_number":"32024","archive":null}},{"type":"Feature","id":938,"geometry":{"type":"Point","coordinates":[-9976878.1612,3424644.5988000035]},"properties":{"OBJECTID":938,"substrate":"Solid Reef","substrate_type":null,"buried_shell_depth":null,"water_depth":null,"GlobalID":"{D0798F07-4514-4352-9DC4-571A044BA44B}","created_user":"johnyjurisich_CVCarbon","created_date":1763735154794,"last_edited_user":"jjordan_CVCarbon","last_edited_date":1780856289203,"polling_date":1763735148000,"permission_group":"johnyjurisich_CVCarbon,JJurisich_CVCarbon","lease_number":"32024","archive":null}},{"type":"Feature","id":939,"geometry":{"type":"Point","coordinates":[-9976870.5247000009,3424634.3783999979]},"properties":{"OBJECTID":939,"substrate":"Solid Reef","substrate_type":null,"buried_shell_depth":null,"water_depth":null,"GlobalID":"{306EDA59-CCEF-4578-9199-F0DB1693F451}","created_user":"johnyjurisich_CVCarbon","created_date":1763735154794,"last_edited_user":"jjordan_CVCarbon","last_edited_date":1780856289203,"polling_date":1763735144000,"permission_group":"johnyjurisich_CVCarbon,JJurisich_CVCarbon","lease_number":"32024","archive":null}},{"type":"Feature","id":940,"geometry":{"type":"Point","coordinates":[-9976862.7212000005,3424622.7910000011]},"properties":{"OBJECTID":940,"substrate":"Solid Reef","substrate_type":null,"buried_shell_depth":null,"water_depth":null,"GlobalID":"{B305EE31-84E7-4942-BC91-08341471131B}","created_user":"johnyjurisich_CVCarbon","created_date":1763735154794,"last_edited_user":"jjordan_CVCarbon","last_edited_date":1780856289203,"polling_date":1763735140000,"permission_group":"johnyjurisich_CVCarbon,JJurisich_CVCarbon","lease_number":"32024","archive":null}},{"type":"Feature","id":941,"geometry":{"type":"Point","coordinates":[-9976854.6950000003,3424611.6379999965]},"properties":{"OBJECTID":941,"substrate":"Solid Reef","substrate_type":null,"buried_shell_depth":null,"water_depth":null,"GlobalID":"{E6144A94-EC49-4EC7-924B-B009B0E81B19}","created_user":"johnyjurisich_CVCarbon","created_date":1763735154794,"last_edited_user":"jjordan_CVCarbon","last_edited_date":1780856289203,"polling_date":1763735136000,"permission_group":"johnyjurisich_CVCarbon,JJurisich_CVCarbon","lease_number":"32024","archive":null}},{"type":"Feature","id":942,"geometry":{"type":"Point","coordinates":[-9976847.1698000003,3424601.8774999976]},"properties":{"OBJECTID":942,"substrate":"Solid Reef","substrate_type":null,"buried_shell_depth":null,"water_depth":null,"GlobalID":"{956EC08B-0C41-42FF-9C03-177DEB8C2D68}","created_user":"johnyjurisich_CVCarbon","created_date":1763735154794,"last_edited_user":"jjordan_CVCarbon","last_edited_date":1780856289203,"polling_date":1763735132000,"permission_group":"johnyjurisich_CVCarbon,JJurisich_CVCarbon","lease_number":"32024","archive":null}},{"type":"Feature","id":943,"geometry":{"type":"Point","coordinates":[-9976840.5018000007,3424591.6827000007]},"properties":{"OBJECTID":943,"substrate":"Solid Reef","substrate_type":null,"buried_shell_depth":null,"water_depth":null,"GlobalID":"{FBB40A24-EAB4-40A5-BFF2-D194DBE23832}","created_user":"johnyjurisich_CVCarbon","created_date":1763735154794,"last_edited_user":"jjordan_CVCarbon","last_edited_date":1780856289203,"polling_date":1763735128000,"permission_group":"johnyjurisich_CVCarbon,JJurisich_CVCarbon","lease_number":"32024","archive":null}},{"type":"Feature","id":944,"geometry":{"type":"Point","coordinates":[-9976922.4663999993,3424704.9378999993]},"properties":{"OBJECTID":944,"substrate":"Scattered Shell","substrate_type":null,"buried_shell_depth":null,"water_depth":null,"GlobalID":"{C304D522-22F8-4C82-B230-F5FB44F490FF}","created_user":"johnyjurisich_CVCarbon","created_date":1763735179247,"last_edited_user":"jjordan_CVCarbon","last_edited_date":1780856289203,"polling_date":1763735171000,"permission_group":"johnyjurisich_CVCarbon,JJurisich_CVCarbon","lease_number":"32024","archive":null}},{"type":"Feature","id":945,"geometry":{"type":"Point","coordinates":[-9976915.1526999995,3424694.615199998]},"properties":{"OBJECTID":945,"substrate":"Scattered Shell","substrate_type":null,"buried_shell_depth":null,"water_depth":null,"GlobalID":"{27E9547A-3638-4955-BC85-E7850ACC690D}","created_user":"johnyjurisich_CVCarbon","created_date":1763735179247,"last_edited_user":"jjordan_CVCarbon","last_edited_date":1780856289203,"polling_date":1763735167000,"permission_group":"johnyjurisich_CVCarbon,JJurisich_CVCarbon","lease_number":"32024","archive":null}},{"type":"Feature","id":946,"geometry":{"type":"Point","coordinates":[-9976906.7703000009,3424684.0498000011]},"properties":{"OBJECTID":946,"substrate":"Scattered Shell","substrate_type":null,"buried_shell_depth":null,"water_depth":null,"GlobalID":"{7E46D825-8206-4B92-A650-76013211B258}","created_user":"johnyjurisich_CVCarbon","created_date":1763735179247,"last_edited_user":"jjordan_CVCarbon","last_edited_date":1780856289203,"polling_date":1763735163000,"permission_group":"johnyjurisich_CVCarbon,JJurisich_CVCarbon","lease_number":"32024","archive":null}},{"type":"Feature","id":947,"geometry":{"type":"Point","coordinates":[-9976899.2116999999,3424672.9733999968]},"properties":{"OBJECTID":947,"substrate":"Solid Reef","substrate_type":null,"buried_shell_depth":null,"water_depth":null,"GlobalID":"{8A78111E-C2C1-4D47-8A3B-6A98DAB0AE9D}","created_user":"johnyjurisich_CVCarbon","created_date":1763735179247,"last_edited_user":"jjordan_CVCarbon","last_edited_date":1780856289203,"polling_date":1763735159000,"permission_group":"johnyjurisich_CVCarbon,JJurisich_CVCarbon","lease_number":"32024","archive":null}},{"type":"Feature","id":948,"geometry":{"type":"Point","coordinates":[-9976891.8758000005,3424661.8713999987]},"properties":{"OBJECTID":948,"substrate":"Solid Reef","substrate_type":null,"buried_shell_depth":null,"water_depth":null,"GlobalID":"{706156D6-443C-453C-A38B-D4F5A0550EAD}","created_user":"johnyjurisich_CVCarbon","created_date":1763735179247,"last_edited_user":"jjordan_CVCarbon","last_edited_date":1780856289203,"polling_date":1763735155000,"permission_group":"johnyjurisich_CVCarbon,JJurisich_CVCarbon","lease_number":"32024","archive":null}},{"type":"Feature","id":949,"geometry":{"type":"Point","coordinates":[-9976884.2503999993,3424651.9447999969]},"properties":{"OBJECTID":949,"substrate":"Solid Reef","substrate_type":null,"buried_shell_depth":null,"water_depth":null,"GlobalID":"{FFEF9AC5-C8D7-44B1-8107-06886D3B2C77}","created_user":"johnyjurisich_CVCarbon","created_date":1763735179247,"last_edited_user":"jjordan_CVCarbon","last_edited_date":1780856289203,"polling_date":1763735151000,"permission_group":"johnyjurisich_CVCarbon,JJurisich_CVCarbon","lease_number":"32024","archive":null}},{"type":"Feature","id":950,"geometry":{"type":"Point","coordinates":[-9976969.5545000006,3424766.3247999996]},"properties":{"OBJECTID":950,"substrate":"Solid Reef","substrate_type":null,"buried_shell_depth":null,"water_depth":null,"GlobalID":"{5EBFAD9F-D398-47C5-8518-92141067103F}","created_user":"johnyjurisich_CVCarbon","created_date":1763735203886,"last_edited_user":"jjordan_CVCarbon","last_edited_date":1780856289203,"polling_date":1763735195000,"permission_group":"johnyjurisich_CVCarbon,JJurisich_CVCarbon","lease_number":"32024","archive":null}},{"type":"Feature","id":951,"geometry":{"type":"Point","coordinates":[-9976961.8622999992,3424755.5292999968]},"properties":{"OBJECTID":951,"substrate":"Solid Reef","substrate_type":null,"buried_shell_depth":null,"water_depth":null,"GlobalID":"{CC613F8C-2BC8-4A85-83BE-8C6E5E175886}","created_user":"johnyjurisich_CVCarbon","created_date":1763735203886,"last_edited_user":"jjordan_CVCarbon","last_edited_date":1780856289203,"polling_date":1763735191000,"permission_group":"johnyjurisich_CVCarbon,JJurisich_CVCarbon","lease_number":"32024","archive":null}},{"type":"Feature","id":952,"geometry":{"type":"Point","coordinates":[-9976951.7322000004,3424743.3030000031]},"properties":{"OBJECTID":952,"substrate":"Solid Reef","substrate_type":null,"buried_shell_depth":null,"water_depth":null,"GlobalID":"{30D9B0E2-6FA1-423C-A872-EB4D04BFA1DC}","created_user":"johnyjurisich_CVCarbon","created_date":1763735203886,"last_edited_user":"jjordan_CVCarbon","last_edited_date":1780856289203,"polling_date":1763735186000,"permission_group":"johnyjurisich_CVCarbon,JJurisich_CVCarbon","lease_number":"32024","archive":null}},{"type":"Feature","id":953,"geometry":{"type":"Point","coordinates":[-9976944.1624999996,3424732.814199999]},"properties":{"OBJECTID":953,"substrate":"Solid Reef","substrate_type":null,"buried_shell_depth":null,"water_depth":null,"GlobalID":"{572DE641-5B31-4682-BEF8-DE87A4E83687}","created_user":"johnyjurisich_CVCarbon","created_date":1763735203886,"last_edited_user":"jjordan_CVCarbon","last_edited_date":1780856289203,"polling_date":1763735182000,"permission_group":"johnyjurisich_CVCarbon,JJurisich_CVCarbon","lease_number":"32024","archive":null}},{"type":"Feature","id":954,"geometry":{"type":"Point","coordinates":[-9976936.7263999991,3424722.4020999968]},"properties":{"OBJECTID":954,"substrate":"Solid Reef","substrate_type":null,"buried_shell_depth":null,"water_depth":null,"GlobalID":"{5F5097AC-4E4A-4713-AC9F-A9F59124AD04}","created_user":"johnyjurisich_CVCarbon","created_date":1763735203886,"last_edited_user":"jjordan_CVCarbon","last_edited_date":1780856289203,"polling_date":1763735178000,"permission_group":"johnyjurisich_CVCarbon,JJurisich_CVCarbon","lease_number":"32024","archive":null}},{"type":"Feature","id":955,"geometry":{"type":"Point","coordinates":[-9976930.3144000005,3424714.7877999991]},"properties":{"OBJECTID":955,"substrate":"Solid Reef","substrate_type":null,"buried_shell_depth":null,"water_depth":null,"GlobalID":"{AFAFD2C9-BF26-4B04-8822-30695485E723}","created_user":"johnyjurisich_CVCarbon","created_date":1763735203886,"last_edited_user":"jjordan_CVCarbon","last_edited_date":1780856289203,"polling_date":1763735175000,"permission_group":"johnyjurisich_CVCarbon,JJurisich_CVCarbon","lease_number":"32024","archive":null}},{"type":"Feature","id":956,"geometry":{"type":"Point","coordinates":[-9977016.1083000004,3424828.6828999966]},"properties":{"OBJECTID":956,"substrate":"Firm/Hard Bottom","substrate_type":null,"buried_shell_depth":null,"water_depth":null,"GlobalID":"{B873612D-A649-46BA-90D5-C12CC17C9FA6}","created_user":"johnyjurisich_CVCarbon","created_date":1763735228140,"last_edited_user":"jjordan_CVCarbon","last_edited_date":1780856289203,"polling_date":1763735220000,"permission_group":"johnyjurisich_CVCarbon,JJurisich_CVCarbon","lease_number":"32024","archive":null}},{"type":"Feature","id":957,"geometry":{"type":"Point","coordinates":[-9977007.1916000005,3424818.1812999994]},"properties":{"OBJECTID":957,"substrate":"Mud","substrate_type":null,"buried_shell_depth":null,"water_depth":null,"GlobalID":"{EC48B0FD-FA88-49CE-AA31-8BD0D16CFD95}","created_user":"johnyjurisich_CVCarbon","created_date":1763735228140,"last_edited_user":"jjordan_CVCarbon","last_edited_date":1780856289203,"polling_date":1763735215000,"permission_group":"johnyjurisich_CVCarbon,JJurisich_CVCarbon","lease_number":"32024","archive":null}},{"type":"Feature","id":958,"geometry":{"type":"Point","coordinates":[-9976999.9559000004,3424808.1268000007]},"properties":{"OBJECTID":958,"substrate":"Firm/Hard Bottom","substrate_type":null,"buried_shell_depth":null,"water_depth":null,"GlobalID":"{C0EFF80A-0F58-475E-817C-0B334211CA09}","created_user":"johnyjurisich_CVCarbon","created_date":1763735228140,"last_edited_user":"jjordan_CVCarbon","last_edited_date":1780856289203,"polling_date":1763735211000,"permission_group":"johnyjurisich_CVCarbon,JJurisich_CVCarbon","lease_number":"32024","archive":null}},{"type":"Feature","id":959,"geometry":{"type":"Point","coordinates":[-9976992.2636999991,3424797.3568999991]},"properties":{"OBJECTID":959,"substrate":"Scattered Shell","substrate_type":null,"buried_shell_depth":null,"water_depth":null,"GlobalID":"{D0179DBC-FC41-4C06-B3B9-E987C4BF2B9E}","created_user":"johnyjurisich_CVCarbon","created_date":1763735228140,"last_edited_user":"jjordan_CVCarbon","last_edited_date":1780856289203,"polling_date":1763735207000,"permission_group":"johnyjurisich_CVCarbon,JJurisich_CVCarbon","lease_number":"32024","archive":null}},{"type":"Feature","id":960,"geometry":{"type":"Point","coordinates":[-9976984.7050999999,3424786.6763999984]},"properties":{"OBJECTID":960,"substrate":"Firm/Hard Bottom","substrate_type":null,"buried_shell_depth":null,"water_depth":null,"GlobalID":"{E360A18F-9CA7-4348-9954-2B07C85C019C}","created_user":"johnyjurisich_CVCarbon","created_date":1763735228140,"last_edited_user":"jjordan_CVCarbon","last_edited_date":1780856289203,"polling_date":1763735203000,"permission_group":"johnyjurisich_CVCarbon,JJurisich_CVCarbon","lease_number":"32024","archive":null}},{"type":"Feature","id":961,"geometry":{"type":"Point","coordinates":[-9976975.4543999992,3424774.1050999984]},"properties":{"OBJECTID":961,"substrate":"Scattered Shell","substrate_type":null,"buried_shell_depth":null,"water_depth":null,"GlobalID":"{56970FE6-60C6-4179-BCF2-01F07F29B2AE}","created_user":"johnyjurisich_CVCarbon","created_date":1763735228140,"last_edited_user":"jjordan_CVCarbon","last_edited_date":1780856289203,"polling_date":1763735198000,"permission_group":"johnyjurisich_CVCarbon,JJurisich_CVCarbon","lease_number":"32024","archive":null}},{"type":"Feature","id":962,"geometry":{"type":"Point","coordinates":[-9977033.0956999995,3424798.8132999986]},"properties":{"OBJECTID":962,"substrate":"Firm/Hard Bottom","substrate_type":null,"buried_shell_depth":null,"water_depth":null,"GlobalID":"{4CF3807C-CDF6-44DC-9DCF-6209519753F8}","created_user":"johnyjurisich_CVCarbon","created_date":1763735251742,"last_edited_user":"jjordan_CVCarbon","last_edited_date":1780856289203,"polling_date":1763735244000,"permission_group":"johnyjurisich_CVCarbon,JJurisich_CVCarbon","lease_number":"32024","archive":null}},{"type":"Feature","id":963,"geometry":{"type":"Point","coordinates":[-9977039.1068999991,3424806.7981000021]},"properties":{"OBJECTID":963,"substrate":"Firm/Hard Bottom","substrate_type":null,"buried_shell_depth":null,"water_depth":null,"GlobalID":"{8808C3AA-ADBA-4227-A72C-08E14BE123D3}","created_user":"johnyjurisich_CVCarbon","created_date":1763735251742,"last_edited_user":"jjordan_CVCarbon","last_edited_date":1780856289203,"polling_date":1763735240000,"permission_group":"johnyjurisich_CVCarbon,JJurisich_CVCarbon","lease_number":"32024","archive":null}},{"type":"Feature","id":964,"geometry":{"type":"Point","coordinates":[-9977041.4780000001,3424814.6806999967]},"properties":{"OBJECTID":964,"substrate":"Firm/Hard Bottom","substrate_type":null,"buried_shell_depth":null,"water_depth":null,"GlobalID":"{05499C74-2066-44DF-BDF9-DF210D77BC76}","created_user":"johnyjurisich_CVCarbon","created_date":1763735251742,"last_edited_user":"jjordan_CVCarbon","last_edited_date":1780856289203,"polling_date":1763735236000,"permission_group":"johnyjurisich_CVCarbon,JJurisich_CVCarbon","lease_number":"32024","archive":null}},{"type":"Feature","id":965,"geometry":{"type":"Point","coordinates":[-9977036.6801999994,3424825.7444999963]},"properties":{"OBJECTID":965,"substrate":"Firm/Hard Bottom","substrate_type":null,"buried_shell_depth":null,"water_depth":null,"GlobalID":"{8C8F1C51-5A7C-47F7-B5B0-4DE2A9DFB9DB}","created_user":"johnyjurisich_CVCarbon","created_date":1763735251742,"last_edited_user":"jjordan_CVCarbon","last_edited_date":1780856289203,"polling_date":1763735230000,"permission_group":"johnyjurisich_CVCarbon,JJurisich_CVCarbon","lease_number":"32024","archive":null}},{"type":"Feature","id":966,"geometry":{"type":"Point","coordinates":[-9977024.9582000002,3424830.126500003]},"properties":{"OBJECTID":966,"substrate":"Firm/Hard Bottom","substrate_type":null,"buried_shell_depth":null,"water_depth":null,"GlobalID":"{13E17102-8715-416D-8D06-F2E45FC5B18D}","created_user":"johnyjurisich_CVCarbon","created_date":1763735251742,"last_edited_user":"jjordan_CVCarbon","last_edited_date":1780856289203,"polling_date":1763735224000,"permission_group":"johnyjurisich_CVCarbon,JJurisich_CVCarbon","lease_number":"32024","archive":null}},{"type":"Feature","id":967,"geometry":{"type":"Point","coordinates":[-9977001.0133999996,3424754.3795000017]},"properties":{"OBJECTID":967,"substrate":"Scattered Shell","substrate_type":null,"buried_shell_depth":null,"water_depth":null,"GlobalID":"{80C9A137-985F-4CDE-8E83-88E35668CB04}","created_user":"johnyjurisich_CVCarbon","created_date":1763735275140,"last_edited_user":"jjordan_CVCarbon","last_edited_date":1780856289203,"polling_date":1763735263000,"permission_group":"johnyjurisich_CVCarbon,JJurisich_CVCarbon","lease_number":"32024","archive":null}},{"type":"Feature","id":968,"geometry":{"type":"Point","coordinates":[-9977008.9505000003,3424766.8229999989]},"properties":{"OBJECTID":968,"substrate":"Scattered Shell","substrate_type":null,"buried_shell_depth":null,"water_depth":null,"GlobalID":"{FFD299D7-6825-44E4-B9B4-EB6B0D2F7099}","created_user":"johnyjurisich_CVCarbon","created_date":1763735275140,"last_edited_user":"jjordan_CVCarbon","last_edited_date":1780856289203,"polling_date":1763735258000,"permission_group":"johnyjurisich_CVCarbon,JJurisich_CVCarbon","lease_number":"32024","archive":null}},{"type":"Feature","id":969,"geometry":{"type":"Point","coordinates":[-9977015.3847000003,3424777.0434999987]},"properties":{"OBJECTID":969,"substrate":"Scattered Shell","substrate_type":null,"buried_shell_depth":null,"water_depth":null,"GlobalID":"{DB133E29-7C80-45D8-9BCD-4E51D9069218}","created_user":"johnyjurisich_CVCarbon","created_date":1763735275140,"last_edited_user":"jjordan_CVCarbon","last_edited_date":1780856289203,"polling_date":1763735254000,"permission_group":"johnyjurisich_CVCarbon,JJurisich_CVCarbon","lease_number":"32024","archive":null}},{"type":"Feature","id":970,"geometry":{"type":"Point","coordinates":[-9977024.0788000003,3424788.4650000036]},"properties":{"OBJECTID":970,"substrate":"Firm/Hard Bottom","substrate_type":null,"buried_shell_depth":null,"water_depth":null,"GlobalID":"{744E1AB5-FBFA-427B-8DF6-734308D0A004}","created_user":"johnyjurisich_CVCarbon","created_date":1763735275140,"last_edited_user":"jjordan_CVCarbon","last_edited_date":1780856289203,"polling_date":1763735249000,"permission_group":"johnyjurisich_CVCarbon,JJurisich_CVCarbon","lease_number":"32024","archive":null}},{"type":"Feature","id":971,"geometry":{"type":"Point","coordinates":[-9976956.0068999995,3424696.5314999968]},"properties":{"OBJECTID":971,"substrate":"Buried Shell","substrate_type":null,"buried_shell_depth":null,"water_depth":null,"GlobalID":"{EF00670D-C1C0-4C89-9E11-14C47F93B155}","created_user":"johnyjurisich_CVCarbon","created_date":1763735298709,"last_edited_user":"jjordan_CVCarbon","last_edited_date":1780856289203,"polling_date":1763735288000,"permission_group":"johnyjurisich_CVCarbon,JJurisich_CVCarbon","lease_number":"32024","archive":null}},{"type":"Feature","id":972,"geometry":{"type":"Point","coordinates":[-9976964.9013,3424708.9877000004]},"properties":{"OBJECTID":972,"substrate":"Scattered Shell","substrate_type":null,"buried_shell_depth":null,"water_depth":null,"GlobalID":"{23BCC47B-EA99-44D0-93AC-4BE224839339}","created_user":"johnyjurisich_CVCarbon","created_date":1763735298709,"last_edited_user":"jjordan_CVCarbon","last_edited_date":1780856289203,"polling_date":1763735283000,"permission_group":"johnyjurisich_CVCarbon,JJurisich_CVCarbon","lease_number":"32024","archive":null}},{"type":"Feature","id":973,"geometry":{"type":"Point","coordinates":[-9976974.2299000006,3424720.8818000033]},"properties":{"OBJECTID":973,"substrate":"Buried Shell","substrate_type":null,"buried_shell_depth":null,"water_depth":null,"GlobalID":"{659539DA-2055-4B7C-8E24-F921A4E7E071}","created_user":"johnyjurisich_CVCarbon","created_date":1763735298709,"last_edited_user":"jjordan_CVCarbon","last_edited_date":1780856289203,"polling_date":1763735278000,"permission_group":"johnyjurisich_CVCarbon,JJurisich_CVCarbon","lease_number":"32024","archive":null}},{"type":"Feature","id":974,"geometry":{"type":"Point","coordinates":[-9976981.5769999996,3424730.6806999967]},"properties":{"OBJECTID":974,"substrate":"Buried Shell","substrate_type":null,"buried_shell_depth":null,"water_depth":null,"GlobalID":"{3620770C-17FA-4573-ADB4-1072EC870E63}","created_user":"johnyjurisich_CVCarbon","created_date":1763735298709,"last_edited_user":"jjordan_CVCarbon","last_edited_date":1780856289203,"polling_date":1763735274000,"permission_group":"johnyjurisich_CVCarbon,JJurisich_CVCarbon","lease_number":"32024","archive":null}},{"type":"Feature","id":975,"geometry":{"type":"Point","coordinates":[-9976990.3267000001,3424741.3866999969]},"properties":{"OBJECTID":975,"substrate":"Scattered Shell","substrate_type":null,"buried_shell_depth":null,"water_depth":null,"GlobalID":"{C39F1DA7-0E9D-498D-993B-D232FA38B30F}","created_user":"johnyjurisich_CVCarbon","created_date":1763735298709,"last_edited_user":"jjordan_CVCarbon","last_edited_date":1780856289203,"polling_date":1763735269000,"permission_group":"johnyjurisich_CVCarbon,JJurisich_CVCarbon","lease_number":"32024","archive":null}},{"type":"Feature","id":976,"geometry":{"type":"Point","coordinates":[-9976909.1191000007,3424636.9974000007]},"properties":{"OBJECTID":976,"substrate":"Scattered Shell","substrate_type":null,"buried_shell_depth":null,"water_depth":null,"GlobalID":"{81FF5B46-636C-4624-B74E-420E9DD9702C}","created_user":"johnyjurisich_CVCarbon","created_date":1763735322473,"last_edited_user":"jjordan_CVCarbon","last_edited_date":1780856289203,"polling_date":1763735313000,"permission_group":"johnyjurisich_CVCarbon,JJurisich_CVCarbon","lease_number":"32024","archive":null}},{"type":"Feature","id":977,"geometry":{"type":"Point","coordinates":[-9976918.6703999992,3424648.4826000035]},"properties":{"OBJECTID":977,"substrate":"Buried Shell","substrate_type":null,"buried_shell_depth":null,"water_depth":null,"GlobalID":"{53537603-E6B1-430D-8F0E-F936B68735DB}","created_user":"johnyjurisich_CVCarbon","created_date":1763735322473,"last_edited_user":"jjordan_CVCarbon","last_edited_date":1780856289203,"polling_date":1763735308000,"permission_group":"johnyjurisich_CVCarbon,JJurisich_CVCarbon","lease_number":"32024","archive":null}},{"type":"Feature","id":978,"geometry":{"type":"Point","coordinates":[-9976928.1325000003,3424661.0282000005]},"properties":{"OBJECTID":978,"substrate":"Buried Shell","substrate_type":null,"buried_shell_depth":null,"water_depth":null,"GlobalID":"{596B5F30-8EAE-42CF-B42B-11F03FFE8B3C}","created_user":"johnyjurisich_CVCarbon","created_date":1763735322473,"last_edited_user":"jjordan_CVCarbon","last_edited_date":1780856289203,"polling_date":1763735303000,"permission_group":"johnyjurisich_CVCarbon,JJurisich_CVCarbon","lease_number":"32024","archive":null}},{"type":"Feature","id":979,"geometry":{"type":"Point","coordinates":[-9976937.0936999992,3424671.9130000025]},"properties":{"OBJECTID":979,"substrate":"Scattered Shell","substrate_type":null,"buried_shell_depth":null,"water_depth":null,"GlobalID":"{1C97CBF1-11E8-40E3-A31F-665E4F290ED9}","created_user":"johnyjurisich_CVCarbon","created_date":1763735322473,"last_edited_user":"jjordan_CVCarbon","last_edited_date":1780856289203,"polling_date":1763735298000,"permission_group":"johnyjurisich_CVCarbon,JJurisich_CVCarbon","lease_number":"32024","archive":null}},{"type":"Feature","id":980,"geometry":{"type":"Point","coordinates":[-9976946.9454999994,3424684.2541999966]},"properties":{"OBJECTID":980,"substrate":"Scattered Shell","substrate_type":null,"buried_shell_depth":null,"water_depth":null,"GlobalID":"{AE986DAA-C468-4CC1-84CD-C0D649BD0676}","created_user":"johnyjurisich_CVCarbon","created_date":1763735322473,"last_edited_user":"jjordan_CVCarbon","last_edited_date":1780856289203,"polling_date":1763735293000,"permission_group":"johnyjurisich_CVCarbon,JJurisich_CVCarbon","lease_number":"32024","archive":null}},{"type":"Feature","id":981,"geometry":{"type":"Point","coordinates":[-9976859.1032999996,3424566.4382999986]},"properties":{"OBJECTID":981,"substrate":"Solid Reef","substrate_type":null,"buried_shell_depth":null,"water_depth":null,"GlobalID":"{B690C868-DD4F-4FFD-8C17-0A3999CE4590}","created_user":"johnyjurisich_CVCarbon","created_date":1763735346878,"last_edited_user":"jjordan_CVCarbon","last_edited_date":1780856289203,"polling_date":1763735342000,"permission_group":"johnyjurisich_CVCarbon,JJurisich_CVCarbon","lease_number":"32024","archive":null}},{"type":"Feature","id":982,"geometry":{"type":"Point","coordinates":[-9976868.6878999993,3424581.2195999995]},"properties":{"OBJECTID":982,"substrate":"Solid Reef","substrate_type":null,"buried_shell_depth":null,"water_depth":null,"GlobalID":"{3362B406-B452-40E4-8C70-70D2E7F62184}","created_user":"johnyjurisich_CVCarbon","created_date":1763735346878,"last_edited_user":"jjordan_CVCarbon","last_edited_date":1780856289203,"polling_date":1763735336000,"permission_group":"johnyjurisich_CVCarbon,JJurisich_CVCarbon","lease_number":"32024","archive":null}},{"type":"Feature","id":983,"geometry":{"type":"Point","coordinates":[-9976877.7381999996,3424592.6664000005]},"properties":{"OBJECTID":983,"substrate":"Solid Reef","substrate_type":null,"buried_shell_depth":null,"water_depth":null,"GlobalID":"{7600C3DC-43FB-4D46-9164-D66225BE7525}","created_user":"johnyjurisich_CVCarbon","created_date":1763735346878,"last_edited_user":"jjordan_CVCarbon","last_edited_date":1780856289203,"polling_date":1763735331000,"permission_group":"johnyjurisich_CVCarbon,JJurisich_CVCarbon","lease_number":"32024","archive":null}},{"type":"Feature","id":984,"geometry":{"type":"Point","coordinates":[-9976884.5732000005,3424602.2097000033]},"properties":{"OBJECTID":984,"substrate":"Solid Reef","substrate_type":null,"buried_shell_depth":null,"water_depth":null,"GlobalID":"{5413AB7C-4684-406E-AC53-19BC38112E5E}","created_user":"johnyjurisich_CVCarbon","created_date":1763735346878,"last_edited_user":"jjordan_CVCarbon","last_edited_date":1780856289203,"polling_date":1763735327000,"permission_group":"johnyjurisich_CVCarbon,JJurisich_CVCarbon","lease_number":"32024","archive":null}},{"type":"Feature","id":985,"geometry":{"type":"Point","coordinates":[-9976891.5640999991,3424612.5834000036]},"properties":{"OBJECTID":985,"substrate":"Solid Reef","substrate_type":null,"buried_shell_depth":null,"water_depth":null,"GlobalID":"{A4FE7C29-C241-427A-9A88-55751D4EF22A}","created_user":"johnyjurisich_CVCarbon","created_date":1763735346878,"last_edited_user":"jjordan_CVCarbon","last_edited_date":1780856289203,"polling_date":1763735323000,"permission_group":"johnyjurisich_CVCarbon,JJurisich_CVCarbon","lease_number":"32024","archive":null}},{"type":"Feature","id":986,"geometry":{"type":"Point","coordinates":[-9976900.2915000003,3424624.8351000026]},"properties":{"OBJECTID":986,"substrate":"Scattered Shell","substrate_type":null,"buried_shell_depth":null,"water_depth":null,"GlobalID":"{5D546237-0948-4890-A6D8-48A68B074A65}","created_user":"johnyjurisich_CVCarbon","created_date":1763735346878,"last_edited_user":"jjordan_CVCarbon","last_edited_date":1780856289203,"polling_date":1763735318000,"permission_group":"johnyjurisich_CVCarbon,JJurisich_CVCarbon","lease_number":"32024","archive":null}},{"type":"Feature","id":987,"geometry":{"type":"Point","coordinates":[-9976822.7240999993,3424520.8682999983]},"properties":{"OBJECTID":987,"substrate":"Solid Reef","substrate_type":null,"buried_shell_depth":null,"water_depth":null,"GlobalID":"{D5FD9487-7220-4055-B73E-105DE024A6F1}","created_user":"johnyjurisich_CVCarbon","created_date":1763735371107,"last_edited_user":"jjordan_CVCarbon","last_edited_date":1780856289203,"polling_date":1763735361000,"permission_group":"johnyjurisich_CVCarbon,JJurisich_CVCarbon","lease_number":"32024","archive":null}},{"type":"Feature","id":988,"geometry":{"type":"Point","coordinates":[-9976830.2381999996,3424530.1432999969]},"properties":{"OBJECTID":988,"substrate":"Solid Reef","substrate_type":null,"buried_shell_depth":null,"water_depth":null,"GlobalID":"{E6D2E4FA-3A5A-412C-BD39-1D961A9C661F}","created_user":"johnyjurisich_CVCarbon","created_date":1763735371107,"last_edited_user":"jjordan_CVCarbon","last_edited_date":1780856289203,"polling_date":1763735357000,"permission_group":"johnyjurisich_CVCarbon,JJurisich_CVCarbon","lease_number":"32024","archive":null}},{"type":"Feature","id":989,"geometry":{"type":"Point","coordinates":[-9976838.0862000007,3424539.4055000022]},"properties":{"OBJECTID":989,"substrate":"Solid Reef","substrate_type":null,"buried_shell_depth":null,"water_depth":null,"GlobalID":"{C072ABE1-28C5-4415-A69C-BAD05ACBCA70}","created_user":"johnyjurisich_CVCarbon","created_date":1763735371107,"last_edited_user":"jjordan_CVCarbon","last_edited_date":1780856289203,"polling_date":1763735353000,"permission_group":"johnyjurisich_CVCarbon,JJurisich_CVCarbon","lease_number":"32024","archive":null}},{"type":"Feature","id":990,"geometry":{"type":"Point","coordinates":[-9976847.5817000009,3424551.0310999975]},"properties":{"OBJECTID":990,"substrate":"Solid Reef","substrate_type":null,"buried_shell_depth":null,"water_depth":null,"GlobalID":"{70A1E32D-7112-442B-9541-29687DF8CA42}","created_user":"johnyjurisich_CVCarbon","created_date":1763735371107,"last_edited_user":"jjordan_CVCarbon","last_edited_date":1780856289203,"polling_date":1763735348000,"permission_group":"johnyjurisich_CVCarbon,JJurisich_CVCarbon","lease_number":"32024","archive":null}},{"type":"Feature","id":991,"geometry":{"type":"Point","coordinates":[-9976855.2739000004,3424561.4175999984]},"properties":{"OBJECTID":991,"substrate":"Solid Reef","substrate_type":null,"buried_shell_depth":null,"water_depth":null,"GlobalID":"{3A841477-8B68-46DB-9E43-4062914E0DBF}","created_user":"johnyjurisich_CVCarbon","created_date":1763735371107,"last_edited_user":"jjordan_CVCarbon","last_edited_date":1780856289203,"polling_date":1763735344000,"permission_group":"johnyjurisich_CVCarbon,JJurisich_CVCarbon","lease_number":"32024","archive":null}},{"type":"Feature","id":992,"geometry":{"type":"Point","coordinates":[-9976781.1350999996,3424461.5138999969]},"properties":{"OBJECTID":992,"substrate":"Solid Reef","substrate_type":null,"buried_shell_depth":null,"water_depth":null,"GlobalID":"{D0CF7398-B2DE-45FB-9149-2BE112A95A18}","created_user":"johnyjurisich_CVCarbon","created_date":1763735395530,"last_edited_user":"jjordan_CVCarbon","last_edited_date":1780856289203,"polling_date":1763735385000,"permission_group":"johnyjurisich_CVCarbon,JJurisich_CVCarbon","lease_number":"32024","archive":null}},{"type":"Feature","id":993,"geometry":{"type":"Point","coordinates":[-9976789.2726000007,3424474.1358999982]},"properties":{"OBJECTID":993,"substrate":"Solid Reef","substrate_type":null,"buried_shell_depth":null,"water_depth":null,"GlobalID":"{72E42552-49DE-4514-981A-822278A450D9}","created_user":"johnyjurisich_CVCarbon","created_date":1763735395530,"last_edited_user":"jjordan_CVCarbon","last_edited_date":1780856289203,"polling_date":1763735380000,"permission_group":"johnyjurisich_CVCarbon,JJurisich_CVCarbon","lease_number":"32024","archive":null}},{"type":"Feature","id":994,"geometry":{"type":"Point","coordinates":[-9976798.4008000009,3424486.0042999983]},"properties":{"OBJECTID":994,"substrate":"Solid Reef","substrate_type":null,"buried_shell_depth":null,"water_depth":null,"GlobalID":"{1D7E2C7E-38BA-4666-A120-D62A5EF5B82B}","created_user":"johnyjurisich_CVCarbon","created_date":1763735395530,"last_edited_user":"jjordan_CVCarbon","last_edited_date":1780856289203,"polling_date":1763735375000,"permission_group":"johnyjurisich_CVCarbon,JJurisich_CVCarbon","lease_number":"32024","archive":null}},{"type":"Feature","id":995,"geometry":{"type":"Point","coordinates":[-9976805.3248999994,3424496.6845000014]},"properties":{"OBJECTID":995,"substrate":"Solid Reef","substrate_type":null,"buried_shell_depth":null,"water_depth":null,"GlobalID":"{60146CA2-C992-450F-A630-75AE1C3E123F}","created_user":"johnyjurisich_CVCarbon","created_date":1763735395530,"last_edited_user":"jjordan_CVCarbon","last_edited_date":1780856289203,"polling_date":1763735371000,"permission_group":"johnyjurisich_CVCarbon,JJurisich_CVCarbon","lease_number":"32024","archive":null}},{"type":"Feature","id":996,"geometry":{"type":"Point","coordinates":[-9976813.8297000006,3424508.5401000008]},"properties":{"OBJECTID":996,"substrate":"Solid Reef","substrate_type":null,"buried_shell_depth":null,"water_depth":null,"GlobalID":"{AC832B65-3225-48A1-BC2E-82FEFA741674}","created_user":"johnyjurisich_CVCarbon","created_date":1763735395530,"last_edited_user":"jjordan_CVCarbon","last_edited_date":1780856289203,"polling_date":1763735366000,"permission_group":"johnyjurisich_CVCarbon,JJurisich_CVCarbon","lease_number":"32024","archive":null}},{"type":"Feature","id":997,"geometry":{"type":"Point","coordinates":[-9976731.6313000005,3424392.9742999971]},"properties":{"OBJECTID":997,"substrate":"Solid Reef","substrate_type":null,"buried_shell_depth":null,"water_depth":null,"GlobalID":"{8197AD5B-5EC7-4EDD-8D9F-0EA3E9984305}","created_user":"johnyjurisich_CVCarbon","created_date":1763735419448,"last_edited_user":"jjordan_CVCarbon","last_edited_date":1780856289203,"polling_date":1763735413000,"permission_group":"johnyjurisich_CVCarbon,JJurisich_CVCarbon","lease_number":"32024","archive":null}},{"type":"Feature","id":998,"geometry":{"type":"Point","coordinates":[-9976739.8245000001,3424405.6984999999]},"properties":{"OBJECTID":998,"substrate":"Solid Reef","substrate_type":null,"buried_shell_depth":null,"water_depth":null,"GlobalID":"{16CD136B-D61B-476F-ACF4-7B236136A95E}","created_user":"johnyjurisich_CVCarbon","created_date":1763735419448,"last_edited_user":"jjordan_CVCarbon","last_edited_date":1780856289203,"polling_date":1763735408000,"permission_group":"johnyjurisich_CVCarbon,JJurisich_CVCarbon","lease_number":"32024","archive":null}},{"type":"Feature","id":999,"geometry":{"type":"Point","coordinates":[-9976747.3830999993,3424415.1521999985]},"properties":{"OBJECTID":999,"substrate":"Solid Reef","substrate_type":null,"buried_shell_depth":null,"water_depth":null,"GlobalID":"{3662E058-F1B9-4519-9CE3-8C55478AAB76}","created_user":"johnyjurisich_CVCarbon","created_date":1763735419448,"last_edited_user":"jjordan_CVCarbon","last_edited_date":1780856289203,"polling_date":1763735404000,"permission_group":"johnyjurisich_CVCarbon,JJurisich_CVCarbon","lease_number":"32024","archive":null}},{"type":"Feature","id":1000,"geometry":{"type":"Point","coordinates":[-9976755.6429999992,3424427.1609999985]},"properties":{"OBJECTID":1000,"substrate":"Solid Reef","substrate_type":null,"buried_shell_depth":null,"water_depth":null,"GlobalID":"{ADC0A203-49F6-42DC-A66E-11FE5CB740EC}","created_user":"johnyjurisich_CVCarbon","created_date":1763735419448,"last_edited_user":"jjordan_CVCarbon","last_edited_date":1780856289203,"polling_date":1763735399000,"permission_group":"johnyjurisich_CVCarbon,JJurisich_CVCarbon","lease_number":"32024","archive":null}},{"type":"Feature","id":1001,"geometry":{"type":"Point","coordinates":[-9976765.5837999992,3424439.1953999996]},"properties":{"OBJECTID":1001,"substrate":"Solid Reef","substrate_type":null,"buried_shell_depth":null,"water_depth":null,"GlobalID":"{055DFDCB-69F8-4D58-A413-2F6510285A01}","created_user":"johnyjurisich_CVCarbon","created_date":1763735419448,"last_edited_user":"jjordan_CVCarbon","last_edited_date":1780856289203,"polling_date":1763735394000,"permission_group":"johnyjurisich_CVCarbon,JJurisich_CVCarbon","lease_number":"32024","archive":null}},{"type":"Feature","id":1002,"geometry":{"type":"Point","coordinates":[-9976774.2555999998,3424451.6640999988]},"properties":{"OBJECTID":1002,"substrate":"Solid Reef","substrate_type":null,"buried_shell_depth":null,"water_depth":null,"GlobalID":"{14EC6DF4-D047-483A-8582-C0CF8BC5F88D}","created_user":"johnyjurisich_CVCarbon","created_date":1763735419448,"last_edited_user":"jjordan_CVCarbon","last_edited_date":1780856289203,"polling_date":1763735389000,"permission_group":"johnyjurisich_CVCarbon,JJurisich_CVCarbon","lease_number":"32024","archive":null}},{"type":"Feature","id":1003,"geometry":{"type":"Point","coordinates":[-9976693.8828999996,3424342.3330999985]},"properties":{"OBJECTID":1003,"substrate":"Solid Reef","substrate_type":null,"buried_shell_depth":null,"water_depth":null,"GlobalID":"{DE5856F3-1100-46FB-BBE9-8B84B4C14E01}","created_user":"johnyjurisich_CVCarbon","created_date":1763735442781,"last_edited_user":"jjordan_CVCarbon","last_edited_date":1780856289203,"polling_date":1763735434000,"permission_group":"johnyjurisich_CVCarbon,JJurisich_CVCarbon","lease_number":"32024","archive":null}},{"type":"Feature","id":1004,"geometry":{"type":"Point","coordinates":[-9976703.0333999991,3424354.3928999975]},"properties":{"OBJECTID":1004,"substrate":"Buried Shell","substrate_type":null,"buried_shell_depth":null,"water_depth":null,"GlobalID":"{A2E3B6CD-C747-43C7-A38C-80218560B228}","created_user":"johnyjurisich_CVCarbon","created_date":1763735442781,"last_edited_user":"jjordan_CVCarbon","last_edited_date":1780856289203,"polling_date":1763735429000,"permission_group":"johnyjurisich_CVCarbon,JJurisich_CVCarbon","lease_number":"32024","archive":null}},{"type":"Feature","id":1005,"geometry":{"type":"Point","coordinates":[-9976712.5288999993,3424366.7849000022]},"properties":{"OBJECTID":1005,"substrate":"Scattered Shell","substrate_type":null,"buried_shell_depth":null,"water_depth":null,"GlobalID":"{8E170C17-F654-4ED8-B689-3FFBAAADB670}","created_user":"johnyjurisich_CVCarbon","created_date":1763735442781,"last_edited_user":"jjordan_CVCarbon","last_edited_date":1780856289203,"polling_date":1763735424000,"permission_group":"johnyjurisich_CVCarbon,JJurisich_CVCarbon","lease_number":"32024","archive":null}},{"type":"Feature","id":1006,"geometry":{"type":"Point","coordinates":[-9976722.5811000001,3424381.1187999994]},"properties":{"OBJECTID":1006,"substrate":"Solid Reef","substrate_type":null,"buried_shell_depth":null,"water_depth":null,"GlobalID":"{89FD1940-04D9-48DA-9AE1-CD948DB885F7}","created_user":"johnyjurisich_CVCarbon","created_date":1763735442781,"last_edited_user":"jjordan_CVCarbon","last_edited_date":1780856289203,"polling_date":1763735418000,"permission_group":"johnyjurisich_CVCarbon,JJurisich_CVCarbon","lease_number":"32024","archive":null}},{"type":"Feature","id":1007,"geometry":{"type":"Point","coordinates":[-9976655.6224000007,3424289.8013999984]},"properties":{"OBJECTID":1007,"substrate":"Buried Shell","substrate_type":null,"buried_shell_depth":null,"water_depth":null,"GlobalID":"{8B66EC34-F14B-498B-B5AE-D2C21B1968BD}","created_user":"johnyjurisich_CVCarbon","created_date":1763735466651,"last_edited_user":"jjordan_CVCarbon","last_edited_date":1780856289203,"polling_date":1763735456000,"permission_group":"johnyjurisich_CVCarbon,JJurisich_CVCarbon","lease_number":"32024","archive":null}},{"type":"Feature","id":1008,"geometry":{"type":"Point","coordinates":[-9976662.9472000003,3424299.9831999987]},"properties":{"OBJECTID":1008,"substrate":"Buried Shell","substrate_type":null,"buried_shell_depth":null,"water_depth":null,"GlobalID":"{BBF94835-D8A6-46AB-85F1-0A9222B5DDEA}","created_user":"johnyjurisich_CVCarbon","created_date":1763735466651,"last_edited_user":"jjordan_CVCarbon","last_edited_date":1780856289203,"polling_date":1763735452000,"permission_group":"johnyjurisich_CVCarbon,JJurisich_CVCarbon","lease_number":"32024","archive":null}},{"type":"Feature","id":1009,"geometry":{"type":"Point","coordinates":[-9976669.3592000008,3424309.2964000031]},"properties":{"OBJECTID":1009,"substrate":"Buried Shell","substrate_type":null,"buried_shell_depth":null,"water_depth":null,"GlobalID":"{317091BC-4ACF-4EF1-9BF0-17D97A504867}","created_user":"johnyjurisich_CVCarbon","created_date":1763735466651,"last_edited_user":"jjordan_CVCarbon","last_edited_date":1780856289203,"polling_date":1763735448000,"permission_group":"johnyjurisich_CVCarbon,JJurisich_CVCarbon","lease_number":"32024","archive":null}},{"type":"Feature","id":1010,"geometry":{"type":"Point","coordinates":[-9976678.2647999991,3424321.3306000009]},"properties":{"OBJECTID":1010,"substrate":"Buried Shell","substrate_type":null,"buried_shell_depth":null,"water_depth":null,"GlobalID":"{391673B7-E3D9-4402-9BE1-D3DEC5C1E5C4}","created_user":"johnyjurisich_CVCarbon","created_date":1763735466651,"last_edited_user":"jjordan_CVCarbon","last_edited_date":1780856289203,"polling_date":1763735443000,"permission_group":"johnyjurisich_CVCarbon,JJurisich_CVCarbon","lease_number":"32024","archive":null}},{"type":"Feature","id":1011,"geometry":{"type":"Point","coordinates":[-9976687.8383000009,3424333.3520999998]},"properties":{"OBJECTID":1011,"substrate":"Buried Shell","substrate_type":null,"buried_shell_depth":null,"water_depth":null,"GlobalID":"{D0DD4C6C-19FA-4DC8-BBBB-37C09E5AD43E}","created_user":"johnyjurisich_CVCarbon","created_date":1763735466651,"last_edited_user":"jjordan_CVCarbon","last_edited_date":1780856289203,"polling_date":1763735438000,"permission_group":"johnyjurisich_CVCarbon,JJurisich_CVCarbon","lease_number":"32024","archive":null}},{"type":"Feature","id":1012,"geometry":{"type":"Point","coordinates":[-9976609.0241,3424225.8872999996]},"properties":{"OBJECTID":1012,"substrate":"Buried Shell","substrate_type":null,"buried_shell_depth":null,"water_depth":null,"GlobalID":"{7E8725A3-C75B-4A1A-B22F-065125047904}","created_user":"johnyjurisich_CVCarbon","created_date":1763735490630,"last_edited_user":"jjordan_CVCarbon","last_edited_date":1780856289203,"polling_date":1763735482000,"permission_group":"johnyjurisich_CVCarbon,JJurisich_CVCarbon","lease_number":"32024","archive":null}},{"type":"Feature","id":1013,"geometry":{"type":"Point","coordinates":[-9976617.8406000007,3424237.550999999]},"properties":{"OBJECTID":1013,"substrate":"Buried Shell","substrate_type":null,"buried_shell_depth":null,"water_depth":null,"GlobalID":"{6B1CC67F-8F3B-4B75-8E60-88FE465C5B5D}","created_user":"johnyjurisich_CVCarbon","created_date":1763735490630,"last_edited_user":"jjordan_CVCarbon","last_edited_date":1780856289203,"polling_date":1763735477000,"permission_group":"johnyjurisich_CVCarbon,JJurisich_CVCarbon","lease_number":"32024","archive":null}},{"type":"Feature","id":1014,"geometry":{"type":"Point","coordinates":[-9976628.3825000003,3424252.5235000029]},"properties":{"OBJECTID":1014,"substrate":"Buried Shell","substrate_type":null,"buried_shell_depth":null,"water_depth":null,"GlobalID":"{C1442D54-FE7E-4C63-B2A5-6A55A784266C}","created_user":"johnyjurisich_CVCarbon","created_date":1763735490630,"last_edited_user":"jjordan_CVCarbon","last_edited_date":1780856289203,"polling_date":1763735471000,"permission_group":"johnyjurisich_CVCarbon,JJurisich_CVCarbon","lease_number":"32024","archive":null}},{"type":"Feature","id":1015,"geometry":{"type":"Point","coordinates":[-9976636.0189999994,3424262.360299997]},"properties":{"OBJECTID":1015,"substrate":"Buried Shell","substrate_type":null,"buried_shell_depth":null,"water_depth":null,"GlobalID":"{341F6C64-869B-46C6-A09C-76590DB19293}","created_user":"johnyjurisich_CVCarbon","created_date":1763735490630,"last_edited_user":"jjordan_CVCarbon","last_edited_date":1780856289203,"polling_date":1763735467000,"permission_group":"johnyjurisich_CVCarbon,JJurisich_CVCarbon","lease_number":"32024","archive":null}},{"type":"Feature","id":1016,"geometry":{"type":"Point","coordinates":[-9976646.9171999991,3424277.4350000024]},"properties":{"OBJECTID":1016,"substrate":"Buried Shell","substrate_type":null,"buried_shell_depth":null,"water_depth":null,"GlobalID":"{2C05DE69-DF3E-4A2C-A11A-A50C8E29F498}","created_user":"johnyjurisich_CVCarbon","created_date":1763735490630,"last_edited_user":"jjordan_CVCarbon","last_edited_date":1780856289203,"polling_date":1763735461000,"permission_group":"johnyjurisich_CVCarbon,JJurisich_CVCarbon","lease_number":"32024","archive":null}},{"type":"Feature","id":1017,"geometry":{"type":"Point","coordinates":[-9976566.6001999993,3424167.6838999987]},"properties":{"OBJECTID":1017,"substrate":"Firm/Hard Bottom","substrate_type":null,"buried_shell_depth":null,"water_depth":null,"GlobalID":"{70F42787-232F-4703-AFD0-AAE2ED9E07C5}","created_user":"johnyjurisich_CVCarbon","created_date":1763735514578,"last_edited_user":"jjordan_CVCarbon","last_edited_date":1780856289203,"polling_date":1763735506000,"permission_group":"johnyjurisich_CVCarbon,JJurisich_CVCarbon","lease_number":"32024","archive":null}},{"type":"Feature","id":1018,"geometry":{"type":"Point","coordinates":[-9976576.1068999991,3424179.5648000017]},"properties":{"OBJECTID":1018,"substrate":"Firm/Hard Bottom","substrate_type":null,"buried_shell_depth":null,"water_depth":null,"GlobalID":"{2CFFC9B6-83AC-45F5-BD55-52972C5BE77F}","created_user":"johnyjurisich_CVCarbon","created_date":1763735514578,"last_edited_user":"jjordan_CVCarbon","last_edited_date":1780856289203,"polling_date":1763735501000,"permission_group":"johnyjurisich_CVCarbon,JJurisich_CVCarbon","lease_number":"32024","archive":null}},{"type":"Feature","id":1019,"geometry":{"type":"Point","coordinates":[-9976584.9123,3424191.5605999976]},"properties":{"OBJECTID":1019,"substrate":"Firm/Hard Bottom","substrate_type":null,"buried_shell_depth":null,"water_depth":null,"GlobalID":"{3F49324C-F4D5-45A8-9D7F-FE7D134A756D}","created_user":"johnyjurisich_CVCarbon","created_date":1763735514578,"last_edited_user":"jjordan_CVCarbon","last_edited_date":1780856289203,"polling_date":1763735496000,"permission_group":"johnyjurisich_CVCarbon,JJurisich_CVCarbon","lease_number":"32024","archive":null}},{"type":"Feature","id":1020,"geometry":{"type":"Point","coordinates":[-9976591.8028999995,3424201.4484999999]},"properties":{"OBJECTID":1020,"substrate":"Firm/Hard Bottom","substrate_type":null,"buried_shell_depth":null,"water_depth":null,"GlobalID":"{B365D58F-4A65-40FB-8A0E-D9E72767CB1A}","created_user":"johnyjurisich_CVCarbon","created_date":1763735514578,"last_edited_user":"jjordan_CVCarbon","last_edited_date":1780856289203,"polling_date":1763735492000,"permission_group":"johnyjurisich_CVCarbon,JJurisich_CVCarbon","lease_number":"32024","archive":null}},{"type":"Feature","id":1021,"geometry":{"type":"Point","coordinates":[-9976600.6083000004,3424213.6486999989]},"properties":{"OBJECTID":1021,"substrate":"Buried Shell","substrate_type":null,"buried_shell_depth":null,"water_depth":null,"GlobalID":"{251183E2-647E-4893-BCB8-9737736F19C0}","created_user":"johnyjurisich_CVCarbon","created_date":1763735514578,"last_edited_user":"jjordan_CVCarbon","last_edited_date":1780856289203,"polling_date":1763735487000,"permission_group":"johnyjurisich_CVCarbon,JJurisich_CVCarbon","lease_number":"32024","archive":null}},{"type":"Feature","id":1022,"geometry":{"type":"Point","coordinates":[-9976542.9559000004,3424112.3808000013]},"properties":{"OBJECTID":1022,"substrate":"Mud","substrate_type":null,"buried_shell_depth":null,"water_depth":null,"GlobalID":"{066ED9CC-0B1B-476B-8306-0DEFB9CB4A02}","created_user":"johnyjurisich_CVCarbon","created_date":1763735537907,"last_edited_user":"jjordan_CVCarbon","last_edited_date":1780856289203,"polling_date":1763735528000,"permission_group":"johnyjurisich_CVCarbon,JJurisich_CVCarbon","lease_number":"32024","archive":null}},{"type":"Feature","id":1023,"geometry":{"type":"Point","coordinates":[-9976548.1879999992,3424137.9818999991]},"properties":{"OBJECTID":1023,"substrate":"Firm/Hard Bottom","substrate_type":null,"buried_shell_depth":null,"water_depth":null,"GlobalID":"{469C5CA4-1F45-4146-B691-85F4D6DB6E69}","created_user":"johnyjurisich_CVCarbon","created_date":1763735537907,"last_edited_user":"jjordan_CVCarbon","last_edited_date":1780856289203,"polling_date":1763735518000,"permission_group":"johnyjurisich_CVCarbon,JJurisich_CVCarbon","lease_number":"32024","archive":null}},{"type":"Feature","id":1024,"geometry":{"type":"Point","coordinates":[-9976557.6166999992,3424155.2537999973]},"properties":{"OBJECTID":1024,"substrate":"Firm/Hard Bottom","substrate_type":null,"buried_shell_depth":null,"water_depth":null,"GlobalID":"{940B5187-956B-4D94-84EE-B1BB29A2EBD5}","created_user":"johnyjurisich_CVCarbon","created_date":1763735537907,"last_edited_user":"jjordan_CVCarbon","last_edited_date":1780856289203,"polling_date":1763735511000,"permission_group":"johnyjurisich_CVCarbon,JJurisich_CVCarbon","lease_number":"32024","archive":null}},{"type":"Feature","id":1025,"geometry":{"type":"Point","coordinates":[-9976594.0961000007,3424135.8867999986]},"properties":{"OBJECTID":1025,"substrate":"Firm/Hard Bottom","substrate_type":null,"buried_shell_depth":null,"water_depth":null,"GlobalID":"{D3FBE148-CEC8-4B95-B580-2B297CBC65E3}","created_user":"johnyjurisich_CVCarbon","created_date":1763735561703,"last_edited_user":"jjordan_CVCarbon","last_edited_date":1780856289203,"polling_date":1763735552000,"permission_group":"johnyjurisich_CVCarbon,JJurisich_CVCarbon","lease_number":"32024","archive":null}},{"type":"Feature","id":1026,"geometry":{"type":"Point","coordinates":[-9976580.9493000004,3424121.7066000029]},"properties":{"OBJECTID":1026,"substrate":"Firm/Hard Bottom","substrate_type":null,"buried_shell_depth":null,"water_depth":null,"GlobalID":"{48D2332A-B043-4971-B8F6-EC3F6EAE64A6}","created_user":"johnyjurisich_CVCarbon","created_date":1763735561703,"last_edited_user":"jjordan_CVCarbon","last_edited_date":1780856289203,"polling_date":1763735546000,"permission_group":"johnyjurisich_CVCarbon,JJurisich_CVCarbon","lease_number":"32024","archive":null}},{"type":"Feature","id":1027,"geometry":{"type":"Point","coordinates":[-9976569.6281000003,3424111.7292999998]},"properties":{"OBJECTID":1027,"substrate":"Firm/Hard Bottom","substrate_type":null,"buried_shell_depth":null,"water_depth":null,"GlobalID":"{68C04738-A0F5-4425-801B-56FEF2F05D63}","created_user":"johnyjurisich_CVCarbon","created_date":1763735561703,"last_edited_user":"jjordan_CVCarbon","last_edited_date":1780856289203,"polling_date":1763735541000,"permission_group":"johnyjurisich_CVCarbon,JJurisich_CVCarbon","lease_number":"32024","archive":null}},{"type":"Feature","id":1028,"geometry":{"type":"Point","coordinates":[-9976560.4441999998,3424106.4914999977]},"properties":{"OBJECTID":1028,"substrate":"Firm/Hard Bottom","substrate_type":null,"buried_shell_depth":null,"water_depth":null,"GlobalID":"{EBA919F0-3AE7-46CB-BDE0-118B0C89C0C4}","created_user":"johnyjurisich_CVCarbon","created_date":1763735561703,"last_edited_user":"jjordan_CVCarbon","last_edited_date":1780856289203,"polling_date":1763735537000,"permission_group":"johnyjurisich_CVCarbon,JJurisich_CVCarbon","lease_number":"32024","archive":null}},{"type":"Feature","id":1029,"geometry":{"type":"Point","coordinates":[-9976548.9338000007,3424106.5170999989]},"properties":{"OBJECTID":1029,"substrate":"Mud","substrate_type":null,"buried_shell_depth":null,"water_depth":null,"GlobalID":"{30F7FED5-75F6-4CF5-98AC-AB78FB2D0BFD}","created_user":"johnyjurisich_CVCarbon","created_date":1763735561703,"last_edited_user":"jjordan_CVCarbon","last_edited_date":1780856289203,"polling_date":1763735532000,"permission_group":"johnyjurisich_CVCarbon,JJurisich_CVCarbon","lease_number":"32024","archive":null}},{"type":"Feature","id":1030,"geometry":{"type":"Point","coordinates":[-9976650.4238000009,3424207.3633999974]},"properties":{"OBJECTID":1030,"substrate":"Mud","substrate_type":null,"buried_shell_depth":null,"water_depth":null,"GlobalID":"{2E0D02AE-D2AB-4B0D-9D99-2FB995EC060E}","created_user":"johnyjurisich_CVCarbon","created_date":1763735585868,"last_edited_user":"jjordan_CVCarbon","last_edited_date":1780856289203,"polling_date":1763735580000,"permission_group":"johnyjurisich_CVCarbon,JJurisich_CVCarbon","lease_number":"32024","archive":null}},{"type":"Feature","id":1031,"geometry":{"type":"Point","coordinates":[-9976642.3197000008,3424197.0028000027]},"properties":{"OBJECTID":1031,"substrate":"Firm/Hard Bottom","substrate_type":null,"buried_shell_depth":null,"water_depth":null,"GlobalID":"{9CF6985F-E206-49C7-8E3E-76E03B872F60}","created_user":"johnyjurisich_CVCarbon","created_date":1763735585868,"last_edited_user":"jjordan_CVCarbon","last_edited_date":1780856289203,"polling_date":1763735576000,"permission_group":"johnyjurisich_CVCarbon,JJurisich_CVCarbon","lease_number":"32024","archive":null}},{"type":"Feature","id":1032,"geometry":{"type":"Point","coordinates":[-9976633.9707999993,3424184.636500001]},"properties":{"OBJECTID":1032,"substrate":"Firm/Hard Bottom","substrate_type":null,"buried_shell_depth":null,"water_depth":null,"GlobalID":"{C2A7304E-BC4D-489D-A9C2-AE302A673416}","created_user":"johnyjurisich_CVCarbon","created_date":1763735585868,"last_edited_user":"jjordan_CVCarbon","last_edited_date":1780856289203,"polling_date":1763735571000,"permission_group":"johnyjurisich_CVCarbon,JJurisich_CVCarbon","lease_number":"32024","archive":null}},{"type":"Feature","id":1033,"geometry":{"type":"Point","coordinates":[-9976626.3342000004,3424174.5186000019]},"properties":{"OBJECTID":1033,"substrate":"Mud","substrate_type":null,"buried_shell_depth":null,"water_depth":null,"GlobalID":"{884EDB1B-F4DA-4F1F-9299-FEB22A72A5E6}","created_user":"johnyjurisich_CVCarbon","created_date":1763735585868,"last_edited_user":"jjordan_CVCarbon","last_edited_date":1780856289203,"polling_date":1763735567000,"permission_group":"johnyjurisich_CVCarbon,JJurisich_CVCarbon","lease_number":"32024","archive":null}},{"type":"Feature","id":1034,"geometry":{"type":"Point","coordinates":[-9976616.3823000006,3424161.3985999972]},"properties":{"OBJECTID":1034,"substrate":"Firm/Hard Bottom","substrate_type":null,"buried_shell_depth":null,"water_depth":null,"GlobalID":"{C2CB1A66-F72F-4EC1-B4EA-D9F59EF79F72}","created_user":"johnyjurisich_CVCarbon","created_date":1763735585868,"last_edited_user":"jjordan_CVCarbon","last_edited_date":1780856289203,"polling_date":1763735562000,"permission_group":"johnyjurisich_CVCarbon,JJurisich_CVCarbon","lease_number":"32024","archive":null}},{"type":"Feature","id":1035,"geometry":{"type":"Point","coordinates":[-9976607.8885999992,3424150.8209000006]},"properties":{"OBJECTID":1035,"substrate":"Firm/Hard Bottom","substrate_type":null,"buried_shell_depth":null,"water_depth":null,"GlobalID":"{57980EB8-3653-45E2-8FD0-C2992672CB1E}","created_user":"johnyjurisich_CVCarbon","created_date":1763735585868,"last_edited_user":"jjordan_CVCarbon","last_edited_date":1780856289203,"polling_date":1763735558000,"permission_group":"johnyjurisich_CVCarbon,JJurisich_CVCarbon","lease_number":"32024","archive":null}},{"type":"Feature","id":1036,"geometry":{"type":"Point","coordinates":[-9976691.9348000009,3424266.2568000033]},"properties":{"OBJECTID":1036,"substrate":"Buried Shell","substrate_type":null,"buried_shell_depth":null,"water_depth":null,"GlobalID":"{F234519B-737F-4FB4-BBC9-96E2AA4517B3}","created_user":"johnyjurisich_CVCarbon","created_date":1763735610462,"last_edited_user":"jjordan_CVCarbon","last_edited_date":1780856289203,"polling_date":1763735603000,"permission_group":"johnyjurisich_CVCarbon,JJurisich_CVCarbon","lease_number":"32024","archive":null}},{"type":"Feature","id":1037,"geometry":{"type":"Point","coordinates":[-9976684.7657999992,3424256.1005000025]},"properties":{"OBJECTID":1037,"substrate":"Buried Shell","substrate_type":null,"buried_shell_depth":null,"water_depth":null,"GlobalID":"{B88AF894-5A7D-4839-8E36-457F4F9DDE4E}","created_user":"johnyjurisich_CVCarbon","created_date":1763735610462,"last_edited_user":"jjordan_CVCarbon","last_edited_date":1780856289203,"polling_date":1763735599000,"permission_group":"johnyjurisich_CVCarbon,JJurisich_CVCarbon","lease_number":"32024","archive":null}},{"type":"Feature","id":1038,"geometry":{"type":"Point","coordinates":[-9976678.3761,3424246.110299997]},"properties":{"OBJECTID":1038,"substrate":"Buried Shell","substrate_type":null,"buried_shell_depth":null,"water_depth":null,"GlobalID":"{6F49B2CC-CCA2-48AE-A05C-E231A8D88367}","created_user":"johnyjurisich_CVCarbon","created_date":1763735610462,"last_edited_user":"jjordan_CVCarbon","last_edited_date":1780856289203,"polling_date":1763735595000,"permission_group":"johnyjurisich_CVCarbon,JJurisich_CVCarbon","lease_number":"32024","archive":null}},{"type":"Feature","id":1039,"geometry":{"type":"Point","coordinates":[-9976671.2851,3424234.8298999965]},"properties":{"OBJECTID":1039,"substrate":"Buried Shell","substrate_type":null,"buried_shell_depth":null,"water_depth":null,"GlobalID":"{4B4B4D38-CC9B-460A-B00C-0196E4390016}","created_user":"johnyjurisich_CVCarbon","created_date":1763735610462,"last_edited_user":"jjordan_CVCarbon","last_edited_date":1780856289203,"polling_date":1763735591000,"permission_group":"johnyjurisich_CVCarbon,JJurisich_CVCarbon","lease_number":"32024","archive":null}},{"type":"Feature","id":1040,"geometry":{"type":"Point","coordinates":[-9976663.7820999995,3424225.3251999989]},"properties":{"OBJECTID":1040,"substrate":"Buried Shell","substrate_type":null,"buried_shell_depth":null,"water_depth":null,"GlobalID":"{EFCAFFC7-A72A-47DC-95FB-568EFE987EBB}","created_user":"johnyjurisich_CVCarbon","created_date":1763735610462,"last_edited_user":"jjordan_CVCarbon","last_edited_date":1780856289203,"polling_date":1763735587000,"permission_group":"johnyjurisich_CVCarbon,JJurisich_CVCarbon","lease_number":"32024","archive":null}},{"type":"Feature","id":1041,"geometry":{"type":"Point","coordinates":[-9976656.0231999997,3424214.9900999963]},"properties":{"OBJECTID":1041,"substrate":"Firm/Hard Bottom","substrate_type":null,"buried_shell_depth":null,"water_depth":null,"GlobalID":"{6A891AAF-DB5F-4D06-9FFA-087B8389C2D9}","created_user":"johnyjurisich_CVCarbon","created_date":1763735610462,"last_edited_user":"jjordan_CVCarbon","last_edited_date":1780856289203,"polling_date":1763735583000,"permission_group":"johnyjurisich_CVCarbon,JJurisich_CVCarbon","lease_number":"32024","archive":null}},{"type":"Feature","id":1042,"geometry":{"type":"Point","coordinates":[-9976739.1342999991,3424336.5204000026]},"properties":{"OBJECTID":1042,"substrate":"Scattered Shell","substrate_type":null,"buried_shell_depth":null,"water_depth":null,"GlobalID":"{E7109A01-4902-4462-B7A0-D6404E9E1D36}","created_user":"johnyjurisich_CVCarbon","created_date":1763735635098,"last_edited_user":"jjordan_CVCarbon","last_edited_date":1780856289203,"polling_date":1763735629000,"permission_group":"johnyjurisich_CVCarbon,JJurisich_CVCarbon","lease_number":"32024","archive":null}},{"type":"Feature","id":1043,"geometry":{"type":"Point","coordinates":[-9976728.9039999992,3424322.5187000036]},"properties":{"OBJECTID":1043,"substrate":"Buried Shell","substrate_type":null,"buried_shell_depth":null,"water_depth":null,"GlobalID":"{AC5A16AA-BB92-45BD-B4FE-3E85253AFB3E}","created_user":"johnyjurisich_CVCarbon","created_date":1763735635098,"last_edited_user":"jjordan_CVCarbon","last_edited_date":1780856289203,"polling_date":1763735624000,"permission_group":"johnyjurisich_CVCarbon,JJurisich_CVCarbon","lease_number":"32024","archive":null}},{"type":"Feature","id":1044,"geometry":{"type":"Point","coordinates":[-9976722.5588000007,3424311.6853]},"properties":{"OBJECTID":1044,"substrate":"Buried Shell","substrate_type":null,"buried_shell_depth":null,"water_depth":null,"GlobalID":"{CE0F6C1B-3751-4AD3-9E47-EA5CB835BF60}","created_user":"johnyjurisich_CVCarbon","created_date":1763735635098,"last_edited_user":"jjordan_CVCarbon","last_edited_date":1780856289203,"polling_date":1763735620000,"permission_group":"johnyjurisich_CVCarbon,JJurisich_CVCarbon","lease_number":"32024","archive":null}},{"type":"Feature","id":1045,"geometry":{"type":"Point","coordinates":[-9976715.4454999994,3424302.1678000018]},"properties":{"OBJECTID":1045,"substrate":"Buried Shell","substrate_type":null,"buried_shell_depth":null,"water_depth":null,"GlobalID":"{6F66D6E4-361C-480C-AAE6-0C02F9023EB7}","created_user":"johnyjurisich_CVCarbon","created_date":1763735635098,"last_edited_user":"jjordan_CVCarbon","last_edited_date":1780856289203,"polling_date":1763735616000,"permission_group":"johnyjurisich_CVCarbon,JJurisich_CVCarbon","lease_number":"32024","archive":null}},{"type":"Feature","id":1046,"geometry":{"type":"Point","coordinates":[-9976708.0649999995,3424291.807099998]},"properties":{"OBJECTID":1046,"substrate":"Buried Shell","substrate_type":null,"buried_shell_depth":null,"water_depth":null,"GlobalID":"{B54BC0F3-FBE5-4EAB-8B1D-88EE881218F2}","created_user":"johnyjurisich_CVCarbon","created_date":1763735635098,"last_edited_user":"jjordan_CVCarbon","last_edited_date":1780856289203,"polling_date":1763735612000,"permission_group":"johnyjurisich_CVCarbon,JJurisich_CVCarbon","lease_number":"32024","archive":null}},{"type":"Feature","id":1047,"geometry":{"type":"Point","coordinates":[-9976698.3913000003,3424277.4223000035]},"properties":{"OBJECTID":1047,"substrate":"Buried Shell","substrate_type":null,"buried_shell_depth":null,"water_depth":null,"GlobalID":"{DCD5B815-0E98-48C7-940C-A0232D5380E5}","created_user":"johnyjurisich_CVCarbon","created_date":1763735635098,"last_edited_user":"jjordan_CVCarbon","last_edited_date":1780856289203,"polling_date":1763735607000,"permission_group":"johnyjurisich_CVCarbon,JJurisich_CVCarbon","lease_number":"32024","archive":null}},{"type":"Feature","id":1048,"geometry":{"type":"Point","coordinates":[-9976785.3987000007,3424399.4386000037]},"properties":{"OBJECTID":1048,"substrate":"Solid Reef","substrate_type":null,"buried_shell_depth":null,"water_depth":null,"GlobalID":"{67813AF0-FD94-4F37-A7D5-C2EA70D3722C}","created_user":"johnyjurisich_CVCarbon","created_date":1763735659477,"last_edited_user":"jjordan_CVCarbon","last_edited_date":1780856289203,"polling_date":1763735653000,"permission_group":"johnyjurisich_CVCarbon,JJurisich_CVCarbon","lease_number":"32024","archive":null}},{"type":"Feature","id":1049,"geometry":{"type":"Point","coordinates":[-9976777.3169,3424388.5284999982]},"properties":{"OBJECTID":1049,"substrate":"Solid Reef","substrate_type":null,"buried_shell_depth":null,"water_depth":null,"GlobalID":"{CBF0DEF2-FBE4-4802-93CD-121C50B3F9BE}","created_user":"johnyjurisich_CVCarbon","created_date":1763735659477,"last_edited_user":"jjordan_CVCarbon","last_edited_date":1780856289203,"polling_date":1763735649000,"permission_group":"johnyjurisich_CVCarbon,JJurisich_CVCarbon","lease_number":"32024","archive":null}},{"type":"Feature","id":1050,"geometry":{"type":"Point","coordinates":[-9976772.0736999996,3424380.6589000002]},"properties":{"OBJECTID":1050,"substrate":"Solid Reef","substrate_type":null,"buried_shell_depth":null,"water_depth":null,"GlobalID":"{06386B15-1AE3-4E83-B8D8-0AEA2958E3F0}","created_user":"johnyjurisich_CVCarbon","created_date":1763735659477,"last_edited_user":"jjordan_CVCarbon","last_edited_date":1780856289203,"polling_date":1763735646000,"permission_group":"johnyjurisich_CVCarbon,JJurisich_CVCarbon","lease_number":"32024","archive":null}},{"type":"Feature","id":1051,"geometry":{"type":"Point","coordinates":[-9976762.4890999999,3424367.6281000003]},"properties":{"OBJECTID":1051,"substrate":"Scattered Shell","substrate_type":null,"buried_shell_depth":null,"water_depth":null,"GlobalID":"{68FD2D93-6E56-498F-B131-F56885059844}","created_user":"johnyjurisich_CVCarbon","created_date":1763735659477,"last_edited_user":"jjordan_CVCarbon","last_edited_date":1780856289203,"polling_date":1763735641000,"permission_group":"johnyjurisich_CVCarbon,JJurisich_CVCarbon","lease_number":"32024","archive":null}},{"type":"Feature","id":1052,"geometry":{"type":"Point","coordinates":[-9976753.8285000008,3424355.5427000001]},"properties":{"OBJECTID":1052,"substrate":"Solid Reef","substrate_type":null,"buried_shell_depth":null,"water_depth":null,"GlobalID":"{42F34CCA-FA9C-40F6-9B08-13F405A39BFF}","created_user":"johnyjurisich_CVCarbon","created_date":1763735659477,"last_edited_user":"jjordan_CVCarbon","last_edited_date":1780856289203,"polling_date":1763735636000,"permission_group":"johnyjurisich_CVCarbon,JJurisich_CVCarbon","lease_number":"32024","archive":null}},{"type":"Feature","id":1053,"geometry":{"type":"Point","coordinates":[-9976747.9618999995,3424347.1366000026]},"properties":{"OBJECTID":1053,"substrate":"Solid Reef","substrate_type":null,"buried_shell_depth":null,"water_depth":null,"GlobalID":"{2508394A-4EE9-490C-BA5C-002F908CC746}","created_user":"johnyjurisich_CVCarbon","created_date":1763735659477,"last_edited_user":"jjordan_CVCarbon","last_edited_date":1780856289203,"polling_date":1763735633000,"permission_group":"johnyjurisich_CVCarbon,JJurisich_CVCarbon","lease_number":"32024","archive":null}},{"type":"Feature","id":1054,"geometry":{"type":"Point","coordinates":[-9976831.6853,3424463.6600999981]},"properties":{"OBJECTID":1054,"substrate":"Solid Reef","substrate_type":null,"buried_shell_depth":null,"water_depth":null,"GlobalID":"{2784A0C2-3D48-4F4B-A6F6-D93A16DA012F}","created_user":"johnyjurisich_CVCarbon","created_date":1763735683854,"last_edited_user":"jjordan_CVCarbon","last_edited_date":1780856289203,"polling_date":1763735678000,"permission_group":"johnyjurisich_CVCarbon,JJurisich_CVCarbon","lease_number":"32024","archive":null}},{"type":"Feature","id":1055,"geometry":{"type":"Point","coordinates":[-9976824.9170999993,3424453.2609999999]},"properties":{"OBJECTID":1055,"substrate":"Solid Reef","substrate_type":null,"buried_shell_depth":null,"water_depth":null,"GlobalID":"{5FA28F07-CA61-4311-93F5-DA5F335CF942}","created_user":"johnyjurisich_CVCarbon","created_date":1763735683854,"last_edited_user":"jjordan_CVCarbon","last_edited_date":1780856289203,"polling_date":1763735674000,"permission_group":"johnyjurisich_CVCarbon,JJurisich_CVCarbon","lease_number":"32024","archive":null}},{"type":"Feature","id":1056,"geometry":{"type":"Point","coordinates":[-9976817.3585000001,3424443.1939999983]},"properties":{"OBJECTID":1056,"substrate":"Solid Reef","substrate_type":null,"buried_shell_depth":null,"water_depth":null,"GlobalID":"{18A7709A-1DBB-4E5E-8CA2-07ECF09C96C0}","created_user":"johnyjurisich_CVCarbon","created_date":1763735683854,"last_edited_user":"jjordan_CVCarbon","last_edited_date":1780856289203,"polling_date":1763735670000,"permission_group":"johnyjurisich_CVCarbon,JJurisich_CVCarbon","lease_number":"32024","archive":null}},{"type":"Feature","id":1057,"geometry":{"type":"Point","coordinates":[-9976807.4287999999,3424430.1375999972]},"properties":{"OBJECTID":1057,"substrate":"Solid Reef","substrate_type":null,"buried_shell_depth":null,"water_depth":null,"GlobalID":"{E6959E4C-0EA9-4191-89B9-37BBAD44D8CA}","created_user":"johnyjurisich_CVCarbon","created_date":1763735683854,"last_edited_user":"jjordan_CVCarbon","last_edited_date":1780856289203,"polling_date":1763735665000,"permission_group":"johnyjurisich_CVCarbon,JJurisich_CVCarbon","lease_number":"32024","archive":null}},{"type":"Feature","id":1058,"geometry":{"type":"Point","coordinates":[-9976799.9146999996,3424419.9302000031]},"properties":{"OBJECTID":1058,"substrate":"Solid Reef","substrate_type":null,"buried_shell_depth":null,"water_depth":null,"GlobalID":"{7966346D-C3F3-46C1-AD1C-339B707F3BB8}","created_user":"johnyjurisich_CVCarbon","created_date":1763735683854,"last_edited_user":"jjordan_CVCarbon","last_edited_date":1780856289203,"polling_date":1763735661000,"permission_group":"johnyjurisich_CVCarbon,JJurisich_CVCarbon","lease_number":"32024","archive":null}},{"type":"Feature","id":1059,"geometry":{"type":"Point","coordinates":[-9976792.7235000003,3424409.7355000004]},"properties":{"OBJECTID":1059,"substrate":"Scattered Shell","substrate_type":null,"buried_shell_depth":null,"water_depth":null,"GlobalID":"{F3802E31-2DA5-487A-ACD4-7DC14D24833C}","created_user":"johnyjurisich_CVCarbon","created_date":1763735683854,"last_edited_user":"jjordan_CVCarbon","last_edited_date":1780856289203,"polling_date":1763735657000,"permission_group":"johnyjurisich_CVCarbon,JJurisich_CVCarbon","lease_number":"32024","archive":null}},{"type":"Feature","id":1060,"geometry":{"type":"Point","coordinates":[-9976870.5247000009,3424520.3572999984]},"properties":{"OBJECTID":1060,"substrate":"Solid Reef","substrate_type":null,"buried_shell_depth":null,"water_depth":null,"GlobalID":"{2ACBEFEA-A84E-49DD-8B53-4E77195DB80C}","created_user":"johnyjurisich_CVCarbon","created_date":1763735708314,"last_edited_user":"jjordan_CVCarbon","last_edited_date":1780856289203,"polling_date":1763735699000,"permission_group":"johnyjurisich_CVCarbon,JJurisich_CVCarbon","lease_number":"32024","archive":null}},{"type":"Feature","id":1061,"geometry":{"type":"Point","coordinates":[-9976862.2424999997,3424506.6876000017]},"properties":{"OBJECTID":1061,"substrate":"Solid Reef","substrate_type":null,"buried_shell_depth":null,"water_depth":null,"GlobalID":"{F93780E7-A8C6-4FDE-BF76-FAF05C3DA6FA}","created_user":"johnyjurisich_CVCarbon","created_date":1763735708314,"last_edited_user":"jjordan_CVCarbon","last_edited_date":1780856289203,"polling_date":1763735694000,"permission_group":"johnyjurisich_CVCarbon,JJurisich_CVCarbon","lease_number":"32024","archive":null}},{"type":"Feature","id":1062,"geometry":{"type":"Point","coordinates":[-9976855.5187999997,3424496.4417999983]},"properties":{"OBJECTID":1062,"substrate":"Solid Reef","substrate_type":null,"buried_shell_depth":null,"water_depth":null,"GlobalID":"{1869D732-0CF9-42D8-B0AE-2677DD2E18F9}","created_user":"johnyjurisich_CVCarbon","created_date":1763735708314,"last_edited_user":"jjordan_CVCarbon","last_edited_date":1780856289203,"polling_date":1763735690000,"permission_group":"johnyjurisich_CVCarbon,JJurisich_CVCarbon","lease_number":"32024","archive":null}},{"type":"Feature","id":1063,"geometry":{"type":"Point","coordinates":[-9976847.0919000003,3424484.3945999965]},"properties":{"OBJECTID":1063,"substrate":"Solid Reef","substrate_type":null,"buried_shell_depth":null,"water_depth":null,"GlobalID":"{F0D783AB-6697-4208-B8C8-3605CBF9BD85}","created_user":"johnyjurisich_CVCarbon","created_date":1763735708314,"last_edited_user":"jjordan_CVCarbon","last_edited_date":1780856289203,"polling_date":1763735686000,"permission_group":"johnyjurisich_CVCarbon,JJurisich_CVCarbon","lease_number":"32024","archive":null}},{"type":"Feature","id":1064,"geometry":{"type":"Point","coordinates":[-9976839.2995999996,3424474.2254000008]},"properties":{"OBJECTID":1064,"substrate":"Solid Reef","substrate_type":null,"buried_shell_depth":null,"water_depth":null,"GlobalID":"{CA304560-40FD-4278-A114-49230D1CE125}","created_user":"johnyjurisich_CVCarbon","created_date":1763735708314,"last_edited_user":"jjordan_CVCarbon","last_edited_date":1780856289203,"polling_date":1763735682000,"permission_group":"johnyjurisich_CVCarbon,JJurisich_CVCarbon","lease_number":"32024","archive":null}},{"type":"Feature","id":1065,"geometry":{"type":"Point","coordinates":[-9976924.9822000004,3424592.3470000029]},"properties":{"OBJECTID":1065,"substrate":"Solid Reef","substrate_type":null,"buried_shell_depth":null,"water_depth":null,"GlobalID":"{C9B90E46-4295-4D0F-A6F1-E5B77B50DC7D}","created_user":"johnyjurisich_CVCarbon","created_date":1763735733643,"last_edited_user":"jjordan_CVCarbon","last_edited_date":1780856289203,"polling_date":1763735727000,"permission_group":"johnyjurisich_CVCarbon,JJurisich_CVCarbon","lease_number":"32024","archive":null}},{"type":"Feature","id":1066,"geometry":{"type":"Point","coordinates":[-9976921.1305,3424587.2879000008]},"properties":{"OBJECTID":1066,"substrate":"Solid Reef","substrate_type":null,"buried_shell_depth":null,"water_depth":null,"GlobalID":"{B8A59D24-C590-4D51-BBF2-7B8A0B3D0A0C}","created_user":"johnyjurisich_CVCarbon","created_date":1763735733643,"last_edited_user":"jjordan_CVCarbon","last_edited_date":1780856289203,"polling_date":1763735725000,"permission_group":"johnyjurisich_CVCarbon,JJurisich_CVCarbon","lease_number":"32024","archive":null}},{"type":"Feature","id":1067,"geometry":{"type":"Point","coordinates":[-9976915.4978,3424580.0314000025]},"properties":{"OBJECTID":1067,"substrate":"Solid Reef","substrate_type":null,"buried_shell_depth":null,"water_depth":null,"GlobalID":"{8DC574F3-C0FE-423C-BD05-CEE28CF21E1B}","created_user":"johnyjurisich_CVCarbon","created_date":1763735733643,"last_edited_user":"jjordan_CVCarbon","last_edited_date":1780856289203,"polling_date":1763735722000,"permission_group":"johnyjurisich_CVCarbon,JJurisich_CVCarbon","lease_number":"32024","archive":null}},{"type":"Feature","id":1068,"geometry":{"type":"Point","coordinates":[-9976909.5309999995,3424572.5195000023]},"properties":{"OBJECTID":1068,"substrate":"Solid Reef","substrate_type":null,"buried_shell_depth":null,"water_depth":null,"GlobalID":"{4AA94999-3DBD-4DAB-A7A2-AC2B558E118C}","created_user":"johnyjurisich_CVCarbon","created_date":1763735733643,"last_edited_user":"jjordan_CVCarbon","last_edited_date":1780856289203,"polling_date":1763735719000,"permission_group":"johnyjurisich_CVCarbon,JJurisich_CVCarbon","lease_number":"32024","archive":null}},{"type":"Feature","id":1069,"geometry":{"type":"Point","coordinates":[-9976905.0449000001,3424567.434799999]},"properties":{"OBJECTID":1069,"substrate":"Solid Reef","substrate_type":null,"buried_shell_depth":null,"water_depth":null,"GlobalID":"{CA504704-5C67-41B9-9E6B-B37F7E3E5534}","created_user":"johnyjurisich_CVCarbon","created_date":1763735733643,"last_edited_user":"jjordan_CVCarbon","last_edited_date":1780856289203,"polling_date":1763735717000,"permission_group":"johnyjurisich_CVCarbon,JJurisich_CVCarbon","lease_number":"32024","archive":null}},{"type":"Feature","id":1070,"geometry":{"type":"Point","coordinates":[-9976895.5493000001,3424554.3144000024]},"properties":{"OBJECTID":1070,"substrate":"Solid Reef","substrate_type":null,"buried_shell_depth":null,"water_depth":null,"GlobalID":"{6F7EB405-07B6-46E1-823A-C6AD459E9814}","created_user":"johnyjurisich_CVCarbon","created_date":1763735733643,"last_edited_user":"jjordan_CVCarbon","last_edited_date":1780856289203,"polling_date":1763735712000,"permission_group":"johnyjurisich_CVCarbon,JJurisich_CVCarbon","lease_number":"32024","archive":null}},{"type":"Feature","id":1071,"geometry":{"type":"Point","coordinates":[-9976885.6641000006,3424541.6028999984]},"properties":{"OBJECTID":1071,"substrate":"Solid Reef","substrate_type":null,"buried_shell_depth":null,"water_depth":null,"GlobalID":"{02D6A258-CD68-4AC6-8C3E-823BB4BA4B26}","created_user":"johnyjurisich_CVCarbon","created_date":1763735733643,"last_edited_user":"jjordan_CVCarbon","last_edited_date":1780856289203,"polling_date":1763735707000,"permission_group":"johnyjurisich_CVCarbon,JJurisich_CVCarbon","lease_number":"32024","archive":null}},{"type":"Feature","id":1072,"geometry":{"type":"Point","coordinates":[-9976877.8384000007,3424530.3605000004]},"properties":{"OBJECTID":1072,"substrate":"Solid Reef","substrate_type":null,"buried_shell_depth":null,"water_depth":null,"GlobalID":"{F99A9A01-DD42-41B5-BB6E-C915C7CA690F}","created_user":"johnyjurisich_CVCarbon","created_date":1763735733643,"last_edited_user":"jjordan_CVCarbon","last_edited_date":1780856289203,"polling_date":1763735703000,"permission_group":"johnyjurisich_CVCarbon,JJurisich_CVCarbon","lease_number":"32024","archive":null}},{"type":"Feature","id":1073,"geometry":{"type":"Point","coordinates":[-9976969.5321999993,3424654.2827000022]},"properties":{"OBJECTID":1073,"substrate":"Scattered Shell","substrate_type":null,"buried_shell_depth":null,"water_depth":null,"GlobalID":"{0EA0AA57-5A2A-4A5B-B44B-00803CB07A33}","created_user":"johnyjurisich_CVCarbon","created_date":1763735758760,"last_edited_user":"jjordan_CVCarbon","last_edited_date":1780856289203,"polling_date":1763735751000,"permission_group":"johnyjurisich_CVCarbon,JJurisich_CVCarbon","lease_number":"32024","archive":null}},{"type":"Feature","id":1074,"geometry":{"type":"Point","coordinates":[-9976963.8882999998,3424646.7707000002]},"properties":{"OBJECTID":1074,"substrate":"Solid Reef","substrate_type":null,"buried_shell_depth":null,"water_depth":null,"GlobalID":"{613DB344-3097-4618-B796-5EB15310082A}","created_user":"johnyjurisich_CVCarbon","created_date":1763735758760,"last_edited_user":"jjordan_CVCarbon","last_edited_date":1780856289203,"polling_date":1763735748000,"permission_group":"johnyjurisich_CVCarbon,JJurisich_CVCarbon","lease_number":"32024","archive":null}},{"type":"Feature","id":1075,"geometry":{"type":"Point","coordinates":[-9976958.1330999993,3424638.6454000026]},"properties":{"OBJECTID":1075,"substrate":"Solid Reef","substrate_type":null,"buried_shell_depth":null,"water_depth":null,"GlobalID":"{7795210D-0DF5-4E53-9FDB-FF1C0C96F0CB}","created_user":"johnyjurisich_CVCarbon","created_date":1763735758760,"last_edited_user":"jjordan_CVCarbon","last_edited_date":1780856289203,"polling_date":1763735745000,"permission_group":"johnyjurisich_CVCarbon,JJurisich_CVCarbon","lease_number":"32024","archive":null}},{"type":"Feature","id":1076,"geometry":{"type":"Point","coordinates":[-9976951.8323999997,3424630.8012999967]},"properties":{"OBJECTID":1076,"substrate":"Solid Reef","substrate_type":null,"buried_shell_depth":null,"water_depth":null,"GlobalID":"{4774202B-9AF7-4303-9314-447D3EDEA7C4}","created_user":"johnyjurisich_CVCarbon","created_date":1763735758760,"last_edited_user":"jjordan_CVCarbon","last_edited_date":1780856289203,"polling_date":1763735742000,"permission_group":"johnyjurisich_CVCarbon,JJurisich_CVCarbon","lease_number":"32024","archive":null}},{"type":"Feature","id":1077,"geometry":{"type":"Point","coordinates":[-9976946.5113999993,3424623.2893000022]},"properties":{"OBJECTID":1077,"substrate":"Solid Reef","substrate_type":null,"buried_shell_depth":null,"water_depth":null,"GlobalID":"{C882492B-6291-4F42-9048-C49289E477AE}","created_user":"johnyjurisich_CVCarbon","created_date":1763735758760,"last_edited_user":"jjordan_CVCarbon","last_edited_date":1780856289203,"polling_date":1763735739000,"permission_group":"johnyjurisich_CVCarbon,JJurisich_CVCarbon","lease_number":"32024","archive":null}},{"type":"Feature","id":1078,"geometry":{"type":"Point","coordinates":[-9976939.3534999993,3424613.1071999967]},"properties":{"OBJECTID":1078,"substrate":"Solid Reef","substrate_type":null,"buried_shell_depth":null,"water_depth":null,"GlobalID":"{775F1177-F06E-4062-B8D3-9641B9B42988}","created_user":"johnyjurisich_CVCarbon","created_date":1763735758760,"last_edited_user":"jjordan_CVCarbon","last_edited_date":1780856289203,"polling_date":1763735735000,"permission_group":"johnyjurisich_CVCarbon,JJurisich_CVCarbon","lease_number":"32024","archive":null}},{"type":"Feature","id":1079,"geometry":{"type":"Point","coordinates":[-9976936.0028000008,3424608.3801999986]},"properties":{"OBJECTID":1079,"substrate":"Solid Reef","substrate_type":null,"buried_shell_depth":null,"water_depth":null,"GlobalID":"{71722660-CEB7-47BB-97F9-714AFF38079D}","created_user":"johnyjurisich_CVCarbon","created_date":1763735758760,"last_edited_user":"jjordan_CVCarbon","last_edited_date":1780856289203,"polling_date":1763735733000,"permission_group":"johnyjurisich_CVCarbon,JJurisich_CVCarbon","lease_number":"32024","archive":null}},{"type":"Feature","id":1080,"geometry":{"type":"Point","coordinates":[-9976930.6929000001,3424599.7440000027]},"properties":{"OBJECTID":1080,"substrate":"Solid Reef","substrate_type":null,"buried_shell_depth":null,"water_depth":null,"GlobalID":"{17316AFC-8264-414B-B82D-960ECF2AD7E2}","created_user":"johnyjurisich_CVCarbon","created_date":1763735758760,"last_edited_user":"jjordan_CVCarbon","last_edited_date":1780856289203,"polling_date":1763735730000,"permission_group":"johnyjurisich_CVCarbon,JJurisich_CVCarbon","lease_number":"32024","archive":null}},{"type":"Feature","id":1081,"geometry":{"type":"Point","coordinates":[-9977010.7093000002,3424712.9609000012]},"properties":{"OBJECTID":1081,"substrate":"Scattered Shell","substrate_type":null,"buried_shell_depth":null,"water_depth":null,"GlobalID":"{5D186281-AF64-456E-B549-B2074EB1272D}","created_user":"johnyjurisich_CVCarbon","created_date":1763735783375,"last_edited_user":"jjordan_CVCarbon","last_edited_date":1780856289203,"polling_date":1763735773000,"permission_group":"johnyjurisich_CVCarbon,JJurisich_CVCarbon","lease_number":"32024","archive":null}},{"type":"Feature","id":1082,"geometry":{"type":"Point","coordinates":[-9976999.9224999994,3424695.7650000006]},"properties":{"OBJECTID":1082,"substrate":"Buried Shell","substrate_type":null,"buried_shell_depth":null,"water_depth":null,"GlobalID":"{5820E903-092A-4303-AEEC-F51AF3DB9FBF}","created_user":"johnyjurisich_CVCarbon","created_date":1763735783375,"last_edited_user":"jjordan_CVCarbon","last_edited_date":1780856289203,"polling_date":1763735767000,"permission_group":"johnyjurisich_CVCarbon,JJurisich_CVCarbon","lease_number":"32024","archive":null}},{"type":"Feature","id":1083,"geometry":{"type":"Point","coordinates":[-9976988.1782000009,3424680.4470999986]},"properties":{"OBJECTID":1083,"substrate":"Buried Shell","substrate_type":null,"buried_shell_depth":null,"water_depth":null,"GlobalID":"{EA93469F-B067-4DD1-833D-79AD68F0B119}","created_user":"johnyjurisich_CVCarbon","created_date":1763735783375,"last_edited_user":"jjordan_CVCarbon","last_edited_date":1780856289203,"polling_date":1763735761000,"permission_group":"johnyjurisich_CVCarbon,JJurisich_CVCarbon","lease_number":"32024","archive":null}},{"type":"Feature","id":1084,"geometry":{"type":"Point","coordinates":[-9976978.9498999994,3424667.4799000025]},"properties":{"OBJECTID":1084,"substrate":"Buried Shell","substrate_type":null,"buried_shell_depth":null,"water_depth":null,"GlobalID":"{82E82AEE-A26A-48E6-85DD-FA9FC2D8FAD8}","created_user":"johnyjurisich_CVCarbon","created_date":1763735783375,"last_edited_user":"jjordan_CVCarbon","last_edited_date":1780856289203,"polling_date":1763735756000,"permission_group":"johnyjurisich_CVCarbon,JJurisich_CVCarbon","lease_number":"32024","archive":null}},{"type":"Feature","id":1085,"geometry":{"type":"Point","coordinates":[-9977056.8178000003,3424774.3095000014]},"properties":{"OBJECTID":1085,"substrate":"Scattered Shell","substrate_type":null,"buried_shell_depth":null,"water_depth":null,"GlobalID":"{4C2561B1-BE08-4883-A2DE-6D41EFEEA0BC}","created_user":"johnyjurisich_CVCarbon","created_date":1763735808098,"last_edited_user":"jjordan_CVCarbon","last_edited_date":1780856289203,"polling_date":1763735797000,"permission_group":"johnyjurisich_CVCarbon,JJurisich_CVCarbon","lease_number":"32024","archive":null}},{"type":"Feature","id":1086,"geometry":{"type":"Point","coordinates":[-9977048.6247000005,3424764.370099999]},"properties":{"OBJECTID":1086,"substrate":"Scattered Shell","substrate_type":null,"buried_shell_depth":null,"water_depth":null,"GlobalID":"{C752BCB8-1796-4AD4-AE13-E6315A0E7424}","created_user":"johnyjurisich_CVCarbon","created_date":1763735808098,"last_edited_user":"jjordan_CVCarbon","last_edited_date":1780856289203,"polling_date":1763735793000,"permission_group":"johnyjurisich_CVCarbon,JJurisich_CVCarbon","lease_number":"32024","archive":null}},{"type":"Feature","id":1087,"geometry":{"type":"Point","coordinates":[-9977037.7821999993,3424748.6687999964]},"properties":{"OBJECTID":1087,"substrate":"Solid Reef","substrate_type":null,"buried_shell_depth":null,"water_depth":null,"GlobalID":"{3159EA26-CCAA-4C19-B6E8-05EAD960BC85}","created_user":"johnyjurisich_CVCarbon","created_date":1763735808098,"last_edited_user":"jjordan_CVCarbon","last_edited_date":1780856289203,"polling_date":1763735787000,"permission_group":"johnyjurisich_CVCarbon,JJurisich_CVCarbon","lease_number":"32024","archive":null}},{"type":"Feature","id":1088,"geometry":{"type":"Point","coordinates":[-9977030.2458999995,3424737.2217999995]},"properties":{"OBJECTID":1088,"substrate":"Solid Reef","substrate_type":null,"buried_shell_depth":null,"water_depth":null,"GlobalID":"{33F8C597-56E2-4041-A9DC-F0FAC2251A3B}","created_user":"johnyjurisich_CVCarbon","created_date":1763735808098,"last_edited_user":"jjordan_CVCarbon","last_edited_date":1780856289203,"polling_date":1763735783000,"permission_group":"johnyjurisich_CVCarbon,JJurisich_CVCarbon","lease_number":"32024","archive":null}},{"type":"Feature","id":1089,"geometry":{"type":"Point","coordinates":[-9977022.7206999995,3424726.8990999982]},"properties":{"OBJECTID":1089,"substrate":"Solid Reef","substrate_type":null,"buried_shell_depth":null,"water_depth":null,"GlobalID":"{34D63F19-A6C6-4929-B125-A5D8AB2D1507}","created_user":"johnyjurisich_CVCarbon","created_date":1763735808098,"last_edited_user":"jjordan_CVCarbon","last_edited_date":1780856289203,"polling_date":1763735779000,"permission_group":"johnyjurisich_CVCarbon,JJurisich_CVCarbon","lease_number":"32024","archive":null}},{"type":"Feature","id":1090,"geometry":{"type":"Point","coordinates":[-9977083.3007999994,3424808.420599997]},"properties":{"OBJECTID":1090,"substrate":"Firm/Hard Bottom","substrate_type":null,"buried_shell_depth":null,"water_depth":null,"GlobalID":"{4F464B0A-4D37-4E5E-A2ED-34378F765531}","created_user":"johnyjurisich_CVCarbon","created_date":1763735833396,"last_edited_user":"jjordan_CVCarbon","last_edited_date":1780856289203,"polling_date":1763735811000,"permission_group":"johnyjurisich_CVCarbon,JJurisich_CVCarbon","lease_number":"32024","archive":null}},{"type":"Feature","id":1091,"geometry":{"type":"Point","coordinates":[-9977074.5955999997,3424800.435800001]},"properties":{"OBJECTID":1091,"substrate":"Firm/Hard Bottom","substrate_type":null,"buried_shell_depth":null,"water_depth":null,"GlobalID":"{04526B36-79CF-40E9-BEAD-233B8AB675E4}","created_user":"johnyjurisich_CVCarbon","created_date":1763735833396,"last_edited_user":"jjordan_CVCarbon","last_edited_date":1780856289203,"polling_date":1763735807000,"permission_group":"johnyjurisich_CVCarbon,JJurisich_CVCarbon","lease_number":"32024","archive":null}},{"type":"Feature","id":1092,"geometry":{"type":"Point","coordinates":[-9977065.8458999991,3424787.9922999963]},"properties":{"OBJECTID":1092,"substrate":"Firm/Hard Bottom","substrate_type":null,"buried_shell_depth":null,"water_depth":null,"GlobalID":"{516EE349-02FA-4DFD-961F-719DE24D933E}","created_user":"johnyjurisich_CVCarbon","created_date":1763735833396,"last_edited_user":"jjordan_CVCarbon","last_edited_date":1780856289203,"polling_date":1763735802000,"permission_group":"johnyjurisich_CVCarbon,JJurisich_CVCarbon","lease_number":"32024","archive":null}},{"type":"Feature","id":1093,"geometry":{"type":"Point","coordinates":[-9977149.5691999998,3424563.8576999977]},"properties":{"OBJECTID":1093,"substrate":"Solid Reef","substrate_type":null,"buried_shell_depth":null,"water_depth":null,"GlobalID":"{AAE02651-0091-4029-8C27-398B02FDA941}","created_user":"johnyjurisich_CVCarbon","created_date":1763742813437,"last_edited_user":"jjordan_CVCarbon","last_edited_date":1780856289203,"polling_date":1763737317000,"permission_group":"johnyjurisich_CVCarbon,JJurisich_CVCarbon","lease_number":"32024","archive":null}},{"type":"Feature","id":1094,"geometry":{"type":"Point","coordinates":[-9977143.3910000008,3424557.1761000007]},"properties":{"OBJECTID":1094,"substrate":"Scattered Shell","substrate_type":null,"buried_shell_depth":null,"water_depth":null,"GlobalID":"{5B9F3A44-BD2C-46DB-B18A-8478E2EFE2BC}","created_user":"johnyjurisich_CVCarbon","created_date":1763742813437,"last_edited_user":"jjordan_CVCarbon","last_edited_date":1780856289203,"polling_date":1763737314000,"permission_group":"johnyjurisich_CVCarbon,JJurisich_CVCarbon","lease_number":"32024","archive":null}},{"type":"Feature","id":1095,"geometry":{"type":"Point","coordinates":[-9977136.1997999996,3424547.0068999976]},"properties":{"OBJECTID":1095,"substrate":"Scattered Shell","substrate_type":null,"buried_shell_depth":null,"water_depth":null,"GlobalID":"{2114159D-0634-4D19-8230-E9C4686C9D09}","created_user":"johnyjurisich_CVCarbon","created_date":1763742813437,"last_edited_user":"jjordan_CVCarbon","last_edited_date":1780856289203,"polling_date":1763737310000,"permission_group":"johnyjurisich_CVCarbon,JJurisich_CVCarbon","lease_number":"32024","archive":null}},{"type":"Feature","id":1096,"geometry":{"type":"Point","coordinates":[-9977127.1829000004,3424534.6274999976]},"properties":{"OBJECTID":1096,"substrate":"Scattered Shell","substrate_type":null,"buried_shell_depth":null,"water_depth":null,"GlobalID":"{43F76BA2-6F10-4B5E-8D18-EA605067FD30}","created_user":"johnyjurisich_CVCarbon","created_date":1763742813437,"last_edited_user":"jjordan_CVCarbon","last_edited_date":1780856289203,"polling_date":1763737305000,"permission_group":"johnyjurisich_CVCarbon,JJurisich_CVCarbon","lease_number":"32024","archive":null}},{"type":"Feature","id":1097,"geometry":{"type":"Point","coordinates":[-9977120.1809,3424523.9217000008]},"properties":{"OBJECTID":1097,"substrate":"Scattered Shell","substrate_type":null,"buried_shell_depth":null,"water_depth":null,"GlobalID":"{85A70884-2219-4908-8882-79C3D5644D82}","created_user":"johnyjurisich_CVCarbon","created_date":1763742813437,"last_edited_user":"jjordan_CVCarbon","last_edited_date":1780856289203,"polling_date":1763737301000,"permission_group":"johnyjurisich_CVCarbon,JJurisich_CVCarbon","lease_number":"32024","archive":null}},{"type":"Feature","id":1098,"geometry":{"type":"Point","coordinates":[-9977114.7929999996,3424516.7929999977]},"properties":{"OBJECTID":1098,"substrate":"Buried Shell","substrate_type":null,"buried_shell_depth":null,"water_depth":null,"GlobalID":"{F4DD72C3-1C56-40F7-9F3F-31CEB830DC85}","created_user":"johnyjurisich_CVCarbon","created_date":1763742813437,"last_edited_user":"jjordan_CVCarbon","last_edited_date":1780856289203,"polling_date":1763737298000,"permission_group":"johnyjurisich_CVCarbon,JJurisich_CVCarbon","lease_number":"32024","archive":null}},{"type":"Feature","id":1099,"geometry":{"type":"Point","coordinates":[-9977107.5907000005,3424505.3334000036]},"properties":{"OBJECTID":1099,"substrate":"Mud","substrate_type":null,"buried_shell_depth":null,"water_depth":null,"GlobalID":"{0472678A-9256-48E5-881D-A45A47A0EF0E}","created_user":"johnyjurisich_CVCarbon","created_date":1763742813437,"last_edited_user":"jjordan_CVCarbon","last_edited_date":1780856289203,"polling_date":1763737294000,"permission_group":"johnyjurisich_CVCarbon,JJurisich_CVCarbon","lease_number":"32024","archive":null}},{"type":"Feature","id":1100,"geometry":{"type":"Point","coordinates":[-9977099.4309,3424492.3791999966]},"properties":{"OBJECTID":1100,"substrate":"Scattered Shell","substrate_type":null,"buried_shell_depth":null,"water_depth":null,"GlobalID":"{7376C01D-DFF6-407A-B812-C4C6CC8EAC92}","created_user":"johnyjurisich_CVCarbon","created_date":1763742813437,"last_edited_user":"jjordan_CVCarbon","last_edited_date":1780856289203,"polling_date":1763737289000,"permission_group":"johnyjurisich_CVCarbon,JJurisich_CVCarbon","lease_number":"32024","archive":null}},{"type":"Feature","id":1101,"geometry":{"type":"Point","coordinates":[-9977088.1208999995,3424476.3716000021]},"properties":{"OBJECTID":1101,"substrate":"Scattered Shell","substrate_type":null,"buried_shell_depth":null,"water_depth":null,"GlobalID":"{41D6176A-375C-405D-A4C9-49527228A40D}","created_user":"johnyjurisich_CVCarbon","created_date":1763742813437,"last_edited_user":"jjordan_CVCarbon","last_edited_date":1780856289203,"polling_date":1763737283000,"permission_group":"johnyjurisich_CVCarbon,JJurisich_CVCarbon","lease_number":"32024","archive":null}},{"type":"Feature","id":1102,"geometry":{"type":"Point","coordinates":[-9977080.9296000004,3424465.7298000008]},"properties":{"OBJECTID":1102,"substrate":"Solid Reef","substrate_type":null,"buried_shell_depth":null,"water_depth":null,"GlobalID":"{9D8C142C-9CE2-40F4-85CC-EC1D359D08F2}","created_user":"johnyjurisich_CVCarbon","created_date":1763742813437,"last_edited_user":"jjordan_CVCarbon","last_edited_date":1780856289203,"polling_date":1763737279000,"permission_group":"johnyjurisich_CVCarbon,JJurisich_CVCarbon","lease_number":"32024","archive":null}},{"type":"Feature","id":1103,"geometry":{"type":"Point","coordinates":[-9977072.2356000002,3424452.6988999993]},"properties":{"OBJECTID":1103,"substrate":"Buried Shell","substrate_type":null,"buried_shell_depth":null,"water_depth":null,"GlobalID":"{2448DAE0-9CB9-48FE-85B2-078307FF5E51}","created_user":"johnyjurisich_CVCarbon","created_date":1763742813437,"last_edited_user":"jjordan_CVCarbon","last_edited_date":1780856289203,"polling_date":1763737274000,"permission_group":"johnyjurisich_CVCarbon,JJurisich_CVCarbon","lease_number":"32024","archive":null}},{"type":"Feature","id":1104,"geometry":{"type":"Point","coordinates":[-9977064.5767999999,3424442.5680000037]},"properties":{"OBJECTID":1104,"substrate":"Scattered Shell","substrate_type":null,"buried_shell_depth":null,"water_depth":null,"GlobalID":"{D221C40D-E4E5-4567-A291-C87F9A15E2DC}","created_user":"johnyjurisich_CVCarbon","created_date":1763742813437,"last_edited_user":"jjordan_CVCarbon","last_edited_date":1780856289203,"polling_date":1763737270000,"permission_group":"johnyjurisich_CVCarbon,JJurisich_CVCarbon","lease_number":"32024","archive":null}},{"type":"Feature","id":1105,"geometry":{"type":"Point","coordinates":[-9977054.9254000001,3424430.8914000019]},"properties":{"OBJECTID":1105,"substrate":"Buried Shell","substrate_type":null,"buried_shell_depth":null,"water_depth":null,"GlobalID":"{963E5FDA-26DF-42CD-AAC6-A78D08E6D34C}","created_user":"johnyjurisich_CVCarbon","created_date":1763742813437,"last_edited_user":"jjordan_CVCarbon","last_edited_date":1780856289203,"polling_date":1763737265000,"permission_group":"johnyjurisich_CVCarbon,JJurisich_CVCarbon","lease_number":"32024","archive":null}},{"type":"Feature","id":1106,"geometry":{"type":"Point","coordinates":[-9977045.0402000006,3424417.8095000014]},"properties":{"OBJECTID":1106,"substrate":"Buried Shell","substrate_type":null,"buried_shell_depth":null,"water_depth":null,"GlobalID":"{80368C83-CC0B-4569-A91C-FB6D7A5E023F}","created_user":"johnyjurisich_CVCarbon","created_date":1763742841554,"last_edited_user":"jjordan_CVCarbon","last_edited_date":1780856289203,"polling_date":1763737260000,"permission_group":"johnyjurisich_CVCarbon,JJurisich_CVCarbon","lease_number":"32024","archive":null}},{"type":"Feature","id":1107,"geometry":{"type":"Point","coordinates":[-9977033.1291000005,3424400.0517999977]},"properties":{"OBJECTID":1107,"substrate":"Buried Shell","substrate_type":null,"buried_shell_depth":null,"water_depth":null,"GlobalID":"{034ADF23-2694-4E70-9B5F-76F82F53EDCF}","created_user":"johnyjurisich_CVCarbon","created_date":1763742841554,"last_edited_user":"jjordan_CVCarbon","last_edited_date":1780856289203,"polling_date":1763737253000,"permission_group":"johnyjurisich_CVCarbon,JJurisich_CVCarbon","lease_number":"32024","archive":null}},{"type":"Feature","id":1108,"geometry":{"type":"Point","coordinates":[-9977025.0139000006,3424385.2197000012]},"properties":{"OBJECTID":1108,"substrate":"Buried Shell","substrate_type":null,"buried_shell_depth":null,"water_depth":null,"GlobalID":"{B22EB393-8110-4136-914F-48422F11E590}","created_user":"johnyjurisich_CVCarbon","created_date":1763742841554,"last_edited_user":"jjordan_CVCarbon","last_edited_date":1780856289203,"polling_date":1763737248000,"permission_group":"johnyjurisich_CVCarbon,JJurisich_CVCarbon","lease_number":"32024","archive":null}},{"type":"Feature","id":1109,"geometry":{"type":"Point","coordinates":[-9977016.6872000005,3424372.5848999992]},"properties":{"OBJECTID":1109,"substrate":"Buried Shell","substrate_type":null,"buried_shell_depth":null,"water_depth":null,"GlobalID":"{C7FE5B5E-D95E-42BA-A899-F3C510DD0332}","created_user":"johnyjurisich_CVCarbon","created_date":1763742841554,"last_edited_user":"jjordan_CVCarbon","last_edited_date":1780856289203,"polling_date":1763737243000,"permission_group":"johnyjurisich_CVCarbon,JJurisich_CVCarbon","lease_number":"32024","archive":null}},{"type":"Feature","id":1110,"geometry":{"type":"Point","coordinates":[-9977008.9949999992,3424362.9778999984]},"properties":{"OBJECTID":1110,"substrate":"Firm/Hard Bottom","substrate_type":null,"buried_shell_depth":null,"water_depth":null,"GlobalID":"{F973703A-9C88-4DDC-9B9A-A0046B0B9A87}","created_user":"johnyjurisich_CVCarbon","created_date":1763742841554,"last_edited_user":"jjordan_CVCarbon","last_edited_date":1780856289203,"polling_date":1763737239000,"permission_group":"johnyjurisich_CVCarbon,JJurisich_CVCarbon","lease_number":"32024","archive":null}},{"type":"Feature","id":1111,"geometry":{"type":"Point","coordinates":[-9976998.3861999996,3424347.5837000012]},"properties":{"OBJECTID":1111,"substrate":"Firm/Hard Bottom","substrate_type":null,"buried_shell_depth":null,"water_depth":null,"GlobalID":"{C0996F35-9F99-42F6-9B15-36705DB1EB1D}","created_user":"johnyjurisich_CVCarbon","created_date":1763742841554,"last_edited_user":"jjordan_CVCarbon","last_edited_date":1780856289203,"polling_date":1763737233000,"permission_group":"johnyjurisich_CVCarbon,JJurisich_CVCarbon","lease_number":"32024","archive":null}},{"type":"Feature","id":1112,"geometry":{"type":"Point","coordinates":[-9976989.3247999996,3424330.9504000023]},"properties":{"OBJECTID":1112,"substrate":"Firm/Hard Bottom","substrate_type":null,"buried_shell_depth":null,"water_depth":null,"GlobalID":"{F02F3BCA-8DAD-4868-9C9D-34DA88A26D27}","created_user":"johnyjurisich_CVCarbon","created_date":1763742841554,"last_edited_user":"jjordan_CVCarbon","last_edited_date":1780856289203,"polling_date":1763737227000,"permission_group":"johnyjurisich_CVCarbon,JJurisich_CVCarbon","lease_number":"32024","archive":null}},{"type":"Feature","id":1113,"geometry":{"type":"Point","coordinates":[-9976979.6177999992,3424319.1204999983]},"properties":{"OBJECTID":1113,"substrate":"Firm/Hard Bottom","substrate_type":null,"buried_shell_depth":null,"water_depth":null,"GlobalID":"{BF160143-B022-431A-935B-28A9D1D0DBA1}","created_user":"johnyjurisich_CVCarbon","created_date":1763742841554,"last_edited_user":"jjordan_CVCarbon","last_edited_date":1780856289203,"polling_date":1763737222000,"permission_group":"johnyjurisich_CVCarbon,JJurisich_CVCarbon","lease_number":"32024","archive":null}},{"type":"Feature","id":1114,"geometry":{"type":"Point","coordinates":[-9976969.0869999994,3424304.1480000019]},"properties":{"OBJECTID":1114,"substrate":"Firm/Hard Bottom","substrate_type":null,"buried_shell_depth":null,"water_depth":null,"GlobalID":"{EBF5DF4A-AAB5-4B49-BD8B-A1A73D89FCEA}","created_user":"johnyjurisich_CVCarbon","created_date":1763742841554,"last_edited_user":"jjordan_CVCarbon","last_edited_date":1780856289203,"polling_date":1763737216000,"permission_group":"johnyjurisich_CVCarbon,JJurisich_CVCarbon","lease_number":"32024","archive":null}},{"type":"Feature","id":1115,"geometry":{"type":"Point","coordinates":[-9976961.1943999995,3424294.298299998]},"properties":{"OBJECTID":1115,"substrate":"Firm/Hard Bottom","substrate_type":null,"buried_shell_depth":null,"water_depth":null,"GlobalID":"{ABF817A6-14B3-459F-8E32-7307953F9489}","created_user":"johnyjurisich_CVCarbon","created_date":1763742841554,"last_edited_user":"jjordan_CVCarbon","last_edited_date":1780856289203,"polling_date":1763737212000,"permission_group":"johnyjurisich_CVCarbon,JJurisich_CVCarbon","lease_number":"32024","archive":null}},{"type":"Feature","id":1116,"geometry":{"type":"Point","coordinates":[-9976948.4705999997,3424278.5464999974]},"properties":{"OBJECTID":1116,"substrate":"Firm/Hard Bottom","substrate_type":null,"buried_shell_depth":null,"water_depth":null,"GlobalID":"{E1DB20A3-9749-426D-984C-5082E546D88F}","created_user":"johnyjurisich_CVCarbon","created_date":1763742841554,"last_edited_user":"jjordan_CVCarbon","last_edited_date":1780856289203,"polling_date":1763737206000,"permission_group":"johnyjurisich_CVCarbon,JJurisich_CVCarbon","lease_number":"32024","archive":null}},{"type":"Feature","id":1117,"geometry":{"type":"Point","coordinates":[-9976936.4257999994,3424263.5995000005]},"properties":{"OBJECTID":1117,"substrate":"Firm/Hard Bottom","substrate_type":null,"buried_shell_depth":null,"water_depth":null,"GlobalID":"{67969AAA-890E-43DD-A7A4-72EA231BC9E8}","created_user":"johnyjurisich_CVCarbon","created_date":1763742841554,"last_edited_user":"jjordan_CVCarbon","last_edited_date":1780856289203,"polling_date":1763737200000,"permission_group":"johnyjurisich_CVCarbon,JJurisich_CVCarbon","lease_number":"32024","archive":null}},{"type":"Feature","id":1118,"geometry":{"type":"Point","coordinates":[-9976925.8281999994,3424250.3005999997]},"properties":{"OBJECTID":1118,"substrate":"Mud","substrate_type":null,"buried_shell_depth":null,"water_depth":null,"GlobalID":"{CCF88F3C-15F4-4F73-B9AF-2AE2E89D3838}","created_user":"johnyjurisich_CVCarbon","created_date":1763742841554,"last_edited_user":"jjordan_CVCarbon","last_edited_date":1780856289203,"polling_date":1763737195000,"permission_group":"johnyjurisich_CVCarbon,JJurisich_CVCarbon","lease_number":"32024","archive":null}},{"type":"Feature","id":1119,"geometry":{"type":"Point","coordinates":[-9976912.0801999997,3424235.8518999964]},"properties":{"OBJECTID":1119,"substrate":"Mud","substrate_type":null,"buried_shell_depth":null,"water_depth":null,"GlobalID":"{835C84DF-D88D-417F-8695-40CD08C0FA68}","created_user":"johnyjurisich_CVCarbon","created_date":1763742841554,"last_edited_user":"jjordan_CVCarbon","last_edited_date":1780856289203,"polling_date":1763737188000,"permission_group":"johnyjurisich_CVCarbon,JJurisich_CVCarbon","lease_number":"32024","archive":null}},{"type":"Feature","id":1120,"geometry":{"type":"Point","coordinates":[-9976905.4344999995,3424229.4004999995]},"properties":{"OBJECTID":1120,"substrate":"Mud","substrate_type":null,"buried_shell_depth":null,"water_depth":null,"GlobalID":"{DD6E5D58-0C00-45D6-A1A1-E6BF5F0502D0}","created_user":"johnyjurisich_CVCarbon","created_date":1763742841554,"last_edited_user":"jjordan_CVCarbon","last_edited_date":1780856289203,"polling_date":1763737185000,"permission_group":"johnyjurisich_CVCarbon,JJurisich_CVCarbon","lease_number":"32024","archive":null}},{"type":"Feature","id":1121,"geometry":{"type":"Point","coordinates":[-9976890.3951999992,3424213.5848999992]},"properties":{"OBJECTID":1121,"substrate":"Mud","substrate_type":null,"buried_shell_depth":null,"water_depth":null,"GlobalID":"{EC8DF9EE-48B4-4A56-8164-18C3A7BFDFF8}","created_user":"johnyjurisich_CVCarbon","created_date":1763742841554,"last_edited_user":"jjordan_CVCarbon","last_edited_date":1780856289203,"polling_date":1763737178000,"permission_group":"johnyjurisich_CVCarbon,JJurisich_CVCarbon","lease_number":"32024","archive":null}},{"type":"Feature","id":1122,"geometry":{"type":"Point","coordinates":[-9976865.6043999996,3424201.3334999979]},"properties":{"OBJECTID":1122,"substrate":"Mud","substrate_type":null,"buried_shell_depth":null,"water_depth":null,"GlobalID":"{F892792A-E3A3-4C58-80AA-636CE6BB9E56}","created_user":"johnyjurisich_CVCarbon","created_date":1763742841554,"last_edited_user":"jjordan_CVCarbon","last_edited_date":1780856289203,"polling_date":1763737167000,"permission_group":"johnyjurisich_CVCarbon,JJurisich_CVCarbon","lease_number":"32024","archive":null}},{"type":"Feature","id":1123,"geometry":{"type":"Point","coordinates":[-9976856.5318,3424216.3698000014]},"properties":{"OBJECTID":1123,"substrate":"Mud","substrate_type":null,"buried_shell_depth":null,"water_depth":null,"GlobalID":"{40F46E8E-1439-49D4-A0FD-5F5B067F1EAF}","created_user":"johnyjurisich_CVCarbon","created_date":1763742841554,"last_edited_user":"jjordan_CVCarbon","last_edited_date":1780856289203,"polling_date":1763737158000,"permission_group":"johnyjurisich_CVCarbon,JJurisich_CVCarbon","lease_number":"32024","archive":null}},{"type":"Feature","id":1124,"geometry":{"type":"Point","coordinates":[-9976858.3241000008,3424229.3620999977]},"properties":{"OBJECTID":1124,"substrate":"Firm/Hard Bottom","substrate_type":null,"buried_shell_depth":null,"water_depth":null,"GlobalID":"{920AD8AD-8404-4E0D-84A4-CEF364960BCE}","created_user":"johnyjurisich_CVCarbon","created_date":1763742841554,"last_edited_user":"jjordan_CVCarbon","last_edited_date":1780856289203,"polling_date":1763737153000,"permission_group":"johnyjurisich_CVCarbon,JJurisich_CVCarbon","lease_number":"32024","archive":null}},{"type":"Feature","id":1125,"geometry":{"type":"Point","coordinates":[-9976869.9346999992,3424246.5063999966]},"properties":{"OBJECTID":1125,"substrate":"Firm/Hard Bottom","substrate_type":null,"buried_shell_depth":null,"water_depth":null,"GlobalID":"{A1A7D1BE-F617-437B-B0F5-D5C408AC49C1}","created_user":"johnyjurisich_CVCarbon","created_date":1763742841554,"last_edited_user":"jjordan_CVCarbon","last_edited_date":1780856289203,"polling_date":1763737145000,"permission_group":"johnyjurisich_CVCarbon,JJurisich_CVCarbon","lease_number":"32024","archive":null}},{"type":"Feature","id":1126,"geometry":{"type":"Point","coordinates":[-9976878.9404000007,3424256.1388000026]},"properties":{"OBJECTID":1126,"substrate":"Firm/Hard Bottom","substrate_type":null,"buried_shell_depth":null,"water_depth":null,"GlobalID":"{2E83FC50-7D5E-47F1-9A3E-D581E079C05D}","created_user":"johnyjurisich_CVCarbon","created_date":1763742841554,"last_edited_user":"jjordan_CVCarbon","last_edited_date":1780856289203,"polling_date":1763737138000,"permission_group":"johnyjurisich_CVCarbon,JJurisich_CVCarbon","lease_number":"32024","archive":null}},{"type":"Feature","id":1127,"geometry":{"type":"Point","coordinates":[-9976891.4305000007,3424271.2774000019]},"properties":{"OBJECTID":1127,"substrate":"Firm/Hard Bottom","substrate_type":null,"buried_shell_depth":null,"water_depth":null,"GlobalID":"{546DB534-88FA-4B6E-94BA-7D9719A009DF}","created_user":"johnyjurisich_CVCarbon","created_date":1763742841554,"last_edited_user":"jjordan_CVCarbon","last_edited_date":1780856289203,"polling_date":1763737131000,"permission_group":"johnyjurisich_CVCarbon,JJurisich_CVCarbon","lease_number":"32024","archive":null}},{"type":"Feature","id":1128,"geometry":{"type":"Point","coordinates":[-9976898.8221000005,3424280.9993000031]},"properties":{"OBJECTID":1128,"substrate":"Firm/Hard Bottom","substrate_type":null,"buried_shell_depth":null,"water_depth":null,"GlobalID":"{B6825527-315E-4D88-8DDB-EA947A19364A}","created_user":"johnyjurisich_CVCarbon","created_date":1763742841554,"last_edited_user":"jjordan_CVCarbon","last_edited_date":1780856289203,"polling_date":1763737127000,"permission_group":"johnyjurisich_CVCarbon,JJurisich_CVCarbon","lease_number":"32024","archive":null}},{"type":"Feature","id":1129,"geometry":{"type":"Point","coordinates":[-9976909.4530999996,3424295.9846000001]},"properties":{"OBJECTID":1129,"substrate":"Firm/Hard Bottom","substrate_type":null,"buried_shell_depth":null,"water_depth":null,"GlobalID":"{036A199B-4EBF-482C-924A-8CD8CE5846F6}","created_user":"johnyjurisich_CVCarbon","created_date":1763742841554,"last_edited_user":"jjordan_CVCarbon","last_edited_date":1780856289203,"polling_date":1763737121000,"permission_group":"johnyjurisich_CVCarbon,JJurisich_CVCarbon","lease_number":"32024","archive":null}},{"type":"Feature","id":1130,"geometry":{"type":"Point","coordinates":[-9976919.3383000009,3424311.6853]},"properties":{"OBJECTID":1130,"substrate":"Firm/Hard Bottom","substrate_type":null,"buried_shell_depth":null,"water_depth":null,"GlobalID":"{71368438-30D6-4200-8B21-A6E4AD5EBD43}","created_user":"johnyjurisich_CVCarbon","created_date":1763742841554,"last_edited_user":"jjordan_CVCarbon","last_edited_date":1780856289203,"polling_date":1763737115000,"permission_group":"johnyjurisich_CVCarbon,JJurisich_CVCarbon","lease_number":"32024","archive":null}},{"type":"Feature","id":1131,"geometry":{"type":"Point","coordinates":[-9976928.5667000003,3424323.9240000024]},"properties":{"OBJECTID":1131,"substrate":"Firm/Hard Bottom","substrate_type":null,"buried_shell_depth":null,"water_depth":null,"GlobalID":"{7A5B507E-FE77-445C-BB75-C0CE648A3157}","created_user":"johnyjurisich_CVCarbon","created_date":1763742841554,"last_edited_user":"jjordan_CVCarbon","last_edited_date":1780856289203,"polling_date":1763737110000,"permission_group":"johnyjurisich_CVCarbon,JJurisich_CVCarbon","lease_number":"32024","archive":null}},{"type":"Feature","id":1132,"geometry":{"type":"Point","coordinates":[-9976937.2496000007,3424336.0477000028]},"properties":{"OBJECTID":1132,"substrate":"Buried Shell","substrate_type":null,"buried_shell_depth":null,"water_depth":null,"GlobalID":"{826DF74C-B9D8-4C5A-9E2E-B8F6B8A68EDF}","created_user":"johnyjurisich_CVCarbon","created_date":1763742841554,"last_edited_user":"jjordan_CVCarbon","last_edited_date":1780856289203,"polling_date":1763737105000,"permission_group":"johnyjurisich_CVCarbon,JJurisich_CVCarbon","lease_number":"32024","archive":null}},{"type":"Feature","id":1133,"geometry":{"type":"Point","coordinates":[-9976946.2999000009,3424348.0436000004]},"properties":{"OBJECTID":1133,"substrate":"Buried Shell","substrate_type":null,"buried_shell_depth":null,"water_depth":null,"GlobalID":"{8521379D-79E2-4E01-A31C-85243B48B478}","created_user":"johnyjurisich_CVCarbon","created_date":1763742841554,"last_edited_user":"jjordan_CVCarbon","last_edited_date":1780856289203,"polling_date":1763737100000,"permission_group":"johnyjurisich_CVCarbon,JJurisich_CVCarbon","lease_number":"32024","archive":null}},{"type":"Feature","id":1134,"geometry":{"type":"Point","coordinates":[-9976956.0068999995,3424359.9245999977]},"properties":{"OBJECTID":1134,"substrate":"Firm/Hard Bottom","substrate_type":null,"buried_shell_depth":null,"water_depth":null,"GlobalID":"{062B4D44-261E-4E97-B9A4-26E5DE6DCCE0}","created_user":"johnyjurisich_CVCarbon","created_date":1763742841554,"last_edited_user":"jjordan_CVCarbon","last_edited_date":1780856289203,"polling_date":1763737095000,"permission_group":"johnyjurisich_CVCarbon,JJurisich_CVCarbon","lease_number":"32024","archive":null}},{"type":"Feature","id":1135,"geometry":{"type":"Point","coordinates":[-9976965.2129999995,3424372.2272000015]},"properties":{"OBJECTID":1135,"substrate":"Firm/Hard Bottom","substrate_type":null,"buried_shell_depth":null,"water_depth":null,"GlobalID":"{0A5B9876-5AA3-4F8D-9FF4-805087B5570B}","created_user":"johnyjurisich_CVCarbon","created_date":1763742841554,"last_edited_user":"jjordan_CVCarbon","last_edited_date":1780856289203,"polling_date":1763737090000,"permission_group":"johnyjurisich_CVCarbon,JJurisich_CVCarbon","lease_number":"32024","archive":null}},{"type":"Feature","id":1136,"geometry":{"type":"Point","coordinates":[-9976974.1185999997,3424384.8620000035]},"properties":{"OBJECTID":1136,"substrate":"Buried Shell","substrate_type":null,"buried_shell_depth":null,"water_depth":null,"GlobalID":"{75F509DD-78CC-43D6-B29E-D454A02D5ACE}","created_user":"johnyjurisich_CVCarbon","created_date":1763742841554,"last_edited_user":"jjordan_CVCarbon","last_edited_date":1780856289203,"polling_date":1763737085000,"permission_group":"johnyjurisich_CVCarbon,JJurisich_CVCarbon","lease_number":"32024","archive":null}},{"type":"Feature","id":1137,"geometry":{"type":"Point","coordinates":[-9976983.1242999993,3424397.7267000005]},"properties":{"OBJECTID":1137,"substrate":"Buried Shell","substrate_type":null,"buried_shell_depth":null,"water_depth":null,"GlobalID":"{3FCA8A0A-11D4-48FE-ACC6-D2FA663FFC04}","created_user":"johnyjurisich_CVCarbon","created_date":1763742841554,"last_edited_user":"jjordan_CVCarbon","last_edited_date":1780856289203,"polling_date":1763737080000,"permission_group":"johnyjurisich_CVCarbon,JJurisich_CVCarbon","lease_number":"32024","archive":null}},{"type":"Feature","id":1138,"geometry":{"type":"Point","coordinates":[-9976991.7404999994,3424409.3394000009]},"properties":{"OBJECTID":1138,"substrate":"Scattered Shell","substrate_type":null,"buried_shell_depth":null,"water_depth":null,"GlobalID":"{95D19479-9794-45DE-8929-B4A4D0704456}","created_user":"johnyjurisich_CVCarbon","created_date":1763742841554,"last_edited_user":"jjordan_CVCarbon","last_edited_date":1780856289203,"polling_date":1763737075000,"permission_group":"johnyjurisich_CVCarbon,JJurisich_CVCarbon","lease_number":"32024","archive":null}},{"type":"Feature","id":1139,"geometry":{"type":"Point","coordinates":[-9977000.3008999992,3424421.7954000011]},"properties":{"OBJECTID":1139,"substrate":"Buried Shell","substrate_type":null,"buried_shell_depth":null,"water_depth":null,"GlobalID":"{825CCEB7-8B77-472D-9E44-4261DBC8D3BD}","created_user":"johnyjurisich_CVCarbon","created_date":1763742841554,"last_edited_user":"jjordan_CVCarbon","last_edited_date":1780856289203,"polling_date":1763737070000,"permission_group":"johnyjurisich_CVCarbon,JJurisich_CVCarbon","lease_number":"32024","archive":null}},{"type":"Feature","id":1140,"geometry":{"type":"Point","coordinates":[-9977009.2843999993,3424433.7785999998]},"properties":{"OBJECTID":1140,"substrate":"Firm/Hard Bottom","substrate_type":null,"buried_shell_depth":null,"water_depth":null,"GlobalID":"{5E7D0C02-ADF8-43B8-9ECE-4A56E1BED04B}","created_user":"johnyjurisich_CVCarbon","created_date":1763742841554,"last_edited_user":"jjordan_CVCarbon","last_edited_date":1780856289203,"polling_date":1763737065000,"permission_group":"johnyjurisich_CVCarbon,JJurisich_CVCarbon","lease_number":"32024","archive":null}},{"type":"Feature","id":1141,"geometry":{"type":"Point","coordinates":[-9977020.8394000009,3424449.9905000031]},"properties":{"OBJECTID":1141,"substrate":"Firm/Hard Bottom","substrate_type":null,"buried_shell_depth":null,"water_depth":null,"GlobalID":"{74A46A7B-9EB5-47A7-B756-3E42143EA552}","created_user":"johnyjurisich_CVCarbon","created_date":1763742841554,"last_edited_user":"jjordan_CVCarbon","last_edited_date":1780856289203,"polling_date":1763737058000,"permission_group":"johnyjurisich_CVCarbon,JJurisich_CVCarbon","lease_number":"32024","archive":null}},{"type":"Feature","id":1142,"geometry":{"type":"Point","coordinates":[-9977036.4130000006,3424472.4368000031]},"properties":{"OBJECTID":1142,"substrate":"Firm/Hard Bottom","substrate_type":null,"buried_shell_depth":null,"water_depth":null,"GlobalID":"{0651B79A-FD66-4C0E-87C7-3597B652483F}","created_user":"johnyjurisich_CVCarbon","created_date":1763742841554,"last_edited_user":"jjordan_CVCarbon","last_edited_date":1780856289203,"polling_date":1763737049000,"permission_group":"johnyjurisich_CVCarbon,JJurisich_CVCarbon","lease_number":"32024","archive":null}},{"type":"Feature","id":1143,"geometry":{"type":"Point","coordinates":[-9977045.7193,3424485.8382000029]},"properties":{"OBJECTID":1143,"substrate":"Firm/Hard Bottom","substrate_type":null,"buried_shell_depth":null,"water_depth":null,"GlobalID":"{4636909B-4353-4B3A-9348-A8A10C296B1F}","created_user":"johnyjurisich_CVCarbon","created_date":1763742841554,"last_edited_user":"jjordan_CVCarbon","last_edited_date":1780856289203,"polling_date":1763737044000,"permission_group":"johnyjurisich_CVCarbon,JJurisich_CVCarbon","lease_number":"32024","archive":null}},{"type":"Feature","id":1144,"geometry":{"type":"Point","coordinates":[-9977050.5172000006,3424493.3628999963]},"properties":{"OBJECTID":1144,"substrate":"Scattered Shell","substrate_type":null,"buried_shell_depth":null,"water_depth":null,"GlobalID":"{216CF636-764C-4E48-8B49-9674AFD92323}","created_user":"johnyjurisich_CVCarbon","created_date":1763742841554,"last_edited_user":"jjordan_CVCarbon","last_edited_date":1780856289203,"polling_date":1763737041000,"permission_group":"johnyjurisich_CVCarbon,JJurisich_CVCarbon","lease_number":"32024","archive":null}},{"type":"Feature","id":1145,"geometry":{"type":"Point","coordinates":[-9977059.2112000007,3424505.9978]},"properties":{"OBJECTID":1145,"substrate":"Buried Shell","substrate_type":null,"buried_shell_depth":null,"water_depth":null,"GlobalID":"{47422FEA-3394-4569-AD20-BEF1421383CB}","created_user":"johnyjurisich_CVCarbon","created_date":1763742841554,"last_edited_user":"jjordan_CVCarbon","last_edited_date":1780856289203,"polling_date":1763737036000,"permission_group":"johnyjurisich_CVCarbon,JJurisich_CVCarbon","lease_number":"32024","archive":null}},{"type":"Feature","id":1146,"geometry":{"type":"Point","coordinates":[-9977072.2245000005,3424525.5952000022]},"properties":{"OBJECTID":1146,"substrate":"Solid Reef","substrate_type":null,"buried_shell_depth":null,"water_depth":null,"GlobalID":"{D4BE5471-AC17-4147-ABC3-025A57092CA4}","created_user":"johnyjurisich_CVCarbon","created_date":1763742841554,"last_edited_user":"jjordan_CVCarbon","last_edited_date":1780856289203,"polling_date":1763737029000,"permission_group":"johnyjurisich_CVCarbon,JJurisich_CVCarbon","lease_number":"32024","archive":null}},{"type":"Feature","id":1147,"geometry":{"type":"Point","coordinates":[-9977081.0297999997,3424537.0165000036]},"properties":{"OBJECTID":1147,"substrate":"Solid Reef","substrate_type":null,"buried_shell_depth":null,"water_depth":null,"GlobalID":"{AE3648A6-03BA-4A99-922E-1E5E602C85A2}","created_user":"johnyjurisich_CVCarbon","created_date":1763742841554,"last_edited_user":"jjordan_CVCarbon","last_edited_date":1780856289203,"polling_date":1763737024000,"permission_group":"johnyjurisich_CVCarbon,JJurisich_CVCarbon","lease_number":"32024","archive":null}},{"type":"Feature","id":1148,"geometry":{"type":"Point","coordinates":[-9977087.8981999997,3424546.4447999969]},"properties":{"OBJECTID":1148,"substrate":"Solid Reef","substrate_type":null,"buried_shell_depth":null,"water_depth":null,"GlobalID":"{103307E0-78E5-4F01-A4F4-82F11F1D1E6C}","created_user":"johnyjurisich_CVCarbon","created_date":1763742841554,"last_edited_user":"jjordan_CVCarbon","last_edited_date":1780856289203,"polling_date":1763737020000,"permission_group":"johnyjurisich_CVCarbon,JJurisich_CVCarbon","lease_number":"32024","archive":null}},{"type":"Feature","id":1149,"geometry":{"type":"Point","coordinates":[-9977096.4253000002,3424558.7092000023]},"properties":{"OBJECTID":1149,"substrate":"Solid Reef","substrate_type":null,"buried_shell_depth":null,"water_depth":null,"GlobalID":"{02C5C84F-27F5-4C88-8398-AE93FBC535FE}","created_user":"johnyjurisich_CVCarbon","created_date":1763742841554,"last_edited_user":"jjordan_CVCarbon","last_edited_date":1780856289203,"polling_date":1763737015000,"permission_group":"johnyjurisich_CVCarbon,JJurisich_CVCarbon","lease_number":"32024","archive":null}},{"type":"Feature","id":1150,"geometry":{"type":"Point","coordinates":[-9977101.2566,3424565.6207000017]},"properties":{"OBJECTID":1150,"substrate":"Scattered Shell","substrate_type":null,"buried_shell_depth":null,"water_depth":null,"GlobalID":"{50B8B0F0-621D-4ECB-850E-D9565D2CB9CD}","created_user":"johnyjurisich_CVCarbon","created_date":1763742841554,"last_edited_user":"jjordan_CVCarbon","last_edited_date":1780856289203,"polling_date":1763737012000,"permission_group":"johnyjurisich_CVCarbon,JJurisich_CVCarbon","lease_number":"32024","archive":null}},{"type":"Feature","id":1151,"geometry":{"type":"Point","coordinates":[-9977113.7466000002,3424581.5134000033]},"properties":{"OBJECTID":1151,"substrate":"Solid Reef","substrate_type":null,"buried_shell_depth":null,"water_depth":null,"GlobalID":"{8DB005C5-6A73-4496-8A93-D796C6A0BE72}","created_user":"johnyjurisich_CVCarbon","created_date":1763742841554,"last_edited_user":"jjordan_CVCarbon","last_edited_date":1780856289203,"polling_date":1763737005000,"permission_group":"johnyjurisich_CVCarbon,JJurisich_CVCarbon","lease_number":"32024","archive":null}},{"type":"Feature","id":1152,"geometry":{"type":"Point","coordinates":[-9977122.6744999997,3424593.5733999982]},"properties":{"OBJECTID":1152,"substrate":"Solid Reef","substrate_type":null,"buried_shell_depth":null,"water_depth":null,"GlobalID":"{ABD55198-AF9F-4FC9-9036-DD64ECBFE1B6}","created_user":"johnyjurisich_CVCarbon","created_date":1763742841554,"last_edited_user":"jjordan_CVCarbon","last_edited_date":1780856289203,"polling_date":1763737000000,"permission_group":"johnyjurisich_CVCarbon,JJurisich_CVCarbon","lease_number":"32024","archive":null}},{"type":"Feature","id":1153,"geometry":{"type":"Point","coordinates":[-9977131.4686999992,3424605.8889999986]},"properties":{"OBJECTID":1153,"substrate":"Solid Reef","substrate_type":null,"buried_shell_depth":null,"water_depth":null,"GlobalID":"{99282158-79B9-4DC9-9162-0A8DA2024873}","created_user":"johnyjurisich_CVCarbon","created_date":1763742841554,"last_edited_user":"jjordan_CVCarbon","last_edited_date":1780856289203,"polling_date":1763736995000,"permission_group":"johnyjurisich_CVCarbon,JJurisich_CVCarbon","lease_number":"32024","archive":null}},{"type":"Feature","id":1154,"geometry":{"type":"Point","coordinates":[-9977142.9791000001,3424619.8527000025]},"properties":{"OBJECTID":1154,"substrate":"Solid Reef","substrate_type":null,"buried_shell_depth":null,"water_depth":null,"GlobalID":"{C61283D3-53B6-4C73-8946-C032698A1F16}","created_user":"johnyjurisich_CVCarbon","created_date":1763742841554,"last_edited_user":"jjordan_CVCarbon","last_edited_date":1780856289203,"polling_date":1763736989000,"permission_group":"johnyjurisich_CVCarbon,JJurisich_CVCarbon","lease_number":"32024","archive":null}},{"type":"Feature","id":1155,"geometry":{"type":"Point","coordinates":[-9977163.2170000002,3424642.5164000019]},"properties":{"OBJECTID":1155,"substrate":"Solid Reef","substrate_type":null,"buried_shell_depth":null,"water_depth":null,"GlobalID":"{F12072C0-AD28-4958-94DE-328045FCBA63}","created_user":"johnyjurisich_CVCarbon","created_date":1763742841554,"last_edited_user":"jjordan_CVCarbon","last_edited_date":1780856289203,"polling_date":1763736979000,"permission_group":"johnyjurisich_CVCarbon,JJurisich_CVCarbon","lease_number":"32024","archive":null}},{"type":"Feature","id":1156,"geometry":{"type":"Point","coordinates":[-9977170.1634,3424651.2166000009]},"properties":{"OBJECTID":1156,"substrate":"Solid Reef","substrate_type":null,"buried_shell_depth":null,"water_depth":null,"GlobalID":"{9C67DD84-4169-42A9-84F1-5CE5F57D6248}","created_user":"johnyjurisich_CVCarbon","created_date":1763742841554,"last_edited_user":"jjordan_CVCarbon","last_edited_date":1780856289203,"polling_date":1763736975000,"permission_group":"johnyjurisich_CVCarbon,JJurisich_CVCarbon","lease_number":"32024","archive":null}},{"type":"Feature","id":1157,"geometry":{"type":"Point","coordinates":[-9977180.2155000009,3424663.2255999967]},"properties":{"OBJECTID":1157,"substrate":"Scattered Shell","substrate_type":null,"buried_shell_depth":null,"water_depth":null,"GlobalID":"{372B025A-F134-42F1-AB54-68F3255C542E}","created_user":"johnyjurisich_CVCarbon","created_date":1763742841554,"last_edited_user":"jjordan_CVCarbon","last_edited_date":1780856289203,"polling_date":1763736970000,"permission_group":"johnyjurisich_CVCarbon,JJurisich_CVCarbon","lease_number":"32024","archive":null}},{"type":"Feature","id":1158,"geometry":{"type":"Point","coordinates":[-9977190.5348000005,3424674.8258000016]},"properties":{"OBJECTID":1158,"substrate":"Firm/Hard Bottom","substrate_type":null,"buried_shell_depth":null,"water_depth":null,"GlobalID":"{27256FE7-92E7-4DD4-8815-6F9AEE5CA480}","created_user":"johnyjurisich_CVCarbon","created_date":1763742841554,"last_edited_user":"jjordan_CVCarbon","last_edited_date":1780856289203,"polling_date":1763736965000,"permission_group":"johnyjurisich_CVCarbon,JJurisich_CVCarbon","lease_number":"32024","archive":null}},{"type":"Feature","id":1159,"geometry":{"type":"Point","coordinates":[-9977203.5258000009,3424687.4992000014]},"properties":{"OBJECTID":1159,"substrate":"Firm/Hard Bottom","substrate_type":null,"buried_shell_depth":null,"water_depth":null,"GlobalID":"{0C147DFB-9DD4-42A1-BF0B-AE12D77F8636}","created_user":"johnyjurisich_CVCarbon","created_date":1763742841554,"last_edited_user":"jjordan_CVCarbon","last_edited_date":1780856289203,"polling_date":1763736959000,"permission_group":"johnyjurisich_CVCarbon,JJurisich_CVCarbon","lease_number":"32024","archive":null}},{"type":"Feature","id":1160,"geometry":{"type":"Point","coordinates":[-9977213.5890999995,3424698.920599997]},"properties":{"OBJECTID":1160,"substrate":"Firm/Hard Bottom","substrate_type":null,"buried_shell_depth":null,"water_depth":null,"GlobalID":"{DC645436-11C3-4AD1-9FD8-75605E020EE2}","created_user":"johnyjurisich_CVCarbon","created_date":1763742841554,"last_edited_user":"jjordan_CVCarbon","last_edited_date":1780856289203,"polling_date":1763736954000,"permission_group":"johnyjurisich_CVCarbon,JJurisich_CVCarbon","lease_number":"32024","archive":null}},{"type":"Feature","id":1161,"geometry":{"type":"Point","coordinates":[-9977221.5706999991,3424708.3361999989]},"properties":{"OBJECTID":1161,"substrate":"Firm/Hard Bottom","substrate_type":null,"buried_shell_depth":null,"water_depth":null,"GlobalID":"{EDC5ABCF-36B8-44A8-891D-4F7C3100FACF}","created_user":"johnyjurisich_CVCarbon","created_date":1763742841554,"last_edited_user":"jjordan_CVCarbon","last_edited_date":1780856289203,"polling_date":1763736950000,"permission_group":"johnyjurisich_CVCarbon,JJurisich_CVCarbon","lease_number":"32024","archive":null}},{"type":"Feature","id":1162,"geometry":{"type":"Point","coordinates":[-9977230.5096000005,3424720.6008000001]},"properties":{"OBJECTID":1162,"substrate":"Buried Shell","substrate_type":null,"buried_shell_depth":null,"water_depth":null,"GlobalID":"{D3B63257-37DF-4689-BD96-B1F90AF6420E}","created_user":"johnyjurisich_CVCarbon","created_date":1763742841554,"last_edited_user":"jjordan_CVCarbon","last_edited_date":1780856289203,"polling_date":1763736945000,"permission_group":"johnyjurisich_CVCarbon,JJurisich_CVCarbon","lease_number":"32024","archive":null}},{"type":"Feature","id":1163,"geometry":{"type":"Point","coordinates":[-9977238.5247000009,3424732.4949000031]},"properties":{"OBJECTID":1163,"substrate":"Buried Shell","substrate_type":null,"buried_shell_depth":null,"water_depth":null,"GlobalID":"{D595ED58-29F5-4086-999C-3CF75B8A9C7C}","created_user":"johnyjurisich_CVCarbon","created_date":1763742841554,"last_edited_user":"jjordan_CVCarbon","last_edited_date":1780856289203,"polling_date":1763736940000,"permission_group":"johnyjurisich_CVCarbon,JJurisich_CVCarbon","lease_number":"32024","archive":null}},{"type":"Feature","id":1164,"geometry":{"type":"Point","coordinates":[-9977242.9440000001,3424746.4331]},"properties":{"OBJECTID":1164,"substrate":"Buried Shell","substrate_type":null,"buried_shell_depth":null,"water_depth":null,"GlobalID":"{4808E240-04EA-44B7-8945-F211778AC866}","created_user":"johnyjurisich_CVCarbon","created_date":1763742867229,"last_edited_user":"jjordan_CVCarbon","last_edited_date":1780856289203,"polling_date":1763736934000,"permission_group":"johnyjurisich_CVCarbon,JJurisich_CVCarbon","lease_number":"32024","archive":null}},{"type":"Feature","id":1165,"geometry":{"type":"Point","coordinates":[-9977227.2479999997,3424767.449000001]},"properties":{"OBJECTID":1165,"substrate":"Buried Shell","substrate_type":null,"buried_shell_depth":null,"water_depth":null,"GlobalID":"{84397ED0-DCAA-4A4D-A70A-1E720FC24707}","created_user":"johnyjurisich_CVCarbon","created_date":1763742867229,"last_edited_user":"jjordan_CVCarbon","last_edited_date":1780856289203,"polling_date":1763736921000,"permission_group":"johnyjurisich_CVCarbon,JJurisich_CVCarbon","lease_number":"32024","archive":null}},{"type":"Feature","id":1166,"geometry":{"type":"Point","coordinates":[-9977213.4331999999,3424762.6581000015]},"properties":{"OBJECTID":1166,"substrate":"Buried Shell","substrate_type":null,"buried_shell_depth":null,"water_depth":null,"GlobalID":"{28495D56-B792-471D-8BB6-4820755151EF}","created_user":"johnyjurisich_CVCarbon","created_date":1763742867229,"last_edited_user":"jjordan_CVCarbon","last_edited_date":1780856289203,"polling_date":1763736915000,"permission_group":"johnyjurisich_CVCarbon,JJurisich_CVCarbon","lease_number":"32024","archive":null}},{"type":"Feature","id":1167,"geometry":{"type":"Point","coordinates":[-9977207.0100999996,3424755.5165999979]},"properties":{"OBJECTID":1167,"substrate":"Buried Shell","substrate_type":null,"buried_shell_depth":null,"water_depth":null,"GlobalID":"{923A0264-4EA5-4398-BB25-9F2A2B28DD2B}","created_user":"johnyjurisich_CVCarbon","created_date":1763742867229,"last_edited_user":"jjordan_CVCarbon","last_edited_date":1780856289203,"polling_date":1763736912000,"permission_group":"johnyjurisich_CVCarbon,JJurisich_CVCarbon","lease_number":"32024","archive":null}},{"type":"Feature","id":1168,"geometry":{"type":"Point","coordinates":[-9977195.4105999991,3424739.9174999967]},"properties":{"OBJECTID":1168,"substrate":"Buried Shell","substrate_type":null,"buried_shell_depth":null,"water_depth":null,"GlobalID":"{A298976D-2E24-495D-BF04-8B1387897EA3}","created_user":"johnyjurisich_CVCarbon","created_date":1763742867229,"last_edited_user":"jjordan_CVCarbon","last_edited_date":1780856289203,"polling_date":1763736906000,"permission_group":"johnyjurisich_CVCarbon,JJurisich_CVCarbon","lease_number":"32024","archive":null}},{"type":"Feature","id":1169,"geometry":{"type":"Point","coordinates":[-9977189.7445,3424731.8432999998]},"properties":{"OBJECTID":1169,"substrate":"Buried Shell","substrate_type":null,"buried_shell_depth":null,"water_depth":null,"GlobalID":"{B0459177-A9F5-4BF6-ACF1-9060C333550A}","created_user":"johnyjurisich_CVCarbon","created_date":1763742867229,"last_edited_user":"jjordan_CVCarbon","last_edited_date":1780856289203,"polling_date":1763736903000,"permission_group":"johnyjurisich_CVCarbon,JJurisich_CVCarbon","lease_number":"32024","archive":null}},{"type":"Feature","id":1170,"geometry":{"type":"Point","coordinates":[-9977177.9557000007,3424716.0398999974]},"properties":{"OBJECTID":1170,"substrate":"Solid Reef","substrate_type":null,"buried_shell_depth":null,"water_depth":null,"GlobalID":"{F644D135-A1BC-42BD-A5A8-68A6313BF9AA}","created_user":"johnyjurisich_CVCarbon","created_date":1763742867229,"last_edited_user":"jjordan_CVCarbon","last_edited_date":1780856289203,"polling_date":1763736897000,"permission_group":"johnyjurisich_CVCarbon,JJurisich_CVCarbon","lease_number":"32024","archive":null}},{"type":"Feature","id":1171,"geometry":{"type":"Point","coordinates":[-9977168.4935999997,3424703.059799999]},"properties":{"OBJECTID":1171,"substrate":"Solid Reef","substrate_type":null,"buried_shell_depth":null,"water_depth":null,"GlobalID":"{18B8F6B9-3397-40C2-A6A7-2528FFA2870D}","created_user":"johnyjurisich_CVCarbon","created_date":1763742867229,"last_edited_user":"jjordan_CVCarbon","last_edited_date":1780856289203,"polling_date":1763736892000,"permission_group":"johnyjurisich_CVCarbon,JJurisich_CVCarbon","lease_number":"32024","archive":null}},{"type":"Feature","id":1172,"geometry":{"type":"Point","coordinates":[-9977162.9276000001,3424695.3178000003]},"properties":{"OBJECTID":1172,"substrate":"Solid Reef","substrate_type":null,"buried_shell_depth":null,"water_depth":null,"GlobalID":"{E809CEDC-7E0E-419D-A1BA-0C4BF12BDABF}","created_user":"johnyjurisich_CVCarbon","created_date":1763742867229,"last_edited_user":"jjordan_CVCarbon","last_edited_date":1780856289203,"polling_date":1763736889000,"permission_group":"johnyjurisich_CVCarbon,JJurisich_CVCarbon","lease_number":"32024","archive":null}},{"type":"Feature","id":1173,"geometry":{"type":"Point","coordinates":[-9977159.4210000001,3424690.4248000011]},"properties":{"OBJECTID":1173,"substrate":"Solid Reef","substrate_type":null,"buried_shell_depth":null,"water_depth":null,"GlobalID":"{7BE28313-F86B-4C50-BE68-AE85B45AD973}","created_user":"johnyjurisich_CVCarbon","created_date":1763742867229,"last_edited_user":"jjordan_CVCarbon","last_edited_date":1780856289203,"polling_date":1763736887000,"permission_group":"johnyjurisich_CVCarbon,JJurisich_CVCarbon","lease_number":"32024","archive":null}},{"type":"Feature","id":1174,"geometry":{"type":"Point","coordinates":[-9977152.1853,3424680.6004000008]},"properties":{"OBJECTID":1174,"substrate":"Solid Reef","substrate_type":null,"buried_shell_depth":null,"water_depth":null,"GlobalID":"{375054CA-8A00-47B3-BEDD-FC999474BA1A}","created_user":"johnyjurisich_CVCarbon","created_date":1763742867229,"last_edited_user":"jjordan_CVCarbon","last_edited_date":1780856289203,"polling_date":1763736883000,"permission_group":"johnyjurisich_CVCarbon,JJurisich_CVCarbon","lease_number":"32024","archive":null}},{"type":"Feature","id":1175,"geometry":{"type":"Point","coordinates":[-9977141.1757999994,3424665.870099999]},"properties":{"OBJECTID":1175,"substrate":"Solid Reef","substrate_type":null,"buried_shell_depth":null,"water_depth":null,"GlobalID":"{06AF3C58-4DF3-4ED4-990A-22E27C056218}","created_user":"johnyjurisich_CVCarbon","created_date":1763742867229,"last_edited_user":"jjordan_CVCarbon","last_edited_date":1780856289203,"polling_date":1763736877000,"permission_group":"johnyjurisich_CVCarbon,JJurisich_CVCarbon","lease_number":"32024","archive":null}},{"type":"Feature","id":1176,"geometry":{"type":"Point","coordinates":[-9977133.0272000004,3424655.3686000034]},"properties":{"OBJECTID":1176,"substrate":"Solid Reef","substrate_type":null,"buried_shell_depth":null,"water_depth":null,"GlobalID":"{FB4DBA4D-8DD8-41DB-83B7-4BEA94C136B4}","created_user":"johnyjurisich_CVCarbon","created_date":1763742867229,"last_edited_user":"jjordan_CVCarbon","last_edited_date":1780856289203,"polling_date":1763736873000,"permission_group":"johnyjurisich_CVCarbon,JJurisich_CVCarbon","lease_number":"32024","archive":null}},{"type":"Feature","id":1177,"geometry":{"type":"Point","coordinates":[-9977123.8878000006,3424642.6058999971]},"properties":{"OBJECTID":1177,"substrate":"Solid Reef","substrate_type":null,"buried_shell_depth":null,"water_depth":null,"GlobalID":"{2D831EB7-5446-4405-8A45-E0928152D057}","created_user":"johnyjurisich_CVCarbon","created_date":1763742867229,"last_edited_user":"jjordan_CVCarbon","last_edited_date":1780856289203,"polling_date":1763736868000,"permission_group":"johnyjurisich_CVCarbon,JJurisich_CVCarbon","lease_number":"32024","archive":null}},{"type":"Feature","id":1178,"geometry":{"type":"Point","coordinates":[-9977113.3458999991,3424626.9813999981]},"properties":{"OBJECTID":1178,"substrate":"Solid Reef","substrate_type":null,"buried_shell_depth":null,"water_depth":null,"GlobalID":"{4F2974EE-9229-47D5-9854-C5633AF53AE3}","created_user":"johnyjurisich_CVCarbon","created_date":1763742867229,"last_edited_user":"jjordan_CVCarbon","last_edited_date":1780856289203,"polling_date":1763736862000,"permission_group":"johnyjurisich_CVCarbon,JJurisich_CVCarbon","lease_number":"32024","archive":null}},{"type":"Feature","id":1179,"geometry":{"type":"Point","coordinates":[-9977101.4791999999,3424611.4719000012]},"properties":{"OBJECTID":1179,"substrate":"Solid Reef","substrate_type":null,"buried_shell_depth":null,"water_depth":null,"GlobalID":"{2BB670E0-8E92-4E79-80FC-454595DE4F62}","created_user":"johnyjurisich_CVCarbon","created_date":1763742867229,"last_edited_user":"jjordan_CVCarbon","last_edited_date":1780856289203,"polling_date":1763736856000,"permission_group":"johnyjurisich_CVCarbon,JJurisich_CVCarbon","lease_number":"32024","archive":null}},{"type":"Feature","id":1180,"geometry":{"type":"Point","coordinates":[-9977089.9020000007,3424596.1541000009]},"properties":{"OBJECTID":1180,"substrate":"Solid Reef","substrate_type":null,"buried_shell_depth":null,"water_depth":null,"GlobalID":"{AF0E5F3F-CE98-4034-B41E-AE86958B6574}","created_user":"johnyjurisich_CVCarbon","created_date":1763742867229,"last_edited_user":"jjordan_CVCarbon","last_edited_date":1780856289203,"polling_date":1763736850000,"permission_group":"johnyjurisich_CVCarbon,JJurisich_CVCarbon","lease_number":"32024","archive":null}},{"type":"Feature","id":1181,"geometry":{"type":"Point","coordinates":[-9977082.6550999992,3424586.061499998]},"properties":{"OBJECTID":1181,"substrate":"Solid Reef","substrate_type":null,"buried_shell_depth":null,"water_depth":null,"GlobalID":"{131420B8-9863-4F46-BEFA-130CC9585D7E}","created_user":"johnyjurisich_CVCarbon","created_date":1763742867229,"last_edited_user":"jjordan_CVCarbon","last_edited_date":1780856289203,"polling_date":1763736846000,"permission_group":"johnyjurisich_CVCarbon,JJurisich_CVCarbon","lease_number":"32024","archive":null}},{"type":"Feature","id":1182,"geometry":{"type":"Point","coordinates":[-9977073.5269000009,3424573.183799997]},"properties":{"OBJECTID":1182,"substrate":"Solid Reef","substrate_type":null,"buried_shell_depth":null,"water_depth":null,"GlobalID":"{0FEE831A-B800-493D-9160-1BB2A9DEF9F1}","created_user":"johnyjurisich_CVCarbon","created_date":1763742867229,"last_edited_user":"jjordan_CVCarbon","last_edited_date":1780856289203,"polling_date":1763736841000,"permission_group":"johnyjurisich_CVCarbon,JJurisich_CVCarbon","lease_number":"32024","archive":null}},{"type":"Feature","id":1183,"geometry":{"type":"Point","coordinates":[-9977068.3617000002,3424565.6079000011]},"properties":{"OBJECTID":1183,"substrate":"Solid Reef","substrate_type":null,"buried_shell_depth":null,"water_depth":null,"GlobalID":"{1A7B51F8-72DA-4787-B65D-11402B8E9DBF}","created_user":"johnyjurisich_CVCarbon","created_date":1763742867229,"last_edited_user":"jjordan_CVCarbon","last_edited_date":1780856289203,"polling_date":1763736838000,"permission_group":"johnyjurisich_CVCarbon,JJurisich_CVCarbon","lease_number":"32024","archive":null}},{"type":"Feature","id":1184,"geometry":{"type":"Point","coordinates":[-9977058.7436999995,3424552.7558000013]},"properties":{"OBJECTID":1184,"substrate":"Solid Reef","substrate_type":null,"buried_shell_depth":null,"water_depth":null,"GlobalID":"{7ED7FB91-18EE-4393-BDFE-A8FCAB4373E4}","created_user":"johnyjurisich_CVCarbon","created_date":1763742867229,"last_edited_user":"jjordan_CVCarbon","last_edited_date":1780856289203,"polling_date":1763736833000,"permission_group":"johnyjurisich_CVCarbon,JJurisich_CVCarbon","lease_number":"32024","archive":null}},{"type":"Feature","id":1185,"geometry":{"type":"Point","coordinates":[-9977049.4707999993,3424539.1371999979]},"properties":{"OBJECTID":1185,"substrate":"Solid Reef","substrate_type":null,"buried_shell_depth":null,"water_depth":null,"GlobalID":"{DDC74620-BC9D-48D5-AB2D-0BC5E7B63DA2}","created_user":"johnyjurisich_CVCarbon","created_date":1763742867229,"last_edited_user":"jjordan_CVCarbon","last_edited_date":1780856289203,"polling_date":1763736828000,"permission_group":"johnyjurisich_CVCarbon,JJurisich_CVCarbon","lease_number":"32024","archive":null}},{"type":"Feature","id":1186,"geometry":{"type":"Point","coordinates":[-9977043.9158999994,3424531.1525999978]},"properties":{"OBJECTID":1186,"substrate":"Scattered Shell","substrate_type":null,"buried_shell_depth":null,"water_depth":null,"GlobalID":"{6F794495-C3BC-4AEE-8EA1-784E3AC83CA4}","created_user":"johnyjurisich_CVCarbon","created_date":1763742867229,"last_edited_user":"jjordan_CVCarbon","last_edited_date":1780856289203,"polling_date":1763736825000,"permission_group":"johnyjurisich_CVCarbon,JJurisich_CVCarbon","lease_number":"32024","archive":null}},{"type":"Feature","id":1187,"geometry":{"type":"Point","coordinates":[-9977034.4091999996,3424518.7475999966]},"properties":{"OBJECTID":1187,"substrate":"Scattered Shell","substrate_type":null,"buried_shell_depth":null,"water_depth":null,"GlobalID":"{1B6D586D-7B2A-40A8-A1DD-22C1918B597F}","created_user":"johnyjurisich_CVCarbon","created_date":1763742867229,"last_edited_user":"jjordan_CVCarbon","last_edited_date":1780856289203,"polling_date":1763736820000,"permission_group":"johnyjurisich_CVCarbon,JJurisich_CVCarbon","lease_number":"32024","archive":null}},{"type":"Feature","id":1188,"geometry":{"type":"Point","coordinates":[-9977030.1790999994,3424513.7524000034]},"properties":{"OBJECTID":1188,"substrate":"Scattered Shell","substrate_type":null,"buried_shell_depth":null,"water_depth":null,"GlobalID":"{4A954E50-7F55-47B1-8459-442E3FE4DECD}","created_user":"johnyjurisich_CVCarbon","created_date":1763742867229,"last_edited_user":"jjordan_CVCarbon","last_edited_date":1780856289203,"polling_date":1763736818000,"permission_group":"johnyjurisich_CVCarbon,JJurisich_CVCarbon","lease_number":"32024","archive":null}},{"type":"Feature","id":1189,"geometry":{"type":"Point","coordinates":[-9977018.5017000008,3424495.3430999964]},"properties":{"OBJECTID":1189,"substrate":"Scattered Shell","substrate_type":null,"buried_shell_depth":null,"water_depth":null,"GlobalID":"{99E739BF-9620-4846-A5CA-CDB20BA53C9A}","created_user":"johnyjurisich_CVCarbon","created_date":1763742867229,"last_edited_user":"jjordan_CVCarbon","last_edited_date":1780856289203,"polling_date":1763736811000,"permission_group":"johnyjurisich_CVCarbon,JJurisich_CVCarbon","lease_number":"32024","archive":null}},{"type":"Feature","id":1190,"geometry":{"type":"Point","coordinates":[-9977009.0284000002,3424482.8232000023]},"properties":{"OBJECTID":1190,"substrate":"Scattered Shell","substrate_type":null,"buried_shell_depth":null,"water_depth":null,"GlobalID":"{79EE367A-C401-4CE3-A23C-B67C5D1FFB4B}","created_user":"johnyjurisich_CVCarbon","created_date":1763742867229,"last_edited_user":"jjordan_CVCarbon","last_edited_date":1780856289203,"polling_date":1763736806000,"permission_group":"johnyjurisich_CVCarbon,JJurisich_CVCarbon","lease_number":"32024","archive":null}},{"type":"Feature","id":1191,"geometry":{"type":"Point","coordinates":[-9977002.3269999996,3424472.4368000031]},"properties":{"OBJECTID":1191,"substrate":"Scattered Shell","substrate_type":null,"buried_shell_depth":null,"water_depth":null,"GlobalID":"{619FD3EF-9E6F-41A2-8503-95339BE7958E}","created_user":"johnyjurisich_CVCarbon","created_date":1763742867229,"last_edited_user":"jjordan_CVCarbon","last_edited_date":1780856289203,"polling_date":1763736802000,"permission_group":"johnyjurisich_CVCarbon,JJurisich_CVCarbon","lease_number":"32024","archive":null}},{"type":"Feature","id":1192,"geometry":{"type":"Point","coordinates":[-9976994.3007999994,3424462.050499998]},"properties":{"OBJECTID":1192,"substrate":"Solid Reef","substrate_type":null,"buried_shell_depth":null,"water_depth":null,"GlobalID":"{F11384DD-D473-42D1-B86F-09600BD53D9A}","created_user":"johnyjurisich_CVCarbon","created_date":1763742867229,"last_edited_user":"jjordan_CVCarbon","last_edited_date":1780856289203,"polling_date":1763736798000,"permission_group":"johnyjurisich_CVCarbon,JJurisich_CVCarbon","lease_number":"32024","archive":null}},{"type":"Feature","id":1193,"geometry":{"type":"Point","coordinates":[-9976984.7719000001,3424449.0706999972]},"properties":{"OBJECTID":1193,"substrate":"Solid Reef","substrate_type":null,"buried_shell_depth":null,"water_depth":null,"GlobalID":"{F1D93D8A-818F-49FE-B1B8-B46A9DE31B18}","created_user":"johnyjurisich_CVCarbon","created_date":1763742867229,"last_edited_user":"jjordan_CVCarbon","last_edited_date":1780856289203,"polling_date":1763736793000,"permission_group":"johnyjurisich_CVCarbon,JJurisich_CVCarbon","lease_number":"32024","archive":null}},{"type":"Feature","id":1194,"geometry":{"type":"Point","coordinates":[-9976977.0129000004,3424438.876000002]},"properties":{"OBJECTID":1194,"substrate":"Scattered Shell","substrate_type":null,"buried_shell_depth":null,"water_depth":null,"GlobalID":"{14E3F690-2373-4865-BBFE-1F2D436EE5EC}","created_user":"johnyjurisich_CVCarbon","created_date":1763742867229,"last_edited_user":"jjordan_CVCarbon","last_edited_date":1780856289203,"polling_date":1763736789000,"permission_group":"johnyjurisich_CVCarbon,JJurisich_CVCarbon","lease_number":"32024","archive":null}},{"type":"Feature","id":1195,"geometry":{"type":"Point","coordinates":[-9976969.3652999997,3424428.4002000019]},"properties":{"OBJECTID":1195,"substrate":"Buried Shell","substrate_type":null,"buried_shell_depth":null,"water_depth":null,"GlobalID":"{4887C494-D48A-4931-94E6-0C3F9EA53C16}","created_user":"johnyjurisich_CVCarbon","created_date":1763742867229,"last_edited_user":"jjordan_CVCarbon","last_edited_date":1780856289203,"polling_date":1763736785000,"permission_group":"johnyjurisich_CVCarbon,JJurisich_CVCarbon","lease_number":"32024","archive":null}},{"type":"Feature","id":1196,"geometry":{"type":"Point","coordinates":[-9976962.0515999999,3424418.0393999964]},"properties":{"OBJECTID":1196,"substrate":"Buried Shell","substrate_type":null,"buried_shell_depth":null,"water_depth":null,"GlobalID":"{64C91C9F-4D5F-4DF6-BB30-B41F9BCDA4BD}","created_user":"johnyjurisich_CVCarbon","created_date":1763742867229,"last_edited_user":"jjordan_CVCarbon","last_edited_date":1780856289203,"polling_date":1763736781000,"permission_group":"johnyjurisich_CVCarbon,JJurisich_CVCarbon","lease_number":"32024","archive":null}},{"type":"Feature","id":1197,"geometry":{"type":"Point","coordinates":[-9976952.5337000005,3424405.5578999966]},"properties":{"OBJECTID":1197,"substrate":"Buried Shell","substrate_type":null,"buried_shell_depth":null,"water_depth":null,"GlobalID":"{B652B7C6-08A7-4921-AC23-DBF2F3642027}","created_user":"johnyjurisich_CVCarbon","created_date":1763742867229,"last_edited_user":"jjordan_CVCarbon","last_edited_date":1780856289203,"polling_date":1763736776000,"permission_group":"johnyjurisich_CVCarbon,JJurisich_CVCarbon","lease_number":"32024","archive":null}},{"type":"Feature","id":1198,"geometry":{"type":"Point","coordinates":[-9976937.3831999991,3424384.5936999992]},"properties":{"OBJECTID":1198,"substrate":"Buried Shell","substrate_type":null,"buried_shell_depth":null,"water_depth":null,"GlobalID":"{EADC8F7C-FBA3-4E6A-8ECA-A806D9092ABD}","created_user":"johnyjurisich_CVCarbon","created_date":1763742867229,"last_edited_user":"jjordan_CVCarbon","last_edited_date":1780856289203,"polling_date":1763736768000,"permission_group":"johnyjurisich_CVCarbon,JJurisich_CVCarbon","lease_number":"32024","archive":null}},{"type":"Feature","id":1199,"geometry":{"type":"Point","coordinates":[-9976929.8245999999,3424374.6545000002]},"properties":{"OBJECTID":1199,"substrate":"Buried Shell","substrate_type":null,"buried_shell_depth":null,"water_depth":null,"GlobalID":"{35E93203-C035-4637-812A-43486EBA5E00}","created_user":"johnyjurisich_CVCarbon","created_date":1763742867229,"last_edited_user":"jjordan_CVCarbon","last_edited_date":1780856289203,"polling_date":1763736764000,"permission_group":"johnyjurisich_CVCarbon,JJurisich_CVCarbon","lease_number":"32024","archive":null}},{"type":"Feature","id":1200,"geometry":{"type":"Point","coordinates":[-9976921.5647,3424361.432099998]},"properties":{"OBJECTID":1200,"substrate":"Scattered Shell","substrate_type":null,"buried_shell_depth":null,"water_depth":null,"GlobalID":"{575948D1-4FDF-451D-84D0-8FF14303389F}","created_user":"johnyjurisich_CVCarbon","created_date":1763742867229,"last_edited_user":"jjordan_CVCarbon","last_edited_date":1780856289203,"polling_date":1763736759000,"permission_group":"johnyjurisich_CVCarbon,JJurisich_CVCarbon","lease_number":"32024","archive":null}},{"type":"Feature","id":1201,"geometry":{"type":"Point","coordinates":[-9976914.7408000007,3424351.6718000025]},"properties":{"OBJECTID":1201,"substrate":"Buried Shell","substrate_type":null,"buried_shell_depth":null,"water_depth":null,"GlobalID":"{F36A4C9A-20BC-43D6-9D5E-D2981311EC25}","created_user":"johnyjurisich_CVCarbon","created_date":1763742867229,"last_edited_user":"jjordan_CVCarbon","last_edited_date":1780856289203,"polling_date":1763736755000,"permission_group":"johnyjurisich_CVCarbon,JJurisich_CVCarbon","lease_number":"32024","archive":null}},{"type":"Feature","id":1202,"geometry":{"type":"Point","coordinates":[-9976904.5328000002,3424338.1172999963]},"properties":{"OBJECTID":1202,"substrate":"Buried Shell","substrate_type":null,"buried_shell_depth":null,"water_depth":null,"GlobalID":"{4A04B64C-612D-4523-8330-BD8C143FA11B}","created_user":"johnyjurisich_CVCarbon","created_date":1763742867229,"last_edited_user":"jjordan_CVCarbon","last_edited_date":1780856289203,"polling_date":1763736750000,"permission_group":"johnyjurisich_CVCarbon,JJurisich_CVCarbon","lease_number":"32024","archive":null}},{"type":"Feature","id":1203,"geometry":{"type":"Point","coordinates":[-9976896.7403999995,3424327.7820999995]},"properties":{"OBJECTID":1203,"substrate":"Firm/Hard Bottom","substrate_type":null,"buried_shell_depth":null,"water_depth":null,"GlobalID":"{0DE182B4-DA65-470B-A101-B7F9C8635DD8}","created_user":"johnyjurisich_CVCarbon","created_date":1763742867229,"last_edited_user":"jjordan_CVCarbon","last_edited_date":1780856289203,"polling_date":1763736746000,"permission_group":"johnyjurisich_CVCarbon,JJurisich_CVCarbon","lease_number":"32024","archive":null}},{"type":"Feature","id":1204,"geometry":{"type":"Point","coordinates":[-9976888.5250000004,3424314.9174999967]},"properties":{"OBJECTID":1204,"substrate":"Firm/Hard Bottom","substrate_type":null,"buried_shell_depth":null,"water_depth":null,"GlobalID":"{491E6E9F-598D-423D-ACFD-4869E8780C02}","created_user":"johnyjurisich_CVCarbon","created_date":1763742867229,"last_edited_user":"jjordan_CVCarbon","last_edited_date":1780856289203,"polling_date":1763736741000,"permission_group":"johnyjurisich_CVCarbon,JJurisich_CVCarbon","lease_number":"32024","archive":null}},{"type":"Feature","id":1205,"geometry":{"type":"Point","coordinates":[-9976879.7307999991,3424301.9505999982]},"properties":{"OBJECTID":1205,"substrate":"Firm/Hard Bottom","substrate_type":null,"buried_shell_depth":null,"water_depth":null,"GlobalID":"{57E4C95F-B2A0-4950-991B-DD659EE3CB85}","created_user":"johnyjurisich_CVCarbon","created_date":1763742867229,"last_edited_user":"jjordan_CVCarbon","last_edited_date":1780856289203,"polling_date":1763736736000,"permission_group":"johnyjurisich_CVCarbon,JJurisich_CVCarbon","lease_number":"32024","archive":null}},{"type":"Feature","id":1206,"geometry":{"type":"Point","coordinates":[-9976872.5841000006,3424291.6410000026]},"properties":{"OBJECTID":1206,"substrate":"Firm/Hard Bottom","substrate_type":null,"buried_shell_depth":null,"water_depth":null,"GlobalID":"{8DAF06CA-3B8F-4B4A-862B-D51B7F418A13}","created_user":"johnyjurisich_CVCarbon","created_date":1763742867229,"last_edited_user":"jjordan_CVCarbon","last_edited_date":1780856289203,"polling_date":1763736732000,"permission_group":"johnyjurisich_CVCarbon,JJurisich_CVCarbon","lease_number":"32024","archive":null}},{"type":"Feature","id":1207,"geometry":{"type":"Point","coordinates":[-9976861.2629000004,3424276.0169999972]},"properties":{"OBJECTID":1207,"substrate":"Firm/Hard Bottom","substrate_type":null,"buried_shell_depth":null,"water_depth":null,"GlobalID":"{EB3C1A3F-4E39-42FE-B73B-48D7BADFD012}","created_user":"johnyjurisich_CVCarbon","created_date":1763742867229,"last_edited_user":"jjordan_CVCarbon","last_edited_date":1780856289203,"polling_date":1763736726000,"permission_group":"johnyjurisich_CVCarbon,JJurisich_CVCarbon","lease_number":"32024","archive":null}},{"type":"Feature","id":1208,"geometry":{"type":"Point","coordinates":[-9976854.4389999993,3424267.0998999998]},"properties":{"OBJECTID":1208,"substrate":"Firm/Hard Bottom","substrate_type":null,"buried_shell_depth":null,"water_depth":null,"GlobalID":"{9AC46736-6131-48CA-91B2-8A0D30543FDE}","created_user":"johnyjurisich_CVCarbon","created_date":1763742867229,"last_edited_user":"jjordan_CVCarbon","last_edited_date":1780856289203,"polling_date":1763736722000,"permission_group":"johnyjurisich_CVCarbon,JJurisich_CVCarbon","lease_number":"32024","archive":null}},{"type":"Feature","id":1209,"geometry":{"type":"Point","coordinates":[-9976845.2328999992,3424253.8264999986]},"properties":{"OBJECTID":1209,"substrate":"Firm/Hard Bottom","substrate_type":null,"buried_shell_depth":null,"water_depth":null,"GlobalID":"{3F1324A1-DA87-4E9F-8464-F7EB2F30D0A8}","created_user":"johnyjurisich_CVCarbon","created_date":1763742867229,"last_edited_user":"jjordan_CVCarbon","last_edited_date":1780856289203,"polling_date":1763736717000,"permission_group":"johnyjurisich_CVCarbon,JJurisich_CVCarbon","lease_number":"32024","archive":null}},{"type":"Feature","id":1210,"geometry":{"type":"Point","coordinates":[-9976837.5852000006,3424242.6737999991]},"properties":{"OBJECTID":1210,"substrate":"Mud","substrate_type":null,"buried_shell_depth":null,"water_depth":null,"GlobalID":"{1D985A54-1619-49BC-B4AB-A2E934859965}","created_user":"johnyjurisich_CVCarbon","created_date":1763742867229,"last_edited_user":"jjordan_CVCarbon","last_edited_date":1780856289203,"polling_date":1763736713000,"permission_group":"johnyjurisich_CVCarbon,JJurisich_CVCarbon","lease_number":"32024","archive":null}},{"type":"Feature","id":1211,"geometry":{"type":"Point","coordinates":[-9976830.1268000007,3424232.1216000021]},"properties":{"OBJECTID":1211,"substrate":"Mud","substrate_type":null,"buried_shell_depth":null,"water_depth":null,"GlobalID":"{897F1A86-2D8C-4F97-A2FF-154DFB1F10F3}","created_user":"johnyjurisich_CVCarbon","created_date":1763742867229,"last_edited_user":"jjordan_CVCarbon","last_edited_date":1780856289203,"polling_date":1763736709000,"permission_group":"johnyjurisich_CVCarbon,JJurisich_CVCarbon","lease_number":"32024","archive":null}},{"type":"Feature","id":1212,"geometry":{"type":"Point","coordinates":[-9976819.1173,3424216.0759999976]},"properties":{"OBJECTID":1212,"substrate":"Mud","substrate_type":null,"buried_shell_depth":null,"water_depth":null,"GlobalID":"{58DFB8BC-989D-460A-9BEE-E83593470BF6}","created_user":"johnyjurisich_CVCarbon","created_date":1763742867229,"last_edited_user":"jjordan_CVCarbon","last_edited_date":1780856289203,"polling_date":1763736703000,"permission_group":"johnyjurisich_CVCarbon,JJurisich_CVCarbon","lease_number":"32024","archive":null}},{"type":"Feature","id":1213,"geometry":{"type":"Point","coordinates":[-9976812.0484999996,3424206.3158000037]},"properties":{"OBJECTID":1213,"substrate":"Mud","substrate_type":null,"buried_shell_depth":null,"water_depth":null,"GlobalID":"{18D48AE2-C332-4594-943F-CBF29989133B}","created_user":"johnyjurisich_CVCarbon","created_date":1763742867229,"last_edited_user":"jjordan_CVCarbon","last_edited_date":1780856289203,"polling_date":1763736699000,"permission_group":"johnyjurisich_CVCarbon,JJurisich_CVCarbon","lease_number":"32024","archive":null}},{"type":"Feature","id":1214,"geometry":{"type":"Point","coordinates":[-9976798.8237999994,3424189.1589000002]},"properties":{"OBJECTID":1214,"substrate":"Mud","substrate_type":null,"buried_shell_depth":null,"water_depth":null,"GlobalID":"{161A3337-8C37-4CDC-9340-60F3B5C45FB1}","created_user":"johnyjurisich_CVCarbon","created_date":1763742867229,"last_edited_user":"jjordan_CVCarbon","last_edited_date":1780856289203,"polling_date":1763736692000,"permission_group":"johnyjurisich_CVCarbon,JJurisich_CVCarbon","lease_number":"32024","archive":null}},{"type":"Feature","id":1215,"geometry":{"type":"Point","coordinates":[-9976789.4396000002,3424177.5208000019]},"properties":{"OBJECTID":1215,"substrate":"Mud","substrate_type":null,"buried_shell_depth":null,"water_depth":null,"GlobalID":"{27D93ABF-3188-432A-A52C-827C9754C669}","created_user":"johnyjurisich_CVCarbon","created_date":1763742867229,"last_edited_user":"jjordan_CVCarbon","last_edited_date":1780856289203,"polling_date":1763736687000,"permission_group":"johnyjurisich_CVCarbon,JJurisich_CVCarbon","lease_number":"32024","archive":null}},{"type":"Feature","id":1216,"geometry":{"type":"Point","coordinates":[-9976781.1797000002,3424170.4689000025]},"properties":{"OBJECTID":1216,"substrate":"Mud","substrate_type":null,"buried_shell_depth":null,"water_depth":null,"GlobalID":"{96F9695E-BCC9-46B0-BA8E-AC52C43CE708}","created_user":"johnyjurisich_CVCarbon","created_date":1763742867229,"last_edited_user":"jjordan_CVCarbon","last_edited_date":1780856289203,"polling_date":1763736683000,"permission_group":"johnyjurisich_CVCarbon,JJurisich_CVCarbon","lease_number":"32024","archive":null}},{"type":"Feature","id":1217,"geometry":{"type":"Point","coordinates":[-9976755.4759999998,3424170.443400003]},"properties":{"OBJECTID":1217,"substrate":"Mud","substrate_type":null,"buried_shell_depth":null,"water_depth":null,"GlobalID":"{8B98DDA2-17A0-4491-8BAF-1E2363BDB83D}","created_user":"johnyjurisich_CVCarbon","created_date":1763742867229,"last_edited_user":"jjordan_CVCarbon","last_edited_date":1780856289203,"polling_date":1763736671000,"permission_group":"johnyjurisich_CVCarbon,JJurisich_CVCarbon","lease_number":"32024","archive":null}},{"type":"Feature","id":1218,"geometry":{"type":"Point","coordinates":[-9976753.6281000003,3424187.1403999999]},"properties":{"OBJECTID":1218,"substrate":"Mud","substrate_type":null,"buried_shell_depth":null,"water_depth":null,"GlobalID":"{ECCA703D-1478-4F56-A757-D5841B7CE38D}","created_user":"johnyjurisich_CVCarbon","created_date":1763742867229,"last_edited_user":"jjordan_CVCarbon","last_edited_date":1780856289203,"polling_date":1763736664000,"permission_group":"johnyjurisich_CVCarbon,JJurisich_CVCarbon","lease_number":"32024","archive":null}},{"type":"Feature","id":1219,"geometry":{"type":"Point","coordinates":[-9976765.2720999997,3424211.3620000035]},"properties":{"OBJECTID":1219,"substrate":"Mud","substrate_type":null,"buried_shell_depth":null,"water_depth":null,"GlobalID":"{5B398EDE-AA16-4AF2-A62A-A27E71F2C146}","created_user":"johnyjurisich_CVCarbon","created_date":1763742867229,"last_edited_user":"jjordan_CVCarbon","last_edited_date":1780856289203,"polling_date":1763736655000,"permission_group":"johnyjurisich_CVCarbon,JJurisich_CVCarbon","lease_number":"32024","archive":null}},{"type":"Feature","id":1220,"geometry":{"type":"Point","coordinates":[-9976774.1219999995,3424223.2172999978]},"properties":{"OBJECTID":1220,"substrate":"Mud","substrate_type":null,"buried_shell_depth":null,"water_depth":null,"GlobalID":"{0EBEC2DB-0415-4489-BBEB-05FAE00935CE}","created_user":"johnyjurisich_CVCarbon","created_date":1763742867229,"last_edited_user":"jjordan_CVCarbon","last_edited_date":1780856289203,"polling_date":1763736650000,"permission_group":"johnyjurisich_CVCarbon,JJurisich_CVCarbon","lease_number":"32024","archive":null}},{"type":"Feature","id":1221,"geometry":{"type":"Point","coordinates":[-9976786.3783,3424239.9143999964]},"properties":{"OBJECTID":1221,"substrate":"Mud","substrate_type":null,"buried_shell_depth":null,"water_depth":null,"GlobalID":"{CB6F98AC-44DC-4B98-BF87-4AF78EA53D86}","created_user":"johnyjurisich_CVCarbon","created_date":1763742867229,"last_edited_user":"jjordan_CVCarbon","last_edited_date":1780856289203,"polling_date":1763736643000,"permission_group":"johnyjurisich_CVCarbon,JJurisich_CVCarbon","lease_number":"32024","archive":null}},{"type":"Feature","id":1222,"geometry":{"type":"Point","coordinates":[-9976792.2671000008,3424247.3368000016]},"properties":{"OBJECTID":1222,"substrate":"Mud","substrate_type":null,"buried_shell_depth":null,"water_depth":null,"GlobalID":"{EFA11F9C-3F0D-4EED-A7F0-E50EE3701A1E}","created_user":"johnyjurisich_CVCarbon","created_date":1763742867229,"last_edited_user":"jjordan_CVCarbon","last_edited_date":1780856289203,"polling_date":1763736640000,"permission_group":"johnyjurisich_CVCarbon,JJurisich_CVCarbon","lease_number":"32024","archive":null}},{"type":"Feature","id":1223,"geometry":{"type":"Point","coordinates":[-9976803.4101999998,3424263.2801999971]},"properties":{"OBJECTID":1223,"substrate":"Firm/Hard Bottom","substrate_type":null,"buried_shell_depth":null,"water_depth":null,"GlobalID":"{C2B575CB-4BCD-4205-B419-DDFE885044CA}","created_user":"johnyjurisich_CVCarbon","created_date":1763742867229,"last_edited_user":"jjordan_CVCarbon","last_edited_date":1780856289203,"polling_date":1763736634000,"permission_group":"johnyjurisich_CVCarbon,JJurisich_CVCarbon","lease_number":"32024","archive":null}},{"type":"Feature","id":1224,"geometry":{"type":"Point","coordinates":[-9976812.7052999996,3424275.9403000027]},"properties":{"OBJECTID":1224,"substrate":"Firm/Hard Bottom","substrate_type":null,"buried_shell_depth":null,"water_depth":null,"GlobalID":"{3A4AB328-D8F1-4E97-8B2E-1363C3CCD6E5}","created_user":"johnyjurisich_CVCarbon","created_date":1763742893022,"last_edited_user":"jjordan_CVCarbon","last_edited_date":1780856289203,"polling_date":1763736629000,"permission_group":"johnyjurisich_CVCarbon,JJurisich_CVCarbon","lease_number":"32024","archive":null}},{"type":"Feature","id":1225,"geometry":{"type":"Point","coordinates":[-9976823.7705000006,3424290.9895000011]},"properties":{"OBJECTID":1225,"substrate":"Firm/Hard Bottom","substrate_type":null,"buried_shell_depth":null,"water_depth":null,"GlobalID":"{F861CC69-1853-4E24-B70F-01F4E3561DCD}","created_user":"johnyjurisich_CVCarbon","created_date":1763742893022,"last_edited_user":"jjordan_CVCarbon","last_edited_date":1780856289203,"polling_date":1763736623000,"permission_group":"johnyjurisich_CVCarbon,JJurisich_CVCarbon","lease_number":"32024","archive":null}},{"type":"Feature","id":1226,"geometry":{"type":"Point","coordinates":[-9976834.7131999992,3424306.1792000011]},"properties":{"OBJECTID":1226,"substrate":"Buried Shell","substrate_type":null,"buried_shell_depth":null,"water_depth":null,"GlobalID":"{5010FDC7-8BB5-485C-9F91-6436FF699196}","created_user":"johnyjurisich_CVCarbon","created_date":1763742893022,"last_edited_user":"jjordan_CVCarbon","last_edited_date":1780856289203,"polling_date":1763736617000,"permission_group":"johnyjurisich_CVCarbon,JJurisich_CVCarbon","lease_number":"32024","archive":null}},{"type":"Feature","id":1227,"geometry":{"type":"Point","coordinates":[-9976843.5965,3424318.9672000036]},"properties":{"OBJECTID":1227,"substrate":"Buried Shell","substrate_type":null,"buried_shell_depth":null,"water_depth":null,"GlobalID":"{72474ED3-0C45-4517-A441-91EA499B7B1F}","created_user":"johnyjurisich_CVCarbon","created_date":1763742893022,"last_edited_user":"jjordan_CVCarbon","last_edited_date":1780856289203,"polling_date":1763736612000,"permission_group":"johnyjurisich_CVCarbon,JJurisich_CVCarbon","lease_number":"32024","archive":null}},{"type":"Feature","id":1228,"geometry":{"type":"Point","coordinates":[-9976857.8120000008,3424339.9569000006]},"properties":{"OBJECTID":1228,"substrate":"Buried Shell","substrate_type":null,"buried_shell_depth":null,"water_depth":null,"GlobalID":"{26D53BC9-9624-494B-897A-DEAB4CF250FC}","created_user":"johnyjurisich_CVCarbon","created_date":1763742893022,"last_edited_user":"jjordan_CVCarbon","last_edited_date":1780856289203,"polling_date":1763736604000,"permission_group":"johnyjurisich_CVCarbon,JJurisich_CVCarbon","lease_number":"32024","archive":null}},{"type":"Feature","id":1229,"geometry":{"type":"Point","coordinates":[-9976866.9736000001,3424351.9017999992]},"properties":{"OBJECTID":1229,"substrate":"Solid Reef","substrate_type":null,"buried_shell_depth":null,"water_depth":null,"GlobalID":"{8F04734C-CF58-4F53-A439-8471A226543D}","created_user":"johnyjurisich_CVCarbon","created_date":1763742893022,"last_edited_user":"jjordan_CVCarbon","last_edited_date":1780856289203,"polling_date":1763736599000,"permission_group":"johnyjurisich_CVCarbon,JJurisich_CVCarbon","lease_number":"32024","archive":null}},{"type":"Feature","id":1230,"geometry":{"type":"Point","coordinates":[-9976881.6009999998,3424369.9787999988]},"properties":{"OBJECTID":1230,"substrate":"Solid Reef","substrate_type":null,"buried_shell_depth":null,"water_depth":null,"GlobalID":"{AF5F7D2E-1DBD-40B6-B33E-4624A07C55A8}","created_user":"johnyjurisich_CVCarbon","created_date":1763742893022,"last_edited_user":"jjordan_CVCarbon","last_edited_date":1780856289203,"polling_date":1763736591000,"permission_group":"johnyjurisich_CVCarbon,JJurisich_CVCarbon","lease_number":"32024","archive":null}},{"type":"Feature","id":1231,"geometry":{"type":"Point","coordinates":[-9976894.2579999994,3424387.9790999964]},"properties":{"OBJECTID":1231,"substrate":"Buried Shell","substrate_type":null,"buried_shell_depth":null,"water_depth":null,"GlobalID":"{03F2AA13-FE73-43CB-9429-3EC9F7700C39}","created_user":"johnyjurisich_CVCarbon","created_date":1763742893022,"last_edited_user":"jjordan_CVCarbon","last_edited_date":1780856289203,"polling_date":1763736584000,"permission_group":"johnyjurisich_CVCarbon,JJurisich_CVCarbon","lease_number":"32024","archive":null}},{"type":"Feature","id":1232,"geometry":{"type":"Point","coordinates":[-9976904.8333000001,3424402.9645000026]},"properties":{"OBJECTID":1232,"substrate":"Buried Shell","substrate_type":null,"buried_shell_depth":null,"water_depth":null,"GlobalID":"{40C55240-8861-425D-9DE9-80D6136ADAE3}","created_user":"johnyjurisich_CVCarbon","created_date":1763742893022,"last_edited_user":"jjordan_CVCarbon","last_edited_date":1780856289203,"polling_date":1763736578000,"permission_group":"johnyjurisich_CVCarbon,JJurisich_CVCarbon","lease_number":"32024","archive":null}},{"type":"Feature","id":1233,"geometry":{"type":"Point","coordinates":[-9976913.9393000007,3424415.2415999994]},"properties":{"OBJECTID":1233,"substrate":"Buried Shell","substrate_type":null,"buried_shell_depth":null,"water_depth":null,"GlobalID":"{4E66137B-FA3D-4E20-AF1B-5BCFF37236EF}","created_user":"johnyjurisich_CVCarbon","created_date":1763742893022,"last_edited_user":"jjordan_CVCarbon","last_edited_date":1780856289203,"polling_date":1763736573000,"permission_group":"johnyjurisich_CVCarbon,JJurisich_CVCarbon","lease_number":"32024","archive":null}},{"type":"Feature","id":1234,"geometry":{"type":"Point","coordinates":[-9976922.3662,3424427.9914000034]},"properties":{"OBJECTID":1234,"substrate":"Scattered Shell","substrate_type":null,"buried_shell_depth":null,"water_depth":null,"GlobalID":"{BD0A4FE3-BDF8-4BE4-A1F0-0FE4EEA26F60}","created_user":"johnyjurisich_CVCarbon","created_date":1763742893022,"last_edited_user":"jjordan_CVCarbon","last_edited_date":1780856289203,"polling_date":1763736568000,"permission_group":"johnyjurisich_CVCarbon,JJurisich_CVCarbon","lease_number":"32024","archive":null}},{"type":"Feature","id":1235,"geometry":{"type":"Point","coordinates":[-9976929.6687000003,3424437.8027999997]},"properties":{"OBJECTID":1235,"substrate":"Solid Reef","substrate_type":null,"buried_shell_depth":null,"water_depth":null,"GlobalID":"{434D7C62-1C86-4592-9900-E5D1B2DB5582}","created_user":"johnyjurisich_CVCarbon","created_date":1763742893022,"last_edited_user":"jjordan_CVCarbon","last_edited_date":1780856289203,"polling_date":1763736564000,"permission_group":"johnyjurisich_CVCarbon,JJurisich_CVCarbon","lease_number":"32024","archive":null}},{"type":"Feature","id":1236,"geometry":{"type":"Point","coordinates":[-9976938.4629999995,3424450.3099000007]},"properties":{"OBJECTID":1236,"substrate":"Solid Reef","substrate_type":null,"buried_shell_depth":null,"water_depth":null,"GlobalID":"{2167C23B-CA15-45C9-8174-4C8CBB2D6D08}","created_user":"johnyjurisich_CVCarbon","created_date":1763742893022,"last_edited_user":"jjordan_CVCarbon","last_edited_date":1780856289203,"polling_date":1763736559000,"permission_group":"johnyjurisich_CVCarbon,JJurisich_CVCarbon","lease_number":"32024","archive":null}},{"type":"Feature","id":1237,"geometry":{"type":"Point","coordinates":[-9976949.3388999999,3424464.7588]},"properties":{"OBJECTID":1237,"substrate":"Solid Reef","substrate_type":null,"buried_shell_depth":null,"water_depth":null,"GlobalID":"{0773A5B6-E2C2-4E38-980D-D5FC30AB8283}","created_user":"johnyjurisich_CVCarbon","created_date":1763742893022,"last_edited_user":"jjordan_CVCarbon","last_edited_date":1780856289203,"polling_date":1763736553000,"permission_group":"johnyjurisich_CVCarbon,JJurisich_CVCarbon","lease_number":"32024","archive":null}},{"type":"Feature","id":1238,"geometry":{"type":"Point","coordinates":[-9976956.6303000003,3424474.7492000014]},"properties":{"OBJECTID":1238,"substrate":"Solid Reef","substrate_type":null,"buried_shell_depth":null,"water_depth":null,"GlobalID":"{418DAE13-86A2-4AFF-AF21-C133571DA44F}","created_user":"johnyjurisich_CVCarbon","created_date":1763742893022,"last_edited_user":"jjordan_CVCarbon","last_edited_date":1780856289203,"polling_date":1763736549000,"permission_group":"johnyjurisich_CVCarbon,JJurisich_CVCarbon","lease_number":"32024","archive":null}},{"type":"Feature","id":1239,"geometry":{"type":"Point","coordinates":[-9976967.1833999995,3424489.8879999965]},"properties":{"OBJECTID":1239,"substrate":"Solid Reef","substrate_type":null,"buried_shell_depth":null,"water_depth":null,"GlobalID":"{1D73357E-0414-4833-AD63-806FBDC0D6C2}","created_user":"johnyjurisich_CVCarbon","created_date":1763742893022,"last_edited_user":"jjordan_CVCarbon","last_edited_date":1780856289203,"polling_date":1763736543000,"permission_group":"johnyjurisich_CVCarbon,JJurisich_CVCarbon","lease_number":"32024","archive":null}},{"type":"Feature","id":1240,"geometry":{"type":"Point","coordinates":[-9976976.6344000008,3424502.6506000012]},"properties":{"OBJECTID":1240,"substrate":"Solid Reef","substrate_type":null,"buried_shell_depth":null,"water_depth":null,"GlobalID":"{D812D2B8-7FBF-487A-806B-97BEA8BABC2F}","created_user":"johnyjurisich_CVCarbon","created_date":1763742893022,"last_edited_user":"jjordan_CVCarbon","last_edited_date":1780856289203,"polling_date":1763736538000,"permission_group":"johnyjurisich_CVCarbon,JJurisich_CVCarbon","lease_number":"32024","archive":null}},{"type":"Feature","id":1241,"geometry":{"type":"Point","coordinates":[-9976983.6587000005,3424512.2449000031]},"properties":{"OBJECTID":1241,"substrate":"Solid Reef","substrate_type":null,"buried_shell_depth":null,"water_depth":null,"GlobalID":"{F8BCB0F4-E765-4337-B49C-134766CA8F77}","created_user":"johnyjurisich_CVCarbon","created_date":1763742893022,"last_edited_user":"jjordan_CVCarbon","last_edited_date":1780856289203,"polling_date":1763736534000,"permission_group":"johnyjurisich_CVCarbon,JJurisich_CVCarbon","lease_number":"32024","archive":null}},{"type":"Feature","id":1242,"geometry":{"type":"Point","coordinates":[-9976990.3267000001,3424522.311999999]},"properties":{"OBJECTID":1242,"substrate":"Scattered Shell","substrate_type":null,"buried_shell_depth":null,"water_depth":null,"GlobalID":"{F732EF01-A08A-40CB-BB48-650B34629E8F}","created_user":"johnyjurisich_CVCarbon","created_date":1763742893022,"last_edited_user":"jjordan_CVCarbon","last_edited_date":1780856289203,"polling_date":1763736530000,"permission_group":"johnyjurisich_CVCarbon,JJurisich_CVCarbon","lease_number":"32024","archive":null}},{"type":"Feature","id":1243,"geometry":{"type":"Point","coordinates":[-9977001.1247000005,3424536.5820999965]},"properties":{"OBJECTID":1243,"substrate":"Scattered Shell","substrate_type":null,"buried_shell_depth":null,"water_depth":null,"GlobalID":"{9951E5BA-AA51-4582-8176-2B4FC6787D88}","created_user":"johnyjurisich_CVCarbon","created_date":1763742893022,"last_edited_user":"jjordan_CVCarbon","last_edited_date":1780856289203,"polling_date":1763736524000,"permission_group":"johnyjurisich_CVCarbon,JJurisich_CVCarbon","lease_number":"32024","archive":null}},{"type":"Feature","id":1244,"geometry":{"type":"Point","coordinates":[-9977010.4978,3424548.7827000022]},"properties":{"OBJECTID":1244,"substrate":"Scattered Shell","substrate_type":null,"buried_shell_depth":null,"water_depth":null,"GlobalID":"{036EE3AF-563A-4E98-A273-21EA45B5E216}","created_user":"johnyjurisich_CVCarbon","created_date":1763742893022,"last_edited_user":"jjordan_CVCarbon","last_edited_date":1780856289203,"polling_date":1763736519000,"permission_group":"johnyjurisich_CVCarbon,JJurisich_CVCarbon","lease_number":"32024","archive":null}},{"type":"Feature","id":1245,"geometry":{"type":"Point","coordinates":[-9977017.7224000003,3424558.9135999978]},"properties":{"OBJECTID":1245,"substrate":"Scattered Shell","substrate_type":null,"buried_shell_depth":null,"water_depth":null,"GlobalID":"{61B363EF-0D8A-4800-84CB-27457CEF0E30}","created_user":"johnyjurisich_CVCarbon","created_date":1763742893022,"last_edited_user":"jjordan_CVCarbon","last_edited_date":1780856289203,"polling_date":1763736515000,"permission_group":"johnyjurisich_CVCarbon,JJurisich_CVCarbon","lease_number":"32024","archive":null}},{"type":"Feature","id":1246,"geometry":{"type":"Point","coordinates":[-9977025.9377999995,3424571.1525000036]},"properties":{"OBJECTID":1246,"substrate":"Solid Reef","substrate_type":null,"buried_shell_depth":null,"water_depth":null,"GlobalID":"{1BBFA9BA-408B-4D6E-8401-6901A36E333A}","created_user":"johnyjurisich_CVCarbon","created_date":1763742893022,"last_edited_user":"jjordan_CVCarbon","last_edited_date":1780856289203,"polling_date":1763736510000,"permission_group":"johnyjurisich_CVCarbon,JJurisich_CVCarbon","lease_number":"32024","archive":null}},{"type":"Feature","id":1247,"geometry":{"type":"Point","coordinates":[-9977040.0308999997,3424591.2228000015]},"properties":{"OBJECTID":1247,"substrate":"Solid Reef","substrate_type":null,"buried_shell_depth":null,"water_depth":null,"GlobalID":"{46D37A90-D46B-4B1A-8F73-6B09108DF040}","created_user":"johnyjurisich_CVCarbon","created_date":1763742893022,"last_edited_user":"jjordan_CVCarbon","last_edited_date":1780856289203,"polling_date":1763736502000,"permission_group":"johnyjurisich_CVCarbon,JJurisich_CVCarbon","lease_number":"32024","archive":null}},{"type":"Feature","id":1248,"geometry":{"type":"Point","coordinates":[-9977052.6210999992,3424608.3290999979]},"properties":{"OBJECTID":1248,"substrate":"Scattered Shell","substrate_type":null,"buried_shell_depth":null,"water_depth":null,"GlobalID":"{298AC5E9-F366-4F2F-975D-6078B5369AF0}","created_user":"johnyjurisich_CVCarbon","created_date":1763742893022,"last_edited_user":"jjordan_CVCarbon","last_edited_date":1780856289203,"polling_date":1763736495000,"permission_group":"johnyjurisich_CVCarbon,JJurisich_CVCarbon","lease_number":"32024","archive":null}},{"type":"Feature","id":1249,"geometry":{"type":"Point","coordinates":[-9977060.2241999991,3424617.9874000028]},"properties":{"OBJECTID":1249,"substrate":"Scattered Shell","substrate_type":null,"buried_shell_depth":null,"water_depth":null,"GlobalID":"{AD2B791A-2395-4D2E-BDE3-67874494C192}","created_user":"johnyjurisich_CVCarbon","created_date":1763742893022,"last_edited_user":"jjordan_CVCarbon","last_edited_date":1780856289203,"polling_date":1763736491000,"permission_group":"johnyjurisich_CVCarbon,JJurisich_CVCarbon","lease_number":"32024","archive":null}},{"type":"Feature","id":1250,"geometry":{"type":"Point","coordinates":[-9977069.5973000005,3424629.8686999977]},"properties":{"OBJECTID":1250,"substrate":"Solid Reef","substrate_type":null,"buried_shell_depth":null,"water_depth":null,"GlobalID":"{758F0E09-B3CC-4D49-A66D-947924F7E321}","created_user":"johnyjurisich_CVCarbon","created_date":1763742893022,"last_edited_user":"jjordan_CVCarbon","last_edited_date":1780856289203,"polling_date":1763736486000,"permission_group":"johnyjurisich_CVCarbon,JJurisich_CVCarbon","lease_number":"32024","archive":null}},{"type":"Feature","id":1251,"geometry":{"type":"Point","coordinates":[-9977079.1151000001,3424641.8649000004]},"properties":{"OBJECTID":1251,"substrate":"Solid Reef","substrate_type":null,"buried_shell_depth":null,"water_depth":null,"GlobalID":"{5590E1EE-99D3-461A-9F98-5E25011EC7B7}","created_user":"johnyjurisich_CVCarbon","created_date":1763742893022,"last_edited_user":"jjordan_CVCarbon","last_edited_date":1780856289203,"polling_date":1763736481000,"permission_group":"johnyjurisich_CVCarbon,JJurisich_CVCarbon","lease_number":"32024","archive":null}},{"type":"Feature","id":1252,"geometry":{"type":"Point","coordinates":[-9977086.6736999992,3424652.2897000015]},"properties":{"OBJECTID":1252,"substrate":"Solid Reef","substrate_type":null,"buried_shell_depth":null,"water_depth":null,"GlobalID":"{29553E1D-EE32-4EBA-B4CD-5ECFDE465D89}","created_user":"johnyjurisich_CVCarbon","created_date":1763742893022,"last_edited_user":"jjordan_CVCarbon","last_edited_date":1780856289203,"polling_date":1763736477000,"permission_group":"johnyjurisich_CVCarbon,JJurisich_CVCarbon","lease_number":"32024","archive":null}},{"type":"Feature","id":1253,"geometry":{"type":"Point","coordinates":[-9977096.5589000005,3424664.4265000001]},"properties":{"OBJECTID":1253,"substrate":"Solid Reef","substrate_type":null,"buried_shell_depth":null,"water_depth":null,"GlobalID":"{B241974B-818E-49E2-B27F-AB5BA09471DB}","created_user":"johnyjurisich_CVCarbon","created_date":1763742893022,"last_edited_user":"jjordan_CVCarbon","last_edited_date":1780856289203,"polling_date":1763736472000,"permission_group":"johnyjurisich_CVCarbon,JJurisich_CVCarbon","lease_number":"32024","archive":null}},{"type":"Feature","id":1254,"geometry":{"type":"Point","coordinates":[-9977106.2325999998,3424676.1928000003]},"properties":{"OBJECTID":1254,"substrate":"Solid Reef","substrate_type":null,"buried_shell_depth":null,"water_depth":null,"GlobalID":"{B5C19C3F-D5EC-46AE-BB38-C76124DC9995}","created_user":"johnyjurisich_CVCarbon","created_date":1763742893022,"last_edited_user":"jjordan_CVCarbon","last_edited_date":1780856289203,"polling_date":1763736467000,"permission_group":"johnyjurisich_CVCarbon,JJurisich_CVCarbon","lease_number":"32024","archive":null}},{"type":"Feature","id":1255,"geometry":{"type":"Point","coordinates":[-9977114.3366,3424686.0044]},"properties":{"OBJECTID":1255,"substrate":"Solid Reef","substrate_type":null,"buried_shell_depth":null,"water_depth":null,"GlobalID":"{D624A541-EE60-48E3-B5D3-879E2C3C580A}","created_user":"johnyjurisich_CVCarbon","created_date":1763742893022,"last_edited_user":"jjordan_CVCarbon","last_edited_date":1780856289203,"polling_date":1763736463000,"permission_group":"johnyjurisich_CVCarbon,JJurisich_CVCarbon","lease_number":"32024","archive":null}},{"type":"Feature","id":1256,"geometry":{"type":"Point","coordinates":[-9977120.7708999999,3424692.7498999983]},"properties":{"OBJECTID":1256,"substrate":"Solid Reef","substrate_type":null,"buried_shell_depth":null,"water_depth":null,"GlobalID":"{063C2B72-66CD-4A02-93FB-A9E203029523}","created_user":"johnyjurisich_CVCarbon","created_date":1763742893022,"last_edited_user":"jjordan_CVCarbon","last_edited_date":1780856289203,"polling_date":1763736460000,"permission_group":"johnyjurisich_CVCarbon,JJurisich_CVCarbon","lease_number":"32024","archive":null}},{"type":"Feature","id":1257,"geometry":{"type":"Point","coordinates":[-9977128.5521000009,3424701.4372999966]},"properties":{"OBJECTID":1257,"substrate":"Solid Reef","substrate_type":null,"buried_shell_depth":null,"water_depth":null,"GlobalID":"{1C633C30-F785-4402-BD1F-5E4B9E2C6610}","created_user":"johnyjurisich_CVCarbon","created_date":1763742893022,"last_edited_user":"jjordan_CVCarbon","last_edited_date":1780856289203,"polling_date":1763736456000,"permission_group":"johnyjurisich_CVCarbon,JJurisich_CVCarbon","lease_number":"32024","archive":null}},{"type":"Feature","id":1258,"geometry":{"type":"Point","coordinates":[-9977138.7156000007,3424712.3605000004]},"properties":{"OBJECTID":1258,"substrate":"Solid Reef","substrate_type":null,"buried_shell_depth":null,"water_depth":null,"GlobalID":"{CD78B741-442D-4A16-9782-0C199BBAF114}","created_user":"johnyjurisich_CVCarbon","created_date":1763742893022,"last_edited_user":"jjordan_CVCarbon","last_edited_date":1780856289203,"polling_date":1763736451000,"permission_group":"johnyjurisich_CVCarbon,JJurisich_CVCarbon","lease_number":"32024","archive":null}},{"type":"Feature","id":1259,"geometry":{"type":"Point","coordinates":[-9977145.25,3424718.5438999981]},"properties":{"OBJECTID":1259,"substrate":"Solid Reef","substrate_type":null,"buried_shell_depth":null,"water_depth":null,"GlobalID":"{67802185-7D8A-417B-95BC-39AE1ECB1407}","created_user":"johnyjurisich_CVCarbon","created_date":1763742893022,"last_edited_user":"jjordan_CVCarbon","last_edited_date":1780856289203,"polling_date":1763736448000,"permission_group":"johnyjurisich_CVCarbon,JJurisich_CVCarbon","lease_number":"32024","archive":null}},{"type":"Feature","id":1260,"geometry":{"type":"Point","coordinates":[-9977153.5099999998,3424727.9851000011]},"properties":{"OBJECTID":1260,"substrate":"Solid Reef","substrate_type":null,"buried_shell_depth":null,"water_depth":null,"GlobalID":"{DD482515-469A-4312-8975-AAA5E3EE48A3}","created_user":"johnyjurisich_CVCarbon","created_date":1763742893022,"last_edited_user":"jjordan_CVCarbon","last_edited_date":1780856289203,"polling_date":1763736444000,"permission_group":"johnyjurisich_CVCarbon,JJurisich_CVCarbon","lease_number":"32024","archive":null}},{"type":"Feature","id":1261,"geometry":{"type":"Point","coordinates":[-9977160.5120000001,3424736.6468999982]},"properties":{"OBJECTID":1261,"substrate":"Firm/Hard Bottom","substrate_type":null,"buried_shell_depth":null,"water_depth":null,"GlobalID":"{EE8B2E1D-85B6-4C93-9E9D-7E1C9D21789C}","created_user":"johnyjurisich_CVCarbon","created_date":1763742893022,"last_edited_user":"jjordan_CVCarbon","last_edited_date":1780856289203,"polling_date":1763736440000,"permission_group":"johnyjurisich_CVCarbon,JJurisich_CVCarbon","lease_number":"32024","archive":null}},{"type":"Feature","id":1262,"geometry":{"type":"Point","coordinates":[-9977170.0408999994,3424751.9138000011]},"properties":{"OBJECTID":1262,"substrate":"Firm/Hard Bottom","substrate_type":null,"buried_shell_depth":null,"water_depth":null,"GlobalID":"{A7B486F4-91C0-420C-951E-AAED78870B70}","created_user":"johnyjurisich_CVCarbon","created_date":1763742893022,"last_edited_user":"jjordan_CVCarbon","last_edited_date":1780856289203,"polling_date":1763736434000,"permission_group":"johnyjurisich_CVCarbon,JJurisich_CVCarbon","lease_number":"32024","archive":null}},{"type":"Feature","id":1263,"geometry":{"type":"Point","coordinates":[-9977173.7144000009,3424761.3294999972]},"properties":{"OBJECTID":1263,"substrate":"Firm/Hard Bottom","substrate_type":null,"buried_shell_depth":null,"water_depth":null,"GlobalID":"{F7D1832A-D409-4D0C-B10E-A03713636A13}","created_user":"johnyjurisich_CVCarbon","created_date":1763742893022,"last_edited_user":"jjordan_CVCarbon","last_edited_date":1780856289203,"polling_date":1763736430000,"permission_group":"johnyjurisich_CVCarbon,JJurisich_CVCarbon","lease_number":"32024","archive":null}},{"type":"Feature","id":1264,"geometry":{"type":"Point","coordinates":[-9977174.9945999999,3424770.7961999997]},"properties":{"OBJECTID":1264,"substrate":"Buried Shell","substrate_type":null,"buried_shell_depth":null,"water_depth":null,"GlobalID":"{64C51A60-D39A-4C97-B872-F3A6D7AC18BF}","created_user":"johnyjurisich_CVCarbon","created_date":1763742893022,"last_edited_user":"jjordan_CVCarbon","last_edited_date":1780856289203,"polling_date":1763736426000,"permission_group":"johnyjurisich_CVCarbon,JJurisich_CVCarbon","lease_number":"32024","archive":null}},{"type":"Feature","id":1265,"geometry":{"type":"Point","coordinates":[-9977148.534,3424784.9261000007]},"properties":{"OBJECTID":1265,"substrate":"Firm/Hard Bottom","substrate_type":null,"buried_shell_depth":null,"water_depth":null,"GlobalID":"{694E5699-67AC-48A9-8AC4-84E839DD878B}","created_user":"johnyjurisich_CVCarbon","created_date":1763742893022,"last_edited_user":"jjordan_CVCarbon","last_edited_date":1780856289203,"polling_date":1763736410000,"permission_group":"johnyjurisich_CVCarbon,JJurisich_CVCarbon","lease_number":"32024","archive":null}},{"type":"Feature","id":1266,"geometry":{"type":"Point","coordinates":[-9977139.6283999998,3424776.1748000011]},"properties":{"OBJECTID":1266,"substrate":"Buried Shell","substrate_type":null,"buried_shell_depth":null,"water_depth":null,"GlobalID":"{3CE8CD6A-BFBB-4F15-8FE3-2190546AB898}","created_user":"johnyjurisich_CVCarbon","created_date":1763742893022,"last_edited_user":"jjordan_CVCarbon","last_edited_date":1780856289203,"polling_date":1763736406000,"permission_group":"johnyjurisich_CVCarbon,JJurisich_CVCarbon","lease_number":"32024","archive":null}},{"type":"Feature","id":1267,"geometry":{"type":"Point","coordinates":[-9977132.0587000009,3424764.9704999998]},"properties":{"OBJECTID":1267,"substrate":"Buried Shell","substrate_type":null,"buried_shell_depth":null,"water_depth":null,"GlobalID":"{FEE95FC5-2B8D-4443-B0D5-FBDBFDED84B2}","created_user":"johnyjurisich_CVCarbon","created_date":1763742893022,"last_edited_user":"jjordan_CVCarbon","last_edited_date":1780856289203,"polling_date":1763736402000,"permission_group":"johnyjurisich_CVCarbon,JJurisich_CVCarbon","lease_number":"32024","archive":null}},{"type":"Feature","id":1268,"geometry":{"type":"Point","coordinates":[-9977123.6985999998,3424753.6895999983]},"properties":{"OBJECTID":1268,"substrate":"Buried Shell","substrate_type":null,"buried_shell_depth":null,"water_depth":null,"GlobalID":"{41B505A7-2BFC-48D7-A565-DC3D61F36898}","created_user":"johnyjurisich_CVCarbon","created_date":1763742893022,"last_edited_user":"jjordan_CVCarbon","last_edited_date":1780856289203,"polling_date":1763736397000,"permission_group":"johnyjurisich_CVCarbon,JJurisich_CVCarbon","lease_number":"32024","archive":null}},{"type":"Feature","id":1269,"geometry":{"type":"Point","coordinates":[-9977113.6130999997,3424741.0929000005]},"properties":{"OBJECTID":1269,"substrate":"Solid Reef","substrate_type":null,"buried_shell_depth":null,"water_depth":null,"GlobalID":"{8EF67FA2-BCA2-49ED-ABED-89CED32DE894}","created_user":"johnyjurisich_CVCarbon","created_date":1763742893022,"last_edited_user":"jjordan_CVCarbon","last_edited_date":1780856289203,"polling_date":1763736392000,"permission_group":"johnyjurisich_CVCarbon,JJurisich_CVCarbon","lease_number":"32024","archive":null}},{"type":"Feature","id":1270,"geometry":{"type":"Point","coordinates":[-9977106.4774999991,3424730.0547000021]},"properties":{"OBJECTID":1270,"substrate":"Solid Reef","substrate_type":null,"buried_shell_depth":null,"water_depth":null,"GlobalID":"{4E2E0FB6-9EA1-473C-BD73-24FAF7A985B4}","created_user":"johnyjurisich_CVCarbon","created_date":1763742893022,"last_edited_user":"jjordan_CVCarbon","last_edited_date":1780856289203,"polling_date":1763736388000,"permission_group":"johnyjurisich_CVCarbon,JJurisich_CVCarbon","lease_number":"32024","archive":null}},{"type":"Feature","id":1271,"geometry":{"type":"Point","coordinates":[-9977099.7649000008,3424719.7448000014]},"properties":{"OBJECTID":1271,"substrate":"Solid Reef","substrate_type":null,"buried_shell_depth":null,"water_depth":null,"GlobalID":"{24DAF6A0-C163-4122-912D-6415B11D9FE9}","created_user":"johnyjurisich_CVCarbon","created_date":1763742893022,"last_edited_user":"jjordan_CVCarbon","last_edited_date":1780856289203,"polling_date":1763736384000,"permission_group":"johnyjurisich_CVCarbon,JJurisich_CVCarbon","lease_number":"32024","archive":null}},{"type":"Feature","id":1272,"geometry":{"type":"Point","coordinates":[-9977091.3936999999,3424709.6010000035]},"properties":{"OBJECTID":1272,"substrate":"Solid Reef","substrate_type":null,"buried_shell_depth":null,"water_depth":null,"GlobalID":"{ECEEE979-033F-439D-AADD-0D0D2A846927}","created_user":"johnyjurisich_CVCarbon","created_date":1763742893022,"last_edited_user":"jjordan_CVCarbon","last_edited_date":1780856289203,"polling_date":1763736380000,"permission_group":"johnyjurisich_CVCarbon,JJurisich_CVCarbon","lease_number":"32024","archive":null}},{"type":"Feature","id":1273,"geometry":{"type":"Point","coordinates":[-9977081.3971999995,3424696.889200002]},"properties":{"OBJECTID":1273,"substrate":"Solid Reef","substrate_type":null,"buried_shell_depth":null,"water_depth":null,"GlobalID":"{1A4E0D18-C3C0-4A2F-B8DD-6E4665CB67E9}","created_user":"johnyjurisich_CVCarbon","created_date":1763742893022,"last_edited_user":"jjordan_CVCarbon","last_edited_date":1780856289203,"polling_date":1763736375000,"permission_group":"johnyjurisich_CVCarbon,JJurisich_CVCarbon","lease_number":"32024","archive":null}},{"type":"Feature","id":1274,"geometry":{"type":"Point","coordinates":[-9977071.3450000007,3424682.8615999967]},"properties":{"OBJECTID":1274,"substrate":"Solid Reef","substrate_type":null,"buried_shell_depth":null,"water_depth":null,"GlobalID":"{E2BF7B48-6DDC-405E-BEA2-B492E01DE524}","created_user":"johnyjurisich_CVCarbon","created_date":1763742893022,"last_edited_user":"jjordan_CVCarbon","last_edited_date":1780856289203,"polling_date":1763736370000,"permission_group":"johnyjurisich_CVCarbon,JJurisich_CVCarbon","lease_number":"32024","archive":null}},{"type":"Feature","id":1275,"geometry":{"type":"Point","coordinates":[-9977064.2429000009,3424671.8747000024]},"properties":{"OBJECTID":1275,"substrate":"Solid Reef","substrate_type":null,"buried_shell_depth":null,"water_depth":null,"GlobalID":"{A4937740-D571-41A7-BE49-2F174CC13361}","created_user":"johnyjurisich_CVCarbon","created_date":1763742893022,"last_edited_user":"jjordan_CVCarbon","last_edited_date":1780856289203,"polling_date":1763736366000,"permission_group":"johnyjurisich_CVCarbon,JJurisich_CVCarbon","lease_number":"32024","archive":null}},{"type":"Feature","id":1276,"geometry":{"type":"Point","coordinates":[-9977057.6638999991,3424663.6599999964]},"properties":{"OBJECTID":1276,"substrate":"Scattered Shell","substrate_type":null,"buried_shell_depth":null,"water_depth":null,"GlobalID":"{97E2CEAD-7544-40CA-8B13-A6B8C84BDB02}","created_user":"johnyjurisich_CVCarbon","created_date":1763742893022,"last_edited_user":"jjordan_CVCarbon","last_edited_date":1780856289203,"polling_date":1763736363000,"permission_group":"johnyjurisich_CVCarbon,JJurisich_CVCarbon","lease_number":"32024","archive":null}},{"type":"Feature","id":1277,"geometry":{"type":"Point","coordinates":[-9977048.5801999997,3424651.5486999974]},"properties":{"OBJECTID":1277,"substrate":"Solid Reef","substrate_type":null,"buried_shell_depth":null,"water_depth":null,"GlobalID":"{95850259-C2D0-4FC4-8DD8-45334F447575}","created_user":"johnyjurisich_CVCarbon","created_date":1763742893022,"last_edited_user":"jjordan_CVCarbon","last_edited_date":1780856289203,"polling_date":1763736358000,"permission_group":"johnyjurisich_CVCarbon,JJurisich_CVCarbon","lease_number":"32024","archive":null}},{"type":"Feature","id":1278,"geometry":{"type":"Point","coordinates":[-9977043.7155000009,3424643.9090000018]},"properties":{"OBJECTID":1278,"substrate":"Buried Shell","substrate_type":null,"buried_shell_depth":null,"water_depth":null,"GlobalID":"{453D1787-C0C3-4CC3-A57E-D6AEE15ABDA9}","created_user":"johnyjurisich_CVCarbon","created_date":1763742893022,"last_edited_user":"jjordan_CVCarbon","last_edited_date":1780856289203,"polling_date":1763736355000,"permission_group":"johnyjurisich_CVCarbon,JJurisich_CVCarbon","lease_number":"32024","archive":null}},{"type":"Feature","id":1279,"geometry":{"type":"Point","coordinates":[-9977034.977,3424632.4620999992]},"properties":{"OBJECTID":1279,"substrate":"Scattered Shell","substrate_type":null,"buried_shell_depth":null,"water_depth":null,"GlobalID":"{22E76C68-AB32-4FBF-9184-0F6C079E9AE3}","created_user":"johnyjurisich_CVCarbon","created_date":1763742893022,"last_edited_user":"jjordan_CVCarbon","last_edited_date":1780856289203,"polling_date":1763736350000,"permission_group":"johnyjurisich_CVCarbon,JJurisich_CVCarbon","lease_number":"32024","archive":null}},{"type":"Feature","id":1280,"geometry":{"type":"Point","coordinates":[-9977027.2513999995,3424621.8840000033]},"properties":{"OBJECTID":1280,"substrate":"Solid Reef","substrate_type":null,"buried_shell_depth":null,"water_depth":null,"GlobalID":"{C69D0E1A-498F-4AA2-BAE3-EEB997CD9316}","created_user":"johnyjurisich_CVCarbon","created_date":1763742893022,"last_edited_user":"jjordan_CVCarbon","last_edited_date":1780856289203,"polling_date":1763736346000,"permission_group":"johnyjurisich_CVCarbon,JJurisich_CVCarbon","lease_number":"32024","archive":null}},{"type":"Feature","id":1281,"geometry":{"type":"Point","coordinates":[-9977019.5702999998,3424611.6124000028]},"properties":{"OBJECTID":1281,"substrate":"Buried Shell","substrate_type":null,"buried_shell_depth":null,"water_depth":null,"GlobalID":"{64224F1E-28DD-471C-949B-5E6606CE7981}","created_user":"johnyjurisich_CVCarbon","created_date":1763742919301,"last_edited_user":"jjordan_CVCarbon","last_edited_date":1780856289203,"polling_date":1763736342000,"permission_group":"johnyjurisich_CVCarbon,JJurisich_CVCarbon","lease_number":"32024","archive":null}},{"type":"Feature","id":1282,"geometry":{"type":"Point","coordinates":[-9977013.6927000005,3424603.9087999985]},"properties":{"OBJECTID":1282,"substrate":"Solid Reef","substrate_type":null,"buried_shell_depth":null,"water_depth":null,"GlobalID":"{A6047D23-3F21-46FB-AAA1-2675951081BE}","created_user":"johnyjurisich_CVCarbon","created_date":1763742919301,"last_edited_user":"jjordan_CVCarbon","last_edited_date":1780856289203,"polling_date":1763736339000,"permission_group":"johnyjurisich_CVCarbon,JJurisich_CVCarbon","lease_number":"32024","archive":null}},{"type":"Feature","id":1283,"geometry":{"type":"Point","coordinates":[-9976998.7535999995,3424582.6631999984]},"properties":{"OBJECTID":1283,"substrate":"Solid Reef","substrate_type":null,"buried_shell_depth":null,"water_depth":null,"GlobalID":"{08778BB4-3AC4-49A4-9054-B8679F55F4E8}","created_user":"johnyjurisich_CVCarbon","created_date":1763742919301,"last_edited_user":"jjordan_CVCarbon","last_edited_date":1780856289203,"polling_date":1763736331000,"permission_group":"johnyjurisich_CVCarbon,JJurisich_CVCarbon","lease_number":"32024","archive":null}},{"type":"Feature","id":1284,"geometry":{"type":"Point","coordinates":[-9976990.2932999991,3424572.0212000012]},"properties":{"OBJECTID":1284,"substrate":"Solid Reef","substrate_type":null,"buried_shell_depth":null,"water_depth":null,"GlobalID":"{ED0275F6-BD48-4F3E-9447-671681EC5935}","created_user":"johnyjurisich_CVCarbon","created_date":1763742919301,"last_edited_user":"jjordan_CVCarbon","last_edited_date":1780856289203,"polling_date":1763736327000,"permission_group":"johnyjurisich_CVCarbon,JJurisich_CVCarbon","lease_number":"32024","archive":null}},{"type":"Feature","id":1285,"geometry":{"type":"Point","coordinates":[-9976981.9778000005,3424560.8426999971]},"properties":{"OBJECTID":1285,"substrate":"Solid Reef","substrate_type":null,"buried_shell_depth":null,"water_depth":null,"GlobalID":"{35CF270C-AC95-4372-A223-114D3EDA1292}","created_user":"johnyjurisich_CVCarbon","created_date":1763742919301,"last_edited_user":"jjordan_CVCarbon","last_edited_date":1780856289203,"polling_date":1763736323000,"permission_group":"johnyjurisich_CVCarbon,JJurisich_CVCarbon","lease_number":"32024","archive":null}},{"type":"Feature","id":1286,"geometry":{"type":"Point","coordinates":[-9976976.9572000001,3424553.8034000024]},"properties":{"OBJECTID":1286,"substrate":"Solid Reef","substrate_type":null,"buried_shell_depth":null,"water_depth":null,"GlobalID":"{7E0841E4-E354-4139-9324-B92801F0EB2B}","created_user":"johnyjurisich_CVCarbon","created_date":1763742919301,"last_edited_user":"jjordan_CVCarbon","last_edited_date":1780856289203,"polling_date":1763736320000,"permission_group":"johnyjurisich_CVCarbon,JJurisich_CVCarbon","lease_number":"32024","archive":null}},{"type":"Feature","id":1287,"geometry":{"type":"Point","coordinates":[-9976970.2892000005,3424544.6689999998]},"properties":{"OBJECTID":1287,"substrate":"Solid Reef","substrate_type":null,"buried_shell_depth":null,"water_depth":null,"GlobalID":"{65968182-A521-4B93-B61A-A887F32A4B8A}","created_user":"johnyjurisich_CVCarbon","created_date":1763742919301,"last_edited_user":"jjordan_CVCarbon","last_edited_date":1780856289203,"polling_date":1763736316000,"permission_group":"johnyjurisich_CVCarbon,JJurisich_CVCarbon","lease_number":"32024","archive":null}},{"type":"Feature","id":1288,"geometry":{"type":"Point","coordinates":[-9976962.8976000007,3424533.9887000024]},"properties":{"OBJECTID":1288,"substrate":"Solid Reef","substrate_type":null,"buried_shell_depth":null,"water_depth":null,"GlobalID":"{53B6A44E-473A-4B41-B3A1-0D9BD4819423}","created_user":"johnyjurisich_CVCarbon","created_date":1763742919301,"last_edited_user":"jjordan_CVCarbon","last_edited_date":1780856289203,"polling_date":1763736312000,"permission_group":"johnyjurisich_CVCarbon,JJurisich_CVCarbon","lease_number":"32024","archive":null}},{"type":"Feature","id":1289,"geometry":{"type":"Point","coordinates":[-9976953.9697999991,3424523.3467999995]},"properties":{"OBJECTID":1289,"substrate":"Solid Reef","substrate_type":null,"buried_shell_depth":null,"water_depth":null,"GlobalID":"{931B907D-39D5-4782-9F97-58992CBAF288}","created_user":"johnyjurisich_CVCarbon","created_date":1763742919301,"last_edited_user":"jjordan_CVCarbon","last_edited_date":1780856289203,"polling_date":1763736308000,"permission_group":"johnyjurisich_CVCarbon,JJurisich_CVCarbon","lease_number":"32024","archive":null}},{"type":"Feature","id":1290,"geometry":{"type":"Point","coordinates":[-9976946.8118999992,3424512.4237999991]},"properties":{"OBJECTID":1290,"substrate":"Solid Reef","substrate_type":null,"buried_shell_depth":null,"water_depth":null,"GlobalID":"{1FB8606B-BED1-4BF6-808E-8BE0DA0776CD}","created_user":"johnyjurisich_CVCarbon","created_date":1763742919301,"last_edited_user":"jjordan_CVCarbon","last_edited_date":1780856289203,"polling_date":1763736304000,"permission_group":"johnyjurisich_CVCarbon,JJurisich_CVCarbon","lease_number":"32024","archive":null}},{"type":"Feature","id":1291,"geometry":{"type":"Point","coordinates":[-9976940.1995000001,3424503.2383000031]},"properties":{"OBJECTID":1291,"substrate":"Solid Reef","substrate_type":null,"buried_shell_depth":null,"water_depth":null,"GlobalID":"{B392E42F-EEE3-468D-930D-DA2D9147A753}","created_user":"johnyjurisich_CVCarbon","created_date":1763742919301,"last_edited_user":"jjordan_CVCarbon","last_edited_date":1780856289203,"polling_date":1763736300000,"permission_group":"johnyjurisich_CVCarbon,JJurisich_CVCarbon","lease_number":"32024","archive":null}},{"type":"Feature","id":1292,"geometry":{"type":"Point","coordinates":[-9976932.4406000003,3424491.6381999999]},"properties":{"OBJECTID":1292,"substrate":"Solid Reef","substrate_type":null,"buried_shell_depth":null,"water_depth":null,"GlobalID":"{75AB3049-002C-4EBB-B5DF-EF58B114CA85}","created_user":"johnyjurisich_CVCarbon","created_date":1763742919301,"last_edited_user":"jjordan_CVCarbon","last_edited_date":1780856289203,"polling_date":1763736296000,"permission_group":"johnyjurisich_CVCarbon,JJurisich_CVCarbon","lease_number":"32024","archive":null}},{"type":"Feature","id":1293,"geometry":{"type":"Point","coordinates":[-9976925.0377999991,3424480.7791000009]},"properties":{"OBJECTID":1293,"substrate":"Solid Reef","substrate_type":null,"buried_shell_depth":null,"water_depth":null,"GlobalID":"{32F497E1-594A-425A-AB35-4D1C46ED6053}","created_user":"johnyjurisich_CVCarbon","created_date":1763742919301,"last_edited_user":"jjordan_CVCarbon","last_edited_date":1780856289203,"polling_date":1763736292000,"permission_group":"johnyjurisich_CVCarbon,JJurisich_CVCarbon","lease_number":"32024","archive":null}},{"type":"Feature","id":1294,"geometry":{"type":"Point","coordinates":[-9976916.9003999997,3424470.3800000027]},"properties":{"OBJECTID":1294,"substrate":"Solid Reef","substrate_type":null,"buried_shell_depth":null,"water_depth":null,"GlobalID":"{5AAE4A89-0B0B-4215-97F9-CBF91419CA46}","created_user":"johnyjurisich_CVCarbon","created_date":1763742919301,"last_edited_user":"jjordan_CVCarbon","last_edited_date":1780856289203,"polling_date":1763736288000,"permission_group":"johnyjurisich_CVCarbon,JJurisich_CVCarbon","lease_number":"32024","archive":null}},{"type":"Feature","id":1295,"geometry":{"type":"Point","coordinates":[-9976909.0189999994,3424460.5556999967]},"properties":{"OBJECTID":1295,"substrate":"Solid Reef","substrate_type":null,"buried_shell_depth":null,"water_depth":null,"GlobalID":"{395E03C6-0AAE-450A-A679-1791D6B22828}","created_user":"johnyjurisich_CVCarbon","created_date":1763742919301,"last_edited_user":"jjordan_CVCarbon","last_edited_date":1780856289203,"polling_date":1763736284000,"permission_group":"johnyjurisich_CVCarbon,JJurisich_CVCarbon","lease_number":"32024","archive":null}},{"type":"Feature","id":1296,"geometry":{"type":"Point","coordinates":[-9976903.9761999995,3424453.2866000012]},"properties":{"OBJECTID":1296,"substrate":"Solid Reef","substrate_type":null,"buried_shell_depth":null,"water_depth":null,"GlobalID":"{B691C24D-8EB4-4000-AFF2-C4D1B8B556C5}","created_user":"johnyjurisich_CVCarbon","created_date":1763742919301,"last_edited_user":"jjordan_CVCarbon","last_edited_date":1780856289203,"polling_date":1763736281000,"permission_group":"johnyjurisich_CVCarbon,JJurisich_CVCarbon","lease_number":"32024","archive":null}},{"type":"Feature","id":1297,"geometry":{"type":"Point","coordinates":[-9976896.5066,3424443.1428999975]},"properties":{"OBJECTID":1297,"substrate":"Solid Reef","substrate_type":null,"buried_shell_depth":null,"water_depth":null,"GlobalID":"{F7FB05C4-0010-42C9-958B-3DA571018FF5}","created_user":"johnyjurisich_CVCarbon","created_date":1763742919301,"last_edited_user":"jjordan_CVCarbon","last_edited_date":1780856289203,"polling_date":1763736277000,"permission_group":"johnyjurisich_CVCarbon,JJurisich_CVCarbon","lease_number":"32024","archive":null}},{"type":"Feature","id":1298,"geometry":{"type":"Point","coordinates":[-9976888.9592000004,3424433.510300003]},"properties":{"OBJECTID":1298,"substrate":"Solid Reef","substrate_type":null,"buried_shell_depth":null,"water_depth":null,"GlobalID":"{97789DF1-9BF3-4F3C-B2E8-B7EBD41B8446}","created_user":"johnyjurisich_CVCarbon","created_date":1763742919301,"last_edited_user":"jjordan_CVCarbon","last_edited_date":1780856289203,"polling_date":1763736273000,"permission_group":"johnyjurisich_CVCarbon,JJurisich_CVCarbon","lease_number":"32024","archive":null}},{"type":"Feature","id":1299,"geometry":{"type":"Point","coordinates":[-9976887.0333999991,3424431.0446999967]},"properties":{"OBJECTID":1299,"substrate":"Solid Reef","substrate_type":null,"buried_shell_depth":null,"water_depth":null,"GlobalID":"{0A78FA76-7A5A-478A-858E-9687076B22A0}","created_user":"johnyjurisich_CVCarbon","created_date":1763742919301,"last_edited_user":"jjordan_CVCarbon","last_edited_date":1780856289203,"polling_date":1763736272000,"permission_group":"johnyjurisich_CVCarbon,JJurisich_CVCarbon","lease_number":"32024","archive":null}},{"type":"Feature","id":1300,"geometry":{"type":"Point","coordinates":[-9976873.4079,3424411.8306000009]},"properties":{"OBJECTID":1300,"substrate":"Solid Reef","substrate_type":null,"buried_shell_depth":null,"water_depth":null,"GlobalID":"{1EBCDE2B-250D-4996-832F-1AE1D1E3B81C}","created_user":"johnyjurisich_CVCarbon","created_date":1763742919301,"last_edited_user":"jjordan_CVCarbon","last_edited_date":1780856289203,"polling_date":1763736265000,"permission_group":"johnyjurisich_CVCarbon,JJurisich_CVCarbon","lease_number":"32024","archive":null}},{"type":"Feature","id":1301,"geometry":{"type":"Point","coordinates":[-9976866.6062000003,3424401.3932000026]},"properties":{"OBJECTID":1301,"substrate":"Solid Reef","substrate_type":null,"buried_shell_depth":null,"water_depth":null,"GlobalID":"{EA3001AD-65B0-427F-A7AE-4EAFEFE7C822}","created_user":"johnyjurisich_CVCarbon","created_date":1763742919301,"last_edited_user":"jjordan_CVCarbon","last_edited_date":1780856289203,"polling_date":1763736261000,"permission_group":"johnyjurisich_CVCarbon,JJurisich_CVCarbon","lease_number":"32024","archive":null}},{"type":"Feature","id":1302,"geometry":{"type":"Point","coordinates":[-9976859.2925000004,3424391.0962999985]},"properties":{"OBJECTID":1302,"substrate":"Solid Reef","substrate_type":null,"buried_shell_depth":null,"water_depth":null,"GlobalID":"{4EB979B7-8111-4880-8ED2-31CAF5216979}","created_user":"johnyjurisich_CVCarbon","created_date":1763742919301,"last_edited_user":"jjordan_CVCarbon","last_edited_date":1780856289203,"polling_date":1763736257000,"permission_group":"johnyjurisich_CVCarbon,JJurisich_CVCarbon","lease_number":"32024","archive":null}},{"type":"Feature","id":1303,"geometry":{"type":"Point","coordinates":[-9976854.2386000007,3424383.3672000021]},"properties":{"OBJECTID":1303,"substrate":"Solid Reef","substrate_type":null,"buried_shell_depth":null,"water_depth":null,"GlobalID":"{FF11BF6F-6C27-4AFB-A0F0-4C285FD6D1AC}","created_user":"johnyjurisich_CVCarbon","created_date":1763742919301,"last_edited_user":"jjordan_CVCarbon","last_edited_date":1780856289203,"polling_date":1763736254000,"permission_group":"johnyjurisich_CVCarbon,JJurisich_CVCarbon","lease_number":"32024","archive":null}},{"type":"Feature","id":1304,"geometry":{"type":"Point","coordinates":[-9976845.3219000008,3424371.1669000015]},"properties":{"OBJECTID":1304,"substrate":"Buried Shell","substrate_type":null,"buried_shell_depth":null,"water_depth":null,"GlobalID":"{ABA82839-6BEC-4BA4-98F3-AA1DEB8D7389}","created_user":"johnyjurisich_CVCarbon","created_date":1763742919301,"last_edited_user":"jjordan_CVCarbon","last_edited_date":1780856289203,"polling_date":1763736249000,"permission_group":"johnyjurisich_CVCarbon,JJurisich_CVCarbon","lease_number":"32024","archive":null}},{"type":"Feature","id":1305,"geometry":{"type":"Point","coordinates":[-9976835.5703999996,3424358.2383000031]},"properties":{"OBJECTID":1305,"substrate":"Buried Shell","substrate_type":null,"buried_shell_depth":null,"water_depth":null,"GlobalID":"{714A9234-B2B1-498F-922D-052CCD8452CA}","created_user":"johnyjurisich_CVCarbon","created_date":1763742919301,"last_edited_user":"jjordan_CVCarbon","last_edited_date":1780856289203,"polling_date":1763736244000,"permission_group":"johnyjurisich_CVCarbon,JJurisich_CVCarbon","lease_number":"32024","archive":null}},{"type":"Feature","id":1306,"geometry":{"type":"Point","coordinates":[-9976827.1656999998,3424344.4666000009]},"properties":{"OBJECTID":1306,"substrate":"Buried Shell","substrate_type":null,"buried_shell_depth":null,"water_depth":null,"GlobalID":"{1C9051CD-DFDA-444B-9DA8-805B07CD997C}","created_user":"johnyjurisich_CVCarbon","created_date":1763742919301,"last_edited_user":"jjordan_CVCarbon","last_edited_date":1780856289203,"polling_date":1763736239000,"permission_group":"johnyjurisich_CVCarbon,JJurisich_CVCarbon","lease_number":"32024","archive":null}},{"type":"Feature","id":1307,"geometry":{"type":"Point","coordinates":[-9976816.7685000002,3424327.8460000008]},"properties":{"OBJECTID":1307,"substrate":"Buried Shell","substrate_type":null,"buried_shell_depth":null,"water_depth":null,"GlobalID":"{5B33F407-96EB-4D33-B856-8E2B6D2C4D2E}","created_user":"johnyjurisich_CVCarbon","created_date":1763742919301,"last_edited_user":"jjordan_CVCarbon","last_edited_date":1780856289203,"polling_date":1763736233000,"permission_group":"johnyjurisich_CVCarbon,JJurisich_CVCarbon","lease_number":"32024","archive":null}},{"type":"Feature","id":1308,"geometry":{"type":"Point","coordinates":[-9976807.9743000008,3424314.6363999993]},"properties":{"OBJECTID":1308,"substrate":"Buried Shell","substrate_type":null,"buried_shell_depth":null,"water_depth":null,"GlobalID":"{3EB7D3AF-DB47-4276-8916-F2E4AD00D5CA}","created_user":"johnyjurisich_CVCarbon","created_date":1763742919301,"last_edited_user":"jjordan_CVCarbon","last_edited_date":1780856289203,"polling_date":1763736228000,"permission_group":"johnyjurisich_CVCarbon,JJurisich_CVCarbon","lease_number":"32024","archive":null}},{"type":"Feature","id":1309,"geometry":{"type":"Point","coordinates":[-9976800.3488999996,3424303.1643000022]},"properties":{"OBJECTID":1309,"substrate":"Buried Shell","substrate_type":null,"buried_shell_depth":null,"water_depth":null,"GlobalID":"{223F6942-871F-4335-B636-40D475BF7FC6}","created_user":"johnyjurisich_CVCarbon","created_date":1763742919301,"last_edited_user":"jjordan_CVCarbon","last_edited_date":1780856289203,"polling_date":1763736224000,"permission_group":"johnyjurisich_CVCarbon,JJurisich_CVCarbon","lease_number":"32024","archive":null}},{"type":"Feature","id":1310,"geometry":{"type":"Point","coordinates":[-9976789.4173000008,3424286.8247999996]},"properties":{"OBJECTID":1310,"substrate":"Buried Shell","substrate_type":null,"buried_shell_depth":null,"water_depth":null,"GlobalID":"{8AD2DFBE-7CB4-4EF1-B4F8-684C8585455F}","created_user":"johnyjurisich_CVCarbon","created_date":1763742919301,"last_edited_user":"jjordan_CVCarbon","last_edited_date":1780856289203,"polling_date":1763736218000,"permission_group":"johnyjurisich_CVCarbon,JJurisich_CVCarbon","lease_number":"32024","archive":null}},{"type":"Feature","id":1311,"geometry":{"type":"Point","coordinates":[-9976777.0274,3424268.5306999981]},"properties":{"OBJECTID":1311,"substrate":"Firm/Hard Bottom","substrate_type":null,"buried_shell_depth":null,"water_depth":null,"GlobalID":"{EA59D301-DBC0-4254-9E9D-BA31C55A18C7}","created_user":"johnyjurisich_CVCarbon","created_date":1763742919301,"last_edited_user":"jjordan_CVCarbon","last_edited_date":1780856289203,"polling_date":1763736211000,"permission_group":"johnyjurisich_CVCarbon,JJurisich_CVCarbon","lease_number":"32024","archive":null}},{"type":"Feature","id":1312,"geometry":{"type":"Point","coordinates":[-9976767.4317000005,3424255.1806999967]},"properties":{"OBJECTID":1312,"substrate":"Firm/Hard Bottom","substrate_type":null,"buried_shell_depth":null,"water_depth":null,"GlobalID":"{50BE9112-5EEC-4EA5-AE45-6AEF52DFC9A1}","created_user":"johnyjurisich_CVCarbon","created_date":1763742919301,"last_edited_user":"jjordan_CVCarbon","last_edited_date":1780856289203,"polling_date":1763736206000,"permission_group":"johnyjurisich_CVCarbon,JJurisich_CVCarbon","lease_number":"32024","archive":null}},{"type":"Feature","id":1313,"geometry":{"type":"Point","coordinates":[-9976757.9361000005,3424242.2010999992]},"properties":{"OBJECTID":1313,"substrate":"Firm/Hard Bottom","substrate_type":null,"buried_shell_depth":null,"water_depth":null,"GlobalID":"{24BE0700-BDC0-4974-BD22-C81E03D4BE47}","created_user":"johnyjurisich_CVCarbon","created_date":1763742919301,"last_edited_user":"jjordan_CVCarbon","last_edited_date":1780856289203,"polling_date":1763736201000,"permission_group":"johnyjurisich_CVCarbon,JJurisich_CVCarbon","lease_number":"32024","archive":null}},{"type":"Feature","id":1314,"geometry":{"type":"Point","coordinates":[-9976750.9008000009,3424232.0449000001]},"properties":{"OBJECTID":1314,"substrate":"Firm/Hard Bottom","substrate_type":null,"buried_shell_depth":null,"water_depth":null,"GlobalID":"{074243A8-A7D2-4EA7-83DD-C7CF5D51577B}","created_user":"johnyjurisich_CVCarbon","created_date":1763742919301,"last_edited_user":"jjordan_CVCarbon","last_edited_date":1780856289203,"polling_date":1763736197000,"permission_group":"johnyjurisich_CVCarbon,JJurisich_CVCarbon","lease_number":"32024","archive":null}},{"type":"Feature","id":1315,"geometry":{"type":"Point","coordinates":[-9976743.9878000002,3424221.5565000027]},"properties":{"OBJECTID":1315,"substrate":"Firm/Hard Bottom","substrate_type":null,"buried_shell_depth":null,"water_depth":null,"GlobalID":"{D8FCF3C4-3046-44AE-A126-5F583641124C}","created_user":"johnyjurisich_CVCarbon","created_date":1763742919301,"last_edited_user":"jjordan_CVCarbon","last_edited_date":1780856289203,"polling_date":1763736193000,"permission_group":"johnyjurisich_CVCarbon,JJurisich_CVCarbon","lease_number":"32024","archive":null}},{"type":"Feature","id":1316,"geometry":{"type":"Point","coordinates":[-9976735.7947000004,3424209.369099997]},"properties":{"OBJECTID":1316,"substrate":"Firm/Hard Bottom","substrate_type":null,"buried_shell_depth":null,"water_depth":null,"GlobalID":"{789FF0FF-D9A1-4585-8B4F-2C17CC8C23DA}","created_user":"johnyjurisich_CVCarbon","created_date":1763742919301,"last_edited_user":"jjordan_CVCarbon","last_edited_date":1780856289203,"polling_date":1763736188000,"permission_group":"johnyjurisich_CVCarbon,JJurisich_CVCarbon","lease_number":"32024","archive":null}},{"type":"Feature","id":1317,"geometry":{"type":"Point","coordinates":[-9976728.8706,3424198.8423999995]},"properties":{"OBJECTID":1317,"substrate":"Firm/Hard Bottom","substrate_type":null,"buried_shell_depth":null,"water_depth":null,"GlobalID":"{45E561B1-1C27-40DE-BF12-D5D8BA2748E7}","created_user":"johnyjurisich_CVCarbon","created_date":1763742919301,"last_edited_user":"jjordan_CVCarbon","last_edited_date":1780856289203,"polling_date":1763736184000,"permission_group":"johnyjurisich_CVCarbon,JJurisich_CVCarbon","lease_number":"32024","archive":null}},{"type":"Feature","id":1318,"geometry":{"type":"Point","coordinates":[-9976721.6126000006,3424188.3923999965]},"properties":{"OBJECTID":1318,"substrate":"Firm/Hard Bottom","substrate_type":null,"buried_shell_depth":null,"water_depth":null,"GlobalID":"{CA80F1E4-1F1E-4F44-8138-C03F2E397B6C}","created_user":"johnyjurisich_CVCarbon","created_date":1763742919301,"last_edited_user":"jjordan_CVCarbon","last_edited_date":1780856289203,"polling_date":1763736180000,"permission_group":"johnyjurisich_CVCarbon,JJurisich_CVCarbon","lease_number":"32024","archive":null}},{"type":"Feature","id":1319,"geometry":{"type":"Point","coordinates":[-9976716.3916999996,3424180.5612000003]},"properties":{"OBJECTID":1319,"substrate":"Firm/Hard Bottom","substrate_type":null,"buried_shell_depth":null,"water_depth":null,"GlobalID":"{2357EEB2-9FEC-4B10-A80B-50B759C65A61}","created_user":"johnyjurisich_CVCarbon","created_date":1763742919301,"last_edited_user":"jjordan_CVCarbon","last_edited_date":1780856289203,"polling_date":1763736177000,"permission_group":"johnyjurisich_CVCarbon,JJurisich_CVCarbon","lease_number":"32024","archive":null}},{"type":"Feature","id":1320,"geometry":{"type":"Point","coordinates":[-9976705.4824000001,3424165.3589000031]},"properties":{"OBJECTID":1320,"substrate":"Mud","substrate_type":null,"buried_shell_depth":null,"water_depth":null,"GlobalID":"{388E007A-9BDE-43AD-88F1-95BFA24362CD}","created_user":"johnyjurisich_CVCarbon","created_date":1763742919301,"last_edited_user":"jjordan_CVCarbon","last_edited_date":1780856289203,"polling_date":1763736171000,"permission_group":"johnyjurisich_CVCarbon,JJurisich_CVCarbon","lease_number":"32024","archive":null}},{"type":"Feature","id":1321,"geometry":{"type":"Point","coordinates":[-9976696.2763,3424152.8520999998]},"properties":{"OBJECTID":1321,"substrate":"Mud","substrate_type":null,"buried_shell_depth":null,"water_depth":null,"GlobalID":"{394A13A8-AC69-4285-B5DF-9A25C2DC3031}","created_user":"johnyjurisich_CVCarbon","created_date":1763742919301,"last_edited_user":"jjordan_CVCarbon","last_edited_date":1780856289203,"polling_date":1763736166000,"permission_group":"johnyjurisich_CVCarbon,JJurisich_CVCarbon","lease_number":"32024","archive":null}},{"type":"Feature","id":1322,"geometry":{"type":"Point","coordinates":[-9976684.6545000002,3424143.2069000006]},"properties":{"OBJECTID":1322,"substrate":"Mud","substrate_type":null,"buried_shell_depth":null,"water_depth":null,"GlobalID":"{C6EF912D-A839-4FB2-B3C5-A1A9CBCB2EFE}","created_user":"johnyjurisich_CVCarbon","created_date":1763742919301,"last_edited_user":"jjordan_CVCarbon","last_edited_date":1780856289203,"polling_date":1763736161000,"permission_group":"johnyjurisich_CVCarbon,JJurisich_CVCarbon","lease_number":"32024","archive":null}},{"type":"Feature","id":1323,"geometry":{"type":"Point","coordinates":[-9976671.6969000008,3424136.5639000013]},"properties":{"OBJECTID":1323,"substrate":"Mud","substrate_type":null,"buried_shell_depth":null,"water_depth":null,"GlobalID":"{04768BE1-F2A6-4491-B7D0-793EB656A592}","created_user":"johnyjurisich_CVCarbon","created_date":1763742919301,"last_edited_user":"jjordan_CVCarbon","last_edited_date":1780856289203,"polling_date":1763736156000,"permission_group":"johnyjurisich_CVCarbon,JJurisich_CVCarbon","lease_number":"32024","archive":null}},{"type":"Feature","id":1324,"geometry":{"type":"Point","coordinates":[-9976660.1975999996,3424135.6569000036]},"properties":{"OBJECTID":1324,"substrate":"Mud","substrate_type":null,"buried_shell_depth":null,"water_depth":null,"GlobalID":"{C614DB83-62BA-47E6-BDE6-5988E15B3332}","created_user":"johnyjurisich_CVCarbon","created_date":1763742919301,"last_edited_user":"jjordan_CVCarbon","last_edited_date":1780856289203,"polling_date":1763736152000,"permission_group":"johnyjurisich_CVCarbon,JJurisich_CVCarbon","lease_number":"32024","archive":null}},{"type":"Feature","id":1325,"geometry":{"type":"Point","coordinates":[-9976649.7002000008,3424137.8669999987]},"properties":{"OBJECTID":1325,"substrate":"Mud","substrate_type":null,"buried_shell_depth":null,"water_depth":null,"GlobalID":"{BCD13F83-3845-4E46-8B71-72372E72A369}","created_user":"johnyjurisich_CVCarbon","created_date":1763742919301,"last_edited_user":"jjordan_CVCarbon","last_edited_date":1780856289203,"polling_date":1763736148000,"permission_group":"johnyjurisich_CVCarbon,JJurisich_CVCarbon","lease_number":"32024","archive":null}},{"type":"Feature","id":1326,"geometry":{"type":"Point","coordinates":[-9976672.2423999999,3424150.386500001]},"properties":{"OBJECTID":1326,"substrate":"Mud","substrate_type":null,"buried_shell_depth":null,"water_depth":null,"GlobalID":"{924D9E9A-25B8-4686-8F81-6BD98A3B6877}","created_user":"johnyjurisich_CVCarbon","created_date":1763742919301,"last_edited_user":"jjordan_CVCarbon","last_edited_date":1780856289203,"polling_date":1763736111000,"permission_group":"johnyjurisich_CVCarbon,JJurisich_CVCarbon","lease_number":"32024","archive":null}},{"type":"Feature","id":1327,"geometry":{"type":"Point","coordinates":[-9976661.8785999995,3424139.4637999982]},"properties":{"OBJECTID":1327,"substrate":"Mud","substrate_type":null,"buried_shell_depth":null,"water_depth":null,"GlobalID":"{1BD4BE05-BA7F-4487-A271-8A5EBC8F2102}","created_user":"johnyjurisich_CVCarbon","created_date":1763742919301,"last_edited_user":"jjordan_CVCarbon","last_edited_date":1780856289203,"polling_date":1763736104000,"permission_group":"johnyjurisich_CVCarbon,JJurisich_CVCarbon","lease_number":"32024","archive":null}},{"type":"Feature","id":1328,"geometry":{"type":"Point","coordinates":[-9976657.3701000009,3424138.9144999981]},"properties":{"OBJECTID":1328,"substrate":"Firm/Hard Bottom","substrate_type":null,"buried_shell_depth":null,"water_depth":null,"GlobalID":"{82D67B89-E0E7-41BC-9A45-612004D6617A}","created_user":"johnyjurisich_CVCarbon","created_date":1763742919301,"last_edited_user":"jjordan_CVCarbon","last_edited_date":1780856289203,"polling_date":1763736102000,"permission_group":"johnyjurisich_CVCarbon,JJurisich_CVCarbon","lease_number":"32024","archive":null}},{"type":"Feature","id":1329,"geometry":{"type":"Point","coordinates":[-9976680.6581999995,3424208.5769999996]},"properties":{"OBJECTID":1329,"substrate":"Firm/Hard Bottom","substrate_type":null,"buried_shell_depth":null,"water_depth":null,"GlobalID":"{CF827C89-160F-4F22-B491-59E7288265A2}","created_user":"johnyjurisich_CVCarbon","created_date":1763742919301,"last_edited_user":"jjordan_CVCarbon","last_edited_date":1780856289203,"polling_date":1763736070000,"permission_group":"johnyjurisich_CVCarbon,JJurisich_CVCarbon","lease_number":"32024","archive":null}},{"type":"Feature","id":1330,"geometry":{"type":"Point","coordinates":[-9976684.3093999997,3424213.5209999979]},"properties":{"OBJECTID":1330,"substrate":"Firm/Hard Bottom","substrate_type":null,"buried_shell_depth":null,"water_depth":null,"GlobalID":"{6882824D-7884-4789-A64A-525EB39EB7FA}","created_user":"johnyjurisich_CVCarbon","created_date":1763742919301,"last_edited_user":"jjordan_CVCarbon","last_edited_date":1780856289203,"polling_date":1763736068000,"permission_group":"johnyjurisich_CVCarbon,JJurisich_CVCarbon","lease_number":"32024","archive":null}},{"type":"Feature","id":1331,"geometry":{"type":"Point","coordinates":[-9976698.1241999995,3424233.0414000005]},"properties":{"OBJECTID":1331,"substrate":"Buried Shell","substrate_type":null,"buried_shell_depth":null,"water_depth":null,"GlobalID":"{645A7408-B650-416E-BCAB-D5542A3834D7}","created_user":"johnyjurisich_CVCarbon","created_date":1763742919301,"last_edited_user":"jjordan_CVCarbon","last_edited_date":1780856289203,"polling_date":1763736060000,"permission_group":"johnyjurisich_CVCarbon,JJurisich_CVCarbon","lease_number":"32024","archive":null}},{"type":"Feature","id":1332,"geometry":{"type":"Point","coordinates":[-9976703.6345000006,3424240.259300001]},"properties":{"OBJECTID":1332,"substrate":"Buried Shell","substrate_type":null,"buried_shell_depth":null,"water_depth":null,"GlobalID":"{0568EF7F-9F0C-4493-A747-22B5D0E3AA80}","created_user":"johnyjurisich_CVCarbon","created_date":1763742919301,"last_edited_user":"jjordan_CVCarbon","last_edited_date":1780856289203,"polling_date":1763736057000,"permission_group":"johnyjurisich_CVCarbon,JJurisich_CVCarbon","lease_number":"32024","archive":null}},{"type":"Feature","id":1333,"geometry":{"type":"Point","coordinates":[-9976712.8850999996,3424252.9323000014]},"properties":{"OBJECTID":1333,"substrate":"Buried Shell","substrate_type":null,"buried_shell_depth":null,"water_depth":null,"GlobalID":"{C7795ECB-BAE6-429C-B262-BA4801C8840A}","created_user":"johnyjurisich_CVCarbon","created_date":1763742919301,"last_edited_user":"jjordan_CVCarbon","last_edited_date":1780856289203,"polling_date":1763736052000,"permission_group":"johnyjurisich_CVCarbon,JJurisich_CVCarbon","lease_number":"32024","archive":null}},{"type":"Feature","id":1334,"geometry":{"type":"Point","coordinates":[-9976720.2211000007,3424263.3567999974]},"properties":{"OBJECTID":1334,"substrate":"Buried Shell","substrate_type":null,"buried_shell_depth":null,"water_depth":null,"GlobalID":"{AED2F986-7587-4071-A04F-F31DF947CED0}","created_user":"johnyjurisich_CVCarbon","created_date":1763742919301,"last_edited_user":"jjordan_CVCarbon","last_edited_date":1780856289203,"polling_date":1763736048000,"permission_group":"johnyjurisich_CVCarbon,JJurisich_CVCarbon","lease_number":"32024","archive":null}},{"type":"Feature","id":1335,"geometry":{"type":"Point","coordinates":[-9976727.3789000008,3424273.3470000029]},"properties":{"OBJECTID":1335,"substrate":"Buried Shell","substrate_type":null,"buried_shell_depth":null,"water_depth":null,"GlobalID":"{85AF4A71-2CF4-4432-813E-02119883C0A4}","created_user":"johnyjurisich_CVCarbon","created_date":1763742919301,"last_edited_user":"jjordan_CVCarbon","last_edited_date":1780856289203,"polling_date":1763736044000,"permission_group":"johnyjurisich_CVCarbon,JJurisich_CVCarbon","lease_number":"32024","archive":null}},{"type":"Feature","id":1336,"geometry":{"type":"Point","coordinates":[-9976743.3756000008,3424294.5793000013]},"properties":{"OBJECTID":1336,"substrate":"Buried Shell","substrate_type":null,"buried_shell_depth":null,"water_depth":null,"GlobalID":"{BDBF5D1B-203A-4AF2-980B-E9053F242B4C}","created_user":"johnyjurisich_CVCarbon","created_date":1763742919301,"last_edited_user":"jjordan_CVCarbon","last_edited_date":1780856289203,"polling_date":1763736035000,"permission_group":"johnyjurisich_CVCarbon,JJurisich_CVCarbon","lease_number":"32024","archive":null}},{"type":"Feature","id":1337,"geometry":{"type":"Point","coordinates":[-9976750.3552999999,3424304.1096000001]},"properties":{"OBJECTID":1337,"substrate":"Buried Shell","substrate_type":null,"buried_shell_depth":null,"water_depth":null,"GlobalID":"{454BDBFC-DC9F-419B-94E8-78C7F70E6CC2}","created_user":"johnyjurisich_CVCarbon","created_date":1763742919301,"last_edited_user":"jjordan_CVCarbon","last_edited_date":1780856289203,"polling_date":1763736031000,"permission_group":"johnyjurisich_CVCarbon,JJurisich_CVCarbon","lease_number":"32024","archive":null}},{"type":"Feature","id":1338,"geometry":{"type":"Point","coordinates":[-9976761.2756999992,3424319.3249000013]},"properties":{"OBJECTID":1338,"substrate":"Buried Shell","substrate_type":null,"buried_shell_depth":null,"water_depth":null,"GlobalID":"{A82A5830-C849-49D2-A9FC-0F85EB95F5F6}","created_user":"johnyjurisich_CVCarbon","created_date":1763742945762,"last_edited_user":"jjordan_CVCarbon","last_edited_date":1780856289203,"polling_date":1763736025000,"permission_group":"johnyjurisich_CVCarbon,JJurisich_CVCarbon","lease_number":"32024","archive":null}},{"type":"Feature","id":1339,"geometry":{"type":"Point","coordinates":[-9976768.3444999997,3424328.9063000008]},"properties":{"OBJECTID":1339,"substrate":"Solid Reef","substrate_type":null,"buried_shell_depth":null,"water_depth":null,"GlobalID":"{449CFF07-A83B-4EDF-BA2D-7BBC762BAFA5}","created_user":"johnyjurisich_CVCarbon","created_date":1763742945762,"last_edited_user":"jjordan_CVCarbon","last_edited_date":1780856289203,"polling_date":1763736021000,"permission_group":"johnyjurisich_CVCarbon,JJurisich_CVCarbon","lease_number":"32024","archive":null}},{"type":"Feature","id":1340,"geometry":{"type":"Point","coordinates":[-9976776.7046000008,3424341.1067000031]},"properties":{"OBJECTID":1340,"substrate":"Buried Shell","substrate_type":null,"buried_shell_depth":null,"water_depth":null,"GlobalID":"{9AA55450-3D9B-4806-8302-C6268BDAD3A6}","created_user":"johnyjurisich_CVCarbon","created_date":1763742945762,"last_edited_user":"jjordan_CVCarbon","last_edited_date":1780856289203,"polling_date":1763736016000,"permission_group":"johnyjurisich_CVCarbon,JJurisich_CVCarbon","lease_number":"32024","archive":null}},{"type":"Feature","id":1341,"geometry":{"type":"Point","coordinates":[-9976786.1778999995,3424352.3616999984]},"properties":{"OBJECTID":1341,"substrate":"Buried Shell","substrate_type":null,"buried_shell_depth":null,"water_depth":null,"GlobalID":"{79F6A875-CB17-4C5E-8D9F-19448741F2B6}","created_user":"johnyjurisich_CVCarbon","created_date":1763742945762,"last_edited_user":"jjordan_CVCarbon","last_edited_date":1780856289203,"polling_date":1763736011000,"permission_group":"johnyjurisich_CVCarbon,JJurisich_CVCarbon","lease_number":"32024","archive":null}},{"type":"Feature","id":1342,"geometry":{"type":"Point","coordinates":[-9976796.7978000008,3424366.7211000025]},"properties":{"OBJECTID":1342,"substrate":"Buried Shell","substrate_type":null,"buried_shell_depth":null,"water_depth":null,"GlobalID":"{3F5F623B-A324-4E72-B6B4-1971D3B85EFF}","created_user":"johnyjurisich_CVCarbon","created_date":1763742945762,"last_edited_user":"jjordan_CVCarbon","last_edited_date":1780856289203,"polling_date":1763736005000,"permission_group":"johnyjurisich_CVCarbon,JJurisich_CVCarbon","lease_number":"32024","archive":null}},{"type":"Feature","id":1343,"geometry":{"type":"Point","coordinates":[-9976800.1596000008,3424371.818400003]},"properties":{"OBJECTID":1343,"substrate":"Solid Reef","substrate_type":null,"buried_shell_depth":null,"water_depth":null,"GlobalID":"{122481DA-C5B8-4C30-8244-29B3D619B1C6}","created_user":"johnyjurisich_CVCarbon","created_date":1763742945762,"last_edited_user":"jjordan_CVCarbon","last_edited_date":1780856289203,"polling_date":1763736003000,"permission_group":"johnyjurisich_CVCarbon,JJurisich_CVCarbon","lease_number":"32024","archive":null}},{"type":"Feature","id":1344,"geometry":{"type":"Point","coordinates":[-9976807.4065000005,3424381.1316]},"properties":{"OBJECTID":1344,"substrate":"Solid Reef","substrate_type":null,"buried_shell_depth":null,"water_depth":null,"GlobalID":"{2A3E0FE0-F17E-42D0-BBB8-FB136C3B4903}","created_user":"johnyjurisich_CVCarbon","created_date":1763742945762,"last_edited_user":"jjordan_CVCarbon","last_edited_date":1780856289203,"polling_date":1763735999000,"permission_group":"johnyjurisich_CVCarbon,JJurisich_CVCarbon","lease_number":"32024","archive":null}},{"type":"Feature","id":1345,"geometry":{"type":"Point","coordinates":[-9976812.2043999992,3424388.0301999971]},"properties":{"OBJECTID":1345,"substrate":"Solid Reef","substrate_type":null,"buried_shell_depth":null,"water_depth":null,"GlobalID":"{3BD9D500-1F16-437C-B1B4-86A411DACF55}","created_user":"johnyjurisich_CVCarbon","created_date":1763742945762,"last_edited_user":"jjordan_CVCarbon","last_edited_date":1780856289203,"polling_date":1763735996000,"permission_group":"johnyjurisich_CVCarbon,JJurisich_CVCarbon","lease_number":"32024","archive":null}},{"type":"Feature","id":1346,"geometry":{"type":"Point","coordinates":[-9976817.2138,3424395.5803999975]},"properties":{"OBJECTID":1346,"substrate":"Solid Reef","substrate_type":null,"buried_shell_depth":null,"water_depth":null,"GlobalID":"{55B1D4EB-DD66-45DB-B4E8-EE3CFA24CCDE}","created_user":"johnyjurisich_CVCarbon","created_date":1763742945762,"last_edited_user":"jjordan_CVCarbon","last_edited_date":1780856289203,"polling_date":1763735993000,"permission_group":"johnyjurisich_CVCarbon,JJurisich_CVCarbon","lease_number":"32024","archive":null}},{"type":"Feature","id":1347,"geometry":{"type":"Point","coordinates":[-9976822.6907000002,3424403.1689999998]},"properties":{"OBJECTID":1347,"substrate":"Solid Reef","substrate_type":null,"buried_shell_depth":null,"water_depth":null,"GlobalID":"{58D62A3F-02B0-47BF-90A4-84E25C475B61}","created_user":"johnyjurisich_CVCarbon","created_date":1763742945762,"last_edited_user":"jjordan_CVCarbon","last_edited_date":1780856289203,"polling_date":1763735990000,"permission_group":"johnyjurisich_CVCarbon,JJurisich_CVCarbon","lease_number":"32024","archive":null}},{"type":"Feature","id":1348,"geometry":{"type":"Point","coordinates":[-9976828.0451999996,3424411.0512999967]},"properties":{"OBJECTID":1348,"substrate":"Solid Reef","substrate_type":null,"buried_shell_depth":null,"water_depth":null,"GlobalID":"{89DFC051-2320-49A7-940B-434E142F51F9}","created_user":"johnyjurisich_CVCarbon","created_date":1763742945762,"last_edited_user":"jjordan_CVCarbon","last_edited_date":1780856289203,"polling_date":1763735987000,"permission_group":"johnyjurisich_CVCarbon,JJurisich_CVCarbon","lease_number":"32024","archive":null}},{"type":"Feature","id":1349,"geometry":{"type":"Point","coordinates":[-9976833.0990999993,3424418.3716000021]},"properties":{"OBJECTID":1349,"substrate":"Solid Reef","substrate_type":null,"buried_shell_depth":null,"water_depth":null,"GlobalID":"{F0E0D9C6-7DA6-438D-95FA-69EA54F2A58C}","created_user":"johnyjurisich_CVCarbon","created_date":1763742945762,"last_edited_user":"jjordan_CVCarbon","last_edited_date":1780856289203,"polling_date":1763735984000,"permission_group":"johnyjurisich_CVCarbon,JJurisich_CVCarbon","lease_number":"32024","archive":null}},{"type":"Feature","id":1350,"geometry":{"type":"Point","coordinates":[-9976837.7744999994,3424425.436300002]},"properties":{"OBJECTID":1350,"substrate":"Solid Reef","substrate_type":null,"buried_shell_depth":null,"water_depth":null,"GlobalID":"{38290A42-2F16-45FE-A7E3-AE28BFEB400C}","created_user":"johnyjurisich_CVCarbon","created_date":1763742945762,"last_edited_user":"jjordan_CVCarbon","last_edited_date":1780856289203,"polling_date":1763735981000,"permission_group":"johnyjurisich_CVCarbon,JJurisich_CVCarbon","lease_number":"32024","archive":null}},{"type":"Feature","id":1351,"geometry":{"type":"Point","coordinates":[-9976841.6707000006,3424430.4443000033]},"properties":{"OBJECTID":1351,"substrate":"Solid Reef","substrate_type":null,"buried_shell_depth":null,"water_depth":null,"GlobalID":"{5FC7DE79-2B8B-4ECC-8C91-F1FC04DCD073}","created_user":"johnyjurisich_CVCarbon","created_date":1763742945762,"last_edited_user":"jjordan_CVCarbon","last_edited_date":1780856289203,"polling_date":1763735979000,"permission_group":"johnyjurisich_CVCarbon,JJurisich_CVCarbon","lease_number":"32024","archive":null}},{"type":"Feature","id":1352,"geometry":{"type":"Point","coordinates":[-9976847.1364999991,3424438.0710999966]},"properties":{"OBJECTID":1352,"substrate":"Solid Reef","substrate_type":null,"buried_shell_depth":null,"water_depth":null,"GlobalID":"{AB03B371-5B52-4C38-B621-43C3FDD997E3}","created_user":"johnyjurisich_CVCarbon","created_date":1763742945762,"last_edited_user":"jjordan_CVCarbon","last_edited_date":1780856289203,"polling_date":1763735976000,"permission_group":"johnyjurisich_CVCarbon,JJurisich_CVCarbon","lease_number":"32024","archive":null}},{"type":"Feature","id":1353,"geometry":{"type":"Point","coordinates":[-9976852.4019000009,3424445.5446999967]},"properties":{"OBJECTID":1353,"substrate":"Solid Reef","substrate_type":null,"buried_shell_depth":null,"water_depth":null,"GlobalID":"{06E0067B-7DAD-4EEC-82BD-F0140E2F8321}","created_user":"johnyjurisich_CVCarbon","created_date":1763742945762,"last_edited_user":"jjordan_CVCarbon","last_edited_date":1780856289203,"polling_date":1763735973000,"permission_group":"johnyjurisich_CVCarbon,JJurisich_CVCarbon","lease_number":"32024","archive":null}},{"type":"Feature","id":1354,"geometry":{"type":"Point","coordinates":[-9976857.2219999991,3424452.7628000006]},"properties":{"OBJECTID":1354,"substrate":"Solid Reef","substrate_type":null,"buried_shell_depth":null,"water_depth":null,"GlobalID":"{B7108CD7-3D83-4E84-9C18-CD528136FF81}","created_user":"johnyjurisich_CVCarbon","created_date":1763742945762,"last_edited_user":"jjordan_CVCarbon","last_edited_date":1780856289203,"polling_date":1763735970000,"permission_group":"johnyjurisich_CVCarbon,JJurisich_CVCarbon","lease_number":"32024","archive":null}},{"type":"Feature","id":1355,"geometry":{"type":"Point","coordinates":[-9976860.6394999996,3424457.8857000023]},"properties":{"OBJECTID":1355,"substrate":"Solid Reef","substrate_type":null,"buried_shell_depth":null,"water_depth":null,"GlobalID":"{AA4BB1A9-29BE-4166-899E-48012B8B7A89}","created_user":"johnyjurisich_CVCarbon","created_date":1763742945762,"last_edited_user":"jjordan_CVCarbon","last_edited_date":1780856289203,"polling_date":1763735968000,"permission_group":"johnyjurisich_CVCarbon,JJurisich_CVCarbon","lease_number":"32024","archive":null}},{"type":"Feature","id":1356,"geometry":{"type":"Point","coordinates":[-9976874.1425999999,3424475.3624000028]},"properties":{"OBJECTID":1356,"substrate":"Solid Reef","substrate_type":null,"buried_shell_depth":null,"water_depth":null,"GlobalID":"{C2C57287-EBE5-4244-BE80-B9F9D3DE0D7F}","created_user":"johnyjurisich_CVCarbon","created_date":1763742945762,"last_edited_user":"jjordan_CVCarbon","last_edited_date":1780856289203,"polling_date":1763735961000,"permission_group":"johnyjurisich_CVCarbon,JJurisich_CVCarbon","lease_number":"32024","archive":null}},{"type":"Feature","id":1357,"geometry":{"type":"Point","coordinates":[-9976881.6455000006,3424484.6884000003]},"properties":{"OBJECTID":1357,"substrate":"Solid Reef","substrate_type":null,"buried_shell_depth":null,"water_depth":null,"GlobalID":"{67F3B69F-C23F-448A-AAD6-054A9CD5F119}","created_user":"johnyjurisich_CVCarbon","created_date":1763742945762,"last_edited_user":"jjordan_CVCarbon","last_edited_date":1780856289203,"polling_date":1763735957000,"permission_group":"johnyjurisich_CVCarbon,JJurisich_CVCarbon","lease_number":"32024","archive":null}},{"type":"Feature","id":1358,"geometry":{"type":"Point","coordinates":[-9976891.0408999994,3424496.8888999969]},"properties":{"OBJECTID":1358,"substrate":"Solid Reef","substrate_type":null,"buried_shell_depth":null,"water_depth":null,"GlobalID":"{71A7A369-4EEB-454A-8B37-30580316AA82}","created_user":"johnyjurisich_CVCarbon","created_date":1763742945762,"last_edited_user":"jjordan_CVCarbon","last_edited_date":1780856289203,"polling_date":1763735952000,"permission_group":"johnyjurisich_CVCarbon,JJurisich_CVCarbon","lease_number":"32024","archive":null}},{"type":"Feature","id":1359,"geometry":{"type":"Point","coordinates":[-9976894.9704,3424501.9095999971]},"properties":{"OBJECTID":1359,"substrate":"Solid Reef","substrate_type":null,"buried_shell_depth":null,"water_depth":null,"GlobalID":"{3805E45F-0C2B-49D0-82AA-220BBC081DB6}","created_user":"johnyjurisich_CVCarbon","created_date":1763742945762,"last_edited_user":"jjordan_CVCarbon","last_edited_date":1780856289203,"polling_date":1763735950000,"permission_group":"johnyjurisich_CVCarbon,JJurisich_CVCarbon","lease_number":"32024","archive":null}},{"type":"Feature","id":1360,"geometry":{"type":"Point","coordinates":[-9976900.2136000004,3424509.5877000019]},"properties":{"OBJECTID":1360,"substrate":"Solid Reef","substrate_type":null,"buried_shell_depth":null,"water_depth":null,"GlobalID":"{FDB0E09D-A4CB-40FD-8802-40853E347FE2}","created_user":"johnyjurisich_CVCarbon","created_date":1763742945762,"last_edited_user":"jjordan_CVCarbon","last_edited_date":1780856289203,"polling_date":1763735947000,"permission_group":"johnyjurisich_CVCarbon,JJurisich_CVCarbon","lease_number":"32024","archive":null}},{"type":"Feature","id":1361,"geometry":{"type":"Point","coordinates":[-9976906.4809000008,3424518.2876999974]},"properties":{"OBJECTID":1361,"substrate":"Solid Reef","substrate_type":null,"buried_shell_depth":null,"water_depth":null,"GlobalID":"{1A673285-E78E-47B6-A993-A6BE4D2A5B18}","created_user":"johnyjurisich_CVCarbon","created_date":1763742945762,"last_edited_user":"jjordan_CVCarbon","last_edited_date":1780856289203,"polling_date":1763735943000,"permission_group":"johnyjurisich_CVCarbon,JJurisich_CVCarbon","lease_number":"32024","archive":null}},{"type":"Feature","id":1362,"geometry":{"type":"Point","coordinates":[-9976911.3901000004,3424525.4035999998]},"properties":{"OBJECTID":1362,"substrate":"Solid Reef","substrate_type":null,"buried_shell_depth":null,"water_depth":null,"GlobalID":"{E9B65266-62F9-4E92-BFA4-23558B14534F}","created_user":"johnyjurisich_CVCarbon","created_date":1763742945762,"last_edited_user":"jjordan_CVCarbon","last_edited_date":1780856289203,"polling_date":1763735940000,"permission_group":"johnyjurisich_CVCarbon,JJurisich_CVCarbon","lease_number":"32024","archive":null}},{"type":"Feature","id":1363,"geometry":{"type":"Point","coordinates":[-9976918.2028000001,3424535.3940000013]},"properties":{"OBJECTID":1363,"substrate":"Solid Reef","substrate_type":null,"buried_shell_depth":null,"water_depth":null,"GlobalID":"{213D48EE-2F8B-4F9D-BEF4-73BCF21A0F70}","created_user":"johnyjurisich_CVCarbon","created_date":1763742945762,"last_edited_user":"jjordan_CVCarbon","last_edited_date":1780856289203,"polling_date":1763735936000,"permission_group":"johnyjurisich_CVCarbon,JJurisich_CVCarbon","lease_number":"32024","archive":null}},{"type":"Feature","id":1364,"geometry":{"type":"Point","coordinates":[-9976927.3088000007,3424547.1984999999]},"properties":{"OBJECTID":1364,"substrate":"Solid Reef","substrate_type":null,"buried_shell_depth":null,"water_depth":null,"GlobalID":"{369B8C83-869E-494F-B12D-274AFCC9E3B0}","created_user":"johnyjurisich_CVCarbon","created_date":1763742945762,"last_edited_user":"jjordan_CVCarbon","last_edited_date":1780856289203,"polling_date":1763735931000,"permission_group":"johnyjurisich_CVCarbon,JJurisich_CVCarbon","lease_number":"32024","archive":null}},{"type":"Feature","id":1365,"geometry":{"type":"Point","coordinates":[-9976936.8487999998,3424558.4791999981]},"properties":{"OBJECTID":1365,"substrate":"Solid Reef","substrate_type":null,"buried_shell_depth":null,"water_depth":null,"GlobalID":"{1A79EF6A-30FF-48B0-825A-40AD22818C31}","created_user":"johnyjurisich_CVCarbon","created_date":1763742945762,"last_edited_user":"jjordan_CVCarbon","last_edited_date":1780856289203,"polling_date":1763735926000,"permission_group":"johnyjurisich_CVCarbon,JJurisich_CVCarbon","lease_number":"32024","archive":null}},{"type":"Feature","id":1366,"geometry":{"type":"Point","coordinates":[-9976944.5966999996,3424568.5974000022]},"properties":{"OBJECTID":1366,"substrate":"Scattered Shell","substrate_type":null,"buried_shell_depth":null,"water_depth":null,"GlobalID":"{1B31D4E8-0CFC-4F5B-841C-4FE5D901B819}","created_user":"johnyjurisich_CVCarbon","created_date":1763742945762,"last_edited_user":"jjordan_CVCarbon","last_edited_date":1780856289203,"polling_date":1763735922000,"permission_group":"johnyjurisich_CVCarbon,JJurisich_CVCarbon","lease_number":"32024","archive":null}},{"type":"Feature","id":1367,"geometry":{"type":"Point","coordinates":[-9976951.7990000006,3424578.8178000003]},"properties":{"OBJECTID":1367,"substrate":"Buried Shell","substrate_type":null,"buried_shell_depth":null,"water_depth":null,"GlobalID":"{79C1989B-C432-4E88-AA72-6E983E675907}","created_user":"johnyjurisich_CVCarbon","created_date":1763742945762,"last_edited_user":"jjordan_CVCarbon","last_edited_date":1780856289203,"polling_date":1763735918000,"permission_group":"johnyjurisich_CVCarbon,JJurisich_CVCarbon","lease_number":"32024","archive":null}},{"type":"Feature","id":1368,"geometry":{"type":"Point","coordinates":[-9976961.9179999996,3424593.317900002]},"properties":{"OBJECTID":1368,"substrate":"Buried Shell","substrate_type":null,"buried_shell_depth":null,"water_depth":null,"GlobalID":"{DDA18545-7684-4546-BB0F-017CAC5F2303}","created_user":"johnyjurisich_CVCarbon","created_date":1763742945762,"last_edited_user":"jjordan_CVCarbon","last_edited_date":1780856289203,"polling_date":1763735912000,"permission_group":"johnyjurisich_CVCarbon,JJurisich_CVCarbon","lease_number":"32024","archive":null}},{"type":"Feature","id":1369,"geometry":{"type":"Point","coordinates":[-9976972.5044999998,3424607.0388000011]},"properties":{"OBJECTID":1369,"substrate":"Buried Shell","substrate_type":null,"buried_shell_depth":null,"water_depth":null,"GlobalID":"{530E568B-9F59-473D-8A33-F34CC898F525}","created_user":"johnyjurisich_CVCarbon","created_date":1763742945762,"last_edited_user":"jjordan_CVCarbon","last_edited_date":1780856289203,"polling_date":1763735906000,"permission_group":"johnyjurisich_CVCarbon,JJurisich_CVCarbon","lease_number":"32024","archive":null}},{"type":"Feature","id":1370,"geometry":{"type":"Point","coordinates":[-9976981.3878000006,3424619.4183000028]},"properties":{"OBJECTID":1370,"substrate":"Buried Shell","substrate_type":null,"buried_shell_depth":null,"water_depth":null,"GlobalID":"{03A0AD29-CEC3-452C-89C9-B0B3E6E399BF}","created_user":"johnyjurisich_CVCarbon","created_date":1763742945762,"last_edited_user":"jjordan_CVCarbon","last_edited_date":1780856289203,"polling_date":1763735901000,"permission_group":"johnyjurisich_CVCarbon,JJurisich_CVCarbon","lease_number":"32024","archive":null}},{"type":"Feature","id":1371,"geometry":{"type":"Point","coordinates":[-9976988.8238999993,3424629.0126999989]},"properties":{"OBJECTID":1371,"substrate":"Buried Shell","substrate_type":null,"buried_shell_depth":null,"water_depth":null,"GlobalID":"{81C78C3B-72CC-4119-891B-E426D5AC43C1}","created_user":"johnyjurisich_CVCarbon","created_date":1763742945762,"last_edited_user":"jjordan_CVCarbon","last_edited_date":1780856289203,"polling_date":1763735897000,"permission_group":"johnyjurisich_CVCarbon,JJurisich_CVCarbon","lease_number":"32024","archive":null}},{"type":"Feature","id":1372,"geometry":{"type":"Point","coordinates":[-9977001.5811000001,3424645.1353999972]},"properties":{"OBJECTID":1372,"substrate":"Scattered Shell","substrate_type":null,"buried_shell_depth":null,"water_depth":null,"GlobalID":"{FDA34630-D0A6-4D9F-AF22-37B03AEF3C9A}","created_user":"johnyjurisich_CVCarbon","created_date":1763742945762,"last_edited_user":"jjordan_CVCarbon","last_edited_date":1780856289203,"polling_date":1763735890000,"permission_group":"johnyjurisich_CVCarbon,JJurisich_CVCarbon","lease_number":"32024","archive":null}},{"type":"Feature","id":1373,"geometry":{"type":"Point","coordinates":[-9977008.2269000001,3424654.9725999981]},"properties":{"OBJECTID":1373,"substrate":"Solid Reef","substrate_type":null,"buried_shell_depth":null,"water_depth":null,"GlobalID":"{6FCA992C-34BA-4EF9-B0D2-DBDE6C575938}","created_user":"johnyjurisich_CVCarbon","created_date":1763742945762,"last_edited_user":"jjordan_CVCarbon","last_edited_date":1780856289203,"polling_date":1763735886000,"permission_group":"johnyjurisich_CVCarbon,JJurisich_CVCarbon","lease_number":"32024","archive":null}},{"type":"Feature","id":1374,"geometry":{"type":"Point","coordinates":[-9977017.0099999998,3424667.185999997]},"properties":{"OBJECTID":1374,"substrate":"Scattered Shell","substrate_type":null,"buried_shell_depth":null,"water_depth":null,"GlobalID":"{21253098-1ED0-4E2B-89E7-B4261C34A957}","created_user":"johnyjurisich_CVCarbon","created_date":1763742945762,"last_edited_user":"jjordan_CVCarbon","last_edited_date":1780856289203,"polling_date":1763735881000,"permission_group":"johnyjurisich_CVCarbon,JJurisich_CVCarbon","lease_number":"32024","archive":null}},{"type":"Feature","id":1375,"geometry":{"type":"Point","coordinates":[-9977026.8839999996,3424678.7224000022]},"properties":{"OBJECTID":1375,"substrate":"Scattered Shell","substrate_type":null,"buried_shell_depth":null,"water_depth":null,"GlobalID":"{8629694F-B2A1-4AA3-83C3-B7C110E7204B}","created_user":"johnyjurisich_CVCarbon","created_date":1763742945762,"last_edited_user":"jjordan_CVCarbon","last_edited_date":1780856289203,"polling_date":1763735876000,"permission_group":"johnyjurisich_CVCarbon,JJurisich_CVCarbon","lease_number":"32024","archive":null}},{"type":"Feature","id":1376,"geometry":{"type":"Point","coordinates":[-9977034.977,3424688.2784999982]},"properties":{"OBJECTID":1376,"substrate":"Solid Reef","substrate_type":null,"buried_shell_depth":null,"water_depth":null,"GlobalID":"{45B8AFBC-4DF8-4087-9184-18E30639F7B3}","created_user":"johnyjurisich_CVCarbon","created_date":1763742945762,"last_edited_user":"jjordan_CVCarbon","last_edited_date":1780856289203,"polling_date":1763735872000,"permission_group":"johnyjurisich_CVCarbon,JJurisich_CVCarbon","lease_number":"32024","archive":null}},{"type":"Feature","id":1377,"geometry":{"type":"Point","coordinates":[-9977044.0384,3424700.1215000004]},"properties":{"OBJECTID":1377,"substrate":"Solid Reef","substrate_type":null,"buried_shell_depth":null,"water_depth":null,"GlobalID":"{4CC4C9BC-8DC2-41F4-B640-2F89AB7FC99F}","created_user":"johnyjurisich_CVCarbon","created_date":1763742945762,"last_edited_user":"jjordan_CVCarbon","last_edited_date":1780856289203,"polling_date":1763735867000,"permission_group":"johnyjurisich_CVCarbon,JJurisich_CVCarbon","lease_number":"32024","archive":null}},{"type":"Feature","id":1378,"geometry":{"type":"Point","coordinates":[-9977053.9013,3424712.1432999969]},"properties":{"OBJECTID":1378,"substrate":"Solid Reef","substrate_type":null,"buried_shell_depth":null,"water_depth":null,"GlobalID":"{B63BAC7D-0742-4446-8445-F3BABDA00FCB}","created_user":"johnyjurisich_CVCarbon","created_date":1763742945762,"last_edited_user":"jjordan_CVCarbon","last_edited_date":1780856289203,"polling_date":1763735862000,"permission_group":"johnyjurisich_CVCarbon,JJurisich_CVCarbon","lease_number":"32024","archive":null}},{"type":"Feature","id":1379,"geometry":{"type":"Point","coordinates":[-9977063.3189000003,3424724.701700002]},"properties":{"OBJECTID":1379,"substrate":"Solid Reef","substrate_type":null,"buried_shell_depth":null,"water_depth":null,"GlobalID":"{00D94087-55F4-4BA7-A980-C1D3232F387A}","created_user":"johnyjurisich_CVCarbon","created_date":1763742945762,"last_edited_user":"jjordan_CVCarbon","last_edited_date":1780856289203,"polling_date":1763735857000,"permission_group":"johnyjurisich_CVCarbon,JJurisich_CVCarbon","lease_number":"32024","archive":null}},{"type":"Feature","id":1380,"geometry":{"type":"Point","coordinates":[-9977068.4953000005,3424732.6608999968]},"properties":{"OBJECTID":1380,"substrate":"Solid Reef","substrate_type":null,"buried_shell_depth":null,"water_depth":null,"GlobalID":"{5D35960D-7EBC-4371-AC96-867EAEFE0982}","created_user":"johnyjurisich_CVCarbon","created_date":1763742945762,"last_edited_user":"jjordan_CVCarbon","last_edited_date":1780856289203,"polling_date":1763735854000,"permission_group":"johnyjurisich_CVCarbon,JJurisich_CVCarbon","lease_number":"32024","archive":null}},{"type":"Feature","id":1381,"geometry":{"type":"Point","coordinates":[-9977086.6292000003,3424756.7175000012]},"properties":{"OBJECTID":1381,"substrate":"Scattered Shell","substrate_type":null,"buried_shell_depth":null,"water_depth":null,"GlobalID":"{BDA322F3-34CE-48FA-9A19-D4CF06BA4201}","created_user":"johnyjurisich_CVCarbon","created_date":1763742945762,"last_edited_user":"jjordan_CVCarbon","last_edited_date":1780856289203,"polling_date":1763735844000,"permission_group":"johnyjurisich_CVCarbon,JJurisich_CVCarbon","lease_number":"32024","archive":null}},{"type":"Feature","id":1382,"geometry":{"type":"Point","coordinates":[-9977092.8297000006,3424766.3759000003]},"properties":{"OBJECTID":1382,"substrate":"Firm/Hard Bottom","substrate_type":null,"buried_shell_depth":null,"water_depth":null,"GlobalID":"{196FB56B-6A4B-4594-9BA7-25C7CDBB4537}","created_user":"johnyjurisich_CVCarbon","created_date":1763742945762,"last_edited_user":"jjordan_CVCarbon","last_edited_date":1780856289203,"polling_date":1763735840000,"permission_group":"johnyjurisich_CVCarbon,JJurisich_CVCarbon","lease_number":"32024","archive":null}},{"type":"Feature","id":1383,"geometry":{"type":"Point","coordinates":[-9977101.8911000006,3424779.943599999]},"properties":{"OBJECTID":1383,"substrate":"Firm/Hard Bottom","substrate_type":null,"buried_shell_depth":null,"water_depth":null,"GlobalID":"{6BC3FD7A-ECED-46F8-8855-09CB42466936}","created_user":"johnyjurisich_CVCarbon","created_date":1763742945762,"last_edited_user":"jjordan_CVCarbon","last_edited_date":1780856289203,"polling_date":1763735834000,"permission_group":"johnyjurisich_CVCarbon,JJurisich_CVCarbon","lease_number":"32024","archive":null}},{"type":"Feature","id":1384,"geometry":{"type":"Point","coordinates":[-9977109.2381999996,3424792.8853999972]},"properties":{"OBJECTID":1384,"substrate":"Firm/Hard Bottom","substrate_type":null,"buried_shell_depth":null,"water_depth":null,"GlobalID":"{753476AB-A98C-417A-8A56-C59D7A367277}","created_user":"johnyjurisich_CVCarbon","created_date":1763742945762,"last_edited_user":"jjordan_CVCarbon","last_edited_date":1780856289203,"polling_date":1763735828000,"permission_group":"johnyjurisich_CVCarbon,JJurisich_CVCarbon","lease_number":"32024","archive":null}},{"type":"Feature","id":1385,"geometry":{"type":"Point","coordinates":[-9977107.5015999991,3424800.9724000022]},"properties":{"OBJECTID":1385,"substrate":"Firm/Hard Bottom","substrate_type":null,"buried_shell_depth":null,"water_depth":null,"GlobalID":"{49599A7E-428C-48E9-8409-985E00A03210}","created_user":"johnyjurisich_CVCarbon","created_date":1763742945762,"last_edited_user":"jjordan_CVCarbon","last_edited_date":1780856289203,"polling_date":1763735824000,"permission_group":"johnyjurisich_CVCarbon,JJurisich_CVCarbon","lease_number":"32024","archive":null}},{"type":"Feature","id":1386,"geometry":{"type":"Point","coordinates":[-9977104.4068999998,3424806.1849000007]},"properties":{"OBJECTID":1386,"substrate":"Firm/Hard Bottom","substrate_type":null,"buried_shell_depth":null,"water_depth":null,"GlobalID":"{5429BBCD-CE74-4F93-84B4-22CBFCEB588D}","created_user":"johnyjurisich_CVCarbon","created_date":1763742945762,"last_edited_user":"jjordan_CVCarbon","last_edited_date":1780856289203,"polling_date":1763735821000,"permission_group":"johnyjurisich_CVCarbon,JJurisich_CVCarbon","lease_number":"32024","archive":null}},{"type":"Feature","id":1387,"geometry":{"type":"Point","coordinates":[-9977094.5885000005,3424810.9246999994]},"properties":{"OBJECTID":1387,"substrate":"Firm/Hard Bottom","substrate_type":null,"buried_shell_depth":null,"water_depth":null,"GlobalID":"{D22C1CE3-24D1-46E3-8BEB-317E4D808943}","created_user":"johnyjurisich_CVCarbon","created_date":1763742945762,"last_edited_user":"jjordan_CVCarbon","last_edited_date":1780856289203,"polling_date":1763735816000,"permission_group":"johnyjurisich_CVCarbon,JJurisich_CVCarbon","lease_number":"32024","archive":null}},{"type":"Feature","id":1388,"geometry":{"type":"Point","coordinates":[-9976354.7815000005,3424481.4689999968]},"properties":{"OBJECTID":1388,"substrate":"Buried Shell","substrate_type":null,"buried_shell_depth":null,"water_depth":null,"GlobalID":"{FE0BABF0-36A3-4997-9597-2E15D2803678}","created_user":"johnyjurisich_CVCarbon","created_date":1763742972451,"last_edited_user":"jjordan_CVCarbon","last_edited_date":1780856289203,"polling_date":1763738583000,"permission_group":"johnyjurisich_CVCarbon,JJurisich_CVCarbon","lease_number":"32024","archive":null}},{"type":"Feature","id":1389,"geometry":{"type":"Point","coordinates":[-9976362.2732999995,3424490.9738999978]},"properties":{"OBJECTID":1389,"substrate":"Firm/Hard Bottom","substrate_type":null,"buried_shell_depth":null,"water_depth":null,"GlobalID":"{6C7F4CF5-BDE4-46E2-8381-815AA7DD8DB0}","created_user":"johnyjurisich_CVCarbon","created_date":1763742972451,"last_edited_user":"jjordan_CVCarbon","last_edited_date":1780856289203,"polling_date":1763738579000,"permission_group":"johnyjurisich_CVCarbon,JJurisich_CVCarbon","lease_number":"32024","archive":null}},{"type":"Feature","id":1390,"geometry":{"type":"Point","coordinates":[-9976375.6094000004,3424507.0837000012]},"properties":{"OBJECTID":1390,"substrate":"Buried Shell","substrate_type":null,"buried_shell_depth":null,"water_depth":null,"GlobalID":"{E576A6AD-270A-457D-BBFE-4984010BA70A}","created_user":"johnyjurisich_CVCarbon","created_date":1763742972451,"last_edited_user":"jjordan_CVCarbon","last_edited_date":1780856289203,"polling_date":1763738572000,"permission_group":"johnyjurisich_CVCarbon,JJurisich_CVCarbon","lease_number":"32024","archive":null}},{"type":"Feature","id":1391,"geometry":{"type":"Point","coordinates":[-9976384.4481000006,3424519.2841999978]},"properties":{"OBJECTID":1391,"substrate":"Buried Shell","substrate_type":null,"buried_shell_depth":null,"water_depth":null,"GlobalID":"{5A1CABE2-A879-426A-9E2C-C7E35B89B370}","created_user":"johnyjurisich_CVCarbon","created_date":1763742972451,"last_edited_user":"jjordan_CVCarbon","last_edited_date":1780856289203,"polling_date":1763738567000,"permission_group":"johnyjurisich_CVCarbon,JJurisich_CVCarbon","lease_number":"32024","archive":null}},{"type":"Feature","id":1392,"geometry":{"type":"Point","coordinates":[-9976393.1198999994,3424530.7947999984]},"properties":{"OBJECTID":1392,"substrate":"Buried Shell","substrate_type":null,"buried_shell_depth":null,"water_depth":null,"GlobalID":"{7BA9C304-BB90-43BE-B4F8-2BF7A1B92C64}","created_user":"johnyjurisich_CVCarbon","created_date":1763742972451,"last_edited_user":"jjordan_CVCarbon","last_edited_date":1780856289203,"polling_date":1763738562000,"permission_group":"johnyjurisich_CVCarbon,JJurisich_CVCarbon","lease_number":"32024","archive":null}},{"type":"Feature","id":1393,"geometry":{"type":"Point","coordinates":[-9976402.8826000001,3424542.6248999983]},"properties":{"OBJECTID":1393,"substrate":"Solid Reef","substrate_type":null,"buried_shell_depth":null,"water_depth":null,"GlobalID":"{0F5BBD80-9FFF-40AA-A460-24E51A067135}","created_user":"johnyjurisich_CVCarbon","created_date":1763742972451,"last_edited_user":"jjordan_CVCarbon","last_edited_date":1780856289203,"polling_date":1763738556000,"permission_group":"johnyjurisich_CVCarbon,JJurisich_CVCarbon","lease_number":"32024","archive":null}},{"type":"Feature","id":1394,"geometry":{"type":"Point","coordinates":[-9976407.7807,3424548.8210000023]},"properties":{"OBJECTID":1394,"substrate":"Solid Reef","substrate_type":null,"buried_shell_depth":null,"water_depth":null,"GlobalID":"{1A10A654-4BEC-463D-9156-21282C9B9B73}","created_user":"johnyjurisich_CVCarbon","created_date":1763742972451,"last_edited_user":"jjordan_CVCarbon","last_edited_date":1780856289203,"polling_date":1763738553000,"permission_group":"johnyjurisich_CVCarbon,JJurisich_CVCarbon","lease_number":"32024","archive":null}},{"type":"Feature","id":1395,"geometry":{"type":"Point","coordinates":[-9976415.3059,3424557.4443999976]},"properties":{"OBJECTID":1395,"substrate":"Buried Shell","substrate_type":null,"buried_shell_depth":null,"water_depth":null,"GlobalID":"{9F188161-87FA-498C-8DAA-D4006DC284AD}","created_user":"johnyjurisich_CVCarbon","created_date":1763742972451,"last_edited_user":"jjordan_CVCarbon","last_edited_date":1780856289203,"polling_date":1763738549000,"permission_group":"johnyjurisich_CVCarbon,JJurisich_CVCarbon","lease_number":"32024","archive":null}},{"type":"Feature","id":1396,"geometry":{"type":"Point","coordinates":[-9976425.3803000003,3424568.6102000028]},"properties":{"OBJECTID":1396,"substrate":"Firm/Hard Bottom","substrate_type":null,"buried_shell_depth":null,"water_depth":null,"GlobalID":"{E50F5189-6A37-4649-ADC9-C1A2C73849E4}","created_user":"johnyjurisich_CVCarbon","created_date":1763742972451,"last_edited_user":"jjordan_CVCarbon","last_edited_date":1780856289203,"polling_date":1763738544000,"permission_group":"johnyjurisich_CVCarbon,JJurisich_CVCarbon","lease_number":"32024","archive":null}},{"type":"Feature","id":1397,"geometry":{"type":"Point","coordinates":[-9976441.1876999997,3424583.4553000033]},"properties":{"OBJECTID":1397,"substrate":"Firm/Hard Bottom","substrate_type":null,"buried_shell_depth":null,"water_depth":null,"GlobalID":"{9EDDA7C9-87E7-4D67-82E6-B11A4AC41C4D}","created_user":"johnyjurisich_CVCarbon","created_date":1763742972451,"last_edited_user":"jjordan_CVCarbon","last_edited_date":1780856289203,"polling_date":1763738537000,"permission_group":"johnyjurisich_CVCarbon,JJurisich_CVCarbon","lease_number":"32024","archive":null}},{"type":"Feature","id":1398,"geometry":{"type":"Point","coordinates":[-9976450.0821000002,3424591.1972000003]},"properties":{"OBJECTID":1398,"substrate":"Firm/Hard Bottom","substrate_type":null,"buried_shell_depth":null,"water_depth":null,"GlobalID":"{98C4FE45-0D89-4DCB-914E-FD932998A1CE}","created_user":"johnyjurisich_CVCarbon","created_date":1763742972451,"last_edited_user":"jjordan_CVCarbon","last_edited_date":1780856289203,"polling_date":1763738533000,"permission_group":"johnyjurisich_CVCarbon,JJurisich_CVCarbon","lease_number":"32024","archive":null}},{"type":"Feature","id":1399,"geometry":{"type":"Point","coordinates":[-9976484.2794000003,3424608.9296000004]},"properties":{"OBJECTID":1399,"substrate":"Buried Shell","substrate_type":null,"buried_shell_depth":null,"water_depth":null,"GlobalID":"{4258B1CC-6C16-452B-87C8-4879C913A9AB}","created_user":"johnyjurisich_CVCarbon","created_date":1763742972451,"last_edited_user":"jjordan_CVCarbon","last_edited_date":1780856289203,"polling_date":1763738462000,"permission_group":"johnyjurisich_CVCarbon,JJurisich_CVCarbon","lease_number":"32024","archive":null}},{"type":"Feature","id":1400,"geometry":{"type":"Point","coordinates":[-9976471.5333999991,3424592.5769999996]},"properties":{"OBJECTID":1400,"substrate":"Buried Shell","substrate_type":null,"buried_shell_depth":null,"water_depth":null,"GlobalID":"{153F3ADD-95A8-4490-9C2C-F7844A50DC83}","created_user":"johnyjurisich_CVCarbon","created_date":1763742972451,"last_edited_user":"jjordan_CVCarbon","last_edited_date":1780856289203,"polling_date":1763738456000,"permission_group":"johnyjurisich_CVCarbon,JJurisich_CVCarbon","lease_number":"32024","archive":null}},{"type":"Feature","id":1401,"geometry":{"type":"Point","coordinates":[-9976454.7686000001,3424570.0793000013]},"properties":{"OBJECTID":1401,"substrate":"Buried Shell","substrate_type":null,"buried_shell_depth":null,"water_depth":null,"GlobalID":"{4C3E7FF0-483F-4626-9CCF-E01D5A64E2B9}","created_user":"johnyjurisich_CVCarbon","created_date":1763742972451,"last_edited_user":"jjordan_CVCarbon","last_edited_date":1780856289203,"polling_date":1763738447000,"permission_group":"johnyjurisich_CVCarbon,JJurisich_CVCarbon","lease_number":"32024","archive":null}},{"type":"Feature","id":1402,"geometry":{"type":"Point","coordinates":[-9976447.2991000004,3424559.2458000034]},"properties":{"OBJECTID":1402,"substrate":"Buried Shell","substrate_type":null,"buried_shell_depth":null,"water_depth":null,"GlobalID":"{C44DEF48-BA6F-4CCF-AA14-6A64F40D5552}","created_user":"johnyjurisich_CVCarbon","created_date":1763742972451,"last_edited_user":"jjordan_CVCarbon","last_edited_date":1780856289203,"polling_date":1763738443000,"permission_group":"johnyjurisich_CVCarbon,JJurisich_CVCarbon","lease_number":"32024","archive":null}},{"type":"Feature","id":1403,"geometry":{"type":"Point","coordinates":[-9976438.0819000006,3424547.4029000029]},"properties":{"OBJECTID":1403,"substrate":"Buried Shell","substrate_type":null,"buried_shell_depth":null,"water_depth":null,"GlobalID":"{AD2BBC13-57CF-4EE5-902C-EEC80B6D9588}","created_user":"johnyjurisich_CVCarbon","created_date":1763742972451,"last_edited_user":"jjordan_CVCarbon","last_edited_date":1780856289203,"polling_date":1763738438000,"permission_group":"johnyjurisich_CVCarbon,JJurisich_CVCarbon","lease_number":"32024","archive":null}},{"type":"Feature","id":1404,"geometry":{"type":"Point","coordinates":[-9976427.2504999992,3424535.3172999993]},"properties":{"OBJECTID":1404,"substrate":"Buried Shell","substrate_type":null,"buried_shell_depth":null,"water_depth":null,"GlobalID":"{5F2EE9B6-A1A5-4AE2-8D3D-97FC12227ECE}","created_user":"johnyjurisich_CVCarbon","created_date":1763742972451,"last_edited_user":"jjordan_CVCarbon","last_edited_date":1780856289203,"polling_date":1763738433000,"permission_group":"johnyjurisich_CVCarbon,JJurisich_CVCarbon","lease_number":"32024","archive":null}},{"type":"Feature","id":1405,"geometry":{"type":"Point","coordinates":[-9976415.6175999995,3424519.9613000005]},"properties":{"OBJECTID":1405,"substrate":"Firm/Hard Bottom","substrate_type":null,"buried_shell_depth":null,"water_depth":null,"GlobalID":"{A1A2F14D-C833-4FD9-84AF-7517EE8DE2C9}","created_user":"johnyjurisich_CVCarbon","created_date":1763742972451,"last_edited_user":"jjordan_CVCarbon","last_edited_date":1780856289203,"polling_date":1763738427000,"permission_group":"johnyjurisich_CVCarbon,JJurisich_CVCarbon","lease_number":"32024","archive":null}},{"type":"Feature","id":1406,"geometry":{"type":"Point","coordinates":[-9976408.2370999996,3424509.8047999963]},"properties":{"OBJECTID":1406,"substrate":"Firm/Hard Bottom","substrate_type":null,"buried_shell_depth":null,"water_depth":null,"GlobalID":"{6B08CD10-4C6B-4F27-9AE3-711D7CBEE800}","created_user":"johnyjurisich_CVCarbon","created_date":1763742972451,"last_edited_user":"jjordan_CVCarbon","last_edited_date":1780856289203,"polling_date":1763738423000,"permission_group":"johnyjurisich_CVCarbon,JJurisich_CVCarbon","lease_number":"32024","archive":null}},{"type":"Feature","id":1407,"geometry":{"type":"Point","coordinates":[-9976399.4985000007,3424499.9804999977]},"properties":{"OBJECTID":1407,"substrate":"Firm/Hard Bottom","substrate_type":null,"buried_shell_depth":null,"water_depth":null,"GlobalID":"{AA2E3949-3EE5-47C0-864F-E4610917020B}","created_user":"johnyjurisich_CVCarbon","created_date":1763742972451,"last_edited_user":"jjordan_CVCarbon","last_edited_date":1780856289203,"polling_date":1763738419000,"permission_group":"johnyjurisich_CVCarbon,JJurisich_CVCarbon","lease_number":"32024","archive":null}},{"type":"Feature","id":1408,"geometry":{"type":"Point","coordinates":[-9976389.2570999991,3424488.329400003]},"properties":{"OBJECTID":1408,"substrate":"Firm/Hard Bottom","substrate_type":null,"buried_shell_depth":null,"water_depth":null,"GlobalID":"{68A94D2E-53C2-49D0-8342-33B2177A40E4}","created_user":"johnyjurisich_CVCarbon","created_date":1763742972451,"last_edited_user":"jjordan_CVCarbon","last_edited_date":1780856289203,"polling_date":1763738414000,"permission_group":"johnyjurisich_CVCarbon,JJurisich_CVCarbon","lease_number":"32024","archive":null}},{"type":"Feature","id":1409,"geometry":{"type":"Point","coordinates":[-9976383.1568,3424481.5967999995]},"properties":{"OBJECTID":1409,"substrate":"Firm/Hard Bottom","substrate_type":null,"buried_shell_depth":null,"water_depth":null,"GlobalID":"{8E7B65D6-2174-4324-8E7C-8B2CF420593C}","created_user":"johnyjurisich_CVCarbon","created_date":1763742972451,"last_edited_user":"jjordan_CVCarbon","last_edited_date":1780856289203,"polling_date":1763738411000,"permission_group":"johnyjurisich_CVCarbon,JJurisich_CVCarbon","lease_number":"32024","archive":null}},{"type":"Feature","id":1410,"geometry":{"type":"Point","coordinates":[-9976406.0998,3424463.6473999992]},"properties":{"OBJECTID":1410,"substrate":"Solid Reef","substrate_type":null,"buried_shell_depth":null,"water_depth":null,"GlobalID":"{B52FE73E-7708-4AD1-A1A0-4F94BCC9F46B}","created_user":"johnyjurisich_CVCarbon","created_date":1763742972451,"last_edited_user":"jjordan_CVCarbon","last_edited_date":1780856289203,"polling_date":1763738377000,"permission_group":"johnyjurisich_CVCarbon,JJurisich_CVCarbon","lease_number":"32024","archive":null}},{"type":"Feature","id":1411,"geometry":{"type":"Point","coordinates":[-9976414.0480000004,3424478.9011999965]},"properties":{"OBJECTID":1411,"substrate":"Solid Reef","substrate_type":null,"buried_shell_depth":null,"water_depth":null,"GlobalID":"{8AB07C08-90A7-45AA-899E-89834A5F09B5}","created_user":"johnyjurisich_CVCarbon","created_date":1763742972451,"last_edited_user":"jjordan_CVCarbon","last_edited_date":1780856289203,"polling_date":1763738371000,"permission_group":"johnyjurisich_CVCarbon,JJurisich_CVCarbon","lease_number":"32024","archive":null}},{"type":"Feature","id":1412,"geometry":{"type":"Point","coordinates":[-9976422.1297999993,3424494.7043000013]},"properties":{"OBJECTID":1412,"substrate":"Solid Reef","substrate_type":null,"buried_shell_depth":null,"water_depth":null,"GlobalID":"{D02A8ADC-E544-4860-BE49-7C95225FB0BE}","created_user":"johnyjurisich_CVCarbon","created_date":1763742972451,"last_edited_user":"jjordan_CVCarbon","last_edited_date":1780856289203,"polling_date":1763738365000,"permission_group":"johnyjurisich_CVCarbon,JJurisich_CVCarbon","lease_number":"32024","archive":null}},{"type":"Feature","id":1413,"geometry":{"type":"Point","coordinates":[-9976427.0945999995,3424503.9536999986]},"properties":{"OBJECTID":1413,"substrate":"Buried Shell","substrate_type":null,"buried_shell_depth":null,"water_depth":null,"GlobalID":"{D74A3DF7-3603-4E78-AB37-B2136B8EDD58}","created_user":"johnyjurisich_CVCarbon","created_date":1763742972451,"last_edited_user":"jjordan_CVCarbon","last_edited_date":1780856289203,"polling_date":1763738361000,"permission_group":"johnyjurisich_CVCarbon,JJurisich_CVCarbon","lease_number":"32024","archive":null}},{"type":"Feature","id":1414,"geometry":{"type":"Point","coordinates":[-9976433.0724999998,3424516.6014000028]},"properties":{"OBJECTID":1414,"substrate":"Scattered Shell","substrate_type":null,"buried_shell_depth":null,"water_depth":null,"GlobalID":"{3146B9DD-984A-44B3-9387-B62E8C856773}","created_user":"johnyjurisich_CVCarbon","created_date":1763742972451,"last_edited_user":"jjordan_CVCarbon","last_edited_date":1780856289203,"polling_date":1763738356000,"permission_group":"johnyjurisich_CVCarbon,JJurisich_CVCarbon","lease_number":"32024","archive":null}},{"type":"Feature","id":1415,"geometry":{"type":"Point","coordinates":[-9976439.6403000001,3424529.4151000008]},"properties":{"OBJECTID":1415,"substrate":"Scattered Shell","substrate_type":null,"buried_shell_depth":null,"water_depth":null,"GlobalID":"{D6D13E20-693F-4E02-A843-B234E53A6B5D}","created_user":"johnyjurisich_CVCarbon","created_date":1763742972451,"last_edited_user":"jjordan_CVCarbon","last_edited_date":1780856289203,"polling_date":1763738351000,"permission_group":"johnyjurisich_CVCarbon,JJurisich_CVCarbon","lease_number":"32024","archive":null}},{"type":"Feature","id":1416,"geometry":{"type":"Point","coordinates":[-9976444.8835000005,3424540.0314999968]},"properties":{"OBJECTID":1416,"substrate":"Solid Reef","substrate_type":null,"buried_shell_depth":null,"water_depth":null,"GlobalID":"{6C4E9F57-175E-4863-842B-92D65E25A895}","created_user":"johnyjurisich_CVCarbon","created_date":1763742972451,"last_edited_user":"jjordan_CVCarbon","last_edited_date":1780856289203,"polling_date":1763738347000,"permission_group":"johnyjurisich_CVCarbon,JJurisich_CVCarbon","lease_number":"32024","archive":null}},{"type":"Feature","id":1417,"geometry":{"type":"Point","coordinates":[-9976452.8317000009,3424554.5571999997]},"properties":{"OBJECTID":1417,"substrate":"Solid Reef","substrate_type":null,"buried_shell_depth":null,"water_depth":null,"GlobalID":"{7B8DE8EB-E13D-41C9-961C-E8A72470BE52}","created_user":"johnyjurisich_CVCarbon","created_date":1763742972451,"last_edited_user":"jjordan_CVCarbon","last_edited_date":1780856289203,"polling_date":1763738341000,"permission_group":"johnyjurisich_CVCarbon,JJurisich_CVCarbon","lease_number":"32024","archive":null}},{"type":"Feature","id":1418,"geometry":{"type":"Point","coordinates":[-9976460.3124000002,3424569.7854999974]},"properties":{"OBJECTID":1418,"substrate":"Scattered Shell","substrate_type":null,"buried_shell_depth":null,"water_depth":null,"GlobalID":"{21B034BD-47AE-4252-B9B0-0DD1576C98D8}","created_user":"johnyjurisich_CVCarbon","created_date":1763742972451,"last_edited_user":"jjordan_CVCarbon","last_edited_date":1780856289203,"polling_date":1763738335000,"permission_group":"johnyjurisich_CVCarbon,JJurisich_CVCarbon","lease_number":"32024","archive":null}},{"type":"Feature","id":1419,"geometry":{"type":"Point","coordinates":[-9976467.5814999994,3424582.8548000008]},"properties":{"OBJECTID":1419,"substrate":"Scattered Shell","substrate_type":null,"buried_shell_depth":null,"water_depth":null,"GlobalID":"{E3A42A94-6117-4432-B6D8-A3512B732A79}","created_user":"johnyjurisich_CVCarbon","created_date":1763742972451,"last_edited_user":"jjordan_CVCarbon","last_edited_date":1780856289203,"polling_date":1763738330000,"permission_group":"johnyjurisich_CVCarbon,JJurisich_CVCarbon","lease_number":"32024","archive":null}},{"type":"Feature","id":1420,"geometry":{"type":"Point","coordinates":[-9976473.5482000001,3424593.3307000026]},"properties":{"OBJECTID":1420,"substrate":"Solid Reef","substrate_type":null,"buried_shell_depth":null,"water_depth":null,"GlobalID":"{1779E5CA-5033-4F5B-AD44-B0545D9220D2}","created_user":"johnyjurisich_CVCarbon","created_date":1763742972451,"last_edited_user":"jjordan_CVCarbon","last_edited_date":1780856289203,"polling_date":1763738326000,"permission_group":"johnyjurisich_CVCarbon,JJurisich_CVCarbon","lease_number":"32024","archive":null}},{"type":"Feature","id":1421,"geometry":{"type":"Point","coordinates":[-9976480.6059000008,3424606.9622000009]},"properties":{"OBJECTID":1421,"substrate":"Scattered Shell","substrate_type":null,"buried_shell_depth":null,"water_depth":null,"GlobalID":"{81DA2D58-2738-46F9-859E-A5B52E431511}","created_user":"johnyjurisich_CVCarbon","created_date":1763742972451,"last_edited_user":"jjordan_CVCarbon","last_edited_date":1780856289203,"polling_date":1763738321000,"permission_group":"johnyjurisich_CVCarbon,JJurisich_CVCarbon","lease_number":"32024","archive":null}},{"type":"Feature","id":1422,"geometry":{"type":"Point","coordinates":[-9976484.1125000007,3424614.3081]},"properties":{"OBJECTID":1422,"substrate":"Firm/Hard Bottom","substrate_type":null,"buried_shell_depth":null,"water_depth":null,"GlobalID":"{076484C6-A739-4533-8889-71C2BD2BAC4C}","created_user":"johnyjurisich_CVCarbon","created_date":1763742972451,"last_edited_user":"jjordan_CVCarbon","last_edited_date":1780856289203,"polling_date":1763738318000,"permission_group":"johnyjurisich_CVCarbon,JJurisich_CVCarbon","lease_number":"32024","archive":null}},{"type":"Feature","id":1423,"geometry":{"type":"Point","coordinates":[-9976490.6135000009,3424638.4666000009]},"properties":{"OBJECTID":1423,"substrate":"Firm/Hard Bottom","substrate_type":null,"buried_shell_depth":null,"water_depth":null,"GlobalID":"{CD74DD29-8FA6-4F1A-9FE6-E0174C8F5ED6}","created_user":"johnyjurisich_CVCarbon","created_date":1763742972451,"last_edited_user":"jjordan_CVCarbon","last_edited_date":1780856289203,"polling_date":1763738309000,"permission_group":"johnyjurisich_CVCarbon,JJurisich_CVCarbon","lease_number":"32024","archive":null}},{"type":"Feature","id":1424,"geometry":{"type":"Point","coordinates":[-9976546.5182000007,3424700.6196999997]},"properties":{"OBJECTID":1424,"substrate":"Firm/Hard Bottom","substrate_type":null,"buried_shell_depth":null,"water_depth":null,"GlobalID":"{586E4502-4FDD-48D9-BEE2-2D1A167E0345}","created_user":"johnyjurisich_CVCarbon","created_date":1763742972451,"last_edited_user":"jjordan_CVCarbon","last_edited_date":1780856289203,"polling_date":1763738280000,"permission_group":"johnyjurisich_CVCarbon,JJurisich_CVCarbon","lease_number":"32024","archive":null}},{"type":"Feature","id":1425,"geometry":{"type":"Point","coordinates":[-9976560.5556000005,3424710.8530000001]},"properties":{"OBJECTID":1425,"substrate":"Firm/Hard Bottom","substrate_type":null,"buried_shell_depth":null,"water_depth":null,"GlobalID":"{A343554E-69D0-4D0B-91AA-4C5A258D1A83}","created_user":"johnyjurisich_CVCarbon","created_date":1763742972451,"last_edited_user":"jjordan_CVCarbon","last_edited_date":1780856289203,"polling_date":1763738274000,"permission_group":"johnyjurisich_CVCarbon,JJurisich_CVCarbon","lease_number":"32024","archive":null}},{"type":"Feature","id":1426,"geometry":{"type":"Point","coordinates":[-9976572.4779000003,3424719.3104000017]},"properties":{"OBJECTID":1426,"substrate":"Firm/Hard Bottom","substrate_type":null,"buried_shell_depth":null,"water_depth":null,"GlobalID":"{888D3DD2-478F-43BA-B714-F0B1C24768B4}","created_user":"johnyjurisich_CVCarbon","created_date":1763742972451,"last_edited_user":"jjordan_CVCarbon","last_edited_date":1780856289203,"polling_date":1763738269000,"permission_group":"johnyjurisich_CVCarbon,JJurisich_CVCarbon","lease_number":"32024","archive":null}},{"type":"Feature","id":1427,"geometry":{"type":"Point","coordinates":[-9976587.5504999999,3424729.1731999964]},"properties":{"OBJECTID":1427,"substrate":"Firm/Hard Bottom","substrate_type":null,"buried_shell_depth":null,"water_depth":null,"GlobalID":"{33572349-D56F-4FC5-8617-B7DA13236871}","created_user":"johnyjurisich_CVCarbon","created_date":1763742972451,"last_edited_user":"jjordan_CVCarbon","last_edited_date":1780856289203,"polling_date":1763738263000,"permission_group":"johnyjurisich_CVCarbon,JJurisich_CVCarbon","lease_number":"32024","archive":null}},{"type":"Feature","id":1428,"geometry":{"type":"Point","coordinates":[-9977178.5790999997,3424368.9694999978]},"properties":{"OBJECTID":1428,"substrate":"Firm/Hard Bottom","substrate_type":null,"buried_shell_depth":null,"water_depth":null,"GlobalID":"{D5D839C3-5532-442E-BA96-11B4FCD69278}","created_user":"johnyjurisich_CVCarbon","created_date":1763742972451,"last_edited_user":"jjordan_CVCarbon","last_edited_date":1780856289203,"polling_date":1763737847000,"permission_group":"johnyjurisich_CVCarbon,JJurisich_CVCarbon","lease_number":"32024","archive":null}},{"type":"Feature","id":1429,"geometry":{"type":"Point","coordinates":[-9977168.9499999993,3424356.5647]},"properties":{"OBJECTID":1429,"substrate":"Firm/Hard Bottom","substrate_type":null,"buried_shell_depth":null,"water_depth":null,"GlobalID":"{0C194F90-37B2-4BB9-B42A-B8F1D8BE1C22}","created_user":"johnyjurisich_CVCarbon","created_date":1763742972451,"last_edited_user":"jjordan_CVCarbon","last_edited_date":1780856289203,"polling_date":1763737842000,"permission_group":"johnyjurisich_CVCarbon,JJurisich_CVCarbon","lease_number":"32024","archive":null}},{"type":"Feature","id":1430,"geometry":{"type":"Point","coordinates":[-9977158.4970999993,3424341.2854999974]},"properties":{"OBJECTID":1430,"substrate":"Firm/Hard Bottom","substrate_type":null,"buried_shell_depth":null,"water_depth":null,"GlobalID":"{BD184485-4363-4E8F-9788-0CB67EECA04E}","created_user":"johnyjurisich_CVCarbon","created_date":1763742972451,"last_edited_user":"jjordan_CVCarbon","last_edited_date":1780856289203,"polling_date":1763737836000,"permission_group":"johnyjurisich_CVCarbon,JJurisich_CVCarbon","lease_number":"32024","archive":null}},{"type":"Feature","id":1431,"geometry":{"type":"Point","coordinates":[-9977150.5265999995,3424331.435800001]},"properties":{"OBJECTID":1431,"substrate":"Mud","substrate_type":null,"buried_shell_depth":null,"water_depth":null,"GlobalID":"{BF4BB18B-380C-4B65-9D76-1E45D9065A46}","created_user":"johnyjurisich_CVCarbon","created_date":1763742972451,"last_edited_user":"jjordan_CVCarbon","last_edited_date":1780856289203,"polling_date":1763737832000,"permission_group":"johnyjurisich_CVCarbon,JJurisich_CVCarbon","lease_number":"32024","archive":null}},{"type":"Feature","id":1432,"geometry":{"type":"Point","coordinates":[-9977140.9865000006,3424319.5420999974]},"properties":{"OBJECTID":1432,"substrate":"Mud","substrate_type":null,"buried_shell_depth":null,"water_depth":null,"GlobalID":"{98A30DFA-B531-4F74-803F-71D65FFF90EB}","created_user":"johnyjurisich_CVCarbon","created_date":1763742972451,"last_edited_user":"jjordan_CVCarbon","last_edited_date":1780856289203,"polling_date":1763737827000,"permission_group":"johnyjurisich_CVCarbon,JJurisich_CVCarbon","lease_number":"32024","archive":null}},{"type":"Feature","id":1433,"geometry":{"type":"Point","coordinates":[-9977130.9010000005,3424306.7797000036]},"properties":{"OBJECTID":1433,"substrate":"Mud","substrate_type":null,"buried_shell_depth":null,"water_depth":null,"GlobalID":"{A3E0A53A-9A56-4FE1-B592-8F33A5ACAB53}","created_user":"johnyjurisich_CVCarbon","created_date":1763742972451,"last_edited_user":"jjordan_CVCarbon","last_edited_date":1780856289203,"polling_date":1763737822000,"permission_group":"johnyjurisich_CVCarbon,JJurisich_CVCarbon","lease_number":"32024","archive":null}},{"type":"Feature","id":1434,"geometry":{"type":"Point","coordinates":[-9977117.7541000005,3424291.998800002]},"properties":{"OBJECTID":1434,"substrate":"Mud","substrate_type":null,"buried_shell_depth":null,"water_depth":null,"GlobalID":"{EEF8737E-7BFD-4988-8ECB-A87C1C0839D7}","created_user":"johnyjurisich_CVCarbon","created_date":1763742972451,"last_edited_user":"jjordan_CVCarbon","last_edited_date":1780856289203,"polling_date":1763737816000,"permission_group":"johnyjurisich_CVCarbon,JJurisich_CVCarbon","lease_number":"32024","archive":null}},{"type":"Feature","id":1435,"geometry":{"type":"Point","coordinates":[-9977105.5313000008,3424281.0759999976]},"properties":{"OBJECTID":1435,"substrate":"Mud","substrate_type":null,"buried_shell_depth":null,"water_depth":null,"GlobalID":"{56F5E8A8-06CE-4E08-9281-DBCF13263E93}","created_user":"johnyjurisich_CVCarbon","created_date":1763743000657,"last_edited_user":"jjordan_CVCarbon","last_edited_date":1780856289203,"polling_date":1763737811000,"permission_group":"johnyjurisich_CVCarbon,JJurisich_CVCarbon","lease_number":"32024","archive":null}},{"type":"Feature","id":1436,"geometry":{"type":"Point","coordinates":[-9977071.8125999998,3424272.9509999976]},"properties":{"OBJECTID":1436,"substrate":"Mud","substrate_type":null,"buried_shell_depth":null,"water_depth":null,"GlobalID":"{20F9975A-A7A6-4FCA-AE05-4343E846F1E4}","created_user":"johnyjurisich_CVCarbon","created_date":1763743000657,"last_edited_user":"jjordan_CVCarbon","last_edited_date":1780856289203,"polling_date":1763737796000,"permission_group":"johnyjurisich_CVCarbon,JJurisich_CVCarbon","lease_number":"32024","archive":null}},{"type":"Feature","id":1437,"geometry":{"type":"Point","coordinates":[-9977068.6733999997,3424281.4081000015]},"properties":{"OBJECTID":1437,"substrate":"Mud","substrate_type":null,"buried_shell_depth":null,"water_depth":null,"GlobalID":"{F5BD4023-C8D7-461B-890F-C3DF357D35B6}","created_user":"johnyjurisich_CVCarbon","created_date":1763743000657,"last_edited_user":"jjordan_CVCarbon","last_edited_date":1780856289203,"polling_date":1763737792000,"permission_group":"johnyjurisich_CVCarbon,JJurisich_CVCarbon","lease_number":"32024","archive":null}},{"type":"Feature","id":1438,"geometry":{"type":"Point","coordinates":[-9977075.0742000006,3424300.9541999996]},"properties":{"OBJECTID":1438,"substrate":"Mud","substrate_type":null,"buried_shell_depth":null,"water_depth":null,"GlobalID":"{1FD396B1-5F03-4E73-AB34-BE115122EAA0}","created_user":"johnyjurisich_CVCarbon","created_date":1763743000657,"last_edited_user":"jjordan_CVCarbon","last_edited_date":1780856289203,"polling_date":1763737784000,"permission_group":"johnyjurisich_CVCarbon,JJurisich_CVCarbon","lease_number":"32024","archive":null}},{"type":"Feature","id":1439,"geometry":{"type":"Point","coordinates":[-9977082.5548999999,3424313.9465999976]},"properties":{"OBJECTID":1439,"substrate":"Mud","substrate_type":null,"buried_shell_depth":null,"water_depth":null,"GlobalID":"{45C42D60-30C3-4399-9EC3-6FD86A552251}","created_user":"johnyjurisich_CVCarbon","created_date":1763743000657,"last_edited_user":"jjordan_CVCarbon","last_edited_date":1780856289203,"polling_date":1763737779000,"permission_group":"johnyjurisich_CVCarbon,JJurisich_CVCarbon","lease_number":"32024","archive":null}},{"type":"Feature","id":1440,"geometry":{"type":"Point","coordinates":[-9977089.7127999999,3424322.889200002]},"properties":{"OBJECTID":1440,"substrate":"Mud","substrate_type":null,"buried_shell_depth":null,"water_depth":null,"GlobalID":"{FAB48780-1D8B-44E0-959B-95524BB1D146}","created_user":"johnyjurisich_CVCarbon","created_date":1763743000657,"last_edited_user":"jjordan_CVCarbon","last_edited_date":1780856289203,"polling_date":1763737775000,"permission_group":"johnyjurisich_CVCarbon,JJurisich_CVCarbon","lease_number":"32024","archive":null}},{"type":"Feature","id":1441,"geometry":{"type":"Point","coordinates":[-9977098.9299999997,3424334.9107000008]},"properties":{"OBJECTID":1441,"substrate":"Mud","substrate_type":null,"buried_shell_depth":null,"water_depth":null,"GlobalID":"{86B631BC-511F-43B9-8EF3-C8DE013977B7}","created_user":"johnyjurisich_CVCarbon","created_date":1763743000657,"last_edited_user":"jjordan_CVCarbon","last_edited_date":1780856289203,"polling_date":1763737770000,"permission_group":"johnyjurisich_CVCarbon,JJurisich_CVCarbon","lease_number":"32024","archive":null}},{"type":"Feature","id":1442,"geometry":{"type":"Point","coordinates":[-9977106.6556000002,3424344.4409999996]},"properties":{"OBJECTID":1442,"substrate":"Firm/Hard Bottom","substrate_type":null,"buried_shell_depth":null,"water_depth":null,"GlobalID":"{2CFF80AE-2509-4683-B146-790899ADACB6}","created_user":"johnyjurisich_CVCarbon","created_date":1763743000657,"last_edited_user":"jjordan_CVCarbon","last_edited_date":1780856289203,"polling_date":1763737766000,"permission_group":"johnyjurisich_CVCarbon,JJurisich_CVCarbon","lease_number":"32024","archive":null}},{"type":"Feature","id":1443,"geometry":{"type":"Point","coordinates":[-9977115.8950999994,3424357.0119000003]},"properties":{"OBJECTID":1443,"substrate":"Firm/Hard Bottom","substrate_type":null,"buried_shell_depth":null,"water_depth":null,"GlobalID":"{71628E34-567B-4CEA-8AE2-8C8F93E5A905}","created_user":"johnyjurisich_CVCarbon","created_date":1763743000657,"last_edited_user":"jjordan_CVCarbon","last_edited_date":1780856289203,"polling_date":1763737761000,"permission_group":"johnyjurisich_CVCarbon,JJurisich_CVCarbon","lease_number":"32024","archive":null}},{"type":"Feature","id":1444,"geometry":{"type":"Point","coordinates":[-9977128.2182,3424374.373499997]},"properties":{"OBJECTID":1444,"substrate":"Firm/Hard Bottom","substrate_type":null,"buried_shell_depth":null,"water_depth":null,"GlobalID":"{66473C42-E3C0-4175-8648-E355FAC19ABD}","created_user":"johnyjurisich_CVCarbon","created_date":1763743000657,"last_edited_user":"jjordan_CVCarbon","last_edited_date":1780856289203,"polling_date":1763737754000,"permission_group":"johnyjurisich_CVCarbon,JJurisich_CVCarbon","lease_number":"32024","archive":null}},{"type":"Feature","id":1445,"geometry":{"type":"Point","coordinates":[-9977144.4152000006,3424393.6002999991]},"properties":{"OBJECTID":1445,"substrate":"Firm/Hard Bottom","substrate_type":null,"buried_shell_depth":null,"water_depth":null,"GlobalID":"{54CEB38B-F1A3-4D84-A0B6-3118BDB4607D}","created_user":"johnyjurisich_CVCarbon","created_date":1763743000657,"last_edited_user":"jjordan_CVCarbon","last_edited_date":1780856289203,"polling_date":1763737746000,"permission_group":"johnyjurisich_CVCarbon,JJurisich_CVCarbon","lease_number":"32024","archive":null}},{"type":"Feature","id":1446,"geometry":{"type":"Point","coordinates":[-9977152.6862000003,3424402.5812999979]},"properties":{"OBJECTID":1446,"substrate":"Firm/Hard Bottom","substrate_type":null,"buried_shell_depth":null,"water_depth":null,"GlobalID":"{5787F7C4-236F-412F-9436-3DAE9B0AB093}","created_user":"johnyjurisich_CVCarbon","created_date":1763743000657,"last_edited_user":"jjordan_CVCarbon","last_edited_date":1780856289203,"polling_date":1763737742000,"permission_group":"johnyjurisich_CVCarbon,JJurisich_CVCarbon","lease_number":"32024","archive":null}},{"type":"Feature","id":1447,"geometry":{"type":"Point","coordinates":[-9977164.7532000002,3424415.2672000006]},"properties":{"OBJECTID":1447,"substrate":"Firm/Hard Bottom","substrate_type":null,"buried_shell_depth":null,"water_depth":null,"GlobalID":"{B393E252-4EF9-4A30-AD15-78E645F1BC52}","created_user":"johnyjurisich_CVCarbon","created_date":1763743000657,"last_edited_user":"jjordan_CVCarbon","last_edited_date":1780856289203,"polling_date":1763737736000,"permission_group":"johnyjurisich_CVCarbon,JJurisich_CVCarbon","lease_number":"32024","archive":null}},{"type":"Feature","id":1448,"geometry":{"type":"Point","coordinates":[-9977174.2488000002,3424426.3049999997]},"properties":{"OBJECTID":1448,"substrate":"Firm/Hard Bottom","substrate_type":null,"buried_shell_depth":null,"water_depth":null,"GlobalID":"{740679EF-6844-42E8-9FD0-00A03624C798}","created_user":"johnyjurisich_CVCarbon","created_date":1763743000657,"last_edited_user":"jjordan_CVCarbon","last_edited_date":1780856289203,"polling_date":1763737731000,"permission_group":"johnyjurisich_CVCarbon,JJurisich_CVCarbon","lease_number":"32024","archive":null}},{"type":"Feature","id":1449,"geometry":{"type":"Point","coordinates":[-9977199.1732000001,3424506.4831999987]},"properties":{"OBJECTID":1449,"substrate":"Firm/Hard Bottom","substrate_type":null,"buried_shell_depth":null,"water_depth":null,"GlobalID":"{ED9B30BC-259E-40E1-9AB3-CF6242875175}","created_user":"johnyjurisich_CVCarbon","created_date":1763743000657,"last_edited_user":"jjordan_CVCarbon","last_edited_date":1780856289203,"polling_date":1763737689000,"permission_group":"johnyjurisich_CVCarbon,JJurisich_CVCarbon","lease_number":"32024","archive":null}},{"type":"Feature","id":1450,"geometry":{"type":"Point","coordinates":[-9977184.8129999992,3424496.7100000009]},"properties":{"OBJECTID":1450,"substrate":"Firm/Hard Bottom","substrate_type":null,"buried_shell_depth":null,"water_depth":null,"GlobalID":"{BCE27B20-9778-4172-9EB6-E278F03B13F2}","created_user":"johnyjurisich_CVCarbon","created_date":1763743000657,"last_edited_user":"jjordan_CVCarbon","last_edited_date":1780856289203,"polling_date":1763737682000,"permission_group":"johnyjurisich_CVCarbon,JJurisich_CVCarbon","lease_number":"32024","archive":null}},{"type":"Feature","id":1451,"geometry":{"type":"Point","coordinates":[-9977175.1282000002,3424483.3981000036]},"properties":{"OBJECTID":1451,"substrate":"Firm/Hard Bottom","substrate_type":null,"buried_shell_depth":null,"water_depth":null,"GlobalID":"{DDBA70B6-6154-495E-90CC-1A91DA86C887}","created_user":"johnyjurisich_CVCarbon","created_date":1763743000657,"last_edited_user":"jjordan_CVCarbon","last_edited_date":1780856289203,"polling_date":1763737677000,"permission_group":"johnyjurisich_CVCarbon,JJurisich_CVCarbon","lease_number":"32024","archive":null}},{"type":"Feature","id":1452,"geometry":{"type":"Point","coordinates":[-9977163.9071999993,3424467.7866000012]},"properties":{"OBJECTID":1452,"substrate":"Buried Shell","substrate_type":null,"buried_shell_depth":null,"water_depth":null,"GlobalID":"{2CB1ECC0-8848-4149-8B8A-B575220F95B6}","created_user":"johnyjurisich_CVCarbon","created_date":1763743000657,"last_edited_user":"jjordan_CVCarbon","last_edited_date":1780856289203,"polling_date":1763737671000,"permission_group":"johnyjurisich_CVCarbon,JJurisich_CVCarbon","lease_number":"32024","archive":null}},{"type":"Feature","id":1453,"geometry":{"type":"Point","coordinates":[-9977153.8216999993,3424455.4711000025]},"properties":{"OBJECTID":1453,"substrate":"Buried Shell","substrate_type":null,"buried_shell_depth":null,"water_depth":null,"GlobalID":"{A6891392-4610-4C26-9160-65455B917F8B}","created_user":"johnyjurisich_CVCarbon","created_date":1763743000657,"last_edited_user":"jjordan_CVCarbon","last_edited_date":1780856289203,"polling_date":1763737666000,"permission_group":"johnyjurisich_CVCarbon,JJurisich_CVCarbon","lease_number":"32024","archive":null}},{"type":"Feature","id":1454,"geometry":{"type":"Point","coordinates":[-9977148.0552999992,3424448.0358999968]},"properties":{"OBJECTID":1454,"substrate":"Buried Shell","substrate_type":null,"buried_shell_depth":null,"water_depth":null,"GlobalID":"{A2D3DFE3-FA62-4447-B4B0-8960E7EA75F8}","created_user":"johnyjurisich_CVCarbon","created_date":1763743000657,"last_edited_user":"jjordan_CVCarbon","last_edited_date":1780856289203,"polling_date":1763737663000,"permission_group":"johnyjurisich_CVCarbon,JJurisich_CVCarbon","lease_number":"32024","archive":null}},{"type":"Feature","id":1455,"geometry":{"type":"Point","coordinates":[-9977138.8491999991,3424433.0376000032]},"properties":{"OBJECTID":1455,"substrate":"Buried Shell","substrate_type":null,"buried_shell_depth":null,"water_depth":null,"GlobalID":"{AA6F6E9D-2D35-43E1-9868-555F6320D947}","created_user":"johnyjurisich_CVCarbon","created_date":1763743000657,"last_edited_user":"jjordan_CVCarbon","last_edited_date":1780856289203,"polling_date":1763737657000,"permission_group":"johnyjurisich_CVCarbon,JJurisich_CVCarbon","lease_number":"32024","archive":null}},{"type":"Feature","id":1456,"geometry":{"type":"Point","coordinates":[-9977131.8248999994,3424423.1878999993]},"properties":{"OBJECTID":1456,"substrate":"Buried Shell","substrate_type":null,"buried_shell_depth":null,"water_depth":null,"GlobalID":"{2D41E3A5-E2F3-4B6C-9829-509729BAD8A3}","created_user":"johnyjurisich_CVCarbon","created_date":1763743000657,"last_edited_user":"jjordan_CVCarbon","last_edited_date":1780856289203,"polling_date":1763737653000,"permission_group":"johnyjurisich_CVCarbon,JJurisich_CVCarbon","lease_number":"32024","archive":null}},{"type":"Feature","id":1457,"geometry":{"type":"Point","coordinates":[-9977121.1939000003,3424408.0490999967]},"properties":{"OBJECTID":1457,"substrate":"Firm/Hard Bottom","substrate_type":null,"buried_shell_depth":null,"water_depth":null,"GlobalID":"{53236173-C880-450D-864E-468E1AE8E279}","created_user":"johnyjurisich_CVCarbon","created_date":1763743000657,"last_edited_user":"jjordan_CVCarbon","last_edited_date":1780856289203,"polling_date":1763737647000,"permission_group":"johnyjurisich_CVCarbon,JJurisich_CVCarbon","lease_number":"32024","archive":null}},{"type":"Feature","id":1458,"geometry":{"type":"Point","coordinates":[-9977112.0990999993,3424394.954400003]},"properties":{"OBJECTID":1458,"substrate":"Firm/Hard Bottom","substrate_type":null,"buried_shell_depth":null,"water_depth":null,"GlobalID":"{B1FDA06D-9C81-493B-B784-C93FD2AC3161}","created_user":"johnyjurisich_CVCarbon","created_date":1763743000657,"last_edited_user":"jjordan_CVCarbon","last_edited_date":1780856289203,"polling_date":1763737642000,"permission_group":"johnyjurisich_CVCarbon,JJurisich_CVCarbon","lease_number":"32024","archive":null}},{"type":"Feature","id":1459,"geometry":{"type":"Point","coordinates":[-9977101.2455000002,3424379.7902000025]},"properties":{"OBJECTID":1459,"substrate":"Firm/Hard Bottom","substrate_type":null,"buried_shell_depth":null,"water_depth":null,"GlobalID":"{51EC8C9B-3487-403D-8183-7C673CCADFDD}","created_user":"johnyjurisich_CVCarbon","created_date":1763743000657,"last_edited_user":"jjordan_CVCarbon","last_edited_date":1780856289203,"polling_date":1763737636000,"permission_group":"johnyjurisich_CVCarbon,JJurisich_CVCarbon","lease_number":"32024","archive":null}},{"type":"Feature","id":1460,"geometry":{"type":"Point","coordinates":[-9977092.2841999996,3424366.7977000028]},"properties":{"OBJECTID":1460,"substrate":"Firm/Hard Bottom","substrate_type":null,"buried_shell_depth":null,"water_depth":null,"GlobalID":"{915A4D1F-A323-40E0-AA43-79923E7783B9}","created_user":"johnyjurisich_CVCarbon","created_date":1763743000657,"last_edited_user":"jjordan_CVCarbon","last_edited_date":1780856289203,"polling_date":1763737631000,"permission_group":"johnyjurisich_CVCarbon,JJurisich_CVCarbon","lease_number":"32024","archive":null}},{"type":"Feature","id":1461,"geometry":{"type":"Point","coordinates":[-9977084.4251000006,3424356.2326000035]},"properties":{"OBJECTID":1461,"substrate":"Firm/Hard Bottom","substrate_type":null,"buried_shell_depth":null,"water_depth":null,"GlobalID":"{C99A86F9-8F86-4482-8211-854DDF616933}","created_user":"johnyjurisich_CVCarbon","created_date":1763743000657,"last_edited_user":"jjordan_CVCarbon","last_edited_date":1780856289203,"polling_date":1763737627000,"permission_group":"johnyjurisich_CVCarbon,JJurisich_CVCarbon","lease_number":"32024","archive":null}},{"type":"Feature","id":1462,"geometry":{"type":"Point","coordinates":[-9977073.0815999992,3424340.2251999974]},"properties":{"OBJECTID":1462,"substrate":"Mud","substrate_type":null,"buried_shell_depth":null,"water_depth":null,"GlobalID":"{D7B216A2-B95F-494E-9D0B-F509A7D4AC01}","created_user":"johnyjurisich_CVCarbon","created_date":1763743000657,"last_edited_user":"jjordan_CVCarbon","last_edited_date":1780856289203,"polling_date":1763737621000,"permission_group":"johnyjurisich_CVCarbon,JJurisich_CVCarbon","lease_number":"32024","archive":null}},{"type":"Feature","id":1463,"geometry":{"type":"Point","coordinates":[-9977066.6028000005,3424330.2604999989]},"properties":{"OBJECTID":1463,"substrate":"Mud","substrate_type":null,"buried_shell_depth":null,"water_depth":null,"GlobalID":"{D82FB90D-7E30-4499-ABE2-12B14BC5E78C}","created_user":"johnyjurisich_CVCarbon","created_date":1763743000657,"last_edited_user":"jjordan_CVCarbon","last_edited_date":1780856289203,"polling_date":1763737617000,"permission_group":"johnyjurisich_CVCarbon,JJurisich_CVCarbon","lease_number":"32024","archive":null}},{"type":"Feature","id":1464,"geometry":{"type":"Point","coordinates":[-9977055.6712999996,3424314.8025000021]},"properties":{"OBJECTID":1464,"substrate":"Mud","substrate_type":null,"buried_shell_depth":null,"water_depth":null,"GlobalID":"{11ECB5BD-9C72-4994-9A34-5ACE5F941ABC}","created_user":"johnyjurisich_CVCarbon","created_date":1763743000657,"last_edited_user":"jjordan_CVCarbon","last_edited_date":1780856289203,"polling_date":1763737611000,"permission_group":"johnyjurisich_CVCarbon,JJurisich_CVCarbon","lease_number":"32024","archive":null}},{"type":"Feature","id":1465,"geometry":{"type":"Point","coordinates":[-9977046.8102000002,3424302.1295000017]},"properties":{"OBJECTID":1465,"substrate":"Mud","substrate_type":null,"buried_shell_depth":null,"water_depth":null,"GlobalID":"{2BFFB2CA-255F-42DC-A0F7-8D4EA55F7249}","created_user":"johnyjurisich_CVCarbon","created_date":1763743000657,"last_edited_user":"jjordan_CVCarbon","last_edited_date":1780856289203,"polling_date":1763737606000,"permission_group":"johnyjurisich_CVCarbon,JJurisich_CVCarbon","lease_number":"32024","archive":null}},{"type":"Feature","id":1466,"geometry":{"type":"Point","coordinates":[-9977036.9027999993,3424289.0605000034]},"properties":{"OBJECTID":1466,"substrate":"Mud","substrate_type":null,"buried_shell_depth":null,"water_depth":null,"GlobalID":"{C3C05AB2-68AF-4FBE-8109-348D6718A91C}","created_user":"johnyjurisich_CVCarbon","created_date":1763743000657,"last_edited_user":"jjordan_CVCarbon","last_edited_date":1780856289203,"polling_date":1763737601000,"permission_group":"johnyjurisich_CVCarbon,JJurisich_CVCarbon","lease_number":"32024","archive":null}},{"type":"Feature","id":1467,"geometry":{"type":"Point","coordinates":[-9977027.0954999998,3424276.7580000013]},"properties":{"OBJECTID":1467,"substrate":"Mud","substrate_type":null,"buried_shell_depth":null,"water_depth":null,"GlobalID":"{67A76094-E35A-4EAD-B41A-D0DFF1E6EA50}","created_user":"johnyjurisich_CVCarbon","created_date":1763743000657,"last_edited_user":"jjordan_CVCarbon","last_edited_date":1780856289203,"polling_date":1763737596000,"permission_group":"johnyjurisich_CVCarbon,JJurisich_CVCarbon","lease_number":"32024","archive":null}},{"type":"Feature","id":1468,"geometry":{"type":"Point","coordinates":[-9977018.023,3424262.3858999982]},"properties":{"OBJECTID":1468,"substrate":"Mud","substrate_type":null,"buried_shell_depth":null,"water_depth":null,"GlobalID":"{525FCBCC-B71C-4E0E-90F9-D453AD396B33}","created_user":"johnyjurisich_CVCarbon","created_date":1763743000657,"last_edited_user":"jjordan_CVCarbon","last_edited_date":1780856289203,"polling_date":1763737591000,"permission_group":"johnyjurisich_CVCarbon,JJurisich_CVCarbon","lease_number":"32024","archive":null}},{"type":"Feature","id":1469,"geometry":{"type":"Point","coordinates":[-9977004.943,3424248.0011000037]},"properties":{"OBJECTID":1469,"substrate":"Mud","substrate_type":null,"buried_shell_depth":null,"water_depth":null,"GlobalID":"{5A8F7C97-FA63-44D1-A465-378230FC76B4}","created_user":"johnyjurisich_CVCarbon","created_date":1763743000657,"last_edited_user":"jjordan_CVCarbon","last_edited_date":1780856289203,"polling_date":1763737585000,"permission_group":"johnyjurisich_CVCarbon,JJurisich_CVCarbon","lease_number":"32024","archive":null}},{"type":"Feature","id":1470,"geometry":{"type":"Point","coordinates":[-9976993.8110000007,3424237.8576000035]},"properties":{"OBJECTID":1470,"substrate":"Mud","substrate_type":null,"buried_shell_depth":null,"water_depth":null,"GlobalID":"{CA915995-E88C-47B5-95EA-6B7195369487}","created_user":"johnyjurisich_CVCarbon","created_date":1763743000657,"last_edited_user":"jjordan_CVCarbon","last_edited_date":1780856289203,"polling_date":1763737580000,"permission_group":"johnyjurisich_CVCarbon,JJurisich_CVCarbon","lease_number":"32024","archive":null}},{"type":"Feature","id":1471,"geometry":{"type":"Point","coordinates":[-9976979.3950999994,3424230.7290999964]},"properties":{"OBJECTID":1471,"substrate":"Mud","substrate_type":null,"buried_shell_depth":null,"water_depth":null,"GlobalID":"{93B1A212-3C65-4FFC-B41B-FE1D9A59A81F}","created_user":"johnyjurisich_CVCarbon","created_date":1763743000657,"last_edited_user":"jjordan_CVCarbon","last_edited_date":1780856289203,"polling_date":1763737574000,"permission_group":"johnyjurisich_CVCarbon,JJurisich_CVCarbon","lease_number":"32024","archive":null}},{"type":"Feature","id":1472,"geometry":{"type":"Point","coordinates":[-9976965.4134,3424237.8193000033]},"properties":{"OBJECTID":1472,"substrate":"Mud","substrate_type":null,"buried_shell_depth":null,"water_depth":null,"GlobalID":"{B31B6697-5537-48FA-B2CE-FA2131D35398}","created_user":"johnyjurisich_CVCarbon","created_date":1763743000657,"last_edited_user":"jjordan_CVCarbon","last_edited_date":1780856289203,"polling_date":1763737566000,"permission_group":"johnyjurisich_CVCarbon,JJurisich_CVCarbon","lease_number":"32024","archive":null}},{"type":"Feature","id":1473,"geometry":{"type":"Point","coordinates":[-9976964.9459000006,3424250.1855999976]},"properties":{"OBJECTID":1473,"substrate":"Mud","substrate_type":null,"buried_shell_depth":null,"water_depth":null,"GlobalID":"{A563C12B-C7C4-4F7C-802F-7058E89202D1}","created_user":"johnyjurisich_CVCarbon","created_date":1763743000657,"last_edited_user":"jjordan_CVCarbon","last_edited_date":1780856289203,"polling_date":1763737561000,"permission_group":"johnyjurisich_CVCarbon,JJurisich_CVCarbon","lease_number":"32024","archive":null}},{"type":"Feature","id":1474,"geometry":{"type":"Point","coordinates":[-9976966.8606000002,3424255.8960999995]},"properties":{"OBJECTID":1474,"substrate":"Mud","substrate_type":null,"buried_shell_depth":null,"water_depth":null,"GlobalID":"{0688B924-DB72-4E56-9BD3-E35C757069F6}","created_user":"johnyjurisich_CVCarbon","created_date":1763743000657,"last_edited_user":"jjordan_CVCarbon","last_edited_date":1780856289203,"polling_date":1763737559000,"permission_group":"johnyjurisich_CVCarbon,JJurisich_CVCarbon","lease_number":"32024","archive":null}},{"type":"Feature","id":1475,"geometry":{"type":"Point","coordinates":[-9976972.5823999997,3424270.1915000007]},"properties":{"OBJECTID":1475,"substrate":"Mud","substrate_type":null,"buried_shell_depth":null,"water_depth":null,"GlobalID":"{81908C02-D48D-4A26-9BAE-2F30DE859067}","created_user":"johnyjurisich_CVCarbon","created_date":1763743000657,"last_edited_user":"jjordan_CVCarbon","last_edited_date":1780856289203,"polling_date":1763737554000,"permission_group":"johnyjurisich_CVCarbon,JJurisich_CVCarbon","lease_number":"32024","archive":null}},{"type":"Feature","id":1476,"geometry":{"type":"Point","coordinates":[-9976977.4470000006,3424277.7160999998]},"properties":{"OBJECTID":1476,"substrate":"Mud","substrate_type":null,"buried_shell_depth":null,"water_depth":null,"GlobalID":"{DB97F595-1764-49F4-BCF9-ECF71AF92143}","created_user":"johnyjurisich_CVCarbon","created_date":1763743000657,"last_edited_user":"jjordan_CVCarbon","last_edited_date":1780856289203,"polling_date":1763737551000,"permission_group":"johnyjurisich_CVCarbon,JJurisich_CVCarbon","lease_number":"32024","archive":null}},{"type":"Feature","id":1477,"geometry":{"type":"Point","coordinates":[-9976982.3340000007,3424284.6912999973]},"properties":{"OBJECTID":1477,"substrate":"Firm/Hard Bottom","substrate_type":null,"buried_shell_depth":null,"water_depth":null,"GlobalID":"{7CDA0F5B-42B4-46FB-9205-E383C3587021}","created_user":"johnyjurisich_CVCarbon","created_date":1763743000657,"last_edited_user":"jjordan_CVCarbon","last_edited_date":1780856289203,"polling_date":1763737548000,"permission_group":"johnyjurisich_CVCarbon,JJurisich_CVCarbon","lease_number":"32024","archive":null}},{"type":"Feature","id":1478,"geometry":{"type":"Point","coordinates":[-9976994.0448000003,3424300.8519999981]},"properties":{"OBJECTID":1478,"substrate":"Firm/Hard Bottom","substrate_type":null,"buried_shell_depth":null,"water_depth":null,"GlobalID":"{6AB7CE99-CF76-46C9-9DBC-5DF557AB773A}","created_user":"johnyjurisich_CVCarbon","created_date":1763743000657,"last_edited_user":"jjordan_CVCarbon","last_edited_date":1780856289203,"polling_date":1763737541000,"permission_group":"johnyjurisich_CVCarbon,JJurisich_CVCarbon","lease_number":"32024","archive":null}},{"type":"Feature","id":1479,"geometry":{"type":"Point","coordinates":[-9977001.0022999998,3424310.9443999976]},"properties":{"OBJECTID":1479,"substrate":"Firm/Hard Bottom","substrate_type":null,"buried_shell_depth":null,"water_depth":null,"GlobalID":"{9C2203BA-A1D2-48E6-8EC9-D10C8B360E98}","created_user":"johnyjurisich_CVCarbon","created_date":1763743000657,"last_edited_user":"jjordan_CVCarbon","last_edited_date":1780856289203,"polling_date":1763737537000,"permission_group":"johnyjurisich_CVCarbon,JJurisich_CVCarbon","lease_number":"32024","archive":null}},{"type":"Feature","id":1480,"geometry":{"type":"Point","coordinates":[-9977011.3661000002,3424325.4570000023]},"properties":{"OBJECTID":1480,"substrate":"Firm/Hard Bottom","substrate_type":null,"buried_shell_depth":null,"water_depth":null,"GlobalID":"{9793E5EF-3D72-4235-AAA0-8D77029435E7}","created_user":"johnyjurisich_CVCarbon","created_date":1763743000657,"last_edited_user":"jjordan_CVCarbon","last_edited_date":1780856289203,"polling_date":1763737531000,"permission_group":"johnyjurisich_CVCarbon,JJurisich_CVCarbon","lease_number":"32024","archive":null}},{"type":"Feature","id":1481,"geometry":{"type":"Point","coordinates":[-9977018.6575000007,3424335.5367000028]},"properties":{"OBJECTID":1481,"substrate":"Firm/Hard Bottom","substrate_type":null,"buried_shell_depth":null,"water_depth":null,"GlobalID":"{31A30EFB-BCA9-4D47-BD28-C5E64B59F304}","created_user":"johnyjurisich_CVCarbon","created_date":1763743000657,"last_edited_user":"jjordan_CVCarbon","last_edited_date":1780856289203,"polling_date":1763737527000,"permission_group":"johnyjurisich_CVCarbon,JJurisich_CVCarbon","lease_number":"32024","archive":null}},{"type":"Feature","id":1482,"geometry":{"type":"Point","coordinates":[-9977028.9657000005,3424349.9855000004]},"properties":{"OBJECTID":1482,"substrate":"Firm/Hard Bottom","substrate_type":null,"buried_shell_depth":null,"water_depth":null,"GlobalID":"{C29C1136-3952-43EB-9349-F7F6E8B40D5D}","created_user":"johnyjurisich_CVCarbon","created_date":1763743000657,"last_edited_user":"jjordan_CVCarbon","last_edited_date":1780856289203,"polling_date":1763737521000,"permission_group":"johnyjurisich_CVCarbon,JJurisich_CVCarbon","lease_number":"32024","archive":null}},{"type":"Feature","id":1483,"geometry":{"type":"Point","coordinates":[-9977037.9046999998,3424361.9941999987]},"properties":{"OBJECTID":1483,"substrate":"Firm/Hard Bottom","substrate_type":null,"buried_shell_depth":null,"water_depth":null,"GlobalID":"{86BED5BD-B192-40DF-B435-BDB1B27E2B8E}","created_user":"johnyjurisich_CVCarbon","created_date":1763743000657,"last_edited_user":"jjordan_CVCarbon","last_edited_date":1780856289203,"polling_date":1763737516000,"permission_group":"johnyjurisich_CVCarbon,JJurisich_CVCarbon","lease_number":"32024","archive":null}},{"type":"Feature","id":1484,"geometry":{"type":"Point","coordinates":[-9977046.3761,3424374.3989999965]},"properties":{"OBJECTID":1484,"substrate":"Firm/Hard Bottom","substrate_type":null,"buried_shell_depth":null,"water_depth":null,"GlobalID":"{FD7FD28D-CBC2-432F-B731-9C93C5A076DA}","created_user":"johnyjurisich_CVCarbon","created_date":1763743000657,"last_edited_user":"jjordan_CVCarbon","last_edited_date":1780856289203,"polling_date":1763737511000,"permission_group":"johnyjurisich_CVCarbon,JJurisich_CVCarbon","lease_number":"32024","archive":null}},{"type":"Feature","id":1485,"geometry":{"type":"Point","coordinates":[-9977057.4857999999,3424389.0266999975]},"properties":{"OBJECTID":1485,"substrate":"Firm/Hard Bottom","substrate_type":null,"buried_shell_depth":null,"water_depth":null,"GlobalID":"{1569B44E-A498-46ED-A6A4-6176D6CF8339}","created_user":"johnyjurisich_CVCarbon","created_date":1763743000657,"last_edited_user":"jjordan_CVCarbon","last_edited_date":1780856289203,"polling_date":1763737505000,"permission_group":"johnyjurisich_CVCarbon,JJurisich_CVCarbon","lease_number":"32024","archive":null}},{"type":"Feature","id":1486,"geometry":{"type":"Point","coordinates":[-9977062.9737999998,3424396.308600001]},"properties":{"OBJECTID":1486,"substrate":"Firm/Hard Bottom","substrate_type":null,"buried_shell_depth":null,"water_depth":null,"GlobalID":"{9F7299F4-0C5E-408F-904F-19175E92AAB2}","created_user":"johnyjurisich_CVCarbon","created_date":1763743000657,"last_edited_user":"jjordan_CVCarbon","last_edited_date":1780856289203,"polling_date":1763737502000,"permission_group":"johnyjurisich_CVCarbon,JJurisich_CVCarbon","lease_number":"32024","archive":null}},{"type":"Feature","id":1487,"geometry":{"type":"Point","coordinates":[-9977075.5639999993,3424414.1684999987]},"properties":{"OBJECTID":1487,"substrate":"Firm/Hard Bottom","substrate_type":null,"buried_shell_depth":null,"water_depth":null,"GlobalID":"{2451F759-66A1-484D-9FB3-7915B52C2E3A}","created_user":"johnyjurisich_CVCarbon","created_date":1763743000657,"last_edited_user":"jjordan_CVCarbon","last_edited_date":1780856289203,"polling_date":1763737495000,"permission_group":"johnyjurisich_CVCarbon,JJurisich_CVCarbon","lease_number":"32024","archive":null}},{"type":"Feature","id":1488,"geometry":{"type":"Point","coordinates":[-9977083.1338,3424424.5547999963]},"properties":{"OBJECTID":1488,"substrate":"Firm/Hard Bottom","substrate_type":null,"buried_shell_depth":null,"water_depth":null,"GlobalID":"{26133EBB-68D9-48F7-B908-BAD4210B10B5}","created_user":"johnyjurisich_CVCarbon","created_date":1763743000657,"last_edited_user":"jjordan_CVCarbon","last_edited_date":1780856289203,"polling_date":1763737491000,"permission_group":"johnyjurisich_CVCarbon,JJurisich_CVCarbon","lease_number":"32024","archive":null}},{"type":"Feature","id":1489,"geometry":{"type":"Point","coordinates":[-9977091.8167000003,3424437.317400001]},"properties":{"OBJECTID":1489,"substrate":"Mud","substrate_type":null,"buried_shell_depth":null,"water_depth":null,"GlobalID":"{6018621B-2F58-49D9-AB70-1338ABDB3814}","created_user":"johnyjurisich_CVCarbon","created_date":1763743000657,"last_edited_user":"jjordan_CVCarbon","last_edited_date":1780856289203,"polling_date":1763737486000,"permission_group":"johnyjurisich_CVCarbon,JJurisich_CVCarbon","lease_number":"32024","archive":null}},{"type":"Feature","id":1490,"geometry":{"type":"Point","coordinates":[-9977100.9671999998,3424449.6327999979]},"properties":{"OBJECTID":1490,"substrate":"Mud","substrate_type":null,"buried_shell_depth":null,"water_depth":null,"GlobalID":"{32B7FE2C-CA66-4AE8-ACF5-DAB1B670E621}","created_user":"johnyjurisich_CVCarbon","created_date":1763743000657,"last_edited_user":"jjordan_CVCarbon","last_edited_date":1780856289203,"polling_date":1763737481000,"permission_group":"johnyjurisich_CVCarbon,JJurisich_CVCarbon","lease_number":"32024","archive":null}},{"type":"Feature","id":1491,"geometry":{"type":"Point","coordinates":[-9977107.5015999991,3424458.549999997]},"properties":{"OBJECTID":1491,"substrate":"Mud","substrate_type":null,"buried_shell_depth":null,"water_depth":null,"GlobalID":"{79B5B535-3D7F-4691-8F33-1B69AAB7FE77}","created_user":"johnyjurisich_CVCarbon","created_date":1763743000657,"last_edited_user":"jjordan_CVCarbon","last_edited_date":1780856289203,"polling_date":1763737477000,"permission_group":"johnyjurisich_CVCarbon,JJurisich_CVCarbon","lease_number":"32024","archive":null}},{"type":"Feature","id":1492,"geometry":{"type":"Point","coordinates":[-9977120.6483999994,3424475.4262999967]},"properties":{"OBJECTID":1492,"substrate":"Buried Shell","substrate_type":null,"buried_shell_depth":null,"water_depth":null,"GlobalID":"{5E221C62-99EC-4C60-A3F8-60C44179DA59}","created_user":"johnyjurisich_CVCarbon","created_date":1763743000657,"last_edited_user":"jjordan_CVCarbon","last_edited_date":1780856289203,"polling_date":1763737470000,"permission_group":"johnyjurisich_CVCarbon,JJurisich_CVCarbon","lease_number":"32024","archive":null}},{"type":"Feature","id":1493,"geometry":{"type":"Point","coordinates":[-9977132.2813000008,3424490.5522999987]},"properties":{"OBJECTID":1493,"substrate":"Firm/Hard Bottom","substrate_type":null,"buried_shell_depth":null,"water_depth":null,"GlobalID":"{89BD7186-4D2D-4C9D-A473-EA41927DCAB4}","created_user":"johnyjurisich_CVCarbon","created_date":1763743000657,"last_edited_user":"jjordan_CVCarbon","last_edited_date":1780856289203,"polling_date":1763737464000,"permission_group":"johnyjurisich_CVCarbon,JJurisich_CVCarbon","lease_number":"32024","archive":null}},{"type":"Feature","id":1494,"geometry":{"type":"Point","coordinates":[-9977236.2203000002,3424684.4968999997]},"properties":{"OBJECTID":1494,"substrate":"Firm/Hard Bottom","substrate_type":null,"buried_shell_depth":null,"water_depth":null,"GlobalID":"{DA7FEA35-2A6D-45BD-A8CF-E02C316BA2B0}","created_user":"johnyjurisich_CVCarbon","created_date":1763743139363,"last_edited_user":"jjordan_CVCarbon","last_edited_date":1780856289203,"polling_date":1763737364000,"permission_group":"johnyjurisich_CVCarbon,JJurisich_CVCarbon","lease_number":"32024","archive":null}},{"type":"Feature","id":1495,"geometry":{"type":"Point","coordinates":[-9977229.3519000001,3424674.186999999]},"properties":{"OBJECTID":1495,"substrate":"Firm/Hard Bottom","substrate_type":null,"buried_shell_depth":null,"water_depth":null,"GlobalID":"{909BC0D2-10A6-4E8A-9C6A-624040369986}","created_user":"johnyjurisich_CVCarbon","created_date":1763743139363,"last_edited_user":"jjordan_CVCarbon","last_edited_date":1780856289203,"polling_date":1763737360000,"permission_group":"johnyjurisich_CVCarbon,JJurisich_CVCarbon","lease_number":"32024","archive":null}},{"type":"Feature","id":1496,"geometry":{"type":"Point","coordinates":[-9977222.4389999993,3424664.4648000002]},"properties":{"OBJECTID":1496,"substrate":"Firm/Hard Bottom","substrate_type":null,"buried_shell_depth":null,"water_depth":null,"GlobalID":"{D5E847BF-1B07-4C13-A26A-85DF50D560B1}","created_user":"johnyjurisich_CVCarbon","created_date":1763743139363,"last_edited_user":"jjordan_CVCarbon","last_edited_date":1780856289203,"polling_date":1763737356000,"permission_group":"johnyjurisich_CVCarbon,JJurisich_CVCarbon","lease_number":"32024","archive":null}},{"type":"Feature","id":1497,"geometry":{"type":"Point","coordinates":[-9977142.7898999993,3424505.6656000018]},"properties":{"OBJECTID":1497,"substrate":"Firm/Hard Bottom","substrate_type":null,"buried_shell_depth":null,"water_depth":null,"GlobalID":"{B38D034E-7910-4717-8124-F9CF4A074A20}","created_user":"johnyjurisich_CVCarbon","created_date":1763743168752,"last_edited_user":"jjordan_CVCarbon","last_edited_date":1780856289203,"polling_date":1763737458000,"permission_group":"johnyjurisich_CVCarbon,JJurisich_CVCarbon","lease_number":"32024","archive":null}},{"type":"Feature","id":1498,"geometry":{"type":"Point","coordinates":[-9977153.2427999992,3424519.2969999984]},"properties":{"OBJECTID":1498,"substrate":"Buried Shell","substrate_type":null,"buried_shell_depth":null,"water_depth":null,"GlobalID":"{0E97B453-05C8-4688-8B1B-794A11AD0455}","created_user":"johnyjurisich_CVCarbon","created_date":1763743168752,"last_edited_user":"jjordan_CVCarbon","last_edited_date":1780856289203,"polling_date":1763737452000,"permission_group":"johnyjurisich_CVCarbon,JJurisich_CVCarbon","lease_number":"32024","archive":null}},{"type":"Feature","id":1499,"geometry":{"type":"Point","coordinates":[-9977157.8848000001,3424526.6938999966]},"properties":{"OBJECTID":1499,"substrate":"Scattered Shell","substrate_type":null,"buried_shell_depth":null,"water_depth":null,"GlobalID":"{F7147960-3C10-4CEA-9775-105A0703D9B2}","created_user":"johnyjurisich_CVCarbon","created_date":1763743168752,"last_edited_user":"jjordan_CVCarbon","last_edited_date":1780856289203,"polling_date":1763737449000,"permission_group":"johnyjurisich_CVCarbon,JJurisich_CVCarbon","lease_number":"32024","archive":null}},{"type":"Feature","id":1500,"geometry":{"type":"Point","coordinates":[-9977174.2376000006,3424548.1821999997]},"properties":{"OBJECTID":1500,"substrate":"Firm/Hard Bottom","substrate_type":null,"buried_shell_depth":null,"water_depth":null,"GlobalID":"{750752E2-A9A4-423A-95AF-F3B8DC5730C1}","created_user":"johnyjurisich_CVCarbon","created_date":1763743168752,"last_edited_user":"jjordan_CVCarbon","last_edited_date":1780856289203,"polling_date":1763737440000,"permission_group":"johnyjurisich_CVCarbon,JJurisich_CVCarbon","lease_number":"32024","archive":null}},{"type":"Feature","id":1501,"geometry":{"type":"Point","coordinates":[-9977185.8370999992,3424561.1876000017]},"properties":{"OBJECTID":1501,"substrate":"Firm/Hard Bottom","substrate_type":null,"buried_shell_depth":null,"water_depth":null,"GlobalID":"{013E0E21-04D6-4EC1-B903-4A70353573D1}","created_user":"johnyjurisich_CVCarbon","created_date":1763743168752,"last_edited_user":"jjordan_CVCarbon","last_edited_date":1780856289203,"polling_date":1763737434000,"permission_group":"johnyjurisich_CVCarbon,JJurisich_CVCarbon","lease_number":"32024","archive":null}},{"type":"Feature","id":1502,"geometry":{"type":"Point","coordinates":[-9977196.7686999999,3424574.9085000008]},"properties":{"OBJECTID":1502,"substrate":"Firm/Hard Bottom","substrate_type":null,"buried_shell_depth":null,"water_depth":null,"GlobalID":"{43C99B50-6DEA-470C-AE14-015D9A698EA7}","created_user":"johnyjurisich_CVCarbon","created_date":1763743168752,"last_edited_user":"jjordan_CVCarbon","last_edited_date":1780856289203,"polling_date":1763737428000,"permission_group":"johnyjurisich_CVCarbon,JJurisich_CVCarbon","lease_number":"32024","archive":null}},{"type":"Feature","id":1503,"geometry":{"type":"Point","coordinates":[-9977205.5296,3424584.0301999971]},"properties":{"OBJECTID":1503,"substrate":"Buried Shell","substrate_type":null,"buried_shell_depth":null,"water_depth":null,"GlobalID":"{D0585374-0F2C-476A-81CA-8245E1CE4E05}","created_user":"johnyjurisich_CVCarbon","created_date":1763743168752,"last_edited_user":"jjordan_CVCarbon","last_edited_date":1780856289203,"polling_date":1763737424000,"permission_group":"johnyjurisich_CVCarbon,JJurisich_CVCarbon","lease_number":"32024","archive":null}},{"type":"Feature","id":1504,"geometry":{"type":"Point","coordinates":[-9977218.9436000008,3424599.9739999995]},"properties":{"OBJECTID":1504,"substrate":"Firm/Hard Bottom","substrate_type":null,"buried_shell_depth":null,"water_depth":null,"GlobalID":"{D7B9A1DF-37B8-404C-8ECB-7FC9A7DAFFBE}","created_user":"johnyjurisich_CVCarbon","created_date":1763743168752,"last_edited_user":"jjordan_CVCarbon","last_edited_date":1780856289203,"polling_date":1763737417000,"permission_group":"johnyjurisich_CVCarbon,JJurisich_CVCarbon","lease_number":"32024","archive":null}},{"type":"Feature","id":1505,"geometry":{"type":"Point","coordinates":[-9977227.0252999999,3424609.2744999975]},"properties":{"OBJECTID":1505,"substrate":"Firm/Hard Bottom","substrate_type":null,"buried_shell_depth":null,"water_depth":null,"GlobalID":"{73C2FC85-354B-4F0F-877A-CF04FE1EBE38}","created_user":"johnyjurisich_CVCarbon","created_date":1763743168752,"last_edited_user":"jjordan_CVCarbon","last_edited_date":1780856289203,"polling_date":1763737413000,"permission_group":"johnyjurisich_CVCarbon,JJurisich_CVCarbon","lease_number":"32024","archive":null}},{"type":"Feature","id":1506,"geometry":{"type":"Point","coordinates":[-9977216.9620999992,3424656.3906999975]},"properties":{"OBJECTID":1506,"substrate":"Firm/Hard Bottom","substrate_type":null,"buried_shell_depth":null,"water_depth":null,"GlobalID":"{0E542E5A-8217-41FA-A00C-88CDE6B4DC2D}","created_user":"johnyjurisich_CVCarbon","created_date":1763743168752,"last_edited_user":"jjordan_CVCarbon","last_edited_date":1780856289203,"polling_date":1763737353000,"permission_group":"johnyjurisich_CVCarbon,JJurisich_CVCarbon","lease_number":"32024","archive":null}},{"type":"Feature","id":1507,"geometry":{"type":"Point","coordinates":[-9977204.1602999996,3424638.4794000015]},"properties":{"OBJECTID":1507,"substrate":"Scattered Shell","substrate_type":null,"buried_shell_depth":null,"water_depth":null,"GlobalID":"{5683E2CA-5A96-4A38-BC2D-A13B8BD87607}","created_user":"johnyjurisich_CVCarbon","created_date":1763743168752,"last_edited_user":"jjordan_CVCarbon","last_edited_date":1780856289203,"polling_date":1763737346000,"permission_group":"johnyjurisich_CVCarbon,JJurisich_CVCarbon","lease_number":"32024","archive":null}},{"type":"Feature","id":1508,"geometry":{"type":"Point","coordinates":[-9977198.6833999995,3424630.6991000026]},"properties":{"OBJECTID":1508,"substrate":"Scattered Shell","substrate_type":null,"buried_shell_depth":null,"water_depth":null,"GlobalID":"{6B97CCDD-8673-441F-8801-8FDA092471C2}","created_user":"johnyjurisich_CVCarbon","created_date":1763743168752,"last_edited_user":"jjordan_CVCarbon","last_edited_date":1780856289203,"polling_date":1763737343000,"permission_group":"johnyjurisich_CVCarbon,JJurisich_CVCarbon","lease_number":"32024","archive":null}},{"type":"Feature","id":1509,"geometry":{"type":"Point","coordinates":[-9977188.9762999993,3424617.5402999967]},"properties":{"OBJECTID":1509,"substrate":"Scattered Shell","substrate_type":null,"buried_shell_depth":null,"water_depth":null,"GlobalID":"{24A6F6B6-48EF-4862-BC5C-207ACF1A07E1}","created_user":"johnyjurisich_CVCarbon","created_date":1763743168752,"last_edited_user":"jjordan_CVCarbon","last_edited_date":1780856289203,"polling_date":1763737338000,"permission_group":"johnyjurisich_CVCarbon,JJurisich_CVCarbon","lease_number":"32024","archive":null}},{"type":"Feature","id":1510,"geometry":{"type":"Point","coordinates":[-9977180.2155000009,3424604.9052999988]},"properties":{"OBJECTID":1510,"substrate":"Scattered Shell","substrate_type":null,"buried_shell_depth":null,"water_depth":null,"GlobalID":"{FC18942B-DC42-4A08-A742-C21186DE7ACD}","created_user":"johnyjurisich_CVCarbon","created_date":1763743168752,"last_edited_user":"jjordan_CVCarbon","last_edited_date":1780856289203,"polling_date":1763737333000,"permission_group":"johnyjurisich_CVCarbon,JJurisich_CVCarbon","lease_number":"32024","archive":null}},{"type":"Feature","id":1511,"geometry":{"type":"Point","coordinates":[-9977172.7347999997,3424595.1959000006]},"properties":{"OBJECTID":1511,"substrate":"Scattered Shell","substrate_type":null,"buried_shell_depth":null,"water_depth":null,"GlobalID":"{4792FBCC-13BA-4A96-BF0E-B7865F5D4489}","created_user":"johnyjurisich_CVCarbon","created_date":1763743168752,"last_edited_user":"jjordan_CVCarbon","last_edited_date":1780856289203,"polling_date":1763737329000,"permission_group":"johnyjurisich_CVCarbon,JJurisich_CVCarbon","lease_number":"32024","archive":null}},{"type":"Feature","id":1512,"geometry":{"type":"Point","coordinates":[-9977166.9351000004,3424587.6583999991]},"properties":{"OBJECTID":1512,"substrate":"Solid Reef","substrate_type":null,"buried_shell_depth":null,"water_depth":null,"GlobalID":"{62F2F364-EC72-4CAB-B8EB-59201C012BD0}","created_user":"johnyjurisich_CVCarbon","created_date":1763743168752,"last_edited_user":"jjordan_CVCarbon","last_edited_date":1780856289203,"polling_date":1763737326000,"permission_group":"johnyjurisich_CVCarbon,JJurisich_CVCarbon","lease_number":"32024","archive":null}},{"type":"Feature","id":1513,"geometry":{"type":"Point","coordinates":[-9977156.9052000009,3424574.0781000033]},"properties":{"OBJECTID":1513,"substrate":"Solid Reef","substrate_type":null,"buried_shell_depth":null,"water_depth":null,"GlobalID":"{E3E11A86-206E-4728-BFF1-00CC8873663A}","created_user":"johnyjurisich_CVCarbon","created_date":1763743168752,"last_edited_user":"jjordan_CVCarbon","last_edited_date":1780856289203,"polling_date":1763737321000,"permission_group":"johnyjurisich_CVCarbon,JJurisich_CVCarbon","lease_number":"32024","archive":null}},{"type":"Feature","id":1514,"geometry":{"type":"Point","coordinates":[-9977175.4893999994,3424416.7546999976]},"properties":{"OBJECTID":1514,"substrate":"Mud","substrate_type":null,"buried_shell_depth":null,"water_depth":null,"GlobalID":"{1EB365E3-B8C3-4DF0-A5F0-DFC597736D99}","created_user":"ALupis_cvcarbon","created_date":1765288228605,"last_edited_user":"jjordan_CVCarbon","last_edited_date":1780856289203,"polling_date":1765287718295,"permission_group":"johnyjurisich_CVCarbon,JJurisich_CVCarbon","lease_number":"32024","archive":null}},{"type":"Feature","id":1515,"geometry":{"type":"Point","coordinates":[-9977166.807,3424404.7624000013]},"properties":{"OBJECTID":1515,"substrate":"Mud","substrate_type":null,"buried_shell_depth":null,"water_depth":null,"GlobalID":"{D1DC89E9-C4B4-4E44-87DC-40C59E4D926A}","created_user":"ALupis_cvcarbon","created_date":1765288228605,"last_edited_user":"jjordan_CVCarbon","last_edited_date":1780856289203,"polling_date":1765287712295,"permission_group":"johnyjurisich_CVCarbon,JJurisich_CVCarbon","lease_number":"32024","archive":null}},{"type":"Feature","id":1516,"geometry":{"type":"Point","coordinates":[-9977167.1986999996,3424392.5584999993]},"properties":{"OBJECTID":1516,"substrate":"Mud","substrate_type":null,"buried_shell_depth":null,"water_depth":null,"GlobalID":"{3076AF68-1F84-4D9C-A57E-7BD56A8C860B}","created_user":"ALupis_cvcarbon","created_date":1765288228605,"last_edited_user":"jjordan_CVCarbon","last_edited_date":1780856289203,"polling_date":1765287707295,"permission_group":"johnyjurisich_CVCarbon,JJurisich_CVCarbon","lease_number":"32024","archive":null}},{"type":"Feature","id":1517,"geometry":{"type":"Point","coordinates":[-9976318.8140999991,3423570.1437999979]},"properties":{"OBJECTID":1517,"substrate":"Mud","substrate_type":null,"buried_shell_depth":null,"water_depth":null,"GlobalID":"{AA723C39-C3A4-4C91-B8CA-8988D56077BA}","created_user":"VGarbin_CVCarbon","created_date":1766865253590,"last_edited_user":"jjordan_CVCarbon","last_edited_date":1780856289203,"polling_date":1766865243000,"permission_group":"johnyjurisich_CVCarbon,JJurisich_CVCarbon","lease_number":"32024","archive":null}},{"type":"Feature","id":1518,"geometry":{"type":"Point","coordinates":[-9976171.6118999999,3423661.9606999978]},"properties":{"OBJECTID":1518,"substrate":"Mud","substrate_type":null,"buried_shell_depth":null,"water_depth":null,"GlobalID":"{28BB9012-4083-44BA-B0F5-1E39DA392113}","created_user":"VGarbin_CVCarbon","created_date":1766866035437,"last_edited_user":"jjordan_CVCarbon","last_edited_date":1780856289203,"polling_date":1766866018000,"permission_group":"johnyjurisich_CVCarbon,JJurisich_CVCarbon","lease_number":"32024","archive":null}},{"type":"Feature","id":1519,"geometry":{"type":"Point","coordinates":[-9976116.7659000009,3423700.5604000017]},"properties":{"OBJECTID":1519,"substrate":"Buried Shell","substrate_type":null,"buried_shell_depth":null,"water_depth":null,"GlobalID":"{20FF2B03-E3F7-4E25-AB97-279DC8362B2A}","created_user":"VGarbin_CVCarbon","created_date":1766866267554,"last_edited_user":"jjordan_CVCarbon","last_edited_date":1780856289203,"polling_date":1766866258000,"permission_group":"johnyjurisich_CVCarbon,JJurisich_CVCarbon","lease_number":"32024","archive":null}},{"type":"Feature","id":1520,"geometry":{"type":"Point","coordinates":[-9976112.1940000001,3423711.186300002]},"properties":{"OBJECTID":1520,"substrate":"Mud","substrate_type":null,"buried_shell_depth":null,"water_depth":null,"GlobalID":"{456DE4FF-2ABB-49B6-914D-A51B2EEDC182}","created_user":"VGarbin_CVCarbon","created_date":1766866288973,"last_edited_user":"jjordan_CVCarbon","last_edited_date":1780856289203,"polling_date":1766866263000,"permission_group":"johnyjurisich_CVCarbon,JJurisich_CVCarbon","lease_number":"32024","archive":null}},{"type":"Feature","id":1521,"geometry":{"type":"Point","coordinates":[-9976375.0862000007,3424511.618900001]},"properties":{"OBJECTID":1521,"substrate":"Mud","substrate_type":null,"buried_shell_depth":null,"water_depth":null,"GlobalID":"{041AF582-54D5-45A3-BC58-DC8573CE27F3}","created_user":"johnyjurisich_CVCarbon","created_date":1783513258330,"last_edited_user":"johnyjurisich_CVCarbon","last_edited_date":1783513258330,"polling_date":1783513235000,"permission_group":"johnyjurisich_CVCarbon,JJurisich_CVCarbon","lease_number":"32024","archive":null}},{"type":"Feature","id":1522,"geometry":{"type":"Point","coordinates":[-9976373.6279000007,3424508.693400003]},"properties":{"OBJECTID":1522,"substrate":"Mud","substrate_type":null,"buried_shell_depth":null,"water_depth":null,"GlobalID":"{68264F07-A6B6-4A6C-85EE-884ADE255F3B}","created_user":"johnyjurisich_CVCarbon","created_date":1783513258330,"last_edited_user":"johnyjurisich_CVCarbon","last_edited_date":1783513258330,"polling_date":1783513234000,"permission_group":"johnyjurisich_CVCarbon,JJurisich_CVCarbon","lease_number":"32024","archive":null}},{"type":"Feature","id":1523,"geometry":{"type":"Point","coordinates":[-9976370.5220999997,3424503.1872000024]},"properties":{"OBJECTID":1523,"substrate":"Mud","substrate_type":null,"buried_shell_depth":null,"water_depth":null,"GlobalID":"{38613418-B90D-4881-B5B0-5F7653DEA192}","created_user":"johnyjurisich_CVCarbon","created_date":1783513258330,"last_edited_user":"johnyjurisich_CVCarbon","last_edited_date":1783513258330,"polling_date":1783513232000,"permission_group":"johnyjurisich_CVCarbon,JJurisich_CVCarbon","lease_number":"32024","archive":null}},{"type":"Feature","id":1524,"geometry":{"type":"Point","coordinates":[-9976358.3325999994,3424493.8866999969]},"properties":{"OBJECTID":1524,"substrate":"Scattered Shell","substrate_type":null,"buried_shell_depth":null,"water_depth":null,"GlobalID":"{923695ED-DBF2-4E2E-B259-8562C02EE4CD}","created_user":"johnyjurisich_CVCarbon","created_date":1783513258330,"last_edited_user":"johnyjurisich_CVCarbon","last_edited_date":1783513258330,"polling_date":1783513226000,"permission_group":"johnyjurisich_CVCarbon,JJurisich_CVCarbon","lease_number":"32024","archive":null}},{"type":"Feature","id":1525,"geometry":{"type":"Point","coordinates":[-9976444.8500999995,3424589.8430000022]},"properties":{"OBJECTID":1525,"substrate":"Scattered Shell","substrate_type":null,"buried_shell_depth":null,"water_depth":null,"GlobalID":"{94A2027E-19A3-4B2F-BDC7-E219F8133828}","created_user":"johnyjurisich_CVCarbon","created_date":1783513785017,"last_edited_user":"johnyjurisich_CVCarbon","last_edited_date":1783513785017,"polling_date":1783513747000,"permission_group":"johnyjurisich_CVCarbon,JJurisich_CVCarbon","lease_number":"32024","archive":null}},{"type":"Feature","id":1526,"geometry":{"type":"Point","coordinates":[-9976444.8500999995,3424589.8430000022]},"properties":{"OBJECTID":1526,"substrate":"Scattered Shell","substrate_type":null,"buried_shell_depth":null,"water_depth":null,"GlobalID":"{FE425290-3400-4EC1-8DD7-4A9B1705428F}","created_user":"johnyjurisich_CVCarbon","created_date":1783513785017,"last_edited_user":"johnyjurisich_CVCarbon","last_edited_date":1783513785017,"polling_date":1783513747000,"permission_group":"johnyjurisich_CVCarbon,JJurisich_CVCarbon","lease_number":"32024","archive":null}},{"type":"Feature","id":1527,"geometry":{"type":"Point","coordinates":[-9976443.8258999996,3424586.6490999982]},"properties":{"OBJECTID":1527,"substrate":"Scattered Shell","substrate_type":null,"buried_shell_depth":null,"water_depth":null,"GlobalID":"{EBA41EC6-960E-4DC5-AF10-BF429F7658FC}","created_user":"johnyjurisich_CVCarbon","created_date":1783513785017,"last_edited_user":"johnyjurisich_CVCarbon","last_edited_date":1783513785017,"polling_date":1783513746000,"permission_group":"johnyjurisich_CVCarbon,JJurisich_CVCarbon","lease_number":"32024","archive":null}},{"type":"Feature","id":1528,"geometry":{"type":"Point","coordinates":[-9976443.8258999996,3424586.6490999982]},"properties":{"OBJECTID":1528,"substrate":"Scattered Shell","substrate_type":null,"buried_shell_depth":null,"water_depth":null,"GlobalID":"{ADC62AD1-F3D5-42BB-9E22-6DCCB6B189D9}","created_user":"johnyjurisich_CVCarbon","created_date":1783513785017,"last_edited_user":"johnyjurisich_CVCarbon","last_edited_date":1783513785017,"polling_date":1783513746000,"permission_group":"johnyjurisich_CVCarbon,JJurisich_CVCarbon","lease_number":"32024","archive":null}},{"type":"Feature","id":1529,"geometry":{"type":"Point","coordinates":[-9976442.9464999996,3424583.5191000029]},"properties":{"OBJECTID":1529,"substrate":"Scattered Shell","substrate_type":null,"buried_shell_depth":null,"water_depth":null,"GlobalID":"{67C96797-BD45-4D35-9E04-79C67697781C}","created_user":"johnyjurisich_CVCarbon","created_date":1783513785017,"last_edited_user":"johnyjurisich_CVCarbon","last_edited_date":1783513785017,"polling_date":1783513745000,"permission_group":"johnyjurisich_CVCarbon,JJurisich_CVCarbon","lease_number":"32024","archive":null}},{"type":"Feature","id":1530,"geometry":{"type":"Point","coordinates":[-9976442.9464999996,3424583.5191000029]},"properties":{"OBJECTID":1530,"substrate":"Scattered Shell","substrate_type":null,"buried_shell_depth":null,"water_depth":null,"GlobalID":"{4EBADAC3-863B-448C-97FB-C7576F5BB6A8}","created_user":"johnyjurisich_CVCarbon","created_date":1783513785017,"last_edited_user":"johnyjurisich_CVCarbon","last_edited_date":1783513785017,"polling_date":1783513745000,"permission_group":"johnyjurisich_CVCarbon,JJurisich_CVCarbon","lease_number":"32024","archive":null}},{"type":"Feature","id":1531,"geometry":{"type":"Point","coordinates":[-9976441.7887999993,3424580.3764000013]},"properties":{"OBJECTID":1531,"substrate":"Scattered Shell","substrate_type":null,"buried_shell_depth":null,"water_depth":null,"GlobalID":"{B7FEB6BB-A767-4A78-8106-A79EE459E3D4}","created_user":"johnyjurisich_CVCarbon","created_date":1783513785017,"last_edited_user":"johnyjurisich_CVCarbon","last_edited_date":1783513785017,"polling_date":1783513744000,"permission_group":"johnyjurisich_CVCarbon,JJurisich_CVCarbon","lease_number":"32024","archive":null}},{"type":"Feature","id":1532,"geometry":{"type":"Point","coordinates":[-9976440.6755999997,3424577.2207999974]},"properties":{"OBJECTID":1532,"substrate":"Scattered Shell","substrate_type":null,"buried_shell_depth":null,"water_depth":null,"GlobalID":"{189476E6-DCBB-4AFD-B140-A005F2309890}","created_user":"johnyjurisich_CVCarbon","created_date":1783513785017,"last_edited_user":"johnyjurisich_CVCarbon","last_edited_date":1783513785017,"polling_date":1783513743000,"permission_group":"johnyjurisich_CVCarbon,JJurisich_CVCarbon","lease_number":"32024","archive":null}},{"type":"Feature","id":1533,"geometry":{"type":"Point","coordinates":[-9976440.6755999997,3424577.2207999974]},"properties":{"OBJECTID":1533,"substrate":"Scattered Shell","substrate_type":null,"buried_shell_depth":null,"water_depth":null,"GlobalID":"{4D635FCE-6345-4BF5-BFD7-ABE4C71445F8}","created_user":"johnyjurisich_CVCarbon","created_date":1783513785017,"last_edited_user":"johnyjurisich_CVCarbon","last_edited_date":1783513785017,"polling_date":1783513743000,"permission_group":"johnyjurisich_CVCarbon,JJurisich_CVCarbon","lease_number":"32024","archive":null}},{"type":"Feature","id":1534,"geometry":{"type":"Point","coordinates":[-9976439.3398000002,3424574.1291999966]},"properties":{"OBJECTID":1534,"substrate":"Scattered Shell","substrate_type":null,"buried_shell_depth":null,"water_depth":null,"GlobalID":"{40DF45FF-5DDC-471D-973B-FA37CCC96D8C}","created_user":"johnyjurisich_CVCarbon","created_date":1783513785017,"last_edited_user":"johnyjurisich_CVCarbon","last_edited_date":1783513785017,"polling_date":1783513742000,"permission_group":"johnyjurisich_CVCarbon,JJurisich_CVCarbon","lease_number":"32024","archive":null}},{"type":"Feature","id":1535,"geometry":{"type":"Point","coordinates":[-9976439.3398000002,3424574.1291999966]},"properties":{"OBJECTID":1535,"substrate":"Scattered Shell","substrate_type":null,"buried_shell_depth":null,"water_depth":null,"GlobalID":"{38DECBA6-DFE6-474E-94A2-64A71A999B7A}","created_user":"johnyjurisich_CVCarbon","created_date":1783513785017,"last_edited_user":"johnyjurisich_CVCarbon","last_edited_date":1783513785017,"polling_date":1783513742000,"permission_group":"johnyjurisich_CVCarbon,JJurisich_CVCarbon","lease_number":"32024","archive":null}},{"type":"Feature","id":1536,"geometry":{"type":"Point","coordinates":[-9976437.9483000003,3424571.2163999975]},"properties":{"OBJECTID":1536,"substrate":"Scattered Shell","substrate_type":null,"buried_shell_depth":null,"water_depth":null,"GlobalID":"{559D3554-07E0-4B3D-81AA-5A3E350B207F}","created_user":"johnyjurisich_CVCarbon","created_date":1783513785017,"last_edited_user":"johnyjurisich_CVCarbon","last_edited_date":1783513785017,"polling_date":1783513741000,"permission_group":"johnyjurisich_CVCarbon,JJurisich_CVCarbon","lease_number":"32024","archive":null}},{"type":"Feature","id":1537,"geometry":{"type":"Point","coordinates":[-9976436.4121000003,3424568.2524999976]},"properties":{"OBJECTID":1537,"substrate":"Solid Reef","substrate_type":null,"buried_shell_depth":null,"water_depth":null,"GlobalID":"{ECC88AFB-A215-4F32-96E2-D7BFA28A5B32}","created_user":"johnyjurisich_CVCarbon","created_date":1783513785017,"last_edited_user":"johnyjurisich_CVCarbon","last_edited_date":1783513785017,"polling_date":1783513740000,"permission_group":"johnyjurisich_CVCarbon,JJurisich_CVCarbon","lease_number":"32024","archive":null}},{"type":"Feature","id":1538,"geometry":{"type":"Point","coordinates":[-9976436.4121000003,3424568.2524999976]},"properties":{"OBJECTID":1538,"substrate":"Scattered Shell","substrate_type":null,"buried_shell_depth":null,"water_depth":null,"GlobalID":"{E5F91A91-B6CE-4456-B10B-DF27253AEA53}","created_user":"johnyjurisich_CVCarbon","created_date":1783513785017,"last_edited_user":"johnyjurisich_CVCarbon","last_edited_date":1783513785017,"polling_date":1783513740000,"permission_group":"johnyjurisich_CVCarbon,JJurisich_CVCarbon","lease_number":"32024","archive":null}},{"type":"Feature","id":1539,"geometry":{"type":"Point","coordinates":[-9976434.9203999992,3424565.5824000016]},"properties":{"OBJECTID":1539,"substrate":"Solid Reef","substrate_type":null,"buried_shell_depth":null,"water_depth":null,"GlobalID":"{22742337-2AB3-4533-9609-C8BE8B2AC980}","created_user":"johnyjurisich_CVCarbon","created_date":1783513785017,"last_edited_user":"johnyjurisich_CVCarbon","last_edited_date":1783513785017,"polling_date":1783513739000,"permission_group":"johnyjurisich_CVCarbon,JJurisich_CVCarbon","lease_number":"32024","archive":null}},{"type":"Feature","id":1540,"geometry":{"type":"Point","coordinates":[-9976425.3803000003,3424556.5628999993]},"properties":{"OBJECTID":1540,"substrate":"Solid Reef","substrate_type":null,"buried_shell_depth":null,"water_depth":null,"GlobalID":"{D3D7EFF3-4C3C-4E5F-9974-06487E024C8C}","created_user":"johnyjurisich_CVCarbon","created_date":1783513785017,"last_edited_user":"johnyjurisich_CVCarbon","last_edited_date":1783513785017,"polling_date":1783513734000,"permission_group":"johnyjurisich_CVCarbon,JJurisich_CVCarbon","lease_number":"32024","archive":null}},{"type":"Feature","id":1541,"geometry":{"type":"Point","coordinates":[-9976600.9757000003,3424750.8918000013]},"properties":{"OBJECTID":1541,"substrate":"Mud","substrate_type":null,"buried_shell_depth":null,"water_depth":null,"GlobalID":"{9B15373B-7EC8-4C0A-9852-D9F3C07BCB92}","created_user":"johnyjurisich_CVCarbon","created_date":1783515299076,"last_edited_user":"johnyjurisich_CVCarbon","last_edited_date":1783515299076,"polling_date":1783515263000,"permission_group":"johnyjurisich_CVCarbon,JJurisich_CVCarbon","lease_number":"32024","archive":null}},{"type":"Feature","id":1542,"geometry":{"type":"Point","coordinates":[-9976601.0980999991,3424757.8672999963]},"properties":{"OBJECTID":1542,"substrate":"Mud","substrate_type":null,"buried_shell_depth":null,"water_depth":null,"GlobalID":"{A8B7A42A-C65D-4782-9DF3-45812D101945}","created_user":"johnyjurisich_CVCarbon","created_date":1783515299076,"last_edited_user":"johnyjurisich_CVCarbon","last_edited_date":1783515299076,"polling_date":1783515261000,"permission_group":"johnyjurisich_CVCarbon,JJurisich_CVCarbon","lease_number":"32024","archive":null}},{"type":"Feature","id":1543,"geometry":{"type":"Point","coordinates":[-9976642.4756000005,3424784.3128999993]},"properties":{"OBJECTID":1543,"substrate":"Solid Reef","substrate_type":null,"buried_shell_depth":null,"water_depth":null,"GlobalID":"{9F93E876-4BF2-4FA2-BF33-A09A1683663E}","created_user":"johnyjurisich_CVCarbon","created_date":1783515329141,"last_edited_user":"johnyjurisich_CVCarbon","last_edited_date":1783515329141,"polling_date":1783515297000,"permission_group":"johnyjurisich_CVCarbon,JJurisich_CVCarbon","lease_number":"32024","archive":null}},{"type":"Feature","id":1544,"geometry":{"type":"Point","coordinates":[-9976711.7497000005,3424955.7252999991]},"properties":{"OBJECTID":1544,"substrate":"Mud","substrate_type":null,"buried_shell_depth":null,"water_depth":null,"GlobalID":"{3521A169-F1E0-49B6-8E6D-CA33EF9192D4}","created_user":"johnyjurisich_CVCarbon","created_date":1783515882863,"last_edited_user":"johnyjurisich_CVCarbon","last_edited_date":1783515882863,"polling_date":1783515855000,"permission_group":"johnyjurisich_CVCarbon,JJurisich_CVCarbon","lease_number":"32024","archive":null}}]}