{"type":"FeatureCollection","name":"bay_boudreau_polling","features":[{"type":"Feature","properties":{"s":"firm","phase":"before","lease":"30260"},"geometry":{"type":"Point","coordinates":[-89.366027,29.992755]}},{"type":"Feature","properties":{"s":"firm","phase":"before","lease":"30260"},"geometry":{"type":"Point","coordinates":[-89.366247,29.992723]}},{"type":"Feature","properties":{"s":"firm","phase":"before","lease":"30260"},"geometry":{"type":"Point","coordinates":[-89.366458,29.992681]}},{"type":"Feature","properties":{"s":"firm","phase":"before","lease":"30260"},"geometry":{"type":"Point","coordinates":[-89.358177,29.994634]}},{"type":"Feature","properties":{"s":"firm","phase":"before","lease":"30260"},"geometry":{"type":"Point","coordinates":[-89.358357,29.994598]}},{"type":"Feature","properties":{"s":"firm","phase":"before","lease":"30260"},"geometry":{"type":"Point","coordinates":[-89.358543,29.994564]}},{"type":"Feature","properties":{"s":"firm","phase":"before","lease":"30260"},"geometry":{"type":"Point","coordinates":[-89.358729,29.994523]}},{"type":"Feature","properties":{"s":"firm","phase":"before","lease":"30260"},"geometry":{"type":"Point","coordinates":[-89.358966,29.994495]}},{"type":"Feature","properties":{"s":"firm","phase":"before","lease":"30260"},"geometry":{"type":"Point","coordinates":[-89.359103,29.994477]}},{"type":"Feature","properties":{"s":"firm","phase":"before","lease":"30260"},"geometry":{"type":"Point","coordinates":[-89.359362,29.994456]}},{"type":"Feature","properties":{"s":"firm","phase":"before","lease":"30260"},"geometry":{"type":"Point","coordinates":[-89.35959,29.99443]}},{"type":"Feature","properties":{"s":"firm","phase":"before","lease":"30260"},"geometry":{"type":"Point","coordinates":[-89.359818,29.99441]}},{"type":"Feature","properties":{"s":"firm","phase":"before","lease":"30260"},"geometry":{"type":"Point","coordinates":[-89.360147,29.994364]}},{"type":"Feature","properties":{"s":"firm","phase":"before","lease":"30260"},"geometry":{"type":"Point","coordinates":[-89.362283,29.994349]}},{"type":"Feature","properties":{"s":"firm","phase":"before","lease":"30260"},"geometry":{"type":"Point","coordinates":[-89.362551,29.994399]}},{"type":"Feature","properties":{"s":"firm","phase":"before","lease":"30260"},"geometry":{"type":"Point","coordinates":[-89.362722,29.994447]}},{"type":"Feature","properties":{"s":"firm","phase":"before","lease":"30260"},"geometry":{"type":"Point","coordinates":[-89.362884,29.994523]}},{"type":"Feature","properties":{"s":"firm","phase":"before","lease":"30260"},"geometry":{"type":"Point","coordinates":[-89.363056,29.994634]}},{"type":"Feature","properties":{"s":"firm","phase":"before","lease":"30260"},"geometry":{"type":"Point","coordinates":[-89.363203,29.99474]}},{"type":"Feature","properties":{"s":"firm","phase":"before","lease":"30260"},"geometry":{"type":"Point","coordinates":[-89.36343,29.994929]}},{"type":"Feature","properties":{"s":"firm","phase":"before","lease":"30260"},"geometry":{"type":"Point","coordinates":[-89.363526,29.995014]}},{"type":"Feature","properties":{"s":"firm","phase":"before","lease":"30260"},"geometry":{"type":"Point","coordinates":[-89.360748,29.994824]}},{"type":"Feature","properties":{"s":"firm","phase":"before","lease":"30260"},"geometry":{"type":"Point","coordinates":[-89.360582,29.994844]}},{"type":"Feature","properties":{"s":"firm","phase":"before","lease":"30260"},"geometry":{"type":"Point","coordinates":[-89.360421,29.994867]}},{"type":"Feature","properties":{"s":"firm","phase":"before","lease":"30260"},"geometry":{"type":"Point","coordinates":[-89.360218,29.994898]}},{"type":"Feature","properties":{"s":"firm","phase":"before","lease":"30260"},"geometry":{"type":"Point","coordinates":[-89.360018,29.994947]}},{"type":"Feature","properties":{"s":"firm","phase":"before","lease":"30260"},"geometry":{"type":"Point","coordinates":[-89.35985,29.994985]}},{"type":"Feature","properties":{"s":"firm","phase":"before","lease":"30260"},"geometry":{"type":"Point","coordinates":[-89.359652,29.995027]}},{"type":"Feature","properties":{"s":"firm","phase":"before","lease":"30260"},"geometry":{"type":"Point","coordinates":[-89.359488,29.99505]}},{"type":"Feature","properties":{"s":"buried","phase":"before","lease":"30260"},"geometry":{"type":"Point","coordinates":[-89.359323,29.995056]}},{"type":"Feature","properties":{"s":"firm","phase":"before","lease":"30260"},"geometry":{"type":"Point","coordinates":[-89.359151,29.995061]}},{"type":"Feature","properties":{"s":"firm","phase":"before","lease":"30260"},"geometry":{"type":"Point","coordinates":[-89.358902,29.995071]}},{"type":"Feature","properties":{"s":"firm","phase":"before","lease":"30260"},"geometry":{"type":"Point","coordinates":[-89.358734,29.99508]}},{"type":"Feature","properties":{"s":"firm","phase":"before","lease":"30260"},"geometry":{"type":"Point","coordinates":[-89.358533,29.995087]}},{"type":"Feature","properties":{"s":"firm","phase":"before","lease":"30260"},"geometry":{"type":"Point","coordinates":[-89.358325,29.995094]}},{"type":"Feature","properties":{"s":"firm","phase":"before","lease":"30260"},"geometry":{"type":"Point","coordinates":[-89.358112,29.995104]}},{"type":"Feature","properties":{"s":"firm","phase":"before","lease":"30260"},"geometry":{"type":"Point","coordinates":[-89.357953,29.995106]}},{"type":"Feature","properties":{"s":"firm","phase":"before","lease":"30260"},"geometry":{"type":"Point","coordinates":[-89.357784,29.995106]}},{"type":"Feature","properties":{"s":"firm","phase":"before","lease":"30260"},"geometry":{"type":"Point","coordinates":[-89.357574,29.995105]}},{"type":"Feature","properties":{"s":"firm","phase":"before","lease":"30260"},"geometry":{"type":"Point","coordinates":[-89.357724,29.995383]}},{"type":"Feature","properties":{"s":"firm","phase":"before","lease":"30260"},"geometry":{"type":"Point","coordinates":[-89.358073,29.995334]}},{"type":"Feature","properties":{"s":"firm","phase":"before","lease":"30260"},"geometry":{"type":"Point","coordinates":[-89.358321,29.995326]}},{"type":"Feature","properties":{"s":"firm","phase":"before","lease":"30260"},"geometry":{"type":"Point","coordinates":[-89.358617,29.995333]}},{"type":"Feature","properties":{"s":"firm","phase":"before","lease":"30260"},"geometry":{"type":"Point","coordinates":[-89.35893,29.995353]}},{"type":"Feature","properties":{"s":"firm","phase":"before","lease":"30260"},"geometry":{"type":"Point","coordinates":[-89.35936,29.995383]}},{"type":"Feature","properties":{"s":"firm","phase":"before","lease":"30260"},"geometry":{"type":"Point","coordinates":[-89.359681,29.995358]}},{"type":"Feature","properties":{"s":"firm","phase":"before","lease":"30260"},"geometry":{"type":"Point","coordinates":[-89.359992,29.995291]}},{"type":"Feature","properties":{"s":"firm","phase":"before","lease":"30260"},"geometry":{"type":"Point","coordinates":[-89.360307,29.995222]}},{"type":"Feature","properties":{"s":"firm","phase":"before","lease":"30260"},"geometry":{"type":"Point","coordinates":[-89.360538,29.995173]}},{"type":"Feature","properties":{"s":"firm","phase":"before","lease":"30260"},"geometry":{"type":"Point","coordinates":[-89.360823,29.995132]}},{"type":"Feature","properties":{"s":"firm","phase":"before","lease":"30260"},"geometry":{"type":"Point","coordinates":[-89.361059,29.995102]}},{"type":"Feature","properties":{"s":"firm","phase":"before","lease":"30260"},"geometry":{"type":"Point","coordinates":[-89.361356,29.995072]}},{"type":"Feature","properties":{"s":"firm","phase":"before","lease":"30260"},"geometry":{"type":"Point","coordinates":[-89.361664,29.995024]}},{"type":"Feature","properties":{"s":"firm","phase":"before","lease":"30260"},"geometry":{"type":"Point","coordinates":[-89.36198,29.994969]}},{"type":"Feature","properties":{"s":"firm","phase":"before","lease":"30260"},"geometry":{"type":"Point","coordinates":[-89.362303,29.994914]}},{"type":"Feature","properties":{"s":"firm","phase":"before","lease":"30260"},"geometry":{"type":"Point","coordinates":[-89.362696,29.994894]}},{"type":"Feature","properties":{"s":"firm","phase":"before","lease":"30260"},"geometry":{"type":"Point","coordinates":[-89.363155,29.994874]}},{"type":"Feature","properties":{"s":"firm","phase":"before","lease":"30260"},"geometry":{"type":"Point","coordinates":[-89.363391,29.994854]}},{"type":"Feature","properties":{"s":"firm","phase":"before","lease":"30260"},"geometry":{"type":"Point","coordinates":[-89.363767,29.994807]}},{"type":"Feature","properties":{"s":"firm","phase":"before","lease":"30260"},"geometry":{"type":"Point","coordinates":[-89.364013,29.994785]}},{"type":"Feature","properties":{"s":"firm","phase":"before","lease":"30260"},"geometry":{"type":"Point","coordinates":[-89.364323,29.994739]}},{"type":"Feature","properties":{"s":"firm","phase":"before","lease":"30260"},"geometry":{"type":"Point","coordinates":[-89.364573,29.99472]}},{"type":"Feature","properties":{"s":"firm","phase":"before","lease":"30260"},"geometry":{"type":"Point","coordinates":[-89.364969,29.994717]}},{"type":"Feature","properties":{"s":"firm","phase":"before","lease":"30260"},"geometry":{"type":"Point","coordinates":[-89.365291,29.994707]}},{"type":"Feature","properties":{"s":"firm","phase":"before","lease":"30260"},"geometry":{"type":"Point","coordinates":[-89.365601,29.994683]}},{"type":"Feature","properties":{"s":"firm","phase":"before","lease":"30260"},"geometry":{"type":"Point","coordinates":[-89.365892,29.994657]}},{"type":"Feature","properties":{"s":"firm","phase":"before","lease":"30260"},"geometry":{"type":"Point","coordinates":[-89.366134,29.994653]}},{"type":"Feature","properties":{"s":"firm","phase":"before","lease":"30260"},"geometry":{"type":"Point","coordinates":[-89.366424,29.994665]}},{"type":"Feature","properties":{"s":"firm","phase":"before","lease":"30260"},"geometry":{"type":"Point","coordinates":[-89.366796,29.994678]}},{"type":"Feature","properties":{"s":"firm","phase":"before","lease":"30260"},"geometry":{"type":"Point","coordinates":[-89.367054,29.994679]}},{"type":"Feature","properties":{"s":"firm","phase":"before","lease":"30260"},"geometry":{"type":"Point","coordinates":[-89.367391,29.99468]}},{"type":"Feature","properties":{"s":"firm","phase":"before","lease":"30260"},"geometry":{"type":"Point","coordinates":[-89.367768,29.994669]}},{"type":"Feature","properties":{"s":"firm","phase":"before","lease":"30260"},"geometry":{"type":"Point","coordinates":[-89.368087,29.994656]}},{"type":"Feature","properties":{"s":"firm","phase":"before","lease":"30260"},"geometry":{"type":"Point","coordinates":[-89.368346,29.994649]}},{"type":"Feature","properties":{"s":"firm","phase":"before","lease":"30260"},"geometry":{"type":"Point","coordinates":[-89.368648,29.994652]}},{"type":"Feature","properties":{"s":"firm","phase":"before","lease":"30260"},"geometry":{"type":"Point","coordinates":[-89.368953,29.994676]}},{"type":"Feature","properties":{"s":"firm","phase":"before","lease":"30260"},"geometry":{"type":"Point","coordinates":[-89.369208,29.994694]}},{"type":"Feature","properties":{"s":"firm","phase":"before","lease":"30260"},"geometry":{"type":"Point","coordinates":[-89.369531,29.994714]}},{"type":"Feature","properties":{"s":"firm","phase":"before","lease":"30260"},"geometry":{"type":"Point","coordinates":[-89.369908,29.99475]}},{"type":"Feature","properties":{"s":"firm","phase":"before","lease":"30260"},"geometry":{"type":"Point","coordinates":[-89.370217,29.994792]}},{"type":"Feature","properties":{"s":"firm","phase":"before","lease":"30260"},"geometry":{"type":"Point","coordinates":[-89.370532,29.994784]}},{"type":"Feature","properties":{"s":"firm","phase":"before","lease":"30260"},"geometry":{"type":"Point","coordinates":[-89.370783,29.994764]}},{"type":"Feature","properties":{"s":"firm","phase":"before","lease":"30260"},"geometry":{"type":"Point","coordinates":[-89.371174,29.99475]}},{"type":"Feature","properties":{"s":"firm","phase":"before","lease":"30260"},"geometry":{"type":"Point","coordinates":[-89.371499,29.994746]}},{"type":"Feature","properties":{"s":"firm","phase":"before","lease":"30260"},"geometry":{"type":"Point","coordinates":[-89.371749,29.994764]}},{"type":"Feature","properties":{"s":"firm","phase":"before","lease":"30260"},"geometry":{"type":"Point","coordinates":[-89.371744,29.995086]}},{"type":"Feature","properties":{"s":"firm","phase":"before","lease":"30260"},"geometry":{"type":"Point","coordinates":[-89.371413,29.995112]}},{"type":"Feature","properties":{"s":"firm","phase":"before","lease":"30260"},"geometry":{"type":"Point","coordinates":[-89.371164,29.995105]}},{"type":"Feature","properties":{"s":"firm","phase":"before","lease":"30260"},"geometry":{"type":"Point","coordinates":[-89.370957,29.995096]}},{"type":"Feature","properties":{"s":"firm","phase":"before","lease":"30260"},"geometry":{"type":"Point","coordinates":[-89.370793,29.995075]}},{"type":"Feature","properties":{"s":"firm","phase":"before","lease":"30260"},"geometry":{"type":"Point","coordinates":[-89.370589,29.995068]}},{"type":"Feature","properties":{"s":"firm","phase":"before","lease":"30260"},"geometry":{"type":"Point","coordinates":[-89.370431,29.995054]}},{"type":"Feature","properties":{"s":"firm","phase":"before","lease":"30260"},"geometry":{"type":"Point","coordinates":[-89.370211,29.995039]}},{"type":"Feature","properties":{"s":"firm","phase":"before","lease":"30260"},"geometry":{"type":"Point","coordinates":[-89.370002,29.995035]}},{"type":"Feature","properties":{"s":"firm","phase":"before","lease":"30260"},"geometry":{"type":"Point","coordinates":[-89.369753,29.995032]}},{"type":"Feature","properties":{"s":"firm","phase":"before","lease":"30260"},"geometry":{"type":"Point","coordinates":[-89.369534,29.995024]}},{"type":"Feature","properties":{"s":"firm","phase":"before","lease":"30260"},"geometry":{"type":"Point","coordinates":[-89.369325,29.995013]}},{"type":"Feature","properties":{"s":"firm","phase":"before","lease":"30260"},"geometry":{"type":"Point","coordinates":[-89.369117,29.994998]}},{"type":"Feature","properties":{"s":"firm","phase":"before","lease":"30260"},"geometry":{"type":"Point","coordinates":[-89.368865,29.994976]}},{"type":"Feature","properties":{"s":"firm","phase":"before","lease":"30260"},"geometry":{"type":"Point","coordinates":[-89.368621,29.994943]}},{"type":"Feature","properties":{"s":"firm","phase":"before","lease":"30260"},"geometry":{"type":"Point","coordinates":[-89.368446,29.994925]}},{"type":"Feature","properties":{"s":"firm","phase":"before","lease":"30260"},"geometry":{"type":"Point","coordinates":[-89.368277,29.994937]}},{"type":"Feature","properties":{"s":"firm","phase":"before","lease":"30260"},"geometry":{"type":"Point","coordinates":[-89.368078,29.994944]}},{"type":"Feature","properties":{"s":"firm","phase":"before","lease":"30260"},"geometry":{"type":"Point","coordinates":[-89.367837,29.994953]}},{"type":"Feature","properties":{"s":"firm","phase":"before","lease":"30260"},"geometry":{"type":"Point","coordinates":[-89.367622,29.994963]}},{"type":"Feature","properties":{"s":"firm","phase":"before","lease":"30260"},"geometry":{"type":"Point","coordinates":[-89.367447,29.994964]}},{"type":"Feature","properties":{"s":"firm","phase":"before","lease":"30260"},"geometry":{"type":"Point","coordinates":[-89.367156,29.994958]}},{"type":"Feature","properties":{"s":"firm","phase":"before","lease":"30260"},"geometry":{"type":"Point","coordinates":[-89.366945,29.994968]}},{"type":"Feature","properties":{"s":"firm","phase":"before","lease":"30260"},"geometry":{"type":"Point","coordinates":[-89.366689,29.994955]}},{"type":"Feature","properties":{"s":"firm","phase":"before","lease":"30260"},"geometry":{"type":"Point","coordinates":[-89.366476,29.99496]}},{"type":"Feature","properties":{"s":"firm","phase":"before","lease":"30260"},"geometry":{"type":"Point","coordinates":[-89.366229,29.994967]}},{"type":"Feature","properties":{"s":"firm","phase":"before","lease":"30260"},"geometry":{"type":"Point","coordinates":[-89.365984,29.995002]}},{"type":"Feature","properties":{"s":"firm","phase":"before","lease":"30260"},"geometry":{"type":"Point","coordinates":[-89.365821,29.995043]}},{"type":"Feature","properties":{"s":"firm","phase":"before","lease":"30260"},"geometry":{"type":"Point","coordinates":[-89.365618,29.995093]}},{"type":"Feature","properties":{"s":"firm","phase":"before","lease":"30260"},"geometry":{"type":"Point","coordinates":[-89.36546,29.995133]}},{"type":"Feature","properties":{"s":"firm","phase":"before","lease":"30260"},"geometry":{"type":"Point","coordinates":[-89.365223,29.995185]}},{"type":"Feature","properties":{"s":"firm","phase":"before","lease":"30260"},"geometry":{"type":"Point","coordinates":[-89.364972,29.995236]}},{"type":"Feature","properties":{"s":"firm","phase":"before","lease":"30260"},"geometry":{"type":"Point","coordinates":[-89.36476,29.995276]}},{"type":"Feature","properties":{"s":"firm","phase":"before","lease":"30260"},"geometry":{"type":"Point","coordinates":[-89.364518,29.995298]}},{"type":"Feature","properties":{"s":"firm","phase":"before","lease":"30260"},"geometry":{"type":"Point","coordinates":[-89.364265,29.99532]}},{"type":"Feature","properties":{"s":"firm","phase":"before","lease":"30260"},"geometry":{"type":"Point","coordinates":[-89.364019,29.995331]}},{"type":"Feature","properties":{"s":"firm","phase":"before","lease":"30260"},"geometry":{"type":"Point","coordinates":[-89.363808,29.995343]}},{"type":"Feature","properties":{"s":"firm","phase":"before","lease":"30260"},"geometry":{"type":"Point","coordinates":[-89.363547,29.995359]}},{"type":"Feature","properties":{"s":"firm","phase":"before","lease":"30260"},"geometry":{"type":"Point","coordinates":[-89.363337,29.995371]}},{"type":"Feature","properties":{"s":"firm","phase":"before","lease":"30260"},"geometry":{"type":"Point","coordinates":[-89.363129,29.995379]}},{"type":"Feature","properties":{"s":"firm","phase":"before","lease":"30260"},"geometry":{"type":"Point","coordinates":[-89.362921,29.995379]}},{"type":"Feature","properties":{"s":"firm","phase":"before","lease":"30260"},"geometry":{"type":"Point","coordinates":[-89.362673,29.995378]}},{"type":"Feature","properties":{"s":"firm","phase":"before","lease":"30260"},"geometry":{"type":"Point","coordinates":[-89.362468,29.99538]}},{"type":"Feature","properties":{"s":"firm","phase":"before","lease":"30260"},"geometry":{"type":"Point","coordinates":[-89.362213,29.995383]}},{"type":"Feature","properties":{"s":"firm","phase":"before","lease":"30260"},"geometry":{"type":"Point","coordinates":[-89.361896,29.995393]}},{"type":"Feature","properties":{"s":"firm","phase":"before","lease":"30260"},"geometry":{"type":"Point","coordinates":[-89.361731,29.995388]}},{"type":"Feature","properties":{"s":"firm","phase":"before","lease":"30260"},"geometry":{"type":"Point","coordinates":[-89.361522,29.995391]}},{"type":"Feature","properties":{"s":"firm","phase":"before","lease":"30260"},"geometry":{"type":"Point","coordinates":[-89.361265,29.99541]}},{"type":"Feature","properties":{"s":"firm","phase":"before","lease":"30260"},"geometry":{"type":"Point","coordinates":[-89.361068,29.995432]}},{"type":"Feature","properties":{"s":"firm","phase":"before","lease":"30260"},"geometry":{"type":"Point","coordinates":[-89.36085,29.995473]}},{"type":"Feature","properties":{"s":"firm","phase":"before","lease":"30260"},"geometry":{"type":"Point","coordinates":[-89.360683,29.995486]}},{"type":"Feature","properties":{"s":"firm","phase":"before","lease":"30260"},"geometry":{"type":"Point","coordinates":[-89.360476,29.995506]}},{"type":"Feature","properties":{"s":"firm","phase":"before","lease":"30260"},"geometry":{"type":"Point","coordinates":[-89.360232,29.995521]}},{"type":"Feature","properties":{"s":"firm","phase":"before","lease":"30260"},"geometry":{"type":"Point","coordinates":[-89.35999,29.995519]}},{"type":"Feature","properties":{"s":"firm","phase":"before","lease":"30260"},"geometry":{"type":"Point","coordinates":[-89.359734,29.995541]}},{"type":"Feature","properties":{"s":"firm","phase":"before","lease":"30260"},"geometry":{"type":"Point","coordinates":[-89.359578,29.995561]}},{"type":"Feature","properties":{"s":"firm","phase":"before","lease":"30260"},"geometry":{"type":"Point","coordinates":[-89.359374,29.995584]}},{"type":"Feature","properties":{"s":"firm","phase":"before","lease":"30260"},"geometry":{"type":"Point","coordinates":[-89.359215,29.995607]}},{"type":"Feature","properties":{"s":"firm","phase":"before","lease":"30260"},"geometry":{"type":"Point","coordinates":[-89.359012,29.995629]}},{"type":"Feature","properties":{"s":"firm","phase":"before","lease":"30260"},"geometry":{"type":"Point","coordinates":[-89.35876,29.995656]}},{"type":"Feature","properties":{"s":"firm","phase":"before","lease":"30260"},"geometry":{"type":"Point","coordinates":[-89.358549,29.995676]}},{"type":"Feature","properties":{"s":"firm","phase":"before","lease":"30260"},"geometry":{"type":"Point","coordinates":[-89.358337,29.99569]}},{"type":"Feature","properties":{"s":"firm","phase":"before","lease":"30260"},"geometry":{"type":"Point","coordinates":[-89.358133,29.995699]}},{"type":"Feature","properties":{"s":"firm","phase":"before","lease":"30260"},"geometry":{"type":"Point","coordinates":[-89.357964,29.995714]}},{"type":"Feature","properties":{"s":"firm","phase":"before","lease":"30260"},"geometry":{"type":"Point","coordinates":[-89.358142,29.995812]}},{"type":"Feature","properties":{"s":"firm","phase":"before","lease":"30260"},"geometry":{"type":"Point","coordinates":[-89.358406,29.995864]}},{"type":"Feature","properties":{"s":"firm","phase":"before","lease":"30260"},"geometry":{"type":"Point","coordinates":[-89.35875,29.995908]}},{"type":"Feature","properties":{"s":"firm","phase":"before","lease":"30260"},"geometry":{"type":"Point","coordinates":[-89.359268,29.99589]}},{"type":"Feature","properties":{"s":"firm","phase":"before","lease":"30260"},"geometry":{"type":"Point","coordinates":[-89.359567,29.995808]}},{"type":"Feature","properties":{"s":"firm","phase":"before","lease":"30260"},"geometry":{"type":"Point","coordinates":[-89.359867,29.995737]}},{"type":"Feature","properties":{"s":"firm","phase":"before","lease":"30260"},"geometry":{"type":"Point","coordinates":[-89.36013,29.995709]}},{"type":"Feature","properties":{"s":"firm","phase":"before","lease":"30260"},"geometry":{"type":"Point","coordinates":[-89.360569,29.99563]}},{"type":"Feature","properties":{"s":"firm","phase":"before","lease":"30260"},"geometry":{"type":"Point","coordinates":[-89.360839,29.995595]}},{"type":"Feature","properties":{"s":"firm","phase":"before","lease":"30260"},"geometry":{"type":"Point","coordinates":[-89.361223,29.995568]}},{"type":"Feature","properties":{"s":"firm","phase":"before","lease":"30260"},"geometry":{"type":"Point","coordinates":[-89.361537,29.995551]}},{"type":"Feature","properties":{"s":"firm","phase":"before","lease":"30260"},"geometry":{"type":"Point","coordinates":[-89.361849,29.995569]}},{"type":"Feature","properties":{"s":"firm","phase":"before","lease":"30260"},"geometry":{"type":"Point","coordinates":[-89.362159,29.99559]}},{"type":"Feature","properties":{"s":"firm","phase":"before","lease":"30260"},"geometry":{"type":"Point","coordinates":[-89.362426,29.99561]}},{"type":"Feature","properties":{"s":"firm","phase":"before","lease":"30260"},"geometry":{"type":"Point","coordinates":[-89.362739,29.995624]}},{"type":"Feature","properties":{"s":"firm","phase":"before","lease":"30260"},"geometry":{"type":"Point","coordinates":[-89.363109,29.995626]}},{"type":"Feature","properties":{"s":"firm","phase":"before","lease":"30260"},"geometry":{"type":"Point","coordinates":[-89.363482,29.995632]}},{"type":"Feature","properties":{"s":"firm","phase":"before","lease":"30260"},"geometry":{"type":"Point","coordinates":[-89.363859,29.995647]}},{"type":"Feature","properties":{"s":"firm","phase":"before","lease":"30260"},"geometry":{"type":"Point","coordinates":[-89.364248,29.995631]}},{"type":"Feature","properties":{"s":"firm","phase":"before","lease":"30260"},"geometry":{"type":"Point","coordinates":[-89.364497,29.995606]}},{"type":"Feature","properties":{"s":"firm","phase":"before","lease":"30260"},"geometry":{"type":"Point","coordinates":[-89.36474,29.995577]}},{"type":"Feature","properties":{"s":"firm","phase":"before","lease":"30260"},"geometry":{"type":"Point","coordinates":[-89.365059,29.995552]}},{"type":"Feature","properties":{"s":"firm","phase":"before","lease":"30260"},"geometry":{"type":"Point","coordinates":[-89.365449,29.995519]}},{"type":"Feature","properties":{"s":"firm","phase":"before","lease":"30260"},"geometry":{"type":"Point","coordinates":[-89.365836,29.9955]}},{"type":"Feature","properties":{"s":"firm","phase":"before","lease":"30260"},"geometry":{"type":"Point","coordinates":[-89.36617,29.995465]}},{"type":"Feature","properties":{"s":"firm","phase":"before","lease":"30260"},"geometry":{"type":"Point","coordinates":[-89.366425,29.995424]}},{"type":"Feature","properties":{"s":"firm","phase":"before","lease":"30260"},"geometry":{"type":"Point","coordinates":[-89.366755,29.995369]}},{"type":"Feature","properties":{"s":"firm","phase":"before","lease":"30260"},"geometry":{"type":"Point","coordinates":[-89.367116,29.995324]}},{"type":"Feature","properties":{"s":"firm","phase":"before","lease":"30260"},"geometry":{"type":"Point","coordinates":[-89.367386,29.995319]}},{"type":"Feature","properties":{"s":"firm","phase":"before","lease":"30260"},"geometry":{"type":"Point","coordinates":[-89.367648,29.995313]}},{"type":"Feature","properties":{"s":"firm","phase":"before","lease":"30260"},"geometry":{"type":"Point","coordinates":[-89.367907,29.995294]}},{"type":"Feature","properties":{"s":"firm","phase":"before","lease":"30260"},"geometry":{"type":"Point","coordinates":[-89.368149,29.995282]}},{"type":"Feature","properties":{"s":"firm","phase":"before","lease":"30260"},"geometry":{"type":"Point","coordinates":[-89.36859,29.995294]}},{"type":"Feature","properties":{"s":"firm","phase":"before","lease":"30260"},"geometry":{"type":"Point","coordinates":[-89.368854,29.995299]}},{"type":"Feature","properties":{"s":"firm","phase":"before","lease":"30260"},"geometry":{"type":"Point","coordinates":[-89.369184,29.995305]}},{"type":"Feature","properties":{"s":"firm","phase":"before","lease":"30260"},"geometry":{"type":"Point","coordinates":[-89.369571,29.995297]}},{"type":"Feature","properties":{"s":"firm","phase":"before","lease":"30260"},"geometry":{"type":"Point","coordinates":[-89.3699,29.995279]}},{"type":"Feature","properties":{"s":"firm","phase":"before","lease":"30260"},"geometry":{"type":"Point","coordinates":[-89.370143,29.995269]}},{"type":"Feature","properties":{"s":"firm","phase":"before","lease":"30260"},"geometry":{"type":"Point","coordinates":[-89.370453,29.995271]}},{"type":"Feature","properties":{"s":"firm","phase":"before","lease":"30260"},"geometry":{"type":"Point","coordinates":[-89.370763,29.995265]}},{"type":"Feature","properties":{"s":"firm","phase":"before","lease":"30260"},"geometry":{"type":"Point","coordinates":[-89.371067,29.995266]}},{"type":"Feature","properties":{"s":"firm","phase":"before","lease":"30260"},"geometry":{"type":"Point","coordinates":[-89.371311,29.995277]}},{"type":"Feature","properties":{"s":"firm","phase":"before","lease":"30260"},"geometry":{"type":"Point","coordinates":[-89.371563,29.995285]}},{"type":"Feature","properties":{"s":"firm","phase":"before","lease":"30260"},"geometry":{"type":"Point","coordinates":[-89.371815,29.995306]}},{"type":"Feature","properties":{"s":"firm","phase":"before","lease":"30260"},"geometry":{"type":"Point","coordinates":[-89.370041,29.992621]}},{"type":"Feature","properties":{"s":"firm","phase":"before","lease":"30260"},"geometry":{"type":"Point","coordinates":[-89.369876,29.992629]}},{"type":"Feature","properties":{"s":"firm","phase":"before","lease":"30260"},"geometry":{"type":"Point","coordinates":[-89.369689,29.992641]}},{"type":"Feature","properties":{"s":"firm","phase":"before","lease":"30260"},"geometry":{"type":"Point","coordinates":[-89.369458,29.992692]}},{"type":"Feature","properties":{"s":"firm","phase":"before","lease":"30260"},"geometry":{"type":"Point","coordinates":[-89.369278,29.992737]}},{"type":"Feature","properties":{"s":"firm","phase":"before","lease":"30260"},"geometry":{"type":"Point","coordinates":[-89.369082,29.992806]}},{"type":"Feature","properties":{"s":"firm","phase":"before","lease":"30260"},"geometry":{"type":"Point","coordinates":[-89.368935,29.992824]}},{"type":"Feature","properties":{"s":"firm","phase":"before","lease":"30260"},"geometry":{"type":"Point","coordinates":[-89.368694,29.992786]}},{"type":"Feature","properties":{"s":"firm","phase":"before","lease":"30260"},"geometry":{"type":"Point","coordinates":[-89.368419,29.992743]}},{"type":"Feature","properties":{"s":"firm","phase":"before","lease":"30260"},"geometry":{"type":"Point","coordinates":[-89.368117,29.992732]}},{"type":"Feature","properties":{"s":"firm","phase":"before","lease":"30260"},"geometry":{"type":"Point","coordinates":[-89.367894,29.992763]}},{"type":"Feature","properties":{"s":"firm","phase":"before","lease":"30260"},"geometry":{"type":"Point","coordinates":[-89.367699,29.992805]}},{"type":"Feature","properties":{"s":"firm","phase":"before","lease":"30260"},"geometry":{"type":"Point","coordinates":[-89.365414,29.994841]}},{"type":"Feature","properties":{"s":"scat","phase":"before","lease":"30260"},"geometry":{"type":"Point","coordinates":[-89.365029,29.995119]}},{"type":"Feature","properties":{"s":"scat","phase":"before","lease":"30260"},"geometry":{"type":"Point","coordinates":[-89.364913,29.995106]}},{"type":"Feature","properties":{"s":"scat","phase":"before","lease":"30260"},"geometry":{"type":"Point","coordinates":[-89.364781,29.995036]}},{"type":"Feature","properties":{"s":"firm","phase":"before","lease":"30260"},"geometry":{"type":"Point","coordinates":[-89.364623,29.994975]}},{"type":"Feature","properties":{"s":"scat","phase":"before","lease":"30260"},"geometry":{"type":"Point","coordinates":[-89.364467,29.99494]}},{"type":"Feature","properties":{"s":"firm","phase":"before","lease":"30260"},"geometry":{"type":"Point","coordinates":[-89.364288,29.995034]}},{"type":"Feature","properties":{"s":"scat","phase":"before","lease":"30260"},"geometry":{"type":"Point","coordinates":[-89.364146,29.99512]}},{"type":"Feature","properties":{"s":"scat","phase":"before","lease":"30260"},"geometry":{"type":"Point","coordinates":[-89.363914,29.995179]}},{"type":"Feature","properties":{"s":"firm","phase":"before","lease":"30260"},"geometry":{"type":"Point","coordinates":[-89.363745,29.995149]}},{"type":"Feature","properties":{"s":"firm","phase":"before","lease":"30260"},"geometry":{"type":"Point","coordinates":[-89.363497,29.995063]}},{"type":"Feature","properties":{"s":"firm","phase":"before","lease":"30260"},"geometry":{"type":"Point","coordinates":[-89.363338,29.995017]}},{"type":"Feature","properties":{"s":"firm","phase":"before","lease":"30260"},"geometry":{"type":"Point","coordinates":[-89.363154,29.994994]}},{"type":"Feature","properties":{"s":"firm","phase":"before","lease":"30260"},"geometry":{"type":"Point","coordinates":[-89.363016,29.99501]}},{"type":"Feature","properties":{"s":"firm","phase":"before","lease":"30260"},"geometry":{"type":"Point","coordinates":[-89.362835,29.99505]}},{"type":"Feature","properties":{"s":"firm","phase":"before","lease":"30260"},"geometry":{"type":"Point","coordinates":[-89.362635,29.995106]}},{"type":"Feature","properties":{"s":"firm","phase":"before","lease":"30260"},"geometry":{"type":"Point","coordinates":[-89.362501,29.995152]}},{"type":"Feature","properties":{"s":"firm","phase":"before","lease":"30260"},"geometry":{"type":"Point","coordinates":[-89.362255,29.995152]}},{"type":"Feature","properties":{"s":"firm","phase":"before","lease":"30260"},"geometry":{"type":"Point","coordinates":[-89.362071,29.995124]}},{"type":"Feature","properties":{"s":"firm","phase":"before","lease":"30260"},"geometry":{"type":"Point","coordinates":[-89.360951,29.993355]}},{"type":"Feature","properties":{"s":"firm","phase":"before","lease":"30260"},"geometry":{"type":"Point","coordinates":[-89.361345,29.993205]}},{"type":"Feature","properties":{"s":"firm","phase":"before","lease":"30260"},"geometry":{"type":"Point","coordinates":[-89.361676,29.993219]}},{"type":"Feature","properties":{"s":"firm","phase":"before","lease":"30260"},"geometry":{"type":"Point","coordinates":[-89.361936,29.993268]}},{"type":"Feature","properties":{"s":"firm","phase":"before","lease":"30260"},"geometry":{"type":"Point","coordinates":[-89.362202,29.993313]}},{"type":"Feature","properties":{"s":"firm","phase":"before","lease":"30260"},"geometry":{"type":"Point","coordinates":[-89.362545,29.993317]}},{"type":"Feature","properties":{"s":"firm","phase":"before","lease":"30260"},"geometry":{"type":"Point","coordinates":[-89.371209,29.992483]}},{"type":"Feature","properties":{"s":"firm","phase":"before","lease":"30260"},"geometry":{"type":"Point","coordinates":[-89.371109,29.992517]}},{"type":"Feature","properties":{"s":"firm","phase":"before","lease":"30260"},"geometry":{"type":"Point","coordinates":[-89.370978,29.992554]}},{"type":"Feature","properties":{"s":"firm","phase":"before","lease":"30260"},"geometry":{"type":"Point","coordinates":[-89.37085,29.992601]}},{"type":"Feature","properties":{"s":"firm","phase":"before","lease":"30260"},"geometry":{"type":"Point","coordinates":[-89.370703,29.992654]}},{"type":"Feature","properties":{"s":"firm","phase":"before","lease":"30260"},"geometry":{"type":"Point","coordinates":[-89.370523,29.992708]}},{"type":"Feature","properties":{"s":"firm","phase":"before","lease":"30260"},"geometry":{"type":"Point","coordinates":[-89.370399,29.992723]}},{"type":"Feature","properties":{"s":"firm","phase":"before","lease":"30260"},"geometry":{"type":"Point","coordinates":[-89.370239,29.992739]}},{"type":"Feature","properties":{"s":"firm","phase":"before","lease":"30260"},"geometry":{"type":"Point","coordinates":[-89.370105,29.992785]}},{"type":"Feature","properties":{"s":"firm","phase":"before","lease":"30260"},"geometry":{"type":"Point","coordinates":[-89.369979,29.992843]}},{"type":"Feature","properties":{"s":"firm","phase":"before","lease":"30260"},"geometry":{"type":"Point","coordinates":[-89.369883,29.99291]}},{"type":"Feature","properties":{"s":"firm","phase":"before","lease":"30260"},"geometry":{"type":"Point","coordinates":[-89.369789,29.992971]}},{"type":"Feature","properties":{"s":"firm","phase":"before","lease":"30260"},"geometry":{"type":"Point","coordinates":[-89.369687,29.993005]}},{"type":"Feature","properties":{"s":"firm","phase":"before","lease":"30260"},"geometry":{"type":"Point","coordinates":[-89.369589,29.993015]}},{"type":"Feature","properties":{"s":"firm","phase":"before","lease":"30260"},"geometry":{"type":"Point","coordinates":[-89.369458,29.993019]}},{"type":"Feature","properties":{"s":"firm","phase":"before","lease":"30260"},"geometry":{"type":"Point","coordinates":[-89.369349,29.993011]}},{"type":"Feature","properties":{"s":"firm","phase":"before","lease":"30260"},"geometry":{"type":"Point","coordinates":[-89.369214,29.993015]}},{"type":"Feature","properties":{"s":"firm","phase":"before","lease":"30260"},"geometry":{"type":"Point","coordinates":[-89.369065,29.993001]}},{"type":"Feature","properties":{"s":"firm","phase":"before","lease":"30260"},"geometry":{"type":"Point","coordinates":[-89.368948,29.992996]}},{"type":"Feature","properties":{"s":"firm","phase":"before","lease":"30260"},"geometry":{"type":"Point","coordinates":[-89.368763,29.992997]}},{"type":"Feature","properties":{"s":"firm","phase":"before","lease":"30260"},"geometry":{"type":"Point","coordinates":[-89.368644,29.993005]}},{"type":"Feature","properties":{"s":"firm","phase":"before","lease":"30260"},"geometry":{"type":"Point","coordinates":[-89.368473,29.992994]}},{"type":"Feature","properties":{"s":"firm","phase":"before","lease":"30260"},"geometry":{"type":"Point","coordinates":[-89.368307,29.992983]}},{"type":"Feature","properties":{"s":"firm","phase":"before","lease":"30260"},"geometry":{"type":"Point","coordinates":[-89.368173,29.992975]}},{"type":"Feature","properties":{"s":"firm","phase":"before","lease":"30260"},"geometry":{"type":"Point","coordinates":[-89.368016,29.992973]}},{"type":"Feature","properties":{"s":"firm","phase":"before","lease":"30260"},"geometry":{"type":"Point","coordinates":[-89.367885,29.992963]}},{"type":"Feature","properties":{"s":"firm","phase":"before","lease":"30260"},"geometry":{"type":"Point","coordinates":[-89.367756,29.992952]}},{"type":"Feature","properties":{"s":"firm","phase":"before","lease":"30260"},"geometry":{"type":"Point","coordinates":[-89.367567,29.992932]}},{"type":"Feature","properties":{"s":"firm","phase":"before","lease":"30260"},"geometry":{"type":"Point","coordinates":[-89.367399,29.992913]}},{"type":"Feature","properties":{"s":"firm","phase":"before","lease":"30260"},"geometry":{"type":"Point","coordinates":[-89.367236,29.992909]}},{"type":"Feature","properties":{"s":"firm","phase":"before","lease":"30260"},"geometry":{"type":"Point","coordinates":[-89.367073,29.992911]}},{"type":"Feature","properties":{"s":"firm","phase":"before","lease":"30260"},"geometry":{"type":"Point","coordinates":[-89.366911,29.992934]}},{"type":"Feature","properties":{"s":"firm","phase":"before","lease":"30260"},"geometry":{"type":"Point","coordinates":[-89.366786,29.992951]}},{"type":"Feature","properties":{"s":"firm","phase":"before","lease":"30260"},"geometry":{"type":"Point","coordinates":[-89.366628,29.992973]}},{"type":"Feature","properties":{"s":"firm","phase":"before","lease":"30260"},"geometry":{"type":"Point","coordinates":[-89.366469,29.992997]}},{"type":"Feature","properties":{"s":"firm","phase":"before","lease":"30260"},"geometry":{"type":"Point","coordinates":[-89.36631,29.993016]}},{"type":"Feature","properties":{"s":"firm","phase":"before","lease":"30260"},"geometry":{"type":"Point","coordinates":[-89.366177,29.993026]}},{"type":"Feature","properties":{"s":"firm","phase":"before","lease":"30260"},"geometry":{"type":"Point","coordinates":[-89.366022,29.993033]}},{"type":"Feature","properties":{"s":"firm","phase":"before","lease":"30260"},"geometry":{"type":"Point","coordinates":[-89.365892,29.993052]}},{"type":"Feature","properties":{"s":"firm","phase":"before","lease":"30260"},"geometry":{"type":"Point","coordinates":[-89.365726,29.993074]}},{"type":"Feature","properties":{"s":"firm","phase":"before","lease":"30260"},"geometry":{"type":"Point","coordinates":[-89.365601,29.993088]}},{"type":"Feature","properties":{"s":"firm","phase":"before","lease":"30260"},"geometry":{"type":"Point","coordinates":[-89.365408,29.993109]}},{"type":"Feature","properties":{"s":"firm","phase":"before","lease":"30260"},"geometry":{"type":"Point","coordinates":[-89.365249,29.99312]}},{"type":"Feature","properties":{"s":"firm","phase":"before","lease":"30260"},"geometry":{"type":"Point","coordinates":[-89.36506,29.993152]}},{"type":"Feature","properties":{"s":"firm","phase":"before","lease":"30260"},"geometry":{"type":"Point","coordinates":[-89.364896,29.99316]}},{"type":"Feature","properties":{"s":"firm","phase":"before","lease":"30260"},"geometry":{"type":"Point","coordinates":[-89.364766,29.993169]}},{"type":"Feature","properties":{"s":"firm","phase":"before","lease":"30260"},"geometry":{"type":"Point","coordinates":[-89.364602,29.993169]}},{"type":"Feature","properties":{"s":"firm","phase":"before","lease":"30260"},"geometry":{"type":"Point","coordinates":[-89.36447,29.993162]}},{"type":"Feature","properties":{"s":"firm","phase":"before","lease":"30260"},"geometry":{"type":"Point","coordinates":[-89.364304,29.993164]}},{"type":"Feature","properties":{"s":"firm","phase":"before","lease":"30260"},"geometry":{"type":"Point","coordinates":[-89.364118,29.993151]}},{"type":"Feature","properties":{"s":"firm","phase":"before","lease":"30260"},"geometry":{"type":"Point","coordinates":[-89.363979,29.993144]}},{"type":"Feature","properties":{"s":"firm","phase":"before","lease":"30260"},"geometry":{"type":"Point","coordinates":[-89.363749,29.993129]}},{"type":"Feature","properties":{"s":"firm","phase":"before","lease":"30260"},"geometry":{"type":"Point","coordinates":[-89.363625,29.993134]}},{"type":"Feature","properties":{"s":"firm","phase":"before","lease":"30260"},"geometry":{"type":"Point","coordinates":[-89.363425,29.993155]}},{"type":"Feature","properties":{"s":"firm","phase":"before","lease":"30260"},"geometry":{"type":"Point","coordinates":[-89.363297,29.993168]}},{"type":"Feature","properties":{"s":"firm","phase":"before","lease":"30260"},"geometry":{"type":"Point","coordinates":[-89.36314,29.993206]}},{"type":"Feature","properties":{"s":"firm","phase":"before","lease":"30260"},"geometry":{"type":"Point","coordinates":[-89.363012,29.993236]}},{"type":"Feature","properties":{"s":"firm","phase":"before","lease":"30260"},"geometry":{"type":"Point","coordinates":[-89.362874,29.993275]}},{"type":"Feature","properties":{"s":"firm","phase":"before","lease":"30260"},"geometry":{"type":"Point","coordinates":[-89.362746,29.993332]}},{"type":"Feature","properties":{"s":"firm","phase":"before","lease":"30260"},"geometry":{"type":"Point","coordinates":[-89.362607,29.993412]}},{"type":"Feature","properties":{"s":"firm","phase":"before","lease":"30260"},"geometry":{"type":"Point","coordinates":[-89.36243,29.993476]}},{"type":"Feature","properties":{"s":"firm","phase":"before","lease":"30260"},"geometry":{"type":"Point","coordinates":[-89.362202,29.993518]}},{"type":"Feature","properties":{"s":"firm","phase":"before","lease":"30260"},"geometry":{"type":"Point","coordinates":[-89.362036,29.993541]}},{"type":"Feature","properties":{"s":"firm","phase":"before","lease":"30260"},"geometry":{"type":"Point","coordinates":[-89.361851,29.993554]}},{"type":"Feature","properties":{"s":"firm","phase":"before","lease":"30260"},"geometry":{"type":"Point","coordinates":[-89.361684,29.993541]}},{"type":"Feature","properties":{"s":"firm","phase":"before","lease":"30260"},"geometry":{"type":"Point","coordinates":[-89.361509,29.993539]}},{"type":"Feature","properties":{"s":"firm","phase":"before","lease":"30260"},"geometry":{"type":"Point","coordinates":[-89.361379,29.993533]}},{"type":"Feature","properties":{"s":"firm","phase":"before","lease":"30260"},"geometry":{"type":"Point","coordinates":[-89.361222,29.993529]}},{"type":"Feature","properties":{"s":"firm","phase":"before","lease":"30260"},"geometry":{"type":"Point","coordinates":[-89.36106,29.993513]}},{"type":"Feature","properties":{"s":"firm","phase":"before","lease":"30260"},"geometry":{"type":"Point","coordinates":[-89.360897,29.993508]}},{"type":"Feature","properties":{"s":"firm","phase":"before","lease":"30260"},"geometry":{"type":"Point","coordinates":[-89.360742,29.993489]}},{"type":"Feature","properties":{"s":"firm","phase":"before","lease":"30260"},"geometry":{"type":"Point","coordinates":[-89.360584,29.99347]}},{"type":"Feature","properties":{"s":"firm","phase":"before","lease":"30260"},"geometry":{"type":"Point","coordinates":[-89.36043,29.993448]}},{"type":"Feature","properties":{"s":"firm","phase":"before","lease":"30260"},"geometry":{"type":"Point","coordinates":[-89.360298,29.993428]}},{"type":"Feature","properties":{"s":"firm","phase":"before","lease":"30260"},"geometry":{"type":"Point","coordinates":[-89.360169,29.993416]}},{"type":"Feature","properties":{"s":"firm","phase":"before","lease":"30260"},"geometry":{"type":"Point","coordinates":[-89.360033,29.993433]}},{"type":"Feature","properties":{"s":"firm","phase":"before","lease":"30260"},"geometry":{"type":"Point","coordinates":[-89.359902,29.993448]}},{"type":"Feature","properties":{"s":"firm","phase":"before","lease":"30260"},"geometry":{"type":"Point","coordinates":[-89.359753,29.993483]}},{"type":"Feature","properties":{"s":"firm","phase":"before","lease":"30260"},"geometry":{"type":"Point","coordinates":[-89.359618,29.993515]}},{"type":"Feature","properties":{"s":"mud","phase":"before","lease":"30260"},"geometry":{"type":"Point","coordinates":[-89.359485,29.993537]}},{"type":"Feature","properties":{"s":"mud","phase":"before","lease":"30260"},"geometry":{"type":"Point","coordinates":[-89.35931,29.993569]}},{"type":"Feature","properties":{"s":"mud","phase":"before","lease":"30260"},"geometry":{"type":"Point","coordinates":[-89.359123,29.993599]}},{"type":"Feature","properties":{"s":"firm","phase":"before","lease":"30260"},"geometry":{"type":"Point","coordinates":[-89.358962,29.993612]}},{"type":"Feature","properties":{"s":"firm","phase":"before","lease":"30260"},"geometry":{"type":"Point","coordinates":[-89.358739,29.993619]}},{"type":"Feature","properties":{"s":"firm","phase":"before","lease":"30260"},"geometry":{"type":"Point","coordinates":[-89.358573,29.993618]}},{"type":"Feature","properties":{"s":"firm","phase":"before","lease":"30260"},"geometry":{"type":"Point","coordinates":[-89.358448,29.993624]}},{"type":"Feature","properties":{"s":"firm","phase":"before","lease":"30260"},"geometry":{"type":"Point","coordinates":[-89.358283,29.993628]}},{"type":"Feature","properties":{"s":"firm","phase":"before","lease":"30260"},"geometry":{"type":"Point","coordinates":[-89.35808,29.99364]}},{"type":"Feature","properties":{"s":"firm","phase":"before","lease":"30260"},"geometry":{"type":"Point","coordinates":[-89.357928,29.993653]}},{"type":"Feature","properties":{"s":"firm","phase":"before","lease":"30260"},"geometry":{"type":"Point","coordinates":[-89.357802,29.993672]}},{"type":"Feature","properties":{"s":"firm","phase":"before","lease":"30260"},"geometry":{"type":"Point","coordinates":[-89.357638,29.993691]}},{"type":"Feature","properties":{"s":"firm","phase":"before","lease":"30260"},"geometry":{"type":"Point","coordinates":[-89.357436,29.993713]}},{"type":"Feature","properties":{"s":"firm","phase":"before","lease":"30260"},"geometry":{"type":"Point","coordinates":[-89.357241,29.993719]}},{"type":"Feature","properties":{"s":"firm","phase":"before","lease":"30260"},"geometry":{"type":"Point","coordinates":[-89.35707,29.993722]}},{"type":"Feature","properties":{"s":"firm","phase":"before","lease":"30260"},"geometry":{"type":"Point","coordinates":[-89.357071,29.993919]}},{"type":"Feature","properties":{"s":"firm","phase":"before","lease":"30260"},"geometry":{"type":"Point","coordinates":[-89.357418,29.993922]}},{"type":"Feature","properties":{"s":"firm","phase":"before","lease":"30260"},"geometry":{"type":"Point","coordinates":[-89.357698,29.993961]}},{"type":"Feature","properties":{"s":"firm","phase":"before","lease":"30260"},"geometry":{"type":"Point","coordinates":[-89.357909,29.993948]}},{"type":"Feature","properties":{"s":"firm","phase":"before","lease":"30260"},"geometry":{"type":"Point","coordinates":[-89.358114,29.993897]}},{"type":"Feature","properties":{"s":"firm","phase":"before","lease":"30260"},"geometry":{"type":"Point","coordinates":[-89.358364,29.993831]}},{"type":"Feature","properties":{"s":"firm","phase":"before","lease":"30260"},"geometry":{"type":"Point","coordinates":[-89.358592,29.993784]}},{"type":"Feature","properties":{"s":"firm","phase":"before","lease":"30260"},"geometry":{"type":"Point","coordinates":[-89.358768,29.993744]}},{"type":"Feature","properties":{"s":"firm","phase":"before","lease":"30260"},"geometry":{"type":"Point","coordinates":[-89.359229,29.993733]}},{"type":"Feature","properties":{"s":"mud","phase":"before","lease":"30260"},"geometry":{"type":"Point","coordinates":[-89.35952,29.993747]}},{"type":"Feature","properties":{"s":"mud","phase":"before","lease":"30260"},"geometry":{"type":"Point","coordinates":[-89.359958,29.993725]}},{"type":"Feature","properties":{"s":"firm","phase":"before","lease":"30260"},"geometry":{"type":"Point","coordinates":[-89.360194,29.993712]}},{"type":"Feature","properties":{"s":"firm","phase":"before","lease":"30260"},"geometry":{"type":"Point","coordinates":[-89.360628,29.993714]}},{"type":"Feature","properties":{"s":"firm","phase":"before","lease":"30260"},"geometry":{"type":"Point","coordinates":[-89.36087,29.993743]}},{"type":"Feature","properties":{"s":"mud","phase":"before","lease":"30260"},"geometry":{"type":"Point","coordinates":[-89.361165,29.993761]}},{"type":"Feature","properties":{"s":"mud","phase":"before","lease":"30260"},"geometry":{"type":"Point","coordinates":[-89.361704,29.993762]}},{"type":"Feature","properties":{"s":"firm","phase":"before","lease":"30260"},"geometry":{"type":"Point","coordinates":[-89.361969,29.993756]}},{"type":"Feature","properties":{"s":"firm","phase":"before","lease":"30260"},"geometry":{"type":"Point","coordinates":[-89.362194,29.993742]}},{"type":"Feature","properties":{"s":"firm","phase":"before","lease":"30260"},"geometry":{"type":"Point","coordinates":[-89.362418,29.993686]}},{"type":"Feature","properties":{"s":"firm","phase":"before","lease":"30260"},"geometry":{"type":"Point","coordinates":[-89.362663,29.993608]}},{"type":"Feature","properties":{"s":"firm","phase":"before","lease":"30260"},"geometry":{"type":"Point","coordinates":[-89.362868,29.993556]}},{"type":"Feature","properties":{"s":"firm","phase":"before","lease":"30260"},"geometry":{"type":"Point","coordinates":[-89.363176,29.993467]}},{"type":"Feature","properties":{"s":"firm","phase":"before","lease":"30260"},"geometry":{"type":"Point","coordinates":[-89.363343,29.993444]}},{"type":"Feature","properties":{"s":"firm","phase":"before","lease":"30260"},"geometry":{"type":"Point","coordinates":[-89.363574,29.99339]}},{"type":"Feature","properties":{"s":"firm","phase":"before","lease":"30260"},"geometry":{"type":"Point","coordinates":[-89.363877,29.993359]}},{"type":"Feature","properties":{"s":"firm","phase":"before","lease":"30260"},"geometry":{"type":"Point","coordinates":[-89.364193,29.993288]}},{"type":"Feature","properties":{"s":"firm","phase":"before","lease":"30260"},"geometry":{"type":"Point","coordinates":[-89.364443,29.993233]}},{"type":"Feature","properties":{"s":"firm","phase":"before","lease":"30260"},"geometry":{"type":"Point","coordinates":[-89.364669,29.993219]}},{"type":"Feature","properties":{"s":"firm","phase":"before","lease":"30260"},"geometry":{"type":"Point","coordinates":[-89.364892,29.993235]}},{"type":"Feature","properties":{"s":"firm","phase":"before","lease":"30260"},"geometry":{"type":"Point","coordinates":[-89.365399,29.993292]}},{"type":"Feature","properties":{"s":"firm","phase":"before","lease":"30260"},"geometry":{"type":"Point","coordinates":[-89.365634,29.993308]}},{"type":"Feature","properties":{"s":"firm","phase":"before","lease":"30260"},"geometry":{"type":"Point","coordinates":[-89.365901,29.993323]}},{"type":"Feature","properties":{"s":"firm","phase":"before","lease":"30260"},"geometry":{"type":"Point","coordinates":[-89.366081,29.99333]}},{"type":"Feature","properties":{"s":"firm","phase":"before","lease":"30260"},"geometry":{"type":"Point","coordinates":[-89.366369,29.993335]}},{"type":"Feature","properties":{"s":"firm","phase":"before","lease":"30260"},"geometry":{"type":"Point","coordinates":[-89.366617,29.993363]}},{"type":"Feature","properties":{"s":"firm","phase":"before","lease":"30260"},"geometry":{"type":"Point","coordinates":[-89.36694,29.993395]}},{"type":"Feature","properties":{"s":"mud","phase":"before","lease":"30260"},"geometry":{"type":"Point","coordinates":[-89.367133,29.993404]}},{"type":"Feature","properties":{"s":"mud","phase":"before","lease":"30260"},"geometry":{"type":"Point","coordinates":[-89.367394,29.993418]}},{"type":"Feature","properties":{"s":"mud","phase":"before","lease":"30260"},"geometry":{"type":"Point","coordinates":[-89.367731,29.993381]}},{"type":"Feature","properties":{"s":"firm","phase":"before","lease":"30260"},"geometry":{"type":"Point","coordinates":[-89.3679,29.993348]}},{"type":"Feature","properties":{"s":"firm","phase":"before","lease":"30260"},"geometry":{"type":"Point","coordinates":[-89.368296,29.993272]}},{"type":"Feature","properties":{"s":"firm","phase":"before","lease":"30260"},"geometry":{"type":"Point","coordinates":[-89.368511,29.993248]}},{"type":"Feature","properties":{"s":"firm","phase":"before","lease":"30260"},"geometry":{"type":"Point","coordinates":[-89.368776,29.993255]}},{"type":"Feature","properties":{"s":"firm","phase":"before","lease":"30260"},"geometry":{"type":"Point","coordinates":[-89.369129,29.99329]}},{"type":"Feature","properties":{"s":"firm","phase":"before","lease":"30260"},"geometry":{"type":"Point","coordinates":[-89.369401,29.993327]}},{"type":"Feature","properties":{"s":"firm","phase":"before","lease":"30260"},"geometry":{"type":"Point","coordinates":[-89.369662,29.993353]}},{"type":"Feature","properties":{"s":"firm","phase":"before","lease":"30260"},"geometry":{"type":"Point","coordinates":[-89.369877,29.993359]}},{"type":"Feature","properties":{"s":"firm","phase":"before","lease":"30260"},"geometry":{"type":"Point","coordinates":[-89.370279,29.99331]}},{"type":"Feature","properties":{"s":"firm","phase":"before","lease":"30260"},"geometry":{"type":"Point","coordinates":[-89.370499,29.993268]}},{"type":"Feature","properties":{"s":"firm","phase":"before","lease":"30260"},"geometry":{"type":"Point","coordinates":[-89.370665,29.993246]}},{"type":"Feature","properties":{"s":"firm","phase":"before","lease":"30260"},"geometry":{"type":"Point","coordinates":[-89.37089,29.993217]}},{"type":"Feature","properties":{"s":"firm","phase":"before","lease":"30260"},"geometry":{"type":"Point","coordinates":[-89.371135,29.993208]}},{"type":"Feature","properties":{"s":"firm","phase":"before","lease":"30260"},"geometry":{"type":"Point","coordinates":[-89.37135,29.993183]}},{"type":"Feature","properties":{"s":"firm","phase":"before","lease":"30260"},"geometry":{"type":"Point","coordinates":[-89.371551,29.993168]}},{"type":"Feature","properties":{"s":"firm","phase":"before","lease":"30260"},"geometry":{"type":"Point","coordinates":[-89.371593,29.99344]}},{"type":"Feature","properties":{"s":"firm","phase":"before","lease":"30260"},"geometry":{"type":"Point","coordinates":[-89.371348,29.993498]}},{"type":"Feature","properties":{"s":"firm","phase":"before","lease":"30260"},"geometry":{"type":"Point","coordinates":[-89.371195,29.993506]}},{"type":"Feature","properties":{"s":"firm","phase":"before","lease":"30260"},"geometry":{"type":"Point","coordinates":[-89.371014,29.993504]}},{"type":"Feature","properties":{"s":"firm","phase":"before","lease":"30260"},"geometry":{"type":"Point","coordinates":[-89.370825,29.993514]}},{"type":"Feature","properties":{"s":"firm","phase":"before","lease":"30260"},"geometry":{"type":"Point","coordinates":[-89.370643,29.993513]}},{"type":"Feature","properties":{"s":"firm","phase":"before","lease":"30260"},"geometry":{"type":"Point","coordinates":[-89.370429,29.993501]}},{"type":"Feature","properties":{"s":"firm","phase":"before","lease":"30260"},"geometry":{"type":"Point","coordinates":[-89.370202,29.993494]}},{"type":"Feature","properties":{"s":"firm","phase":"before","lease":"30260"},"geometry":{"type":"Point","coordinates":[-89.370055,29.993499]}},{"type":"Feature","properties":{"s":"firm","phase":"before","lease":"30260"},"geometry":{"type":"Point","coordinates":[-89.369834,29.993505]}},{"type":"Feature","properties":{"s":"firm","phase":"before","lease":"30260"},"geometry":{"type":"Point","coordinates":[-89.369645,29.993511]}},{"type":"Feature","properties":{"s":"firm","phase":"before","lease":"30260"},"geometry":{"type":"Point","coordinates":[-89.36946,29.993514]}},{"type":"Feature","properties":{"s":"firm","phase":"before","lease":"30260"},"geometry":{"type":"Point","coordinates":[-89.369236,29.993513]}},{"type":"Feature","properties":{"s":"firm","phase":"before","lease":"30260"},"geometry":{"type":"Point","coordinates":[-89.369052,29.993511]}},{"type":"Feature","properties":{"s":"firm","phase":"before","lease":"30260"},"geometry":{"type":"Point","coordinates":[-89.368868,29.993512]}},{"type":"Feature","properties":{"s":"firm","phase":"before","lease":"30260"},"geometry":{"type":"Point","coordinates":[-89.368608,29.993502]}},{"type":"Feature","properties":{"s":"firm","phase":"before","lease":"30260"},"geometry":{"type":"Point","coordinates":[-89.368437,29.993497]}},{"type":"Feature","properties":{"s":"firm","phase":"before","lease":"30260"},"geometry":{"type":"Point","coordinates":[-89.36825,29.993488]}},{"type":"Feature","properties":{"s":"firm","phase":"before","lease":"30260"},"geometry":{"type":"Point","coordinates":[-89.368064,29.993459]}},{"type":"Feature","properties":{"s":"firm","phase":"before","lease":"30260"},"geometry":{"type":"Point","coordinates":[-89.367885,29.993469]}},{"type":"Feature","properties":{"s":"firm","phase":"before","lease":"30260"},"geometry":{"type":"Point","coordinates":[-89.367708,29.99348]}},{"type":"Feature","properties":{"s":"firm","phase":"before","lease":"30260"},"geometry":{"type":"Point","coordinates":[-89.367528,29.993513]}},{"type":"Feature","properties":{"s":"firm","phase":"before","lease":"30260"},"geometry":{"type":"Point","coordinates":[-89.367347,29.993535]}},{"type":"Feature","properties":{"s":"firm","phase":"before","lease":"30260"},"geometry":{"type":"Point","coordinates":[-89.367092,29.993574]}},{"type":"Feature","properties":{"s":"firm","phase":"before","lease":"30260"},"geometry":{"type":"Point","coordinates":[-89.366907,29.993592]}},{"type":"Feature","properties":{"s":"firm","phase":"before","lease":"30260"},"geometry":{"type":"Point","coordinates":[-89.366721,29.993613]}},{"type":"Feature","properties":{"s":"firm","phase":"before","lease":"30260"},"geometry":{"type":"Point","coordinates":[-89.366467,29.993635]}},{"type":"Feature","properties":{"s":"firm","phase":"before","lease":"30260"},"geometry":{"type":"Point","coordinates":[-89.366286,29.993651]}},{"type":"Feature","properties":{"s":"firm","phase":"before","lease":"30260"},"geometry":{"type":"Point","coordinates":[-89.366061,29.993657]}},{"type":"Feature","properties":{"s":"firm","phase":"before","lease":"30260"},"geometry":{"type":"Point","coordinates":[-89.365845,29.99367]}},{"type":"Feature","properties":{"s":"firm","phase":"before","lease":"30260"},"geometry":{"type":"Point","coordinates":[-89.365658,29.993691]}},{"type":"Feature","properties":{"s":"firm","phase":"before","lease":"30260"},"geometry":{"type":"Point","coordinates":[-89.365473,29.993706]}},{"type":"Feature","properties":{"s":"firm","phase":"before","lease":"30260"},"geometry":{"type":"Point","coordinates":[-89.365287,29.993727]}},{"type":"Feature","properties":{"s":"firm","phase":"before","lease":"30260"},"geometry":{"type":"Point","coordinates":[-89.365065,29.993735]}},{"type":"Feature","properties":{"s":"firm","phase":"before","lease":"30260"},"geometry":{"type":"Point","coordinates":[-89.364841,29.993744]}},{"type":"Feature","properties":{"s":"firm","phase":"before","lease":"30260"},"geometry":{"type":"Point","coordinates":[-89.364582,29.993736]}},{"type":"Feature","properties":{"s":"firm","phase":"before","lease":"30260"},"geometry":{"type":"Point","coordinates":[-89.364399,29.993738]}},{"type":"Feature","properties":{"s":"firm","phase":"before","lease":"30260"},"geometry":{"type":"Point","coordinates":[-89.364214,29.993736]}},{"type":"Feature","properties":{"s":"firm","phase":"before","lease":"30260"},"geometry":{"type":"Point","coordinates":[-89.363992,29.993736]}},{"type":"Feature","properties":{"s":"firm","phase":"before","lease":"30260"},"geometry":{"type":"Point","coordinates":[-89.363843,29.99374]}},{"type":"Feature","properties":{"s":"firm","phase":"before","lease":"30260"},"geometry":{"type":"Point","coordinates":[-89.363616,29.993743]}},{"type":"Feature","properties":{"s":"firm","phase":"before","lease":"30260"},"geometry":{"type":"Point","coordinates":[-89.36343,29.993759]}},{"type":"Feature","properties":{"s":"firm","phase":"before","lease":"30260"},"geometry":{"type":"Point","coordinates":[-89.363244,29.993767]}},{"type":"Feature","properties":{"s":"firm","phase":"before","lease":"30260"},"geometry":{"type":"Point","coordinates":[-89.363061,29.993772]}},{"type":"Feature","properties":{"s":"firm","phase":"before","lease":"30260"},"geometry":{"type":"Point","coordinates":[-89.362881,29.993784]}},{"type":"Feature","properties":{"s":"firm","phase":"before","lease":"30260"},"geometry":{"type":"Point","coordinates":[-89.362659,29.993793]}},{"type":"Feature","properties":{"s":"firm","phase":"before","lease":"30260"},"geometry":{"type":"Point","coordinates":[-89.362407,29.993798]}},{"type":"Feature","properties":{"s":"firm","phase":"before","lease":"30260"},"geometry":{"type":"Point","coordinates":[-89.362215,29.993813]}},{"type":"Feature","properties":{"s":"firm","phase":"before","lease":"30260"},"geometry":{"type":"Point","coordinates":[-89.362026,29.993838]}},{"type":"Feature","properties":{"s":"firm","phase":"before","lease":"30260"},"geometry":{"type":"Point","coordinates":[-89.361791,29.993875]}},{"type":"Feature","properties":{"s":"firm","phase":"before","lease":"30260"},"geometry":{"type":"Point","coordinates":[-89.361568,29.993917]}},{"type":"Feature","properties":{"s":"firm","phase":"before","lease":"30260"},"geometry":{"type":"Point","coordinates":[-89.36136,29.993967]}},{"type":"Feature","properties":{"s":"firm","phase":"before","lease":"30260"},"geometry":{"type":"Point","coordinates":[-89.361179,29.993998]}},{"type":"Feature","properties":{"s":"firm","phase":"before","lease":"30260"},"geometry":{"type":"Point","coordinates":[-89.360988,29.994023]}},{"type":"Feature","properties":{"s":"firm","phase":"before","lease":"30260"},"geometry":{"type":"Point","coordinates":[-89.360812,29.994026]}},{"type":"Feature","properties":{"s":"firm","phase":"before","lease":"30260"},"geometry":{"type":"Point","coordinates":[-89.360565,29.994043]}},{"type":"Feature","properties":{"s":"firm","phase":"before","lease":"30260"},"geometry":{"type":"Point","coordinates":[-89.360416,29.994051]}},{"type":"Feature","properties":{"s":"firm","phase":"before","lease":"30260"},"geometry":{"type":"Point","coordinates":[-89.360153,29.994066]}},{"type":"Feature","properties":{"s":"firm","phase":"before","lease":"30260"},"geometry":{"type":"Point","coordinates":[-89.359966,29.994072]}},{"type":"Feature","properties":{"s":"firm","phase":"before","lease":"30260"},"geometry":{"type":"Point","coordinates":[-89.359784,29.994082]}},{"type":"Feature","properties":{"s":"firm","phase":"before","lease":"30260"},"geometry":{"type":"Point","coordinates":[-89.359563,29.994073]}},{"type":"Feature","properties":{"s":"firm","phase":"before","lease":"30260"},"geometry":{"type":"Point","coordinates":[-89.359414,29.994076]}},{"type":"Feature","properties":{"s":"firm","phase":"before","lease":"30260"},"geometry":{"type":"Point","coordinates":[-89.359195,29.994076]}},{"type":"Feature","properties":{"s":"firm","phase":"before","lease":"30260"},"geometry":{"type":"Point","coordinates":[-89.358972,29.994074]}},{"type":"Feature","properties":{"s":"firm","phase":"before","lease":"30260"},"geometry":{"type":"Point","coordinates":[-89.358791,29.99408]}},{"type":"Feature","properties":{"s":"firm","phase":"before","lease":"30260"},"geometry":{"type":"Point","coordinates":[-89.358608,29.994076]}},{"type":"Feature","properties":{"s":"firm","phase":"before","lease":"30260"},"geometry":{"type":"Point","coordinates":[-89.358426,29.994071]}},{"type":"Feature","properties":{"s":"firm","phase":"before","lease":"30260"},"geometry":{"type":"Point","coordinates":[-89.358241,29.994073]}},{"type":"Feature","properties":{"s":"firm","phase":"before","lease":"30260"},"geometry":{"type":"Point","coordinates":[-89.358016,29.994068]}},{"type":"Feature","properties":{"s":"firm","phase":"before","lease":"30260"},"geometry":{"type":"Point","coordinates":[-89.357794,29.994098]}},{"type":"Feature","properties":{"s":"firm","phase":"before","lease":"30260"},"geometry":{"type":"Point","coordinates":[-89.357582,29.99413]}},{"type":"Feature","properties":{"s":"firm","phase":"before","lease":"30260"},"geometry":{"type":"Point","coordinates":[-89.357407,29.994171]}},{"type":"Feature","properties":{"s":"firm","phase":"before","lease":"30260"},"geometry":{"type":"Point","coordinates":[-89.35726,29.994206]}},{"type":"Feature","properties":{"s":"firm","phase":"before","lease":"30260"},"geometry":{"type":"Point","coordinates":[-89.357329,29.994413]}},{"type":"Feature","properties":{"s":"firm","phase":"before","lease":"30260"},"geometry":{"type":"Point","coordinates":[-89.357574,29.994363]}},{"type":"Feature","properties":{"s":"firm","phase":"before","lease":"30260"},"geometry":{"type":"Point","coordinates":[-89.357853,29.994331]}},{"type":"Feature","properties":{"s":"firm","phase":"before","lease":"30260"},"geometry":{"type":"Point","coordinates":[-89.358105,29.994299]}},{"type":"Feature","properties":{"s":"firm","phase":"before","lease":"30260"},"geometry":{"type":"Point","coordinates":[-89.358304,29.994221]}},{"type":"Feature","properties":{"s":"firm","phase":"before","lease":"30260"},"geometry":{"type":"Point","coordinates":[-89.358509,29.99416]}},{"type":"Feature","properties":{"s":"firm","phase":"before","lease":"30260"},"geometry":{"type":"Point","coordinates":[-89.363199,29.993635]}},{"type":"Feature","properties":{"s":"firm","phase":"before","lease":"30260"},"geometry":{"type":"Point","coordinates":[-89.363427,29.993642]}},{"type":"Feature","properties":{"s":"firm","phase":"before","lease":"30260"},"geometry":{"type":"Point","coordinates":[-89.363605,29.993646]}},{"type":"Feature","properties":{"s":"firm","phase":"before","lease":"30260"},"geometry":{"type":"Point","coordinates":[-89.363868,29.993566]}},{"type":"Feature","properties":{"s":"firm","phase":"before","lease":"30260"},"geometry":{"type":"Point","coordinates":[-89.364124,29.993467]}},{"type":"Feature","properties":{"s":"firm","phase":"before","lease":"30260"},"geometry":{"type":"Point","coordinates":[-89.36433,29.993427]}},{"type":"Feature","properties":{"s":"firm","phase":"before","lease":"30260"},"geometry":{"type":"Point","coordinates":[-89.364555,29.993404]}},{"type":"Feature","properties":{"s":"firm","phase":"before","lease":"30260"},"geometry":{"type":"Point","coordinates":[-89.364833,29.9934]}},{"type":"Feature","properties":{"s":"firm","phase":"before","lease":"30260"},"geometry":{"type":"Point","coordinates":[-89.365049,29.993398]}},{"type":"Feature","properties":{"s":"firm","phase":"before","lease":"30260"},"geometry":{"type":"Point","coordinates":[-89.365259,29.993406]}},{"type":"Feature","properties":{"s":"firm","phase":"before","lease":"30260"},"geometry":{"type":"Point","coordinates":[-89.365488,29.993418]}},{"type":"Feature","properties":{"s":"firm","phase":"before","lease":"30260"},"geometry":{"type":"Point","coordinates":[-89.365817,29.993412]}},{"type":"Feature","properties":{"s":"firm","phase":"before","lease":"30260"},"geometry":{"type":"Point","coordinates":[-89.366073,29.993377]}},{"type":"Feature","properties":{"s":"firm","phase":"before","lease":"30260"},"geometry":{"type":"Point","coordinates":[-89.366707,29.993274]}},{"type":"Feature","properties":{"s":"firm","phase":"before","lease":"30260"},"geometry":{"type":"Point","coordinates":[-89.366971,29.993173]}},{"type":"Feature","properties":{"s":"firm","phase":"before","lease":"30260"},"geometry":{"type":"Point","coordinates":[-89.367218,29.993114]}},{"type":"Feature","properties":{"s":"firm","phase":"before","lease":"30260"},"geometry":{"type":"Point","coordinates":[-89.367457,29.99311]}},{"type":"Feature","properties":{"s":"firm","phase":"before","lease":"30260"},"geometry":{"type":"Point","coordinates":[-89.367688,29.993112]}},{"type":"Feature","properties":{"s":"firm","phase":"before","lease":"30260"},"geometry":{"type":"Point","coordinates":[-89.367954,29.993116]}},{"type":"Feature","properties":{"s":"firm","phase":"before","lease":"30260"},"geometry":{"type":"Point","coordinates":[-89.368181,29.993091]}},{"type":"Feature","properties":{"s":"firm","phase":"before","lease":"30260"},"geometry":{"type":"Point","coordinates":[-89.368481,29.993075]}},{"type":"Feature","properties":{"s":"firm","phase":"before","lease":"30260"},"geometry":{"type":"Point","coordinates":[-89.368695,29.993069]}},{"type":"Feature","properties":{"s":"firm","phase":"before","lease":"30260"},"geometry":{"type":"Point","coordinates":[-89.368961,29.993071]}},{"type":"Feature","properties":{"s":"firm","phase":"before","lease":"30260"},"geometry":{"type":"Point","coordinates":[-89.369217,29.993081]}},{"type":"Feature","properties":{"s":"firm","phase":"before","lease":"30260"},"geometry":{"type":"Point","coordinates":[-89.369574,29.993116]}},{"type":"Feature","properties":{"s":"firm","phase":"before","lease":"30260"},"geometry":{"type":"Point","coordinates":[-89.369848,29.993136]}},{"type":"Feature","properties":{"s":"firm","phase":"before","lease":"30260"},"geometry":{"type":"Point","coordinates":[-89.370065,29.99311]}},{"type":"Feature","properties":{"s":"firm","phase":"before","lease":"30260"},"geometry":{"type":"Point","coordinates":[-89.370272,29.993064]}},{"type":"Feature","properties":{"s":"firm","phase":"before","lease":"30260"},"geometry":{"type":"Point","coordinates":[-89.370527,29.992992]}},{"type":"Feature","properties":{"s":"firm","phase":"before","lease":"30260"},"geometry":{"type":"Point","coordinates":[-89.37085,29.992899]}},{"type":"Feature","properties":{"s":"firm","phase":"before","lease":"30260"},"geometry":{"type":"Point","coordinates":[-89.371297,29.992856]}},{"type":"Feature","properties":{"s":"firm","phase":"before","lease":"30260"},"geometry":{"type":"Point","coordinates":[-89.371669,29.993821]}},{"type":"Feature","properties":{"s":"firm","phase":"before","lease":"30260"},"geometry":{"type":"Point","coordinates":[-89.371227,29.993723]}},{"type":"Feature","properties":{"s":"firm","phase":"before","lease":"30260"},"geometry":{"type":"Point","coordinates":[-89.371006,29.993706]}},{"type":"Feature","properties":{"s":"firm","phase":"before","lease":"30260"},"geometry":{"type":"Point","coordinates":[-89.37072,29.993746]}},{"type":"Feature","properties":{"s":"firm","phase":"before","lease":"30260"},"geometry":{"type":"Point","coordinates":[-89.370522,29.993774]}},{"type":"Feature","properties":{"s":"firm","phase":"before","lease":"30260"},"geometry":{"type":"Point","coordinates":[-89.370374,29.993789]}},{"type":"Feature","properties":{"s":"firm","phase":"before","lease":"30260"},"geometry":{"type":"Point","coordinates":[-89.370191,29.993789]}},{"type":"Feature","properties":{"s":"firm","phase":"before","lease":"30260"},"geometry":{"type":"Point","coordinates":[-89.36993,29.993751]}},{"type":"Feature","properties":{"s":"firm","phase":"before","lease":"30260"},"geometry":{"type":"Point","coordinates":[-89.369675,29.99374]}},{"type":"Feature","properties":{"s":"firm","phase":"before","lease":"30260"},"geometry":{"type":"Point","coordinates":[-89.369455,29.993752]}},{"type":"Feature","properties":{"s":"firm","phase":"before","lease":"30260"},"geometry":{"type":"Point","coordinates":[-89.369078,29.993786]}},{"type":"Feature","properties":{"s":"firm","phase":"before","lease":"30260"},"geometry":{"type":"Point","coordinates":[-89.368874,29.993814]}},{"type":"Feature","properties":{"s":"firm","phase":"before","lease":"30260"},"geometry":{"type":"Point","coordinates":[-89.36867,29.993828]}},{"type":"Feature","properties":{"s":"firm","phase":"before","lease":"30260"},"geometry":{"type":"Point","coordinates":[-89.368489,29.993847]}},{"type":"Feature","properties":{"s":"firm","phase":"before","lease":"30260"},"geometry":{"type":"Point","coordinates":[-89.368265,29.993867]}},{"type":"Feature","properties":{"s":"firm","phase":"before","lease":"30260"},"geometry":{"type":"Point","coordinates":[-89.368112,29.993854]}},{"type":"Feature","properties":{"s":"mud","phase":"before","lease":"30260"},"geometry":{"type":"Point","coordinates":[-89.367927,29.993824]}},{"type":"Feature","properties":{"s":"mud","phase":"before","lease":"30260"},"geometry":{"type":"Point","coordinates":[-89.367671,29.993798]}},{"type":"Feature","properties":{"s":"mud","phase":"before","lease":"30260"},"geometry":{"type":"Point","coordinates":[-89.367364,29.993774]}},{"type":"Feature","properties":{"s":"mud","phase":"before","lease":"30260"},"geometry":{"type":"Point","coordinates":[-89.367117,29.993779]}},{"type":"Feature","properties":{"s":"mud","phase":"before","lease":"30260"},"geometry":{"type":"Point","coordinates":[-89.366957,29.99377]}},{"type":"Feature","properties":{"s":"mud","phase":"before","lease":"30260"},"geometry":{"type":"Point","coordinates":[-89.36678,29.993797]}},{"type":"Feature","properties":{"s":"mud","phase":"before","lease":"30260"},"geometry":{"type":"Point","coordinates":[-89.366506,29.9938]}},{"type":"Feature","properties":{"s":"mud","phase":"before","lease":"30260"},"geometry":{"type":"Point","coordinates":[-89.366281,29.993793]}},{"type":"Feature","properties":{"s":"mud","phase":"before","lease":"30260"},"geometry":{"type":"Point","coordinates":[-89.36609,29.993787]}},{"type":"Feature","properties":{"s":"firm","phase":"before","lease":"30260"},"geometry":{"type":"Point","coordinates":[-89.36591,29.993784]}},{"type":"Feature","properties":{"s":"firm","phase":"before","lease":"30260"},"geometry":{"type":"Point","coordinates":[-89.365658,29.993806]}},{"type":"Feature","properties":{"s":"firm","phase":"before","lease":"30260"},"geometry":{"type":"Point","coordinates":[-89.365469,29.993835]}},{"type":"Feature","properties":{"s":"firm","phase":"before","lease":"30260"},"geometry":{"type":"Point","coordinates":[-89.365296,29.993851]}},{"type":"Feature","properties":{"s":"firm","phase":"before","lease":"30260"},"geometry":{"type":"Point","coordinates":[-89.364835,29.993864]}},{"type":"Feature","properties":{"s":"firm","phase":"before","lease":"30260"},"geometry":{"type":"Point","coordinates":[-89.364609,29.993862]}},{"type":"Feature","properties":{"s":"firm","phase":"before","lease":"30260"},"geometry":{"type":"Point","coordinates":[-89.364424,29.993862]}},{"type":"Feature","properties":{"s":"firm","phase":"before","lease":"30260"},"geometry":{"type":"Point","coordinates":[-89.36424,29.993868]}},{"type":"Feature","properties":{"s":"firm","phase":"before","lease":"30260"},"geometry":{"type":"Point","coordinates":[-89.363979,29.993867]}},{"type":"Feature","properties":{"s":"firm","phase":"before","lease":"30260"},"geometry":{"type":"Point","coordinates":[-89.363827,29.993866]}},{"type":"Feature","properties":{"s":"firm","phase":"before","lease":"30260"},"geometry":{"type":"Point","coordinates":[-89.363631,29.993867]}},{"type":"Feature","properties":{"s":"firm","phase":"before","lease":"30260"},"geometry":{"type":"Point","coordinates":[-89.363492,29.993875]}},{"type":"Feature","properties":{"s":"firm","phase":"before","lease":"30260"},"geometry":{"type":"Point","coordinates":[-89.363196,29.993907]}},{"type":"Feature","properties":{"s":"firm","phase":"before","lease":"30260"},"geometry":{"type":"Point","coordinates":[-89.36291,29.99397]}},{"type":"Feature","properties":{"s":"firm","phase":"before","lease":"30260"},"geometry":{"type":"Point","coordinates":[-89.362647,29.994012]}},{"type":"Feature","properties":{"s":"firm","phase":"before","lease":"30260"},"geometry":{"type":"Point","coordinates":[-89.362504,29.99403]}},{"type":"Feature","properties":{"s":"firm","phase":"before","lease":"30260"},"geometry":{"type":"Point","coordinates":[-89.362279,29.994052]}},{"type":"Feature","properties":{"s":"firm","phase":"before","lease":"30260"},"geometry":{"type":"Point","coordinates":[-89.362026,29.994069]}},{"type":"Feature","properties":{"s":"firm","phase":"before","lease":"30260"},"geometry":{"type":"Point","coordinates":[-89.36179,29.994081]}},{"type":"Feature","properties":{"s":"firm","phase":"before","lease":"30260"},"geometry":{"type":"Point","coordinates":[-89.361653,29.994127]}},{"type":"Feature","properties":{"s":"firm","phase":"before","lease":"30260"},"geometry":{"type":"Point","coordinates":[-89.36146,29.994225]}},{"type":"Feature","properties":{"s":"firm","phase":"before","lease":"30260"},"geometry":{"type":"Point","coordinates":[-89.361276,29.994266]}},{"type":"Feature","properties":{"s":"firm","phase":"before","lease":"30260"},"geometry":{"type":"Point","coordinates":[-89.360831,29.994337]}},{"type":"Feature","properties":{"s":"firm","phase":"before","lease":"30260"},"geometry":{"type":"Point","coordinates":[-89.360682,29.99436]}},{"type":"Feature","properties":{"s":"firm","phase":"before","lease":"30260"},"geometry":{"type":"Point","coordinates":[-89.360547,29.994384]}},{"type":"Feature","properties":{"s":"firm","phase":"before","lease":"30260"},"geometry":{"type":"Point","coordinates":[-89.360297,29.994411]}},{"type":"Feature","properties":{"s":"firm","phase":"before","lease":"30260"},"geometry":{"type":"Point","coordinates":[-89.360102,29.994404]}},{"type":"Feature","properties":{"s":"firm","phase":"before","lease":"30260"},"geometry":{"type":"Point","coordinates":[-89.359922,29.99441]}},{"type":"Feature","properties":{"s":"firm","phase":"before","lease":"30260"},"geometry":{"type":"Point","coordinates":[-89.359655,29.994442]}},{"type":"Feature","properties":{"s":"firm","phase":"before","lease":"30260"},"geometry":{"type":"Point","coordinates":[-89.35933,29.994478]}},{"type":"Feature","properties":{"s":"firm","phase":"before","lease":"30260"},"geometry":{"type":"Point","coordinates":[-89.359037,29.994478]}},{"type":"Feature","properties":{"s":"firm","phase":"before","lease":"30260"},"geometry":{"type":"Point","coordinates":[-89.358774,29.994473]}},{"type":"Feature","properties":{"s":"firm","phase":"before","lease":"30260"},"geometry":{"type":"Point","coordinates":[-89.358521,29.994438]}},{"type":"Feature","properties":{"s":"firm","phase":"before","lease":"30260"},"geometry":{"type":"Point","coordinates":[-89.358334,29.994428]}},{"type":"Feature","properties":{"s":"firm","phase":"before","lease":"30260"},"geometry":{"type":"Point","coordinates":[-89.358143,29.994441]}},{"type":"Feature","properties":{"s":"firm","phase":"before","lease":"30260"},"geometry":{"type":"Point","coordinates":[-89.357968,29.994445]}},{"type":"Feature","properties":{"s":"firm","phase":"before","lease":"30260"},"geometry":{"type":"Point","coordinates":[-89.357736,29.994487]}},{"type":"Feature","properties":{"s":"firm","phase":"before","lease":"30260"},"geometry":{"type":"Point","coordinates":[-89.357557,29.994519]}},{"type":"Feature","properties":{"s":"firm","phase":"before","lease":"30260"},"geometry":{"type":"Point","coordinates":[-89.357633,29.994718]}},{"type":"Feature","properties":{"s":"firm","phase":"before","lease":"30260"},"geometry":{"type":"Point","coordinates":[-89.357884,29.994627]}},{"type":"Feature","properties":{"s":"firm","phase":"before","lease":"30260"},"geometry":{"type":"Point","coordinates":[-89.358092,29.99468]}},{"type":"Feature","properties":{"s":"firm","phase":"before","lease":"30260"},"geometry":{"type":"Point","coordinates":[-89.35835,29.994702]}},{"type":"Feature","properties":{"s":"firm","phase":"before","lease":"30260"},"geometry":{"type":"Point","coordinates":[-89.35866,29.994705]}},{"type":"Feature","properties":{"s":"firm","phase":"before","lease":"30260"},"geometry":{"type":"Point","coordinates":[-89.35914,29.994682]}},{"type":"Feature","properties":{"s":"firm","phase":"before","lease":"30260"},"geometry":{"type":"Point","coordinates":[-89.359403,29.994658]}},{"type":"Feature","properties":{"s":"firm","phase":"before","lease":"30260"},"geometry":{"type":"Point","coordinates":[-89.359746,29.994635]}},{"type":"Feature","properties":{"s":"firm","phase":"before","lease":"30260"},"geometry":{"type":"Point","coordinates":[-89.360005,29.994619]}},{"type":"Feature","properties":{"s":"firm","phase":"before","lease":"30260"},"geometry":{"type":"Point","coordinates":[-89.360304,29.994598]}},{"type":"Feature","properties":{"s":"firm","phase":"before","lease":"30260"},"geometry":{"type":"Point","coordinates":[-89.360694,29.994569]}},{"type":"Feature","properties":{"s":"firm","phase":"before","lease":"30260"},"geometry":{"type":"Point","coordinates":[-89.36087,29.99454]}},{"type":"Feature","properties":{"s":"firm","phase":"before","lease":"30260"},"geometry":{"type":"Point","coordinates":[-89.361088,29.994507]}},{"type":"Feature","properties":{"s":"firm","phase":"before","lease":"30260"},"geometry":{"type":"Point","coordinates":[-89.36134,29.994505]}},{"type":"Feature","properties":{"s":"firm","phase":"before","lease":"30260"},"geometry":{"type":"Point","coordinates":[-89.361635,29.99448]}},{"type":"Feature","properties":{"s":"firm","phase":"before","lease":"30260"},"geometry":{"type":"Point","coordinates":[-89.361988,29.994363]}},{"type":"Feature","properties":{"s":"firm","phase":"before","lease":"30260"},"geometry":{"type":"Point","coordinates":[-89.36226,29.994311]}},{"type":"Feature","properties":{"s":"firm","phase":"before","lease":"30260"},"geometry":{"type":"Point","coordinates":[-89.362792,29.994215]}},{"type":"Feature","properties":{"s":"firm","phase":"before","lease":"30260"},"geometry":{"type":"Point","coordinates":[-89.363086,29.994175]}},{"type":"Feature","properties":{"s":"firm","phase":"before","lease":"30260"},"geometry":{"type":"Point","coordinates":[-89.363365,29.994106]}},{"type":"Feature","properties":{"s":"firm","phase":"before","lease":"30260"},"geometry":{"type":"Point","coordinates":[-89.363742,29.994039]}},{"type":"Feature","properties":{"s":"firm","phase":"before","lease":"30260"},"geometry":{"type":"Point","coordinates":[-89.363994,29.994007]}},{"type":"Feature","properties":{"s":"firm","phase":"before","lease":"30260"},"geometry":{"type":"Point","coordinates":[-89.364279,29.993981]}},{"type":"Feature","properties":{"s":"firm","phase":"before","lease":"30260"},"geometry":{"type":"Point","coordinates":[-89.364496,29.99396]}},{"type":"Feature","properties":{"s":"firm","phase":"before","lease":"30260"},"geometry":{"type":"Point","coordinates":[-89.364857,29.99396]}},{"type":"Feature","properties":{"s":"firm","phase":"before","lease":"30260"},"geometry":{"type":"Point","coordinates":[-89.365189,29.993994]}},{"type":"Feature","properties":{"s":"firm","phase":"before","lease":"30260"},"geometry":{"type":"Point","coordinates":[-89.365445,29.994019]}},{"type":"Feature","properties":{"s":"firm","phase":"before","lease":"30260"},"geometry":{"type":"Point","coordinates":[-89.365728,29.994021]}},{"type":"Feature","properties":{"s":"firm","phase":"before","lease":"30260"},"geometry":{"type":"Point","coordinates":[-89.36596,29.994034]}},{"type":"Feature","properties":{"s":"firm","phase":"before","lease":"30260"},"geometry":{"type":"Point","coordinates":[-89.366252,29.994009]}},{"type":"Feature","properties":{"s":"firm","phase":"before","lease":"30260"},"geometry":{"type":"Point","coordinates":[-89.366549,29.993978]}},{"type":"Feature","properties":{"s":"firm","phase":"before","lease":"30260"},"geometry":{"type":"Point","coordinates":[-89.366868,29.993976]}},{"type":"Feature","properties":{"s":"firm","phase":"before","lease":"30260"},"geometry":{"type":"Point","coordinates":[-89.367119,29.993957]}},{"type":"Feature","properties":{"s":"firm","phase":"before","lease":"30260"},"geometry":{"type":"Point","coordinates":[-89.367439,29.993966]}},{"type":"Feature","properties":{"s":"firm","phase":"before","lease":"30260"},"geometry":{"type":"Point","coordinates":[-89.367696,29.993974]}},{"type":"Feature","properties":{"s":"firm","phase":"before","lease":"30260"},"geometry":{"type":"Point","coordinates":[-89.367956,29.993982]}},{"type":"Feature","properties":{"s":"firm","phase":"before","lease":"30260"},"geometry":{"type":"Point","coordinates":[-89.368281,29.993998]}},{"type":"Feature","properties":{"s":"firm","phase":"before","lease":"30260"},"geometry":{"type":"Point","coordinates":[-89.368603,29.994007]}},{"type":"Feature","properties":{"s":"firm","phase":"before","lease":"30260"},"geometry":{"type":"Point","coordinates":[-89.36885,29.994009]}},{"type":"Feature","properties":{"s":"firm","phase":"before","lease":"30260"},"geometry":{"type":"Point","coordinates":[-89.369101,29.994019]}},{"type":"Feature","properties":{"s":"firm","phase":"before","lease":"30260"},"geometry":{"type":"Point","coordinates":[-89.369344,29.994025]}},{"type":"Feature","properties":{"s":"firm","phase":"before","lease":"30260"},"geometry":{"type":"Point","coordinates":[-89.369592,29.994055]}},{"type":"Feature","properties":{"s":"firm","phase":"before","lease":"30260"},"geometry":{"type":"Point","coordinates":[-89.369987,29.994079]}},{"type":"Feature","properties":{"s":"firm","phase":"before","lease":"30260"},"geometry":{"type":"Point","coordinates":[-89.370237,29.994063]}},{"type":"Feature","properties":{"s":"firm","phase":"before","lease":"30260"},"geometry":{"type":"Point","coordinates":[-89.370551,29.994043]}},{"type":"Feature","properties":{"s":"firm","phase":"before","lease":"30260"},"geometry":{"type":"Point","coordinates":[-89.370786,29.994037]}},{"type":"Feature","properties":{"s":"firm","phase":"before","lease":"30260"},"geometry":{"type":"Point","coordinates":[-89.371109,29.994058]}},{"type":"Feature","properties":{"s":"firm","phase":"before","lease":"30260"},"geometry":{"type":"Point","coordinates":[-89.371362,29.994059]}},{"type":"Feature","properties":{"s":"firm","phase":"before","lease":"30260"},"geometry":{"type":"Point","coordinates":[-89.371618,29.994047]}},{"type":"Feature","properties":{"s":"firm","phase":"before","lease":"30260"},"geometry":{"type":"Point","coordinates":[-89.371672,29.994331]}},{"type":"Feature","properties":{"s":"firm","phase":"before","lease":"30260"},"geometry":{"type":"Point","coordinates":[-89.371508,29.994342]}},{"type":"Feature","properties":{"s":"firm","phase":"before","lease":"30260"},"geometry":{"type":"Point","coordinates":[-89.371345,29.99435]}},{"type":"Feature","properties":{"s":"firm","phase":"before","lease":"30260"},"geometry":{"type":"Point","coordinates":[-89.371174,29.994357]}},{"type":"Feature","properties":{"s":"firm","phase":"before","lease":"30260"},"geometry":{"type":"Point","coordinates":[-89.370964,29.994382]}},{"type":"Feature","properties":{"s":"firm","phase":"before","lease":"30260"},"geometry":{"type":"Point","coordinates":[-89.370805,29.994398]}},{"type":"Feature","properties":{"s":"firm","phase":"before","lease":"30260"},"geometry":{"type":"Point","coordinates":[-89.370545,29.994421]}},{"type":"Feature","properties":{"s":"firm","phase":"before","lease":"30260"},"geometry":{"type":"Point","coordinates":[-89.37039,29.994442]}},{"type":"Feature","properties":{"s":"firm","phase":"before","lease":"30260"},"geometry":{"type":"Point","coordinates":[-89.370224,29.994459]}},{"type":"Feature","properties":{"s":"firm","phase":"before","lease":"30260"},"geometry":{"type":"Point","coordinates":[-89.370056,29.994469]}},{"type":"Feature","properties":{"s":"firm","phase":"before","lease":"30260"},"geometry":{"type":"Point","coordinates":[-89.369842,29.994485]}},{"type":"Feature","properties":{"s":"firm","phase":"before","lease":"30260"},"geometry":{"type":"Point","coordinates":[-89.369634,29.994482]}},{"type":"Feature","properties":{"s":"firm","phase":"before","lease":"30260"},"geometry":{"type":"Point","coordinates":[-89.369386,29.994452]}},{"type":"Feature","properties":{"s":"firm","phase":"before","lease":"30260"},"geometry":{"type":"Point","coordinates":[-89.369184,29.994422]}},{"type":"Feature","properties":{"s":"firm","phase":"before","lease":"30260"},"geometry":{"type":"Point","coordinates":[-89.369005,29.9944]}},{"type":"Feature","properties":{"s":"firm","phase":"before","lease":"30260"},"geometry":{"type":"Point","coordinates":[-89.368786,29.994389]}},{"type":"Feature","properties":{"s":"firm","phase":"before","lease":"30260"},"geometry":{"type":"Point","coordinates":[-89.368623,29.994378]}},{"type":"Feature","properties":{"s":"firm","phase":"before","lease":"30260"},"geometry":{"type":"Point","coordinates":[-89.368415,29.994374]}},{"type":"Feature","properties":{"s":"firm","phase":"before","lease":"30260"},"geometry":{"type":"Point","coordinates":[-89.368171,29.994348]}},{"type":"Feature","properties":{"s":"firm","phase":"before","lease":"30260"},"geometry":{"type":"Point","coordinates":[-89.368009,29.994335]}},{"type":"Feature","properties":{"s":"firm","phase":"before","lease":"30260"},"geometry":{"type":"Point","coordinates":[-89.367677,29.994303]}},{"type":"Feature","properties":{"s":"firm","phase":"before","lease":"30260"},"geometry":{"type":"Point","coordinates":[-89.367459,29.994295]}},{"type":"Feature","properties":{"s":"firm","phase":"before","lease":"30260"},"geometry":{"type":"Point","coordinates":[-89.367157,29.994284]}},{"type":"Feature","properties":{"s":"firm","phase":"before","lease":"30260"},"geometry":{"type":"Point","coordinates":[-89.366793,29.994305]}},{"type":"Feature","properties":{"s":"firm","phase":"before","lease":"30260"},"geometry":{"type":"Point","coordinates":[-89.366572,29.994304]}},{"type":"Feature","properties":{"s":"firm","phase":"before","lease":"30260"},"geometry":{"type":"Point","coordinates":[-89.366392,29.994332]}},{"type":"Feature","properties":{"s":"firm","phase":"before","lease":"30260"},"geometry":{"type":"Point","coordinates":[-89.36618,29.994346]}},{"type":"Feature","properties":{"s":"firm","phase":"before","lease":"30260"},"geometry":{"type":"Point","coordinates":[-89.366003,29.99435]}},{"type":"Feature","properties":{"s":"firm","phase":"before","lease":"30260"},"geometry":{"type":"Point","coordinates":[-89.365794,29.994366]}},{"type":"Feature","properties":{"s":"firm","phase":"before","lease":"30260"},"geometry":{"type":"Point","coordinates":[-89.365621,29.994379]}},{"type":"Feature","properties":{"s":"firm","phase":"before","lease":"30260"},"geometry":{"type":"Point","coordinates":[-89.365413,29.994387]}},{"type":"Feature","properties":{"s":"firm","phase":"before","lease":"30260"},"geometry":{"type":"Point","coordinates":[-89.36521,29.994388]}},{"type":"Feature","properties":{"s":"firm","phase":"before","lease":"30260"},"geometry":{"type":"Point","coordinates":[-89.365038,29.994388]}},{"type":"Feature","properties":{"s":"firm","phase":"before","lease":"30260"},"geometry":{"type":"Point","coordinates":[-89.364824,29.994374]}},{"type":"Feature","properties":{"s":"firm","phase":"before","lease":"30260"},"geometry":{"type":"Point","coordinates":[-89.364613,29.994365]}},{"type":"Feature","properties":{"s":"firm","phase":"before","lease":"30260"},"geometry":{"type":"Point","coordinates":[-89.364439,29.99437]}},{"type":"Feature","properties":{"s":"firm","phase":"before","lease":"30260"},"geometry":{"type":"Point","coordinates":[-89.364278,29.994371]}},{"type":"Feature","properties":{"s":"firm","phase":"before","lease":"30260"},"geometry":{"type":"Point","coordinates":[-89.364077,29.994385]}},{"type":"Feature","properties":{"s":"firm","phase":"before","lease":"30260"},"geometry":{"type":"Point","coordinates":[-89.363869,29.994403]}},{"type":"Feature","properties":{"s":"firm","phase":"before","lease":"30260"},"geometry":{"type":"Point","coordinates":[-89.363583,29.994435]}},{"type":"Feature","properties":{"s":"firm","phase":"before","lease":"30260"},"geometry":{"type":"Point","coordinates":[-89.363379,29.994463]}},{"type":"Feature","properties":{"s":"firm","phase":"before","lease":"30260"},"geometry":{"type":"Point","coordinates":[-89.363206,29.99448]}},{"type":"Feature","properties":{"s":"firm","phase":"before","lease":"30260"},"geometry":{"type":"Point","coordinates":[-89.363001,29.994503]}},{"type":"Feature","properties":{"s":"firm","phase":"before","lease":"30260"},"geometry":{"type":"Point","coordinates":[-89.362792,29.994537]}},{"type":"Feature","properties":{"s":"firm","phase":"before","lease":"30260"},"geometry":{"type":"Point","coordinates":[-89.362626,29.994565]}},{"type":"Feature","properties":{"s":"firm","phase":"before","lease":"30260"},"geometry":{"type":"Point","coordinates":[-89.362424,29.994598]}},{"type":"Feature","properties":{"s":"firm","phase":"before","lease":"30260"},"geometry":{"type":"Point","coordinates":[-89.362262,29.994625]}},{"type":"Feature","properties":{"s":"firm","phase":"before","lease":"30260"},"geometry":{"type":"Point","coordinates":[-89.362065,29.994666]}},{"type":"Feature","properties":{"s":"firm","phase":"before","lease":"30260"},"geometry":{"type":"Point","coordinates":[-89.361851,29.994703]}},{"type":"Feature","properties":{"s":"firm","phase":"before","lease":"30260"},"geometry":{"type":"Point","coordinates":[-89.36168,29.994715]}},{"type":"Feature","properties":{"s":"firm","phase":"before","lease":"30260"},"geometry":{"type":"Point","coordinates":[-89.361486,29.994727]}},{"type":"Feature","properties":{"s":"firm","phase":"before","lease":"30260"},"geometry":{"type":"Point","coordinates":[-89.361277,29.994759]}},{"type":"Feature","properties":{"s":"firm","phase":"before","lease":"30260"},"geometry":{"type":"Point","coordinates":[-89.361115,29.994776]}},{"type":"Feature","properties":{"s":"firm","phase":"before","lease":"30260"},"geometry":{"type":"Point","coordinates":[-89.360953,29.994805]}},{"type":"Feature","properties":{"s":"mud","phase":"after","lease":"30260"},"geometry":{"type":"Point","coordinates":[-89.370606,29.993884]}},{"type":"Feature","properties":{"s":"mud","phase":"after","lease":"30260"},"geometry":{"type":"Point","coordinates":[-89.370606,29.993884]}},{"type":"Feature","properties":{"s":"firm","phase":"after","lease":"30260"},"geometry":{"type":"Point","coordinates":[-89.368251,29.995369]}},{"type":"Feature","properties":{"s":"firm","phase":"after","lease":"30260"},"geometry":{"type":"Point","coordinates":[-89.367686,29.995203]}},{"type":"Feature","properties":{"s":"firm","phase":"after","lease":"30260"},"geometry":{"type":"Point","coordinates":[-89.367764,29.995203]}},{"type":"Feature","properties":{"s":"firm","phase":"after","lease":"30260"},"geometry":{"type":"Point","coordinates":[-89.367838,29.995206]}},{"type":"Feature","properties":{"s":"firm","phase":"after","lease":"30260"},"geometry":{"type":"Point","coordinates":[-89.367908,29.99522]}},{"type":"Feature","properties":{"s":"firm","phase":"after","lease":"30260"},"geometry":{"type":"Point","coordinates":[-89.367955,29.995241]}},{"type":"Feature","properties":{"s":"firm","phase":"after","lease":"30260"},"geometry":{"type":"Point","coordinates":[-89.367994,29.995268]}},{"type":"Feature","properties":{"s":"firm","phase":"after","lease":"30260"},"geometry":{"type":"Point","coordinates":[-89.36802,29.995294]}},{"type":"Feature","properties":{"s":"scat","phase":"after","lease":"30260"},"geometry":{"type":"Point","coordinates":[-89.36817,29.995375]}},{"type":"Feature","properties":{"s":"firm","phase":"after","lease":"30260"},"geometry":{"type":"Point","coordinates":[-89.36817,29.995375]}},{"type":"Feature","properties":{"s":"reef","phase":"after","lease":"30260"},"geometry":{"type":"Point","coordinates":[-89.367345,29.995253]}},{"type":"Feature","properties":{"s":"reef","phase":"after","lease":"30260"},"geometry":{"type":"Point","coordinates":[-89.367392,29.995246]}},{"type":"Feature","properties":{"s":"reef","phase":"after","lease":"30260"},"geometry":{"type":"Point","coordinates":[-89.367454,29.995238]}},{"type":"Feature","properties":{"s":"reef","phase":"after","lease":"30260"},"geometry":{"type":"Point","coordinates":[-89.367454,29.995238]}},{"type":"Feature","properties":{"s":"buried","phase":"after","lease":"30260"},"geometry":{"type":"Point","coordinates":[-89.367476,29.995234]}},{"type":"Feature","properties":{"s":"firm","phase":"after","lease":"30260"},"geometry":{"type":"Point","coordinates":[-89.367499,29.995229]}},{"type":"Feature","properties":{"s":"firm","phase":"after","lease":"30260"},"geometry":{"type":"Point","coordinates":[-89.367561,29.995219]}},{"type":"Feature","properties":{"s":"firm","phase":"after","lease":"30260"},"geometry":{"type":"Point","coordinates":[-89.367603,29.995213]}},{"type":"Feature","properties":{"s":"reef","phase":"after","lease":"30260"},"geometry":{"type":"Point","coordinates":[-89.366515,29.99535]}},{"type":"Feature","properties":{"s":"reef","phase":"after","lease":"30260"},"geometry":{"type":"Point","coordinates":[-89.366596,29.995344]}},{"type":"Feature","properties":{"s":"reef","phase":"after","lease":"30260"},"geometry":{"type":"Point","coordinates":[-89.3667,29.995334]}},{"type":"Feature","properties":{"s":"reef","phase":"after","lease":"30260"},"geometry":{"type":"Point","coordinates":[-89.366763,29.995326]}},{"type":"Feature","properties":{"s":"scat","phase":"after","lease":"30260"},"geometry":{"type":"Point","coordinates":[-89.366826,29.995317]}},{"type":"Feature","properties":{"s":"reef","phase":"after","lease":"30260"},"geometry":{"type":"Point","coordinates":[-89.366888,29.99531]}},{"type":"Feature","properties":{"s":"reef","phase":"after","lease":"30260"},"geometry":{"type":"Point","coordinates":[-89.366995,29.995302]}},{"type":"Feature","properties":{"s":"scat","phase":"after","lease":"30260"},"geometry":{"type":"Point","coordinates":[-89.367062,29.995298]}},{"type":"Feature","properties":{"s":"reef","phase":"after","lease":"30260"},"geometry":{"type":"Point","coordinates":[-89.367106,29.995292]}},{"type":"Feature","properties":{"s":"reef","phase":"after","lease":"30260"},"geometry":{"type":"Point","coordinates":[-89.367195,29.995276]}},{"type":"Feature","properties":{"s":"reef","phase":"after","lease":"30260"},"geometry":{"type":"Point","coordinates":[-89.367237,29.995269]}},{"type":"Feature","properties":{"s":"reef","phase":"after","lease":"30260"},"geometry":{"type":"Point","coordinates":[-89.3673,29.995259]}},{"type":"Feature","properties":{"s":"reef","phase":"after","lease":"30260"},"geometry":{"type":"Point","coordinates":[-89.365887,29.995407]}},{"type":"Feature","properties":{"s":"reef","phase":"after","lease":"30260"},"geometry":{"type":"Point","coordinates":[-89.365932,29.9954]}},{"type":"Feature","properties":{"s":"reef","phase":"after","lease":"30260"},"geometry":{"type":"Point","coordinates":[-89.365977,29.995394]}},{"type":"Feature","properties":{"s":"reef","phase":"after","lease":"30260"},"geometry":{"type":"Point","coordinates":[-89.366041,29.995394]}},{"type":"Feature","properties":{"s":"reef","phase":"after","lease":"30260"},"geometry":{"type":"Point","coordinates":[-89.366086,29.995393]}},{"type":"Feature","properties":{"s":"reef","phase":"after","lease":"30260"},"geometry":{"type":"Point","coordinates":[-89.366154,29.995388]}},{"type":"Feature","properties":{"s":"reef","phase":"after","lease":"30260"},"geometry":{"type":"Point","coordinates":[-89.366226,29.995381]}},{"type":"Feature","properties":{"s":"reef","phase":"after","lease":"30260"},"geometry":{"type":"Point","coordinates":[-89.366299,29.995372]}},{"type":"Feature","properties":{"s":"reef","phase":"after","lease":"30260"},"geometry":{"type":"Point","coordinates":[-89.366371,29.995363]}},{"type":"Feature","properties":{"s":"reef","phase":"after","lease":"30260"},"geometry":{"type":"Point","coordinates":[-89.366434,29.995358]}},{"type":"Feature","properties":{"s":"reef","phase":"after","lease":"30260"},"geometry":{"type":"Point","coordinates":[-89.365243,29.995423]}},{"type":"Feature","properties":{"s":"reef","phase":"after","lease":"30260"},"geometry":{"type":"Point","coordinates":[-89.36531,29.99542]}},{"type":"Feature","properties":{"s":"reef","phase":"after","lease":"30260"},"geometry":{"type":"Point","coordinates":[-89.365355,29.995421]}},{"type":"Feature","properties":{"s":"reef","phase":"after","lease":"30260"},"geometry":{"type":"Point","coordinates":[-89.365419,29.995421]}},{"type":"Feature","properties":{"s":"reef","phase":"after","lease":"30260"},"geometry":{"type":"Point","coordinates":[-89.365503,29.995422]}},{"type":"Feature","properties":{"s":"reef","phase":"after","lease":"30260"},"geometry":{"type":"Point","coordinates":[-89.365566,29.995423]}},{"type":"Feature","properties":{"s":"reef","phase":"after","lease":"30260"},"geometry":{"type":"Point","coordinates":[-89.365608,29.995423]}},{"type":"Feature","properties":{"s":"reef","phase":"after","lease":"30260"},"geometry":{"type":"Point","coordinates":[-89.365648,29.995416]}},{"type":"Feature","properties":{"s":"reef","phase":"after","lease":"30260"},"geometry":{"type":"Point","coordinates":[-89.365729,29.995415]}},{"type":"Feature","properties":{"s":"reef","phase":"after","lease":"30260"},"geometry":{"type":"Point","coordinates":[-89.365821,29.995411]}},{"type":"Feature","properties":{"s":"reef","phase":"after","lease":"30260"},"geometry":{"type":"Point","coordinates":[-89.364625,29.995461]}},{"type":"Feature","properties":{"s":"reef","phase":"after","lease":"30260"},"geometry":{"type":"Point","coordinates":[-89.364692,29.995457]}},{"type":"Feature","properties":{"s":"reef","phase":"after","lease":"30260"},"geometry":{"type":"Point","coordinates":[-89.364717,29.995458]}},{"type":"Feature","properties":{"s":"reef","phase":"after","lease":"30260"},"geometry":{"type":"Point","coordinates":[-89.364764,29.995458]}},{"type":"Feature","properties":{"s":"reef","phase":"after","lease":"30260"},"geometry":{"type":"Point","coordinates":[-89.364837,29.995456]}},{"type":"Feature","properties":{"s":"reef","phase":"after","lease":"30260"},"geometry":{"type":"Point","coordinates":[-89.364884,29.995453]}},{"type":"Feature","properties":{"s":"reef","phase":"after","lease":"30260"},"geometry":{"type":"Point","coordinates":[-89.36497,29.995445]}},{"type":"Feature","properties":{"s":"reef","phase":"after","lease":"30260"},"geometry":{"type":"Point","coordinates":[-89.36503,29.995439]}},{"type":"Feature","properties":{"s":"reef","phase":"after","lease":"30260"},"geometry":{"type":"Point","coordinates":[-89.36509,29.995434]}},{"type":"Feature","properties":{"s":"reef","phase":"after","lease":"30260"},"geometry":{"type":"Point","coordinates":[-89.365173,29.995427]}},{"type":"Feature","properties":{"s":"reef","phase":"after","lease":"30260"},"geometry":{"type":"Point","coordinates":[-89.363994,29.9955]}},{"type":"Feature","properties":{"s":"reef","phase":"after","lease":"30260"},"geometry":{"type":"Point","coordinates":[-89.364039,29.995497]}},{"type":"Feature","properties":{"s":"reef","phase":"after","lease":"30260"},"geometry":{"type":"Point","coordinates":[-89.36415,29.99549]}},{"type":"Feature","properties":{"s":"reef","phase":"after","lease":"30260"},"geometry":{"type":"Point","coordinates":[-89.364215,29.995486]}},{"type":"Feature","properties":{"s":"reef","phase":"after","lease":"30260"},"geometry":{"type":"Point","coordinates":[-89.364255,29.995477]}},{"type":"Feature","properties":{"s":"reef","phase":"after","lease":"30260"},"geometry":{"type":"Point","coordinates":[-89.364322,29.995478]}},{"type":"Feature","properties":{"s":"reef","phase":"after","lease":"30260"},"geometry":{"type":"Point","coordinates":[-89.364409,29.995476]}},{"type":"Feature","properties":{"s":"reef","phase":"after","lease":"30260"},"geometry":{"type":"Point","coordinates":[-89.364449,29.995472]}},{"type":"Feature","properties":{"s":"reef","phase":"after","lease":"30260"},"geometry":{"type":"Point","coordinates":[-89.364515,29.995471]}},{"type":"Feature","properties":{"s":"reef","phase":"after","lease":"30260"},"geometry":{"type":"Point","coordinates":[-89.364561,29.995468]}},{"type":"Feature","properties":{"s":"reef","phase":"after","lease":"30260"},"geometry":{"type":"Point","coordinates":[-89.363419,29.995537]}},{"type":"Feature","properties":{"s":"reef","phase":"after","lease":"30260"},"geometry":{"type":"Point","coordinates":[-89.363486,29.995536]}},{"type":"Feature","properties":{"s":"reef","phase":"after","lease":"30260"},"geometry":{"type":"Point","coordinates":[-89.36357,29.995532]}},{"type":"Feature","properties":{"s":"reef","phase":"after","lease":"30260"},"geometry":{"type":"Point","coordinates":[-89.363666,29.995527]}},{"type":"Feature","properties":{"s":"reef","phase":"after","lease":"30260"},"geometry":{"type":"Point","coordinates":[-89.36373,29.995521]}},{"type":"Feature","properties":{"s":"reef","phase":"after","lease":"30260"},"geometry":{"type":"Point","coordinates":[-89.363794,29.995516]}},{"type":"Feature","properties":{"s":"reef","phase":"after","lease":"30260"},"geometry":{"type":"Point","coordinates":[-89.363884,29.99551]}},{"type":"Feature","properties":{"s":"reef","phase":"after","lease":"30260"},"geometry":{"type":"Point","coordinates":[-89.363926,29.995505]}},{"type":"Feature","properties":{"s":"reef","phase":"after","lease":"30260"},"geometry":{"type":"Point","coordinates":[-89.362753,29.995584]}},{"type":"Feature","properties":{"s":"reef","phase":"after","lease":"30260"},"geometry":{"type":"Point","coordinates":[-89.362821,29.995585]}},{"type":"Feature","properties":{"s":"reef","phase":"after","lease":"30260"},"geometry":{"type":"Point","coordinates":[-89.362887,29.995582]}},{"type":"Feature","properties":{"s":"reef","phase":"after","lease":"30260"},"geometry":{"type":"Point","coordinates":[-89.36295,29.995577]}},{"type":"Feature","properties":{"s":"reef","phase":"after","lease":"30260"},"geometry":{"type":"Point","coordinates":[-89.362991,29.99557]}},{"type":"Feature","properties":{"s":"reef","phase":"after","lease":"30260"},"geometry":{"type":"Point","coordinates":[-89.363077,29.995558]}},{"type":"Feature","properties":{"s":"reef","phase":"after","lease":"30260"},"geometry":{"type":"Point","coordinates":[-89.363141,29.995548]}},{"type":"Feature","properties":{"s":"reef","phase":"after","lease":"30260"},"geometry":{"type":"Point","coordinates":[-89.363223,29.995544]}},{"type":"Feature","properties":{"s":"reef","phase":"after","lease":"30260"},"geometry":{"type":"Point","coordinates":[-89.36329,29.995543]}},{"type":"Feature","properties":{"s":"reef","phase":"after","lease":"30260"},"geometry":{"type":"Point","coordinates":[-89.363354,29.995541]}},{"type":"Feature","properties":{"s":"reef","phase":"after","lease":"30260"},"geometry":{"type":"Point","coordinates":[-89.362157,29.995624]}},{"type":"Feature","properties":{"s":"reef","phase":"after","lease":"30260"},"geometry":{"type":"Point","coordinates":[-89.3622,29.995625]}},{"type":"Feature","properties":{"s":"reef","phase":"after","lease":"30260"},"geometry":{"type":"Point","coordinates":[-89.362263,29.995622]}},{"type":"Feature","properties":{"s":"reef","phase":"after","lease":"30260"},"geometry":{"type":"Point","coordinates":[-89.362333,29.995618]}},{"type":"Feature","properties":{"s":"reef","phase":"after","lease":"30260"},"geometry":{"type":"Point","coordinates":[-89.362374,29.995613]}},{"type":"Feature","properties":{"s":"reef","phase":"after","lease":"30260"},"geometry":{"type":"Point","coordinates":[-89.36244,29.995607]}},{"type":"Feature","properties":{"s":"reef","phase":"after","lease":"30260"},"geometry":{"type":"Point","coordinates":[-89.362505,29.995602]}},{"type":"Feature","properties":{"s":"reef","phase":"after","lease":"30260"},"geometry":{"type":"Point","coordinates":[-89.362547,29.995597]}},{"type":"Feature","properties":{"s":"reef","phase":"after","lease":"30260"},"geometry":{"type":"Point","coordinates":[-89.36264,29.99559]}},{"type":"Feature","properties":{"s":"reef","phase":"after","lease":"30260"},"geometry":{"type":"Point","coordinates":[-89.362685,29.995588]}},{"type":"Feature","properties":{"s":"reef","phase":"after","lease":"30260"},"geometry":{"type":"Point","coordinates":[-89.361575,29.99565]}},{"type":"Feature","properties":{"s":"reef","phase":"after","lease":"30260"},"geometry":{"type":"Point","coordinates":[-89.361641,29.995649]}},{"type":"Feature","properties":{"s":"reef","phase":"after","lease":"30260"},"geometry":{"type":"Point","coordinates":[-89.361703,29.995643]}},{"type":"Feature","properties":{"s":"reef","phase":"after","lease":"30260"},"geometry":{"type":"Point","coordinates":[-89.361744,29.995641]}},{"type":"Feature","properties":{"s":"reef","phase":"after","lease":"30260"},"geometry":{"type":"Point","coordinates":[-89.361766,29.995641]}},{"type":"Feature","properties":{"s":"reef","phase":"after","lease":"30260"},"geometry":{"type":"Point","coordinates":[-89.361807,29.995638]}},{"type":"Feature","properties":{"s":"reef","phase":"after","lease":"30260"},"geometry":{"type":"Point","coordinates":[-89.36185,29.995635]}},{"type":"Feature","properties":{"s":"reef","phase":"after","lease":"30260"},"geometry":{"type":"Point","coordinates":[-89.361897,29.995633]}},{"type":"Feature","properties":{"s":"reef","phase":"after","lease":"30260"},"geometry":{"type":"Point","coordinates":[-89.36198,29.995625]}},{"type":"Feature","properties":{"s":"reef","phase":"after","lease":"30260"},"geometry":{"type":"Point","coordinates":[-89.362026,29.995627]}},{"type":"Feature","properties":{"s":"reef","phase":"after","lease":"30260"},"geometry":{"type":"Point","coordinates":[-89.362047,29.995626]}},{"type":"Feature","properties":{"s":"reef","phase":"after","lease":"30260"},"geometry":{"type":"Point","coordinates":[-89.36209,29.995623]}},{"type":"Feature","properties":{"s":"firm","phase":"after","lease":"30260"},"geometry":{"type":"Point","coordinates":[-89.36095,29.995696]}},{"type":"Feature","properties":{"s":"firm","phase":"after","lease":"30260"},"geometry":{"type":"Point","coordinates":[-89.360992,29.995693]}},{"type":"Feature","properties":{"s":"firm","phase":"after","lease":"30260"},"geometry":{"type":"Point","coordinates":[-89.361034,29.995689]}},{"type":"Feature","properties":{"s":"firm","phase":"after","lease":"30260"},"geometry":{"type":"Point","coordinates":[-89.361101,29.995685]}},{"type":"Feature","properties":{"s":"firm","phase":"after","lease":"30260"},"geometry":{"type":"Point","coordinates":[-89.361166,29.995682]}},{"type":"Feature","properties":{"s":"firm","phase":"after","lease":"30260"},"geometry":{"type":"Point","coordinates":[-89.361258,29.995674]}},{"type":"Feature","properties":{"s":"firm","phase":"after","lease":"30260"},"geometry":{"type":"Point","coordinates":[-89.36135,29.995666]}},{"type":"Feature","properties":{"s":"scat","phase":"after","lease":"30260"},"geometry":{"type":"Point","coordinates":[-89.361466,29.995659]}},{"type":"Feature","properties":{"s":"reef","phase":"after","lease":"30260"},"geometry":{"type":"Point","coordinates":[-89.36151,29.995655]}},{"type":"Feature","properties":{"s":"firm","phase":"after","lease":"30260"},"geometry":{"type":"Point","coordinates":[-89.360346,29.995726]}},{"type":"Feature","properties":{"s":"firm","phase":"after","lease":"30260"},"geometry":{"type":"Point","coordinates":[-89.360411,29.995725]}},{"type":"Feature","properties":{"s":"firm","phase":"after","lease":"30260"},"geometry":{"type":"Point","coordinates":[-89.360501,29.995723]}},{"type":"Feature","properties":{"s":"firm","phase":"after","lease":"30260"},"geometry":{"type":"Point","coordinates":[-89.360542,29.995722]}},{"type":"Feature","properties":{"s":"firm","phase":"after","lease":"30260"},"geometry":{"type":"Point","coordinates":[-89.360628,29.995717]}},{"type":"Feature","properties":{"s":"firm","phase":"after","lease":"30260"},"geometry":{"type":"Point","coordinates":[-89.360692,29.995709]}},{"type":"Feature","properties":{"s":"firm","phase":"after","lease":"30260"},"geometry":{"type":"Point","coordinates":[-89.36078,29.995702]}},{"type":"Feature","properties":{"s":"firm","phase":"after","lease":"30260"},"geometry":{"type":"Point","coordinates":[-89.360868,29.995698]}},{"type":"Feature","properties":{"s":"firm","phase":"after","lease":"30260"},"geometry":{"type":"Point","coordinates":[-89.359828,29.99577]}},{"type":"Feature","properties":{"s":"firm","phase":"after","lease":"30260"},"geometry":{"type":"Point","coordinates":[-89.359892,29.995761]}},{"type":"Feature","properties":{"s":"firm","phase":"after","lease":"30260"},"geometry":{"type":"Point","coordinates":[-89.35998,29.995756]}},{"type":"Feature","properties":{"s":"firm","phase":"after","lease":"30260"},"geometry":{"type":"Point","coordinates":[-89.360023,29.995751]}},{"type":"Feature","properties":{"s":"firm","phase":"after","lease":"30260"},"geometry":{"type":"Point","coordinates":[-89.360114,29.995745]}},{"type":"Feature","properties":{"s":"firm","phase":"after","lease":"30260"},"geometry":{"type":"Point","coordinates":[-89.360175,29.995741]}},{"type":"Feature","properties":{"s":"firm","phase":"after","lease":"30260"},"geometry":{"type":"Point","coordinates":[-89.360216,29.995738]}},{"type":"Feature","properties":{"s":"firm","phase":"after","lease":"30260"},"geometry":{"type":"Point","coordinates":[-89.36028,29.995733]}},{"type":"Feature","properties":{"s":"firm","phase":"after","lease":"30260"},"geometry":{"type":"Point","coordinates":[-89.359123,29.995811]}},{"type":"Feature","properties":{"s":"firm","phase":"after","lease":"30260"},"geometry":{"type":"Point","coordinates":[-89.35921,29.995804]}},{"type":"Feature","properties":{"s":"firm","phase":"after","lease":"30260"},"geometry":{"type":"Point","coordinates":[-89.359293,29.995799]}},{"type":"Feature","properties":{"s":"firm","phase":"after","lease":"30260"},"geometry":{"type":"Point","coordinates":[-89.359357,29.995796]}},{"type":"Feature","properties":{"s":"firm","phase":"after","lease":"30260"},"geometry":{"type":"Point","coordinates":[-89.359469,29.995796]}},{"type":"Feature","properties":{"s":"firm","phase":"after","lease":"30260"},"geometry":{"type":"Point","coordinates":[-89.359531,29.99579]}},{"type":"Feature","properties":{"s":"firm","phase":"after","lease":"30260"},"geometry":{"type":"Point","coordinates":[-89.359622,29.995787]}},{"type":"Feature","properties":{"s":"firm","phase":"after","lease":"30260"},"geometry":{"type":"Point","coordinates":[-89.359707,29.995785]}},{"type":"Feature","properties":{"s":"firm","phase":"after","lease":"30260"},"geometry":{"type":"Point","coordinates":[-89.358473,29.995852]}},{"type":"Feature","properties":{"s":"firm","phase":"after","lease":"30260"},"geometry":{"type":"Point","coordinates":[-89.358516,29.995853]}},{"type":"Feature","properties":{"s":"firm","phase":"after","lease":"30260"},"geometry":{"type":"Point","coordinates":[-89.358583,29.995846]}},{"type":"Feature","properties":{"s":"firm","phase":"after","lease":"30260"},"geometry":{"type":"Point","coordinates":[-89.358655,29.995844]}},{"type":"Feature","properties":{"s":"firm","phase":"after","lease":"30260"},"geometry":{"type":"Point","coordinates":[-89.358697,29.995843]}},{"type":"Feature","properties":{"s":"firm","phase":"after","lease":"30260"},"geometry":{"type":"Point","coordinates":[-89.358741,29.995836]}},{"type":"Feature","properties":{"s":"firm","phase":"after","lease":"30260"},"geometry":{"type":"Point","coordinates":[-89.358801,29.995831]}},{"type":"Feature","properties":{"s":"firm","phase":"after","lease":"30260"},"geometry":{"type":"Point","coordinates":[-89.358887,29.995823]}},{"type":"Feature","properties":{"s":"firm","phase":"after","lease":"30260"},"geometry":{"type":"Point","coordinates":[-89.358973,29.995818]}},{"type":"Feature","properties":{"s":"firm","phase":"after","lease":"30260"},"geometry":{"type":"Point","coordinates":[-89.359036,29.995816]}},{"type":"Feature","properties":{"s":"firm","phase":"after","lease":"30260"},"geometry":{"type":"Point","coordinates":[-89.357901,29.995881]}},{"type":"Feature","properties":{"s":"firm","phase":"after","lease":"30260"},"geometry":{"type":"Point","coordinates":[-89.357965,29.995875]}},{"type":"Feature","properties":{"s":"firm","phase":"after","lease":"30260"},"geometry":{"type":"Point","coordinates":[-89.358047,29.995874]}},{"type":"Feature","properties":{"s":"firm","phase":"after","lease":"30260"},"geometry":{"type":"Point","coordinates":[-89.358133,29.995867]}},{"type":"Feature","properties":{"s":"firm","phase":"after","lease":"30260"},"geometry":{"type":"Point","coordinates":[-89.358218,29.995861]}},{"type":"Feature","properties":{"s":"firm","phase":"after","lease":"30260"},"geometry":{"type":"Point","coordinates":[-89.358263,29.995862]}},{"type":"Feature","properties":{"s":"firm","phase":"after","lease":"30260"},"geometry":{"type":"Point","coordinates":[-89.358346,29.995862]}},{"type":"Feature","properties":{"s":"firm","phase":"after","lease":"30260"},"geometry":{"type":"Point","coordinates":[-89.358405,29.995858]}},{"type":"Feature","properties":{"s":"firm","phase":"after","lease":"30260"},"geometry":{"type":"Point","coordinates":[-89.357608,29.995887]}},{"type":"Feature","properties":{"s":"firm","phase":"after","lease":"30260"},"geometry":{"type":"Point","coordinates":[-89.357711,29.995883]}},{"type":"Feature","properties":{"s":"firm","phase":"after","lease":"30260"},"geometry":{"type":"Point","coordinates":[-89.357817,29.99589]}},{"type":"Feature","properties":{"s":"firm","phase":"after","lease":"30260"},"geometry":{"type":"Point","coordinates":[-89.357534,29.995622]}},{"type":"Feature","properties":{"s":"firm","phase":"after","lease":"30260"},"geometry":{"type":"Point","coordinates":[-89.358247,29.995575]}},{"type":"Feature","properties":{"s":"firm","phase":"after","lease":"30260"},"geometry":{"type":"Point","coordinates":[-89.358111,29.995577]}},{"type":"Feature","properties":{"s":"firm","phase":"after","lease":"30260"},"geometry":{"type":"Point","coordinates":[-89.358049,29.995579]}},{"type":"Feature","properties":{"s":"firm","phase":"after","lease":"30260"},"geometry":{"type":"Point","coordinates":[-89.357988,29.995584]}},{"type":"Feature","properties":{"s":"firm","phase":"after","lease":"30260"},"geometry":{"type":"Point","coordinates":[-89.35791,29.995588]}},{"type":"Feature","properties":{"s":"firm","phase":"after","lease":"30260"},"geometry":{"type":"Point","coordinates":[-89.357829,29.99559]}},{"type":"Feature","properties":{"s":"firm","phase":"after","lease":"30260"},"geometry":{"type":"Point","coordinates":[-89.357747,29.995587]}},{"type":"Feature","properties":{"s":"reef","phase":"after","lease":"30260"},"geometry":{"type":"Point","coordinates":[-89.358925,29.995539]}},{"type":"Feature","properties":{"s":"reef","phase":"after","lease":"30260"},"geometry":{"type":"Point","coordinates":[-89.35888,29.995546]}},{"type":"Feature","properties":{"s":"reef","phase":"after","lease":"30260"},"geometry":{"type":"Point","coordinates":[-89.358793,29.995548]}},{"type":"Feature","properties":{"s":"reef","phase":"after","lease":"30260"},"geometry":{"type":"Point","coordinates":[-89.358751,29.995548]}},{"type":"Feature","properties":{"s":"reef","phase":"after","lease":"30260"},"geometry":{"type":"Point","coordinates":[-89.358688,29.99555]}},{"type":"Feature","properties":{"s":"reef","phase":"after","lease":"30260"},"geometry":{"type":"Point","coordinates":[-89.358624,29.995559]}},{"type":"Feature","properties":{"s":"reef","phase":"after","lease":"30260"},"geometry":{"type":"Point","coordinates":[-89.358561,29.995561]}},{"type":"Feature","properties":{"s":"reef","phase":"after","lease":"30260"},"geometry":{"type":"Point","coordinates":[-89.358472,29.995566]}},{"type":"Feature","properties":{"s":"reef","phase":"after","lease":"30260"},"geometry":{"type":"Point","coordinates":[-89.358428,29.995568]}},{"type":"Feature","properties":{"s":"firm","phase":"after","lease":"30260"},"geometry":{"type":"Point","coordinates":[-89.358403,29.995569]}},{"type":"Feature","properties":{"s":"firm","phase":"after","lease":"30260"},"geometry":{"type":"Point","coordinates":[-89.358315,29.995572]}},{"type":"Feature","properties":{"s":"scat","phase":"after","lease":"30260"},"geometry":{"type":"Point","coordinates":[-89.359551,29.995513]}},{"type":"Feature","properties":{"s":"scat","phase":"after","lease":"30260"},"geometry":{"type":"Point","coordinates":[-89.359491,29.995514]}},{"type":"Feature","properties":{"s":"scat","phase":"after","lease":"30260"},"geometry":{"type":"Point","coordinates":[-89.359453,29.995519]}},{"type":"Feature","properties":{"s":"scat","phase":"after","lease":"30260"},"geometry":{"type":"Point","coordinates":[-89.35939,29.99552]}},{"type":"Feature","properties":{"s":"scat","phase":"after","lease":"30260"},"geometry":{"type":"Point","coordinates":[-89.359344,29.995524]}},{"type":"Feature","properties":{"s":"reef","phase":"after","lease":"30260"},"geometry":{"type":"Point","coordinates":[-89.359198,29.995531]}},{"type":"Feature","properties":{"s":"reef","phase":"after","lease":"30260"},"geometry":{"type":"Point","coordinates":[-89.359136,29.995532]}},{"type":"Feature","properties":{"s":"reef","phase":"after","lease":"30260"},"geometry":{"type":"Point","coordinates":[-89.359055,29.995538]}},{"type":"Feature","properties":{"s":"reef","phase":"after","lease":"30260"},"geometry":{"type":"Point","coordinates":[-89.358989,29.995539]}},{"type":"Feature","properties":{"s":"reef","phase":"after","lease":"30260"},"geometry":{"type":"Point","coordinates":[-89.360092,29.995477]}},{"type":"Feature","properties":{"s":"reef","phase":"after","lease":"30260"},"geometry":{"type":"Point","coordinates":[-89.360048,29.995479]}},{"type":"Feature","properties":{"s":"reef","phase":"after","lease":"30260"},"geometry":{"type":"Point","coordinates":[-89.359963,29.995485]}},{"type":"Feature","properties":{"s":"reef","phase":"after","lease":"30260"},"geometry":{"type":"Point","coordinates":[-89.359901,29.995488]}},{"type":"Feature","properties":{"s":"reef","phase":"after","lease":"30260"},"geometry":{"type":"Point","coordinates":[-89.359813,29.995494]}},{"type":"Feature","properties":{"s":"reef","phase":"after","lease":"30260"},"geometry":{"type":"Point","coordinates":[-89.359745,29.995501]}},{"type":"Feature","properties":{"s":"reef","phase":"after","lease":"30260"},"geometry":{"type":"Point","coordinates":[-89.359678,29.995507]}},{"type":"Feature","properties":{"s":"reef","phase":"after","lease":"30260"},"geometry":{"type":"Point","coordinates":[-89.359635,29.99551]}},{"type":"Feature","properties":{"s":"reef","phase":"after","lease":"30260"},"geometry":{"type":"Point","coordinates":[-89.359572,29.995512]}},{"type":"Feature","properties":{"s":"scat","phase":"after","lease":"30260"},"geometry":{"type":"Point","coordinates":[-89.360716,29.995449]}},{"type":"Feature","properties":{"s":"reef","phase":"after","lease":"30260"},"geometry":{"type":"Point","coordinates":[-89.360657,29.995454]}},{"type":"Feature","properties":{"s":"reef","phase":"after","lease":"30260"},"geometry":{"type":"Point","coordinates":[-89.360613,29.995457]}},{"type":"Feature","properties":{"s":"reef","phase":"after","lease":"30260"},"geometry":{"type":"Point","coordinates":[-89.360507,29.995459]}},{"type":"Feature","properties":{"s":"reef","phase":"after","lease":"30260"},"geometry":{"type":"Point","coordinates":[-89.360446,29.995459]}},{"type":"Feature","properties":{"s":"reef","phase":"after","lease":"30260"},"geometry":{"type":"Point","coordinates":[-89.360402,29.995457]}},{"type":"Feature","properties":{"s":"reef","phase":"after","lease":"30260"},"geometry":{"type":"Point","coordinates":[-89.360364,29.995461]}},{"type":"Feature","properties":{"s":"reef","phase":"after","lease":"30260"},"geometry":{"type":"Point","coordinates":[-89.3603,29.995466]}},{"type":"Feature","properties":{"s":"reef","phase":"after","lease":"30260"},"geometry":{"type":"Point","coordinates":[-89.360234,29.995472]}},{"type":"Feature","properties":{"s":"reef","phase":"after","lease":"30260"},"geometry":{"type":"Point","coordinates":[-89.360172,29.995476]}},{"type":"Feature","properties":{"s":"reef","phase":"after","lease":"30260"},"geometry":{"type":"Point","coordinates":[-89.361327,29.995407]}},{"type":"Feature","properties":{"s":"reef","phase":"after","lease":"30260"},"geometry":{"type":"Point","coordinates":[-89.361241,29.995411]}},{"type":"Feature","properties":{"s":"reef","phase":"after","lease":"30260"},"geometry":{"type":"Point","coordinates":[-89.361201,29.995413]}},{"type":"Feature","properties":{"s":"reef","phase":"after","lease":"30260"},"geometry":{"type":"Point","coordinates":[-89.361139,29.995415]}},{"type":"Feature","properties":{"s":"scat","phase":"after","lease":"30260"},"geometry":{"type":"Point","coordinates":[-89.361037,29.99542]}},{"type":"Feature","properties":{"s":"scat","phase":"after","lease":"30260"},"geometry":{"type":"Point","coordinates":[-89.360929,29.995425]}},{"type":"Feature","properties":{"s":"scat","phase":"after","lease":"30260"},"geometry":{"type":"Point","coordinates":[-89.360804,29.995443]}},{"type":"Feature","properties":{"s":"reef","phase":"after","lease":"30260"},"geometry":{"type":"Point","coordinates":[-89.361912,29.995352]}},{"type":"Feature","properties":{"s":"scat","phase":"after","lease":"30260"},"geometry":{"type":"Point","coordinates":[-89.361806,29.995359]}},{"type":"Feature","properties":{"s":"reef","phase":"after","lease":"30260"},"geometry":{"type":"Point","coordinates":[-89.361786,29.995364]}},{"type":"Feature","properties":{"s":"reef","phase":"after","lease":"30260"},"geometry":{"type":"Point","coordinates":[-89.361727,29.995368]}},{"type":"Feature","properties":{"s":"reef","phase":"after","lease":"30260"},"geometry":{"type":"Point","coordinates":[-89.361643,29.995379]}},{"type":"Feature","properties":{"s":"reef","phase":"after","lease":"30260"},"geometry":{"type":"Point","coordinates":[-89.361578,29.995385]}},{"type":"Feature","properties":{"s":"reef","phase":"after","lease":"30260"},"geometry":{"type":"Point","coordinates":[-89.361514,29.99539]}},{"type":"Feature","properties":{"s":"reef","phase":"after","lease":"30260"},"geometry":{"type":"Point","coordinates":[-89.361474,29.995395]}},{"type":"Feature","properties":{"s":"reef","phase":"after","lease":"30260"},"geometry":{"type":"Point","coordinates":[-89.36141,29.995401]}},{"type":"Feature","properties":{"s":"scat","phase":"after","lease":"30260"},"geometry":{"type":"Point","coordinates":[-89.36208,29.995344]}},{"type":"Feature","properties":{"s":"scat","phase":"after","lease":"30260"},"geometry":{"type":"Point","coordinates":[-89.361934,29.995356]}},{"type":"Feature","properties":{"s":"reef","phase":"after","lease":"30260"},"geometry":{"type":"Point","coordinates":[-89.365522,29.994656]}},{"type":"Feature","properties":{"s":"reef","phase":"after","lease":"30260"},"geometry":{"type":"Point","coordinates":[-89.365461,29.994662]}},{"type":"Feature","properties":{"s":"reef","phase":"after","lease":"30260"},"geometry":{"type":"Point","coordinates":[-89.365402,29.994668]}},{"type":"Feature","properties":{"s":"reef","phase":"after","lease":"30260"},"geometry":{"type":"Point","coordinates":[-89.365342,29.99467]}},{"type":"Feature","properties":{"s":"reef","phase":"after","lease":"30260"},"geometry":{"type":"Point","coordinates":[-89.365243,29.994679]}},{"type":"Feature","properties":{"s":"reef","phase":"after","lease":"30260"},"geometry":{"type":"Point","coordinates":[-89.365181,29.994683]}},{"type":"Feature","properties":{"s":"reef","phase":"after","lease":"30260"},"geometry":{"type":"Point","coordinates":[-89.365119,29.994683]}},{"type":"Feature","properties":{"s":"reef","phase":"after","lease":"30260"},"geometry":{"type":"Point","coordinates":[-89.365042,29.994686]}},{"type":"Feature","properties":{"s":"reef","phase":"after","lease":"30260"},"geometry":{"type":"Point","coordinates":[-89.36496,29.994693]}},{"type":"Feature","properties":{"s":"reef","phase":"after","lease":"30260"},"geometry":{"type":"Point","coordinates":[-89.364899,29.994695]}},{"type":"Feature","properties":{"s":"scat","phase":"after","lease":"30260"},"geometry":{"type":"Point","coordinates":[-89.364861,29.994699]}},{"type":"Feature","properties":{"s":"scat","phase":"after","lease":"30260"},"geometry":{"type":"Point","coordinates":[-89.364783,29.994707]}},{"type":"Feature","properties":{"s":"scat","phase":"after","lease":"30260"},"geometry":{"type":"Point","coordinates":[-89.36472,29.994712]}},{"type":"Feature","properties":{"s":"reef","phase":"after","lease":"30260"},"geometry":{"type":"Point","coordinates":[-89.3647,29.994712]}},{"type":"Feature","properties":{"s":"reef","phase":"after","lease":"30260"},"geometry":{"type":"Point","coordinates":[-89.364623,29.994716]}},{"type":"Feature","properties":{"s":"reef","phase":"after","lease":"30260"},"geometry":{"type":"Point","coordinates":[-89.364543,29.994718]}},{"type":"Feature","properties":{"s":"reef","phase":"after","lease":"30260"},"geometry":{"type":"Point","coordinates":[-89.364481,29.994723]}},{"type":"Feature","properties":{"s":"reef","phase":"after","lease":"30260"},"geometry":{"type":"Point","coordinates":[-89.364422,29.99473]}},{"type":"Feature","properties":{"s":"reef","phase":"after","lease":"30260"},"geometry":{"type":"Point","coordinates":[-89.364361,29.994733]}},{"type":"Feature","properties":{"s":"reef","phase":"after","lease":"30260"},"geometry":{"type":"Point","coordinates":[-89.364287,29.994738]}},{"type":"Feature","properties":{"s":"reef","phase":"after","lease":"30260"},"geometry":{"type":"Point","coordinates":[-89.364208,29.994747]}},{"type":"Feature","properties":{"s":"reef","phase":"after","lease":"30260"},"geometry":{"type":"Point","coordinates":[-89.364127,29.994753]}},{"type":"Feature","properties":{"s":"reef","phase":"after","lease":"30260"},"geometry":{"type":"Point","coordinates":[-89.364048,29.994755]}},{"type":"Feature","properties":{"s":"reef","phase":"after","lease":"30260"},"geometry":{"type":"Point","coordinates":[-89.363948,29.994755]}},{"type":"Feature","properties":{"s":"reef","phase":"after","lease":"30260"},"geometry":{"type":"Point","coordinates":[-89.363909,29.994755]}},{"type":"Feature","properties":{"s":"reef","phase":"after","lease":"30260"},"geometry":{"type":"Point","coordinates":[-89.363828,29.99476]}},{"type":"Feature","properties":{"s":"scat","phase":"after","lease":"30260"},"geometry":{"type":"Point","coordinates":[-89.363747,29.99477]}},{"type":"Feature","properties":{"s":"reef","phase":"after","lease":"30260"},"geometry":{"type":"Point","coordinates":[-89.363709,29.994774]}},{"type":"Feature","properties":{"s":"reef","phase":"after","lease":"30260"},"geometry":{"type":"Point","coordinates":[-89.36363,29.994777]}},{"type":"Feature","properties":{"s":"reef","phase":"after","lease":"30260"},"geometry":{"type":"Point","coordinates":[-89.363547,29.99478]}},{"type":"Feature","properties":{"s":"reef","phase":"after","lease":"30260"},"geometry":{"type":"Point","coordinates":[-89.36347,29.994785]}},{"type":"Feature","properties":{"s":"reef","phase":"after","lease":"30260"},"geometry":{"type":"Point","coordinates":[-89.363372,29.994795]}},{"type":"Feature","properties":{"s":"reef","phase":"after","lease":"30260"},"geometry":{"type":"Point","coordinates":[-89.36329,29.994802]}},{"type":"Feature","properties":{"s":"reef","phase":"after","lease":"30260"},"geometry":{"type":"Point","coordinates":[-89.363229,29.994803]}},{"type":"Feature","properties":{"s":"reef","phase":"after","lease":"30260"},"geometry":{"type":"Point","coordinates":[-89.363147,29.994807]}},{"type":"Feature","properties":{"s":"reef","phase":"after","lease":"30260"},"geometry":{"type":"Point","coordinates":[-89.363087,29.994809]}},{"type":"Feature","properties":{"s":"reef","phase":"after","lease":"30260"},"geometry":{"type":"Point","coordinates":[-89.363026,29.994815]}},{"type":"Feature","properties":{"s":"reef","phase":"after","lease":"30260"},"geometry":{"type":"Point","coordinates":[-89.362948,29.99482]}},{"type":"Feature","properties":{"s":"reef","phase":"after","lease":"30260"},"geometry":{"type":"Point","coordinates":[-89.362867,29.994825]}},{"type":"Feature","properties":{"s":"reef","phase":"after","lease":"30260"},"geometry":{"type":"Point","coordinates":[-89.362809,29.994831]}},{"type":"Feature","properties":{"s":"reef","phase":"after","lease":"30260"},"geometry":{"type":"Point","coordinates":[-89.362729,29.994835]}},{"type":"Feature","properties":{"s":"scat","phase":"after","lease":"30260"},"geometry":{"type":"Point","coordinates":[-89.362665,29.994837]}},{"type":"Feature","properties":{"s":"reef","phase":"after","lease":"30260"},"geometry":{"type":"Point","coordinates":[-89.362626,29.99484]}},{"type":"Feature","properties":{"s":"reef","phase":"after","lease":"30260"},"geometry":{"type":"Point","coordinates":[-89.362566,29.994846]}},{"type":"Feature","properties":{"s":"reef","phase":"after","lease":"30260"},"geometry":{"type":"Point","coordinates":[-89.362505,29.99485]}},{"type":"Feature","properties":{"s":"reef","phase":"after","lease":"30260"},"geometry":{"type":"Point","coordinates":[-89.362445,29.99485]}},{"type":"Feature","properties":{"s":"reef","phase":"after","lease":"30260"},"geometry":{"type":"Point","coordinates":[-89.362385,29.994855]}},{"type":"Feature","properties":{"s":"reef","phase":"after","lease":"30260"},"geometry":{"type":"Point","coordinates":[-89.362322,29.994857]}},{"type":"Feature","properties":{"s":"reef","phase":"after","lease":"30260"},"geometry":{"type":"Point","coordinates":[-89.362237,29.994862]}},{"type":"Feature","properties":{"s":"reef","phase":"after","lease":"30260"},"geometry":{"type":"Point","coordinates":[-89.362137,29.99487]}},{"type":"Feature","properties":{"s":"reef","phase":"after","lease":"30260"},"geometry":{"type":"Point","coordinates":[-89.362057,29.994872]}},{"type":"Feature","properties":{"s":"reef","phase":"after","lease":"30260"},"geometry":{"type":"Point","coordinates":[-89.361976,29.994879]}},{"type":"Feature","properties":{"s":"reef","phase":"after","lease":"30260"},"geometry":{"type":"Point","coordinates":[-89.361898,29.994884]}},{"type":"Feature","properties":{"s":"reef","phase":"after","lease":"30260"},"geometry":{"type":"Point","coordinates":[-89.361839,29.994886]}},{"type":"Feature","properties":{"s":"reef","phase":"after","lease":"30260"},"geometry":{"type":"Point","coordinates":[-89.361778,29.99489]}},{"type":"Feature","properties":{"s":"reef","phase":"after","lease":"30260"},"geometry":{"type":"Point","coordinates":[-89.361694,29.994896]}},{"type":"Feature","properties":{"s":"reef","phase":"after","lease":"30260"},"geometry":{"type":"Point","coordinates":[-89.361655,29.994897]}},{"type":"Feature","properties":{"s":"reef","phase":"after","lease":"30260"},"geometry":{"type":"Point","coordinates":[-89.361616,29.994897]}},{"type":"Feature","properties":{"s":"reef","phase":"after","lease":"30260"},"geometry":{"type":"Point","coordinates":[-89.361512,29.994902]}},{"type":"Feature","properties":{"s":"reef","phase":"after","lease":"30260"},"geometry":{"type":"Point","coordinates":[-89.361473,29.994904]}},{"type":"Feature","properties":{"s":"reef","phase":"after","lease":"30260"},"geometry":{"type":"Point","coordinates":[-89.361389,29.994907]}},{"type":"Feature","properties":{"s":"reef","phase":"after","lease":"30260"},"geometry":{"type":"Point","coordinates":[-89.361326,29.994911]}},{"type":"Feature","properties":{"s":"reef","phase":"after","lease":"30260"},"geometry":{"type":"Point","coordinates":[-89.361264,29.994913]}},{"type":"Feature","properties":{"s":"reef","phase":"after","lease":"30260"},"geometry":{"type":"Point","coordinates":[-89.361208,29.994916]}},{"type":"Feature","properties":{"s":"reef","phase":"after","lease":"30260"},"geometry":{"type":"Point","coordinates":[-89.361172,29.994918]}},{"type":"Feature","properties":{"s":"reef","phase":"after","lease":"30260"},"geometry":{"type":"Point","coordinates":[-89.36109,29.994925]}},{"type":"Feature","properties":{"s":"reef","phase":"after","lease":"30260"},"geometry":{"type":"Point","coordinates":[-89.36103,29.994931]}},{"type":"Feature","properties":{"s":"reef","phase":"after","lease":"30260"},"geometry":{"type":"Point","coordinates":[-89.360965,29.994936]}},{"type":"Feature","properties":{"s":"reef","phase":"after","lease":"30260"},"geometry":{"type":"Point","coordinates":[-89.360866,29.994943]}},{"type":"Feature","properties":{"s":"reef","phase":"after","lease":"30260"},"geometry":{"type":"Point","coordinates":[-89.360808,29.994948]}},{"type":"Feature","properties":{"s":"reef","phase":"after","lease":"30260"},"geometry":{"type":"Point","coordinates":[-89.360726,29.994952]}},{"type":"Feature","properties":{"s":"reef","phase":"after","lease":"30260"},"geometry":{"type":"Point","coordinates":[-89.360621,29.994963]}},{"type":"Feature","properties":{"s":"scat","phase":"after","lease":"30260"},"geometry":{"type":"Point","coordinates":[-89.360542,29.994963]}},{"type":"Feature","properties":{"s":"reef","phase":"after","lease":"30260"},"geometry":{"type":"Point","coordinates":[-89.360484,29.994972]}},{"type":"Feature","properties":{"s":"reef","phase":"after","lease":"30260"},"geometry":{"type":"Point","coordinates":[-89.360446,29.994974]}},{"type":"Feature","properties":{"s":"reef","phase":"after","lease":"30260"},"geometry":{"type":"Point","coordinates":[-89.360382,29.994976]}},{"type":"Feature","properties":{"s":"reef","phase":"after","lease":"30260"},"geometry":{"type":"Point","coordinates":[-89.360301,29.994978]}},{"type":"Feature","properties":{"s":"reef","phase":"after","lease":"30260"},"geometry":{"type":"Point","coordinates":[-89.360242,29.994981]}},{"type":"Feature","properties":{"s":"reef","phase":"after","lease":"30260"},"geometry":{"type":"Point","coordinates":[-89.360177,29.994986]}},{"type":"Feature","properties":{"s":"reef","phase":"after","lease":"30260"},"geometry":{"type":"Point","coordinates":[-89.360115,29.99499]}},{"type":"Feature","properties":{"s":"reef","phase":"after","lease":"30260"},"geometry":{"type":"Point","coordinates":[-89.360052,29.994992]}},{"type":"Feature","properties":{"s":"reef","phase":"after","lease":"30260"},"geometry":{"type":"Point","coordinates":[-89.359974,29.994996]}},{"type":"Feature","properties":{"s":"reef","phase":"after","lease":"30260"},"geometry":{"type":"Point","coordinates":[-89.359875,29.995005]}},{"type":"Feature","properties":{"s":"reef","phase":"after","lease":"30260"},"geometry":{"type":"Point","coordinates":[-89.359777,29.99501]}},{"type":"Feature","properties":{"s":"reef","phase":"after","lease":"30260"},"geometry":{"type":"Point","coordinates":[-89.359716,29.995013]}},{"type":"Feature","properties":{"s":"reef","phase":"after","lease":"30260"},"geometry":{"type":"Point","coordinates":[-89.359639,29.995014]}},{"type":"Feature","properties":{"s":"reef","phase":"after","lease":"30260"},"geometry":{"type":"Point","coordinates":[-89.359557,29.995019]}},{"type":"Feature","properties":{"s":"reef","phase":"after","lease":"30260"},"geometry":{"type":"Point","coordinates":[-89.359498,29.99502]}},{"type":"Feature","properties":{"s":"reef","phase":"after","lease":"30260"},"geometry":{"type":"Point","coordinates":[-89.359459,29.99502]}},{"type":"Feature","properties":{"s":"reef","phase":"after","lease":"30260"},"geometry":{"type":"Point","coordinates":[-89.35942,29.995024]}},{"type":"Feature","properties":{"s":"reef","phase":"after","lease":"30260"},"geometry":{"type":"Point","coordinates":[-89.359339,29.995029]}},{"type":"Feature","properties":{"s":"reef","phase":"after","lease":"30260"},"geometry":{"type":"Point","coordinates":[-89.359298,29.995031]}},{"type":"Feature","properties":{"s":"reef","phase":"after","lease":"30260"},"geometry":{"type":"Point","coordinates":[-89.359235,29.995035]}},{"type":"Feature","properties":{"s":"reef","phase":"after","lease":"30260"},"geometry":{"type":"Point","coordinates":[-89.359174,29.995039]}},{"type":"Feature","properties":{"s":"reef","phase":"after","lease":"30260"},"geometry":{"type":"Point","coordinates":[-89.359114,29.99504]}},{"type":"Feature","properties":{"s":"reef","phase":"after","lease":"30260"},"geometry":{"type":"Point","coordinates":[-89.359073,29.995042]}},{"type":"Feature","properties":{"s":"reef","phase":"after","lease":"30260"},"geometry":{"type":"Point","coordinates":[-89.359015,29.995053]}},{"type":"Feature","properties":{"s":"scat","phase":"after","lease":"30260"},"geometry":{"type":"Point","coordinates":[-89.358955,29.995056]}},{"type":"Feature","properties":{"s":"scat","phase":"after","lease":"30260"},"geometry":{"type":"Point","coordinates":[-89.358872,29.995058]}},{"type":"Feature","properties":{"s":"scat","phase":"after","lease":"30260"},"geometry":{"type":"Point","coordinates":[-89.358829,29.995061]}},{"type":"Feature","properties":{"s":"scat","phase":"after","lease":"30260"},"geometry":{"type":"Point","coordinates":[-89.358767,29.995065]}},{"type":"Feature","properties":{"s":"scat","phase":"after","lease":"30260"},"geometry":{"type":"Point","coordinates":[-89.358727,29.99507]}},{"type":"Feature","properties":{"s":"scat","phase":"after","lease":"30260"},"geometry":{"type":"Point","coordinates":[-89.358624,29.995077]}},{"type":"Feature","properties":{"s":"reef","phase":"after","lease":"30260"},"geometry":{"type":"Point","coordinates":[-89.358583,29.995084]}},{"type":"Feature","properties":{"s":"reef","phase":"after","lease":"30260"},"geometry":{"type":"Point","coordinates":[-89.358542,29.995088]}},{"type":"Feature","properties":{"s":"reef","phase":"after","lease":"30260"},"geometry":{"type":"Point","coordinates":[-89.358483,29.995095]}},{"type":"Feature","properties":{"s":"reef","phase":"after","lease":"30260"},"geometry":{"type":"Point","coordinates":[-89.358443,29.995101]}},{"type":"Feature","properties":{"s":"reef","phase":"after","lease":"30260"},"geometry":{"type":"Point","coordinates":[-89.358383,29.99511]}},{"type":"Feature","properties":{"s":"reef","phase":"after","lease":"30260"},"geometry":{"type":"Point","coordinates":[-89.358343,29.995112]}},{"type":"Feature","properties":{"s":"reef","phase":"after","lease":"30260"},"geometry":{"type":"Point","coordinates":[-89.35828,29.995116]}},{"type":"Feature","properties":{"s":"reef","phase":"after","lease":"30260"},"geometry":{"type":"Point","coordinates":[-89.358216,29.995117]}},{"type":"Feature","properties":{"s":"reef","phase":"after","lease":"30260"},"geometry":{"type":"Point","coordinates":[-89.358173,29.995116]}},{"type":"Feature","properties":{"s":"reef","phase":"after","lease":"30260"},"geometry":{"type":"Point","coordinates":[-89.358114,29.995115]}},{"type":"Feature","properties":{"s":"scat","phase":"after","lease":"30260"},"geometry":{"type":"Point","coordinates":[-89.358051,29.99511]}},{"type":"Feature","properties":{"s":"firm","phase":"after","lease":"30260"},"geometry":{"type":"Point","coordinates":[-89.357995,29.995112]}},{"type":"Feature","properties":{"s":"firm","phase":"after","lease":"30260"},"geometry":{"type":"Point","coordinates":[-89.357912,29.995109]}},{"type":"Feature","properties":{"s":"firm","phase":"after","lease":"30260"},"geometry":{"type":"Point","coordinates":[-89.357844,29.99511]}},{"type":"Feature","properties":{"s":"firm","phase":"after","lease":"30260"},"geometry":{"type":"Point","coordinates":[-89.357748,29.995107]}},{"type":"Feature","properties":{"s":"firm","phase":"after","lease":"30260"},"geometry":{"type":"Point","coordinates":[-89.357635,29.995097]}},{"type":"Feature","properties":{"s":"firm","phase":"after","lease":"30260"},"geometry":{"type":"Point","coordinates":[-89.35776,29.995381]}},{"type":"Feature","properties":{"s":"firm","phase":"after","lease":"30260"},"geometry":{"type":"Point","coordinates":[-89.357825,29.995379]}},{"type":"Feature","properties":{"s":"firm","phase":"after","lease":"30260"},"geometry":{"type":"Point","coordinates":[-89.357888,29.995378]}},{"type":"Feature","properties":{"s":"firm","phase":"after","lease":"30260"},"geometry":{"type":"Point","coordinates":[-89.357907,29.995377]}},{"type":"Feature","properties":{"s":"firm","phase":"after","lease":"30260"},"geometry":{"type":"Point","coordinates":[-89.357968,29.995374]}},{"type":"Feature","properties":{"s":"firm","phase":"after","lease":"30260"},"geometry":{"type":"Point","coordinates":[-89.35801,29.995371]}},{"type":"Feature","properties":{"s":"reef","phase":"after","lease":"30260"},"geometry":{"type":"Point","coordinates":[-89.358096,29.995362]}},{"type":"Feature","properties":{"s":"reef","phase":"after","lease":"30260"},"geometry":{"type":"Point","coordinates":[-89.358163,29.995355]}},{"type":"Feature","properties":{"s":"reef","phase":"after","lease":"30260"},"geometry":{"type":"Point","coordinates":[-89.358229,29.995352]}},{"type":"Feature","properties":{"s":"reef","phase":"after","lease":"30260"},"geometry":{"type":"Point","coordinates":[-89.35832,29.995344]}},{"type":"Feature","properties":{"s":"reef","phase":"after","lease":"30260"},"geometry":{"type":"Point","coordinates":[-89.358368,29.995339]}},{"type":"Feature","properties":{"s":"reef","phase":"after","lease":"30260"},"geometry":{"type":"Point","coordinates":[-89.358432,29.995338]}},{"type":"Feature","properties":{"s":"reef","phase":"after","lease":"30260"},"geometry":{"type":"Point","coordinates":[-89.358519,29.99533]}},{"type":"Feature","properties":{"s":"reef","phase":"after","lease":"30260"},"geometry":{"type":"Point","coordinates":[-89.358557,29.995331]}},{"type":"Feature","properties":{"s":"reef","phase":"after","lease":"30260"},"geometry":{"type":"Point","coordinates":[-89.358621,29.995324]}},{"type":"Feature","properties":{"s":"reef","phase":"after","lease":"30260"},"geometry":{"type":"Point","coordinates":[-89.358711,29.995315]}},{"type":"Feature","properties":{"s":"scat","phase":"after","lease":"30260"},"geometry":{"type":"Point","coordinates":[-89.358837,29.995306]}},{"type":"Feature","properties":{"s":"scat","phase":"after","lease":"30260"},"geometry":{"type":"Point","coordinates":[-89.358898,29.995303]}},{"type":"Feature","properties":{"s":"scat","phase":"after","lease":"30260"},"geometry":{"type":"Point","coordinates":[-89.358976,29.995306]}},{"type":"Feature","properties":{"s":"scat","phase":"after","lease":"30260"},"geometry":{"type":"Point","coordinates":[-89.359035,29.995306]}},{"type":"Feature","properties":{"s":"reef","phase":"after","lease":"30260"},"geometry":{"type":"Point","coordinates":[-89.359158,29.995302]}},{"type":"Feature","properties":{"s":"reef","phase":"after","lease":"30260"},"geometry":{"type":"Point","coordinates":[-89.359306,29.995291]}},{"type":"Feature","properties":{"s":"reef","phase":"after","lease":"30260"},"geometry":{"type":"Point","coordinates":[-89.359392,29.995285]}},{"type":"Feature","properties":{"s":"reef","phase":"after","lease":"30260"},"geometry":{"type":"Point","coordinates":[-89.359455,29.995279]}},{"type":"Feature","properties":{"s":"reef","phase":"after","lease":"30260"},"geometry":{"type":"Point","coordinates":[-89.359571,29.995269]}},{"type":"Feature","properties":{"s":"reef","phase":"after","lease":"30260"},"geometry":{"type":"Point","coordinates":[-89.359634,29.995265]}},{"type":"Feature","properties":{"s":"reef","phase":"after","lease":"30260"},"geometry":{"type":"Point","coordinates":[-89.359695,29.995263]}},{"type":"Feature","properties":{"s":"reef","phase":"after","lease":"30260"},"geometry":{"type":"Point","coordinates":[-89.359756,29.995261]}},{"type":"Feature","properties":{"s":"reef","phase":"after","lease":"30260"},"geometry":{"type":"Point","coordinates":[-89.359839,29.995258]}},{"type":"Feature","properties":{"s":"reef","phase":"after","lease":"30260"},"geometry":{"type":"Point","coordinates":[-89.359856,29.995261]}},{"type":"Feature","properties":{"s":"reef","phase":"after","lease":"30260"},"geometry":{"type":"Point","coordinates":[-89.359978,29.995249]}},{"type":"Feature","properties":{"s":"reef","phase":"after","lease":"30260"},"geometry":{"type":"Point","coordinates":[-89.360062,29.995249]}},{"type":"Feature","properties":{"s":"reef","phase":"after","lease":"30260"},"geometry":{"type":"Point","coordinates":[-89.360147,29.995245]}},{"type":"Feature","properties":{"s":"reef","phase":"after","lease":"30260"},"geometry":{"type":"Point","coordinates":[-89.360209,29.995243]}},{"type":"Feature","properties":{"s":"reef","phase":"after","lease":"30260"},"geometry":{"type":"Point","coordinates":[-89.360275,29.995239]}},{"type":"Feature","properties":{"s":"reef","phase":"after","lease":"30260"},"geometry":{"type":"Point","coordinates":[-89.360316,29.995237]}},{"type":"Feature","properties":{"s":"reef","phase":"after","lease":"30260"},"geometry":{"type":"Point","coordinates":[-89.360356,29.995233]}},{"type":"Feature","properties":{"s":"reef","phase":"after","lease":"30260"},"geometry":{"type":"Point","coordinates":[-89.36046,29.995221]}},{"type":"Feature","properties":{"s":"reef","phase":"after","lease":"30260"},"geometry":{"type":"Point","coordinates":[-89.360529,29.995217]}},{"type":"Feature","properties":{"s":"reef","phase":"after","lease":"30260"},"geometry":{"type":"Point","coordinates":[-89.360609,29.995207]}},{"type":"Feature","properties":{"s":"reef","phase":"after","lease":"30260"},"geometry":{"type":"Point","coordinates":[-89.360654,29.9952]}},{"type":"Feature","properties":{"s":"reef","phase":"after","lease":"30260"},"geometry":{"type":"Point","coordinates":[-89.360715,29.995195]}},{"type":"Feature","properties":{"s":"reef","phase":"after","lease":"30260"},"geometry":{"type":"Point","coordinates":[-89.360754,29.995194]}},{"type":"Feature","properties":{"s":"reef","phase":"after","lease":"30260"},"geometry":{"type":"Point","coordinates":[-89.360841,29.995187]}},{"type":"Feature","properties":{"s":"reef","phase":"after","lease":"30260"},"geometry":{"type":"Point","coordinates":[-89.360883,29.995182]}},{"type":"Feature","properties":{"s":"reef","phase":"after","lease":"30260"},"geometry":{"type":"Point","coordinates":[-89.360948,29.995176]}},{"type":"Feature","properties":{"s":"reef","phase":"after","lease":"30260"},"geometry":{"type":"Point","coordinates":[-89.361034,29.995169]}},{"type":"Feature","properties":{"s":"reef","phase":"after","lease":"30260"},"geometry":{"type":"Point","coordinates":[-89.361093,29.995168]}},{"type":"Feature","properties":{"s":"reef","phase":"after","lease":"30260"},"geometry":{"type":"Point","coordinates":[-89.3612,29.995158]}},{"type":"Feature","properties":{"s":"reef","phase":"after","lease":"30260"},"geometry":{"type":"Point","coordinates":[-89.36126,29.995154]}},{"type":"Feature","properties":{"s":"reef","phase":"after","lease":"30260"},"geometry":{"type":"Point","coordinates":[-89.361324,29.995152]}},{"type":"Feature","properties":{"s":"reef","phase":"after","lease":"30260"},"geometry":{"type":"Point","coordinates":[-89.361367,29.99515]}},{"type":"Feature","properties":{"s":"reef","phase":"after","lease":"30260"},"geometry":{"type":"Point","coordinates":[-89.361431,29.995147]}},{"type":"Feature","properties":{"s":"reef","phase":"after","lease":"30260"},"geometry":{"type":"Point","coordinates":[-89.36153,29.995145]}},{"type":"Feature","properties":{"s":"reef","phase":"after","lease":"30260"},"geometry":{"type":"Point","coordinates":[-89.361591,29.99514]}},{"type":"Feature","properties":{"s":"reef","phase":"after","lease":"30260"},"geometry":{"type":"Point","coordinates":[-89.36163,29.995139]}},{"type":"Feature","properties":{"s":"reef","phase":"after","lease":"30260"},"geometry":{"type":"Point","coordinates":[-89.361718,29.995138]}},{"type":"Feature","properties":{"s":"reef","phase":"after","lease":"30260"},"geometry":{"type":"Point","coordinates":[-89.361804,29.995137]}},{"type":"Feature","properties":{"s":"reef","phase":"after","lease":"30260"},"geometry":{"type":"Point","coordinates":[-89.361863,29.995132]}},{"type":"Feature","properties":{"s":"reef","phase":"after","lease":"30260"},"geometry":{"type":"Point","coordinates":[-89.36193,29.995122]}},{"type":"Feature","properties":{"s":"reef","phase":"after","lease":"30260"},"geometry":{"type":"Point","coordinates":[-89.362018,29.995112]}},{"type":"Feature","properties":{"s":"reef","phase":"after","lease":"30260"},"geometry":{"type":"Point","coordinates":[-89.362102,29.995102]}},{"type":"Feature","properties":{"s":"reef","phase":"after","lease":"30260"},"geometry":{"type":"Point","coordinates":[-89.362144,29.9951]}},{"type":"Feature","properties":{"s":"reef","phase":"after","lease":"30260"},"geometry":{"type":"Point","coordinates":[-89.362206,29.995097]}},{"type":"Feature","properties":{"s":"reef","phase":"after","lease":"30260"},"geometry":{"type":"Point","coordinates":[-89.362274,29.995093]}},{"type":"Feature","properties":{"s":"reef","phase":"after","lease":"30260"},"geometry":{"type":"Point","coordinates":[-89.362319,29.995091]}},{"type":"Feature","properties":{"s":"reef","phase":"after","lease":"30260"},"geometry":{"type":"Point","coordinates":[-89.362383,29.995086]}},{"type":"Feature","properties":{"s":"reef","phase":"after","lease":"30260"},"geometry":{"type":"Point","coordinates":[-89.362442,29.995089]}},{"type":"Feature","properties":{"s":"reef","phase":"after","lease":"30260"},"geometry":{"type":"Point","coordinates":[-89.362487,29.99508]}},{"type":"Feature","properties":{"s":"reef","phase":"after","lease":"30260"},"geometry":{"type":"Point","coordinates":[-89.36255,29.995079]}},{"type":"Feature","properties":{"s":"reef","phase":"after","lease":"30260"},"geometry":{"type":"Point","coordinates":[-89.362609,29.995081]}},{"type":"Feature","properties":{"s":"reef","phase":"after","lease":"30260"},"geometry":{"type":"Point","coordinates":[-89.362668,29.995082]}},{"type":"Feature","properties":{"s":"reef","phase":"after","lease":"30260"},"geometry":{"type":"Point","coordinates":[-89.36273,29.995078]}},{"type":"Feature","properties":{"s":"reef","phase":"after","lease":"30260"},"geometry":{"type":"Point","coordinates":[-89.362752,29.995076]}},{"type":"Feature","properties":{"s":"reef","phase":"after","lease":"30260"},"geometry":{"type":"Point","coordinates":[-89.362837,29.995071]}},{"type":"Feature","properties":{"s":"reef","phase":"after","lease":"30260"},"geometry":{"type":"Point","coordinates":[-89.36288,29.99507]}},{"type":"Feature","properties":{"s":"reef","phase":"after","lease":"30260"},"geometry":{"type":"Point","coordinates":[-89.362944,29.995064]}},{"type":"Feature","properties":{"s":"reef","phase":"after","lease":"30260"},"geometry":{"type":"Point","coordinates":[-89.363051,29.995057]}},{"type":"Feature","properties":{"s":"reef","phase":"after","lease":"30260"},"geometry":{"type":"Point","coordinates":[-89.363051,29.995057]}},{"type":"Feature","properties":{"s":"reef","phase":"after","lease":"30260"},"geometry":{"type":"Point","coordinates":[-89.363116,29.995054]}},{"type":"Feature","properties":{"s":"reef","phase":"after","lease":"30260"},"geometry":{"type":"Point","coordinates":[-89.363177,29.995053]}},{"type":"Feature","properties":{"s":"reef","phase":"after","lease":"30260"},"geometry":{"type":"Point","coordinates":[-89.363219,29.995049]}},{"type":"Feature","properties":{"s":"reef","phase":"after","lease":"30260"},"geometry":{"type":"Point","coordinates":[-89.36328,29.995044]}},{"type":"Feature","properties":{"s":"reef","phase":"after","lease":"30260"},"geometry":{"type":"Point","coordinates":[-89.363323,29.995039]}},{"type":"Feature","properties":{"s":"reef","phase":"after","lease":"30260"},"geometry":{"type":"Point","coordinates":[-89.363386,29.995035]}},{"type":"Feature","properties":{"s":"reef","phase":"after","lease":"30260"},"geometry":{"type":"Point","coordinates":[-89.363468,29.995034]}},{"type":"Feature","properties":{"s":"reef","phase":"after","lease":"30260"},"geometry":{"type":"Point","coordinates":[-89.363509,29.995032]}},{"type":"Feature","properties":{"s":"reef","phase":"after","lease":"30260"},"geometry":{"type":"Point","coordinates":[-89.363552,29.995032]}},{"type":"Feature","properties":{"s":"reef","phase":"after","lease":"30260"},"geometry":{"type":"Point","coordinates":[-89.363575,29.995033]}},{"type":"Feature","properties":{"s":"reef","phase":"after","lease":"30260"},"geometry":{"type":"Point","coordinates":[-89.363643,29.99503]}},{"type":"Feature","properties":{"s":"reef","phase":"after","lease":"30260"},"geometry":{"type":"Point","coordinates":[-89.363731,29.995017]}},{"type":"Feature","properties":{"s":"reef","phase":"after","lease":"30260"},"geometry":{"type":"Point","coordinates":[-89.363771,29.995015]}},{"type":"Feature","properties":{"s":"reef","phase":"after","lease":"30260"},"geometry":{"type":"Point","coordinates":[-89.363792,29.995015]}},{"type":"Feature","properties":{"s":"reef","phase":"after","lease":"30260"},"geometry":{"type":"Point","coordinates":[-89.363858,29.995009]}},{"type":"Feature","properties":{"s":"reef","phase":"after","lease":"30260"},"geometry":{"type":"Point","coordinates":[-89.363902,29.995007]}},{"type":"Feature","properties":{"s":"reef","phase":"after","lease":"30260"},"geometry":{"type":"Point","coordinates":[-89.363945,29.995001]}},{"type":"Feature","properties":{"s":"reef","phase":"after","lease":"30260"},"geometry":{"type":"Point","coordinates":[-89.36403,29.994993]}},{"type":"Feature","properties":{"s":"reef","phase":"after","lease":"30260"},"geometry":{"type":"Point","coordinates":[-89.364073,29.994991]}},{"type":"Feature","properties":{"s":"reef","phase":"after","lease":"30260"},"geometry":{"type":"Point","coordinates":[-89.364117,29.994986]}},{"type":"Feature","properties":{"s":"reef","phase":"after","lease":"30260"},"geometry":{"type":"Point","coordinates":[-89.36418,29.994983]}},{"type":"Feature","properties":{"s":"reef","phase":"after","lease":"30260"},"geometry":{"type":"Point","coordinates":[-89.364203,29.994982]}},{"type":"Feature","properties":{"s":"reef","phase":"after","lease":"30260"},"geometry":{"type":"Point","coordinates":[-89.364242,29.994979]}},{"type":"Feature","properties":{"s":"reef","phase":"after","lease":"30260"},"geometry":{"type":"Point","coordinates":[-89.364308,29.994973]}},{"type":"Feature","properties":{"s":"reef","phase":"after","lease":"30260"},"geometry":{"type":"Point","coordinates":[-89.364376,29.994971]}},{"type":"Feature","properties":{"s":"reef","phase":"after","lease":"30260"},"geometry":{"type":"Point","coordinates":[-89.364444,29.994971]}},{"type":"Feature","properties":{"s":"reef","phase":"after","lease":"30260"},"geometry":{"type":"Point","coordinates":[-89.364507,29.994965]}},{"type":"Feature","properties":{"s":"reef","phase":"after","lease":"30260"},"geometry":{"type":"Point","coordinates":[-89.364588,29.99496]}},{"type":"Feature","properties":{"s":"reef","phase":"after","lease":"30260"},"geometry":{"type":"Point","coordinates":[-89.364653,29.994951]}},{"type":"Feature","properties":{"s":"reef","phase":"after","lease":"30260"},"geometry":{"type":"Point","coordinates":[-89.364734,29.994947]}},{"type":"Feature","properties":{"s":"reef","phase":"after","lease":"30260"},"geometry":{"type":"Point","coordinates":[-89.364804,29.994938]}},{"type":"Feature","properties":{"s":"reef","phase":"after","lease":"30260"},"geometry":{"type":"Point","coordinates":[-89.364873,29.99493]}},{"type":"Feature","properties":{"s":"reef","phase":"after","lease":"30260"},"geometry":{"type":"Point","coordinates":[-89.364982,29.994922]}},{"type":"Feature","properties":{"s":"reef","phase":"after","lease":"30260"},"geometry":{"type":"Point","coordinates":[-89.365006,29.994921]}},{"type":"Feature","properties":{"s":"reef","phase":"after","lease":"30260"},"geometry":{"type":"Point","coordinates":[-89.365119,29.994918]}},{"type":"Feature","properties":{"s":"reef","phase":"after","lease":"30260"},"geometry":{"type":"Point","coordinates":[-89.365161,29.99492]}},{"type":"Feature","properties":{"s":"reef","phase":"after","lease":"30260"},"geometry":{"type":"Point","coordinates":[-89.365227,29.994922]}},{"type":"Feature","properties":{"s":"reef","phase":"after","lease":"30260"},"geometry":{"type":"Point","coordinates":[-89.365334,29.994927]}},{"type":"Feature","properties":{"s":"reef","phase":"after","lease":"30260"},"geometry":{"type":"Point","coordinates":[-89.365375,29.994928]}},{"type":"Feature","properties":{"s":"reef","phase":"after","lease":"30260"},"geometry":{"type":"Point","coordinates":[-89.365436,29.994926]}},{"type":"Feature","properties":{"s":"reef","phase":"after","lease":"30260"},"geometry":{"type":"Point","coordinates":[-89.365502,29.99492]}},{"type":"Feature","properties":{"s":"reef","phase":"after","lease":"30260"},"geometry":{"type":"Point","coordinates":[-89.365563,29.994913]}},{"type":"Feature","properties":{"s":"reef","phase":"after","lease":"30260"},"geometry":{"type":"Point","coordinates":[-89.365631,29.994909]}},{"type":"Feature","properties":{"s":"reef","phase":"after","lease":"30260"},"geometry":{"type":"Point","coordinates":[-89.365676,29.994904]}},{"type":"Feature","properties":{"s":"reef","phase":"after","lease":"30260"},"geometry":{"type":"Point","coordinates":[-89.365717,29.994902]}},{"type":"Feature","properties":{"s":"reef","phase":"after","lease":"30260"},"geometry":{"type":"Point","coordinates":[-89.365778,29.994899]}},{"type":"Feature","properties":{"s":"reef","phase":"after","lease":"30260"},"geometry":{"type":"Point","coordinates":[-89.365835,29.994901]}},{"type":"Feature","properties":{"s":"reef","phase":"after","lease":"30260"},"geometry":{"type":"Point","coordinates":[-89.365879,29.994901]}},{"type":"Feature","properties":{"s":"reef","phase":"after","lease":"30260"},"geometry":{"type":"Point","coordinates":[-89.365943,29.994902]}},{"type":"Feature","properties":{"s":"reef","phase":"after","lease":"30260"},"geometry":{"type":"Point","coordinates":[-89.365985,29.994902]}},{"type":"Feature","properties":{"s":"reef","phase":"after","lease":"30260"},"geometry":{"type":"Point","coordinates":[-89.366026,29.994898]}},{"type":"Feature","properties":{"s":"reef","phase":"after","lease":"30260"},"geometry":{"type":"Point","coordinates":[-89.366069,29.994896]}},{"type":"Feature","properties":{"s":"reef","phase":"after","lease":"30260"},"geometry":{"type":"Point","coordinates":[-89.366134,29.994897]}},{"type":"Feature","properties":{"s":"reef","phase":"after","lease":"30260"},"geometry":{"type":"Point","coordinates":[-89.366175,29.994898]}},{"type":"Feature","properties":{"s":"reef","phase":"after","lease":"30260"},"geometry":{"type":"Point","coordinates":[-89.36624,29.994897]}},{"type":"Feature","properties":{"s":"reef","phase":"after","lease":"30260"},"geometry":{"type":"Point","coordinates":[-89.366299,29.994897]}},{"type":"Feature","properties":{"s":"reef","phase":"after","lease":"30260"},"geometry":{"type":"Point","coordinates":[-89.366356,29.994897]}},{"type":"Feature","properties":{"s":"reef","phase":"after","lease":"30260"},"geometry":{"type":"Point","coordinates":[-89.366401,29.994895]}},{"type":"Feature","properties":{"s":"reef","phase":"after","lease":"30260"},"geometry":{"type":"Point","coordinates":[-89.36646,29.994889]}},{"type":"Feature","properties":{"s":"reef","phase":"after","lease":"30260"},"geometry":{"type":"Point","coordinates":[-89.366503,29.994887]}},{"type":"Feature","properties":{"s":"reef","phase":"after","lease":"30260"},"geometry":{"type":"Point","coordinates":[-89.366569,29.994887]}},{"type":"Feature","properties":{"s":"reef","phase":"after","lease":"30260"},"geometry":{"type":"Point","coordinates":[-89.366615,29.994884]}},{"type":"Feature","properties":{"s":"reef","phase":"after","lease":"30260"},"geometry":{"type":"Point","coordinates":[-89.366685,29.994872]}},{"type":"Feature","properties":{"s":"reef","phase":"after","lease":"30260"},"geometry":{"type":"Point","coordinates":[-89.366795,29.994851]}},{"type":"Feature","properties":{"s":"reef","phase":"after","lease":"30260"},"geometry":{"type":"Point","coordinates":[-89.366872,29.99484]}},{"type":"Feature","properties":{"s":"reef","phase":"after","lease":"30260"},"geometry":{"type":"Point","coordinates":[-89.366931,29.994833]}},{"type":"Feature","properties":{"s":"reef","phase":"after","lease":"30260"},"geometry":{"type":"Point","coordinates":[-89.367015,29.994823]}},{"type":"Feature","properties":{"s":"reef","phase":"after","lease":"30260"},"geometry":{"type":"Point","coordinates":[-89.367056,29.994821]}},{"type":"Feature","properties":{"s":"reef","phase":"after","lease":"30260"},"geometry":{"type":"Point","coordinates":[-89.367123,29.994806]}},{"type":"Feature","properties":{"s":"reef","phase":"after","lease":"30260"},"geometry":{"type":"Point","coordinates":[-89.367164,29.994799]}},{"type":"Feature","properties":{"s":"reef","phase":"after","lease":"30260"},"geometry":{"type":"Point","coordinates":[-89.367222,29.994789]}},{"type":"Feature","properties":{"s":"reef","phase":"after","lease":"30260"},"geometry":{"type":"Point","coordinates":[-89.367286,29.994775]}},{"type":"Feature","properties":{"s":"reef","phase":"after","lease":"30260"},"geometry":{"type":"Point","coordinates":[-89.367347,29.994759]}},{"type":"Feature","properties":{"s":"reef","phase":"after","lease":"30260"},"geometry":{"type":"Point","coordinates":[-89.367426,29.994741]}},{"type":"Feature","properties":{"s":"firm","phase":"after","lease":"30260"},"geometry":{"type":"Point","coordinates":[-89.367508,29.994727]}},{"type":"Feature","properties":{"s":"firm","phase":"after","lease":"30260"},"geometry":{"type":"Point","coordinates":[-89.367588,29.99471]}},{"type":"Feature","properties":{"s":"firm","phase":"after","lease":"30260"},"geometry":{"type":"Point","coordinates":[-89.36782,29.994695]}},{"type":"Feature","properties":{"s":"firm","phase":"after","lease":"30260"},"geometry":{"type":"Point","coordinates":[-89.367871,29.9947]}},{"type":"Feature","properties":{"s":"firm","phase":"after","lease":"30260"},"geometry":{"type":"Point","coordinates":[-89.368004,29.994817]}},{"type":"Feature","properties":{"s":"firm","phase":"after","lease":"30260"},"geometry":{"type":"Point","coordinates":[-89.367994,29.994887]}},{"type":"Feature","properties":{"s":"firm","phase":"after","lease":"30260"},"geometry":{"type":"Point","coordinates":[-89.367922,29.994952]}},{"type":"Feature","properties":{"s":"reef","phase":"after","lease":"30260"},"geometry":{"type":"Point","coordinates":[-89.367834,29.994969]}},{"type":"Feature","properties":{"s":"reef","phase":"after","lease":"30260"},"geometry":{"type":"Point","coordinates":[-89.367751,29.994974]}},{"type":"Feature","properties":{"s":"reef","phase":"after","lease":"30260"},"geometry":{"type":"Point","coordinates":[-89.367687,29.99498]}},{"type":"Feature","properties":{"s":"reef","phase":"after","lease":"30260"},"geometry":{"type":"Point","coordinates":[-89.367624,29.994983]}},{"type":"Feature","properties":{"s":"reef","phase":"after","lease":"30260"},"geometry":{"type":"Point","coordinates":[-89.367576,29.994981]}},{"type":"Feature","properties":{"s":"reef","phase":"after","lease":"30260"},"geometry":{"type":"Point","coordinates":[-89.367492,29.994987]}},{"type":"Feature","properties":{"s":"reef","phase":"after","lease":"30260"},"geometry":{"type":"Point","coordinates":[-89.367407,29.994998]}},{"type":"Feature","properties":{"s":"reef","phase":"after","lease":"30260"},"geometry":{"type":"Point","coordinates":[-89.36735,29.995001]}},{"type":"Feature","properties":{"s":"reef","phase":"after","lease":"30260"},"geometry":{"type":"Point","coordinates":[-89.367248,29.995014]}},{"type":"Feature","properties":{"s":"reef","phase":"after","lease":"30260"},"geometry":{"type":"Point","coordinates":[-89.367165,29.995024]}},{"type":"Feature","properties":{"s":"reef","phase":"after","lease":"30260"},"geometry":{"type":"Point","coordinates":[-89.367165,29.995024]}},{"type":"Feature","properties":{"s":"reef","phase":"after","lease":"30260"},"geometry":{"type":"Point","coordinates":[-89.367165,29.995024]}},{"type":"Feature","properties":{"s":"reef","phase":"after","lease":"30260"},"geometry":{"type":"Point","coordinates":[-89.367105,29.995028]}},{"type":"Feature","properties":{"s":"reef","phase":"after","lease":"30260"},"geometry":{"type":"Point","coordinates":[-89.367041,29.995036]}},{"type":"Feature","properties":{"s":"reef","phase":"after","lease":"30260"},"geometry":{"type":"Point","coordinates":[-89.366977,29.995037]}},{"type":"Feature","properties":{"s":"reef","phase":"after","lease":"30260"},"geometry":{"type":"Point","coordinates":[-89.366911,29.995037]}},{"type":"Feature","properties":{"s":"reef","phase":"after","lease":"30260"},"geometry":{"type":"Point","coordinates":[-89.36685,29.995035]}},{"type":"Feature","properties":{"s":"reef","phase":"after","lease":"30260"},"geometry":{"type":"Point","coordinates":[-89.366808,29.995034]}},{"type":"Feature","properties":{"s":"reef","phase":"after","lease":"30260"},"geometry":{"type":"Point","coordinates":[-89.366748,29.99504]}},{"type":"Feature","properties":{"s":"reef","phase":"after","lease":"30260"},"geometry":{"type":"Point","coordinates":[-89.366685,29.995042]}},{"type":"Feature","properties":{"s":"reef","phase":"after","lease":"30260"},"geometry":{"type":"Point","coordinates":[-89.366644,29.995042]}},{"type":"Feature","properties":{"s":"reef","phase":"after","lease":"30260"},"geometry":{"type":"Point","coordinates":[-89.366583,29.995048]}},{"type":"Feature","properties":{"s":"reef","phase":"after","lease":"30260"},"geometry":{"type":"Point","coordinates":[-89.366475,29.995061]}},{"type":"Feature","properties":{"s":"reef","phase":"after","lease":"30260"},"geometry":{"type":"Point","coordinates":[-89.366393,29.99506]}},{"type":"Feature","properties":{"s":"reef","phase":"after","lease":"30260"},"geometry":{"type":"Point","coordinates":[-89.366309,29.995066]}},{"type":"Feature","properties":{"s":"reef","phase":"after","lease":"30260"},"geometry":{"type":"Point","coordinates":[-89.366225,29.995071]}},{"type":"Feature","properties":{"s":"reef","phase":"after","lease":"30260"},"geometry":{"type":"Point","coordinates":[-89.366121,29.995081]}},{"type":"Feature","properties":{"s":"reef","phase":"after","lease":"30260"},"geometry":{"type":"Point","coordinates":[-89.366059,29.995088]}},{"type":"Feature","properties":{"s":"reef","phase":"after","lease":"30260"},"geometry":{"type":"Point","coordinates":[-89.366019,29.995089]}},{"type":"Feature","properties":{"s":"reef","phase":"after","lease":"30260"},"geometry":{"type":"Point","coordinates":[-89.365958,29.995089]}},{"type":"Feature","properties":{"s":"reef","phase":"after","lease":"30260"},"geometry":{"type":"Point","coordinates":[-89.365898,29.995092]}},{"type":"Feature","properties":{"s":"reef","phase":"after","lease":"30260"},"geometry":{"type":"Point","coordinates":[-89.365816,29.995095]}},{"type":"Feature","properties":{"s":"reef","phase":"after","lease":"30260"},"geometry":{"type":"Point","coordinates":[-89.365735,29.995103]}},{"type":"Feature","properties":{"s":"reef","phase":"after","lease":"30260"},"geometry":{"type":"Point","coordinates":[-89.365674,29.995109]}},{"type":"Feature","properties":{"s":"reef","phase":"after","lease":"30260"},"geometry":{"type":"Point","coordinates":[-89.36561,29.99511]}},{"type":"Feature","properties":{"s":"reef","phase":"after","lease":"30260"},"geometry":{"type":"Point","coordinates":[-89.365525,29.995117]}},{"type":"Feature","properties":{"s":"reef","phase":"after","lease":"30260"},"geometry":{"type":"Point","coordinates":[-89.365439,29.995122]}},{"type":"Feature","properties":{"s":"reef","phase":"after","lease":"30260"},"geometry":{"type":"Point","coordinates":[-89.365374,29.995126]}},{"type":"Feature","properties":{"s":"reef","phase":"after","lease":"30260"},"geometry":{"type":"Point","coordinates":[-89.365309,29.995128]}},{"type":"Feature","properties":{"s":"reef","phase":"after","lease":"30260"},"geometry":{"type":"Point","coordinates":[-89.365243,29.995134]}},{"type":"Feature","properties":{"s":"reef","phase":"after","lease":"30260"},"geometry":{"type":"Point","coordinates":[-89.3652,29.995139]}},{"type":"Feature","properties":{"s":"reef","phase":"after","lease":"30260"},"geometry":{"type":"Point","coordinates":[-89.365117,29.995142]}},{"type":"Feature","properties":{"s":"reef","phase":"after","lease":"30260"},"geometry":{"type":"Point","coordinates":[-89.365055,29.995144]}},{"type":"Feature","properties":{"s":"reef","phase":"after","lease":"30260"},"geometry":{"type":"Point","coordinates":[-89.364992,29.995151]}},{"type":"Feature","properties":{"s":"reef","phase":"after","lease":"30260"},"geometry":{"type":"Point","coordinates":[-89.364908,29.995157]}},{"type":"Feature","properties":{"s":"reef","phase":"after","lease":"30260"},"geometry":{"type":"Point","coordinates":[-89.3648,29.995165]}},{"type":"Feature","properties":{"s":"scat","phase":"after","lease":"30260"},"geometry":{"type":"Point","coordinates":[-89.364696,29.995177]}},{"type":"Feature","properties":{"s":"reef","phase":"after","lease":"30260"},"geometry":{"type":"Point","coordinates":[-89.364635,29.995178]}},{"type":"Feature","properties":{"s":"reef","phase":"after","lease":"30260"},"geometry":{"type":"Point","coordinates":[-89.364568,29.995185]}},{"type":"Feature","properties":{"s":"reef","phase":"after","lease":"30260"},"geometry":{"type":"Point","coordinates":[-89.364505,29.995184]}},{"type":"Feature","properties":{"s":"reef","phase":"after","lease":"30260"},"geometry":{"type":"Point","coordinates":[-89.36444,29.995189]}},{"type":"Feature","properties":{"s":"reef","phase":"after","lease":"30260"},"geometry":{"type":"Point","coordinates":[-89.364378,29.995192]}},{"type":"Feature","properties":{"s":"reef","phase":"after","lease":"30260"},"geometry":{"type":"Point","coordinates":[-89.364319,29.995198]}},{"type":"Feature","properties":{"s":"reef","phase":"after","lease":"30260"},"geometry":{"type":"Point","coordinates":[-89.364259,29.995202]}},{"type":"Feature","properties":{"s":"reef","phase":"after","lease":"30260"},"geometry":{"type":"Point","coordinates":[-89.364173,29.995207]}},{"type":"Feature","properties":{"s":"reef","phase":"after","lease":"30260"},"geometry":{"type":"Point","coordinates":[-89.364093,29.995214]}},{"type":"Feature","properties":{"s":"reef","phase":"after","lease":"30260"},"geometry":{"type":"Point","coordinates":[-89.364011,29.99522]}},{"type":"Feature","properties":{"s":"reef","phase":"after","lease":"30260"},"geometry":{"type":"Point","coordinates":[-89.36397,29.995225]}},{"type":"Feature","properties":{"s":"reef","phase":"after","lease":"30260"},"geometry":{"type":"Point","coordinates":[-89.363928,29.995227]}},{"type":"Feature","properties":{"s":"reef","phase":"after","lease":"30260"},"geometry":{"type":"Point","coordinates":[-89.363845,29.995232]}},{"type":"Feature","properties":{"s":"reef","phase":"after","lease":"30260"},"geometry":{"type":"Point","coordinates":[-89.363758,29.995235]}},{"type":"Feature","properties":{"s":"reef","phase":"after","lease":"30260"},"geometry":{"type":"Point","coordinates":[-89.363673,29.995247]}},{"type":"Feature","properties":{"s":"reef","phase":"after","lease":"30260"},"geometry":{"type":"Point","coordinates":[-89.363611,29.995251]}},{"type":"Feature","properties":{"s":"reef","phase":"after","lease":"30260"},"geometry":{"type":"Point","coordinates":[-89.363527,29.995249]}},{"type":"Feature","properties":{"s":"reef","phase":"after","lease":"30260"},"geometry":{"type":"Point","coordinates":[-89.363441,29.995252]}},{"type":"Feature","properties":{"s":"reef","phase":"after","lease":"30260"},"geometry":{"type":"Point","coordinates":[-89.363335,29.995257]}},{"type":"Feature","properties":{"s":"reef","phase":"after","lease":"30260"},"geometry":{"type":"Point","coordinates":[-89.36327,29.995265]}},{"type":"Feature","properties":{"s":"reef","phase":"after","lease":"30260"},"geometry":{"type":"Point","coordinates":[-89.363187,29.99527]}},{"type":"Feature","properties":{"s":"reef","phase":"after","lease":"30260"},"geometry":{"type":"Point","coordinates":[-89.363101,29.995281]}},{"type":"Feature","properties":{"s":"reef","phase":"after","lease":"30260"},"geometry":{"type":"Point","coordinates":[-89.363061,29.995281]}},{"type":"Feature","properties":{"s":"reef","phase":"after","lease":"30260"},"geometry":{"type":"Point","coordinates":[-89.363004,29.99528]}},{"type":"Feature","properties":{"s":"reef","phase":"after","lease":"30260"},"geometry":{"type":"Point","coordinates":[-89.362924,29.995279]}},{"type":"Feature","properties":{"s":"reef","phase":"after","lease":"30260"},"geometry":{"type":"Point","coordinates":[-89.362862,29.995281]}},{"type":"Feature","properties":{"s":"reef","phase":"after","lease":"30260"},"geometry":{"type":"Point","coordinates":[-89.359603,29.994036]}},{"type":"Feature","properties":{"s":"reef","phase":"after","lease":"30260"},"geometry":{"type":"Point","coordinates":[-89.359522,29.994042]}},{"type":"Feature","properties":{"s":"reef","phase":"after","lease":"30260"},"geometry":{"type":"Point","coordinates":[-89.359463,29.994048]}},{"type":"Feature","properties":{"s":"reef","phase":"after","lease":"30260"},"geometry":{"type":"Point","coordinates":[-89.359403,29.99405]}},{"type":"Feature","properties":{"s":"reef","phase":"after","lease":"30260"},"geometry":{"type":"Point","coordinates":[-89.359324,29.994051]}},{"type":"Feature","properties":{"s":"reef","phase":"after","lease":"30260"},"geometry":{"type":"Point","coordinates":[-89.359263,29.994058]}},{"type":"Feature","properties":{"s":"reef","phase":"after","lease":"30260"},"geometry":{"type":"Point","coordinates":[-89.35922,29.994059]}},{"type":"Feature","properties":{"s":"reef","phase":"after","lease":"30260"},"geometry":{"type":"Point","coordinates":[-89.359118,29.994069]}},{"type":"Feature","properties":{"s":"reef","phase":"after","lease":"30260"},"geometry":{"type":"Point","coordinates":[-89.359062,29.994073]}},{"type":"Feature","properties":{"s":"reef","phase":"after","lease":"30260"},"geometry":{"type":"Point","coordinates":[-89.358984,29.994079]}},{"type":"Feature","properties":{"s":"reef","phase":"after","lease":"30260"},"geometry":{"type":"Point","coordinates":[-89.358923,29.994087]}},{"type":"Feature","properties":{"s":"reef","phase":"after","lease":"30260"},"geometry":{"type":"Point","coordinates":[-89.358861,29.99409]}},{"type":"Feature","properties":{"s":"scat","phase":"after","lease":"30260"},"geometry":{"type":"Point","coordinates":[-89.358781,29.99409]}},{"type":"Feature","properties":{"s":"scat","phase":"after","lease":"30260"},"geometry":{"type":"Point","coordinates":[-89.3587,29.994089]}},{"type":"Feature","properties":{"s":"reef","phase":"after","lease":"30260"},"geometry":{"type":"Point","coordinates":[-89.35857,29.994091]}},{"type":"Feature","properties":{"s":"reef","phase":"after","lease":"30260"},"geometry":{"type":"Point","coordinates":[-89.358494,29.994096]}},{"type":"Feature","properties":{"s":"reef","phase":"after","lease":"30260"},"geometry":{"type":"Point","coordinates":[-89.358412,29.994101]}},{"type":"Feature","properties":{"s":"reef","phase":"after","lease":"30260"},"geometry":{"type":"Point","coordinates":[-89.358329,29.994095]}},{"type":"Feature","properties":{"s":"reef","phase":"after","lease":"30260"},"geometry":{"type":"Point","coordinates":[-89.358229,29.994099]}},{"type":"Feature","properties":{"s":"reef","phase":"after","lease":"30260"},"geometry":{"type":"Point","coordinates":[-89.358163,29.994104]}},{"type":"Feature","properties":{"s":"reef","phase":"after","lease":"30260"},"geometry":{"type":"Point","coordinates":[-89.358056,29.99411]}},{"type":"Feature","properties":{"s":"reef","phase":"after","lease":"30260"},"geometry":{"type":"Point","coordinates":[-89.358035,29.99411]}},{"type":"Feature","properties":{"s":"reef","phase":"after","lease":"30260"},"geometry":{"type":"Point","coordinates":[-89.357896,29.994108]}},{"type":"Feature","properties":{"s":"reef","phase":"after","lease":"30260"},"geometry":{"type":"Point","coordinates":[-89.357776,29.994108]}},{"type":"Feature","properties":{"s":"reef","phase":"after","lease":"30260"},"geometry":{"type":"Point","coordinates":[-89.357737,29.994107]}},{"type":"Feature","properties":{"s":"scat","phase":"after","lease":"30260"},"geometry":{"type":"Point","coordinates":[-89.357718,29.994109]}},{"type":"Feature","properties":{"s":"firm","phase":"after","lease":"30260"},"geometry":{"type":"Point","coordinates":[-89.357554,29.994117]}},{"type":"Feature","properties":{"s":"firm","phase":"after","lease":"30260"},"geometry":{"type":"Point","coordinates":[-89.357474,29.994116]}},{"type":"Feature","properties":{"s":"firm","phase":"after","lease":"30260"},"geometry":{"type":"Point","coordinates":[-89.35739,29.994119]}},{"type":"Feature","properties":{"s":"firm","phase":"after","lease":"30260"},"geometry":{"type":"Point","coordinates":[-89.357269,29.994117]}},{"type":"Feature","properties":{"s":"firm","phase":"after","lease":"30260"},"geometry":{"type":"Point","coordinates":[-89.357125,29.994137]}},{"type":"Feature","properties":{"s":"firm","phase":"after","lease":"30260"},"geometry":{"type":"Point","coordinates":[-89.35735,29.994458]}},{"type":"Feature","properties":{"s":"firm","phase":"after","lease":"30260"},"geometry":{"type":"Point","coordinates":[-89.357414,29.994456]}},{"type":"Feature","properties":{"s":"reef","phase":"after","lease":"30260"},"geometry":{"type":"Point","coordinates":[-89.362802,29.99528]}},{"type":"Feature","properties":{"s":"reef","phase":"after","lease":"30260"},"geometry":{"type":"Point","coordinates":[-89.362713,29.995282]}},{"type":"Feature","properties":{"s":"reef","phase":"after","lease":"30260"},"geometry":{"type":"Point","coordinates":[-89.362634,29.995291]}},{"type":"Feature","properties":{"s":"reef","phase":"after","lease":"30260"},"geometry":{"type":"Point","coordinates":[-89.362567,29.995305]}},{"type":"Feature","properties":{"s":"reef","phase":"after","lease":"30260"},"geometry":{"type":"Point","coordinates":[-89.362482,29.995318]}},{"type":"Feature","properties":{"s":"reef","phase":"after","lease":"30260"},"geometry":{"type":"Point","coordinates":[-89.362421,29.995321]}},{"type":"Feature","properties":{"s":"scat","phase":"after","lease":"30260"},"geometry":{"type":"Point","coordinates":[-89.362289,29.995331]}},{"type":"Feature","properties":{"s":"scat","phase":"after","lease":"30260"},"geometry":{"type":"Point","coordinates":[-89.362187,29.995336]}},{"type":"Feature","properties":{"s":"scat","phase":"after","lease":"30260"},"geometry":{"type":"Point","coordinates":[-89.357513,29.994449]}},{"type":"Feature","properties":{"s":"scat","phase":"after","lease":"30260"},"geometry":{"type":"Point","coordinates":[-89.357573,29.994445]}},{"type":"Feature","properties":{"s":"reef","phase":"after","lease":"30260"},"geometry":{"type":"Point","coordinates":[-89.357617,29.994442]}},{"type":"Feature","properties":{"s":"reef","phase":"after","lease":"30260"},"geometry":{"type":"Point","coordinates":[-89.357673,29.994435]}},{"type":"Feature","properties":{"s":"scat","phase":"after","lease":"30260"},"geometry":{"type":"Point","coordinates":[-89.357751,29.994428]}},{"type":"Feature","properties":{"s":"reef","phase":"after","lease":"30260"},"geometry":{"type":"Point","coordinates":[-89.357771,29.994427]}},{"type":"Feature","properties":{"s":"reef","phase":"after","lease":"30260"},"geometry":{"type":"Point","coordinates":[-89.357829,29.994423]}},{"type":"Feature","properties":{"s":"reef","phase":"after","lease":"30260"},"geometry":{"type":"Point","coordinates":[-89.357928,29.994416]}},{"type":"Feature","properties":{"s":"reef","phase":"after","lease":"30260"},"geometry":{"type":"Point","coordinates":[-89.357948,29.994415]}},{"type":"Feature","properties":{"s":"reef","phase":"after","lease":"30260"},"geometry":{"type":"Point","coordinates":[-89.357991,29.994412]}},{"type":"Feature","properties":{"s":"reef","phase":"after","lease":"30260"},"geometry":{"type":"Point","coordinates":[-89.358054,29.994407]}},{"type":"Feature","properties":{"s":"reef","phase":"after","lease":"30260"},"geometry":{"type":"Point","coordinates":[-89.358115,29.994403]}},{"type":"Feature","properties":{"s":"reef","phase":"after","lease":"30260"},"geometry":{"type":"Point","coordinates":[-89.358177,29.9944]}},{"type":"Feature","properties":{"s":"reef","phase":"after","lease":"30260"},"geometry":{"type":"Point","coordinates":[-89.358218,29.994398]}},{"type":"Feature","properties":{"s":"reef","phase":"after","lease":"30260"},"geometry":{"type":"Point","coordinates":[-89.358278,29.994395]}},{"type":"Feature","properties":{"s":"reef","phase":"after","lease":"30260"},"geometry":{"type":"Point","coordinates":[-89.358338,29.994391]}},{"type":"Feature","properties":{"s":"reef","phase":"after","lease":"30260"},"geometry":{"type":"Point","coordinates":[-89.358421,29.994385]}},{"type":"Feature","properties":{"s":"reef","phase":"after","lease":"30260"},"geometry":{"type":"Point","coordinates":[-89.358483,29.994381]}},{"type":"Feature","properties":{"s":"reef","phase":"after","lease":"30260"},"geometry":{"type":"Point","coordinates":[-89.358587,29.994375]}},{"type":"Feature","properties":{"s":"reef","phase":"after","lease":"30260"},"geometry":{"type":"Point","coordinates":[-89.358688,29.994372]}},{"type":"Feature","properties":{"s":"reef","phase":"after","lease":"30260"},"geometry":{"type":"Point","coordinates":[-89.358748,29.99437]}},{"type":"Feature","properties":{"s":"reef","phase":"after","lease":"30260"},"geometry":{"type":"Point","coordinates":[-89.358825,29.994365]}},{"type":"Feature","properties":{"s":"reef","phase":"after","lease":"30260"},"geometry":{"type":"Point","coordinates":[-89.358926,29.994355]}},{"type":"Feature","properties":{"s":"reef","phase":"after","lease":"30260"},"geometry":{"type":"Point","coordinates":[-89.359006,29.99435]}},{"type":"Feature","properties":{"s":"reef","phase":"after","lease":"30260"},"geometry":{"type":"Point","coordinates":[-89.359066,29.994347]}},{"type":"Feature","properties":{"s":"reef","phase":"after","lease":"30260"},"geometry":{"type":"Point","coordinates":[-89.359165,29.994341]}},{"type":"Feature","properties":{"s":"reef","phase":"after","lease":"30260"},"geometry":{"type":"Point","coordinates":[-89.359222,29.994337]}},{"type":"Feature","properties":{"s":"reef","phase":"after","lease":"30260"},"geometry":{"type":"Point","coordinates":[-89.359284,29.994332]}},{"type":"Feature","properties":{"s":"reef","phase":"after","lease":"30260"},"geometry":{"type":"Point","coordinates":[-89.359365,29.994325]}},{"type":"Feature","properties":{"s":"reef","phase":"after","lease":"30260"},"geometry":{"type":"Point","coordinates":[-89.359468,29.994312]}},{"type":"Feature","properties":{"s":"reef","phase":"after","lease":"30260"},"geometry":{"type":"Point","coordinates":[-89.35955,29.994305]}},{"type":"Feature","properties":{"s":"reef","phase":"after","lease":"30260"},"geometry":{"type":"Point","coordinates":[-89.359568,29.994303]}},{"type":"Feature","properties":{"s":"reef","phase":"after","lease":"30260"},"geometry":{"type":"Point","coordinates":[-89.359625,29.994298]}},{"type":"Feature","properties":{"s":"reef","phase":"after","lease":"30260"},"geometry":{"type":"Point","coordinates":[-89.359689,29.99429]}},{"type":"Feature","properties":{"s":"reef","phase":"after","lease":"30260"},"geometry":{"type":"Point","coordinates":[-89.359752,29.994284]}},{"type":"Feature","properties":{"s":"reef","phase":"after","lease":"30260"},"geometry":{"type":"Point","coordinates":[-89.359811,29.994275]}},{"type":"Feature","properties":{"s":"reef","phase":"after","lease":"30260"},"geometry":{"type":"Point","coordinates":[-89.359811,29.994275]}},{"type":"Feature","properties":{"s":"reef","phase":"after","lease":"30260"},"geometry":{"type":"Point","coordinates":[-89.359913,29.994265]}},{"type":"Feature","properties":{"s":"reef","phase":"after","lease":"30260"},"geometry":{"type":"Point","coordinates":[-89.359993,29.99426]}},{"type":"Feature","properties":{"s":"reef","phase":"after","lease":"30260"},"geometry":{"type":"Point","coordinates":[-89.360054,29.994256]}},{"type":"Feature","properties":{"s":"reef","phase":"after","lease":"30260"},"geometry":{"type":"Point","coordinates":[-89.360156,29.994249]}},{"type":"Feature","properties":{"s":"reef","phase":"after","lease":"30260"},"geometry":{"type":"Point","coordinates":[-89.360235,29.994242]}},{"type":"Feature","properties":{"s":"reef","phase":"after","lease":"30260"},"geometry":{"type":"Point","coordinates":[-89.360316,29.994237]}},{"type":"Feature","properties":{"s":"reef","phase":"after","lease":"30260"},"geometry":{"type":"Point","coordinates":[-89.360379,29.994233]}},{"type":"Feature","properties":{"s":"reef","phase":"after","lease":"30260"},"geometry":{"type":"Point","coordinates":[-89.360461,29.994229]}},{"type":"Feature","properties":{"s":"reef","phase":"after","lease":"30260"},"geometry":{"type":"Point","coordinates":[-89.360567,29.994225]}},{"type":"Feature","properties":{"s":"reef","phase":"after","lease":"30260"},"geometry":{"type":"Point","coordinates":[-89.360608,29.994222]}},{"type":"Feature","properties":{"s":"reef","phase":"after","lease":"30260"},"geometry":{"type":"Point","coordinates":[-89.360628,29.994221]}},{"type":"Feature","properties":{"s":"reef","phase":"after","lease":"30260"},"geometry":{"type":"Point","coordinates":[-89.360709,29.994214]}},{"type":"Feature","properties":{"s":"reef","phase":"after","lease":"30260"},"geometry":{"type":"Point","coordinates":[-89.36081,29.994202]}},{"type":"Feature","properties":{"s":"reef","phase":"after","lease":"30260"},"geometry":{"type":"Point","coordinates":[-89.360866,29.994195]}},{"type":"Feature","properties":{"s":"reef","phase":"after","lease":"30260"},"geometry":{"type":"Point","coordinates":[-89.360931,29.994192]}},{"type":"Feature","properties":{"s":"reef","phase":"after","lease":"30260"},"geometry":{"type":"Point","coordinates":[-89.360991,29.994187]}},{"type":"Feature","properties":{"s":"reef","phase":"after","lease":"30260"},"geometry":{"type":"Point","coordinates":[-89.36107,29.994183]}},{"type":"Feature","properties":{"s":"reef","phase":"after","lease":"30260"},"geometry":{"type":"Point","coordinates":[-89.361189,29.994184]}},{"type":"Feature","properties":{"s":"reef","phase":"after","lease":"30260"},"geometry":{"type":"Point","coordinates":[-89.361266,29.994178]}},{"type":"Feature","properties":{"s":"reef","phase":"after","lease":"30260"},"geometry":{"type":"Point","coordinates":[-89.361307,29.994176]}},{"type":"Feature","properties":{"s":"reef","phase":"after","lease":"30260"},"geometry":{"type":"Point","coordinates":[-89.361389,29.994166]}},{"type":"Feature","properties":{"s":"reef","phase":"after","lease":"30260"},"geometry":{"type":"Point","coordinates":[-89.361486,29.994155]}},{"type":"Feature","properties":{"s":"reef","phase":"after","lease":"30260"},"geometry":{"type":"Point","coordinates":[-89.361649,29.994148]}},{"type":"Feature","properties":{"s":"reef","phase":"after","lease":"30260"},"geometry":{"type":"Point","coordinates":[-89.361751,29.994133]}},{"type":"Feature","properties":{"s":"scat","phase":"after","lease":"30260"},"geometry":{"type":"Point","coordinates":[-89.361834,29.994126]}},{"type":"Feature","properties":{"s":"reef","phase":"after","lease":"30260"},"geometry":{"type":"Point","coordinates":[-89.36188,29.994125]}},{"type":"Feature","properties":{"s":"reef","phase":"after","lease":"30260"},"geometry":{"type":"Point","coordinates":[-89.361942,29.99412]}},{"type":"Feature","properties":{"s":"reef","phase":"after","lease":"30260"},"geometry":{"type":"Point","coordinates":[-89.36198,29.994117]}},{"type":"Feature","properties":{"s":"reef","phase":"after","lease":"30260"},"geometry":{"type":"Point","coordinates":[-89.362016,29.994114]}},{"type":"Feature","properties":{"s":"reef","phase":"after","lease":"30260"},"geometry":{"type":"Point","coordinates":[-89.362081,29.994109]}},{"type":"Feature","properties":{"s":"reef","phase":"after","lease":"30260"},"geometry":{"type":"Point","coordinates":[-89.362165,29.994099]}},{"type":"Feature","properties":{"s":"reef","phase":"after","lease":"30260"},"geometry":{"type":"Point","coordinates":[-89.362249,29.994092]}},{"type":"Feature","properties":{"s":"reef","phase":"after","lease":"30260"},"geometry":{"type":"Point","coordinates":[-89.362309,29.994089]}},{"type":"Feature","properties":{"s":"reef","phase":"after","lease":"30260"},"geometry":{"type":"Point","coordinates":[-89.362391,29.994084]}},{"type":"Feature","properties":{"s":"reef","phase":"after","lease":"30260"},"geometry":{"type":"Point","coordinates":[-89.362486,29.994082]}},{"type":"Feature","properties":{"s":"reef","phase":"after","lease":"30260"},"geometry":{"type":"Point","coordinates":[-89.362546,29.994078]}},{"type":"Feature","properties":{"s":"reef","phase":"after","lease":"30260"},"geometry":{"type":"Point","coordinates":[-89.362628,29.994075]}},{"type":"Feature","properties":{"s":"reef","phase":"after","lease":"30260"},"geometry":{"type":"Point","coordinates":[-89.362667,29.994071]}},{"type":"Feature","properties":{"s":"reef","phase":"after","lease":"30260"},"geometry":{"type":"Point","coordinates":[-89.362728,29.994066]}},{"type":"Feature","properties":{"s":"reef","phase":"after","lease":"30260"},"geometry":{"type":"Point","coordinates":[-89.362787,29.994061]}},{"type":"Feature","properties":{"s":"reef","phase":"after","lease":"30260"},"geometry":{"type":"Point","coordinates":[-89.362892,29.994055]}},{"type":"Feature","properties":{"s":"reef","phase":"after","lease":"30260"},"geometry":{"type":"Point","coordinates":[-89.362958,29.994052]}},{"type":"Feature","properties":{"s":"reef","phase":"after","lease":"30260"},"geometry":{"type":"Point","coordinates":[-89.363006,29.994052]}},{"type":"Feature","properties":{"s":"reef","phase":"after","lease":"30260"},"geometry":{"type":"Point","coordinates":[-89.363087,29.994044]}},{"type":"Feature","properties":{"s":"reef","phase":"after","lease":"30260"},"geometry":{"type":"Point","coordinates":[-89.36319,29.994039]}},{"type":"Feature","properties":{"s":"reef","phase":"after","lease":"30260"},"geometry":{"type":"Point","coordinates":[-89.36327,29.994031]}},{"type":"Feature","properties":{"s":"reef","phase":"after","lease":"30260"},"geometry":{"type":"Point","coordinates":[-89.363358,29.994024]}},{"type":"Feature","properties":{"s":"reef","phase":"after","lease":"30260"},"geometry":{"type":"Point","coordinates":[-89.363527,29.994017]}},{"type":"Feature","properties":{"s":"reef","phase":"after","lease":"30260"},"geometry":{"type":"Point","coordinates":[-89.363728,29.994]}},{"type":"Feature","properties":{"s":"reef","phase":"after","lease":"30260"},"geometry":{"type":"Point","coordinates":[-89.363829,29.993994]}},{"type":"Feature","properties":{"s":"reef","phase":"after","lease":"30260"},"geometry":{"type":"Point","coordinates":[-89.363931,29.99399]}},{"type":"Feature","properties":{"s":"reef","phase":"after","lease":"30260"},"geometry":{"type":"Point","coordinates":[-89.364054,29.993986]}},{"type":"Feature","properties":{"s":"reef","phase":"after","lease":"30260"},"geometry":{"type":"Point","coordinates":[-89.364138,29.993984]}},{"type":"Feature","properties":{"s":"reef","phase":"after","lease":"30260"},"geometry":{"type":"Point","coordinates":[-89.364199,29.993977]}},{"type":"Feature","properties":{"s":"reef","phase":"after","lease":"30260"},"geometry":{"type":"Point","coordinates":[-89.364258,29.993973]}},{"type":"Feature","properties":{"s":"reef","phase":"after","lease":"30260"},"geometry":{"type":"Point","coordinates":[-89.364341,29.993962]}},{"type":"Feature","properties":{"s":"reef","phase":"after","lease":"30260"},"geometry":{"type":"Point","coordinates":[-89.364442,29.993958]}},{"type":"Feature","properties":{"s":"reef","phase":"after","lease":"30260"},"geometry":{"type":"Point","coordinates":[-89.364481,29.993956]}},{"type":"Feature","properties":{"s":"reef","phase":"after","lease":"30260"},"geometry":{"type":"Point","coordinates":[-89.364561,29.993952]}},{"type":"Feature","properties":{"s":"reef","phase":"after","lease":"30260"},"geometry":{"type":"Point","coordinates":[-89.364601,29.993948]}},{"type":"Feature","properties":{"s":"reef","phase":"after","lease":"30260"},"geometry":{"type":"Point","coordinates":[-89.364676,29.993944]}},{"type":"Feature","properties":{"s":"reef","phase":"after","lease":"30260"},"geometry":{"type":"Point","coordinates":[-89.364757,29.993939]}},{"type":"Feature","properties":{"s":"reef","phase":"after","lease":"30260"},"geometry":{"type":"Point","coordinates":[-89.364881,29.993934]}},{"type":"Feature","properties":{"s":"reef","phase":"after","lease":"30260"},"geometry":{"type":"Point","coordinates":[-89.364921,29.993932]}},{"type":"Feature","properties":{"s":"reef","phase":"after","lease":"30260"},"geometry":{"type":"Point","coordinates":[-89.365005,29.993927]}},{"type":"Feature","properties":{"s":"reef","phase":"after","lease":"30260"},"geometry":{"type":"Point","coordinates":[-89.365083,29.993921]}},{"type":"Feature","properties":{"s":"reef","phase":"after","lease":"30260"},"geometry":{"type":"Point","coordinates":[-89.36514,29.993922]}},{"type":"Feature","properties":{"s":"reef","phase":"after","lease":"30260"},"geometry":{"type":"Point","coordinates":[-89.365255,29.993914]}},{"type":"Feature","properties":{"s":"reef","phase":"after","lease":"30260"},"geometry":{"type":"Point","coordinates":[-89.365335,29.993912]}},{"type":"Feature","properties":{"s":"reef","phase":"after","lease":"30260"},"geometry":{"type":"Point","coordinates":[-89.365356,29.993912]}},{"type":"Feature","properties":{"s":"reef","phase":"after","lease":"30260"},"geometry":{"type":"Point","coordinates":[-89.365416,29.993906]}},{"type":"Feature","properties":{"s":"reef","phase":"after","lease":"30260"},"geometry":{"type":"Point","coordinates":[-89.365476,29.993903]}},{"type":"Feature","properties":{"s":"reef","phase":"after","lease":"30260"},"geometry":{"type":"Point","coordinates":[-89.365579,29.9939]}},{"type":"Feature","properties":{"s":"reef","phase":"after","lease":"30260"},"geometry":{"type":"Point","coordinates":[-89.36566,29.993898]}},{"type":"Feature","properties":{"s":"reef","phase":"after","lease":"30260"},"geometry":{"type":"Point","coordinates":[-89.365766,29.993892]}},{"type":"Feature","properties":{"s":"reef","phase":"after","lease":"30260"},"geometry":{"type":"Point","coordinates":[-89.365869,29.99388]}},{"type":"Feature","properties":{"s":"reef","phase":"after","lease":"30260"},"geometry":{"type":"Point","coordinates":[-89.365973,29.993877]}},{"type":"Feature","properties":{"s":"reef","phase":"after","lease":"30260"},"geometry":{"type":"Point","coordinates":[-89.366055,29.993878]}},{"type":"Feature","properties":{"s":"reef","phase":"after","lease":"30260"},"geometry":{"type":"Point","coordinates":[-89.36615,29.993879]}},{"type":"Feature","properties":{"s":"reef","phase":"after","lease":"30260"},"geometry":{"type":"Point","coordinates":[-89.366292,29.993883]}},{"type":"Feature","properties":{"s":"reef","phase":"after","lease":"30260"},"geometry":{"type":"Point","coordinates":[-89.366356,29.993881]}},{"type":"Feature","properties":{"s":"scat","phase":"after","lease":"30260"},"geometry":{"type":"Point","coordinates":[-89.366418,29.993877]}},{"type":"Feature","properties":{"s":"scat","phase":"after","lease":"30260"},"geometry":{"type":"Point","coordinates":[-89.366498,29.993865]}},{"type":"Feature","properties":{"s":"scat","phase":"after","lease":"30260"},"geometry":{"type":"Point","coordinates":[-89.366581,29.993857]}},{"type":"Feature","properties":{"s":"scat","phase":"after","lease":"30260"},"geometry":{"type":"Point","coordinates":[-89.366682,29.993849]}},{"type":"Feature","properties":{"s":"scat","phase":"after","lease":"30260"},"geometry":{"type":"Point","coordinates":[-89.366735,29.993841]}},{"type":"Feature","properties":{"s":"scat","phase":"after","lease":"30260"},"geometry":{"type":"Point","coordinates":[-89.366808,29.993839]}},{"type":"Feature","properties":{"s":"scat","phase":"after","lease":"30260"},"geometry":{"type":"Point","coordinates":[-89.366904,29.993831]}},{"type":"Feature","properties":{"s":"scat","phase":"after","lease":"30260"},"geometry":{"type":"Point","coordinates":[-89.366966,29.993815]}},{"type":"Feature","properties":{"s":"firm","phase":"after","lease":"30260"},"geometry":{"type":"Point","coordinates":[-89.367089,29.993778]}},{"type":"Feature","properties":{"s":"firm","phase":"after","lease":"30260"},"geometry":{"type":"Point","coordinates":[-89.36718,29.993758]}},{"type":"Feature","properties":{"s":"firm","phase":"after","lease":"30260"},"geometry":{"type":"Point","coordinates":[-89.36724,29.993743]}},{"type":"Feature","properties":{"s":"firm","phase":"after","lease":"30260"},"geometry":{"type":"Point","coordinates":[-89.367335,29.993722]}},{"type":"Feature","properties":{"s":"firm","phase":"after","lease":"30260"},"geometry":{"type":"Point","coordinates":[-89.367427,29.993709]}},{"type":"Feature","properties":{"s":"firm","phase":"after","lease":"30260"},"geometry":{"type":"Point","coordinates":[-89.367586,29.9937]}},{"type":"Feature","properties":{"s":"firm","phase":"after","lease":"30260"},"geometry":{"type":"Point","coordinates":[-89.367713,29.993708]}},{"type":"Feature","properties":{"s":"firm","phase":"after","lease":"30260"},"geometry":{"type":"Point","coordinates":[-89.36778,29.994]}},{"type":"Feature","properties":{"s":"firm","phase":"after","lease":"30260"},"geometry":{"type":"Point","coordinates":[-89.367745,29.994009]}},{"type":"Feature","properties":{"s":"firm","phase":"after","lease":"30260"},"geometry":{"type":"Point","coordinates":[-89.367667,29.994017]}},{"type":"Feature","properties":{"s":"firm","phase":"after","lease":"30260"},"geometry":{"type":"Point","coordinates":[-89.367595,29.994023]}},{"type":"Feature","properties":{"s":"scat","phase":"after","lease":"30260"},"geometry":{"type":"Point","coordinates":[-89.367575,29.994023]}},{"type":"Feature","properties":{"s":"scat","phase":"after","lease":"30260"},"geometry":{"type":"Point","coordinates":[-89.36752,29.994028]}},{"type":"Feature","properties":{"s":"firm","phase":"after","lease":"30260"},"geometry":{"type":"Point","coordinates":[-89.367419,29.994036]}},{"type":"Feature","properties":{"s":"firm","phase":"after","lease":"30260"},"geometry":{"type":"Point","coordinates":[-89.367316,29.994042]}},{"type":"Feature","properties":{"s":"scat","phase":"after","lease":"30260"},"geometry":{"type":"Point","coordinates":[-89.367213,29.994045]}},{"type":"Feature","properties":{"s":"reef","phase":"after","lease":"30260"},"geometry":{"type":"Point","coordinates":[-89.367127,29.994048]}},{"type":"Feature","properties":{"s":"reef","phase":"after","lease":"30260"},"geometry":{"type":"Point","coordinates":[-89.367061,29.994051]}},{"type":"Feature","properties":{"s":"reef","phase":"after","lease":"30260"},"geometry":{"type":"Point","coordinates":[-89.366919,29.994075]}},{"type":"Feature","properties":{"s":"scat","phase":"after","lease":"30260"},"geometry":{"type":"Point","coordinates":[-89.366842,29.994094]}},{"type":"Feature","properties":{"s":"reef","phase":"after","lease":"30260"},"geometry":{"type":"Point","coordinates":[-89.366738,29.994109]}},{"type":"Feature","properties":{"s":"scat","phase":"after","lease":"30260"},"geometry":{"type":"Point","coordinates":[-89.366738,29.994109]}},{"type":"Feature","properties":{"s":"reef","phase":"after","lease":"30260"},"geometry":{"type":"Point","coordinates":[-89.366615,29.994117]}},{"type":"Feature","properties":{"s":"reef","phase":"after","lease":"30260"},"geometry":{"type":"Point","coordinates":[-89.366515,29.994123]}},{"type":"Feature","properties":{"s":"reef","phase":"after","lease":"30260"},"geometry":{"type":"Point","coordinates":[-89.366435,29.994129]}},{"type":"Feature","properties":{"s":"reef","phase":"after","lease":"30260"},"geometry":{"type":"Point","coordinates":[-89.366316,29.994137]}},{"type":"Feature","properties":{"s":"reef","phase":"after","lease":"30260"},"geometry":{"type":"Point","coordinates":[-89.366217,29.994142]}},{"type":"Feature","properties":{"s":"reef","phase":"after","lease":"30260"},"geometry":{"type":"Point","coordinates":[-89.366136,29.994145]}},{"type":"Feature","properties":{"s":"reef","phase":"after","lease":"30260"},"geometry":{"type":"Point","coordinates":[-89.366054,29.994148]}},{"type":"Feature","properties":{"s":"reef","phase":"after","lease":"30260"},"geometry":{"type":"Point","coordinates":[-89.365974,29.994156]}},{"type":"Feature","properties":{"s":"reef","phase":"after","lease":"30260"},"geometry":{"type":"Point","coordinates":[-89.365894,29.994161]}},{"type":"Feature","properties":{"s":"reef","phase":"after","lease":"30260"},"geometry":{"type":"Point","coordinates":[-89.365794,29.994169]}},{"type":"Feature","properties":{"s":"reef","phase":"after","lease":"30260"},"geometry":{"type":"Point","coordinates":[-89.365713,29.994176]}},{"type":"Feature","properties":{"s":"reef","phase":"after","lease":"30260"},"geometry":{"type":"Point","coordinates":[-89.365652,29.994177]}},{"type":"Feature","properties":{"s":"reef","phase":"after","lease":"30260"},"geometry":{"type":"Point","coordinates":[-89.36557,29.994183]}},{"type":"Feature","properties":{"s":"reef","phase":"after","lease":"30260"},"geometry":{"type":"Point","coordinates":[-89.365512,29.994187]}},{"type":"Feature","properties":{"s":"reef","phase":"after","lease":"30260"},"geometry":{"type":"Point","coordinates":[-89.36539,29.994193]}},{"type":"Feature","properties":{"s":"reef","phase":"after","lease":"30260"},"geometry":{"type":"Point","coordinates":[-89.365289,29.9942]}},{"type":"Feature","properties":{"s":"reef","phase":"after","lease":"30260"},"geometry":{"type":"Point","coordinates":[-89.365248,29.994204]}},{"type":"Feature","properties":{"s":"reef","phase":"after","lease":"30260"},"geometry":{"type":"Point","coordinates":[-89.365165,29.994212]}},{"type":"Feature","properties":{"s":"reef","phase":"after","lease":"30260"},"geometry":{"type":"Point","coordinates":[-89.365084,29.99422]}},{"type":"Feature","properties":{"s":"reef","phase":"after","lease":"30260"},"geometry":{"type":"Point","coordinates":[-89.364982,29.994227]}},{"type":"Feature","properties":{"s":"reef","phase":"after","lease":"30260"},"geometry":{"type":"Point","coordinates":[-89.364923,29.994229]}},{"type":"Feature","properties":{"s":"reef","phase":"after","lease":"30260"},"geometry":{"type":"Point","coordinates":[-89.364842,29.994232]}},{"type":"Feature","properties":{"s":"scat","phase":"after","lease":"30260"},"geometry":{"type":"Point","coordinates":[-89.364719,29.994237]}},{"type":"Feature","properties":{"s":"reef","phase":"after","lease":"30260"},"geometry":{"type":"Point","coordinates":[-89.364641,29.994242]}},{"type":"Feature","properties":{"s":"reef","phase":"after","lease":"30260"},"geometry":{"type":"Point","coordinates":[-89.364559,29.994248]}},{"type":"Feature","properties":{"s":"reef","phase":"after","lease":"30260"},"geometry":{"type":"Point","coordinates":[-89.364476,29.994253]}},{"type":"Feature","properties":{"s":"reef","phase":"after","lease":"30260"},"geometry":{"type":"Point","coordinates":[-89.364334,29.994257]}},{"type":"Feature","properties":{"s":"reef","phase":"after","lease":"30260"},"geometry":{"type":"Point","coordinates":[-89.364213,29.994269]}},{"type":"Feature","properties":{"s":"scat","phase":"after","lease":"30260"},"geometry":{"type":"Point","coordinates":[-89.364192,29.994271]}},{"type":"Feature","properties":{"s":"scat","phase":"after","lease":"30260"},"geometry":{"type":"Point","coordinates":[-89.364097,29.994278]}},{"type":"Feature","properties":{"s":"reef","phase":"after","lease":"30260"},"geometry":{"type":"Point","coordinates":[-89.363974,29.994282]}},{"type":"Feature","properties":{"s":"reef","phase":"after","lease":"30260"},"geometry":{"type":"Point","coordinates":[-89.363849,29.99429]}},{"type":"Feature","properties":{"s":"scat","phase":"after","lease":"30260"},"geometry":{"type":"Point","coordinates":[-89.363749,29.994295]}},{"type":"Feature","properties":{"s":"reef","phase":"after","lease":"30260"},"geometry":{"type":"Point","coordinates":[-89.363712,29.994293]}},{"type":"Feature","properties":{"s":"reef","phase":"after","lease":"30260"},"geometry":{"type":"Point","coordinates":[-89.363649,29.994294]}},{"type":"Feature","properties":{"s":"reef","phase":"after","lease":"30260"},"geometry":{"type":"Point","coordinates":[-89.363571,29.994304]}},{"type":"Feature","properties":{"s":"reef","phase":"after","lease":"30260"},"geometry":{"type":"Point","coordinates":[-89.363488,29.994309]}},{"type":"Feature","properties":{"s":"reef","phase":"after","lease":"30260"},"geometry":{"type":"Point","coordinates":[-89.36339,29.994312]}},{"type":"Feature","properties":{"s":"reef","phase":"after","lease":"30260"},"geometry":{"type":"Point","coordinates":[-89.363309,29.994315]}},{"type":"Feature","properties":{"s":"reef","phase":"after","lease":"30260"},"geometry":{"type":"Point","coordinates":[-89.363247,29.99432]}},{"type":"Feature","properties":{"s":"reef","phase":"after","lease":"30260"},"geometry":{"type":"Point","coordinates":[-89.363163,29.99433]}},{"type":"Feature","properties":{"s":"reef","phase":"after","lease":"30260"},"geometry":{"type":"Point","coordinates":[-89.363081,29.994334]}},{"type":"Feature","properties":{"s":"reef","phase":"after","lease":"30260"},"geometry":{"type":"Point","coordinates":[-89.362982,29.994346]}},{"type":"Feature","properties":{"s":"reef","phase":"after","lease":"30260"},"geometry":{"type":"Point","coordinates":[-89.362903,29.99435]}},{"type":"Feature","properties":{"s":"reef","phase":"after","lease":"30260"},"geometry":{"type":"Point","coordinates":[-89.362805,29.994356]}},{"type":"Feature","properties":{"s":"scat","phase":"after","lease":"30260"},"geometry":{"type":"Point","coordinates":[-89.362681,29.99436]}},{"type":"Feature","properties":{"s":"reef","phase":"after","lease":"30260"},"geometry":{"type":"Point","coordinates":[-89.36264,29.994361]}},{"type":"Feature","properties":{"s":"reef","phase":"after","lease":"30260"},"geometry":{"type":"Point","coordinates":[-89.362599,29.994362]}},{"type":"Feature","properties":{"s":"reef","phase":"after","lease":"30260"},"geometry":{"type":"Point","coordinates":[-89.36256,29.994364]}},{"type":"Feature","properties":{"s":"reef","phase":"after","lease":"30260"},"geometry":{"type":"Point","coordinates":[-89.36248,29.994369]}},{"type":"Feature","properties":{"s":"reef","phase":"after","lease":"30260"},"geometry":{"type":"Point","coordinates":[-89.362401,29.994376]}},{"type":"Feature","properties":{"s":"reef","phase":"after","lease":"30260"},"geometry":{"type":"Point","coordinates":[-89.362318,29.994382]}},{"type":"Feature","properties":{"s":"reef","phase":"after","lease":"30260"},"geometry":{"type":"Point","coordinates":[-89.362254,29.994386]}},{"type":"Feature","properties":{"s":"reef","phase":"after","lease":"30260"},"geometry":{"type":"Point","coordinates":[-89.362213,29.994388]}},{"type":"Feature","properties":{"s":"reef","phase":"after","lease":"30260"},"geometry":{"type":"Point","coordinates":[-89.362138,29.99439]}},{"type":"Feature","properties":{"s":"reef","phase":"after","lease":"30260"},"geometry":{"type":"Point","coordinates":[-89.362014,29.994396]}},{"type":"Feature","properties":{"s":"reef","phase":"after","lease":"30260"},"geometry":{"type":"Point","coordinates":[-89.361932,29.994404]}},{"type":"Feature","properties":{"s":"reef","phase":"after","lease":"30260"},"geometry":{"type":"Point","coordinates":[-89.361851,29.994407]}},{"type":"Feature","properties":{"s":"reef","phase":"after","lease":"30260"},"geometry":{"type":"Point","coordinates":[-89.361789,29.994412]}},{"type":"Feature","properties":{"s":"reef","phase":"after","lease":"30260"},"geometry":{"type":"Point","coordinates":[-89.36169,29.99442]}},{"type":"Feature","properties":{"s":"reef","phase":"after","lease":"30260"},"geometry":{"type":"Point","coordinates":[-89.361624,29.994428]}},{"type":"Feature","properties":{"s":"reef","phase":"after","lease":"30260"},"geometry":{"type":"Point","coordinates":[-89.361546,29.994434]}},{"type":"Feature","properties":{"s":"scat","phase":"after","lease":"30260"},"geometry":{"type":"Point","coordinates":[-89.361444,29.994439]}},{"type":"Feature","properties":{"s":"reef","phase":"after","lease":"30260"},"geometry":{"type":"Point","coordinates":[-89.361401,29.994441]}},{"type":"Feature","properties":{"s":"reef","phase":"after","lease":"30260"},"geometry":{"type":"Point","coordinates":[-89.361322,29.994446]}},{"type":"Feature","properties":{"s":"reef","phase":"after","lease":"30260"},"geometry":{"type":"Point","coordinates":[-89.361261,29.994449]}},{"type":"Feature","properties":{"s":"reef","phase":"after","lease":"30260"},"geometry":{"type":"Point","coordinates":[-89.361181,29.994455]}},{"type":"Feature","properties":{"s":"reef","phase":"after","lease":"30260"},"geometry":{"type":"Point","coordinates":[-89.361102,29.994461]}},{"type":"Feature","properties":{"s":"reef","phase":"after","lease":"30260"},"geometry":{"type":"Point","coordinates":[-89.361023,29.994464]}},{"type":"Feature","properties":{"s":"reef","phase":"after","lease":"30260"},"geometry":{"type":"Point","coordinates":[-89.36094,29.994471]}},{"type":"Feature","properties":{"s":"reef","phase":"after","lease":"30260"},"geometry":{"type":"Point","coordinates":[-89.360877,29.994473]}},{"type":"Feature","properties":{"s":"reef","phase":"after","lease":"30260"},"geometry":{"type":"Point","coordinates":[-89.360792,29.994478]}},{"type":"Feature","properties":{"s":"reef","phase":"after","lease":"30260"},"geometry":{"type":"Point","coordinates":[-89.360713,29.994483]}},{"type":"Feature","properties":{"s":"reef","phase":"after","lease":"30260"},"geometry":{"type":"Point","coordinates":[-89.36063,29.99449]}},{"type":"Feature","properties":{"s":"reef","phase":"after","lease":"30260"},"geometry":{"type":"Point","coordinates":[-89.360567,29.994493]}},{"type":"Feature","properties":{"s":"reef","phase":"after","lease":"30260"},"geometry":{"type":"Point","coordinates":[-89.360506,29.994497]}},{"type":"Feature","properties":{"s":"reef","phase":"after","lease":"30260"},"geometry":{"type":"Point","coordinates":[-89.360443,29.994502]}},{"type":"Feature","properties":{"s":"reef","phase":"after","lease":"30260"},"geometry":{"type":"Point","coordinates":[-89.360365,29.994506]}},{"type":"Feature","properties":{"s":"reef","phase":"after","lease":"30260"},"geometry":{"type":"Point","coordinates":[-89.36028,29.99451]}},{"type":"Feature","properties":{"s":"reef","phase":"after","lease":"30260"},"geometry":{"type":"Point","coordinates":[-89.360217,29.994513]}},{"type":"Feature","properties":{"s":"reef","phase":"after","lease":"30260"},"geometry":{"type":"Point","coordinates":[-89.360132,29.994517]}},{"type":"Feature","properties":{"s":"reef","phase":"after","lease":"30260"},"geometry":{"type":"Point","coordinates":[-89.360047,29.994522]}},{"type":"Feature","properties":{"s":"reef","phase":"after","lease":"30260"},"geometry":{"type":"Point","coordinates":[-89.359986,29.994525]}},{"type":"Feature","properties":{"s":"reef","phase":"after","lease":"30260"},"geometry":{"type":"Point","coordinates":[-89.359904,29.994531]}},{"type":"Feature","properties":{"s":"reef","phase":"after","lease":"30260"},"geometry":{"type":"Point","coordinates":[-89.359845,29.994536]}},{"type":"Feature","properties":{"s":"reef","phase":"after","lease":"30260"},"geometry":{"type":"Point","coordinates":[-89.359782,29.994538]}},{"type":"Feature","properties":{"s":"reef","phase":"after","lease":"30260"},"geometry":{"type":"Point","coordinates":[-89.35972,29.99454]}},{"type":"Feature","properties":{"s":"reef","phase":"after","lease":"30260"},"geometry":{"type":"Point","coordinates":[-89.359658,29.994546]}},{"type":"Feature","properties":{"s":"reef","phase":"after","lease":"30260"},"geometry":{"type":"Point","coordinates":[-89.359599,29.994548]}},{"type":"Feature","properties":{"s":"reef","phase":"after","lease":"30260"},"geometry":{"type":"Point","coordinates":[-89.359495,29.994555]}},{"type":"Feature","properties":{"s":"reef","phase":"after","lease":"30260"},"geometry":{"type":"Point","coordinates":[-89.359436,29.994558]}},{"type":"Feature","properties":{"s":"reef","phase":"after","lease":"30260"},"geometry":{"type":"Point","coordinates":[-89.359354,29.994562]}},{"type":"Feature","properties":{"s":"reef","phase":"after","lease":"30260"},"geometry":{"type":"Point","coordinates":[-89.359294,29.994562]}},{"type":"Feature","properties":{"s":"reef","phase":"after","lease":"30260"},"geometry":{"type":"Point","coordinates":[-89.359234,29.994566]}},{"type":"Feature","properties":{"s":"reef","phase":"after","lease":"30260"},"geometry":{"type":"Point","coordinates":[-89.359129,29.994573]}},{"type":"Feature","properties":{"s":"reef","phase":"after","lease":"30260"},"geometry":{"type":"Point","coordinates":[-89.359025,29.994583]}},{"type":"Feature","properties":{"s":"reef","phase":"after","lease":"30260"},"geometry":{"type":"Point","coordinates":[-89.358925,29.994589]}},{"type":"Feature","properties":{"s":"reef","phase":"after","lease":"30260"},"geometry":{"type":"Point","coordinates":[-89.358801,29.994598]}},{"type":"Feature","properties":{"s":"reef","phase":"after","lease":"30260"},"geometry":{"type":"Point","coordinates":[-89.358676,29.994605]}},{"type":"Feature","properties":{"s":"reef","phase":"after","lease":"30260"},"geometry":{"type":"Point","coordinates":[-89.358555,29.99461]}},{"type":"Feature","properties":{"s":"scat","phase":"after","lease":"30260"},"geometry":{"type":"Point","coordinates":[-89.35847,29.994615]}},{"type":"Feature","properties":{"s":"scat","phase":"after","lease":"30260"},"geometry":{"type":"Point","coordinates":[-89.358366,29.994621]}},{"type":"Feature","properties":{"s":"scat","phase":"after","lease":"30260"},"geometry":{"type":"Point","coordinates":[-89.358243,29.994625]}},{"type":"Feature","properties":{"s":"scat","phase":"after","lease":"30260"},"geometry":{"type":"Point","coordinates":[-89.358119,29.994628]}},{"type":"Feature","properties":{"s":"reef","phase":"after","lease":"30260"},"geometry":{"type":"Point","coordinates":[-89.358019,29.994636]}},{"type":"Feature","properties":{"s":"reef","phase":"after","lease":"30260"},"geometry":{"type":"Point","coordinates":[-89.357901,29.994638]}},{"type":"Feature","properties":{"s":"scat","phase":"after","lease":"30260"},"geometry":{"type":"Point","coordinates":[-89.357802,29.994631]}},{"type":"Feature","properties":{"s":"scat","phase":"after","lease":"30260"},"geometry":{"type":"Point","coordinates":[-89.357696,29.994634]}},{"type":"Feature","properties":{"s":"firm","phase":"after","lease":"30260"},"geometry":{"type":"Point","coordinates":[-89.357628,29.994634]}},{"type":"Feature","properties":{"s":"firm","phase":"after","lease":"30260"},"geometry":{"type":"Point","coordinates":[-89.357521,29.994631]}},{"type":"Feature","properties":{"s":"firm","phase":"after","lease":"30260"},"geometry":{"type":"Point","coordinates":[-89.357383,29.994626]}},{"type":"Feature","properties":{"s":"firm","phase":"after","lease":"30260"},"geometry":{"type":"Point","coordinates":[-89.357299,29.994627]}},{"type":"Feature","properties":{"s":"firm","phase":"after","lease":"30260"},"geometry":{"type":"Point","coordinates":[-89.357443,29.994911]}},{"type":"Feature","properties":{"s":"firm","phase":"after","lease":"30260"},"geometry":{"type":"Point","coordinates":[-89.357502,29.994909]}},{"type":"Feature","properties":{"s":"firm","phase":"after","lease":"30260"},"geometry":{"type":"Point","coordinates":[-89.357581,29.994903]}},{"type":"Feature","properties":{"s":"firm","phase":"after","lease":"30260"},"geometry":{"type":"Point","coordinates":[-89.357705,29.994897]}},{"type":"Feature","properties":{"s":"scat","phase":"after","lease":"30260"},"geometry":{"type":"Point","coordinates":[-89.357807,29.99489]}},{"type":"Feature","properties":{"s":"reef","phase":"after","lease":"30260"},"geometry":{"type":"Point","coordinates":[-89.357867,29.994884]}},{"type":"Feature","properties":{"s":"reef","phase":"after","lease":"30260"},"geometry":{"type":"Point","coordinates":[-89.358008,29.994874]}},{"type":"Feature","properties":{"s":"scat","phase":"after","lease":"30260"},"geometry":{"type":"Point","coordinates":[-89.358068,29.994871]}},{"type":"Feature","properties":{"s":"scat","phase":"after","lease":"30260"},"geometry":{"type":"Point","coordinates":[-89.358166,29.994864]}},{"type":"Feature","properties":{"s":"reef","phase":"after","lease":"30260"},"geometry":{"type":"Point","coordinates":[-89.358267,29.994857]}},{"type":"Feature","properties":{"s":"reef","phase":"after","lease":"30260"},"geometry":{"type":"Point","coordinates":[-89.35833,29.99485]}},{"type":"Feature","properties":{"s":"firm","phase":"after","lease":"30260"},"geometry":{"type":"Point","coordinates":[-89.358412,29.99484]}},{"type":"Feature","properties":{"s":"firm","phase":"after","lease":"30260"},"geometry":{"type":"Point","coordinates":[-89.358491,29.994834]}},{"type":"Feature","properties":{"s":"scat","phase":"after","lease":"30260"},"geometry":{"type":"Point","coordinates":[-89.358593,29.994829]}},{"type":"Feature","properties":{"s":"reef","phase":"after","lease":"30260"},"geometry":{"type":"Point","coordinates":[-89.358657,29.994828]}},{"type":"Feature","properties":{"s":"reef","phase":"after","lease":"30260"},"geometry":{"type":"Point","coordinates":[-89.358759,29.994824]}},{"type":"Feature","properties":{"s":"reef","phase":"after","lease":"30260"},"geometry":{"type":"Point","coordinates":[-89.358881,29.994815]}},{"type":"Feature","properties":{"s":"reef","phase":"after","lease":"30260"},"geometry":{"type":"Point","coordinates":[-89.359022,29.994804]}},{"type":"Feature","properties":{"s":"reef","phase":"after","lease":"30260"},"geometry":{"type":"Point","coordinates":[-89.359059,29.9948]}},{"type":"Feature","properties":{"s":"reef","phase":"after","lease":"30260"},"geometry":{"type":"Point","coordinates":[-89.359124,29.994797]}},{"type":"Feature","properties":{"s":"scat","phase":"after","lease":"30260"},"geometry":{"type":"Point","coordinates":[-89.359165,29.994795]}},{"type":"Feature","properties":{"s":"scat","phase":"after","lease":"30260"},"geometry":{"type":"Point","coordinates":[-89.359347,29.994785]}},{"type":"Feature","properties":{"s":"reef","phase":"after","lease":"30260"},"geometry":{"type":"Point","coordinates":[-89.359383,29.99478]}},{"type":"Feature","properties":{"s":"reef","phase":"after","lease":"30260"},"geometry":{"type":"Point","coordinates":[-89.359485,29.994774]}},{"type":"Feature","properties":{"s":"reef","phase":"after","lease":"30260"},"geometry":{"type":"Point","coordinates":[-89.359507,29.994775]}},{"type":"Feature","properties":{"s":"scat","phase":"after","lease":"30260"},"geometry":{"type":"Point","coordinates":[-89.359625,29.994764]}},{"type":"Feature","properties":{"s":"reef","phase":"after","lease":"30260"},"geometry":{"type":"Point","coordinates":[-89.359646,29.994761]}},{"type":"Feature","properties":{"s":"reef","phase":"after","lease":"30260"},"geometry":{"type":"Point","coordinates":[-89.359752,29.994758]}},{"type":"Feature","properties":{"s":"reef","phase":"after","lease":"30260"},"geometry":{"type":"Point","coordinates":[-89.359793,29.994758]}},{"type":"Feature","properties":{"s":"reef","phase":"after","lease":"30260"},"geometry":{"type":"Point","coordinates":[-89.359856,29.994757]}},{"type":"Feature","properties":{"s":"reef","phase":"after","lease":"30260"},"geometry":{"type":"Point","coordinates":[-89.359973,29.994742]}},{"type":"Feature","properties":{"s":"reef","phase":"after","lease":"30260"},"geometry":{"type":"Point","coordinates":[-89.360096,29.994737]}},{"type":"Feature","properties":{"s":"scat","phase":"after","lease":"30260"},"geometry":{"type":"Point","coordinates":[-89.360301,29.994723]}},{"type":"Feature","properties":{"s":"reef","phase":"after","lease":"30260"},"geometry":{"type":"Point","coordinates":[-89.360421,29.994712]}},{"type":"Feature","properties":{"s":"scat","phase":"after","lease":"30260"},"geometry":{"type":"Point","coordinates":[-89.36056,29.9947]}},{"type":"Feature","properties":{"s":"scat","phase":"after","lease":"30260"},"geometry":{"type":"Point","coordinates":[-89.360679,29.994692]}},{"type":"Feature","properties":{"s":"reef","phase":"after","lease":"30260"},"geometry":{"type":"Point","coordinates":[-89.360746,29.99469]}},{"type":"Feature","properties":{"s":"reef","phase":"after","lease":"30260"},"geometry":{"type":"Point","coordinates":[-89.360803,29.994689]}},{"type":"Feature","properties":{"s":"reef","phase":"after","lease":"30260"},"geometry":{"type":"Point","coordinates":[-89.360866,29.994691]}},{"type":"Feature","properties":{"s":"reef","phase":"after","lease":"30260"},"geometry":{"type":"Point","coordinates":[-89.360925,29.99469]}},{"type":"Feature","properties":{"s":"reef","phase":"after","lease":"30260"},"geometry":{"type":"Point","coordinates":[-89.361005,29.994685]}},{"type":"Feature","properties":{"s":"reef","phase":"after","lease":"30260"},"geometry":{"type":"Point","coordinates":[-89.361067,29.994683]}},{"type":"Feature","properties":{"s":"reef","phase":"after","lease":"30260"},"geometry":{"type":"Point","coordinates":[-89.361125,29.994679]}},{"type":"Feature","properties":{"s":"reef","phase":"after","lease":"30260"},"geometry":{"type":"Point","coordinates":[-89.361185,29.994674]}},{"type":"Feature","properties":{"s":"reef","phase":"after","lease":"30260"},"geometry":{"type":"Point","coordinates":[-89.361289,29.994672]}},{"type":"Feature","properties":{"s":"scat","phase":"after","lease":"30260"},"geometry":{"type":"Point","coordinates":[-89.361372,29.994661]}},{"type":"Feature","properties":{"s":"reef","phase":"after","lease":"30260"},"geometry":{"type":"Point","coordinates":[-89.361433,29.994659]}},{"type":"Feature","properties":{"s":"reef","phase":"after","lease":"30260"},"geometry":{"type":"Point","coordinates":[-89.361511,29.994651]}},{"type":"Feature","properties":{"s":"reef","phase":"after","lease":"30260"},"geometry":{"type":"Point","coordinates":[-89.361573,29.994649]}},{"type":"Feature","properties":{"s":"reef","phase":"after","lease":"30260"},"geometry":{"type":"Point","coordinates":[-89.361673,29.994641]}},{"type":"Feature","properties":{"s":"reef","phase":"after","lease":"30260"},"geometry":{"type":"Point","coordinates":[-89.36173,29.994639]}},{"type":"Feature","properties":{"s":"reef","phase":"after","lease":"30260"},"geometry":{"type":"Point","coordinates":[-89.361793,29.994636]}},{"type":"Feature","properties":{"s":"reef","phase":"after","lease":"30260"},"geometry":{"type":"Point","coordinates":[-89.361895,29.994628]}},{"type":"Feature","properties":{"s":"reef","phase":"after","lease":"30260"},"geometry":{"type":"Point","coordinates":[-89.361976,29.994625]}},{"type":"Feature","properties":{"s":"scat","phase":"after","lease":"30260"},"geometry":{"type":"Point","coordinates":[-89.361976,29.994625]}},{"type":"Feature","properties":{"s":"reef","phase":"after","lease":"30260"},"geometry":{"type":"Point","coordinates":[-89.362078,29.994616]}},{"type":"Feature","properties":{"s":"scat","phase":"after","lease":"30260"},"geometry":{"type":"Point","coordinates":[-89.362116,29.994613]}},{"type":"Feature","properties":{"s":"reef","phase":"after","lease":"30260"},"geometry":{"type":"Point","coordinates":[-89.362159,29.994609]}},{"type":"Feature","properties":{"s":"scat","phase":"after","lease":"30260"},"geometry":{"type":"Point","coordinates":[-89.362224,29.994607]}},{"type":"Feature","properties":{"s":"scat","phase":"after","lease":"30260"},"geometry":{"type":"Point","coordinates":[-89.362267,29.994605]}},{"type":"Feature","properties":{"s":"scat","phase":"after","lease":"30260"},"geometry":{"type":"Point","coordinates":[-89.362308,29.994603]}},{"type":"Feature","properties":{"s":"scat","phase":"after","lease":"30260"},"geometry":{"type":"Point","coordinates":[-89.362411,29.994598]}},{"type":"Feature","properties":{"s":"reef","phase":"after","lease":"30260"},"geometry":{"type":"Point","coordinates":[-89.36247,29.994596]}},{"type":"Feature","properties":{"s":"reef","phase":"after","lease":"30260"},"geometry":{"type":"Point","coordinates":[-89.362513,29.994592]}},{"type":"Feature","properties":{"s":"reef","phase":"after","lease":"30260"},"geometry":{"type":"Point","coordinates":[-89.362573,29.99459]}},{"type":"Feature","properties":{"s":"reef","phase":"after","lease":"30260"},"geometry":{"type":"Point","coordinates":[-89.362613,29.994586]}},{"type":"Feature","properties":{"s":"reef","phase":"after","lease":"30260"},"geometry":{"type":"Point","coordinates":[-89.362692,29.994584]}},{"type":"Feature","properties":{"s":"reef","phase":"after","lease":"30260"},"geometry":{"type":"Point","coordinates":[-89.362731,29.994581]}},{"type":"Feature","properties":{"s":"reef","phase":"after","lease":"30260"},"geometry":{"type":"Point","coordinates":[-89.362798,29.994574]}},{"type":"Feature","properties":{"s":"reef","phase":"after","lease":"30260"},"geometry":{"type":"Point","coordinates":[-89.362856,29.994568]}},{"type":"Feature","properties":{"s":"reef","phase":"after","lease":"30260"},"geometry":{"type":"Point","coordinates":[-89.362917,29.994565]}},{"type":"Feature","properties":{"s":"reef","phase":"after","lease":"30260"},"geometry":{"type":"Point","coordinates":[-89.362955,29.994562]}},{"type":"Feature","properties":{"s":"reef","phase":"after","lease":"30260"},"geometry":{"type":"Point","coordinates":[-89.363014,29.99456]}},{"type":"Feature","properties":{"s":"reef","phase":"after","lease":"30260"},"geometry":{"type":"Point","coordinates":[-89.363099,29.994553]}},{"type":"Feature","properties":{"s":"reef","phase":"after","lease":"30260"},"geometry":{"type":"Point","coordinates":[-89.363139,29.994549]}},{"type":"Feature","properties":{"s":"reef","phase":"after","lease":"30260"},"geometry":{"type":"Point","coordinates":[-89.363202,29.994548]}},{"type":"Feature","properties":{"s":"reef","phase":"after","lease":"30260"},"geometry":{"type":"Point","coordinates":[-89.363266,29.994547]}},{"type":"Feature","properties":{"s":"reef","phase":"after","lease":"30260"},"geometry":{"type":"Point","coordinates":[-89.363327,29.994545]}},{"type":"Feature","properties":{"s":"reef","phase":"after","lease":"30260"},"geometry":{"type":"Point","coordinates":[-89.363403,29.994541]}},{"type":"Feature","properties":{"s":"scat","phase":"after","lease":"30260"},"geometry":{"type":"Point","coordinates":[-89.363468,29.994537]}},{"type":"Feature","properties":{"s":"scat","phase":"after","lease":"30260"},"geometry":{"type":"Point","coordinates":[-89.363513,29.994531]}},{"type":"Feature","properties":{"s":"scat","phase":"after","lease":"30260"},"geometry":{"type":"Point","coordinates":[-89.36355,29.99453]}},{"type":"Feature","properties":{"s":"scat","phase":"after","lease":"30260"},"geometry":{"type":"Point","coordinates":[-89.363609,29.994522]}},{"type":"Feature","properties":{"s":"reef","phase":"after","lease":"30260"},"geometry":{"type":"Point","coordinates":[-89.363647,29.994519]}},{"type":"Feature","properties":{"s":"reef","phase":"after","lease":"30260"},"geometry":{"type":"Point","coordinates":[-89.36369,29.994514]}},{"type":"Feature","properties":{"s":"reef","phase":"after","lease":"30260"},"geometry":{"type":"Point","coordinates":[-89.363752,29.994508]}},{"type":"Feature","properties":{"s":"reef","phase":"after","lease":"30260"},"geometry":{"type":"Point","coordinates":[-89.363796,29.994507]}},{"type":"Feature","properties":{"s":"reef","phase":"after","lease":"30260"},"geometry":{"type":"Point","coordinates":[-89.363876,29.994506]}},{"type":"Feature","properties":{"s":"reef","phase":"after","lease":"30260"},"geometry":{"type":"Point","coordinates":[-89.363913,29.994503]}},{"type":"Feature","properties":{"s":"reef","phase":"after","lease":"30260"},"geometry":{"type":"Point","coordinates":[-89.363953,29.994498]}},{"type":"Feature","properties":{"s":"reef","phase":"after","lease":"30260"},"geometry":{"type":"Point","coordinates":[-89.364034,29.99449]}},{"type":"Feature","properties":{"s":"reef","phase":"after","lease":"30260"},"geometry":{"type":"Point","coordinates":[-89.364075,29.99449]}},{"type":"Feature","properties":{"s":"reef","phase":"after","lease":"30260"},"geometry":{"type":"Point","coordinates":[-89.364114,29.99449]}},{"type":"Feature","properties":{"s":"reef","phase":"after","lease":"30260"},"geometry":{"type":"Point","coordinates":[-89.364177,29.994488]}},{"type":"Feature","properties":{"s":"reef","phase":"after","lease":"30260"},"geometry":{"type":"Point","coordinates":[-89.364218,29.994486]}},{"type":"Feature","properties":{"s":"reef","phase":"after","lease":"30260"},"geometry":{"type":"Point","coordinates":[-89.364276,29.994479]}},{"type":"Feature","properties":{"s":"reef","phase":"after","lease":"30260"},"geometry":{"type":"Point","coordinates":[-89.364358,29.994476]}},{"type":"Feature","properties":{"s":"reef","phase":"after","lease":"30260"},"geometry":{"type":"Point","coordinates":[-89.364419,29.994475]}},{"type":"Feature","properties":{"s":"reef","phase":"after","lease":"30260"},"geometry":{"type":"Point","coordinates":[-89.364482,29.99447]}},{"type":"Feature","properties":{"s":"reef","phase":"after","lease":"30260"},"geometry":{"type":"Point","coordinates":[-89.364543,29.994461]}},{"type":"Feature","properties":{"s":"reef","phase":"after","lease":"30260"},"geometry":{"type":"Point","coordinates":[-89.364582,29.994459]}},{"type":"Feature","properties":{"s":"reef","phase":"after","lease":"30260"},"geometry":{"type":"Point","coordinates":[-89.364623,29.994457]}},{"type":"Feature","properties":{"s":"reef","phase":"after","lease":"30260"},"geometry":{"type":"Point","coordinates":[-89.364664,29.994453]}},{"type":"Feature","properties":{"s":"reef","phase":"after","lease":"30260"},"geometry":{"type":"Point","coordinates":[-89.364729,29.994451]}},{"type":"Feature","properties":{"s":"reef","phase":"after","lease":"30260"},"geometry":{"type":"Point","coordinates":[-89.364749,29.99445]}},{"type":"Feature","properties":{"s":"reef","phase":"after","lease":"30260"},"geometry":{"type":"Point","coordinates":[-89.36483,29.994444]}},{"type":"Feature","properties":{"s":"reef","phase":"after","lease":"30260"},"geometry":{"type":"Point","coordinates":[-89.364908,29.994438]}},{"type":"Feature","properties":{"s":"reef","phase":"after","lease":"30260"},"geometry":{"type":"Point","coordinates":[-89.364967,29.994435]}},{"type":"Feature","properties":{"s":"reef","phase":"after","lease":"30260"},"geometry":{"type":"Point","coordinates":[-89.365034,29.994432]}},{"type":"Feature","properties":{"s":"reef","phase":"after","lease":"30260"},"geometry":{"type":"Point","coordinates":[-89.365123,29.99443]}},{"type":"Feature","properties":{"s":"reef","phase":"after","lease":"30260"},"geometry":{"type":"Point","coordinates":[-89.36516,29.994428]}},{"type":"Feature","properties":{"s":"reef","phase":"after","lease":"30260"},"geometry":{"type":"Point","coordinates":[-89.365221,29.994421]}},{"type":"Feature","properties":{"s":"reef","phase":"after","lease":"30260"},"geometry":{"type":"Point","coordinates":[-89.365281,29.994416]}},{"type":"Feature","properties":{"s":"reef","phase":"after","lease":"30260"},"geometry":{"type":"Point","coordinates":[-89.365341,29.99441]}},{"type":"Feature","properties":{"s":"reef","phase":"after","lease":"30260"},"geometry":{"type":"Point","coordinates":[-89.365399,29.994406]}},{"type":"Feature","properties":{"s":"reef","phase":"after","lease":"30260"},"geometry":{"type":"Point","coordinates":[-89.365484,29.994396]}},{"type":"Feature","properties":{"s":"reef","phase":"after","lease":"30260"},"geometry":{"type":"Point","coordinates":[-89.365548,29.994398]}},{"type":"Feature","properties":{"s":"reef","phase":"after","lease":"30260"},"geometry":{"type":"Point","coordinates":[-89.365609,29.994397]}},{"type":"Feature","properties":{"s":"reef","phase":"after","lease":"30260"},"geometry":{"type":"Point","coordinates":[-89.36567,29.994394]}},{"type":"Feature","properties":{"s":"reef","phase":"after","lease":"30260"},"geometry":{"type":"Point","coordinates":[-89.365748,29.994393]}},{"type":"Feature","properties":{"s":"reef","phase":"after","lease":"30260"},"geometry":{"type":"Point","coordinates":[-89.365768,29.994391]}},{"type":"Feature","properties":{"s":"reef","phase":"after","lease":"30260"},"geometry":{"type":"Point","coordinates":[-89.36585,29.994393]}},{"type":"Feature","properties":{"s":"reef","phase":"after","lease":"30260"},"geometry":{"type":"Point","coordinates":[-89.365892,29.994391]}},{"type":"Feature","properties":{"s":"reef","phase":"after","lease":"30260"},"geometry":{"type":"Point","coordinates":[-89.365992,29.994394]}},{"type":"Feature","properties":{"s":"reef","phase":"after","lease":"30260"},"geometry":{"type":"Point","coordinates":[-89.366051,29.99439]}},{"type":"Feature","properties":{"s":"reef","phase":"after","lease":"30260"},"geometry":{"type":"Point","coordinates":[-89.366134,29.994393]}},{"type":"Feature","properties":{"s":"reef","phase":"after","lease":"30260"},"geometry":{"type":"Point","coordinates":[-89.36621,29.994389]}},{"type":"Feature","properties":{"s":"reef","phase":"after","lease":"30260"},"geometry":{"type":"Point","coordinates":[-89.366274,29.994383]}},{"type":"Feature","properties":{"s":"reef","phase":"after","lease":"30260"},"geometry":{"type":"Point","coordinates":[-89.366359,29.994375]}},{"type":"Feature","properties":{"s":"reef","phase":"after","lease":"30260"},"geometry":{"type":"Point","coordinates":[-89.366417,29.994367]}},{"type":"Feature","properties":{"s":"reef","phase":"after","lease":"30260"},"geometry":{"type":"Point","coordinates":[-89.366499,29.994366]}},{"type":"Feature","properties":{"s":"reef","phase":"after","lease":"30260"},"geometry":{"type":"Point","coordinates":[-89.366581,29.994362]}},{"type":"Feature","properties":{"s":"reef","phase":"after","lease":"30260"},"geometry":{"type":"Point","coordinates":[-89.366619,29.994355]}},{"type":"Feature","properties":{"s":"reef","phase":"after","lease":"30260"},"geometry":{"type":"Point","coordinates":[-89.366678,29.994346]}},{"type":"Feature","properties":{"s":"reef","phase":"after","lease":"30260"},"geometry":{"type":"Point","coordinates":[-89.36672,29.994339]}},{"type":"Feature","properties":{"s":"reef","phase":"after","lease":"30260"},"geometry":{"type":"Point","coordinates":[-89.366808,29.994323]}},{"type":"Feature","properties":{"s":"reef","phase":"after","lease":"30260"},"geometry":{"type":"Point","coordinates":[-89.366873,29.994319]}},{"type":"Feature","properties":{"s":"reef","phase":"after","lease":"30260"},"geometry":{"type":"Point","coordinates":[-89.366934,29.994313]}},{"type":"Feature","properties":{"s":"reef","phase":"after","lease":"30260"},"geometry":{"type":"Point","coordinates":[-89.366993,29.994299]}},{"type":"Feature","properties":{"s":"scat","phase":"after","lease":"30260"},"geometry":{"type":"Point","coordinates":[-89.367103,29.994271]}},{"type":"Feature","properties":{"s":"firm","phase":"after","lease":"30260"},"geometry":{"type":"Point","coordinates":[-89.367163,29.994254]}},{"type":"Feature","properties":{"s":"firm","phase":"after","lease":"30260"},"geometry":{"type":"Point","coordinates":[-89.367234,29.994233]}},{"type":"Feature","properties":{"s":"firm","phase":"after","lease":"30260"},"geometry":{"type":"Point","coordinates":[-89.36733,29.994207]}},{"type":"Feature","properties":{"s":"firm","phase":"after","lease":"30260"},"geometry":{"type":"Point","coordinates":[-89.367388,29.994194]}},{"type":"Feature","properties":{"s":"firm","phase":"after","lease":"30260"},"geometry":{"type":"Point","coordinates":[-89.367471,29.994184]}},{"type":"Feature","properties":{"s":"firm","phase":"after","lease":"30260"},"geometry":{"type":"Point","coordinates":[-89.367556,29.994179]}},{"type":"Feature","properties":{"s":"firm","phase":"after","lease":"30260"},"geometry":{"type":"Point","coordinates":[-89.367595,29.994183]}},{"type":"Feature","properties":{"s":"firm","phase":"after","lease":"30260"},"geometry":{"type":"Point","coordinates":[-89.367676,29.99418]}},{"type":"Feature","properties":{"s":"firm","phase":"after","lease":"30260"},"geometry":{"type":"Point","coordinates":[-89.367728,29.994177]}},{"type":"Feature","properties":{"s":"firm","phase":"after","lease":"30260"},"geometry":{"type":"Point","coordinates":[-89.367799,29.994182]}},{"type":"Feature","properties":{"s":"firm","phase":"after","lease":"30260"},"geometry":{"type":"Point","coordinates":[-89.36787,29.994206]}},{"type":"Feature","properties":{"s":"reef","phase":"after","lease":"30260"},"geometry":{"type":"Point","coordinates":[-89.363724,29.993781]}},{"type":"Feature","properties":{"s":"reef","phase":"after","lease":"30260"},"geometry":{"type":"Point","coordinates":[-89.363624,29.99379]}},{"type":"Feature","properties":{"s":"reef","phase":"after","lease":"30260"},"geometry":{"type":"Point","coordinates":[-89.363561,29.993792]}},{"type":"Feature","properties":{"s":"reef","phase":"after","lease":"30260"},"geometry":{"type":"Point","coordinates":[-89.363481,29.993797]}},{"type":"Feature","properties":{"s":"reef","phase":"after","lease":"30260"},"geometry":{"type":"Point","coordinates":[-89.363421,29.993807]}},{"type":"Feature","properties":{"s":"reef","phase":"after","lease":"30260"},"geometry":{"type":"Point","coordinates":[-89.363399,29.993809]}},{"type":"Feature","properties":{"s":"reef","phase":"after","lease":"30260"},"geometry":{"type":"Point","coordinates":[-89.363354,29.993814]}},{"type":"Feature","properties":{"s":"reef","phase":"after","lease":"30260"},"geometry":{"type":"Point","coordinates":[-89.36327,29.993816]}},{"type":"Feature","properties":{"s":"reef","phase":"after","lease":"30260"},"geometry":{"type":"Point","coordinates":[-89.363194,29.993823]}},{"type":"Feature","properties":{"s":"reef","phase":"after","lease":"30260"},"geometry":{"type":"Point","coordinates":[-89.36313,29.993823]}},{"type":"Feature","properties":{"s":"reef","phase":"after","lease":"30260"},"geometry":{"type":"Point","coordinates":[-89.363067,29.993826]}},{"type":"Feature","properties":{"s":"reef","phase":"after","lease":"30260"},"geometry":{"type":"Point","coordinates":[-89.362986,29.993826]}},{"type":"Feature","properties":{"s":"reef","phase":"after","lease":"30260"},"geometry":{"type":"Point","coordinates":[-89.362929,29.993832]}},{"type":"Feature","properties":{"s":"reef","phase":"after","lease":"30260"},"geometry":{"type":"Point","coordinates":[-89.362845,29.993834]}},{"type":"Feature","properties":{"s":"reef","phase":"after","lease":"30260"},"geometry":{"type":"Point","coordinates":[-89.362803,29.993834]}},{"type":"Feature","properties":{"s":"reef","phase":"after","lease":"30260"},"geometry":{"type":"Point","coordinates":[-89.362743,29.993836]}},{"type":"Feature","properties":{"s":"reef","phase":"after","lease":"30260"},"geometry":{"type":"Point","coordinates":[-89.362704,29.993837]}},{"type":"Feature","properties":{"s":"reef","phase":"after","lease":"30260"},"geometry":{"type":"Point","coordinates":[-89.362646,29.993839]}},{"type":"Feature","properties":{"s":"reef","phase":"after","lease":"30260"},"geometry":{"type":"Point","coordinates":[-89.362606,29.993836]}},{"type":"Feature","properties":{"s":"reef","phase":"after","lease":"30260"},"geometry":{"type":"Point","coordinates":[-89.362564,29.993839]}},{"type":"Feature","properties":{"s":"reef","phase":"after","lease":"30260"},"geometry":{"type":"Point","coordinates":[-89.362502,29.993841]}},{"type":"Feature","properties":{"s":"reef","phase":"after","lease":"30260"},"geometry":{"type":"Point","coordinates":[-89.362419,29.993849]}},{"type":"Feature","properties":{"s":"reef","phase":"after","lease":"30260"},"geometry":{"type":"Point","coordinates":[-89.36234,29.993858]}},{"type":"Feature","properties":{"s":"reef","phase":"after","lease":"30260"},"geometry":{"type":"Point","coordinates":[-89.362259,29.99386]}},{"type":"Feature","properties":{"s":"reef","phase":"after","lease":"30260"},"geometry":{"type":"Point","coordinates":[-89.362216,29.993864]}},{"type":"Feature","properties":{"s":"reef","phase":"after","lease":"30260"},"geometry":{"type":"Point","coordinates":[-89.36213,29.99387]}},{"type":"Feature","properties":{"s":"reef","phase":"after","lease":"30260"},"geometry":{"type":"Point","coordinates":[-89.362045,29.993876]}},{"type":"Feature","properties":{"s":"reef","phase":"after","lease":"30260"},"geometry":{"type":"Point","coordinates":[-89.362026,29.993878]}},{"type":"Feature","properties":{"s":"reef","phase":"after","lease":"30260"},"geometry":{"type":"Point","coordinates":[-89.361947,29.993885]}},{"type":"Feature","properties":{"s":"reef","phase":"after","lease":"30260"},"geometry":{"type":"Point","coordinates":[-89.361927,29.993886]}},{"type":"Feature","properties":{"s":"firm","phase":"after","lease":"30260"},"geometry":{"type":"Point","coordinates":[-89.367925,29.994252]}},{"type":"Feature","properties":{"s":"firm","phase":"after","lease":"30260"},"geometry":{"type":"Point","coordinates":[-89.367946,29.994293]}},{"type":"Feature","properties":{"s":"firm","phase":"after","lease":"30260"},"geometry":{"type":"Point","coordinates":[-89.367957,29.994332]}},{"type":"Feature","properties":{"s":"firm","phase":"after","lease":"30260"},"geometry":{"type":"Point","coordinates":[-89.367938,29.994416]}},{"type":"Feature","properties":{"s":"firm","phase":"after","lease":"30260"},"geometry":{"type":"Point","coordinates":[-89.367877,29.994484]}},{"type":"Feature","properties":{"s":"firm","phase":"after","lease":"30260"},"geometry":{"type":"Point","coordinates":[-89.367787,29.994521]}},{"type":"Feature","properties":{"s":"firm","phase":"after","lease":"30260"},"geometry":{"type":"Point","coordinates":[-89.367705,29.994527]}},{"type":"Feature","properties":{"s":"firm","phase":"after","lease":"30260"},"geometry":{"type":"Point","coordinates":[-89.367545,29.994539]}},{"type":"Feature","properties":{"s":"firm","phase":"after","lease":"30260"},"geometry":{"type":"Point","coordinates":[-89.367444,29.994544]}},{"type":"Feature","properties":{"s":"reef","phase":"after","lease":"30260"},"geometry":{"type":"Point","coordinates":[-89.367308,29.994553]}},{"type":"Feature","properties":{"s":"reef","phase":"after","lease":"30260"},"geometry":{"type":"Point","coordinates":[-89.367187,29.994563]}},{"type":"Feature","properties":{"s":"reef","phase":"after","lease":"30260"},"geometry":{"type":"Point","coordinates":[-89.366964,29.994576]}},{"type":"Feature","properties":{"s":"scat","phase":"after","lease":"30260"},"geometry":{"type":"Point","coordinates":[-89.366884,29.994582]}},{"type":"Feature","properties":{"s":"reef","phase":"after","lease":"30260"},"geometry":{"type":"Point","coordinates":[-89.366822,29.994584]}},{"type":"Feature","properties":{"s":"reef","phase":"after","lease":"30260"},"geometry":{"type":"Point","coordinates":[-89.366743,29.994592]}},{"type":"Feature","properties":{"s":"reef","phase":"after","lease":"30260"},"geometry":{"type":"Point","coordinates":[-89.366658,29.994598]}},{"type":"Feature","properties":{"s":"reef","phase":"after","lease":"30260"},"geometry":{"type":"Point","coordinates":[-89.366555,29.994603]}},{"type":"Feature","properties":{"s":"reef","phase":"after","lease":"30260"},"geometry":{"type":"Point","coordinates":[-89.366451,29.99461]}},{"type":"Feature","properties":{"s":"reef","phase":"after","lease":"30260"},"geometry":{"type":"Point","coordinates":[-89.366372,29.994617]}},{"type":"Feature","properties":{"s":"reef","phase":"after","lease":"30260"},"geometry":{"type":"Point","coordinates":[-89.366314,29.994618]}},{"type":"Feature","properties":{"s":"reef","phase":"after","lease":"30260"},"geometry":{"type":"Point","coordinates":[-89.366256,29.994616]}},{"type":"Feature","properties":{"s":"reef","phase":"after","lease":"30260"},"geometry":{"type":"Point","coordinates":[-89.366157,29.994619]}},{"type":"Feature","properties":{"s":"reef","phase":"after","lease":"30260"},"geometry":{"type":"Point","coordinates":[-89.366103,29.994625]}},{"type":"Feature","properties":{"s":"reef","phase":"after","lease":"30260"},"geometry":{"type":"Point","coordinates":[-89.366062,29.994624]}},{"type":"Feature","properties":{"s":"reef","phase":"after","lease":"30260"},"geometry":{"type":"Point","coordinates":[-89.366001,29.994634]}},{"type":"Feature","properties":{"s":"reef","phase":"after","lease":"30260"},"geometry":{"type":"Point","coordinates":[-89.365899,29.994638]}},{"type":"Feature","properties":{"s":"reef","phase":"after","lease":"30260"},"geometry":{"type":"Point","coordinates":[-89.365819,29.994641]}},{"type":"Feature","properties":{"s":"reef","phase":"after","lease":"30260"},"geometry":{"type":"Point","coordinates":[-89.365737,29.994648]}},{"type":"Feature","properties":{"s":"reef","phase":"after","lease":"30260"},"geometry":{"type":"Point","coordinates":[-89.365659,29.994651]}},{"type":"Feature","properties":{"s":"reef","phase":"after","lease":"30260"},"geometry":{"type":"Point","coordinates":[-89.365581,29.994651]}},{"type":"Feature","properties":{"s":"reef","phase":"after","lease":"30260"},"geometry":{"type":"Point","coordinates":[-89.364234,29.993746]}},{"type":"Feature","properties":{"s":"reef","phase":"after","lease":"30260"},"geometry":{"type":"Point","coordinates":[-89.364134,29.993748]}},{"type":"Feature","properties":{"s":"reef","phase":"after","lease":"30260"},"geometry":{"type":"Point","coordinates":[-89.364031,29.993757]}},{"type":"Feature","properties":{"s":"reef","phase":"after","lease":"30260"},"geometry":{"type":"Point","coordinates":[-89.363911,29.99377]}},{"type":"Feature","properties":{"s":"reef","phase":"after","lease":"30260"},"geometry":{"type":"Point","coordinates":[-89.36385,29.993774]}},{"type":"Feature","properties":{"s":"reef","phase":"after","lease":"30260"},"geometry":{"type":"Point","coordinates":[-89.361863,29.993886]}},{"type":"Feature","properties":{"s":"reef","phase":"after","lease":"30260"},"geometry":{"type":"Point","coordinates":[-89.361759,29.993891]}},{"type":"Feature","properties":{"s":"reef","phase":"after","lease":"30260"},"geometry":{"type":"Point","coordinates":[-89.3617,29.993896]}},{"type":"Feature","properties":{"s":"reef","phase":"after","lease":"30260"},"geometry":{"type":"Point","coordinates":[-89.361617,29.993903]}},{"type":"Feature","properties":{"s":"reef","phase":"after","lease":"30260"},"geometry":{"type":"Point","coordinates":[-89.361519,29.99391]}},{"type":"Feature","properties":{"s":"reef","phase":"after","lease":"30260"},"geometry":{"type":"Point","coordinates":[-89.361439,29.993917]}},{"type":"Feature","properties":{"s":"reef","phase":"after","lease":"30260"},"geometry":{"type":"Point","coordinates":[-89.361377,29.99392]}},{"type":"Feature","properties":{"s":"reef","phase":"after","lease":"30260"},"geometry":{"type":"Point","coordinates":[-89.361316,29.993928]}},{"type":"Feature","properties":{"s":"reef","phase":"after","lease":"30260"},"geometry":{"type":"Point","coordinates":[-89.361251,29.993935]}},{"type":"Feature","properties":{"s":"reef","phase":"after","lease":"30260"},"geometry":{"type":"Point","coordinates":[-89.361149,29.993944]}},{"type":"Feature","properties":{"s":"reef","phase":"after","lease":"30260"},"geometry":{"type":"Point","coordinates":[-89.361089,29.993948]}},{"type":"Feature","properties":{"s":"reef","phase":"after","lease":"30260"},"geometry":{"type":"Point","coordinates":[-89.361004,29.993956]}},{"type":"Feature","properties":{"s":"reef","phase":"after","lease":"30260"},"geometry":{"type":"Point","coordinates":[-89.360918,29.993963]}},{"type":"Feature","properties":{"s":"reef","phase":"after","lease":"30260"},"geometry":{"type":"Point","coordinates":[-89.360817,29.99397]}},{"type":"Feature","properties":{"s":"reef","phase":"after","lease":"30260"},"geometry":{"type":"Point","coordinates":[-89.360718,29.993979]}},{"type":"Feature","properties":{"s":"reef","phase":"after","lease":"30260"},"geometry":{"type":"Point","coordinates":[-89.360636,29.993981]}},{"type":"Feature","properties":{"s":"reef","phase":"after","lease":"30260"},"geometry":{"type":"Point","coordinates":[-89.360575,29.99398]}},{"type":"Feature","properties":{"s":"reef","phase":"after","lease":"30260"},"geometry":{"type":"Point","coordinates":[-89.360491,29.993982]}},{"type":"Feature","properties":{"s":"reef","phase":"after","lease":"30260"},"geometry":{"type":"Point","coordinates":[-89.360366,29.993992]}},{"type":"Feature","properties":{"s":"reef","phase":"after","lease":"30260"},"geometry":{"type":"Point","coordinates":[-89.360284,29.993993]}},{"type":"Feature","properties":{"s":"reef","phase":"after","lease":"30260"},"geometry":{"type":"Point","coordinates":[-89.36014,29.994009]}},{"type":"Feature","properties":{"s":"reef","phase":"after","lease":"30260"},"geometry":{"type":"Point","coordinates":[-89.359994,29.994019]}},{"type":"Feature","properties":{"s":"reef","phase":"after","lease":"30260"},"geometry":{"type":"Point","coordinates":[-89.359933,29.994021]}},{"type":"Feature","properties":{"s":"reef","phase":"after","lease":"30260"},"geometry":{"type":"Point","coordinates":[-89.359849,29.994022]}},{"type":"Feature","properties":{"s":"reef","phase":"after","lease":"30260"},"geometry":{"type":"Point","coordinates":[-89.359809,29.994023]}},{"type":"Feature","properties":{"s":"reef","phase":"after","lease":"30260"},"geometry":{"type":"Point","coordinates":[-89.359749,29.994024]}},{"type":"Feature","properties":{"s":"reef","phase":"after","lease":"30260"},"geometry":{"type":"Point","coordinates":[-89.359685,29.994031]}},{"type":"Feature","properties":{"s":"reef","phase":"after","lease":"30260"},"geometry":{"type":"Point","coordinates":[-89.364872,29.993698]}},{"type":"Feature","properties":{"s":"reef","phase":"after","lease":"30260"},"geometry":{"type":"Point","coordinates":[-89.364769,29.99371]}},{"type":"Feature","properties":{"s":"reef","phase":"after","lease":"30260"},"geometry":{"type":"Point","coordinates":[-89.36469,29.993715]}},{"type":"Feature","properties":{"s":"reef","phase":"after","lease":"30260"},"geometry":{"type":"Point","coordinates":[-89.364609,29.993722]}},{"type":"Feature","properties":{"s":"reef","phase":"after","lease":"30260"},"geometry":{"type":"Point","coordinates":[-89.364547,29.993725]}},{"type":"Feature","properties":{"s":"reef","phase":"after","lease":"30260"},"geometry":{"type":"Point","coordinates":[-89.364445,29.993728]}},{"type":"Feature","properties":{"s":"reef","phase":"after","lease":"30260"},"geometry":{"type":"Point","coordinates":[-89.364337,29.993737]}},{"type":"Feature","properties":{"s":"reef","phase":"after","lease":"30260"},"geometry":{"type":"Point","coordinates":[-89.365761,29.993644]}},{"type":"Feature","properties":{"s":"reef","phase":"after","lease":"30260"},"geometry":{"type":"Point","coordinates":[-89.365679,29.993646]}},{"type":"Feature","properties":{"s":"reef","phase":"after","lease":"30260"},"geometry":{"type":"Point","coordinates":[-89.365581,29.993656]}},{"type":"Feature","properties":{"s":"reef","phase":"after","lease":"30260"},"geometry":{"type":"Point","coordinates":[-89.365463,29.993669]}},{"type":"Feature","properties":{"s":"reef","phase":"after","lease":"30260"},"geometry":{"type":"Point","coordinates":[-89.365342,29.993679]}},{"type":"Feature","properties":{"s":"reef","phase":"after","lease":"30260"},"geometry":{"type":"Point","coordinates":[-89.365265,29.993688]}},{"type":"Feature","properties":{"s":"reef","phase":"after","lease":"30260"},"geometry":{"type":"Point","coordinates":[-89.365183,29.993691]}},{"type":"Feature","properties":{"s":"reef","phase":"after","lease":"30260"},"geometry":{"type":"Point","coordinates":[-89.3651,29.993694]}},{"type":"Feature","properties":{"s":"reef","phase":"after","lease":"30260"},"geometry":{"type":"Point","coordinates":[-89.365043,29.993698]}},{"type":"Feature","properties":{"s":"reef","phase":"after","lease":"30260"},"geometry":{"type":"Point","coordinates":[-89.364954,29.993698]}},{"type":"Feature","properties":{"s":"reef","phase":"after","lease":"30260"},"geometry":{"type":"Point","coordinates":[-89.366289,29.993623]}},{"type":"Feature","properties":{"s":"reef","phase":"after","lease":"30260"},"geometry":{"type":"Point","coordinates":[-89.366207,29.993628]}},{"type":"Feature","properties":{"s":"reef","phase":"after","lease":"30260"},"geometry":{"type":"Point","coordinates":[-89.366131,29.993632]}},{"type":"Feature","properties":{"s":"reef","phase":"after","lease":"30260"},"geometry":{"type":"Point","coordinates":[-89.366083,29.993631]}},{"type":"Feature","properties":{"s":"reef","phase":"after","lease":"30260"},"geometry":{"type":"Point","coordinates":[-89.365998,29.993636]}},{"type":"Feature","properties":{"s":"reef","phase":"after","lease":"30260"},"geometry":{"type":"Point","coordinates":[-89.365958,29.993639]}},{"type":"Feature","properties":{"s":"reef","phase":"after","lease":"30260"},"geometry":{"type":"Point","coordinates":[-89.365918,29.993641]}},{"type":"Feature","properties":{"s":"reef","phase":"after","lease":"30260"},"geometry":{"type":"Point","coordinates":[-89.365821,29.993644]}},{"type":"Feature","properties":{"s":"firm","phase":"after","lease":"30260"},"geometry":{"type":"Point","coordinates":[-89.366808,29.993593]}},{"type":"Feature","properties":{"s":"firm","phase":"after","lease":"30260"},"geometry":{"type":"Point","coordinates":[-89.366729,29.993601]}},{"type":"Feature","properties":{"s":"firm","phase":"after","lease":"30260"},"geometry":{"type":"Point","coordinates":[-89.366665,29.993601]}},{"type":"Feature","properties":{"s":"firm","phase":"after","lease":"30260"},"geometry":{"type":"Point","coordinates":[-89.366555,29.993602]}},{"type":"Feature","properties":{"s":"scat","phase":"after","lease":"30260"},"geometry":{"type":"Point","coordinates":[-89.366451,29.993608]}},{"type":"Feature","properties":{"s":"reef","phase":"after","lease":"30260"},"geometry":{"type":"Point","coordinates":[-89.366347,29.993617]}},{"type":"Feature","properties":{"s":"firm","phase":"after","lease":"30260"},"geometry":{"type":"Point","coordinates":[-89.367203,29.993564]}},{"type":"Feature","properties":{"s":"firm","phase":"after","lease":"30260"},"geometry":{"type":"Point","coordinates":[-89.36702,29.993572]}},{"type":"Feature","properties":{"s":"firm","phase":"after","lease":"30260"},"geometry":{"type":"Point","coordinates":[-89.366911,29.993585]}},{"type":"Feature","properties":{"s":"reef","phase":"after","lease":"30260"},"geometry":{"type":"Point","coordinates":[-89.362896,29.993619]}},{"type":"Feature","properties":{"s":"reef","phase":"after","lease":"30260"},"geometry":{"type":"Point","coordinates":[-89.362998,29.993615]}},{"type":"Feature","properties":{"s":"scat","phase":"after","lease":"30260"},"geometry":{"type":"Point","coordinates":[-89.363121,29.993609]}},{"type":"Feature","properties":{"s":"reef","phase":"after","lease":"30260"},"geometry":{"type":"Point","coordinates":[-89.363142,29.993608]}},{"type":"Feature","properties":{"s":"scat","phase":"after","lease":"30260"},"geometry":{"type":"Point","coordinates":[-89.363226,29.993604]}},{"type":"Feature","properties":{"s":"reef","phase":"after","lease":"30260"},"geometry":{"type":"Point","coordinates":[-89.363286,29.993601]}},{"type":"Feature","properties":{"s":"reef","phase":"after","lease":"30260"},"geometry":{"type":"Point","coordinates":[-89.363387,29.993596]}},{"type":"Feature","properties":{"s":"reef","phase":"after","lease":"30260"},"geometry":{"type":"Point","coordinates":[-89.363466,29.993591]}},{"type":"Feature","properties":{"s":"reef","phase":"after","lease":"30260"},"geometry":{"type":"Point","coordinates":[-89.363547,29.993585]}},{"type":"Feature","properties":{"s":"reef","phase":"after","lease":"30260"},"geometry":{"type":"Point","coordinates":[-89.363606,29.993582]}},{"type":"Feature","properties":{"s":"reef","phase":"after","lease":"30260"},"geometry":{"type":"Point","coordinates":[-89.363828,29.993563]}},{"type":"Feature","properties":{"s":"reef","phase":"after","lease":"30260"},"geometry":{"type":"Point","coordinates":[-89.36391,29.99356]}},{"type":"Feature","properties":{"s":"reef","phase":"after","lease":"30260"},"geometry":{"type":"Point","coordinates":[-89.364011,29.993552]}},{"type":"Feature","properties":{"s":"reef","phase":"after","lease":"30260"},"geometry":{"type":"Point","coordinates":[-89.364091,29.99355]}},{"type":"Feature","properties":{"s":"reef","phase":"after","lease":"30260"},"geometry":{"type":"Point","coordinates":[-89.364191,29.993544]}},{"type":"Feature","properties":{"s":"reef","phase":"after","lease":"30260"},"geometry":{"type":"Point","coordinates":[-89.364255,29.993541]}},{"type":"Feature","properties":{"s":"reef","phase":"after","lease":"30260"},"geometry":{"type":"Point","coordinates":[-89.364332,29.993531]}},{"type":"Feature","properties":{"s":"reef","phase":"after","lease":"30260"},"geometry":{"type":"Point","coordinates":[-89.364435,29.993527]}},{"type":"Feature","properties":{"s":"reef","phase":"after","lease":"30260"},"geometry":{"type":"Point","coordinates":[-89.364537,29.993522]}},{"type":"Feature","properties":{"s":"reef","phase":"after","lease":"30260"},"geometry":{"type":"Point","coordinates":[-89.364601,29.993521]}},{"type":"Feature","properties":{"s":"reef","phase":"after","lease":"30260"},"geometry":{"type":"Point","coordinates":[-89.364661,29.993515]}},{"type":"Feature","properties":{"s":"reef","phase":"after","lease":"30260"},"geometry":{"type":"Point","coordinates":[-89.364742,29.993508]}},{"type":"Feature","properties":{"s":"reef","phase":"after","lease":"30260"},"geometry":{"type":"Point","coordinates":[-89.364826,29.993503]}},{"type":"Feature","properties":{"s":"reef","phase":"after","lease":"30260"},"geometry":{"type":"Point","coordinates":[-89.364902,29.993494]}},{"type":"Feature","properties":{"s":"reef","phase":"after","lease":"30260"},"geometry":{"type":"Point","coordinates":[-89.364943,29.993493]}},{"type":"Feature","properties":{"s":"reef","phase":"after","lease":"30260"},"geometry":{"type":"Point","coordinates":[-89.365037,29.993487]}},{"type":"Feature","properties":{"s":"reef","phase":"after","lease":"30260"},"geometry":{"type":"Point","coordinates":[-89.365098,29.993488]}},{"type":"Feature","properties":{"s":"reef","phase":"after","lease":"30260"},"geometry":{"type":"Point","coordinates":[-89.365219,29.993478]}},{"type":"Feature","properties":{"s":"reef","phase":"after","lease":"30260"},"geometry":{"type":"Point","coordinates":[-89.365287,29.993479]}},{"type":"Feature","properties":{"s":"reef","phase":"after","lease":"30260"},"geometry":{"type":"Point","coordinates":[-89.36535,29.993477]}},{"type":"Feature","properties":{"s":"reef","phase":"after","lease":"30260"},"geometry":{"type":"Point","coordinates":[-89.365454,29.99347]}},{"type":"Feature","properties":{"s":"reef","phase":"after","lease":"30260"},"geometry":{"type":"Point","coordinates":[-89.365515,29.993465]}},{"type":"Feature","properties":{"s":"reef","phase":"after","lease":"30260"},"geometry":{"type":"Point","coordinates":[-89.365576,29.993457]}},{"type":"Feature","properties":{"s":"reef","phase":"after","lease":"30260"},"geometry":{"type":"Point","coordinates":[-89.365653,29.993449]}},{"type":"Feature","properties":{"s":"reef","phase":"after","lease":"30260"},"geometry":{"type":"Point","coordinates":[-89.365713,29.993441]}},{"type":"Feature","properties":{"s":"reef","phase":"after","lease":"30260"},"geometry":{"type":"Point","coordinates":[-89.365765,29.993434]}},{"type":"Feature","properties":{"s":"reef","phase":"after","lease":"30260"},"geometry":{"type":"Point","coordinates":[-89.36585,29.993434]}},{"type":"Feature","properties":{"s":"reef","phase":"after","lease":"30260"},"geometry":{"type":"Point","coordinates":[-89.365929,29.993428]}},{"type":"Feature","properties":{"s":"reef","phase":"after","lease":"30260"},"geometry":{"type":"Point","coordinates":[-89.36599,29.993426]}},{"type":"Feature","properties":{"s":"reef","phase":"after","lease":"30260"},"geometry":{"type":"Point","coordinates":[-89.366031,29.993426]}},{"type":"Feature","properties":{"s":"firm","phase":"after","lease":"30260"},"geometry":{"type":"Point","coordinates":[-89.366153,29.993422]}},{"type":"Feature","properties":{"s":"firm","phase":"after","lease":"30260"},"geometry":{"type":"Point","coordinates":[-89.366228,29.993414]}},{"type":"Feature","properties":{"s":"firm","phase":"after","lease":"30260"},"geometry":{"type":"Point","coordinates":[-89.366323,29.993416]}},{"type":"Feature","properties":{"s":"firm","phase":"after","lease":"30260"},"geometry":{"type":"Point","coordinates":[-89.366402,29.993411]}},{"type":"Feature","properties":{"s":"firm","phase":"after","lease":"30260"},"geometry":{"type":"Point","coordinates":[-89.366493,29.993404]}},{"type":"Feature","properties":{"s":"firm","phase":"after","lease":"30260"},"geometry":{"type":"Point","coordinates":[-89.36655,29.993401]}},{"type":"Feature","properties":{"s":"firm","phase":"after","lease":"30260"},"geometry":{"type":"Point","coordinates":[-89.366622,29.993388]}},{"type":"Feature","properties":{"s":"firm","phase":"after","lease":"30260"},"geometry":{"type":"Point","coordinates":[-89.366699,29.993376]}},{"type":"Feature","properties":{"s":"firm","phase":"after","lease":"30260"},"geometry":{"type":"Point","coordinates":[-89.366768,29.993371]}},{"type":"Feature","properties":{"s":"firm","phase":"after","lease":"30260"},"geometry":{"type":"Point","coordinates":[-89.366894,29.99335]}},{"type":"Feature","properties":{"s":"firm","phase":"after","lease":"30260"},"geometry":{"type":"Point","coordinates":[-89.366999,29.99333]}},{"type":"Feature","properties":{"s":"firm","phase":"after","lease":"30260"},"geometry":{"type":"Point","coordinates":[-89.367088,29.993311]}},{"type":"Feature","properties":{"s":"firm","phase":"after","lease":"30260"},"geometry":{"type":"Point","coordinates":[-89.367185,29.993284]}},{"type":"Feature","properties":{"s":"firm","phase":"after","lease":"30260"},"geometry":{"type":"Point","coordinates":[-89.367311,29.99326]}},{"type":"Feature","properties":{"s":"firm","phase":"after","lease":"30260"},"geometry":{"type":"Point","coordinates":[-89.367409,29.993249]}},{"type":"Feature","properties":{"s":"firm","phase":"after","lease":"30260"},"geometry":{"type":"Point","coordinates":[-89.367501,29.993237]}},{"type":"Feature","properties":{"s":"firm","phase":"after","lease":"30260"},"geometry":{"type":"Point","coordinates":[-89.367585,29.993231]}},{"type":"Feature","properties":{"s":"firm","phase":"after","lease":"30260"},"geometry":{"type":"Point","coordinates":[-89.367684,29.993241]}},{"type":"Feature","properties":{"s":"firm","phase":"after","lease":"30260"},"geometry":{"type":"Point","coordinates":[-89.366997,29.993095]}},{"type":"Feature","properties":{"s":"firm","phase":"after","lease":"30260"},"geometry":{"type":"Point","coordinates":[-89.366876,29.9931]}},{"type":"Feature","properties":{"s":"firm","phase":"after","lease":"30260"},"geometry":{"type":"Point","coordinates":[-89.366797,29.993103]}},{"type":"Feature","properties":{"s":"firm","phase":"after","lease":"30260"},"geometry":{"type":"Point","coordinates":[-89.366732,29.993105]}},{"type":"Feature","properties":{"s":"firm","phase":"after","lease":"30260"},"geometry":{"type":"Point","coordinates":[-89.366674,29.993108]}},{"type":"Feature","properties":{"s":"firm","phase":"after","lease":"30260"},"geometry":{"type":"Point","coordinates":[-89.366503,29.993119]}},{"type":"Feature","properties":{"s":"firm","phase":"after","lease":"30260"},"geometry":{"type":"Point","coordinates":[-89.366375,29.993123]}},{"type":"Feature","properties":{"s":"firm","phase":"after","lease":"30260"},"geometry":{"type":"Point","coordinates":[-89.366253,29.993131]}},{"type":"Feature","properties":{"s":"firm","phase":"after","lease":"30260"},"geometry":{"type":"Point","coordinates":[-89.366091,29.993148]}},{"type":"Feature","properties":{"s":"scat","phase":"after","lease":"30260"},"geometry":{"type":"Point","coordinates":[-89.365988,29.993158]}},{"type":"Feature","properties":{"s":"scat","phase":"after","lease":"30260"},"geometry":{"type":"Point","coordinates":[-89.365868,29.993166]}},{"type":"Feature","properties":{"s":"reef","phase":"after","lease":"30260"},"geometry":{"type":"Point","coordinates":[-89.365774,29.99317]}},{"type":"Feature","properties":{"s":"scat","phase":"after","lease":"30260"},"geometry":{"type":"Point","coordinates":[-89.365691,29.993175]}},{"type":"Feature","properties":{"s":"reef","phase":"after","lease":"30260"},"geometry":{"type":"Point","coordinates":[-89.365567,29.993182]}},{"type":"Feature","properties":{"s":"reef","phase":"after","lease":"30260"},"geometry":{"type":"Point","coordinates":[-89.365463,29.993189]}},{"type":"Feature","properties":{"s":"reef","phase":"after","lease":"30260"},"geometry":{"type":"Point","coordinates":[-89.365317,29.993202]}},{"type":"Feature","properties":{"s":"reef","phase":"after","lease":"30260"},"geometry":{"type":"Point","coordinates":[-89.365215,29.993215]}},{"type":"Feature","properties":{"s":"reef","phase":"after","lease":"30260"},"geometry":{"type":"Point","coordinates":[-89.36511,29.993231]}},{"type":"Feature","properties":{"s":"reef","phase":"after","lease":"30260"},"geometry":{"type":"Point","coordinates":[-89.365001,29.993247]}},{"type":"Feature","properties":{"s":"scat","phase":"after","lease":"30260"},"geometry":{"type":"Point","coordinates":[-89.364921,29.99325]}},{"type":"Feature","properties":{"s":"reef","phase":"after","lease":"30260"},"geometry":{"type":"Point","coordinates":[-89.364763,29.993257]}},{"type":"Feature","properties":{"s":"reef","phase":"after","lease":"30260"},"geometry":{"type":"Point","coordinates":[-89.364658,29.993259]}},{"type":"Feature","properties":{"s":"reef","phase":"after","lease":"30260"},"geometry":{"type":"Point","coordinates":[-89.364519,29.993268]}},{"type":"Feature","properties":{"s":"reef","phase":"after","lease":"30260"},"geometry":{"type":"Point","coordinates":[-89.36444,29.993275]}},{"type":"Feature","properties":{"s":"scat","phase":"after","lease":"30260"},"geometry":{"type":"Point","coordinates":[-89.364359,29.993278]}},{"type":"Feature","properties":{"s":"reef","phase":"after","lease":"30260"},"geometry":{"type":"Point","coordinates":[-89.364322,29.993283]}},{"type":"Feature","properties":{"s":"reef","phase":"after","lease":"30260"},"geometry":{"type":"Point","coordinates":[-89.364239,29.993288]}},{"type":"Feature","properties":{"s":"reef","phase":"after","lease":"30260"},"geometry":{"type":"Point","coordinates":[-89.364199,29.99329]}},{"type":"Feature","properties":{"s":"reef","phase":"after","lease":"30260"},"geometry":{"type":"Point","coordinates":[-89.364092,29.993301]}},{"type":"Feature","properties":{"s":"reef","phase":"after","lease":"30260"},"geometry":{"type":"Point","coordinates":[-89.363995,29.993302]}},{"type":"Feature","properties":{"s":"reef","phase":"after","lease":"30260"},"geometry":{"type":"Point","coordinates":[-89.363933,29.993306]}},{"type":"Feature","properties":{"s":"reef","phase":"after","lease":"30260"},"geometry":{"type":"Point","coordinates":[-89.363827,29.993317]}},{"type":"Feature","properties":{"s":"reef","phase":"after","lease":"30260"},"geometry":{"type":"Point","coordinates":[-89.363764,29.993321]}},{"type":"Feature","properties":{"s":"reef","phase":"after","lease":"30260"},"geometry":{"type":"Point","coordinates":[-89.363662,29.993328]}},{"type":"Feature","properties":{"s":"scat","phase":"after","lease":"30260"},"geometry":{"type":"Point","coordinates":[-89.363538,29.99333]}},{"type":"Feature","properties":{"s":"scat","phase":"after","lease":"30260"},"geometry":{"type":"Point","coordinates":[-89.363436,29.993333]}},{"type":"Feature","properties":{"s":"reef","phase":"after","lease":"30260"},"geometry":{"type":"Point","coordinates":[-89.363298,29.99334]}},{"type":"Feature","properties":{"s":"reef","phase":"after","lease":"30260"},"geometry":{"type":"Point","coordinates":[-89.363195,29.993346]}},{"type":"Feature","properties":{"s":"reef","phase":"after","lease":"30260"},"geometry":{"type":"Point","coordinates":[-89.363064,29.993353]}},{"type":"Feature","properties":{"s":"scat","phase":"after","lease":"30260"},"geometry":{"type":"Point","coordinates":[-89.362979,29.993357]}},{"type":"Feature","properties":{"s":"reef","phase":"after","lease":"30260"},"geometry":{"type":"Point","coordinates":[-89.362853,29.993363]}},{"type":"Feature","properties":{"s":"reef","phase":"after","lease":"30260"},"geometry":{"type":"Point","coordinates":[-89.362741,29.993371]}},{"type":"Feature","properties":{"s":"scat","phase":"after","lease":"30260"},"geometry":{"type":"Point","coordinates":[-89.362649,29.993373]}},{"type":"Feature","properties":{"s":"reef","phase":"after","lease":"30260"},"geometry":{"type":"Point","coordinates":[-89.362508,29.993382]}},{"type":"Feature","properties":{"s":"reef","phase":"after","lease":"30260"},"geometry":{"type":"Point","coordinates":[-89.362322,29.99339]}},{"type":"Feature","properties":{"s":"scat","phase":"after","lease":"30260"},"geometry":{"type":"Point","coordinates":[-89.362199,29.993396]}},{"type":"Feature","properties":{"s":"reef","phase":"after","lease":"30260"},"geometry":{"type":"Point","coordinates":[-89.362097,29.993401]}},{"type":"Feature","properties":{"s":"scat","phase":"after","lease":"30260"},"geometry":{"type":"Point","coordinates":[-89.361997,29.993408]}},{"type":"Feature","properties":{"s":"reef","phase":"after","lease":"30260"},"geometry":{"type":"Point","coordinates":[-89.361871,29.993419]}},{"type":"Feature","properties":{"s":"reef","phase":"after","lease":"30260"},"geometry":{"type":"Point","coordinates":[-89.361794,29.993423]}},{"type":"Feature","properties":{"s":"reef","phase":"after","lease":"30260"},"geometry":{"type":"Point","coordinates":[-89.361714,29.993426]}},{"type":"Feature","properties":{"s":"reef","phase":"after","lease":"30260"},"geometry":{"type":"Point","coordinates":[-89.361569,29.993435]}},{"type":"Feature","properties":{"s":"scat","phase":"after","lease":"30260"},"geometry":{"type":"Point","coordinates":[-89.361448,29.993451]}},{"type":"Feature","properties":{"s":"reef","phase":"after","lease":"30260"},"geometry":{"type":"Point","coordinates":[-89.361307,29.993461]}},{"type":"Feature","properties":{"s":"reef","phase":"after","lease":"30260"},"geometry":{"type":"Point","coordinates":[-89.3612,29.993464]}},{"type":"Feature","properties":{"s":"reef","phase":"after","lease":"30260"},"geometry":{"type":"Point","coordinates":[-89.361044,29.993466]}},{"type":"Feature","properties":{"s":"scat","phase":"after","lease":"30260"},"geometry":{"type":"Point","coordinates":[-89.36094,29.993471]}},{"type":"Feature","properties":{"s":"reef","phase":"after","lease":"30260"},"geometry":{"type":"Point","coordinates":[-89.36082,29.993476]}},{"type":"Feature","properties":{"s":"scat","phase":"after","lease":"30260"},"geometry":{"type":"Point","coordinates":[-89.360721,29.993478]}},{"type":"Feature","properties":{"s":"reef","phase":"after","lease":"30260"},"geometry":{"type":"Point","coordinates":[-89.360567,29.99348]}},{"type":"Feature","properties":{"s":"firm","phase":"after","lease":"30260"},"geometry":{"type":"Point","coordinates":[-89.360486,29.993484]}},{"type":"Feature","properties":{"s":"reef","phase":"after","lease":"30260"},"geometry":{"type":"Point","coordinates":[-89.360403,29.993491]}},{"type":"Feature","properties":{"s":"reef","phase":"after","lease":"30260"},"geometry":{"type":"Point","coordinates":[-89.360318,29.993492]}},{"type":"Feature","properties":{"s":"reef","phase":"after","lease":"30260"},"geometry":{"type":"Point","coordinates":[-89.360217,29.993502]}},{"type":"Feature","properties":{"s":"reef","phase":"after","lease":"30260"},"geometry":{"type":"Point","coordinates":[-89.360068,29.993502]}},{"type":"Feature","properties":{"s":"reef","phase":"after","lease":"30260"},"geometry":{"type":"Point","coordinates":[-89.359984,29.99351]}},{"type":"Feature","properties":{"s":"scat","phase":"after","lease":"30260"},"geometry":{"type":"Point","coordinates":[-89.359865,29.99352]}},{"type":"Feature","properties":{"s":"reef","phase":"after","lease":"30260"},"geometry":{"type":"Point","coordinates":[-89.359763,29.993531]}},{"type":"Feature","properties":{"s":"reef","phase":"after","lease":"30260"},"geometry":{"type":"Point","coordinates":[-89.359679,29.993534]}},{"type":"Feature","properties":{"s":"reef","phase":"after","lease":"30260"},"geometry":{"type":"Point","coordinates":[-89.359578,29.993545]}},{"type":"Feature","properties":{"s":"reef","phase":"after","lease":"30260"},"geometry":{"type":"Point","coordinates":[-89.359452,29.993549]}},{"type":"Feature","properties":{"s":"reef","phase":"after","lease":"30260"},"geometry":{"type":"Point","coordinates":[-89.359371,29.993555]}},{"type":"Feature","properties":{"s":"reef","phase":"after","lease":"30260"},"geometry":{"type":"Point","coordinates":[-89.359266,29.993566]}},{"type":"Feature","properties":{"s":"reef","phase":"after","lease":"30260"},"geometry":{"type":"Point","coordinates":[-89.359136,29.993576]}},{"type":"Feature","properties":{"s":"reef","phase":"after","lease":"30260"},"geometry":{"type":"Point","coordinates":[-89.359055,29.99358]}},{"type":"Feature","properties":{"s":"reef","phase":"after","lease":"30260"},"geometry":{"type":"Point","coordinates":[-89.358969,29.993583]}},{"type":"Feature","properties":{"s":"reef","phase":"after","lease":"30260"},"geometry":{"type":"Point","coordinates":[-89.358887,29.993588]}},{"type":"Feature","properties":{"s":"reef","phase":"after","lease":"30260"},"geometry":{"type":"Point","coordinates":[-89.358825,29.993592]}},{"type":"Feature","properties":{"s":"reef","phase":"after","lease":"30260"},"geometry":{"type":"Point","coordinates":[-89.35874,29.993601]}},{"type":"Feature","properties":{"s":"reef","phase":"after","lease":"30260"},"geometry":{"type":"Point","coordinates":[-89.358674,29.993604]}},{"type":"Feature","properties":{"s":"reef","phase":"after","lease":"30260"},"geometry":{"type":"Point","coordinates":[-89.35856,29.99361]}},{"type":"Feature","properties":{"s":"reef","phase":"after","lease":"30260"},"geometry":{"type":"Point","coordinates":[-89.358455,29.993617]}},{"type":"Feature","properties":{"s":"reef","phase":"after","lease":"30260"},"geometry":{"type":"Point","coordinates":[-89.358353,29.993617]}},{"type":"Feature","properties":{"s":"reef","phase":"after","lease":"30260"},"geometry":{"type":"Point","coordinates":[-89.35822,29.993623]}},{"type":"Feature","properties":{"s":"reef","phase":"after","lease":"30260"},"geometry":{"type":"Point","coordinates":[-89.358117,29.993626]}},{"type":"Feature","properties":{"s":"reef","phase":"after","lease":"30260"},"geometry":{"type":"Point","coordinates":[-89.357993,29.993635]}},{"type":"Feature","properties":{"s":"reef","phase":"after","lease":"30260"},"geometry":{"type":"Point","coordinates":[-89.357908,29.993644]}},{"type":"Feature","properties":{"s":"reef","phase":"after","lease":"30260"},"geometry":{"type":"Point","coordinates":[-89.357777,29.993659]}},{"type":"Feature","properties":{"s":"scat","phase":"after","lease":"30260"},"geometry":{"type":"Point","coordinates":[-89.357629,29.993659]}},{"type":"Feature","properties":{"s":"scat","phase":"after","lease":"30260"},"geometry":{"type":"Point","coordinates":[-89.357572,29.993653]}},{"type":"Feature","properties":{"s":"firm","phase":"after","lease":"30260"},"geometry":{"type":"Point","coordinates":[-89.357467,29.993645]}},{"type":"Feature","properties":{"s":"firm","phase":"after","lease":"30260"},"geometry":{"type":"Point","coordinates":[-89.357407,29.99364]}},{"type":"Feature","properties":{"s":"firm","phase":"after","lease":"30260"},"geometry":{"type":"Point","coordinates":[-89.357326,29.993642]}},{"type":"Feature","properties":{"s":"firm","phase":"after","lease":"30260"},"geometry":{"type":"Point","coordinates":[-89.357227,29.993641]}},{"type":"Feature","properties":{"s":"firm","phase":"after","lease":"30260"},"geometry":{"type":"Point","coordinates":[-89.357141,29.993644]}},{"type":"Feature","properties":{"s":"firm","phase":"after","lease":"30260"},"geometry":{"type":"Point","coordinates":[-89.357062,29.993645]}},{"type":"Feature","properties":{"s":"firm","phase":"after","lease":"30260"},"geometry":{"type":"Point","coordinates":[-89.356966,29.993654]}},{"type":"Feature","properties":{"s":"firm","phase":"after","lease":"30260"},"geometry":{"type":"Point","coordinates":[-89.357143,29.993978]}},{"type":"Feature","properties":{"s":"firm","phase":"after","lease":"30260"},"geometry":{"type":"Point","coordinates":[-89.357222,29.99397]}},{"type":"Feature","properties":{"s":"reef","phase":"after","lease":"30260"},"geometry":{"type":"Point","coordinates":[-89.357382,29.99396]}},{"type":"Feature","properties":{"s":"reef","phase":"after","lease":"30260"},"geometry":{"type":"Point","coordinates":[-89.357485,29.993954]}},{"type":"Feature","properties":{"s":"reef","phase":"after","lease":"30260"},"geometry":{"type":"Point","coordinates":[-89.357619,29.993939]}},{"type":"Feature","properties":{"s":"reef","phase":"after","lease":"30260"},"geometry":{"type":"Point","coordinates":[-89.357702,29.993934]}},{"type":"Feature","properties":{"s":"reef","phase":"after","lease":"30260"},"geometry":{"type":"Point","coordinates":[-89.357821,29.993929]}},{"type":"Feature","properties":{"s":"reef","phase":"after","lease":"30260"},"geometry":{"type":"Point","coordinates":[-89.357942,29.993923]}},{"type":"Feature","properties":{"s":"reef","phase":"after","lease":"30260"},"geometry":{"type":"Point","coordinates":[-89.358066,29.993917]}},{"type":"Feature","properties":{"s":"reef","phase":"after","lease":"30260"},"geometry":{"type":"Point","coordinates":[-89.358183,29.993909]}},{"type":"Feature","properties":{"s":"reef","phase":"after","lease":"30260"},"geometry":{"type":"Point","coordinates":[-89.358341,29.993902]}},{"type":"Feature","properties":{"s":"reef","phase":"after","lease":"30260"},"geometry":{"type":"Point","coordinates":[-89.358461,29.993893]}},{"type":"Feature","properties":{"s":"reef","phase":"after","lease":"30260"},"geometry":{"type":"Point","coordinates":[-89.3586,29.993879]}},{"type":"Feature","properties":{"s":"reef","phase":"after","lease":"30260"},"geometry":{"type":"Point","coordinates":[-89.358716,29.99387]}},{"type":"Feature","properties":{"s":"reef","phase":"after","lease":"30260"},"geometry":{"type":"Point","coordinates":[-89.358814,29.993861]}},{"type":"Feature","properties":{"s":"reef","phase":"after","lease":"30260"},"geometry":{"type":"Point","coordinates":[-89.358913,29.993848]}},{"type":"Feature","properties":{"s":"reef","phase":"after","lease":"30260"},"geometry":{"type":"Point","coordinates":[-89.35897,29.993842]}},{"type":"Feature","properties":{"s":"reef","phase":"after","lease":"30260"},"geometry":{"type":"Point","coordinates":[-89.359076,29.993843]}},{"type":"Feature","properties":{"s":"reef","phase":"after","lease":"30260"},"geometry":{"type":"Point","coordinates":[-89.359155,29.993837]}},{"type":"Feature","properties":{"s":"reef","phase":"after","lease":"30260"},"geometry":{"type":"Point","coordinates":[-89.359237,29.993835]}},{"type":"Feature","properties":{"s":"reef","phase":"after","lease":"30260"},"geometry":{"type":"Point","coordinates":[-89.359337,29.993825]}},{"type":"Feature","properties":{"s":"reef","phase":"after","lease":"30260"},"geometry":{"type":"Point","coordinates":[-89.359423,29.993823]}},{"type":"Feature","properties":{"s":"reef","phase":"after","lease":"30260"},"geometry":{"type":"Point","coordinates":[-89.359556,29.993814]}},{"type":"Feature","properties":{"s":"reef","phase":"after","lease":"30260"},"geometry":{"type":"Point","coordinates":[-89.359637,29.993813]}},{"type":"Feature","properties":{"s":"reef","phase":"after","lease":"30260"},"geometry":{"type":"Point","coordinates":[-89.359677,29.99381]}},{"type":"Feature","properties":{"s":"reef","phase":"after","lease":"30260"},"geometry":{"type":"Point","coordinates":[-89.359738,29.993806]}},{"type":"Feature","properties":{"s":"reef","phase":"after","lease":"30260"},"geometry":{"type":"Point","coordinates":[-89.35978,29.993805]}},{"type":"Feature","properties":{"s":"reef","phase":"after","lease":"30260"},"geometry":{"type":"Point","coordinates":[-89.359917,29.993798]}},{"type":"Feature","properties":{"s":"scat","phase":"after","lease":"30260"},"geometry":{"type":"Point","coordinates":[-89.36,29.993791]}},{"type":"Feature","properties":{"s":"reef","phase":"after","lease":"30260"},"geometry":{"type":"Point","coordinates":[-89.360082,29.993788]}},{"type":"Feature","properties":{"s":"reef","phase":"after","lease":"30260"},"geometry":{"type":"Point","coordinates":[-89.360159,29.993778]}},{"type":"Feature","properties":{"s":"reef","phase":"after","lease":"30260"},"geometry":{"type":"Point","coordinates":[-89.36028,29.993776]}},{"type":"Feature","properties":{"s":"reef","phase":"after","lease":"30260"},"geometry":{"type":"Point","coordinates":[-89.360385,29.993779]}},{"type":"Feature","properties":{"s":"reef","phase":"after","lease":"30260"},"geometry":{"type":"Point","coordinates":[-89.360427,29.993777]}},{"type":"Feature","properties":{"s":"reef","phase":"after","lease":"30260"},"geometry":{"type":"Point","coordinates":[-89.360515,29.993777]}},{"type":"Feature","properties":{"s":"reef","phase":"after","lease":"30260"},"geometry":{"type":"Point","coordinates":[-89.360595,29.993766]}},{"type":"Feature","properties":{"s":"reef","phase":"after","lease":"30260"},"geometry":{"type":"Point","coordinates":[-89.360728,29.993762]}},{"type":"Feature","properties":{"s":"reef","phase":"after","lease":"30260"},"geometry":{"type":"Point","coordinates":[-89.360788,29.993759]}},{"type":"Feature","properties":{"s":"reef","phase":"after","lease":"30260"},"geometry":{"type":"Point","coordinates":[-89.360901,29.993749]}},{"type":"Feature","properties":{"s":"scat","phase":"after","lease":"30260"},"geometry":{"type":"Point","coordinates":[-89.360901,29.993749]}},{"type":"Feature","properties":{"s":"reef","phase":"after","lease":"30260"},"geometry":{"type":"Point","coordinates":[-89.361046,29.993747]}},{"type":"Feature","properties":{"s":"scat","phase":"after","lease":"30260"},"geometry":{"type":"Point","coordinates":[-89.361145,29.993751]}},{"type":"Feature","properties":{"s":"reef","phase":"after","lease":"30260"},"geometry":{"type":"Point","coordinates":[-89.361206,29.993743]}},{"type":"Feature","properties":{"s":"reef","phase":"after","lease":"30260"},"geometry":{"type":"Point","coordinates":[-89.361286,29.993735]}},{"type":"Feature","properties":{"s":"reef","phase":"after","lease":"30260"},"geometry":{"type":"Point","coordinates":[-89.361372,29.993733]}},{"type":"Feature","properties":{"s":"scat","phase":"after","lease":"30260"},"geometry":{"type":"Point","coordinates":[-89.361473,29.993721]}},{"type":"Feature","properties":{"s":"reef","phase":"after","lease":"30260"},"geometry":{"type":"Point","coordinates":[-89.361547,29.993711]}},{"type":"Feature","properties":{"s":"scat","phase":"after","lease":"30260"},"geometry":{"type":"Point","coordinates":[-89.361676,29.993708]}},{"type":"Feature","properties":{"s":"reef","phase":"after","lease":"30260"},"geometry":{"type":"Point","coordinates":[-89.361752,29.993702]}},{"type":"Feature","properties":{"s":"reef","phase":"after","lease":"30260"},"geometry":{"type":"Point","coordinates":[-89.361815,29.993698]}},{"type":"Feature","properties":{"s":"reef","phase":"after","lease":"30260"},"geometry":{"type":"Point","coordinates":[-89.361914,29.993693]}},{"type":"Feature","properties":{"s":"reef","phase":"after","lease":"30260"},"geometry":{"type":"Point","coordinates":[-89.362024,29.993685]}},{"type":"Feature","properties":{"s":"reef","phase":"after","lease":"30260"},"geometry":{"type":"Point","coordinates":[-89.362123,29.993682]}},{"type":"Feature","properties":{"s":"reef","phase":"after","lease":"30260"},"geometry":{"type":"Point","coordinates":[-89.362244,29.993675]}},{"type":"Feature","properties":{"s":"reef","phase":"after","lease":"30260"},"geometry":{"type":"Point","coordinates":[-89.362348,29.993661]}},{"type":"Feature","properties":{"s":"reef","phase":"after","lease":"30260"},"geometry":{"type":"Point","coordinates":[-89.362491,29.993647]}},{"type":"Feature","properties":{"s":"scat","phase":"after","lease":"30260"},"geometry":{"type":"Point","coordinates":[-89.362572,29.993641]}},{"type":"Feature","properties":{"s":"reef","phase":"after","lease":"30260"},"geometry":{"type":"Point","coordinates":[-89.362655,29.993635]}},{"type":"Feature","properties":{"s":"reef","phase":"after","lease":"30260"},"geometry":{"type":"Point","coordinates":[-89.362754,29.993626]}},{"type":"Feature","properties":{"s":"reef","phase":"after","lease":"30260"},"geometry":{"type":"Point","coordinates":[-89.362836,29.993622]}},{"type":"Feature","properties":{"s":"scat","phase":"after","lease":"30260"},"geometry":{"type":"Point","coordinates":[-89.365584,29.992977]}},{"type":"Feature","properties":{"s":"firm","phase":"after","lease":"30260"},"geometry":{"type":"Point","coordinates":[-89.365058,29.992992]}},{"type":"Feature","properties":{"s":"firm","phase":"after","lease":"30260"},"geometry":{"type":"Point","coordinates":[-89.365184,29.99299]}},{"type":"Feature","properties":{"s":"scat","phase":"after","lease":"30260"},"geometry":{"type":"Point","coordinates":[-89.36531,29.992989]}},{"type":"Feature","properties":{"s":"firm","phase":"after","lease":"30260"},"geometry":{"type":"Point","coordinates":[-89.365431,29.99298]}},{"type":"Feature","properties":{"s":"firm","phase":"after","lease":"30260"},"geometry":{"type":"Point","coordinates":[-89.364499,29.993044]}},{"type":"Feature","properties":{"s":"firm","phase":"after","lease":"30260"},"geometry":{"type":"Point","coordinates":[-89.364621,29.993035]}},{"type":"Feature","properties":{"s":"firm","phase":"after","lease":"30260"},"geometry":{"type":"Point","coordinates":[-89.3648,29.99302]}},{"type":"Feature","properties":{"s":"firm","phase":"after","lease":"30260"},"geometry":{"type":"Point","coordinates":[-89.364876,29.993009]}},{"type":"Feature","properties":{"s":"firm","phase":"after","lease":"30260"},"geometry":{"type":"Point","coordinates":[-89.364956,29.993]}},{"type":"Feature","properties":{"s":"scat","phase":"after","lease":"30260"},"geometry":{"type":"Point","coordinates":[-89.363901,29.993089]}},{"type":"Feature","properties":{"s":"scat","phase":"after","lease":"30260"},"geometry":{"type":"Point","coordinates":[-89.364037,29.993078]}},{"type":"Feature","properties":{"s":"scat","phase":"after","lease":"30260"},"geometry":{"type":"Point","coordinates":[-89.364139,29.993072]}},{"type":"Feature","properties":{"s":"scat","phase":"after","lease":"30260"},"geometry":{"type":"Point","coordinates":[-89.364277,29.993063]}},{"type":"Feature","properties":{"s":"firm","phase":"after","lease":"30260"},"geometry":{"type":"Point","coordinates":[-89.364423,29.993054]}},{"type":"Feature","properties":{"s":"scat","phase":"after","lease":"30260"},"geometry":{"type":"Point","coordinates":[-89.363422,29.993113]}},{"type":"Feature","properties":{"s":"reef","phase":"after","lease":"30260"},"geometry":{"type":"Point","coordinates":[-89.363523,29.993109]}},{"type":"Feature","properties":{"s":"reef","phase":"after","lease":"30260"},"geometry":{"type":"Point","coordinates":[-89.363585,29.993107]}},{"type":"Feature","properties":{"s":"firm","phase":"after","lease":"30260"},"geometry":{"type":"Point","coordinates":[-89.363702,29.9931]}},{"type":"Feature","properties":{"s":"scat","phase":"after","lease":"30260"},"geometry":{"type":"Point","coordinates":[-89.363782,29.993097]}},{"type":"Feature","properties":{"s":"firm","phase":"after","lease":"30260"},"geometry":{"type":"Point","coordinates":[-89.362824,29.993152]}},{"type":"Feature","properties":{"s":"firm","phase":"after","lease":"30260"},"geometry":{"type":"Point","coordinates":[-89.362981,29.993142]}},{"type":"Feature","properties":{"s":"firm","phase":"after","lease":"30260"},"geometry":{"type":"Point","coordinates":[-89.3631,29.993135]}},{"type":"Feature","properties":{"s":"firm","phase":"after","lease":"30260"},"geometry":{"type":"Point","coordinates":[-89.363202,29.993129]}},{"type":"Feature","properties":{"s":"firm","phase":"after","lease":"30260"},"geometry":{"type":"Point","coordinates":[-89.3633,29.993123]}},{"type":"Feature","properties":{"s":"firm","phase":"after","lease":"30260"},"geometry":{"type":"Point","coordinates":[-89.362342,29.993174]}},{"type":"Feature","properties":{"s":"scat","phase":"after","lease":"30260"},"geometry":{"type":"Point","coordinates":[-89.362461,29.993166]}},{"type":"Feature","properties":{"s":"firm","phase":"after","lease":"30260"},"geometry":{"type":"Point","coordinates":[-89.36256,29.993162]}},{"type":"Feature","properties":{"s":"firm","phase":"after","lease":"30260"},"geometry":{"type":"Point","coordinates":[-89.3626,29.99316]}},{"type":"Feature","properties":{"s":"firm","phase":"after","lease":"30260"},"geometry":{"type":"Point","coordinates":[-89.362703,29.993159]}},{"type":"Feature","properties":{"s":"firm","phase":"after","lease":"30260"},"geometry":{"type":"Point","coordinates":[-89.361735,29.993211]}},{"type":"Feature","properties":{"s":"firm","phase":"after","lease":"30260"},"geometry":{"type":"Point","coordinates":[-89.361854,29.993203]}},{"type":"Feature","properties":{"s":"firm","phase":"after","lease":"30260"},"geometry":{"type":"Point","coordinates":[-89.361995,29.993195]}},{"type":"Feature","properties":{"s":"firm","phase":"after","lease":"30260"},"geometry":{"type":"Point","coordinates":[-89.362098,29.99319]}},{"type":"Feature","properties":{"s":"firm","phase":"after","lease":"30260"},"geometry":{"type":"Point","coordinates":[-89.362243,29.993183]}},{"type":"Feature","properties":{"s":"firm","phase":"after","lease":"30260"},"geometry":{"type":"Point","coordinates":[-89.361167,29.993248]}},{"type":"Feature","properties":{"s":"firm","phase":"after","lease":"30260"},"geometry":{"type":"Point","coordinates":[-89.361284,29.993239]}},{"type":"Feature","properties":{"s":"firm","phase":"after","lease":"30260"},"geometry":{"type":"Point","coordinates":[-89.361408,29.993231]}},{"type":"Feature","properties":{"s":"firm","phase":"after","lease":"30260"},"geometry":{"type":"Point","coordinates":[-89.36151,29.993225]}},{"type":"Feature","properties":{"s":"firm","phase":"after","lease":"30260"},"geometry":{"type":"Point","coordinates":[-89.361633,29.993219]}},{"type":"Feature","properties":{"s":"firm","phase":"after","lease":"30260"},"geometry":{"type":"Point","coordinates":[-89.360554,29.993276]}},{"type":"Feature","properties":{"s":"firm","phase":"after","lease":"30260"},"geometry":{"type":"Point","coordinates":[-89.360717,29.993275]}},{"type":"Feature","properties":{"s":"firm","phase":"after","lease":"30260"},"geometry":{"type":"Point","coordinates":[-89.36082,29.993277]}},{"type":"Feature","properties":{"s":"firm","phase":"after","lease":"30260"},"geometry":{"type":"Point","coordinates":[-89.360924,29.993272]}},{"type":"Feature","properties":{"s":"firm","phase":"after","lease":"30260"},"geometry":{"type":"Point","coordinates":[-89.361066,29.993259]}},{"type":"Feature","properties":{"s":"firm","phase":"after","lease":"30260"},"geometry":{"type":"Point","coordinates":[-89.360112,29.993291]}},{"type":"Feature","properties":{"s":"firm","phase":"after","lease":"30260"},"geometry":{"type":"Point","coordinates":[-89.360191,29.993285]}},{"type":"Feature","properties":{"s":"firm","phase":"after","lease":"30260"},"geometry":{"type":"Point","coordinates":[-89.360313,29.993281]}},{"type":"Feature","properties":{"s":"firm","phase":"after","lease":"30260"},"geometry":{"type":"Point","coordinates":[-89.360454,29.993276]}},{"type":"Feature","properties":{"s":"firm","phase":"after","lease":"30260"},"geometry":{"type":"Point","coordinates":[-89.359514,29.993335]}},{"type":"Feature","properties":{"s":"firm","phase":"after","lease":"30260"},"geometry":{"type":"Point","coordinates":[-89.359593,29.993329]}},{"type":"Feature","properties":{"s":"firm","phase":"after","lease":"30260"},"geometry":{"type":"Point","coordinates":[-89.359711,29.99332]}},{"type":"Feature","properties":{"s":"firm","phase":"after","lease":"30260"},"geometry":{"type":"Point","coordinates":[-89.359829,29.993309]}},{"type":"Feature","properties":{"s":"firm","phase":"after","lease":"30260"},"geometry":{"type":"Point","coordinates":[-89.35995,29.993302]}},{"type":"Feature","properties":{"s":"firm","phase":"after","lease":"30260"},"geometry":{"type":"Point","coordinates":[-89.358874,29.993375]}},{"type":"Feature","properties":{"s":"firm","phase":"after","lease":"30260"},"geometry":{"type":"Point","coordinates":[-89.358954,29.993371]}},{"type":"Feature","properties":{"s":"firm","phase":"after","lease":"30260"},"geometry":{"type":"Point","coordinates":[-89.358993,29.993369]}},{"type":"Feature","properties":{"s":"firm","phase":"after","lease":"30260"},"geometry":{"type":"Point","coordinates":[-89.359032,29.993365]}},{"type":"Feature","properties":{"s":"firm","phase":"after","lease":"30260"},"geometry":{"type":"Point","coordinates":[-89.359112,29.993362]}},{"type":"Feature","properties":{"s":"firm","phase":"after","lease":"30260"},"geometry":{"type":"Point","coordinates":[-89.359173,29.993358]}},{"type":"Feature","properties":{"s":"firm","phase":"after","lease":"30260"},"geometry":{"type":"Point","coordinates":[-89.359213,29.993356]}},{"type":"Feature","properties":{"s":"firm","phase":"after","lease":"30260"},"geometry":{"type":"Point","coordinates":[-89.359314,29.993351]}},{"type":"Feature","properties":{"s":"firm","phase":"after","lease":"30260"},"geometry":{"type":"Point","coordinates":[-89.359415,29.993344]}},{"type":"Feature","properties":{"s":"firm","phase":"after","lease":"30260"},"geometry":{"type":"Point","coordinates":[-89.358411,29.993415]}},{"type":"Feature","properties":{"s":"firm","phase":"after","lease":"30260"},"geometry":{"type":"Point","coordinates":[-89.358487,29.993409]}},{"type":"Feature","properties":{"s":"firm","phase":"after","lease":"30260"},"geometry":{"type":"Point","coordinates":[-89.358567,29.993403]}},{"type":"Feature","properties":{"s":"firm","phase":"after","lease":"30260"},"geometry":{"type":"Point","coordinates":[-89.35864,29.993396]}},{"type":"Feature","properties":{"s":"firm","phase":"after","lease":"30260"},"geometry":{"type":"Point","coordinates":[-89.358714,29.993393]}},{"type":"Feature","properties":{"s":"firm","phase":"after","lease":"30260"},"geometry":{"type":"Point","coordinates":[-89.358815,29.993381]}},{"type":"Feature","properties":{"s":"firm","phase":"after","lease":"30260"},"geometry":{"type":"Point","coordinates":[-89.357817,29.993455]}},{"type":"Feature","properties":{"s":"firm","phase":"after","lease":"30260"},"geometry":{"type":"Point","coordinates":[-89.357921,29.993447]}},{"type":"Feature","properties":{"s":"firm","phase":"after","lease":"30260"},"geometry":{"type":"Point","coordinates":[-89.358026,29.993436]}},{"type":"Feature","properties":{"s":"firm","phase":"after","lease":"30260"},"geometry":{"type":"Point","coordinates":[-89.358147,29.993431]}},{"type":"Feature","properties":{"s":"firm","phase":"after","lease":"30260"},"geometry":{"type":"Point","coordinates":[-89.358209,29.993429]}},{"type":"Feature","properties":{"s":"firm","phase":"after","lease":"30260"},"geometry":{"type":"Point","coordinates":[-89.358307,29.99342]}},{"type":"Feature","properties":{"s":"firm","phase":"after","lease":"30260"},"geometry":{"type":"Point","coordinates":[-89.357269,29.993483]}},{"type":"Feature","properties":{"s":"firm","phase":"after","lease":"30260"},"geometry":{"type":"Point","coordinates":[-89.357346,29.99348]}},{"type":"Feature","properties":{"s":"firm","phase":"after","lease":"30260"},"geometry":{"type":"Point","coordinates":[-89.3574,29.993476]}},{"type":"Feature","properties":{"s":"firm","phase":"after","lease":"30260"},"geometry":{"type":"Point","coordinates":[-89.357502,29.993469]}},{"type":"Feature","properties":{"s":"firm","phase":"after","lease":"30260"},"geometry":{"type":"Point","coordinates":[-89.357576,29.993466]}},{"type":"Feature","properties":{"s":"firm","phase":"after","lease":"30260"},"geometry":{"type":"Point","coordinates":[-89.357674,29.993462]}},{"type":"Feature","properties":{"s":"firm","phase":"after","lease":"30260"},"geometry":{"type":"Point","coordinates":[-89.356959,29.993503]}},{"type":"Feature","properties":{"s":"firm","phase":"after","lease":"30260"},"geometry":{"type":"Point","coordinates":[-89.357044,29.993495]}},{"type":"Feature","properties":{"s":"firm","phase":"after","lease":"30260"},"geometry":{"type":"Point","coordinates":[-89.357126,29.993492]}},{"type":"Feature","properties":{"s":"firm","phase":"after","lease":"30260"},"geometry":{"type":"Point","coordinates":[-89.370761,29.9925]}},{"type":"Feature","properties":{"s":"firm","phase":"after","lease":"30260"},"geometry":{"type":"Point","coordinates":[-89.370849,29.992474]}},{"type":"Feature","properties":{"s":"firm","phase":"after","lease":"30260"},"geometry":{"type":"Point","coordinates":[-89.370932,29.992445]}},{"type":"Feature","properties":{"s":"firm","phase":"after","lease":"30260"},"geometry":{"type":"Point","coordinates":[-89.367053,29.992764]}},{"type":"Feature","properties":{"s":"firm","phase":"before","lease":"36166"},"geometry":{"type":"Point","coordinates":[-89.370313,29.991502]}},{"type":"Feature","properties":{"s":"firm","phase":"before","lease":"36166"},"geometry":{"type":"Point","coordinates":[-89.370434,29.99153]}},{"type":"Feature","properties":{"s":"firm","phase":"before","lease":"36166"},"geometry":{"type":"Point","coordinates":[-89.367054,29.992558]}},{"type":"Feature","properties":{"s":"firm","phase":"before","lease":"36166"},"geometry":{"type":"Point","coordinates":[-89.367433,29.9924]}},{"type":"Feature","properties":{"s":"firm","phase":"before","lease":"36166"},"geometry":{"type":"Point","coordinates":[-89.367568,29.992338]}},{"type":"Feature","properties":{"s":"firm","phase":"before","lease":"36166"},"geometry":{"type":"Point","coordinates":[-89.367756,29.992235]}},{"type":"Feature","properties":{"s":"firm","phase":"before","lease":"36166"},"geometry":{"type":"Point","coordinates":[-89.367904,29.992163]}},{"type":"Feature","properties":{"s":"firm","phase":"before","lease":"36166"},"geometry":{"type":"Point","coordinates":[-89.368056,29.992085]}},{"type":"Feature","properties":{"s":"firm","phase":"before","lease":"36166"},"geometry":{"type":"Point","coordinates":[-89.368247,29.991994]}},{"type":"Feature","properties":{"s":"firm","phase":"before","lease":"36166"},"geometry":{"type":"Point","coordinates":[-89.36836,29.99194]}},{"type":"Feature","properties":{"s":"firm","phase":"before","lease":"36166"},"geometry":{"type":"Point","coordinates":[-89.368495,29.991881]}},{"type":"Feature","properties":{"s":"firm","phase":"before","lease":"36166"},"geometry":{"type":"Point","coordinates":[-89.368608,29.991834]}},{"type":"Feature","properties":{"s":"firm","phase":"before","lease":"36166"},"geometry":{"type":"Point","coordinates":[-89.368721,29.991793]}},{"type":"Feature","properties":{"s":"firm","phase":"before","lease":"36166"},"geometry":{"type":"Point","coordinates":[-89.370315,29.991574]}},{"type":"Feature","properties":{"s":"firm","phase":"before","lease":"36166"},"geometry":{"type":"Point","coordinates":[-89.372106,29.992228]}},{"type":"Feature","properties":{"s":"firm","phase":"before","lease":"36166"},"geometry":{"type":"Point","coordinates":[-89.372044,29.99221]}},{"type":"Feature","properties":{"s":"firm","phase":"before","lease":"36166"},"geometry":{"type":"Point","coordinates":[-89.371946,29.992232]}},{"type":"Feature","properties":{"s":"firm","phase":"before","lease":"36166"},"geometry":{"type":"Point","coordinates":[-89.371813,29.992321]}},{"type":"Feature","properties":{"s":"firm","phase":"before","lease":"36166"},"geometry":{"type":"Point","coordinates":[-89.365729,29.990982]}},{"type":"Feature","properties":{"s":"firm","phase":"before","lease":"36166"},"geometry":{"type":"Point","coordinates":[-89.36567,29.990914]}},{"type":"Feature","properties":{"s":"firm","phase":"before","lease":"36166"},"geometry":{"type":"Point","coordinates":[-89.365626,29.990873]}},{"type":"Feature","properties":{"s":"firm","phase":"before","lease":"36166"},"geometry":{"type":"Point","coordinates":[-89.365569,29.990814]}},{"type":"Feature","properties":{"s":"firm","phase":"before","lease":"36166"},"geometry":{"type":"Point","coordinates":[-89.365433,29.990706]}},{"type":"Feature","properties":{"s":"firm","phase":"before","lease":"36166"},"geometry":{"type":"Point","coordinates":[-89.365325,29.990641]}},{"type":"Feature","properties":{"s":"firm","phase":"before","lease":"36166"},"geometry":{"type":"Point","coordinates":[-89.365212,29.990585]}},{"type":"Feature","properties":{"s":"firm","phase":"before","lease":"36166"},"geometry":{"type":"Point","coordinates":[-89.365097,29.990557]}},{"type":"Feature","properties":{"s":"mud","phase":"before","lease":"36166"},"geometry":{"type":"Point","coordinates":[-89.364952,29.990577]}},{"type":"Feature","properties":{"s":"firm","phase":"before","lease":"36166"},"geometry":{"type":"Point","coordinates":[-89.364884,29.99066]}},{"type":"Feature","properties":{"s":"firm","phase":"before","lease":"36166"},"geometry":{"type":"Point","coordinates":[-89.364895,29.990805]}},{"type":"Feature","properties":{"s":"firm","phase":"before","lease":"36166"},"geometry":{"type":"Point","coordinates":[-89.364967,29.990883]}},{"type":"Feature","properties":{"s":"firm","phase":"before","lease":"36166"},"geometry":{"type":"Point","coordinates":[-89.365064,29.990979]}},{"type":"Feature","properties":{"s":"firm","phase":"before","lease":"36166"},"geometry":{"type":"Point","coordinates":[-89.365158,29.991047]}},{"type":"Feature","properties":{"s":"firm","phase":"before","lease":"36166"},"geometry":{"type":"Point","coordinates":[-89.365244,29.99112]}},{"type":"Feature","properties":{"s":"firm","phase":"before","lease":"36166"},"geometry":{"type":"Point","coordinates":[-89.365298,29.991214]}},{"type":"Feature","properties":{"s":"firm","phase":"before","lease":"36166"},"geometry":{"type":"Point","coordinates":[-89.365354,29.991315]}},{"type":"Feature","properties":{"s":"firm","phase":"before","lease":"36166"},"geometry":{"type":"Point","coordinates":[-89.365389,29.991389]}},{"type":"Feature","properties":{"s":"firm","phase":"before","lease":"36166"},"geometry":{"type":"Point","coordinates":[-89.365422,29.991494]}},{"type":"Feature","properties":{"s":"firm","phase":"before","lease":"36166"},"geometry":{"type":"Point","coordinates":[-89.365452,29.991569]}},{"type":"Feature","properties":{"s":"firm","phase":"before","lease":"36166"},"geometry":{"type":"Point","coordinates":[-89.365462,29.991622]}},{"type":"Feature","properties":{"s":"reef","phase":"before","lease":"36166"},"geometry":{"type":"Point","coordinates":[-89.371327,29.986864]}},{"type":"Feature","properties":{"s":"scat","phase":"before","lease":"36166"},"geometry":{"type":"Point","coordinates":[-89.371469,29.986774]}},{"type":"Feature","properties":{"s":"firm","phase":"before","lease":"36166"},"geometry":{"type":"Point","coordinates":[-89.371557,29.986745]}},{"type":"Feature","properties":{"s":"firm","phase":"before","lease":"36166"},"geometry":{"type":"Point","coordinates":[-89.371668,29.986695]}},{"type":"Feature","properties":{"s":"firm","phase":"before","lease":"36166"},"geometry":{"type":"Point","coordinates":[-89.371757,29.986618]}},{"type":"Feature","properties":{"s":"firm","phase":"before","lease":"36166"},"geometry":{"type":"Point","coordinates":[-89.371844,29.98655]}},{"type":"Feature","properties":{"s":"firm","phase":"before","lease":"36166"},"geometry":{"type":"Point","coordinates":[-89.371971,29.986426]}},{"type":"Feature","properties":{"s":"firm","phase":"before","lease":"36166"},"geometry":{"type":"Point","coordinates":[-89.37094,29.987325]}},{"type":"Feature","properties":{"s":"firm","phase":"before","lease":"36166"},"geometry":{"type":"Point","coordinates":[-89.371037,29.987209]}},{"type":"Feature","properties":{"s":"scat","phase":"before","lease":"36166"},"geometry":{"type":"Point","coordinates":[-89.371104,29.987116]}},{"type":"Feature","properties":{"s":"mud","phase":"before","lease":"36166"},"geometry":{"type":"Point","coordinates":[-89.371202,29.986981]}},{"type":"Feature","properties":{"s":"reef","phase":"before","lease":"36166"},"geometry":{"type":"Point","coordinates":[-89.371304,29.986882]}},{"type":"Feature","properties":{"s":"firm","phase":"before","lease":"36166"},"geometry":{"type":"Point","coordinates":[-89.36957,29.987976]}},{"type":"Feature","properties":{"s":"firm","phase":"before","lease":"36166"},"geometry":{"type":"Point","coordinates":[-89.369714,29.988147]}},{"type":"Feature","properties":{"s":"firm","phase":"before","lease":"36166"},"geometry":{"type":"Point","coordinates":[-89.369883,29.988356]}},{"type":"Feature","properties":{"s":"firm","phase":"before","lease":"36166"},"geometry":{"type":"Point","coordinates":[-89.370029,29.988524]}},{"type":"Feature","properties":{"s":"mud","phase":"before","lease":"36166"},"geometry":{"type":"Point","coordinates":[-89.37017,29.98869]}},{"type":"Feature","properties":{"s":"firm","phase":"before","lease":"36166"},"geometry":{"type":"Point","coordinates":[-89.370317,29.988857]}},{"type":"Feature","properties":{"s":"firm","phase":"before","lease":"36166"},"geometry":{"type":"Point","coordinates":[-89.370499,29.989059]}},{"type":"Feature","properties":{"s":"firm","phase":"before","lease":"36166"},"geometry":{"type":"Point","coordinates":[-89.370637,29.989226]}},{"type":"Feature","properties":{"s":"firm","phase":"before","lease":"36166"},"geometry":{"type":"Point","coordinates":[-89.370824,29.989426]}},{"type":"Feature","properties":{"s":"firm","phase":"before","lease":"36166"},"geometry":{"type":"Point","coordinates":[-89.370957,29.989584]}},{"type":"Feature","properties":{"s":"mud","phase":"before","lease":"36166"},"geometry":{"type":"Point","coordinates":[-89.371094,29.989743]}},{"type":"Feature","properties":{"s":"mud","phase":"before","lease":"36166"},"geometry":{"type":"Point","coordinates":[-89.371251,29.989905]}},{"type":"Feature","properties":{"s":"mud","phase":"before","lease":"36166"},"geometry":{"type":"Point","coordinates":[-89.371427,29.9901]}},{"type":"Feature","properties":{"s":"mud","phase":"before","lease":"36166"},"geometry":{"type":"Point","coordinates":[-89.371553,29.990237]}},{"type":"Feature","properties":{"s":"firm","phase":"before","lease":"36166"},"geometry":{"type":"Point","coordinates":[-89.371718,29.99043]}},{"type":"Feature","properties":{"s":"firm","phase":"before","lease":"36166"},"geometry":{"type":"Point","coordinates":[-89.371882,29.990606]}},{"type":"Feature","properties":{"s":"firm","phase":"before","lease":"36166"},"geometry":{"type":"Point","coordinates":[-89.372008,29.990734]}},{"type":"Feature","properties":{"s":"firm","phase":"before","lease":"36166"},"geometry":{"type":"Point","coordinates":[-89.372189,29.990946]}},{"type":"Feature","properties":{"s":"firm","phase":"before","lease":"36166"},"geometry":{"type":"Point","coordinates":[-89.372387,29.991193]}},{"type":"Feature","properties":{"s":"firm","phase":"before","lease":"36166"},"geometry":{"type":"Point","coordinates":[-89.372587,29.991409]}},{"type":"Feature","properties":{"s":"firm","phase":"before","lease":"36166"},"geometry":{"type":"Point","coordinates":[-89.372807,29.991635]}},{"type":"Feature","properties":{"s":"firm","phase":"before","lease":"36166"},"geometry":{"type":"Point","coordinates":[-89.372913,29.991753]}},{"type":"Feature","properties":{"s":"firm","phase":"before","lease":"36166"},"geometry":{"type":"Point","coordinates":[-89.373071,29.991977]}},{"type":"Feature","properties":{"s":"firm","phase":"before","lease":"36166"},"geometry":{"type":"Point","coordinates":[-89.373211,29.992196]}},{"type":"Feature","properties":{"s":"firm","phase":"before","lease":"36166"},"geometry":{"type":"Point","coordinates":[-89.373209,29.992335]}},{"type":"Feature","properties":{"s":"firm","phase":"before","lease":"36166"},"geometry":{"type":"Point","coordinates":[-89.373189,29.99236]}},{"type":"Feature","properties":{"s":"firm","phase":"before","lease":"36166"},"geometry":{"type":"Point","coordinates":[-89.37301,29.992468]}},{"type":"Feature","properties":{"s":"firm","phase":"before","lease":"36166"},"geometry":{"type":"Point","coordinates":[-89.372828,29.992478]}},{"type":"Feature","properties":{"s":"firm","phase":"before","lease":"36166"},"geometry":{"type":"Point","coordinates":[-89.372767,29.992448]}},{"type":"Feature","properties":{"s":"firm","phase":"before","lease":"36166"},"geometry":{"type":"Point","coordinates":[-89.372605,29.992286]}},{"type":"Feature","properties":{"s":"firm","phase":"before","lease":"36166"},"geometry":{"type":"Point","coordinates":[-89.372506,29.99217]}},{"type":"Feature","properties":{"s":"firm","phase":"before","lease":"36166"},"geometry":{"type":"Point","coordinates":[-89.372374,29.992018]}},{"type":"Feature","properties":{"s":"mud","phase":"before","lease":"36166"},"geometry":{"type":"Point","coordinates":[-89.37227,29.991899]}},{"type":"Feature","properties":{"s":"firm","phase":"before","lease":"36166"},"geometry":{"type":"Point","coordinates":[-89.372116,29.991712]}},{"type":"Feature","properties":{"s":"firm","phase":"before","lease":"36166"},"geometry":{"type":"Point","coordinates":[-89.37195,29.991523]}},{"type":"Feature","properties":{"s":"mud","phase":"before","lease":"36166"},"geometry":{"type":"Point","coordinates":[-89.371825,29.991365]}},{"type":"Feature","properties":{"s":"mud","phase":"before","lease":"36166"},"geometry":{"type":"Point","coordinates":[-89.371702,29.991214]}},{"type":"Feature","properties":{"s":"firm","phase":"before","lease":"36166"},"geometry":{"type":"Point","coordinates":[-89.371573,29.991061]}},{"type":"Feature","properties":{"s":"mud","phase":"before","lease":"36166"},"geometry":{"type":"Point","coordinates":[-89.371446,29.990905]}},{"type":"Feature","properties":{"s":"firm","phase":"before","lease":"36166"},"geometry":{"type":"Point","coordinates":[-89.371318,29.990752]}},{"type":"Feature","properties":{"s":"firm","phase":"before","lease":"36166"},"geometry":{"type":"Point","coordinates":[-89.371157,29.990559]}},{"type":"Feature","properties":{"s":"firm","phase":"before","lease":"36166"},"geometry":{"type":"Point","coordinates":[-89.371034,29.990409]}},{"type":"Feature","properties":{"s":"firm","phase":"before","lease":"36166"},"geometry":{"type":"Point","coordinates":[-89.370911,29.990251]}},{"type":"Feature","properties":{"s":"firm","phase":"before","lease":"36166"},"geometry":{"type":"Point","coordinates":[-89.370783,29.990102]}},{"type":"Feature","properties":{"s":"mud","phase":"before","lease":"36166"},"geometry":{"type":"Point","coordinates":[-89.370672,29.989943]}},{"type":"Feature","properties":{"s":"firm","phase":"before","lease":"36166"},"geometry":{"type":"Point","coordinates":[-89.370519,29.989739]}},{"type":"Feature","properties":{"s":"firm","phase":"before","lease":"36166"},"geometry":{"type":"Point","coordinates":[-89.370426,29.989619]}},{"type":"Feature","properties":{"s":"firm","phase":"before","lease":"36166"},"geometry":{"type":"Point","coordinates":[-89.370278,29.98942]}},{"type":"Feature","properties":{"s":"firm","phase":"before","lease":"36166"},"geometry":{"type":"Point","coordinates":[-89.370161,29.989272]}},{"type":"Feature","properties":{"s":"firm","phase":"before","lease":"36166"},"geometry":{"type":"Point","coordinates":[-89.370045,29.989116]}},{"type":"Feature","properties":{"s":"firm","phase":"before","lease":"36166"},"geometry":{"type":"Point","coordinates":[-89.369895,29.988911]}},{"type":"Feature","properties":{"s":"firm","phase":"before","lease":"36166"},"geometry":{"type":"Point","coordinates":[-89.36978,29.98875]}},{"type":"Feature","properties":{"s":"firm","phase":"before","lease":"36166"},"geometry":{"type":"Point","coordinates":[-89.369689,29.988635]}},{"type":"Feature","properties":{"s":"firm","phase":"before","lease":"36166"},"geometry":{"type":"Point","coordinates":[-89.369574,29.988484]}},{"type":"Feature","properties":{"s":"firm","phase":"before","lease":"36166"},"geometry":{"type":"Point","coordinates":[-89.369486,29.988356]}},{"type":"Feature","properties":{"s":"firm","phase":"before","lease":"36166"},"geometry":{"type":"Point","coordinates":[-89.369369,29.988204]}},{"type":"Feature","properties":{"s":"firm","phase":"before","lease":"36166"},"geometry":{"type":"Point","coordinates":[-89.369219,29.988002]}},{"type":"Feature","properties":{"s":"firm","phase":"before","lease":"36166"},"geometry":{"type":"Point","coordinates":[-89.369041,29.987796]}},{"type":"Feature","properties":{"s":"firm","phase":"before","lease":"36166"},"geometry":{"type":"Point","coordinates":[-89.3689,29.987685]}},{"type":"Feature","properties":{"s":"firm","phase":"before","lease":"36166"},"geometry":{"type":"Point","coordinates":[-89.368735,29.987632]}},{"type":"Feature","properties":{"s":"firm","phase":"before","lease":"36166"},"geometry":{"type":"Point","coordinates":[-89.368576,29.987682]}},{"type":"Feature","properties":{"s":"mud","phase":"before","lease":"36166"},"geometry":{"type":"Point","coordinates":[-89.368473,29.987903]}},{"type":"Feature","properties":{"s":"mud","phase":"before","lease":"36166"},"geometry":{"type":"Point","coordinates":[-89.368559,29.988088]}},{"type":"Feature","properties":{"s":"firm","phase":"before","lease":"36166"},"geometry":{"type":"Point","coordinates":[-89.368814,29.988392]}},{"type":"Feature","properties":{"s":"firm","phase":"before","lease":"36166"},"geometry":{"type":"Point","coordinates":[-89.368945,29.988562]}},{"type":"Feature","properties":{"s":"firm","phase":"before","lease":"36166"},"geometry":{"type":"Point","coordinates":[-89.369061,29.988696]}},{"type":"Feature","properties":{"s":"firm","phase":"before","lease":"36166"},"geometry":{"type":"Point","coordinates":[-89.369215,29.988873]}},{"type":"Feature","properties":{"s":"firm","phase":"before","lease":"36166"},"geometry":{"type":"Point","coordinates":[-89.369328,29.989007]}},{"type":"Feature","properties":{"s":"firm","phase":"before","lease":"36166"},"geometry":{"type":"Point","coordinates":[-89.369475,29.989183]}},{"type":"Feature","properties":{"s":"firm","phase":"before","lease":"36166"},"geometry":{"type":"Point","coordinates":[-89.369629,29.989345]}},{"type":"Feature","properties":{"s":"firm","phase":"before","lease":"36166"},"geometry":{"type":"Point","coordinates":[-89.369769,29.989504]}},{"type":"Feature","properties":{"s":"firm","phase":"before","lease":"36166"},"geometry":{"type":"Point","coordinates":[-89.369918,29.989672]}},{"type":"Feature","properties":{"s":"firm","phase":"before","lease":"36166"},"geometry":{"type":"Point","coordinates":[-89.37005,29.989844]}},{"type":"Feature","properties":{"s":"firm","phase":"before","lease":"36166"},"geometry":{"type":"Point","coordinates":[-89.370159,29.98997]}},{"type":"Feature","properties":{"s":"firm","phase":"before","lease":"36166"},"geometry":{"type":"Point","coordinates":[-89.370302,29.990151]}},{"type":"Feature","properties":{"s":"firm","phase":"before","lease":"36166"},"geometry":{"type":"Point","coordinates":[-89.370457,29.99032]}},{"type":"Feature","properties":{"s":"firm","phase":"before","lease":"36166"},"geometry":{"type":"Point","coordinates":[-89.370566,29.990439]}},{"type":"Feature","properties":{"s":"firm","phase":"before","lease":"36166"},"geometry":{"type":"Point","coordinates":[-89.370698,29.990602]}},{"type":"Feature","properties":{"s":"firm","phase":"before","lease":"36166"},"geometry":{"type":"Point","coordinates":[-89.370805,29.990751]}},{"type":"Feature","properties":{"s":"firm","phase":"before","lease":"36166"},"geometry":{"type":"Point","coordinates":[-89.370914,29.990887]}},{"type":"Feature","properties":{"s":"firm","phase":"before","lease":"36166"},"geometry":{"type":"Point","coordinates":[-89.370992,29.990985]}},{"type":"Feature","properties":{"s":"firm","phase":"before","lease":"36166"},"geometry":{"type":"Point","coordinates":[-89.371064,29.991066]}},{"type":"Feature","properties":{"s":"firm","phase":"before","lease":"36166"},"geometry":{"type":"Point","coordinates":[-89.371142,29.991156]}},{"type":"Feature","properties":{"s":"firm","phase":"before","lease":"36166"},"geometry":{"type":"Point","coordinates":[-89.371228,29.991259]}},{"type":"Feature","properties":{"s":"firm","phase":"before","lease":"36166"},"geometry":{"type":"Point","coordinates":[-89.371314,29.991368]}},{"type":"Feature","properties":{"s":"firm","phase":"before","lease":"36166"},"geometry":{"type":"Point","coordinates":[-89.371387,29.991468]}},{"type":"Feature","properties":{"s":"firm","phase":"before","lease":"36166"},"geometry":{"type":"Point","coordinates":[-89.371431,29.991537]}},{"type":"Feature","properties":{"s":"firm","phase":"before","lease":"36166"},"geometry":{"type":"Point","coordinates":[-89.371478,29.99166]}},{"type":"Feature","properties":{"s":"firm","phase":"before","lease":"36166"},"geometry":{"type":"Point","coordinates":[-89.371532,29.991851]}},{"type":"Feature","properties":{"s":"firm","phase":"before","lease":"36166"},"geometry":{"type":"Point","coordinates":[-89.371548,29.991996]}},{"type":"Feature","properties":{"s":"firm","phase":"before","lease":"36166"},"geometry":{"type":"Point","coordinates":[-89.371505,29.99212]}},{"type":"Feature","properties":{"s":"firm","phase":"before","lease":"36166"},"geometry":{"type":"Point","coordinates":[-89.371439,29.992164]}},{"type":"Feature","properties":{"s":"firm","phase":"before","lease":"36166"},"geometry":{"type":"Point","coordinates":[-89.371333,29.992136]}},{"type":"Feature","properties":{"s":"firm","phase":"before","lease":"36166"},"geometry":{"type":"Point","coordinates":[-89.371255,29.992053]}},{"type":"Feature","properties":{"s":"firm","phase":"before","lease":"36166"},"geometry":{"type":"Point","coordinates":[-89.3712,29.991992]}},{"type":"Feature","properties":{"s":"firm","phase":"before","lease":"36166"},"geometry":{"type":"Point","coordinates":[-89.371129,29.991908]}},{"type":"Feature","properties":{"s":"firm","phase":"before","lease":"36166"},"geometry":{"type":"Point","coordinates":[-89.371053,29.991817]}},{"type":"Feature","properties":{"s":"firm","phase":"before","lease":"36166"},"geometry":{"type":"Point","coordinates":[-89.370996,29.991754]}},{"type":"Feature","properties":{"s":"firm","phase":"before","lease":"36166"},"geometry":{"type":"Point","coordinates":[-89.370921,29.991668]}},{"type":"Feature","properties":{"s":"firm","phase":"before","lease":"36166"},"geometry":{"type":"Point","coordinates":[-89.370848,29.991585]}},{"type":"Feature","properties":{"s":"firm","phase":"before","lease":"36166"},"geometry":{"type":"Point","coordinates":[-89.370794,29.991518]}},{"type":"Feature","properties":{"s":"firm","phase":"before","lease":"36166"},"geometry":{"type":"Point","coordinates":[-89.370715,29.991407]}},{"type":"Feature","properties":{"s":"firm","phase":"before","lease":"36166"},"geometry":{"type":"Point","coordinates":[-89.370662,29.991343]}},{"type":"Feature","properties":{"s":"firm","phase":"before","lease":"36166"},"geometry":{"type":"Point","coordinates":[-89.370594,29.991257]}},{"type":"Feature","properties":{"s":"firm","phase":"before","lease":"36166"},"geometry":{"type":"Point","coordinates":[-89.370524,29.99117]}},{"type":"Feature","properties":{"s":"firm","phase":"before","lease":"36166"},"geometry":{"type":"Point","coordinates":[-89.370452,29.991087]}},{"type":"Feature","properties":{"s":"firm","phase":"before","lease":"36166"},"geometry":{"type":"Point","coordinates":[-89.370395,29.991025]}},{"type":"Feature","properties":{"s":"firm","phase":"before","lease":"36166"},"geometry":{"type":"Point","coordinates":[-89.370323,29.99094]}},{"type":"Feature","properties":{"s":"firm","phase":"before","lease":"36166"},"geometry":{"type":"Point","coordinates":[-89.370257,29.990851]}},{"type":"Feature","properties":{"s":"firm","phase":"before","lease":"36166"},"geometry":{"type":"Point","coordinates":[-89.370183,29.990769]}},{"type":"Feature","properties":{"s":"firm","phase":"before","lease":"36166"},"geometry":{"type":"Point","coordinates":[-89.370104,29.990685]}},{"type":"Feature","properties":{"s":"firm","phase":"before","lease":"36166"},"geometry":{"type":"Point","coordinates":[-89.370064,29.990642]}},{"type":"Feature","properties":{"s":"firm","phase":"before","lease":"36166"},"geometry":{"type":"Point","coordinates":[-89.369962,29.990508]}},{"type":"Feature","properties":{"s":"scat","phase":"before","lease":"36166"},"geometry":{"type":"Point","coordinates":[-89.369891,29.99042]}},{"type":"Feature","properties":{"s":"firm","phase":"before","lease":"36166"},"geometry":{"type":"Point","coordinates":[-89.369822,29.99034]}},{"type":"Feature","properties":{"s":"firm","phase":"before","lease":"36166"},"geometry":{"type":"Point","coordinates":[-89.369747,29.990249]}},{"type":"Feature","properties":{"s":"mud","phase":"before","lease":"36166"},"geometry":{"type":"Point","coordinates":[-89.369678,29.990163]}},{"type":"Feature","properties":{"s":"firm","phase":"before","lease":"36166"},"geometry":{"type":"Point","coordinates":[-89.36958,29.990052]}},{"type":"Feature","properties":{"s":"firm","phase":"before","lease":"36166"},"geometry":{"type":"Point","coordinates":[-89.369512,29.989965]}},{"type":"Feature","properties":{"s":"mud","phase":"before","lease":"36166"},"geometry":{"type":"Point","coordinates":[-89.369438,29.989879]}},{"type":"Feature","properties":{"s":"firm","phase":"before","lease":"36166"},"geometry":{"type":"Point","coordinates":[-89.369351,29.989771]}},{"type":"Feature","properties":{"s":"firm","phase":"before","lease":"36166"},"geometry":{"type":"Point","coordinates":[-89.36927,29.989688]}},{"type":"Feature","properties":{"s":"firm","phase":"before","lease":"36166"},"geometry":{"type":"Point","coordinates":[-89.369198,29.989598]}},{"type":"Feature","properties":{"s":"scat","phase":"before","lease":"36166"},"geometry":{"type":"Point","coordinates":[-89.369114,29.98948]}},{"type":"Feature","properties":{"s":"firm","phase":"before","lease":"36166"},"geometry":{"type":"Point","coordinates":[-89.369037,29.989362]}},{"type":"Feature","properties":{"s":"scat","phase":"before","lease":"36166"},"geometry":{"type":"Point","coordinates":[-89.368973,29.989268]}},{"type":"Feature","properties":{"s":"firm","phase":"before","lease":"36166"},"geometry":{"type":"Point","coordinates":[-89.368895,29.989166]}},{"type":"Feature","properties":{"s":"scat","phase":"before","lease":"36166"},"geometry":{"type":"Point","coordinates":[-89.368831,29.989076]}},{"type":"Feature","properties":{"s":"firm","phase":"before","lease":"36166"},"geometry":{"type":"Point","coordinates":[-89.368767,29.988982]}},{"type":"Feature","properties":{"s":"scat","phase":"before","lease":"36166"},"geometry":{"type":"Point","coordinates":[-89.368701,29.988892]}},{"type":"Feature","properties":{"s":"firm","phase":"before","lease":"36166"},"geometry":{"type":"Point","coordinates":[-89.368617,29.988783]}},{"type":"Feature","properties":{"s":"firm","phase":"before","lease":"36166"},"geometry":{"type":"Point","coordinates":[-89.368566,29.988719]}},{"type":"Feature","properties":{"s":"firm","phase":"before","lease":"36166"},"geometry":{"type":"Point","coordinates":[-89.368482,29.988613]}},{"type":"Feature","properties":{"s":"firm","phase":"before","lease":"36166"},"geometry":{"type":"Point","coordinates":[-89.368414,29.988517]}},{"type":"Feature","properties":{"s":"firm","phase":"before","lease":"36166"},"geometry":{"type":"Point","coordinates":[-89.368325,29.988397]}},{"type":"Feature","properties":{"s":"firm","phase":"before","lease":"36166"},"geometry":{"type":"Point","coordinates":[-89.36827,29.98833]}},{"type":"Feature","properties":{"s":"firm","phase":"before","lease":"36166"},"geometry":{"type":"Point","coordinates":[-89.368189,29.988243]}},{"type":"Feature","properties":{"s":"firm","phase":"before","lease":"36166"},"geometry":{"type":"Point","coordinates":[-89.368106,29.988157]}},{"type":"Feature","properties":{"s":"scat","phase":"before","lease":"36166"},"geometry":{"type":"Point","coordinates":[-89.368014,29.988084]}},{"type":"Feature","properties":{"s":"firm","phase":"before","lease":"36166"},"geometry":{"type":"Point","coordinates":[-89.367529,29.988306]}},{"type":"Feature","properties":{"s":"firm","phase":"before","lease":"36166"},"geometry":{"type":"Point","coordinates":[-89.367576,29.988371]}},{"type":"Feature","properties":{"s":"firm","phase":"before","lease":"36166"},"geometry":{"type":"Point","coordinates":[-89.367626,29.988444]}},{"type":"Feature","properties":{"s":"firm","phase":"before","lease":"36166"},"geometry":{"type":"Point","coordinates":[-89.367661,29.988489]}},{"type":"Feature","properties":{"s":"firm","phase":"before","lease":"36166"},"geometry":{"type":"Point","coordinates":[-89.36773,29.988576]}},{"type":"Feature","properties":{"s":"firm","phase":"before","lease":"36166"},"geometry":{"type":"Point","coordinates":[-89.367805,29.988657]}},{"type":"Feature","properties":{"s":"firm","phase":"before","lease":"36166"},"geometry":{"type":"Point","coordinates":[-89.367892,29.988728]}},{"type":"Feature","properties":{"s":"firm","phase":"before","lease":"36166"},"geometry":{"type":"Point","coordinates":[-89.367969,29.988812]}},{"type":"Feature","properties":{"s":"firm","phase":"before","lease":"36166"},"geometry":{"type":"Point","coordinates":[-89.36802,29.988875]}},{"type":"Feature","properties":{"s":"firm","phase":"before","lease":"36166"},"geometry":{"type":"Point","coordinates":[-89.368092,29.988964]}},{"type":"Feature","properties":{"s":"firm","phase":"before","lease":"36166"},"geometry":{"type":"Point","coordinates":[-89.368162,29.989045]}},{"type":"Feature","properties":{"s":"firm","phase":"before","lease":"36166"},"geometry":{"type":"Point","coordinates":[-89.368229,29.989132]}},{"type":"Feature","properties":{"s":"firm","phase":"before","lease":"36166"},"geometry":{"type":"Point","coordinates":[-89.368281,29.989198]}},{"type":"Feature","properties":{"s":"firm","phase":"before","lease":"36166"},"geometry":{"type":"Point","coordinates":[-89.368355,29.989286]}},{"type":"Feature","properties":{"s":"firm","phase":"before","lease":"36166"},"geometry":{"type":"Point","coordinates":[-89.368445,29.989393]}},{"type":"Feature","properties":{"s":"firm","phase":"before","lease":"36166"},"geometry":{"type":"Point","coordinates":[-89.36851,29.989482]}},{"type":"Feature","properties":{"s":"scat","phase":"before","lease":"36166"},"geometry":{"type":"Point","coordinates":[-89.368579,29.989574]}},{"type":"Feature","properties":{"s":"firm","phase":"before","lease":"36166"},"geometry":{"type":"Point","coordinates":[-89.368646,29.989665]}},{"type":"Feature","properties":{"s":"firm","phase":"before","lease":"36166"},"geometry":{"type":"Point","coordinates":[-89.368714,29.989748]}},{"type":"Feature","properties":{"s":"firm","phase":"before","lease":"36166"},"geometry":{"type":"Point","coordinates":[-89.368781,29.989845]}},{"type":"Feature","properties":{"s":"firm","phase":"before","lease":"36166"},"geometry":{"type":"Point","coordinates":[-89.368832,29.989907]}},{"type":"Feature","properties":{"s":"firm","phase":"before","lease":"36166"},"geometry":{"type":"Point","coordinates":[-89.368924,29.990011]}},{"type":"Feature","properties":{"s":"scat","phase":"before","lease":"36166"},"geometry":{"type":"Point","coordinates":[-89.36897,29.990054]}},{"type":"Feature","properties":{"s":"firm","phase":"before","lease":"36166"},"geometry":{"type":"Point","coordinates":[-89.369038,29.990111]}},{"type":"Feature","properties":{"s":"firm","phase":"before","lease":"36166"},"geometry":{"type":"Point","coordinates":[-89.369141,29.990174]}},{"type":"Feature","properties":{"s":"firm","phase":"before","lease":"36166"},"geometry":{"type":"Point","coordinates":[-89.369224,29.99026]}},{"type":"Feature","properties":{"s":"firm","phase":"before","lease":"36166"},"geometry":{"type":"Point","coordinates":[-89.369331,29.990372]}},{"type":"Feature","properties":{"s":"firm","phase":"before","lease":"36166"},"geometry":{"type":"Point","coordinates":[-89.369384,29.99043]}},{"type":"Feature","properties":{"s":"firm","phase":"before","lease":"36166"},"geometry":{"type":"Point","coordinates":[-89.369471,29.990537]}},{"type":"Feature","properties":{"s":"firm","phase":"before","lease":"36166"},"geometry":{"type":"Point","coordinates":[-89.36954,29.990622]}},{"type":"Feature","properties":{"s":"firm","phase":"before","lease":"36166"},"geometry":{"type":"Point","coordinates":[-89.369614,29.990704]}},{"type":"Feature","properties":{"s":"firm","phase":"before","lease":"36166"},"geometry":{"type":"Point","coordinates":[-89.369698,29.990813]}},{"type":"Feature","properties":{"s":"scat","phase":"before","lease":"36166"},"geometry":{"type":"Point","coordinates":[-89.369776,29.990898]}},{"type":"Feature","properties":{"s":"firm","phase":"before","lease":"36166"},"geometry":{"type":"Point","coordinates":[-89.369797,29.990919]}},{"type":"Feature","properties":{"s":"firm","phase":"before","lease":"36166"},"geometry":{"type":"Point","coordinates":[-89.369877,29.991003]}},{"type":"Feature","properties":{"s":"firm","phase":"before","lease":"36166"},"geometry":{"type":"Point","coordinates":[-89.369973,29.9911]}},{"type":"Feature","properties":{"s":"firm","phase":"before","lease":"36166"},"geometry":{"type":"Point","coordinates":[-89.37005,29.991187]}},{"type":"Feature","properties":{"s":"firm","phase":"before","lease":"36166"},"geometry":{"type":"Point","coordinates":[-89.370111,29.991271]}},{"type":"Feature","properties":{"s":"scat","phase":"before","lease":"36166"},"geometry":{"type":"Point","coordinates":[-89.370169,29.991363]}},{"type":"Feature","properties":{"s":"firm","phase":"before","lease":"36166"},"geometry":{"type":"Point","coordinates":[-89.370235,29.991457]}},{"type":"Feature","properties":{"s":"firm","phase":"before","lease":"36166"},"geometry":{"type":"Point","coordinates":[-89.370284,29.991527]}},{"type":"Feature","properties":{"s":"firm","phase":"before","lease":"36166"},"geometry":{"type":"Point","coordinates":[-89.37034,29.991653]}},{"type":"Feature","properties":{"s":"firm","phase":"before","lease":"36166"},"geometry":{"type":"Point","coordinates":[-89.370387,29.99175]}},{"type":"Feature","properties":{"s":"firm","phase":"before","lease":"36166"},"geometry":{"type":"Point","coordinates":[-89.370417,29.991829]}},{"type":"Feature","properties":{"s":"firm","phase":"before","lease":"36166"},"geometry":{"type":"Point","coordinates":[-89.370459,29.991958]}},{"type":"Feature","properties":{"s":"firm","phase":"before","lease":"36166"},"geometry":{"type":"Point","coordinates":[-89.370478,29.992067]}},{"type":"Feature","properties":{"s":"firm","phase":"before","lease":"36166"},"geometry":{"type":"Point","coordinates":[-89.370475,29.992121]}},{"type":"Feature","properties":{"s":"firm","phase":"before","lease":"36166"},"geometry":{"type":"Point","coordinates":[-89.370466,29.992203]}},{"type":"Feature","properties":{"s":"firm","phase":"before","lease":"36166"},"geometry":{"type":"Point","coordinates":[-89.370423,29.992263]}},{"type":"Feature","properties":{"s":"firm","phase":"before","lease":"36166"},"geometry":{"type":"Point","coordinates":[-89.370312,29.992288]}},{"type":"Feature","properties":{"s":"firm","phase":"before","lease":"36166"},"geometry":{"type":"Point","coordinates":[-89.370255,29.992263]}},{"type":"Feature","properties":{"s":"firm","phase":"before","lease":"36166"},"geometry":{"type":"Point","coordinates":[-89.370159,29.992157]}},{"type":"Feature","properties":{"s":"firm","phase":"before","lease":"36166"},"geometry":{"type":"Point","coordinates":[-89.370106,29.992091]}},{"type":"Feature","properties":{"s":"firm","phase":"before","lease":"36166"},"geometry":{"type":"Point","coordinates":[-89.370017,29.991981]}},{"type":"Feature","properties":{"s":"firm","phase":"before","lease":"36166"},"geometry":{"type":"Point","coordinates":[-89.36995,29.991891]}},{"type":"Feature","properties":{"s":"firm","phase":"before","lease":"36166"},"geometry":{"type":"Point","coordinates":[-89.369885,29.991804]}},{"type":"Feature","properties":{"s":"firm","phase":"before","lease":"36166"},"geometry":{"type":"Point","coordinates":[-89.369818,29.991718]}},{"type":"Feature","properties":{"s":"firm","phase":"before","lease":"36166"},"geometry":{"type":"Point","coordinates":[-89.369746,29.99163]}},{"type":"Feature","properties":{"s":"firm","phase":"before","lease":"36166"},"geometry":{"type":"Point","coordinates":[-89.369671,29.991545]}},{"type":"Feature","properties":{"s":"firm","phase":"before","lease":"36166"},"geometry":{"type":"Point","coordinates":[-89.369618,29.991482]}},{"type":"Feature","properties":{"s":"firm","phase":"before","lease":"36166"},"geometry":{"type":"Point","coordinates":[-89.369531,29.991373]}},{"type":"Feature","properties":{"s":"scat","phase":"before","lease":"36166"},"geometry":{"type":"Point","coordinates":[-89.36946,29.991287]}},{"type":"Feature","properties":{"s":"firm","phase":"before","lease":"36166"},"geometry":{"type":"Point","coordinates":[-89.369383,29.991202]}},{"type":"Feature","properties":{"s":"firm","phase":"before","lease":"36166"},"geometry":{"type":"Point","coordinates":[-89.369292,29.991092]}},{"type":"Feature","properties":{"s":"firm","phase":"before","lease":"36166"},"geometry":{"type":"Point","coordinates":[-89.36922,29.991004]}},{"type":"Feature","properties":{"s":"mud","phase":"before","lease":"36166"},"geometry":{"type":"Point","coordinates":[-89.369146,29.990913]}},{"type":"Feature","properties":{"s":"mud","phase":"before","lease":"36166"},"geometry":{"type":"Point","coordinates":[-89.369075,29.990833]}},{"type":"Feature","properties":{"s":"firm","phase":"before","lease":"36166"},"geometry":{"type":"Point","coordinates":[-89.369001,29.99075]}},{"type":"Feature","properties":{"s":"mud","phase":"before","lease":"36166"},"geometry":{"type":"Point","coordinates":[-89.368936,29.990665]}},{"type":"Feature","properties":{"s":"firm","phase":"before","lease":"36166"},"geometry":{"type":"Point","coordinates":[-89.368863,29.99058]}},{"type":"Feature","properties":{"s":"firm","phase":"before","lease":"36166"},"geometry":{"type":"Point","coordinates":[-89.36879,29.990493]}},{"type":"Feature","properties":{"s":"firm","phase":"before","lease":"36166"},"geometry":{"type":"Point","coordinates":[-89.368717,29.990409]}},{"type":"Feature","properties":{"s":"firm","phase":"before","lease":"36166"},"geometry":{"type":"Point","coordinates":[-89.368665,29.990345]}},{"type":"Feature","properties":{"s":"firm","phase":"before","lease":"36166"},"geometry":{"type":"Point","coordinates":[-89.368595,29.99026]}},{"type":"Feature","properties":{"s":"firm","phase":"before","lease":"36166"},"geometry":{"type":"Point","coordinates":[-89.368523,29.99017]}},{"type":"Feature","properties":{"s":"firm","phase":"before","lease":"36166"},"geometry":{"type":"Point","coordinates":[-89.368452,29.990086]}},{"type":"Feature","properties":{"s":"firm","phase":"before","lease":"36166"},"geometry":{"type":"Point","coordinates":[-89.368374,29.989999]}},{"type":"Feature","properties":{"s":"firm","phase":"before","lease":"36166"},"geometry":{"type":"Point","coordinates":[-89.368296,29.98991]}},{"type":"Feature","properties":{"s":"firm","phase":"before","lease":"36166"},"geometry":{"type":"Point","coordinates":[-89.368221,29.989824]}},{"type":"Feature","properties":{"s":"reef","phase":"before","lease":"36166"},"geometry":{"type":"Point","coordinates":[-89.368165,29.989761]}},{"type":"Feature","properties":{"s":"buried","phase":"before","lease":"36166"},"geometry":{"type":"Point","coordinates":[-89.368148,29.98974]}},{"type":"Feature","properties":{"s":"firm","phase":"before","lease":"36166"},"geometry":{"type":"Point","coordinates":[-89.368093,29.989673]}},{"type":"Feature","properties":{"s":"firm","phase":"before","lease":"36166"},"geometry":{"type":"Point","coordinates":[-89.368007,29.989562]}},{"type":"Feature","properties":{"s":"firm","phase":"before","lease":"36166"},"geometry":{"type":"Point","coordinates":[-89.36794,29.989465]}},{"type":"Feature","properties":{"s":"firm","phase":"before","lease":"36166"},"geometry":{"type":"Point","coordinates":[-89.367877,29.989373]}},{"type":"Feature","properties":{"s":"firm","phase":"before","lease":"36166"},"geometry":{"type":"Point","coordinates":[-89.367822,29.989308]}},{"type":"Feature","properties":{"s":"firm","phase":"before","lease":"36166"},"geometry":{"type":"Point","coordinates":[-89.367748,29.989219]}},{"type":"Feature","properties":{"s":"firm","phase":"before","lease":"36166"},"geometry":{"type":"Point","coordinates":[-89.367695,29.989153]}},{"type":"Feature","properties":{"s":"firm","phase":"before","lease":"36166"},"geometry":{"type":"Point","coordinates":[-89.367623,29.989059]}},{"type":"Feature","properties":{"s":"firm","phase":"before","lease":"36166"},"geometry":{"type":"Point","coordinates":[-89.367535,29.988946]}},{"type":"Feature","properties":{"s":"firm","phase":"before","lease":"36166"},"geometry":{"type":"Point","coordinates":[-89.367464,29.988861]}},{"type":"Feature","properties":{"s":"firm","phase":"before","lease":"36166"},"geometry":{"type":"Point","coordinates":[-89.367396,29.988765]}},{"type":"Feature","properties":{"s":"firm","phase":"before","lease":"36166"},"geometry":{"type":"Point","coordinates":[-89.367343,29.988694]}},{"type":"Feature","properties":{"s":"firm","phase":"before","lease":"36166"},"geometry":{"type":"Point","coordinates":[-89.367259,29.988582]}},{"type":"Feature","properties":{"s":"firm","phase":"before","lease":"36166"},"geometry":{"type":"Point","coordinates":[-89.36719,29.988486]}},{"type":"Feature","properties":{"s":"firm","phase":"before","lease":"36166"},"geometry":{"type":"Point","coordinates":[-89.367113,29.988403]}},{"type":"Feature","properties":{"s":"firm","phase":"before","lease":"36166"},"geometry":{"type":"Point","coordinates":[-89.366613,29.98858]}},{"type":"Feature","properties":{"s":"mud","phase":"before","lease":"36166"},"geometry":{"type":"Point","coordinates":[-89.366701,29.988681]}},{"type":"Feature","properties":{"s":"mud","phase":"before","lease":"36166"},"geometry":{"type":"Point","coordinates":[-89.366753,29.988743]}},{"type":"Feature","properties":{"s":"firm","phase":"before","lease":"36166"},"geometry":{"type":"Point","coordinates":[-89.366822,29.988836]}},{"type":"Feature","properties":{"s":"firm","phase":"before","lease":"36166"},"geometry":{"type":"Point","coordinates":[-89.366879,29.988897]}},{"type":"Feature","properties":{"s":"mud","phase":"before","lease":"36166"},"geometry":{"type":"Point","coordinates":[-89.366967,29.989003]}},{"type":"Feature","properties":{"s":"firm","phase":"before","lease":"36166"},"geometry":{"type":"Point","coordinates":[-89.367041,29.98909]}},{"type":"Feature","properties":{"s":"firm","phase":"before","lease":"36166"},"geometry":{"type":"Point","coordinates":[-89.367118,29.989173]}},{"type":"Feature","properties":{"s":"firm","phase":"before","lease":"36166"},"geometry":{"type":"Point","coordinates":[-89.367229,29.989297]}},{"type":"Feature","properties":{"s":"mud","phase":"before","lease":"36166"},"geometry":{"type":"Point","coordinates":[-89.367307,29.98938]}},{"type":"Feature","properties":{"s":"mud","phase":"before","lease":"36166"},"geometry":{"type":"Point","coordinates":[-89.367356,29.989444]}},{"type":"Feature","properties":{"s":"firm","phase":"before","lease":"36166"},"geometry":{"type":"Point","coordinates":[-89.367449,29.989585]}},{"type":"Feature","properties":{"s":"firm","phase":"before","lease":"36166"},"geometry":{"type":"Point","coordinates":[-89.367514,29.989673]}},{"type":"Feature","properties":{"s":"mud","phase":"before","lease":"36166"},"geometry":{"type":"Point","coordinates":[-89.367598,29.989783]}},{"type":"Feature","properties":{"s":"firm","phase":"before","lease":"36166"},"geometry":{"type":"Point","coordinates":[-89.367672,29.98987]}},{"type":"Feature","properties":{"s":"firm","phase":"before","lease":"36166"},"geometry":{"type":"Point","coordinates":[-89.367742,29.989954]}},{"type":"Feature","properties":{"s":"firm","phase":"before","lease":"36166"},"geometry":{"type":"Point","coordinates":[-89.367813,29.990038]}},{"type":"Feature","properties":{"s":"firm","phase":"before","lease":"36166"},"geometry":{"type":"Point","coordinates":[-89.367853,29.990075]}},{"type":"Feature","properties":{"s":"firm","phase":"before","lease":"36166"},"geometry":{"type":"Point","coordinates":[-89.367927,29.990156]}},{"type":"Feature","properties":{"s":"firm","phase":"before","lease":"36166"},"geometry":{"type":"Point","coordinates":[-89.368021,29.990269]}},{"type":"Feature","properties":{"s":"firm","phase":"before","lease":"36166"},"geometry":{"type":"Point","coordinates":[-89.368116,29.990378]}},{"type":"Feature","properties":{"s":"firm","phase":"before","lease":"36166"},"geometry":{"type":"Point","coordinates":[-89.368176,29.99044]}},{"type":"Feature","properties":{"s":"firm","phase":"before","lease":"36166"},"geometry":{"type":"Point","coordinates":[-89.368256,29.990513]}},{"type":"Feature","properties":{"s":"firm","phase":"before","lease":"36166"},"geometry":{"type":"Point","coordinates":[-89.368355,29.990624]}},{"type":"Feature","properties":{"s":"firm","phase":"before","lease":"36166"},"geometry":{"type":"Point","coordinates":[-89.368429,29.990706]}},{"type":"Feature","properties":{"s":"firm","phase":"before","lease":"36166"},"geometry":{"type":"Point","coordinates":[-89.368485,29.990779]}},{"type":"Feature","properties":{"s":"firm","phase":"before","lease":"36166"},"geometry":{"type":"Point","coordinates":[-89.368577,29.990886]}},{"type":"Feature","properties":{"s":"mud","phase":"before","lease":"36166"},"geometry":{"type":"Point","coordinates":[-89.368615,29.990926]}},{"type":"Feature","properties":{"s":"firm","phase":"before","lease":"36166"},"geometry":{"type":"Point","coordinates":[-89.36867,29.990983]}},{"type":"Feature","properties":{"s":"firm","phase":"before","lease":"36166"},"geometry":{"type":"Point","coordinates":[-89.368724,29.991044]}},{"type":"Feature","properties":{"s":"firm","phase":"before","lease":"36166"},"geometry":{"type":"Point","coordinates":[-89.3688,29.991126]}},{"type":"Feature","properties":{"s":"firm","phase":"before","lease":"36166"},"geometry":{"type":"Point","coordinates":[-89.368871,29.991214]}},{"type":"Feature","properties":{"s":"firm","phase":"before","lease":"36166"},"geometry":{"type":"Point","coordinates":[-89.368923,29.99128]}},{"type":"Feature","properties":{"s":"firm","phase":"before","lease":"36166"},"geometry":{"type":"Point","coordinates":[-89.369009,29.991393]}},{"type":"Feature","properties":{"s":"firm","phase":"before","lease":"36166"},"geometry":{"type":"Point","coordinates":[-89.369059,29.99146]}},{"type":"Feature","properties":{"s":"firm","phase":"before","lease":"36166"},"geometry":{"type":"Point","coordinates":[-89.369125,29.991549]}},{"type":"Feature","properties":{"s":"firm","phase":"before","lease":"36166"},"geometry":{"type":"Point","coordinates":[-89.369184,29.991657]}},{"type":"Feature","properties":{"s":"firm","phase":"before","lease":"36166"},"geometry":{"type":"Point","coordinates":[-89.369232,29.991754]}},{"type":"Feature","properties":{"s":"firm","phase":"before","lease":"36166"},"geometry":{"type":"Point","coordinates":[-89.369266,29.991856]}},{"type":"Feature","properties":{"s":"firm","phase":"before","lease":"36166"},"geometry":{"type":"Point","coordinates":[-89.369291,29.991961]}},{"type":"Feature","properties":{"s":"firm","phase":"before","lease":"36166"},"geometry":{"type":"Point","coordinates":[-89.369308,29.992038]}},{"type":"Feature","properties":{"s":"firm","phase":"before","lease":"36166"},"geometry":{"type":"Point","coordinates":[-89.36932,29.992123]}},{"type":"Feature","properties":{"s":"firm","phase":"before","lease":"36166"},"geometry":{"type":"Point","coordinates":[-89.369307,29.992236]}},{"type":"Feature","properties":{"s":"firm","phase":"before","lease":"36166"},"geometry":{"type":"Point","coordinates":[-89.369253,29.99232]}},{"type":"Feature","properties":{"s":"firm","phase":"before","lease":"36166"},"geometry":{"type":"Point","coordinates":[-89.369128,29.992328]}},{"type":"Feature","properties":{"s":"firm","phase":"before","lease":"36166"},"geometry":{"type":"Point","coordinates":[-89.369051,29.992254]}},{"type":"Feature","properties":{"s":"firm","phase":"before","lease":"36166"},"geometry":{"type":"Point","coordinates":[-89.369001,29.992193]}},{"type":"Feature","properties":{"s":"firm","phase":"before","lease":"36166"},"geometry":{"type":"Point","coordinates":[-89.368926,29.992105]}},{"type":"Feature","properties":{"s":"firm","phase":"before","lease":"36166"},"geometry":{"type":"Point","coordinates":[-89.368872,29.99204]}},{"type":"Feature","properties":{"s":"firm","phase":"before","lease":"36166"},"geometry":{"type":"Point","coordinates":[-89.368804,29.991955]}},{"type":"Feature","properties":{"s":"firm","phase":"before","lease":"36166"},"geometry":{"type":"Point","coordinates":[-89.368737,29.991862]}},{"type":"Feature","properties":{"s":"firm","phase":"before","lease":"36166"},"geometry":{"type":"Point","coordinates":[-89.368684,29.991797]}},{"type":"Feature","properties":{"s":"firm","phase":"before","lease":"36166"},"geometry":{"type":"Point","coordinates":[-89.368614,29.991708]}},{"type":"Feature","properties":{"s":"firm","phase":"before","lease":"36166"},"geometry":{"type":"Point","coordinates":[-89.368538,29.991621]}},{"type":"Feature","properties":{"s":"firm","phase":"before","lease":"36166"},"geometry":{"type":"Point","coordinates":[-89.36846,29.991533]}},{"type":"Feature","properties":{"s":"firm","phase":"before","lease":"36166"},"geometry":{"type":"Point","coordinates":[-89.368406,29.991467]}},{"type":"Feature","properties":{"s":"firm","phase":"before","lease":"36166"},"geometry":{"type":"Point","coordinates":[-89.368335,29.991383]}},{"type":"Feature","properties":{"s":"firm","phase":"before","lease":"36166"},"geometry":{"type":"Point","coordinates":[-89.368262,29.991305]}},{"type":"Feature","properties":{"s":"firm","phase":"before","lease":"36166"},"geometry":{"type":"Point","coordinates":[-89.368148,29.991182]}},{"type":"Feature","properties":{"s":"firm","phase":"before","lease":"36166"},"geometry":{"type":"Point","coordinates":[-89.368053,29.991076]}},{"type":"Feature","properties":{"s":"firm","phase":"before","lease":"36166"},"geometry":{"type":"Point","coordinates":[-89.36797,29.990976]}},{"type":"Feature","properties":{"s":"firm","phase":"before","lease":"36166"},"geometry":{"type":"Point","coordinates":[-89.367897,29.990887]}},{"type":"Feature","properties":{"s":"firm","phase":"before","lease":"36166"},"geometry":{"type":"Point","coordinates":[-89.367824,29.990799]}},{"type":"Feature","properties":{"s":"firm","phase":"before","lease":"36166"},"geometry":{"type":"Point","coordinates":[-89.367758,29.990715]}},{"type":"Feature","properties":{"s":"firm","phase":"before","lease":"36166"},"geometry":{"type":"Point","coordinates":[-89.367695,29.990633]}},{"type":"Feature","properties":{"s":"mud","phase":"before","lease":"36166"},"geometry":{"type":"Point","coordinates":[-89.367608,29.990526]}},{"type":"Feature","properties":{"s":"firm","phase":"before","lease":"36166"},"geometry":{"type":"Point","coordinates":[-89.367533,29.990438]}},{"type":"Feature","properties":{"s":"firm","phase":"before","lease":"36166"},"geometry":{"type":"Point","coordinates":[-89.367456,29.990344]}},{"type":"Feature","properties":{"s":"firm","phase":"before","lease":"36166"},"geometry":{"type":"Point","coordinates":[-89.367389,29.990251]}},{"type":"Feature","properties":{"s":"firm","phase":"before","lease":"36166"},"geometry":{"type":"Point","coordinates":[-89.367338,29.990186]}},{"type":"Feature","properties":{"s":"scat","phase":"before","lease":"36166"},"geometry":{"type":"Point","coordinates":[-89.367304,29.990141]}},{"type":"Feature","properties":{"s":"firm","phase":"before","lease":"36166"},"geometry":{"type":"Point","coordinates":[-89.367234,29.990051]}},{"type":"Feature","properties":{"s":"mud","phase":"before","lease":"36166"},"geometry":{"type":"Point","coordinates":[-89.367168,29.989954]}},{"type":"Feature","properties":{"s":"firm","phase":"before","lease":"36166"},"geometry":{"type":"Point","coordinates":[-89.367102,29.989861]}},{"type":"Feature","properties":{"s":"mud","phase":"before","lease":"36166"},"geometry":{"type":"Point","coordinates":[-89.367028,29.989758]}},{"type":"Feature","properties":{"s":"firm","phase":"before","lease":"36166"},"geometry":{"type":"Point","coordinates":[-89.36698,29.989695]}},{"type":"Feature","properties":{"s":"firm","phase":"before","lease":"36166"},"geometry":{"type":"Point","coordinates":[-89.366898,29.989589]}},{"type":"Feature","properties":{"s":"mud","phase":"before","lease":"36166"},"geometry":{"type":"Point","coordinates":[-89.366812,29.98947]}},{"type":"Feature","properties":{"s":"firm","phase":"before","lease":"36166"},"geometry":{"type":"Point","coordinates":[-89.366748,29.98938]}},{"type":"Feature","properties":{"s":"firm","phase":"before","lease":"36166"},"geometry":{"type":"Point","coordinates":[-89.366696,29.98931]}},{"type":"Feature","properties":{"s":"firm","phase":"before","lease":"36166"},"geometry":{"type":"Point","coordinates":[-89.366621,29.989195]}},{"type":"Feature","properties":{"s":"firm","phase":"before","lease":"36166"},"geometry":{"type":"Point","coordinates":[-89.366573,29.989127]}},{"type":"Feature","properties":{"s":"firm","phase":"before","lease":"36166"},"geometry":{"type":"Point","coordinates":[-89.366491,29.989011]}},{"type":"Feature","properties":{"s":"firm","phase":"before","lease":"36166"},"geometry":{"type":"Point","coordinates":[-89.366445,29.988942]}},{"type":"Feature","properties":{"s":"firm","phase":"before","lease":"36166"},"geometry":{"type":"Point","coordinates":[-89.366371,29.988846]}},{"type":"Feature","properties":{"s":"firm","phase":"before","lease":"36166"},"geometry":{"type":"Point","coordinates":[-89.366323,29.98878]}},{"type":"Feature","properties":{"s":"mud","phase":"before","lease":"36166"},"geometry":{"type":"Point","coordinates":[-89.366288,29.988735]}},{"type":"Feature","properties":{"s":"mud","phase":"before","lease":"36166"},"geometry":{"type":"Point","coordinates":[-89.36622,29.988674]}},{"type":"Feature","properties":{"s":"firm","phase":"before","lease":"36166"},"geometry":{"type":"Point","coordinates":[-89.365699,29.988884]}},{"type":"Feature","properties":{"s":"firm","phase":"before","lease":"36166"},"geometry":{"type":"Point","coordinates":[-89.365771,29.988972]}},{"type":"Feature","properties":{"s":"mud","phase":"before","lease":"36166"},"geometry":{"type":"Point","coordinates":[-89.365847,29.989064]}},{"type":"Feature","properties":{"s":"firm","phase":"before","lease":"36166"},"geometry":{"type":"Point","coordinates":[-89.365916,29.989156]}},{"type":"Feature","properties":{"s":"firm","phase":"before","lease":"36166"},"geometry":{"type":"Point","coordinates":[-89.366008,29.989261]}},{"type":"Feature","properties":{"s":"mud","phase":"before","lease":"36166"},"geometry":{"type":"Point","coordinates":[-89.366049,29.989302]}},{"type":"Feature","properties":{"s":"firm","phase":"before","lease":"36166"},"geometry":{"type":"Point","coordinates":[-89.366128,29.989383]}},{"type":"Feature","properties":{"s":"firm","phase":"before","lease":"36166"},"geometry":{"type":"Point","coordinates":[-89.366219,29.989477]}},{"type":"Feature","properties":{"s":"mud","phase":"before","lease":"36166"},"geometry":{"type":"Point","coordinates":[-89.366286,29.989568]}},{"type":"Feature","properties":{"s":"firm","phase":"before","lease":"36166"},"geometry":{"type":"Point","coordinates":[-89.366356,29.989658]}},{"type":"Feature","properties":{"s":"mud","phase":"before","lease":"36166"},"geometry":{"type":"Point","coordinates":[-89.366433,29.989768]}},{"type":"Feature","properties":{"s":"firm","phase":"before","lease":"36166"},"geometry":{"type":"Point","coordinates":[-89.366497,29.989854]}},{"type":"Feature","properties":{"s":"firm","phase":"before","lease":"36166"},"geometry":{"type":"Point","coordinates":[-89.366571,29.989941]}},{"type":"Feature","properties":{"s":"firm","phase":"before","lease":"36166"},"geometry":{"type":"Point","coordinates":[-89.366608,29.989987]}},{"type":"Feature","properties":{"s":"firm","phase":"before","lease":"36166"},"geometry":{"type":"Point","coordinates":[-89.366701,29.9901]}},{"type":"Feature","properties":{"s":"firm","phase":"before","lease":"36166"},"geometry":{"type":"Point","coordinates":[-89.366776,29.990183]}},{"type":"Feature","properties":{"s":"firm","phase":"before","lease":"36166"},"geometry":{"type":"Point","coordinates":[-89.366833,29.99024]}},{"type":"Feature","properties":{"s":"firm","phase":"before","lease":"36166"},"geometry":{"type":"Point","coordinates":[-89.366935,29.99034]}},{"type":"Feature","properties":{"s":"firm","phase":"before","lease":"36166"},"geometry":{"type":"Point","coordinates":[-89.367025,29.990405]}},{"type":"Feature","properties":{"s":"mud","phase":"before","lease":"36166"},"geometry":{"type":"Point","coordinates":[-89.36713,29.990502]}},{"type":"Feature","properties":{"s":"firm","phase":"before","lease":"36166"},"geometry":{"type":"Point","coordinates":[-89.367183,29.990568]}},{"type":"Feature","properties":{"s":"firm","phase":"before","lease":"36166"},"geometry":{"type":"Point","coordinates":[-89.36727,29.990677]}},{"type":"Feature","properties":{"s":"mud","phase":"before","lease":"36166"},"geometry":{"type":"Point","coordinates":[-89.367341,29.990766]}},{"type":"Feature","properties":{"s":"firm","phase":"before","lease":"36166"},"geometry":{"type":"Point","coordinates":[-89.367392,29.990829]}},{"type":"Feature","properties":{"s":"firm","phase":"before","lease":"36166"},"geometry":{"type":"Point","coordinates":[-89.367444,29.990887]}},{"type":"Feature","properties":{"s":"firm","phase":"before","lease":"36166"},"geometry":{"type":"Point","coordinates":[-89.367542,29.990988]}},{"type":"Feature","properties":{"s":"firm","phase":"before","lease":"36166"},"geometry":{"type":"Point","coordinates":[-89.367636,29.991101]}},{"type":"Feature","properties":{"s":"firm","phase":"before","lease":"36166"},"geometry":{"type":"Point","coordinates":[-89.367712,29.991192]}},{"type":"Feature","properties":{"s":"firm","phase":"before","lease":"36166"},"geometry":{"type":"Point","coordinates":[-89.367797,29.991302]}},{"type":"Feature","properties":{"s":"firm","phase":"before","lease":"36166"},"geometry":{"type":"Point","coordinates":[-89.367853,29.991371]}},{"type":"Feature","properties":{"s":"firm","phase":"before","lease":"36166"},"geometry":{"type":"Point","coordinates":[-89.367947,29.991485]}},{"type":"Feature","properties":{"s":"firm","phase":"before","lease":"36166"},"geometry":{"type":"Point","coordinates":[-89.368003,29.991583]}},{"type":"Feature","properties":{"s":"firm","phase":"before","lease":"36166"},"geometry":{"type":"Point","coordinates":[-89.368043,29.991659]}},{"type":"Feature","properties":{"s":"firm","phase":"before","lease":"36166"},"geometry":{"type":"Point","coordinates":[-89.368087,29.99176]}},{"type":"Feature","properties":{"s":"firm","phase":"before","lease":"36166"},"geometry":{"type":"Point","coordinates":[-89.368141,29.991884]}},{"type":"Feature","properties":{"s":"firm","phase":"before","lease":"36166"},"geometry":{"type":"Point","coordinates":[-89.368175,29.991985]}},{"type":"Feature","properties":{"s":"firm","phase":"before","lease":"36166"},"geometry":{"type":"Point","coordinates":[-89.368201,29.992061]}},{"type":"Feature","properties":{"s":"firm","phase":"before","lease":"36166"},"geometry":{"type":"Point","coordinates":[-89.368216,29.992197]}},{"type":"Feature","properties":{"s":"firm","phase":"before","lease":"36166"},"geometry":{"type":"Point","coordinates":[-89.368203,29.992332]}},{"type":"Feature","properties":{"s":"firm","phase":"before","lease":"36166"},"geometry":{"type":"Point","coordinates":[-89.368163,29.992398]}},{"type":"Feature","properties":{"s":"firm","phase":"before","lease":"36166"},"geometry":{"type":"Point","coordinates":[-89.368056,29.992418]}},{"type":"Feature","properties":{"s":"firm","phase":"before","lease":"36166"},"geometry":{"type":"Point","coordinates":[-89.367992,29.992383]}},{"type":"Feature","properties":{"s":"mud","phase":"before","lease":"36166"},"geometry":{"type":"Point","coordinates":[-89.3679,29.992285]}},{"type":"Feature","properties":{"s":"firm","phase":"before","lease":"36166"},"geometry":{"type":"Point","coordinates":[-89.367832,29.992206]}},{"type":"Feature","properties":{"s":"firm","phase":"before","lease":"36166"},"geometry":{"type":"Point","coordinates":[-89.367755,29.992121]}},{"type":"Feature","properties":{"s":"firm","phase":"before","lease":"36166"},"geometry":{"type":"Point","coordinates":[-89.367701,29.992056]}},{"type":"Feature","properties":{"s":"firm","phase":"before","lease":"36166"},"geometry":{"type":"Point","coordinates":[-89.367624,29.991967]}},{"type":"Feature","properties":{"s":"firm","phase":"before","lease":"36166"},"geometry":{"type":"Point","coordinates":[-89.367541,29.991853]}},{"type":"Feature","properties":{"s":"firm","phase":"before","lease":"36166"},"geometry":{"type":"Point","coordinates":[-89.36747,29.991764]}},{"type":"Feature","properties":{"s":"firm","phase":"before","lease":"36166"},"geometry":{"type":"Point","coordinates":[-89.3674,29.99168]}},{"type":"Feature","properties":{"s":"mud","phase":"before","lease":"36166"},"geometry":{"type":"Point","coordinates":[-89.367347,29.991616]}},{"type":"Feature","properties":{"s":"firm","phase":"before","lease":"36166"},"geometry":{"type":"Point","coordinates":[-89.367278,29.991537]}},{"type":"Feature","properties":{"s":"firm","phase":"before","lease":"36166"},"geometry":{"type":"Point","coordinates":[-89.367209,29.991451]}},{"type":"Feature","properties":{"s":"firm","phase":"before","lease":"36166"},"geometry":{"type":"Point","coordinates":[-89.367139,29.991363]}},{"type":"Feature","properties":{"s":"mud","phase":"before","lease":"36166"},"geometry":{"type":"Point","coordinates":[-89.367044,29.991265]}},{"type":"Feature","properties":{"s":"firm","phase":"before","lease":"36166"},"geometry":{"type":"Point","coordinates":[-89.367615,29.984229]}},{"type":"Feature","properties":{"s":"firm","phase":"before","lease":"36166"},"geometry":{"type":"Point","coordinates":[-89.36778,29.984417]}},{"type":"Feature","properties":{"s":"mud","phase":"before","lease":"36166"},"geometry":{"type":"Point","coordinates":[-89.367954,29.98462]}},{"type":"Feature","properties":{"s":"mud","phase":"before","lease":"36166"},"geometry":{"type":"Point","coordinates":[-89.368125,29.984832]}},{"type":"Feature","properties":{"s":"firm","phase":"before","lease":"36166"},"geometry":{"type":"Point","coordinates":[-89.368205,29.984925]}},{"type":"Feature","properties":{"s":"firm","phase":"before","lease":"36166"},"geometry":{"type":"Point","coordinates":[-89.368496,29.985275]}},{"type":"Feature","properties":{"s":"firm","phase":"before","lease":"36166"},"geometry":{"type":"Point","coordinates":[-89.368698,29.985524]}},{"type":"Feature","properties":{"s":"firm","phase":"before","lease":"36166"},"geometry":{"type":"Point","coordinates":[-89.36877,29.985611]}},{"type":"Feature","properties":{"s":"firm","phase":"before","lease":"36166"},"geometry":{"type":"Point","coordinates":[-89.368851,29.985715]}},{"type":"Feature","properties":{"s":"firm","phase":"before","lease":"36166"},"geometry":{"type":"Point","coordinates":[-89.368951,29.985839]}},{"type":"Feature","properties":{"s":"firm","phase":"before","lease":"36166"},"geometry":{"type":"Point","coordinates":[-89.369059,29.985972]}},{"type":"Feature","properties":{"s":"firm","phase":"before","lease":"36166"},"geometry":{"type":"Point","coordinates":[-89.369183,29.986119]}},{"type":"Feature","properties":{"s":"firm","phase":"before","lease":"36166"},"geometry":{"type":"Point","coordinates":[-89.369316,29.98626]}},{"type":"Feature","properties":{"s":"firm","phase":"before","lease":"36166"},"geometry":{"type":"Point","coordinates":[-89.369421,29.986384]}},{"type":"Feature","properties":{"s":"firm","phase":"before","lease":"36166"},"geometry":{"type":"Point","coordinates":[-89.369538,29.98653]}},{"type":"Feature","properties":{"s":"firm","phase":"before","lease":"36166"},"geometry":{"type":"Point","coordinates":[-89.369702,29.986728]}},{"type":"Feature","properties":{"s":"firm","phase":"before","lease":"36166"},"geometry":{"type":"Point","coordinates":[-89.369757,29.986791]}},{"type":"Feature","properties":{"s":"firm","phase":"before","lease":"36166"},"geometry":{"type":"Point","coordinates":[-89.369845,29.986887]}},{"type":"Feature","properties":{"s":"firm","phase":"before","lease":"36166"},"geometry":{"type":"Point","coordinates":[-89.369965,29.987024]}},{"type":"Feature","properties":{"s":"firm","phase":"before","lease":"36166"},"geometry":{"type":"Point","coordinates":[-89.370035,29.9871]}},{"type":"Feature","properties":{"s":"firm","phase":"before","lease":"36166"},"geometry":{"type":"Point","coordinates":[-89.370191,29.987268]}},{"type":"Feature","properties":{"s":"firm","phase":"before","lease":"36166"},"geometry":{"type":"Point","coordinates":[-89.370256,29.987335]}},{"type":"Feature","properties":{"s":"firm","phase":"before","lease":"36166"},"geometry":{"type":"Point","coordinates":[-89.370344,29.987429]}},{"type":"Feature","properties":{"s":"firm","phase":"before","lease":"36166"},"geometry":{"type":"Point","coordinates":[-89.373834,29.990077]}},{"type":"Feature","properties":{"s":"firm","phase":"before","lease":"36166"},"geometry":{"type":"Point","coordinates":[-89.373947,29.990223]}},{"type":"Feature","properties":{"s":"firm","phase":"before","lease":"36166"},"geometry":{"type":"Point","coordinates":[-89.374261,29.991301]}},{"type":"Feature","properties":{"s":"firm","phase":"before","lease":"36166"},"geometry":{"type":"Point","coordinates":[-89.374038,29.99118]}},{"type":"Feature","properties":{"s":"firm","phase":"before","lease":"36166"},"geometry":{"type":"Point","coordinates":[-89.373852,29.990968]}},{"type":"Feature","properties":{"s":"firm","phase":"before","lease":"36166"},"geometry":{"type":"Point","coordinates":[-89.373667,29.990749]}},{"type":"Feature","properties":{"s":"firm","phase":"before","lease":"36166"},"geometry":{"type":"Point","coordinates":[-89.373483,29.990533]}},{"type":"Feature","properties":{"s":"firm","phase":"before","lease":"36166"},"geometry":{"type":"Point","coordinates":[-89.373339,29.990361]}},{"type":"Feature","properties":{"s":"mud","phase":"before","lease":"36166"},"geometry":{"type":"Point","coordinates":[-89.373158,29.990148]}},{"type":"Feature","properties":{"s":"mud","phase":"before","lease":"36166"},"geometry":{"type":"Point","coordinates":[-89.373012,29.989972]}},{"type":"Feature","properties":{"s":"firm","phase":"before","lease":"36166"},"geometry":{"type":"Point","coordinates":[-89.372831,29.989757]}},{"type":"Feature","properties":{"s":"mud","phase":"before","lease":"36166"},"geometry":{"type":"Point","coordinates":[-89.372682,29.989581]}},{"type":"Feature","properties":{"s":"mud","phase":"before","lease":"36166"},"geometry":{"type":"Point","coordinates":[-89.372538,29.989417]}},{"type":"Feature","properties":{"s":"mud","phase":"before","lease":"36166"},"geometry":{"type":"Point","coordinates":[-89.372381,29.989232]}},{"type":"Feature","properties":{"s":"firm","phase":"before","lease":"36166"},"geometry":{"type":"Point","coordinates":[-89.372201,29.989017]}},{"type":"Feature","properties":{"s":"firm","phase":"before","lease":"36166"},"geometry":{"type":"Point","coordinates":[-89.37205,29.98884]}},{"type":"Feature","properties":{"s":"firm","phase":"before","lease":"36166"},"geometry":{"type":"Point","coordinates":[-89.371906,29.988666]}},{"type":"Feature","properties":{"s":"firm","phase":"before","lease":"36166"},"geometry":{"type":"Point","coordinates":[-89.37175,29.988483]}},{"type":"Feature","properties":{"s":"firm","phase":"before","lease":"36166"},"geometry":{"type":"Point","coordinates":[-89.371569,29.988271]}},{"type":"Feature","properties":{"s":"firm","phase":"before","lease":"36166"},"geometry":{"type":"Point","coordinates":[-89.37143,29.988096]}},{"type":"Feature","properties":{"s":"firm","phase":"before","lease":"36166"},"geometry":{"type":"Point","coordinates":[-89.371273,29.987909]}},{"type":"Feature","properties":{"s":"mud","phase":"before","lease":"36166"},"geometry":{"type":"Point","coordinates":[-89.371172,29.987784]}},{"type":"Feature","properties":{"s":"mud","phase":"before","lease":"36166"},"geometry":{"type":"Point","coordinates":[-89.370984,29.987566]}},{"type":"Feature","properties":{"s":"firm","phase":"before","lease":"36166"},"geometry":{"type":"Point","coordinates":[-89.370829,29.987386]}},{"type":"Feature","properties":{"s":"mud","phase":"before","lease":"36166"},"geometry":{"type":"Point","coordinates":[-89.370687,29.987214]}},{"type":"Feature","properties":{"s":"firm","phase":"before","lease":"36166"},"geometry":{"type":"Point","coordinates":[-89.37055,29.987046]}},{"type":"Feature","properties":{"s":"firm","phase":"before","lease":"36166"},"geometry":{"type":"Point","coordinates":[-89.370363,29.986827]}},{"type":"Feature","properties":{"s":"firm","phase":"before","lease":"36166"},"geometry":{"type":"Point","coordinates":[-89.370178,29.986616]}},{"type":"Feature","properties":{"s":"firm","phase":"before","lease":"36166"},"geometry":{"type":"Point","coordinates":[-89.370015,29.986407]}},{"type":"Feature","properties":{"s":"firm","phase":"before","lease":"36166"},"geometry":{"type":"Point","coordinates":[-89.369905,29.986252]}},{"type":"Feature","properties":{"s":"firm","phase":"before","lease":"36166"},"geometry":{"type":"Point","coordinates":[-89.369829,29.986144]}},{"type":"Feature","properties":{"s":"firm","phase":"before","lease":"36166"},"geometry":{"type":"Point","coordinates":[-89.369675,29.985965]}},{"type":"Feature","properties":{"s":"firm","phase":"before","lease":"36166"},"geometry":{"type":"Point","coordinates":[-89.369556,29.985822]}},{"type":"Feature","properties":{"s":"firm","phase":"before","lease":"36166"},"geometry":{"type":"Point","coordinates":[-89.369477,29.985718]}},{"type":"Feature","properties":{"s":"firm","phase":"before","lease":"36166"},"geometry":{"type":"Point","coordinates":[-89.369381,29.985602]}},{"type":"Feature","properties":{"s":"firm","phase":"before","lease":"36166"},"geometry":{"type":"Point","coordinates":[-89.369283,29.985486]}},{"type":"Feature","properties":{"s":"firm","phase":"before","lease":"36166"},"geometry":{"type":"Point","coordinates":[-89.369193,29.985376]}},{"type":"Feature","properties":{"s":"firm","phase":"before","lease":"36166"},"geometry":{"type":"Point","coordinates":[-89.369099,29.98527]}},{"type":"Feature","properties":{"s":"firm","phase":"before","lease":"36166"},"geometry":{"type":"Point","coordinates":[-89.368988,29.985133]}},{"type":"Feature","properties":{"s":"firm","phase":"before","lease":"36166"},"geometry":{"type":"Point","coordinates":[-89.368869,29.984995]}},{"type":"Feature","properties":{"s":"firm","phase":"before","lease":"36166"},"geometry":{"type":"Point","coordinates":[-89.372741,29.988795]}},{"type":"Feature","properties":{"s":"mud","phase":"before","lease":"36166"},"geometry":{"type":"Point","coordinates":[-89.368798,29.98491]}},{"type":"Feature","properties":{"s":"firm","phase":"before","lease":"36166"},"geometry":{"type":"Point","coordinates":[-89.372889,29.98896]}},{"type":"Feature","properties":{"s":"firm","phase":"before","lease":"36166"},"geometry":{"type":"Point","coordinates":[-89.37307,29.989157]}},{"type":"Feature","properties":{"s":"firm","phase":"before","lease":"36166"},"geometry":{"type":"Point","coordinates":[-89.368683,29.984772]}},{"type":"Feature","properties":{"s":"firm","phase":"before","lease":"36166"},"geometry":{"type":"Point","coordinates":[-89.368565,29.984633]}},{"type":"Feature","properties":{"s":"firm","phase":"before","lease":"36166"},"geometry":{"type":"Point","coordinates":[-89.37321,29.989319]}},{"type":"Feature","properties":{"s":"firm","phase":"before","lease":"36166"},"geometry":{"type":"Point","coordinates":[-89.368474,29.984524]}},{"type":"Feature","properties":{"s":"firm","phase":"before","lease":"36166"},"geometry":{"type":"Point","coordinates":[-89.373352,29.98947]}},{"type":"Feature","properties":{"s":"firm","phase":"before","lease":"36166"},"geometry":{"type":"Point","coordinates":[-89.368364,29.984387]}},{"type":"Feature","properties":{"s":"firm","phase":"before","lease":"36166"},"geometry":{"type":"Point","coordinates":[-89.368191,29.984179]}},{"type":"Feature","properties":{"s":"mud","phase":"before","lease":"36166"},"geometry":{"type":"Point","coordinates":[-89.373557,29.989708]}},{"type":"Feature","properties":{"s":"firm","phase":"before","lease":"36166"},"geometry":{"type":"Point","coordinates":[-89.368065,29.984025]}},{"type":"Feature","properties":{"s":"mud","phase":"before","lease":"36166"},"geometry":{"type":"Point","coordinates":[-89.373691,29.989878]}},{"type":"Feature","properties":{"s":"firm","phase":"before","lease":"36166"},"geometry":{"type":"Point","coordinates":[-89.367901,29.983839]}},{"type":"Feature","properties":{"s":"firm","phase":"before","lease":"36166"},"geometry":{"type":"Point","coordinates":[-89.367785,29.983692]}},{"type":"Feature","properties":{"s":"firm","phase":"before","lease":"36166"},"geometry":{"type":"Point","coordinates":[-89.367695,29.983573]}},{"type":"Feature","properties":{"s":"firm","phase":"before","lease":"36166"},"geometry":{"type":"Point","coordinates":[-89.367559,29.98341]}},{"type":"Feature","properties":{"s":"firm","phase":"before","lease":"36166"},"geometry":{"type":"Point","coordinates":[-89.367391,29.983204]}},{"type":"Feature","properties":{"s":"firm","phase":"before","lease":"36166"},"geometry":{"type":"Point","coordinates":[-89.367252,29.98304]}},{"type":"Feature","properties":{"s":"firm","phase":"before","lease":"36166"},"geometry":{"type":"Point","coordinates":[-89.367138,29.982906]}},{"type":"Feature","properties":{"s":"firm","phase":"before","lease":"36166"},"geometry":{"type":"Point","coordinates":[-89.367045,29.982799]}},{"type":"Feature","properties":{"s":"firm","phase":"before","lease":"36166"},"geometry":{"type":"Point","coordinates":[-89.366933,29.982665]}},{"type":"Feature","properties":{"s":"firm","phase":"before","lease":"36166"},"geometry":{"type":"Point","coordinates":[-89.366835,29.982552]}},{"type":"Feature","properties":{"s":"firm","phase":"before","lease":"36166"},"geometry":{"type":"Point","coordinates":[-89.366723,29.982427]}},{"type":"Feature","properties":{"s":"mud","phase":"before","lease":"36166"},"geometry":{"type":"Point","coordinates":[-89.366626,29.982334]}},{"type":"Feature","properties":{"s":"firm","phase":"before","lease":"36166"},"geometry":{"type":"Point","coordinates":[-89.366506,29.982214]}},{"type":"Feature","properties":{"s":"firm","phase":"before","lease":"36166"},"geometry":{"type":"Point","coordinates":[-89.366405,29.982121]}},{"type":"Feature","properties":{"s":"mud","phase":"before","lease":"36166"},"geometry":{"type":"Point","coordinates":[-89.366276,29.982021]}},{"type":"Feature","properties":{"s":"mud","phase":"before","lease":"36166"},"geometry":{"type":"Point","coordinates":[-89.366153,29.981933]}},{"type":"Feature","properties":{"s":"firm","phase":"before","lease":"36166"},"geometry":{"type":"Point","coordinates":[-89.366045,29.981847]}},{"type":"Feature","properties":{"s":"firm","phase":"before","lease":"36166"},"geometry":{"type":"Point","coordinates":[-89.365942,29.981751]}},{"type":"Feature","properties":{"s":"firm","phase":"before","lease":"36166"},"geometry":{"type":"Point","coordinates":[-89.366119,29.981773]}},{"type":"Feature","properties":{"s":"firm","phase":"before","lease":"36166"},"geometry":{"type":"Point","coordinates":[-89.36588,29.981596]}},{"type":"Feature","properties":{"s":"firm","phase":"before","lease":"36166"},"geometry":{"type":"Point","coordinates":[-89.365784,29.981407]}},{"type":"Feature","properties":{"s":"mud","phase":"before","lease":"36166"},"geometry":{"type":"Point","coordinates":[-89.365139,29.981242]}},{"type":"Feature","properties":{"s":"mud","phase":"before","lease":"36166"},"geometry":{"type":"Point","coordinates":[-89.365282,29.981449]}},{"type":"Feature","properties":{"s":"firm","phase":"before","lease":"36166"},"geometry":{"type":"Point","coordinates":[-89.365363,29.981564]}},{"type":"Feature","properties":{"s":"firm","phase":"before","lease":"36166"},"geometry":{"type":"Point","coordinates":[-89.365496,29.981716]}},{"type":"Feature","properties":{"s":"firm","phase":"before","lease":"36166"},"geometry":{"type":"Point","coordinates":[-89.365626,29.981858]}},{"type":"Feature","properties":{"s":"firm","phase":"before","lease":"36166"},"geometry":{"type":"Point","coordinates":[-89.365748,29.982018]}},{"type":"Feature","properties":{"s":"mud","phase":"before","lease":"36166"},"geometry":{"type":"Point","coordinates":[-89.365877,29.98217]}},{"type":"Feature","properties":{"s":"mud","phase":"before","lease":"36166"},"geometry":{"type":"Point","coordinates":[-89.366086,29.982395]}},{"type":"Feature","properties":{"s":"firm","phase":"before","lease":"36166"},"geometry":{"type":"Point","coordinates":[-89.366207,29.982543]}},{"type":"Feature","properties":{"s":"mud","phase":"before","lease":"36166"},"geometry":{"type":"Point","coordinates":[-89.366329,29.982703]}},{"type":"Feature","properties":{"s":"firm","phase":"before","lease":"36166"},"geometry":{"type":"Point","coordinates":[-89.366449,29.982859]}},{"type":"Feature","properties":{"s":"firm","phase":"before","lease":"36166"},"geometry":{"type":"Point","coordinates":[-89.366582,29.983007]}},{"type":"Feature","properties":{"s":"firm","phase":"before","lease":"36166"},"geometry":{"type":"Point","coordinates":[-89.366746,29.983198]}},{"type":"Feature","properties":{"s":"firm","phase":"before","lease":"36166"},"geometry":{"type":"Point","coordinates":[-89.366868,29.983342]}},{"type":"Feature","properties":{"s":"firm","phase":"before","lease":"36166"},"geometry":{"type":"Point","coordinates":[-89.367031,29.983523]}},{"type":"Feature","properties":{"s":"firm","phase":"before","lease":"36166"},"geometry":{"type":"Point","coordinates":[-89.36716,29.983676]}},{"type":"Feature","properties":{"s":"firm","phase":"before","lease":"36166"},"geometry":{"type":"Point","coordinates":[-89.367283,29.98384]}},{"type":"Feature","properties":{"s":"firm","phase":"before","lease":"36166"},"geometry":{"type":"Point","coordinates":[-89.367476,29.984061]}},{"type":"Feature","properties":{"s":"firm","phase":"before","lease":"36166"},"geometry":{"type":"Point","coordinates":[-89.371757,29.987692]}},{"type":"Feature","properties":{"s":"firm","phase":"before","lease":"36166"},"geometry":{"type":"Point","coordinates":[-89.371928,29.987891]}},{"type":"Feature","properties":{"s":"firm","phase":"before","lease":"36166"},"geometry":{"type":"Point","coordinates":[-89.372074,29.988047]}},{"type":"Feature","properties":{"s":"firm","phase":"before","lease":"36166"},"geometry":{"type":"Point","coordinates":[-89.372236,29.988235]}},{"type":"Feature","properties":{"s":"mud","phase":"before","lease":"36166"},"geometry":{"type":"Point","coordinates":[-89.372414,29.98843]}},{"type":"Feature","properties":{"s":"firm","phase":"before","lease":"36166"},"geometry":{"type":"Point","coordinates":[-89.372596,29.98863]}},{"type":"Feature","properties":{"s":"firm","phase":"before","lease":"36166"},"geometry":{"type":"Point","coordinates":[-89.36952,29.98514]}},{"type":"Feature","properties":{"s":"firm","phase":"before","lease":"36166"},"geometry":{"type":"Point","coordinates":[-89.369739,29.98539]}},{"type":"Feature","properties":{"s":"mud","phase":"before","lease":"36166"},"geometry":{"type":"Point","coordinates":[-89.369961,29.985641]}},{"type":"Feature","properties":{"s":"mud","phase":"before","lease":"36166"},"geometry":{"type":"Point","coordinates":[-89.370106,29.985808]}},{"type":"Feature","properties":{"s":"mud","phase":"before","lease":"36166"},"geometry":{"type":"Point","coordinates":[-89.370251,29.985966]}},{"type":"Feature","properties":{"s":"firm","phase":"before","lease":"36166"},"geometry":{"type":"Point","coordinates":[-89.370389,29.986134]}},{"type":"Feature","properties":{"s":"scat","phase":"before","lease":"36166"},"geometry":{"type":"Point","coordinates":[-89.37057,29.986348]}},{"type":"Feature","properties":{"s":"reef","phase":"before","lease":"36166"},"geometry":{"type":"Point","coordinates":[-89.370713,29.986514]}},{"type":"Feature","properties":{"s":"mud","phase":"before","lease":"36166"},"geometry":{"type":"Point","coordinates":[-89.370899,29.986712]}},{"type":"Feature","properties":{"s":"scat","phase":"before","lease":"36166"},"geometry":{"type":"Point","coordinates":[-89.371071,29.986907]}},{"type":"Feature","properties":{"s":"firm","phase":"before","lease":"36166"},"geometry":{"type":"Point","coordinates":[-89.371163,29.987025]}},{"type":"Feature","properties":{"s":"firm","phase":"before","lease":"36166"},"geometry":{"type":"Point","coordinates":[-89.371352,29.987236]}},{"type":"Feature","properties":{"s":"mud","phase":"before","lease":"36166"},"geometry":{"type":"Point","coordinates":[-89.371539,29.987449]}},{"type":"Feature","properties":{"s":"firm","phase":"before","lease":"36166"},"geometry":{"type":"Point","coordinates":[-89.368481,29.983881]}},{"type":"Feature","properties":{"s":"buried","phase":"before","lease":"36166"},"geometry":{"type":"Point","coordinates":[-89.368605,29.984038]}},{"type":"Feature","properties":{"s":"buried","phase":"before","lease":"36166"},"geometry":{"type":"Point","coordinates":[-89.368605,29.984038]}},{"type":"Feature","properties":{"s":"buried","phase":"before","lease":"36166"},"geometry":{"type":"Point","coordinates":[-89.368738,29.98419]}},{"type":"Feature","properties":{"s":"firm","phase":"before","lease":"36166"},"geometry":{"type":"Point","coordinates":[-89.368871,29.984359]}},{"type":"Feature","properties":{"s":"firm","phase":"before","lease":"36166"},"geometry":{"type":"Point","coordinates":[-89.369037,29.984562]}},{"type":"Feature","properties":{"s":"firm","phase":"before","lease":"36166"},"geometry":{"type":"Point","coordinates":[-89.369167,29.984722]}},{"type":"Feature","properties":{"s":"mud","phase":"before","lease":"36166"},"geometry":{"type":"Point","coordinates":[-89.36938,29.98497]}},{"type":"Feature","properties":{"s":"firm","phase":"before","lease":"36166"},"geometry":{"type":"Point","coordinates":[-89.367216,29.982391]}},{"type":"Feature","properties":{"s":"firm","phase":"before","lease":"36166"},"geometry":{"type":"Point","coordinates":[-89.367348,29.982561]}},{"type":"Feature","properties":{"s":"firm","phase":"before","lease":"36166"},"geometry":{"type":"Point","coordinates":[-89.367518,29.98277]}},{"type":"Feature","properties":{"s":"firm","phase":"before","lease":"36166"},"geometry":{"type":"Point","coordinates":[-89.367586,29.982848]}},{"type":"Feature","properties":{"s":"firm","phase":"before","lease":"36166"},"geometry":{"type":"Point","coordinates":[-89.367757,29.983059]}},{"type":"Feature","properties":{"s":"firm","phase":"before","lease":"36166"},"geometry":{"type":"Point","coordinates":[-89.367795,29.983097]}},{"type":"Feature","properties":{"s":"firm","phase":"before","lease":"36166"},"geometry":{"type":"Point","coordinates":[-89.367933,29.983256]}},{"type":"Feature","properties":{"s":"firm","phase":"before","lease":"36166"},"geometry":{"type":"Point","coordinates":[-89.367933,29.983256]}},{"type":"Feature","properties":{"s":"firm","phase":"before","lease":"36166"},"geometry":{"type":"Point","coordinates":[-89.368125,29.983467]}},{"type":"Feature","properties":{"s":"buried","phase":"before","lease":"36166"},"geometry":{"type":"Point","coordinates":[-89.368296,29.983669]}},{"type":"Feature","properties":{"s":"firm","phase":"before","lease":"36166"},"geometry":{"type":"Point","coordinates":[-89.366872,29.981961]}},{"type":"Feature","properties":{"s":"firm","phase":"before","lease":"36166"},"geometry":{"type":"Point","coordinates":[-89.367005,29.982137]}},{"type":"Feature","properties":{"s":"firm","phase":"before","lease":"36166"},"geometry":{"type":"Point","coordinates":[-89.36711,29.982259]}},{"type":"Feature","properties":{"s":"firm","phase":"before","lease":"36166"},"geometry":{"type":"Point","coordinates":[-89.372266,29.985467]}},{"type":"Feature","properties":{"s":"scat","phase":"before","lease":"36166"},"geometry":{"type":"Point","coordinates":[-89.372309,29.985519]}},{"type":"Feature","properties":{"s":"scat","phase":"before","lease":"36166"},"geometry":{"type":"Point","coordinates":[-89.372399,29.985617]}},{"type":"Feature","properties":{"s":"firm","phase":"before","lease":"36166"},"geometry":{"type":"Point","coordinates":[-89.372613,29.985851]}},{"type":"Feature","properties":{"s":"firm","phase":"before","lease":"36166"},"geometry":{"type":"Point","coordinates":[-89.37292,29.98699]}},{"type":"Feature","properties":{"s":"buried","phase":"before","lease":"36166"},"geometry":{"type":"Point","coordinates":[-89.3727,29.986823]}},{"type":"Feature","properties":{"s":"buried","phase":"before","lease":"36166"},"geometry":{"type":"Point","coordinates":[-89.372593,29.986697]}},{"type":"Feature","properties":{"s":"firm","phase":"before","lease":"36166"},"geometry":{"type":"Point","coordinates":[-89.372488,29.986575]}},{"type":"Feature","properties":{"s":"firm","phase":"before","lease":"36166"},"geometry":{"type":"Point","coordinates":[-89.372351,29.986405]}},{"type":"Feature","properties":{"s":"firm","phase":"before","lease":"36166"},"geometry":{"type":"Point","coordinates":[-89.372246,29.986275]}},{"type":"Feature","properties":{"s":"firm","phase":"before","lease":"36166"},"geometry":{"type":"Point","coordinates":[-89.372103,29.986104]}},{"type":"Feature","properties":{"s":"firm","phase":"before","lease":"36166"},"geometry":{"type":"Point","coordinates":[-89.371892,29.985855]}},{"type":"Feature","properties":{"s":"firm","phase":"before","lease":"36166"},"geometry":{"type":"Point","coordinates":[-89.37169,29.985604]}},{"type":"Feature","properties":{"s":"firm","phase":"before","lease":"36166"},"geometry":{"type":"Point","coordinates":[-89.371584,29.985474]}},{"type":"Feature","properties":{"s":"firm","phase":"before","lease":"36166"},"geometry":{"type":"Point","coordinates":[-89.37142,29.985266]}},{"type":"Feature","properties":{"s":"firm","phase":"before","lease":"36166"},"geometry":{"type":"Point","coordinates":[-89.371245,29.985065]}},{"type":"Feature","properties":{"s":"firm","phase":"before","lease":"36166"},"geometry":{"type":"Point","coordinates":[-89.371068,29.984864]}},{"type":"Feature","properties":{"s":"firm","phase":"before","lease":"36166"},"geometry":{"type":"Point","coordinates":[-89.370939,29.984703]}},{"type":"Feature","properties":{"s":"firm","phase":"before","lease":"36166"},"geometry":{"type":"Point","coordinates":[-89.370848,29.984598]}},{"type":"Feature","properties":{"s":"firm","phase":"before","lease":"36166"},"geometry":{"type":"Point","coordinates":[-89.370818,29.984565]}},{"type":"Feature","properties":{"s":"firm","phase":"before","lease":"36166"},"geometry":{"type":"Point","coordinates":[-89.370718,29.98444]}},{"type":"Feature","properties":{"s":"firm","phase":"before","lease":"36166"},"geometry":{"type":"Point","coordinates":[-89.370598,29.984295]}},{"type":"Feature","properties":{"s":"firm","phase":"before","lease":"36166"},"geometry":{"type":"Point","coordinates":[-89.37047,29.984152]}},{"type":"Feature","properties":{"s":"firm","phase":"before","lease":"36166"},"geometry":{"type":"Point","coordinates":[-89.370379,29.984039]}},{"type":"Feature","properties":{"s":"firm","phase":"before","lease":"36166"},"geometry":{"type":"Point","coordinates":[-89.370312,29.983956]}},{"type":"Feature","properties":{"s":"firm","phase":"before","lease":"36166"},"geometry":{"type":"Point","coordinates":[-89.370215,29.983815]}},{"type":"Feature","properties":{"s":"firm","phase":"before","lease":"36166"},"geometry":{"type":"Point","coordinates":[-89.370117,29.983706]}},{"type":"Feature","properties":{"s":"firm","phase":"before","lease":"36166"},"geometry":{"type":"Point","coordinates":[-89.370002,29.983578]}},{"type":"Feature","properties":{"s":"firm","phase":"before","lease":"36166"},"geometry":{"type":"Point","coordinates":[-89.369898,29.983444]}},{"type":"Feature","properties":{"s":"firm","phase":"before","lease":"36166"},"geometry":{"type":"Point","coordinates":[-89.369813,29.983331]}},{"type":"Feature","properties":{"s":"firm","phase":"before","lease":"36166"},"geometry":{"type":"Point","coordinates":[-89.369726,29.983213]}},{"type":"Feature","properties":{"s":"firm","phase":"before","lease":"36166"},"geometry":{"type":"Point","coordinates":[-89.369641,29.983104]}},{"type":"Feature","properties":{"s":"firm","phase":"before","lease":"36166"},"geometry":{"type":"Point","coordinates":[-89.368717,29.982668]}},{"type":"Feature","properties":{"s":"firm","phase":"before","lease":"36166"},"geometry":{"type":"Point","coordinates":[-89.368861,29.982909]}},{"type":"Feature","properties":{"s":"firm","phase":"before","lease":"36166"},"geometry":{"type":"Point","coordinates":[-89.368955,29.983023]}},{"type":"Feature","properties":{"s":"firm","phase":"before","lease":"36166"},"geometry":{"type":"Point","coordinates":[-89.369091,29.983183]}},{"type":"Feature","properties":{"s":"firm","phase":"before","lease":"36166"},"geometry":{"type":"Point","coordinates":[-89.369266,29.983393]}},{"type":"Feature","properties":{"s":"firm","phase":"before","lease":"36166"},"geometry":{"type":"Point","coordinates":[-89.369442,29.983601]}},{"type":"Feature","properties":{"s":"firm","phase":"before","lease":"36166"},"geometry":{"type":"Point","coordinates":[-89.369577,29.983753]}},{"type":"Feature","properties":{"s":"firm","phase":"before","lease":"36166"},"geometry":{"type":"Point","coordinates":[-89.369705,29.98391]}},{"type":"Feature","properties":{"s":"firm","phase":"before","lease":"36166"},"geometry":{"type":"Point","coordinates":[-89.369871,29.984104]}},{"type":"Feature","properties":{"s":"firm","phase":"before","lease":"36166"},"geometry":{"type":"Point","coordinates":[-89.370006,29.984263]}},{"type":"Feature","properties":{"s":"firm","phase":"before","lease":"36166"},"geometry":{"type":"Point","coordinates":[-89.370196,29.984501]}},{"type":"Feature","properties":{"s":"mud","phase":"before","lease":"36166"},"geometry":{"type":"Point","coordinates":[-89.370371,29.984721]}},{"type":"Feature","properties":{"s":"mud","phase":"before","lease":"36166"},"geometry":{"type":"Point","coordinates":[-89.370518,29.984882]}},{"type":"Feature","properties":{"s":"mud","phase":"before","lease":"36166"},"geometry":{"type":"Point","coordinates":[-89.370661,29.985046]}},{"type":"Feature","properties":{"s":"mud","phase":"before","lease":"36166"},"geometry":{"type":"Point","coordinates":[-89.370792,29.985222]}},{"type":"Feature","properties":{"s":"firm","phase":"before","lease":"36166"},"geometry":{"type":"Point","coordinates":[-89.370984,29.985435]}},{"type":"Feature","properties":{"s":"scat","phase":"before","lease":"36166"},"geometry":{"type":"Point","coordinates":[-89.371122,29.985596]}},{"type":"Feature","properties":{"s":"firm","phase":"before","lease":"36166"},"geometry":{"type":"Point","coordinates":[-89.371295,29.985789]}},{"type":"Feature","properties":{"s":"buried","phase":"before","lease":"36166"},"geometry":{"type":"Point","coordinates":[-89.371475,29.985986]}},{"type":"Feature","properties":{"s":"mud","phase":"before","lease":"36166"},"geometry":{"type":"Point","coordinates":[-89.371653,29.986186]}},{"type":"Feature","properties":{"s":"mud","phase":"before","lease":"36166"},"geometry":{"type":"Point","coordinates":[-89.371787,29.986346]}},{"type":"Feature","properties":{"s":"mud","phase":"before","lease":"36166"},"geometry":{"type":"Point","coordinates":[-89.371968,29.986538]}},{"type":"Feature","properties":{"s":"mud","phase":"before","lease":"36166"},"geometry":{"type":"Point","coordinates":[-89.372121,29.986718]}},{"type":"Feature","properties":{"s":"buried","phase":"before","lease":"36166"},"geometry":{"type":"Point","coordinates":[-89.37223,29.986847]}},{"type":"Feature","properties":{"s":"firm","phase":"before","lease":"36166"},"geometry":{"type":"Point","coordinates":[-89.372362,29.987004]}},{"type":"Feature","properties":{"s":"firm","phase":"before","lease":"36166"},"geometry":{"type":"Point","coordinates":[-89.372448,29.987087]}},{"type":"Feature","properties":{"s":"firm","phase":"before","lease":"36166"},"geometry":{"type":"Point","coordinates":[-89.372608,29.987262]}},{"type":"Feature","properties":{"s":"mud","phase":"before","lease":"36166"},"geometry":{"type":"Point","coordinates":[-89.372724,29.987408]}},{"type":"Feature","properties":{"s":"firm","phase":"before","lease":"36166"},"geometry":{"type":"Point","coordinates":[-89.372857,29.987535]}},{"type":"Feature","properties":{"s":"firm","phase":"before","lease":"36166"},"geometry":{"type":"Point","coordinates":[-89.372955,29.987645]}},{"type":"Feature","properties":{"s":"mud","phase":"before","lease":"36166"},"geometry":{"type":"Point","coordinates":[-89.372997,29.987693]}},{"type":"Feature","properties":{"s":"firm","phase":"before","lease":"36166"},"geometry":{"type":"Point","coordinates":[-89.373077,29.987791]}},{"type":"Feature","properties":{"s":"firm","phase":"before","lease":"36166"},"geometry":{"type":"Point","coordinates":[-89.373163,29.987898]}},{"type":"Feature","properties":{"s":"mud","phase":"before","lease":"36166"},"geometry":{"type":"Point","coordinates":[-89.373278,29.988029]}},{"type":"Feature","properties":{"s":"firm","phase":"before","lease":"36166"},"geometry":{"type":"Point","coordinates":[-89.373567,29.989197]}},{"type":"Feature","properties":{"s":"firm","phase":"before","lease":"36166"},"geometry":{"type":"Point","coordinates":[-89.373417,29.989029]}},{"type":"Feature","properties":{"s":"mud","phase":"before","lease":"36166"},"geometry":{"type":"Point","coordinates":[-89.373351,29.988951]}},{"type":"Feature","properties":{"s":"mud","phase":"before","lease":"36166"},"geometry":{"type":"Point","coordinates":[-89.373261,29.988843]}},{"type":"Feature","properties":{"s":"mud","phase":"before","lease":"36166"},"geometry":{"type":"Point","coordinates":[-89.373174,29.98874]}},{"type":"Feature","properties":{"s":"firm","phase":"before","lease":"36166"},"geometry":{"type":"Point","coordinates":[-89.37306,29.988601]}},{"type":"Feature","properties":{"s":"firm","phase":"before","lease":"36166"},"geometry":{"type":"Point","coordinates":[-89.372933,29.988448]}},{"type":"Feature","properties":{"s":"buried","phase":"before","lease":"36166"},"geometry":{"type":"Point","coordinates":[-89.37285,29.98834]}},{"type":"Feature","properties":{"s":"firm","phase":"before","lease":"36166"},"geometry":{"type":"Point","coordinates":[-89.372742,29.988202]}},{"type":"Feature","properties":{"s":"firm","phase":"before","lease":"36166"},"geometry":{"type":"Point","coordinates":[-89.372622,29.988056]}},{"type":"Feature","properties":{"s":"mud","phase":"before","lease":"36166"},"geometry":{"type":"Point","coordinates":[-89.374144,29.991791]}},{"type":"Feature","properties":{"s":"firm","phase":"before","lease":"36166"},"geometry":{"type":"Point","coordinates":[-89.374213,29.99187]}},{"type":"Feature","properties":{"s":"firm","phase":"before","lease":"36166"},"geometry":{"type":"Point","coordinates":[-89.374395,29.992084]}},{"type":"Feature","properties":{"s":"firm","phase":"before","lease":"36166"},"geometry":{"type":"Point","coordinates":[-89.374595,29.992328]}},{"type":"Feature","properties":{"s":"firm","phase":"before","lease":"36166"},"geometry":{"type":"Point","coordinates":[-89.374736,29.992879]}},{"type":"Feature","properties":{"s":"firm","phase":"before","lease":"36166"},"geometry":{"type":"Point","coordinates":[-89.374407,29.992923]}},{"type":"Feature","properties":{"s":"firm","phase":"before","lease":"36166"},"geometry":{"type":"Point","coordinates":[-89.374225,29.992774]}},{"type":"Feature","properties":{"s":"firm","phase":"before","lease":"36166"},"geometry":{"type":"Point","coordinates":[-89.374118,29.992642]}},{"type":"Feature","properties":{"s":"firm","phase":"before","lease":"36166"},"geometry":{"type":"Point","coordinates":[-89.373938,29.992421]}},{"type":"Feature","properties":{"s":"firm","phase":"before","lease":"36166"},"geometry":{"type":"Point","coordinates":[-89.373824,29.992291]}},{"type":"Feature","properties":{"s":"firm","phase":"before","lease":"36166"},"geometry":{"type":"Point","coordinates":[-89.373674,29.99212]}},{"type":"Feature","properties":{"s":"firm","phase":"before","lease":"36166"},"geometry":{"type":"Point","coordinates":[-89.373497,29.991907]}},{"type":"Feature","properties":{"s":"firm","phase":"before","lease":"36166"},"geometry":{"type":"Point","coordinates":[-89.373349,29.991733]}},{"type":"Feature","properties":{"s":"firm","phase":"before","lease":"36166"},"geometry":{"type":"Point","coordinates":[-89.373202,29.991561]}},{"type":"Feature","properties":{"s":"firm","phase":"before","lease":"36166"},"geometry":{"type":"Point","coordinates":[-89.373044,29.99139]}},{"type":"Feature","properties":{"s":"firm","phase":"before","lease":"36166"},"geometry":{"type":"Point","coordinates":[-89.3729,29.991223]}},{"type":"Feature","properties":{"s":"firm","phase":"before","lease":"36166"},"geometry":{"type":"Point","coordinates":[-89.372716,29.991013]}},{"type":"Feature","properties":{"s":"firm","phase":"before","lease":"36166"},"geometry":{"type":"Point","coordinates":[-89.372534,29.990799]}},{"type":"Feature","properties":{"s":"firm","phase":"before","lease":"36166"},"geometry":{"type":"Point","coordinates":[-89.372319,29.990546]}},{"type":"Feature","properties":{"s":"firm","phase":"before","lease":"36166"},"geometry":{"type":"Point","coordinates":[-89.372181,29.990377]}},{"type":"Feature","properties":{"s":"firm","phase":"before","lease":"36166"},"geometry":{"type":"Point","coordinates":[-89.372038,29.990197]}},{"type":"Feature","properties":{"s":"firm","phase":"before","lease":"36166"},"geometry":{"type":"Point","coordinates":[-89.371858,29.989985]}},{"type":"Feature","properties":{"s":"firm","phase":"before","lease":"36166"},"geometry":{"type":"Point","coordinates":[-89.371716,29.989817]}},{"type":"Feature","properties":{"s":"firm","phase":"before","lease":"36166"},"geometry":{"type":"Point","coordinates":[-89.371572,29.989646]}},{"type":"Feature","properties":{"s":"firm","phase":"before","lease":"36166"},"geometry":{"type":"Point","coordinates":[-89.371392,29.989435]}},{"type":"Feature","properties":{"s":"firm","phase":"before","lease":"36166"},"geometry":{"type":"Point","coordinates":[-89.371253,29.989264]}},{"type":"Feature","properties":{"s":"firm","phase":"before","lease":"36166"},"geometry":{"type":"Point","coordinates":[-89.371111,29.989092]}},{"type":"Feature","properties":{"s":"firm","phase":"before","lease":"36166"},"geometry":{"type":"Point","coordinates":[-89.370924,29.988882]}},{"type":"Feature","properties":{"s":"firm","phase":"before","lease":"36166"},"geometry":{"type":"Point","coordinates":[-89.370781,29.988713]}},{"type":"Feature","properties":{"s":"firm","phase":"before","lease":"36166"},"geometry":{"type":"Point","coordinates":[-89.370599,29.98849]}},{"type":"Feature","properties":{"s":"firm","phase":"before","lease":"36166"},"geometry":{"type":"Point","coordinates":[-89.370448,29.988318]}},{"type":"Feature","properties":{"s":"firm","phase":"before","lease":"36166"},"geometry":{"type":"Point","coordinates":[-89.370306,29.988141]}},{"type":"Feature","properties":{"s":"firm","phase":"before","lease":"36166"},"geometry":{"type":"Point","coordinates":[-89.370162,29.987967]}},{"type":"Feature","properties":{"s":"firm","phase":"before","lease":"36166"},"geometry":{"type":"Point","coordinates":[-89.370019,29.987794]}},{"type":"Feature","properties":{"s":"firm","phase":"before","lease":"36166"},"geometry":{"type":"Point","coordinates":[-89.369805,29.987542]}},{"type":"Feature","properties":{"s":"firm","phase":"before","lease":"36166"},"geometry":{"type":"Point","coordinates":[-89.369623,29.987321]}},{"type":"Feature","properties":{"s":"firm","phase":"before","lease":"36166"},"geometry":{"type":"Point","coordinates":[-89.369484,29.987146]}},{"type":"Feature","properties":{"s":"firm","phase":"before","lease":"36166"},"geometry":{"type":"Point","coordinates":[-89.369346,29.986976]}},{"type":"Feature","properties":{"s":"firm","phase":"before","lease":"36166"},"geometry":{"type":"Point","coordinates":[-89.369164,29.98676]}},{"type":"Feature","properties":{"s":"firm","phase":"before","lease":"36166"},"geometry":{"type":"Point","coordinates":[-89.368977,29.986546]}},{"type":"Feature","properties":{"s":"firm","phase":"before","lease":"36166"},"geometry":{"type":"Point","coordinates":[-89.368811,29.986346]}},{"type":"Feature","properties":{"s":"scat","phase":"before","lease":"36166"},"geometry":{"type":"Point","coordinates":[-89.368689,29.986192]}},{"type":"Feature","properties":{"s":"firm","phase":"before","lease":"36166"},"geometry":{"type":"Point","coordinates":[-89.36855,29.98602]}},{"type":"Feature","properties":{"s":"firm","phase":"before","lease":"36166"},"geometry":{"type":"Point","coordinates":[-89.368444,29.985887]}},{"type":"Feature","properties":{"s":"firm","phase":"before","lease":"36166"},"geometry":{"type":"Point","coordinates":[-89.368349,29.985772]}},{"type":"Feature","properties":{"s":"firm","phase":"before","lease":"36166"},"geometry":{"type":"Point","coordinates":[-89.368246,29.985641]}},{"type":"Feature","properties":{"s":"firm","phase":"before","lease":"36166"},"geometry":{"type":"Point","coordinates":[-89.368144,29.985514]}},{"type":"Feature","properties":{"s":"firm","phase":"before","lease":"36166"},"geometry":{"type":"Point","coordinates":[-89.368023,29.985373]}},{"type":"Feature","properties":{"s":"firm","phase":"before","lease":"36166"},"geometry":{"type":"Point","coordinates":[-89.367848,29.985159]}},{"type":"Feature","properties":{"s":"firm","phase":"before","lease":"36166"},"geometry":{"type":"Point","coordinates":[-89.367632,29.984903]}},{"type":"Feature","properties":{"s":"firm","phase":"before","lease":"36166"},"geometry":{"type":"Point","coordinates":[-89.367489,29.984727]}},{"type":"Feature","properties":{"s":"firm","phase":"before","lease":"36166"},"geometry":{"type":"Point","coordinates":[-89.367299,29.984475]}},{"type":"Feature","properties":{"s":"firm","phase":"before","lease":"36166"},"geometry":{"type":"Point","coordinates":[-89.367221,29.984364]}},{"type":"Feature","properties":{"s":"firm","phase":"before","lease":"36166"},"geometry":{"type":"Point","coordinates":[-89.367096,29.984191]}},{"type":"Feature","properties":{"s":"buried","phase":"before","lease":"36166"},"geometry":{"type":"Point","coordinates":[-89.366967,29.984]}},{"type":"Feature","properties":{"s":"buried","phase":"before","lease":"36166"},"geometry":{"type":"Point","coordinates":[-89.366879,29.983874]}},{"type":"Feature","properties":{"s":"firm","phase":"before","lease":"36166"},"geometry":{"type":"Point","coordinates":[-89.366761,29.98369]}},{"type":"Feature","properties":{"s":"firm","phase":"before","lease":"36166"},"geometry":{"type":"Point","coordinates":[-89.36669,29.98358]}},{"type":"Feature","properties":{"s":"firm","phase":"before","lease":"36166"},"geometry":{"type":"Point","coordinates":[-89.366589,29.983447]}},{"type":"Feature","properties":{"s":"firm","phase":"before","lease":"36166"},"geometry":{"type":"Point","coordinates":[-89.366437,29.983285]}},{"type":"Feature","properties":{"s":"firm","phase":"before","lease":"36166"},"geometry":{"type":"Point","coordinates":[-89.366348,29.98322]}},{"type":"Feature","properties":{"s":"firm","phase":"before","lease":"36166"},"geometry":{"type":"Point","coordinates":[-89.366155,29.983204]}},{"type":"Feature","properties":{"s":"firm","phase":"before","lease":"36166"},"geometry":{"type":"Point","coordinates":[-89.366017,29.983271]}},{"type":"Feature","properties":{"s":"mud","phase":"before","lease":"36166"},"geometry":{"type":"Point","coordinates":[-89.365953,29.983434]}},{"type":"Feature","properties":{"s":"mud","phase":"before","lease":"36166"},"geometry":{"type":"Point","coordinates":[-89.366012,29.98365]}},{"type":"Feature","properties":{"s":"mud","phase":"before","lease":"36166"},"geometry":{"type":"Point","coordinates":[-89.366091,29.983775]}},{"type":"Feature","properties":{"s":"firm","phase":"before","lease":"36166"},"geometry":{"type":"Point","coordinates":[-89.366239,29.983975]}},{"type":"Feature","properties":{"s":"firm","phase":"before","lease":"36166"},"geometry":{"type":"Point","coordinates":[-89.366326,29.984089]}},{"type":"Feature","properties":{"s":"firm","phase":"before","lease":"36166"},"geometry":{"type":"Point","coordinates":[-89.3665,29.984293]}},{"type":"Feature","properties":{"s":"firm","phase":"before","lease":"36166"},"geometry":{"type":"Point","coordinates":[-89.3666,29.984414]}},{"type":"Feature","properties":{"s":"firm","phase":"before","lease":"36166"},"geometry":{"type":"Point","coordinates":[-89.366702,29.984538]}},{"type":"Feature","properties":{"s":"firm","phase":"before","lease":"36166"},"geometry":{"type":"Point","coordinates":[-89.366837,29.984699]}},{"type":"Feature","properties":{"s":"firm","phase":"before","lease":"36166"},"geometry":{"type":"Point","coordinates":[-89.366986,29.984852]}},{"type":"Feature","properties":{"s":"firm","phase":"before","lease":"36166"},"geometry":{"type":"Point","coordinates":[-89.36712,29.985006]}},{"type":"Feature","properties":{"s":"firm","phase":"before","lease":"36166"},"geometry":{"type":"Point","coordinates":[-89.367237,29.985163]}},{"type":"Feature","properties":{"s":"firm","phase":"before","lease":"36166"},"geometry":{"type":"Point","coordinates":[-89.367406,29.985366]}},{"type":"Feature","properties":{"s":"firm","phase":"before","lease":"36166"},"geometry":{"type":"Point","coordinates":[-89.367556,29.985519]}},{"type":"Feature","properties":{"s":"firm","phase":"before","lease":"36166"},"geometry":{"type":"Point","coordinates":[-89.367681,29.985691]}},{"type":"Feature","properties":{"s":"firm","phase":"before","lease":"36166"},"geometry":{"type":"Point","coordinates":[-89.367814,29.98585]}},{"type":"Feature","properties":{"s":"firm","phase":"before","lease":"36166"},"geometry":{"type":"Point","coordinates":[-89.367988,29.98606]}},{"type":"Feature","properties":{"s":"firm","phase":"before","lease":"36166"},"geometry":{"type":"Point","coordinates":[-89.368089,29.986183]}},{"type":"Feature","properties":{"s":"scat","phase":"before","lease":"36166"},"geometry":{"type":"Point","coordinates":[-89.36819,29.986307]}},{"type":"Feature","properties":{"s":"firm","phase":"before","lease":"36166"},"geometry":{"type":"Point","coordinates":[-89.368361,29.986518]}},{"type":"Feature","properties":{"s":"firm","phase":"before","lease":"36166"},"geometry":{"type":"Point","coordinates":[-89.368509,29.986716]}},{"type":"Feature","properties":{"s":"firm","phase":"before","lease":"36166"},"geometry":{"type":"Point","coordinates":[-89.368647,29.986885]}},{"type":"Feature","properties":{"s":"firm","phase":"before","lease":"36166"},"geometry":{"type":"Point","coordinates":[-89.368751,29.987007]}},{"type":"Feature","properties":{"s":"firm","phase":"before","lease":"36166"},"geometry":{"type":"Point","coordinates":[-89.368883,29.987167]}},{"type":"Feature","properties":{"s":"firm","phase":"before","lease":"36166"},"geometry":{"type":"Point","coordinates":[-89.36907,29.987373]}},{"type":"Feature","properties":{"s":"firm","phase":"before","lease":"36166"},"geometry":{"type":"Point","coordinates":[-89.369243,29.987598]}},{"type":"Feature","properties":{"s":"firm","phase":"before","lease":"36166"},"geometry":{"type":"Point","coordinates":[-89.369392,29.987768]}},{"type":"Feature","properties":{"s":"firm","phase":"before","lease":"36166"},"geometry":{"type":"Point","coordinates":[-89.366971,29.991176]}},{"type":"Feature","properties":{"s":"firm","phase":"before","lease":"36166"},"geometry":{"type":"Point","coordinates":[-89.366876,29.991062]}},{"type":"Feature","properties":{"s":"mud","phase":"before","lease":"36166"},"geometry":{"type":"Point","coordinates":[-89.366813,29.990977]}},{"type":"Feature","properties":{"s":"mud","phase":"before","lease":"36166"},"geometry":{"type":"Point","coordinates":[-89.36676,29.990914]}},{"type":"Feature","properties":{"s":"firm","phase":"before","lease":"36166"},"geometry":{"type":"Point","coordinates":[-89.366674,29.990806]}},{"type":"Feature","properties":{"s":"firm","phase":"before","lease":"36166"},"geometry":{"type":"Point","coordinates":[-89.366584,29.990696]}},{"type":"Feature","properties":{"s":"mud","phase":"before","lease":"36166"},"geometry":{"type":"Point","coordinates":[-89.366513,29.990604]}},{"type":"Feature","properties":{"s":"mud","phase":"before","lease":"36166"},"geometry":{"type":"Point","coordinates":[-89.366442,29.990513]}},{"type":"Feature","properties":{"s":"firm","phase":"before","lease":"36166"},"geometry":{"type":"Point","coordinates":[-89.371798,29.984223]}},{"type":"Feature","properties":{"s":"firm","phase":"before","lease":"36166"},"geometry":{"type":"Point","coordinates":[-89.371738,29.984144]}},{"type":"Feature","properties":{"s":"firm","phase":"before","lease":"36166"},"geometry":{"type":"Point","coordinates":[-89.37165,29.984048]}},{"type":"Feature","properties":{"s":"firm","phase":"before","lease":"36166"},"geometry":{"type":"Point","coordinates":[-89.371542,29.983977]}},{"type":"Feature","properties":{"s":"firm","phase":"before","lease":"36166"},"geometry":{"type":"Point","coordinates":[-89.370673,29.983578]}},{"type":"Feature","properties":{"s":"firm","phase":"before","lease":"36166"},"geometry":{"type":"Point","coordinates":[-89.370877,29.983842]}},{"type":"Feature","properties":{"s":"firm","phase":"before","lease":"36166"},"geometry":{"type":"Point","coordinates":[-89.371069,29.98406]}},{"type":"Feature","properties":{"s":"firm","phase":"before","lease":"36166"},"geometry":{"type":"Point","coordinates":[-89.371216,29.984225]}},{"type":"Feature","properties":{"s":"scat","phase":"before","lease":"36166"},"geometry":{"type":"Point","coordinates":[-89.371397,29.98444]}},{"type":"Feature","properties":{"s":"buried","phase":"before","lease":"36166"},"geometry":{"type":"Point","coordinates":[-89.371504,29.984576]}},{"type":"Feature","properties":{"s":"buried","phase":"before","lease":"36166"},"geometry":{"type":"Point","coordinates":[-89.371729,29.984837]}},{"type":"Feature","properties":{"s":"firm","phase":"before","lease":"36166"},"geometry":{"type":"Point","coordinates":[-89.371942,29.985092]}},{"type":"Feature","properties":{"s":"firm","phase":"before","lease":"36166"},"geometry":{"type":"Point","coordinates":[-89.372068,29.985249]}},{"type":"Feature","properties":{"s":"firm","phase":"before","lease":"36166"},"geometry":{"type":"Point","coordinates":[-89.372217,29.98541]}},{"type":"Feature","properties":{"s":"mud","phase":"before","lease":"36166"},"geometry":{"type":"Point","coordinates":[-89.372528,29.987946]}},{"type":"Feature","properties":{"s":"mud","phase":"before","lease":"36166"},"geometry":{"type":"Point","coordinates":[-89.372419,29.987816]}},{"type":"Feature","properties":{"s":"firm","phase":"before","lease":"36166"},"geometry":{"type":"Point","coordinates":[-89.372297,29.987681]}},{"type":"Feature","properties":{"s":"firm","phase":"before","lease":"36166"},"geometry":{"type":"Point","coordinates":[-89.372183,29.987552]}},{"type":"Feature","properties":{"s":"buried","phase":"before","lease":"36166"},"geometry":{"type":"Point","coordinates":[-89.37208,29.987435]}},{"type":"Feature","properties":{"s":"mud","phase":"before","lease":"36166"},"geometry":{"type":"Point","coordinates":[-89.371922,29.987248]}},{"type":"Feature","properties":{"s":"mud","phase":"before","lease":"36166"},"geometry":{"type":"Point","coordinates":[-89.371802,29.987106]}},{"type":"Feature","properties":{"s":"reef","phase":"before","lease":"36166"},"geometry":{"type":"Point","coordinates":[-89.371639,29.98692]}},{"type":"Feature","properties":{"s":"reef","phase":"before","lease":"36166"},"geometry":{"type":"Point","coordinates":[-89.371549,29.986805]}},{"type":"Feature","properties":{"s":"scat","phase":"before","lease":"36166"},"geometry":{"type":"Point","coordinates":[-89.371437,29.986659]}},{"type":"Feature","properties":{"s":"reef","phase":"before","lease":"36166"},"geometry":{"type":"Point","coordinates":[-89.371329,29.986529]}},{"type":"Feature","properties":{"s":"scat","phase":"before","lease":"36166"},"geometry":{"type":"Point","coordinates":[-89.371227,29.986403]}},{"type":"Feature","properties":{"s":"scat","phase":"before","lease":"36166"},"geometry":{"type":"Point","coordinates":[-89.371135,29.98628]}},{"type":"Feature","properties":{"s":"mud","phase":"before","lease":"36166"},"geometry":{"type":"Point","coordinates":[-89.37102,29.986145]}},{"type":"Feature","properties":{"s":"firm","phase":"before","lease":"36166"},"geometry":{"type":"Point","coordinates":[-89.370904,29.98602]}},{"type":"Feature","properties":{"s":"mud","phase":"before","lease":"36166"},"geometry":{"type":"Point","coordinates":[-89.370837,29.985945]}},{"type":"Feature","properties":{"s":"mud","phase":"before","lease":"36166"},"geometry":{"type":"Point","coordinates":[-89.37072,29.985812]}},{"type":"Feature","properties":{"s":"firm","phase":"before","lease":"36166"},"geometry":{"type":"Point","coordinates":[-89.370612,29.985673]}},{"type":"Feature","properties":{"s":"firm","phase":"before","lease":"36166"},"geometry":{"type":"Point","coordinates":[-89.370532,29.985567]}},{"type":"Feature","properties":{"s":"firm","phase":"before","lease":"36166"},"geometry":{"type":"Point","coordinates":[-89.370434,29.985457]}},{"type":"Feature","properties":{"s":"firm","phase":"before","lease":"36166"},"geometry":{"type":"Point","coordinates":[-89.370327,29.985332]}},{"type":"Feature","properties":{"s":"firm","phase":"before","lease":"36166"},"geometry":{"type":"Point","coordinates":[-89.37024,29.98523]}},{"type":"Feature","properties":{"s":"firm","phase":"before","lease":"36166"},"geometry":{"type":"Point","coordinates":[-89.370155,29.985121]}},{"type":"Feature","properties":{"s":"firm","phase":"before","lease":"36166"},"geometry":{"type":"Point","coordinates":[-89.370067,29.985019]}},{"type":"Feature","properties":{"s":"firm","phase":"before","lease":"36166"},"geometry":{"type":"Point","coordinates":[-89.37,29.984941]}},{"type":"Feature","properties":{"s":"firm","phase":"before","lease":"36166"},"geometry":{"type":"Point","coordinates":[-89.369887,29.984815]}},{"type":"Feature","properties":{"s":"firm","phase":"before","lease":"36166"},"geometry":{"type":"Point","coordinates":[-89.369799,29.984718]}},{"type":"Feature","properties":{"s":"firm","phase":"before","lease":"36166"},"geometry":{"type":"Point","coordinates":[-89.369689,29.984591]}},{"type":"Feature","properties":{"s":"firm","phase":"before","lease":"36166"},"geometry":{"type":"Point","coordinates":[-89.369592,29.984481]}},{"type":"Feature","properties":{"s":"mud","phase":"before","lease":"36166"},"geometry":{"type":"Point","coordinates":[-89.370526,29.987681]}},{"type":"Feature","properties":{"s":"mud","phase":"before","lease":"36166"},"geometry":{"type":"Point","coordinates":[-89.36952,29.984378]}},{"type":"Feature","properties":{"s":"firm","phase":"before","lease":"36166"},"geometry":{"type":"Point","coordinates":[-89.370679,29.987864]}},{"type":"Feature","properties":{"s":"mud","phase":"before","lease":"36166"},"geometry":{"type":"Point","coordinates":[-89.369463,29.984303]}},{"type":"Feature","properties":{"s":"firm","phase":"before","lease":"36166"},"geometry":{"type":"Point","coordinates":[-89.370868,29.988091]}},{"type":"Feature","properties":{"s":"mud","phase":"before","lease":"36166"},"geometry":{"type":"Point","coordinates":[-89.369352,29.984172]}},{"type":"Feature","properties":{"s":"firm","phase":"before","lease":"36166"},"geometry":{"type":"Point","coordinates":[-89.371021,29.988269]}},{"type":"Feature","properties":{"s":"mud","phase":"before","lease":"36166"},"geometry":{"type":"Point","coordinates":[-89.371207,29.988493]}},{"type":"Feature","properties":{"s":"firm","phase":"before","lease":"36166"},"geometry":{"type":"Point","coordinates":[-89.36931,29.984118]}},{"type":"Feature","properties":{"s":"firm","phase":"before","lease":"36166"},"geometry":{"type":"Point","coordinates":[-89.369246,29.984037]}},{"type":"Feature","properties":{"s":"firm","phase":"before","lease":"36166"},"geometry":{"type":"Point","coordinates":[-89.371387,29.988706]}},{"type":"Feature","properties":{"s":"firm","phase":"before","lease":"36166"},"geometry":{"type":"Point","coordinates":[-89.369184,29.983958]}},{"type":"Feature","properties":{"s":"firm","phase":"before","lease":"36166"},"geometry":{"type":"Point","coordinates":[-89.371531,29.988879]}},{"type":"Feature","properties":{"s":"firm","phase":"before","lease":"36166"},"geometry":{"type":"Point","coordinates":[-89.369102,29.983859]}},{"type":"Feature","properties":{"s":"mud","phase":"before","lease":"36166"},"geometry":{"type":"Point","coordinates":[-89.371715,29.989091]}},{"type":"Feature","properties":{"s":"firm","phase":"before","lease":"36166"},"geometry":{"type":"Point","coordinates":[-89.368995,29.983732]}},{"type":"Feature","properties":{"s":"mud","phase":"before","lease":"36166"},"geometry":{"type":"Point","coordinates":[-89.371894,29.989299]}},{"type":"Feature","properties":{"s":"firm","phase":"before","lease":"36166"},"geometry":{"type":"Point","coordinates":[-89.368904,29.983625]}},{"type":"Feature","properties":{"s":"firm","phase":"before","lease":"36166"},"geometry":{"type":"Point","coordinates":[-89.372054,29.989469]}},{"type":"Feature","properties":{"s":"firm","phase":"before","lease":"36166"},"geometry":{"type":"Point","coordinates":[-89.368819,29.983532]}},{"type":"Feature","properties":{"s":"firm","phase":"before","lease":"36166"},"geometry":{"type":"Point","coordinates":[-89.372243,29.989679]}},{"type":"Feature","properties":{"s":"firm","phase":"before","lease":"36166"},"geometry":{"type":"Point","coordinates":[-89.368705,29.983408]}},{"type":"Feature","properties":{"s":"firm","phase":"before","lease":"36166"},"geometry":{"type":"Point","coordinates":[-89.372387,29.989832]}},{"type":"Feature","properties":{"s":"firm","phase":"before","lease":"36166"},"geometry":{"type":"Point","coordinates":[-89.368589,29.983277]}},{"type":"Feature","properties":{"s":"mud","phase":"before","lease":"36166"},"geometry":{"type":"Point","coordinates":[-89.372525,29.989992]}},{"type":"Feature","properties":{"s":"firm","phase":"before","lease":"36166"},"geometry":{"type":"Point","coordinates":[-89.3685,29.983169]}},{"type":"Feature","properties":{"s":"scat","phase":"before","lease":"36166"},"geometry":{"type":"Point","coordinates":[-89.372674,29.990168]}},{"type":"Feature","properties":{"s":"firm","phase":"before","lease":"36166"},"geometry":{"type":"Point","coordinates":[-89.36839,29.983039]}},{"type":"Feature","properties":{"s":"mud","phase":"before","lease":"36166"},"geometry":{"type":"Point","coordinates":[-89.37286,29.990379]}},{"type":"Feature","properties":{"s":"firm","phase":"before","lease":"36166"},"geometry":{"type":"Point","coordinates":[-89.368309,29.982939]}},{"type":"Feature","properties":{"s":"mud","phase":"before","lease":"36166"},"geometry":{"type":"Point","coordinates":[-89.373009,29.990536]}},{"type":"Feature","properties":{"s":"firm","phase":"before","lease":"36166"},"geometry":{"type":"Point","coordinates":[-89.368229,29.982837]}},{"type":"Feature","properties":{"s":"mud","phase":"before","lease":"36166"},"geometry":{"type":"Point","coordinates":[-89.37316,29.990709]}},{"type":"Feature","properties":{"s":"scat","phase":"before","lease":"36166"},"geometry":{"type":"Point","coordinates":[-89.368129,29.982701]}},{"type":"Feature","properties":{"s":"scat","phase":"before","lease":"36166"},"geometry":{"type":"Point","coordinates":[-89.373321,29.990873]}},{"type":"Feature","properties":{"s":"firm","phase":"before","lease":"36166"},"geometry":{"type":"Point","coordinates":[-89.368033,29.982566]}},{"type":"Feature","properties":{"s":"reef","phase":"before","lease":"36166"},"geometry":{"type":"Point","coordinates":[-89.373464,29.991036]}},{"type":"Feature","properties":{"s":"firm","phase":"before","lease":"36166"},"geometry":{"type":"Point","coordinates":[-89.367967,29.982465]}},{"type":"Feature","properties":{"s":"firm","phase":"before","lease":"36166"},"geometry":{"type":"Point","coordinates":[-89.37365,29.991249]}},{"type":"Feature","properties":{"s":"firm","phase":"before","lease":"36166"},"geometry":{"type":"Point","coordinates":[-89.373853,29.991455]}},{"type":"Feature","properties":{"s":"firm","phase":"before","lease":"36166"},"geometry":{"type":"Point","coordinates":[-89.367871,29.982323]}},{"type":"Feature","properties":{"s":"firm","phase":"before","lease":"36166"},"geometry":{"type":"Point","coordinates":[-89.373994,29.991628]}},{"type":"Feature","properties":{"s":"scat","phase":"before","lease":"36166"},"geometry":{"type":"Point","coordinates":[-89.36696,29.981948]}},{"type":"Feature","properties":{"s":"mud","phase":"before","lease":"36166"},"geometry":{"type":"Point","coordinates":[-89.367057,29.982071]}},{"type":"Feature","properties":{"s":"firm","phase":"before","lease":"36166"},"geometry":{"type":"Point","coordinates":[-89.367241,29.982293]}},{"type":"Feature","properties":{"s":"firm","phase":"before","lease":"36166"},"geometry":{"type":"Point","coordinates":[-89.367392,29.982461]}},{"type":"Feature","properties":{"s":"firm","phase":"before","lease":"36166"},"geometry":{"type":"Point","coordinates":[-89.367501,29.98258]}},{"type":"Feature","properties":{"s":"firm","phase":"before","lease":"36166"},"geometry":{"type":"Point","coordinates":[-89.367585,29.982676]}},{"type":"Feature","properties":{"s":"firm","phase":"before","lease":"36166"},"geometry":{"type":"Point","coordinates":[-89.367719,29.982816]}},{"type":"Feature","properties":{"s":"firm","phase":"before","lease":"36166"},"geometry":{"type":"Point","coordinates":[-89.367798,29.98291]}},{"type":"Feature","properties":{"s":"mud","phase":"before","lease":"36166"},"geometry":{"type":"Point","coordinates":[-89.36897,29.985816]}},{"type":"Feature","properties":{"s":"firm","phase":"before","lease":"36166"},"geometry":{"type":"Point","coordinates":[-89.369171,29.986045]}},{"type":"Feature","properties":{"s":"firm","phase":"before","lease":"36166"},"geometry":{"type":"Point","coordinates":[-89.369322,29.986213]}},{"type":"Feature","properties":{"s":"firm","phase":"before","lease":"36166"},"geometry":{"type":"Point","coordinates":[-89.369515,29.986431]}},{"type":"Feature","properties":{"s":"firm","phase":"before","lease":"36166"},"geometry":{"type":"Point","coordinates":[-89.369694,29.986657]}},{"type":"Feature","properties":{"s":"mud","phase":"before","lease":"36166"},"geometry":{"type":"Point","coordinates":[-89.36987,29.986875]}},{"type":"Feature","properties":{"s":"firm","phase":"before","lease":"36166"},"geometry":{"type":"Point","coordinates":[-89.370036,29.987081]}},{"type":"Feature","properties":{"s":"firm","phase":"before","lease":"36166"},"geometry":{"type":"Point","coordinates":[-89.37018,29.987247]}},{"type":"Feature","properties":{"s":"firm","phase":"before","lease":"36166"},"geometry":{"type":"Point","coordinates":[-89.370349,29.987456]}},{"type":"Feature","properties":{"s":"firm","phase":"before","lease":"36166"},"geometry":{"type":"Point","coordinates":[-89.36637,29.990425]}},{"type":"Feature","properties":{"s":"mud","phase":"before","lease":"36166"},"geometry":{"type":"Point","coordinates":[-89.366297,29.990338]}},{"type":"Feature","properties":{"s":"firm","phase":"before","lease":"36166"},"geometry":{"type":"Point","coordinates":[-89.366226,29.990251]}},{"type":"Feature","properties":{"s":"firm","phase":"before","lease":"36166"},"geometry":{"type":"Point","coordinates":[-89.366155,29.990166]}},{"type":"Feature","properties":{"s":"firm","phase":"before","lease":"36166"},"geometry":{"type":"Point","coordinates":[-89.366073,29.990059]}},{"type":"Feature","properties":{"s":"firm","phase":"before","lease":"36166"},"geometry":{"type":"Point","coordinates":[-89.366,29.989971]}},{"type":"Feature","properties":{"s":"mud","phase":"before","lease":"36166"},"geometry":{"type":"Point","coordinates":[-89.365931,29.98987]}},{"type":"Feature","properties":{"s":"mud","phase":"before","lease":"36166"},"geometry":{"type":"Point","coordinates":[-89.365865,29.989783]}},{"type":"Feature","properties":{"s":"mud","phase":"before","lease":"36166"},"geometry":{"type":"Point","coordinates":[-89.365803,29.989691]}},{"type":"Feature","properties":{"s":"firm","phase":"before","lease":"36166"},"geometry":{"type":"Point","coordinates":[-89.365741,29.9896]}},{"type":"Feature","properties":{"s":"firm","phase":"before","lease":"36166"},"geometry":{"type":"Point","coordinates":[-89.365678,29.989507]}},{"type":"Feature","properties":{"s":"firm","phase":"before","lease":"36166"},"geometry":{"type":"Point","coordinates":[-89.365616,29.98942]}},{"type":"Feature","properties":{"s":"firm","phase":"before","lease":"36166"},"geometry":{"type":"Point","coordinates":[-89.365551,29.989328]}},{"type":"Feature","properties":{"s":"firm","phase":"before","lease":"36166"},"geometry":{"type":"Point","coordinates":[-89.365478,29.989236]}},{"type":"Feature","properties":{"s":"firm","phase":"before","lease":"36166"},"geometry":{"type":"Point","coordinates":[-89.365401,29.989151]}},{"type":"Feature","properties":{"s":"firm","phase":"before","lease":"36166"},"geometry":{"type":"Point","coordinates":[-89.365341,29.989086]}},{"type":"Feature","properties":{"s":"firm","phase":"before","lease":"36166"},"geometry":{"type":"Point","coordinates":[-89.365241,29.988989]}},{"type":"Feature","properties":{"s":"mud","phase":"before","lease":"36166"},"geometry":{"type":"Point","coordinates":[-89.36475,29.989183]}},{"type":"Feature","properties":{"s":"firm","phase":"before","lease":"36166"},"geometry":{"type":"Point","coordinates":[-89.364816,29.989274]}},{"type":"Feature","properties":{"s":"firm","phase":"before","lease":"36166"},"geometry":{"type":"Point","coordinates":[-89.364887,29.989358]}},{"type":"Feature","properties":{"s":"mud","phase":"before","lease":"36166"},"geometry":{"type":"Point","coordinates":[-89.364967,29.989441]}},{"type":"Feature","properties":{"s":"mud","phase":"before","lease":"36166"},"geometry":{"type":"Point","coordinates":[-89.365064,29.989546]}},{"type":"Feature","properties":{"s":"mud","phase":"before","lease":"36166"},"geometry":{"type":"Point","coordinates":[-89.365133,29.989635]}},{"type":"Feature","properties":{"s":"mud","phase":"before","lease":"36166"},"geometry":{"type":"Point","coordinates":[-89.365203,29.989718]}},{"type":"Feature","properties":{"s":"firm","phase":"before","lease":"36166"},"geometry":{"type":"Point","coordinates":[-89.365234,29.989759]}},{"type":"Feature","properties":{"s":"firm","phase":"before","lease":"36166"},"geometry":{"type":"Point","coordinates":[-89.365324,29.989861]}},{"type":"Feature","properties":{"s":"firm","phase":"before","lease":"36166"},"geometry":{"type":"Point","coordinates":[-89.365401,29.989942]}},{"type":"Feature","properties":{"s":"firm","phase":"before","lease":"36166"},"geometry":{"type":"Point","coordinates":[-89.365472,29.990021]}},{"type":"Feature","properties":{"s":"mud","phase":"before","lease":"36166"},"geometry":{"type":"Point","coordinates":[-89.36554,29.990109]}},{"type":"Feature","properties":{"s":"firm","phase":"before","lease":"36166"},"geometry":{"type":"Point","coordinates":[-89.365616,29.990191]}},{"type":"Feature","properties":{"s":"mud","phase":"before","lease":"36166"},"geometry":{"type":"Point","coordinates":[-89.365686,29.990276]}},{"type":"Feature","properties":{"s":"mud","phase":"before","lease":"36166"},"geometry":{"type":"Point","coordinates":[-89.365787,29.990389]}},{"type":"Feature","properties":{"s":"firm","phase":"before","lease":"36166"},"geometry":{"type":"Point","coordinates":[-89.36586,29.99048]}},{"type":"Feature","properties":{"s":"mud","phase":"before","lease":"36166"},"geometry":{"type":"Point","coordinates":[-89.365941,29.990558]}},{"type":"Feature","properties":{"s":"mud","phase":"before","lease":"36166"},"geometry":{"type":"Point","coordinates":[-89.366019,29.990639]}},{"type":"Feature","properties":{"s":"mud","phase":"before","lease":"36166"},"geometry":{"type":"Point","coordinates":[-89.36609,29.990724]}},{"type":"Feature","properties":{"s":"firm","phase":"before","lease":"36166"},"geometry":{"type":"Point","coordinates":[-89.366176,29.990827]}},{"type":"Feature","properties":{"s":"firm","phase":"before","lease":"36166"},"geometry":{"type":"Point","coordinates":[-89.366247,29.99091]}},{"type":"Feature","properties":{"s":"mud","phase":"before","lease":"36166"},"geometry":{"type":"Point","coordinates":[-89.366324,29.990994]}},{"type":"Feature","properties":{"s":"firm","phase":"before","lease":"36166"},"geometry":{"type":"Point","coordinates":[-89.366399,29.99108]}},{"type":"Feature","properties":{"s":"firm","phase":"before","lease":"36166"},"geometry":{"type":"Point","coordinates":[-89.366451,29.991143]}},{"type":"Feature","properties":{"s":"firm","phase":"before","lease":"36166"},"geometry":{"type":"Point","coordinates":[-89.366514,29.991232]}},{"type":"Feature","properties":{"s":"firm","phase":"before","lease":"36166"},"geometry":{"type":"Point","coordinates":[-89.36657,29.991318]}},{"type":"Feature","properties":{"s":"firm","phase":"before","lease":"36166"},"geometry":{"type":"Point","coordinates":[-89.366643,29.991409]}},{"type":"Feature","properties":{"s":"firm","phase":"before","lease":"36166"},"geometry":{"type":"Point","coordinates":[-89.366707,29.991496]}},{"type":"Feature","properties":{"s":"firm","phase":"before","lease":"36166"},"geometry":{"type":"Point","coordinates":[-89.366772,29.991591]}},{"type":"Feature","properties":{"s":"firm","phase":"before","lease":"36166"},"geometry":{"type":"Point","coordinates":[-89.366817,29.991681]}},{"type":"Feature","properties":{"s":"firm","phase":"before","lease":"36166"},"geometry":{"type":"Point","coordinates":[-89.366866,29.991782]}},{"type":"Feature","properties":{"s":"firm","phase":"before","lease":"36166"},"geometry":{"type":"Point","coordinates":[-89.366897,29.991859]}},{"type":"Feature","properties":{"s":"firm","phase":"before","lease":"36166"},"geometry":{"type":"Point","coordinates":[-89.366923,29.991967]}},{"type":"Feature","properties":{"s":"firm","phase":"before","lease":"36166"},"geometry":{"type":"Point","coordinates":[-89.36694,29.992072]}},{"type":"Feature","properties":{"s":"firm","phase":"before","lease":"36166"},"geometry":{"type":"Point","coordinates":[-89.366932,29.992174]}},{"type":"Feature","properties":{"s":"firm","phase":"before","lease":"36166"},"geometry":{"type":"Point","coordinates":[-89.366886,29.992271]}},{"type":"Feature","properties":{"s":"mud","phase":"before","lease":"36166"},"geometry":{"type":"Point","coordinates":[-89.366788,29.992303]}},{"type":"Feature","properties":{"s":"firm","phase":"before","lease":"36166"},"geometry":{"type":"Point","coordinates":[-89.366696,29.992254]}},{"type":"Feature","properties":{"s":"firm","phase":"before","lease":"36166"},"geometry":{"type":"Point","coordinates":[-89.366631,29.99217]}},{"type":"Feature","properties":{"s":"mud","phase":"before","lease":"36166"},"geometry":{"type":"Point","coordinates":[-89.366557,29.992078]}},{"type":"Feature","properties":{"s":"mud","phase":"before","lease":"36166"},"geometry":{"type":"Point","coordinates":[-89.366485,29.991988]}},{"type":"Feature","properties":{"s":"mud","phase":"before","lease":"36166"},"geometry":{"type":"Point","coordinates":[-89.366418,29.991901]}},{"type":"Feature","properties":{"s":"mud","phase":"before","lease":"36166"},"geometry":{"type":"Point","coordinates":[-89.366359,29.991823]}},{"type":"Feature","properties":{"s":"mud","phase":"before","lease":"36166"},"geometry":{"type":"Point","coordinates":[-89.366297,29.991736]}},{"type":"Feature","properties":{"s":"firm","phase":"before","lease":"36166"},"geometry":{"type":"Point","coordinates":[-89.366228,29.991647]}},{"type":"Feature","properties":{"s":"mud","phase":"before","lease":"36166"},"geometry":{"type":"Point","coordinates":[-89.366166,29.991557]}},{"type":"Feature","properties":{"s":"mud","phase":"before","lease":"36166"},"geometry":{"type":"Point","coordinates":[-89.366095,29.991462]}},{"type":"Feature","properties":{"s":"mud","phase":"before","lease":"36166"},"geometry":{"type":"Point","coordinates":[-89.366026,29.991366]}},{"type":"Feature","properties":{"s":"firm","phase":"before","lease":"36166"},"geometry":{"type":"Point","coordinates":[-89.365963,29.991273]}},{"type":"Feature","properties":{"s":"mud","phase":"before","lease":"36166"},"geometry":{"type":"Point","coordinates":[-89.365877,29.991157]}},{"type":"Feature","properties":{"s":"firm","phase":"before","lease":"36166"},"geometry":{"type":"Point","coordinates":[-89.365793,29.991049]}},{"type":"Feature","properties":{"s":"firm","phase":"before","lease":"36166"},"geometry":{"type":"Point","coordinates":[-89.37232,29.984896]}},{"type":"Feature","properties":{"s":"firm","phase":"before","lease":"36166"},"geometry":{"type":"Point","coordinates":[-89.372226,29.984778]}},{"type":"Feature","properties":{"s":"firm","phase":"before","lease":"36166"},"geometry":{"type":"Point","coordinates":[-89.372161,29.984702]}},{"type":"Feature","properties":{"s":"firm","phase":"before","lease":"36166"},"geometry":{"type":"Point","coordinates":[-89.372084,29.984596]}},{"type":"Feature","properties":{"s":"firm","phase":"before","lease":"36166"},"geometry":{"type":"Point","coordinates":[-89.371999,29.984497]}},{"type":"Feature","properties":{"s":"firm","phase":"before","lease":"36166"},"geometry":{"type":"Point","coordinates":[-89.371874,29.984335]}},{"type":"Feature","properties":{"s":"firm","phase":"before","lease":"36166"},"geometry":{"type":"Point","coordinates":[-89.372024,29.986355]}},{"type":"Feature","properties":{"s":"firm","phase":"before","lease":"36166"},"geometry":{"type":"Point","coordinates":[-89.372108,29.986237]}},{"type":"Feature","properties":{"s":"firm","phase":"before","lease":"36166"},"geometry":{"type":"Point","coordinates":[-89.372177,29.986154]}},{"type":"Feature","properties":{"s":"firm","phase":"before","lease":"36166"},"geometry":{"type":"Point","coordinates":[-89.372231,29.986088]}},{"type":"Feature","properties":{"s":"firm","phase":"before","lease":"36166"},"geometry":{"type":"Point","coordinates":[-89.372287,29.98603]}},{"type":"Feature","properties":{"s":"scat","phase":"before","lease":"36166"},"geometry":{"type":"Point","coordinates":[-89.371624,29.986524]}},{"type":"Feature","properties":{"s":"scat","phase":"before","lease":"36166"},"geometry":{"type":"Point","coordinates":[-89.371598,29.986803]}},{"type":"Feature","properties":{"s":"buried","phase":"after","lease":"36166"},"geometry":{"type":"Point","coordinates":[-89.372743,29.991657]}},{"type":"Feature","properties":{"s":"reef","phase":"after","lease":"36166"},"geometry":{"type":"Point","coordinates":[-89.369293,29.991997]}},{"type":"Feature","properties":{"s":"reef","phase":"after","lease":"36166"},"geometry":{"type":"Point","coordinates":[-89.369341,29.991972]}},{"type":"Feature","properties":{"s":"reef","phase":"after","lease":"36166"},"geometry":{"type":"Point","coordinates":[-89.369397,29.991954]}},{"type":"Feature","properties":{"s":"reef","phase":"after","lease":"36166"},"geometry":{"type":"Point","coordinates":[-89.369501,29.991911]}},{"type":"Feature","properties":{"s":"reef","phase":"after","lease":"36166"},"geometry":{"type":"Point","coordinates":[-89.369578,29.991892]}},{"type":"Feature","properties":{"s":"reef","phase":"after","lease":"36166"},"geometry":{"type":"Point","coordinates":[-89.369633,29.991872]}},{"type":"Feature","properties":{"s":"reef","phase":"after","lease":"36166"},"geometry":{"type":"Point","coordinates":[-89.369708,29.991852]}},{"type":"Feature","properties":{"s":"reef","phase":"after","lease":"36166"},"geometry":{"type":"Point","coordinates":[-89.369766,29.99184]}},{"type":"Feature","properties":{"s":"reef","phase":"after","lease":"36166"},"geometry":{"type":"Point","coordinates":[-89.36987,29.991808]}},{"type":"Feature","properties":{"s":"reef","phase":"after","lease":"36166"},"geometry":{"type":"Point","coordinates":[-89.369945,29.991788]}},{"type":"Feature","properties":{"s":"reef","phase":"after","lease":"36166"},"geometry":{"type":"Point","coordinates":[-89.370001,29.99177]}},{"type":"Feature","properties":{"s":"reef","phase":"after","lease":"36166"},"geometry":{"type":"Point","coordinates":[-89.370093,29.991741]}},{"type":"Feature","properties":{"s":"reef","phase":"after","lease":"36166"},"geometry":{"type":"Point","coordinates":[-89.370151,29.991721]}},{"type":"Feature","properties":{"s":"reef","phase":"after","lease":"36166"},"geometry":{"type":"Point","coordinates":[-89.370218,29.991707]}},{"type":"Feature","properties":{"s":"reef","phase":"after","lease":"36166"},"geometry":{"type":"Point","coordinates":[-89.370254,29.991694]}},{"type":"Feature","properties":{"s":"reef","phase":"after","lease":"36166"},"geometry":{"type":"Point","coordinates":[-89.37029,29.991686]}},{"type":"Feature","properties":{"s":"reef","phase":"after","lease":"36166"},"geometry":{"type":"Point","coordinates":[-89.370339,29.991673]}},{"type":"Feature","properties":{"s":"reef","phase":"after","lease":"36166"},"geometry":{"type":"Point","coordinates":[-89.370419,29.991643]}},{"type":"Feature","properties":{"s":"reef","phase":"after","lease":"36166"},"geometry":{"type":"Point","coordinates":[-89.370515,29.991594]}},{"type":"Feature","properties":{"s":"reef","phase":"after","lease":"36166"},"geometry":{"type":"Point","coordinates":[-89.370584,29.991569]}},{"type":"Feature","properties":{"s":"reef","phase":"after","lease":"36166"},"geometry":{"type":"Point","coordinates":[-89.370654,29.991546]}},{"type":"Feature","properties":{"s":"reef","phase":"after","lease":"36166"},"geometry":{"type":"Point","coordinates":[-89.370739,29.991511]}},{"type":"Feature","properties":{"s":"scat","phase":"after","lease":"36166"},"geometry":{"type":"Point","coordinates":[-89.370881,29.991459]}},{"type":"Feature","properties":{"s":"firm","phase":"after","lease":"36166"},"geometry":{"type":"Point","coordinates":[-89.370945,29.991429]}},{"type":"Feature","properties":{"s":"firm","phase":"after","lease":"36166"},"geometry":{"type":"Point","coordinates":[-89.371027,29.99139]}},{"type":"Feature","properties":{"s":"firm","phase":"after","lease":"36166"},"geometry":{"type":"Point","coordinates":[-89.371122,29.991332]}},{"type":"Feature","properties":{"s":"firm","phase":"after","lease":"36166"},"geometry":{"type":"Point","coordinates":[-89.371189,29.991294]}},{"type":"Feature","properties":{"s":"firm","phase":"after","lease":"36166"},"geometry":{"type":"Point","coordinates":[-89.371238,29.991269]}},{"type":"Feature","properties":{"s":"firm","phase":"after","lease":"36166"},"geometry":{"type":"Point","coordinates":[-89.371341,29.991254]}},{"type":"Feature","properties":{"s":"firm","phase":"after","lease":"36166"},"geometry":{"type":"Point","coordinates":[-89.37143,29.991289]}},{"type":"Feature","properties":{"s":"firm","phase":"after","lease":"36166"},"geometry":{"type":"Point","coordinates":[-89.371469,29.991352]}},{"type":"Feature","properties":{"s":"firm","phase":"after","lease":"36166"},"geometry":{"type":"Point","coordinates":[-89.37135,29.991551]}},{"type":"Feature","properties":{"s":"scat","phase":"after","lease":"36166"},"geometry":{"type":"Point","coordinates":[-89.371255,29.991585]}},{"type":"Feature","properties":{"s":"reef","phase":"after","lease":"36166"},"geometry":{"type":"Point","coordinates":[-89.371162,29.991624]}},{"type":"Feature","properties":{"s":"reef","phase":"after","lease":"36166"},"geometry":{"type":"Point","coordinates":[-89.371049,29.99166]}},{"type":"Feature","properties":{"s":"reef","phase":"after","lease":"36166"},"geometry":{"type":"Point","coordinates":[-89.370978,29.991683]}},{"type":"Feature","properties":{"s":"reef","phase":"after","lease":"36166"},"geometry":{"type":"Point","coordinates":[-89.370887,29.991717]}},{"type":"Feature","properties":{"s":"reef","phase":"after","lease":"36166"},"geometry":{"type":"Point","coordinates":[-89.370798,29.991745]}},{"type":"Feature","properties":{"s":"reef","phase":"after","lease":"36166"},"geometry":{"type":"Point","coordinates":[-89.370707,29.991767]}},{"type":"Feature","properties":{"s":"reef","phase":"after","lease":"36166"},"geometry":{"type":"Point","coordinates":[-89.370546,29.991815]}},{"type":"Feature","properties":{"s":"reef","phase":"after","lease":"36166"},"geometry":{"type":"Point","coordinates":[-89.370428,29.991851]}},{"type":"Feature","properties":{"s":"reef","phase":"after","lease":"36166"},"geometry":{"type":"Point","coordinates":[-89.370352,29.991873]}},{"type":"Feature","properties":{"s":"reef","phase":"after","lease":"36166"},"geometry":{"type":"Point","coordinates":[-89.370275,29.9919]}},{"type":"Feature","properties":{"s":"reef","phase":"after","lease":"36166"},"geometry":{"type":"Point","coordinates":[-89.370185,29.991929]}},{"type":"Feature","properties":{"s":"reef","phase":"after","lease":"36166"},"geometry":{"type":"Point","coordinates":[-89.370113,29.991949]}},{"type":"Feature","properties":{"s":"reef","phase":"after","lease":"36166"},"geometry":{"type":"Point","coordinates":[-89.370039,29.991967]}},{"type":"Feature","properties":{"s":"reef","phase":"after","lease":"36166"},"geometry":{"type":"Point","coordinates":[-89.369964,29.991991]}},{"type":"Feature","properties":{"s":"reef","phase":"after","lease":"36166"},"geometry":{"type":"Point","coordinates":[-89.369873,29.99202]}},{"type":"Feature","properties":{"s":"scat","phase":"after","lease":"36166"},"geometry":{"type":"Point","coordinates":[-89.369836,29.99203]}},{"type":"Feature","properties":{"s":"reef","phase":"after","lease":"36166"},"geometry":{"type":"Point","coordinates":[-89.369771,29.992057]}},{"type":"Feature","properties":{"s":"reef","phase":"after","lease":"36166"},"geometry":{"type":"Point","coordinates":[-89.36968,29.992087]}},{"type":"Feature","properties":{"s":"scat","phase":"after","lease":"36166"},"geometry":{"type":"Point","coordinates":[-89.36953,29.992137]}},{"type":"Feature","properties":{"s":"firm","phase":"after","lease":"36166"},"geometry":{"type":"Point","coordinates":[-89.369471,29.992156]}},{"type":"Feature","properties":{"s":"firm","phase":"after","lease":"36166"},"geometry":{"type":"Point","coordinates":[-89.369362,29.992189]}},{"type":"Feature","properties":{"s":"firm","phase":"after","lease":"36166"},"geometry":{"type":"Point","coordinates":[-89.369291,29.99221]}},{"type":"Feature","properties":{"s":"firm","phase":"after","lease":"36166"},"geometry":{"type":"Point","coordinates":[-89.369199,29.992229]}},{"type":"Feature","properties":{"s":"firm","phase":"after","lease":"36166"},"geometry":{"type":"Point","coordinates":[-89.369104,29.992255]}},{"type":"Feature","properties":{"s":"firm","phase":"after","lease":"36166"},"geometry":{"type":"Point","coordinates":[-89.369023,29.992277]}},{"type":"Feature","properties":{"s":"scat","phase":"after","lease":"36166"},"geometry":{"type":"Point","coordinates":[-89.368933,29.992306]}},{"type":"Feature","properties":{"s":"scat","phase":"after","lease":"36166"},"geometry":{"type":"Point","coordinates":[-89.368876,29.992325]}},{"type":"Feature","properties":{"s":"scat","phase":"after","lease":"36166"},"geometry":{"type":"Point","coordinates":[-89.369811,29.99238]}},{"type":"Feature","properties":{"s":"scat","phase":"after","lease":"36166"},"geometry":{"type":"Point","coordinates":[-89.36986,29.992361]}},{"type":"Feature","properties":{"s":"scat","phase":"after","lease":"36166"},"geometry":{"type":"Point","coordinates":[-89.369951,29.992335]}},{"type":"Feature","properties":{"s":"scat","phase":"after","lease":"36166"},"geometry":{"type":"Point","coordinates":[-89.370075,29.992305]}},{"type":"Feature","properties":{"s":"firm","phase":"after","lease":"36166"},"geometry":{"type":"Point","coordinates":[-89.370129,29.992291]}},{"type":"Feature","properties":{"s":"firm","phase":"after","lease":"36166"},"geometry":{"type":"Point","coordinates":[-89.370224,29.992261]}},{"type":"Feature","properties":{"s":"scat","phase":"after","lease":"36166"},"geometry":{"type":"Point","coordinates":[-89.370262,29.99225]}},{"type":"Feature","properties":{"s":"scat","phase":"after","lease":"36166"},"geometry":{"type":"Point","coordinates":[-89.370354,29.992223]}},{"type":"Feature","properties":{"s":"scat","phase":"after","lease":"36166"},"geometry":{"type":"Point","coordinates":[-89.370464,29.992185]}},{"type":"Feature","properties":{"s":"scat","phase":"after","lease":"36166"},"geometry":{"type":"Point","coordinates":[-89.370559,29.992148]}},{"type":"Feature","properties":{"s":"scat","phase":"after","lease":"36166"},"geometry":{"type":"Point","coordinates":[-89.370632,29.992122]}},{"type":"Feature","properties":{"s":"scat","phase":"after","lease":"36166"},"geometry":{"type":"Point","coordinates":[-89.370683,29.9921]}},{"type":"Feature","properties":{"s":"reef","phase":"after","lease":"36166"},"geometry":{"type":"Point","coordinates":[-89.370774,29.992056]}},{"type":"Feature","properties":{"s":"scat","phase":"after","lease":"36166"},"geometry":{"type":"Point","coordinates":[-89.370774,29.992056]}},{"type":"Feature","properties":{"s":"reef","phase":"after","lease":"36166"},"geometry":{"type":"Point","coordinates":[-89.370837,29.992027]}},{"type":"Feature","properties":{"s":"reef","phase":"after","lease":"36166"},"geometry":{"type":"Point","coordinates":[-89.370885,29.99201]}},{"type":"Feature","properties":{"s":"firm","phase":"after","lease":"36166"},"geometry":{"type":"Point","coordinates":[-89.371055,29.991928]}},{"type":"Feature","properties":{"s":"firm","phase":"after","lease":"36166"},"geometry":{"type":"Point","coordinates":[-89.371091,29.991908]}},{"type":"Feature","properties":{"s":"firm","phase":"after","lease":"36166"},"geometry":{"type":"Point","coordinates":[-89.371316,29.991796]}},{"type":"Feature","properties":{"s":"firm","phase":"after","lease":"36166"},"geometry":{"type":"Point","coordinates":[-89.371375,29.99176]}},{"type":"Feature","properties":{"s":"firm","phase":"after","lease":"36166"},"geometry":{"type":"Point","coordinates":[-89.371479,29.991712]}},{"type":"Feature","properties":{"s":"firm","phase":"after","lease":"36166"},"geometry":{"type":"Point","coordinates":[-89.371569,29.991679]}},{"type":"Feature","properties":{"s":"firm","phase":"after","lease":"36166"},"geometry":{"type":"Point","coordinates":[-89.371628,29.991667]}},{"type":"Feature","properties":{"s":"firm","phase":"after","lease":"36166"},"geometry":{"type":"Point","coordinates":[-89.371691,29.991663]}},{"type":"Feature","properties":{"s":"firm","phase":"after","lease":"36166"},"geometry":{"type":"Point","coordinates":[-89.371782,29.991692]}},{"type":"Feature","properties":{"s":"firm","phase":"after","lease":"36166"},"geometry":{"type":"Point","coordinates":[-89.37183,29.991885]}},{"type":"Feature","properties":{"s":"firm","phase":"after","lease":"36166"},"geometry":{"type":"Point","coordinates":[-89.371798,29.991924]}},{"type":"Feature","properties":{"s":"firm","phase":"after","lease":"36166"},"geometry":{"type":"Point","coordinates":[-89.371725,29.991968]}},{"type":"Feature","properties":{"s":"firm","phase":"after","lease":"36166"},"geometry":{"type":"Point","coordinates":[-89.371618,29.992012]}},{"type":"Feature","properties":{"s":"firm","phase":"after","lease":"36166"},"geometry":{"type":"Point","coordinates":[-89.371541,29.992039]}},{"type":"Feature","properties":{"s":"firm","phase":"after","lease":"36166"},"geometry":{"type":"Point","coordinates":[-89.371452,29.992069]}},{"type":"Feature","properties":{"s":"firm","phase":"after","lease":"36166"},"geometry":{"type":"Point","coordinates":[-89.371364,29.992097]}},{"type":"Feature","properties":{"s":"firm","phase":"after","lease":"36166"},"geometry":{"type":"Point","coordinates":[-89.371227,29.992131]}},{"type":"Feature","properties":{"s":"firm","phase":"after","lease":"36166"},"geometry":{"type":"Point","coordinates":[-89.371112,29.992152]}},{"type":"Feature","properties":{"s":"firm","phase":"after","lease":"36166"},"geometry":{"type":"Point","coordinates":[-89.370973,29.992174]}},{"type":"Feature","properties":{"s":"firm","phase":"after","lease":"36166"},"geometry":{"type":"Point","coordinates":[-89.370793,29.992205]}},{"type":"Feature","properties":{"s":"firm","phase":"after","lease":"36166"},"geometry":{"type":"Point","coordinates":[-89.370721,29.992231]}},{"type":"Feature","properties":{"s":"firm","phase":"after","lease":"36166"},"geometry":{"type":"Point","coordinates":[-89.370683,29.992254]}},{"type":"Feature","properties":{"s":"firm","phase":"after","lease":"36166"},"geometry":{"type":"Point","coordinates":[-89.37064,29.992291]}},{"type":"Feature","properties":{"s":"firm","phase":"after","lease":"36166"},"geometry":{"type":"Point","coordinates":[-89.365954,29.992602]}},{"type":"Feature","properties":{"s":"firm","phase":"after","lease":"36166"},"geometry":{"type":"Point","coordinates":[-89.366009,29.992585]}},{"type":"Feature","properties":{"s":"scat","phase":"after","lease":"36166"},"geometry":{"type":"Point","coordinates":[-89.366108,29.992555]}},{"type":"Feature","properties":{"s":"scat","phase":"after","lease":"36166"},"geometry":{"type":"Point","coordinates":[-89.366197,29.992525]}},{"type":"Feature","properties":{"s":"scat","phase":"after","lease":"36166"},"geometry":{"type":"Point","coordinates":[-89.366268,29.992499]}},{"type":"Feature","properties":{"s":"scat","phase":"after","lease":"36166"},"geometry":{"type":"Point","coordinates":[-89.366339,29.992475]}},{"type":"Feature","properties":{"s":"scat","phase":"after","lease":"36166"},"geometry":{"type":"Point","coordinates":[-89.366416,29.992451]}},{"type":"Feature","properties":{"s":"scat","phase":"after","lease":"36166"},"geometry":{"type":"Point","coordinates":[-89.36649,29.992426]}},{"type":"Feature","properties":{"s":"reef","phase":"after","lease":"36166"},"geometry":{"type":"Point","coordinates":[-89.366567,29.992399]}},{"type":"Feature","properties":{"s":"reef","phase":"after","lease":"36166"},"geometry":{"type":"Point","coordinates":[-89.366645,29.992373]}},{"type":"Feature","properties":{"s":"reef","phase":"after","lease":"36166"},"geometry":{"type":"Point","coordinates":[-89.366718,29.992347]}},{"type":"Feature","properties":{"s":"reef","phase":"after","lease":"36166"},"geometry":{"type":"Point","coordinates":[-89.366823,29.99231]}},{"type":"Feature","properties":{"s":"reef","phase":"after","lease":"36166"},"geometry":{"type":"Point","coordinates":[-89.366878,29.992293]}},{"type":"Feature","properties":{"s":"reef","phase":"after","lease":"36166"},"geometry":{"type":"Point","coordinates":[-89.366956,29.992267]}},{"type":"Feature","properties":{"s":"reef","phase":"after","lease":"36166"},"geometry":{"type":"Point","coordinates":[-89.367039,29.992241]}},{"type":"Feature","properties":{"s":"reef","phase":"after","lease":"36166"},"geometry":{"type":"Point","coordinates":[-89.367107,29.992219]}},{"type":"Feature","properties":{"s":"reef","phase":"after","lease":"36166"},"geometry":{"type":"Point","coordinates":[-89.367192,29.992192]}},{"type":"Feature","properties":{"s":"reef","phase":"after","lease":"36166"},"geometry":{"type":"Point","coordinates":[-89.36726,29.992167]}},{"type":"Feature","properties":{"s":"reef","phase":"after","lease":"36166"},"geometry":{"type":"Point","coordinates":[-89.367349,29.992135]}},{"type":"Feature","properties":{"s":"reef","phase":"after","lease":"36166"},"geometry":{"type":"Point","coordinates":[-89.367403,29.992115]}},{"type":"Feature","properties":{"s":"reef","phase":"after","lease":"36166"},"geometry":{"type":"Point","coordinates":[-89.367479,29.99209]}},{"type":"Feature","properties":{"s":"reef","phase":"after","lease":"36166"},"geometry":{"type":"Point","coordinates":[-89.367515,29.992079]}},{"type":"Feature","properties":{"s":"reef","phase":"after","lease":"36166"},"geometry":{"type":"Point","coordinates":[-89.367589,29.992057]}},{"type":"Feature","properties":{"s":"reef","phase":"after","lease":"36166"},"geometry":{"type":"Point","coordinates":[-89.367675,29.992024]}},{"type":"Feature","properties":{"s":"reef","phase":"after","lease":"36166"},"geometry":{"type":"Point","coordinates":[-89.367762,29.991993]}},{"type":"Feature","properties":{"s":"reef","phase":"after","lease":"36166"},"geometry":{"type":"Point","coordinates":[-89.367854,29.991968]}},{"type":"Feature","properties":{"s":"reef","phase":"after","lease":"36166"},"geometry":{"type":"Point","coordinates":[-89.36791,29.991956]}},{"type":"Feature","properties":{"s":"reef","phase":"after","lease":"36166"},"geometry":{"type":"Point","coordinates":[-89.368005,29.991924]}},{"type":"Feature","properties":{"s":"reef","phase":"after","lease":"36166"},"geometry":{"type":"Point","coordinates":[-89.368064,29.991905]}},{"type":"Feature","properties":{"s":"reef","phase":"after","lease":"36166"},"geometry":{"type":"Point","coordinates":[-89.368151,29.991874]}},{"type":"Feature","properties":{"s":"reef","phase":"after","lease":"36166"},"geometry":{"type":"Point","coordinates":[-89.368218,29.991848]}},{"type":"Feature","properties":{"s":"reef","phase":"after","lease":"36166"},"geometry":{"type":"Point","coordinates":[-89.368305,29.991811]}},{"type":"Feature","properties":{"s":"reef","phase":"after","lease":"36166"},"geometry":{"type":"Point","coordinates":[-89.368391,29.991782]}},{"type":"Feature","properties":{"s":"reef","phase":"after","lease":"36166"},"geometry":{"type":"Point","coordinates":[-89.36845,29.99177]}},{"type":"Feature","properties":{"s":"reef","phase":"after","lease":"36166"},"geometry":{"type":"Point","coordinates":[-89.368519,29.991743]}},{"type":"Feature","properties":{"s":"reef","phase":"after","lease":"36166"},"geometry":{"type":"Point","coordinates":[-89.368575,29.99172]}},{"type":"Feature","properties":{"s":"reef","phase":"after","lease":"36166"},"geometry":{"type":"Point","coordinates":[-89.368664,29.991689]}},{"type":"Feature","properties":{"s":"reef","phase":"after","lease":"36166"},"geometry":{"type":"Point","coordinates":[-89.36876,29.991663]}},{"type":"Feature","properties":{"s":"reef","phase":"after","lease":"36166"},"geometry":{"type":"Point","coordinates":[-89.368851,29.991631]}},{"type":"Feature","properties":{"s":"reef","phase":"after","lease":"36166"},"geometry":{"type":"Point","coordinates":[-89.368884,29.991614]}},{"type":"Feature","properties":{"s":"reef","phase":"after","lease":"36166"},"geometry":{"type":"Point","coordinates":[-89.36894,29.991591]}},{"type":"Feature","properties":{"s":"scat","phase":"after","lease":"36166"},"geometry":{"type":"Point","coordinates":[-89.369042,29.991561]}},{"type":"Feature","properties":{"s":"reef","phase":"after","lease":"36166"},"geometry":{"type":"Point","coordinates":[-89.369113,29.991544]}},{"type":"Feature","properties":{"s":"reef","phase":"after","lease":"36166"},"geometry":{"type":"Point","coordinates":[-89.369179,29.99152]}},{"type":"Feature","properties":{"s":"reef","phase":"after","lease":"36166"},"geometry":{"type":"Point","coordinates":[-89.369245,29.991496]}},{"type":"Feature","properties":{"s":"scat","phase":"after","lease":"36166"},"geometry":{"type":"Point","coordinates":[-89.369282,29.991485]}},{"type":"Feature","properties":{"s":"reef","phase":"after","lease":"36166"},"geometry":{"type":"Point","coordinates":[-89.369317,29.991473]}},{"type":"Feature","properties":{"s":"reef","phase":"after","lease":"36166"},"geometry":{"type":"Point","coordinates":[-89.369399,29.991447]}},{"type":"Feature","properties":{"s":"reef","phase":"after","lease":"36166"},"geometry":{"type":"Point","coordinates":[-89.369461,29.991429]}},{"type":"Feature","properties":{"s":"reef","phase":"after","lease":"36166"},"geometry":{"type":"Point","coordinates":[-89.369577,29.991383]}},{"type":"Feature","properties":{"s":"reef","phase":"after","lease":"36166"},"geometry":{"type":"Point","coordinates":[-89.36967,29.99136]}},{"type":"Feature","properties":{"s":"reef","phase":"after","lease":"36166"},"geometry":{"type":"Point","coordinates":[-89.36976,29.991333]}},{"type":"Feature","properties":{"s":"reef","phase":"after","lease":"36166"},"geometry":{"type":"Point","coordinates":[-89.369828,29.991313]}},{"type":"Feature","properties":{"s":"reef","phase":"after","lease":"36166"},"geometry":{"type":"Point","coordinates":[-89.369896,29.991294]}},{"type":"Feature","properties":{"s":"reef","phase":"after","lease":"36166"},"geometry":{"type":"Point","coordinates":[-89.369963,29.991276]}},{"type":"Feature","properties":{"s":"reef","phase":"after","lease":"36166"},"geometry":{"type":"Point","coordinates":[-89.370036,29.991254]}},{"type":"Feature","properties":{"s":"reef","phase":"after","lease":"36166"},"geometry":{"type":"Point","coordinates":[-89.370112,29.99123]}},{"type":"Feature","properties":{"s":"reef","phase":"after","lease":"36166"},"geometry":{"type":"Point","coordinates":[-89.370163,29.99121]}},{"type":"Feature","properties":{"s":"reef","phase":"after","lease":"36166"},"geometry":{"type":"Point","coordinates":[-89.370201,29.9912]}},{"type":"Feature","properties":{"s":"reef","phase":"after","lease":"36166"},"geometry":{"type":"Point","coordinates":[-89.370275,29.991174]}},{"type":"Feature","properties":{"s":"reef","phase":"after","lease":"36166"},"geometry":{"type":"Point","coordinates":[-89.370382,29.991127]}},{"type":"Feature","properties":{"s":"reef","phase":"after","lease":"36166"},"geometry":{"type":"Point","coordinates":[-89.370455,29.991091]}},{"type":"Feature","properties":{"s":"reef","phase":"after","lease":"36166"},"geometry":{"type":"Point","coordinates":[-89.37054,29.991047]}},{"type":"Feature","properties":{"s":"reef","phase":"after","lease":"36166"},"geometry":{"type":"Point","coordinates":[-89.370604,29.991017]}},{"type":"Feature","properties":{"s":"scat","phase":"after","lease":"36166"},"geometry":{"type":"Point","coordinates":[-89.370656,29.990988]}},{"type":"Feature","properties":{"s":"reef","phase":"after","lease":"36166"},"geometry":{"type":"Point","coordinates":[-89.370765,29.990923]}},{"type":"Feature","properties":{"s":"reef","phase":"after","lease":"36166"},"geometry":{"type":"Point","coordinates":[-89.370765,29.990923]}},{"type":"Feature","properties":{"s":"scat","phase":"after","lease":"36166"},"geometry":{"type":"Point","coordinates":[-89.370839,29.990891]}},{"type":"Feature","properties":{"s":"scat","phase":"after","lease":"36166"},"geometry":{"type":"Point","coordinates":[-89.37088,29.990871]}},{"type":"Feature","properties":{"s":"firm","phase":"after","lease":"36166"},"geometry":{"type":"Point","coordinates":[-89.370927,29.990847]}},{"type":"Feature","properties":{"s":"firm","phase":"after","lease":"36166"},"geometry":{"type":"Point","coordinates":[-89.371069,29.990826]}},{"type":"Feature","properties":{"s":"firm","phase":"after","lease":"36166"},"geometry":{"type":"Point","coordinates":[-89.371137,29.990855]}},{"type":"Feature","properties":{"s":"firm","phase":"after","lease":"36166"},"geometry":{"type":"Point","coordinates":[-89.371192,29.990982]}},{"type":"Feature","properties":{"s":"firm","phase":"after","lease":"36166"},"geometry":{"type":"Point","coordinates":[-89.37108,29.991102]}},{"type":"Feature","properties":{"s":"scat","phase":"after","lease":"36166"},"geometry":{"type":"Point","coordinates":[-89.371041,29.991115]}},{"type":"Feature","properties":{"s":"scat","phase":"after","lease":"36166"},"geometry":{"type":"Point","coordinates":[-89.370886,29.991166]}},{"type":"Feature","properties":{"s":"scat","phase":"after","lease":"36166"},"geometry":{"type":"Point","coordinates":[-89.370765,29.991204]}},{"type":"Feature","properties":{"s":"reef","phase":"after","lease":"36166"},"geometry":{"type":"Point","coordinates":[-89.370709,29.991226]}},{"type":"Feature","properties":{"s":"reef","phase":"after","lease":"36166"},"geometry":{"type":"Point","coordinates":[-89.370652,29.991247]}},{"type":"Feature","properties":{"s":"reef","phase":"after","lease":"36166"},"geometry":{"type":"Point","coordinates":[-89.370558,29.991276]}},{"type":"Feature","properties":{"s":"reef","phase":"after","lease":"36166"},"geometry":{"type":"Point","coordinates":[-89.370501,29.991294]}},{"type":"Feature","properties":{"s":"reef","phase":"after","lease":"36166"},"geometry":{"type":"Point","coordinates":[-89.370408,29.991324]}},{"type":"Feature","properties":{"s":"reef","phase":"after","lease":"36166"},"geometry":{"type":"Point","coordinates":[-89.370356,29.991344]}},{"type":"Feature","properties":{"s":"reef","phase":"after","lease":"36166"},"geometry":{"type":"Point","coordinates":[-89.370279,29.991366]}},{"type":"Feature","properties":{"s":"reef","phase":"after","lease":"36166"},"geometry":{"type":"Point","coordinates":[-89.370202,29.991397]}},{"type":"Feature","properties":{"s":"reef","phase":"after","lease":"36166"},"geometry":{"type":"Point","coordinates":[-89.370132,29.991425]}},{"type":"Feature","properties":{"s":"reef","phase":"after","lease":"36166"},"geometry":{"type":"Point","coordinates":[-89.370081,29.991448]}},{"type":"Feature","properties":{"s":"reef","phase":"after","lease":"36166"},"geometry":{"type":"Point","coordinates":[-89.370011,29.991472]}},{"type":"Feature","properties":{"s":"reef","phase":"after","lease":"36166"},"geometry":{"type":"Point","coordinates":[-89.369906,29.991499]}},{"type":"Feature","properties":{"s":"reef","phase":"after","lease":"36166"},"geometry":{"type":"Point","coordinates":[-89.369906,29.991499]}},{"type":"Feature","properties":{"s":"reef","phase":"after","lease":"36166"},"geometry":{"type":"Point","coordinates":[-89.369906,29.991499]}},{"type":"Feature","properties":{"s":"reef","phase":"after","lease":"36166"},"geometry":{"type":"Point","coordinates":[-89.36983,29.991534]}},{"type":"Feature","properties":{"s":"reef","phase":"after","lease":"36166"},"geometry":{"type":"Point","coordinates":[-89.369735,29.991563]}},{"type":"Feature","properties":{"s":"reef","phase":"after","lease":"36166"},"geometry":{"type":"Point","coordinates":[-89.369679,29.991581]}},{"type":"Feature","properties":{"s":"reef","phase":"after","lease":"36166"},"geometry":{"type":"Point","coordinates":[-89.369641,29.991594]}},{"type":"Feature","properties":{"s":"reef","phase":"after","lease":"36166"},"geometry":{"type":"Point","coordinates":[-89.369603,29.991611]}},{"type":"Feature","properties":{"s":"reef","phase":"after","lease":"36166"},"geometry":{"type":"Point","coordinates":[-89.369526,29.991632]}},{"type":"Feature","properties":{"s":"reef","phase":"after","lease":"36166"},"geometry":{"type":"Point","coordinates":[-89.369469,29.991646]}},{"type":"Feature","properties":{"s":"reef","phase":"after","lease":"36166"},"geometry":{"type":"Point","coordinates":[-89.369386,29.99168]}},{"type":"Feature","properties":{"s":"reef","phase":"after","lease":"36166"},"geometry":{"type":"Point","coordinates":[-89.369295,29.99171]}},{"type":"Feature","properties":{"s":"reef","phase":"after","lease":"36166"},"geometry":{"type":"Point","coordinates":[-89.369226,29.991733]}},{"type":"Feature","properties":{"s":"reef","phase":"after","lease":"36166"},"geometry":{"type":"Point","coordinates":[-89.369111,29.991768]}},{"type":"Feature","properties":{"s":"reef","phase":"after","lease":"36166"},"geometry":{"type":"Point","coordinates":[-89.369092,29.991777]}},{"type":"Feature","properties":{"s":"reef","phase":"after","lease":"36166"},"geometry":{"type":"Point","coordinates":[-89.36901,29.991802]}},{"type":"Feature","properties":{"s":"reef","phase":"after","lease":"36166"},"geometry":{"type":"Point","coordinates":[-89.368957,29.991819]}},{"type":"Feature","properties":{"s":"reef","phase":"after","lease":"36166"},"geometry":{"type":"Point","coordinates":[-89.368906,29.991837]}},{"type":"Feature","properties":{"s":"reef","phase":"after","lease":"36166"},"geometry":{"type":"Point","coordinates":[-89.368848,29.991857]}},{"type":"Feature","properties":{"s":"reef","phase":"after","lease":"36166"},"geometry":{"type":"Point","coordinates":[-89.368807,29.99187]}},{"type":"Feature","properties":{"s":"reef","phase":"after","lease":"36166"},"geometry":{"type":"Point","coordinates":[-89.36875,29.99189]}},{"type":"Feature","properties":{"s":"reef","phase":"after","lease":"36166"},"geometry":{"type":"Point","coordinates":[-89.368675,29.991917]}},{"type":"Feature","properties":{"s":"reef","phase":"after","lease":"36166"},"geometry":{"type":"Point","coordinates":[-89.368615,29.991934]}},{"type":"Feature","properties":{"s":"reef","phase":"after","lease":"36166"},"geometry":{"type":"Point","coordinates":[-89.368559,29.991954]}},{"type":"Feature","properties":{"s":"reef","phase":"after","lease":"36166"},"geometry":{"type":"Point","coordinates":[-89.368504,29.991972]}},{"type":"Feature","properties":{"s":"reef","phase":"after","lease":"36166"},"geometry":{"type":"Point","coordinates":[-89.368449,29.991995]}},{"type":"Feature","properties":{"s":"reef","phase":"after","lease":"36166"},"geometry":{"type":"Point","coordinates":[-89.368398,29.992023]}},{"type":"Feature","properties":{"s":"reef","phase":"after","lease":"36166"},"geometry":{"type":"Point","coordinates":[-89.368358,29.992037]}},{"type":"Feature","properties":{"s":"reef","phase":"after","lease":"36166"},"geometry":{"type":"Point","coordinates":[-89.368301,29.992053]}},{"type":"Feature","properties":{"s":"reef","phase":"after","lease":"36166"},"geometry":{"type":"Point","coordinates":[-89.368247,29.992065]}},{"type":"Feature","properties":{"s":"reef","phase":"after","lease":"36166"},"geometry":{"type":"Point","coordinates":[-89.368212,29.992076]}},{"type":"Feature","properties":{"s":"reef","phase":"after","lease":"36166"},"geometry":{"type":"Point","coordinates":[-89.368159,29.992093]}},{"type":"Feature","properties":{"s":"reef","phase":"after","lease":"36166"},"geometry":{"type":"Point","coordinates":[-89.368121,29.992104]}},{"type":"Feature","properties":{"s":"reef","phase":"after","lease":"36166"},"geometry":{"type":"Point","coordinates":[-89.368041,29.992132]}},{"type":"Feature","properties":{"s":"reef","phase":"after","lease":"36166"},"geometry":{"type":"Point","coordinates":[-89.36797,29.992152]}},{"type":"Feature","properties":{"s":"reef","phase":"after","lease":"36166"},"geometry":{"type":"Point","coordinates":[-89.367875,29.992186]}},{"type":"Feature","properties":{"s":"reef","phase":"after","lease":"36166"},"geometry":{"type":"Point","coordinates":[-89.367815,29.992204]}},{"type":"Feature","properties":{"s":"reef","phase":"after","lease":"36166"},"geometry":{"type":"Point","coordinates":[-89.367761,29.992218]}},{"type":"Feature","properties":{"s":"reef","phase":"after","lease":"36166"},"geometry":{"type":"Point","coordinates":[-89.36769,29.992241]}},{"type":"Feature","properties":{"s":"reef","phase":"after","lease":"36166"},"geometry":{"type":"Point","coordinates":[-89.367633,29.992254]}},{"type":"Feature","properties":{"s":"reef","phase":"after","lease":"36166"},"geometry":{"type":"Point","coordinates":[-89.367566,29.992276]}},{"type":"Feature","properties":{"s":"reef","phase":"after","lease":"36166"},"geometry":{"type":"Point","coordinates":[-89.367497,29.992294]}},{"type":"Feature","properties":{"s":"reef","phase":"after","lease":"36166"},"geometry":{"type":"Point","coordinates":[-89.367437,29.992309]}},{"type":"Feature","properties":{"s":"scat","phase":"after","lease":"36166"},"geometry":{"type":"Point","coordinates":[-89.367359,29.992328]}},{"type":"Feature","properties":{"s":"scat","phase":"after","lease":"36166"},"geometry":{"type":"Point","coordinates":[-89.367244,29.992352]}},{"type":"Feature","properties":{"s":"scat","phase":"after","lease":"36166"},"geometry":{"type":"Point","coordinates":[-89.367146,29.992377]}},{"type":"Feature","properties":{"s":"scat","phase":"after","lease":"36166"},"geometry":{"type":"Point","coordinates":[-89.367092,29.992394]}},{"type":"Feature","properties":{"s":"scat","phase":"after","lease":"36166"},"geometry":{"type":"Point","coordinates":[-89.367017,29.992419]}},{"type":"Feature","properties":{"s":"firm","phase":"after","lease":"36166"},"geometry":{"type":"Point","coordinates":[-89.366814,29.992502]}},{"type":"Feature","properties":{"s":"firm","phase":"after","lease":"36166"},"geometry":{"type":"Point","coordinates":[-89.367833,29.992513]}},{"type":"Feature","properties":{"s":"firm","phase":"after","lease":"36166"},"geometry":{"type":"Point","coordinates":[-89.367911,29.992488]}},{"type":"Feature","properties":{"s":"scat","phase":"after","lease":"36166"},"geometry":{"type":"Point","coordinates":[-89.368026,29.992448]}},{"type":"Feature","properties":{"s":"reef","phase":"after","lease":"36166"},"geometry":{"type":"Point","coordinates":[-89.368096,29.992423]}},{"type":"Feature","properties":{"s":"reef","phase":"after","lease":"36166"},"geometry":{"type":"Point","coordinates":[-89.368164,29.992392]}},{"type":"Feature","properties":{"s":"reef","phase":"after","lease":"36166"},"geometry":{"type":"Point","coordinates":[-89.368288,29.992346]}},{"type":"Feature","properties":{"s":"reef","phase":"after","lease":"36166"},"geometry":{"type":"Point","coordinates":[-89.368358,29.992325]}},{"type":"Feature","properties":{"s":"reef","phase":"after","lease":"36166"},"geometry":{"type":"Point","coordinates":[-89.368453,29.992297]}},{"type":"Feature","properties":{"s":"reef","phase":"after","lease":"36166"},"geometry":{"type":"Point","coordinates":[-89.368525,29.992271]}},{"type":"Feature","properties":{"s":"reef","phase":"after","lease":"36166"},"geometry":{"type":"Point","coordinates":[-89.368577,29.992253]}},{"type":"Feature","properties":{"s":"scat","phase":"after","lease":"36166"},"geometry":{"type":"Point","coordinates":[-89.368669,29.992223]}},{"type":"Feature","properties":{"s":"reef","phase":"after","lease":"36166"},"geometry":{"type":"Point","coordinates":[-89.368758,29.992189]}},{"type":"Feature","properties":{"s":"reef","phase":"after","lease":"36166"},"geometry":{"type":"Point","coordinates":[-89.368834,29.992162]}},{"type":"Feature","properties":{"s":"reef","phase":"after","lease":"36166"},"geometry":{"type":"Point","coordinates":[-89.368911,29.992135]}},{"type":"Feature","properties":{"s":"reef","phase":"after","lease":"36166"},"geometry":{"type":"Point","coordinates":[-89.368986,29.99211]}},{"type":"Feature","properties":{"s":"reef","phase":"after","lease":"36166"},"geometry":{"type":"Point","coordinates":[-89.369095,29.992076]}},{"type":"Feature","properties":{"s":"reef","phase":"after","lease":"36166"},"geometry":{"type":"Point","coordinates":[-89.369166,29.992047]}},{"type":"Feature","properties":{"s":"reef","phase":"after","lease":"36166"},"geometry":{"type":"Point","coordinates":[-89.367793,29.991685]}},{"type":"Feature","properties":{"s":"reef","phase":"after","lease":"36166"},"geometry":{"type":"Point","coordinates":[-89.36772,29.991712]}},{"type":"Feature","properties":{"s":"reef","phase":"after","lease":"36166"},"geometry":{"type":"Point","coordinates":[-89.367629,29.991739]}},{"type":"Feature","properties":{"s":"reef","phase":"after","lease":"36166"},"geometry":{"type":"Point","coordinates":[-89.367551,29.991764]}},{"type":"Feature","properties":{"s":"reef","phase":"after","lease":"36166"},"geometry":{"type":"Point","coordinates":[-89.367494,29.991783]}},{"type":"Feature","properties":{"s":"reef","phase":"after","lease":"36166"},"geometry":{"type":"Point","coordinates":[-89.367419,29.991811]}},{"type":"Feature","properties":{"s":"reef","phase":"after","lease":"36166"},"geometry":{"type":"Point","coordinates":[-89.367311,29.991852]}},{"type":"Feature","properties":{"s":"reef","phase":"after","lease":"36166"},"geometry":{"type":"Point","coordinates":[-89.367239,29.991876]}},{"type":"Feature","properties":{"s":"reef","phase":"after","lease":"36166"},"geometry":{"type":"Point","coordinates":[-89.367204,29.991889]}},{"type":"Feature","properties":{"s":"reef","phase":"after","lease":"36166"},"geometry":{"type":"Point","coordinates":[-89.367152,29.991907]}},{"type":"Feature","properties":{"s":"reef","phase":"after","lease":"36166"},"geometry":{"type":"Point","coordinates":[-89.367081,29.991933]}},{"type":"Feature","properties":{"s":"reef","phase":"after","lease":"36166"},"geometry":{"type":"Point","coordinates":[-89.36699,29.991965]}},{"type":"Feature","properties":{"s":"reef","phase":"after","lease":"36166"},"geometry":{"type":"Point","coordinates":[-89.366916,29.991989]}},{"type":"Feature","properties":{"s":"reef","phase":"after","lease":"36166"},"geometry":{"type":"Point","coordinates":[-89.366824,29.992021]}},{"type":"Feature","properties":{"s":"reef","phase":"after","lease":"36166"},"geometry":{"type":"Point","coordinates":[-89.366748,29.992047]}},{"type":"Feature","properties":{"s":"reef","phase":"after","lease":"36166"},"geometry":{"type":"Point","coordinates":[-89.366685,29.992063]}},{"type":"Feature","properties":{"s":"reef","phase":"after","lease":"36166"},"geometry":{"type":"Point","coordinates":[-89.366568,29.992099]}},{"type":"Feature","properties":{"s":"reef","phase":"after","lease":"36166"},"geometry":{"type":"Point","coordinates":[-89.366495,29.992122]}},{"type":"Feature","properties":{"s":"reef","phase":"after","lease":"36166"},"geometry":{"type":"Point","coordinates":[-89.36642,29.992136]}},{"type":"Feature","properties":{"s":"reef","phase":"after","lease":"36166"},"geometry":{"type":"Point","coordinates":[-89.366381,29.992143]}},{"type":"Feature","properties":{"s":"reef","phase":"after","lease":"36166"},"geometry":{"type":"Point","coordinates":[-89.366286,29.992162]}},{"type":"Feature","properties":{"s":"reef","phase":"after","lease":"36166"},"geometry":{"type":"Point","coordinates":[-89.366246,29.992173]}},{"type":"Feature","properties":{"s":"scat","phase":"after","lease":"36166"},"geometry":{"type":"Point","coordinates":[-89.366148,29.992204]}},{"type":"Feature","properties":{"s":"scat","phase":"after","lease":"36166"},"geometry":{"type":"Point","coordinates":[-89.366076,29.99223]}},{"type":"Feature","properties":{"s":"scat","phase":"after","lease":"36166"},"geometry":{"type":"Point","coordinates":[-89.366003,29.992257]}},{"type":"Feature","properties":{"s":"scat","phase":"after","lease":"36166"},"geometry":{"type":"Point","coordinates":[-89.365932,29.992277]}},{"type":"Feature","properties":{"s":"firm","phase":"after","lease":"36166"},"geometry":{"type":"Point","coordinates":[-89.365912,29.992283]}},{"type":"Feature","properties":{"s":"firm","phase":"after","lease":"36166"},"geometry":{"type":"Point","coordinates":[-89.365796,29.992311]}},{"type":"Feature","properties":{"s":"reef","phase":"after","lease":"36166"},"geometry":{"type":"Point","coordinates":[-89.369239,29.992019]}},{"type":"Feature","properties":{"s":"reef","phase":"after","lease":"36166"},"geometry":{"type":"Point","coordinates":[-89.368377,29.991485]}},{"type":"Feature","properties":{"s":"reef","phase":"after","lease":"36166"},"geometry":{"type":"Point","coordinates":[-89.368266,29.991523]}},{"type":"Feature","properties":{"s":"reef","phase":"after","lease":"36166"},"geometry":{"type":"Point","coordinates":[-89.368193,29.991548]}},{"type":"Feature","properties":{"s":"reef","phase":"after","lease":"36166"},"geometry":{"type":"Point","coordinates":[-89.368118,29.99157]}},{"type":"Feature","properties":{"s":"reef","phase":"after","lease":"36166"},"geometry":{"type":"Point","coordinates":[-89.368045,29.991595]}},{"type":"Feature","properties":{"s":"reef","phase":"after","lease":"36166"},"geometry":{"type":"Point","coordinates":[-89.367955,29.991628]}},{"type":"Feature","properties":{"s":"reef","phase":"after","lease":"36166"},"geometry":{"type":"Point","coordinates":[-89.367883,29.99165]}},{"type":"Feature","properties":{"s":"reef","phase":"after","lease":"36166"},"geometry":{"type":"Point","coordinates":[-89.368882,29.991311]}},{"type":"Feature","properties":{"s":"reef","phase":"after","lease":"36166"},"geometry":{"type":"Point","coordinates":[-89.368797,29.99135]}},{"type":"Feature","properties":{"s":"reef","phase":"after","lease":"36166"},"geometry":{"type":"Point","coordinates":[-89.368664,29.991391]}},{"type":"Feature","properties":{"s":"reef","phase":"after","lease":"36166"},"geometry":{"type":"Point","coordinates":[-89.368631,29.991402]}},{"type":"Feature","properties":{"s":"reef","phase":"after","lease":"36166"},"geometry":{"type":"Point","coordinates":[-89.368524,29.991438]}},{"type":"Feature","properties":{"s":"reef","phase":"after","lease":"36166"},"geometry":{"type":"Point","coordinates":[-89.368448,29.991464]}},{"type":"Feature","properties":{"s":"reef","phase":"after","lease":"36166"},"geometry":{"type":"Point","coordinates":[-89.369444,29.991121]}},{"type":"Feature","properties":{"s":"reef","phase":"after","lease":"36166"},"geometry":{"type":"Point","coordinates":[-89.369387,29.991139]}},{"type":"Feature","properties":{"s":"reef","phase":"after","lease":"36166"},"geometry":{"type":"Point","coordinates":[-89.369334,29.99116]}},{"type":"Feature","properties":{"s":"reef","phase":"after","lease":"36166"},"geometry":{"type":"Point","coordinates":[-89.369259,29.991189]}},{"type":"Feature","properties":{"s":"reef","phase":"after","lease":"36166"},"geometry":{"type":"Point","coordinates":[-89.369183,29.991209]}},{"type":"Feature","properties":{"s":"reef","phase":"after","lease":"36166"},"geometry":{"type":"Point","coordinates":[-89.369127,29.991229]}},{"type":"Feature","properties":{"s":"reef","phase":"after","lease":"36166"},"geometry":{"type":"Point","coordinates":[-89.369011,29.991263]}},{"type":"Feature","properties":{"s":"reef","phase":"after","lease":"36166"},"geometry":{"type":"Point","coordinates":[-89.368953,29.991283]}},{"type":"Feature","properties":{"s":"reef","phase":"after","lease":"36166"},"geometry":{"type":"Point","coordinates":[-89.369928,29.990958]}},{"type":"Feature","properties":{"s":"reef","phase":"after","lease":"36166"},"geometry":{"type":"Point","coordinates":[-89.369844,29.990985]}},{"type":"Feature","properties":{"s":"reef","phase":"after","lease":"36166"},"geometry":{"type":"Point","coordinates":[-89.369739,29.991025]}},{"type":"Feature","properties":{"s":"reef","phase":"after","lease":"36166"},"geometry":{"type":"Point","coordinates":[-89.369637,29.991053]}},{"type":"Feature","properties":{"s":"reef","phase":"after","lease":"36166"},"geometry":{"type":"Point","coordinates":[-89.369549,29.991084]}},{"type":"Feature","properties":{"s":"reef","phase":"after","lease":"36166"},"geometry":{"type":"Point","coordinates":[-89.369512,29.991095]}},{"type":"Feature","properties":{"s":"reef","phase":"after","lease":"36166"},"geometry":{"type":"Point","coordinates":[-89.370466,29.990772]}},{"type":"Feature","properties":{"s":"reef","phase":"after","lease":"36166"},"geometry":{"type":"Point","coordinates":[-89.370389,29.990792]}},{"type":"Feature","properties":{"s":"reef","phase":"after","lease":"36166"},"geometry":{"type":"Point","coordinates":[-89.370283,29.990835]}},{"type":"Feature","properties":{"s":"reef","phase":"after","lease":"36166"},"geometry":{"type":"Point","coordinates":[-89.370221,29.990853]}},{"type":"Feature","properties":{"s":"reef","phase":"after","lease":"36166"},"geometry":{"type":"Point","coordinates":[-89.370189,29.990871]}},{"type":"Feature","properties":{"s":"reef","phase":"after","lease":"36166"},"geometry":{"type":"Point","coordinates":[-89.370095,29.990902]}},{"type":"Feature","properties":{"s":"reef","phase":"after","lease":"36166"},"geometry":{"type":"Point","coordinates":[-89.370003,29.990932]}},{"type":"Feature","properties":{"s":"scat","phase":"after","lease":"36166"},"geometry":{"type":"Point","coordinates":[-89.370796,29.990665]}},{"type":"Feature","properties":{"s":"scat","phase":"after","lease":"36166"},"geometry":{"type":"Point","coordinates":[-89.37066,29.990712]}},{"type":"Feature","properties":{"s":"scat","phase":"after","lease":"36166"},"geometry":{"type":"Point","coordinates":[-89.370562,29.990746]}},{"type":"Feature","properties":{"s":"scat","phase":"after","lease":"36166"},"geometry":{"type":"Point","coordinates":[-89.370513,29.990461]}},{"type":"Feature","properties":{"s":"scat","phase":"after","lease":"36166"},"geometry":{"type":"Point","coordinates":[-89.370621,29.990419]}},{"type":"Feature","properties":{"s":"scat","phase":"after","lease":"36166"},"geometry":{"type":"Point","coordinates":[-89.370749,29.990405]}},{"type":"Feature","properties":{"s":"scat","phase":"after","lease":"36166"},"geometry":{"type":"Point","coordinates":[-89.370836,29.990428]}},{"type":"Feature","properties":{"s":"scat","phase":"after","lease":"36166"},"geometry":{"type":"Point","coordinates":[-89.370892,29.990513]}},{"type":"Feature","properties":{"s":"reef","phase":"after","lease":"36166"},"geometry":{"type":"Point","coordinates":[-89.370048,29.990681]}},{"type":"Feature","properties":{"s":"reef","phase":"after","lease":"36166"},"geometry":{"type":"Point","coordinates":[-89.370121,29.99065]}},{"type":"Feature","properties":{"s":"reef","phase":"after","lease":"36166"},"geometry":{"type":"Point","coordinates":[-89.37021,29.990612]}},{"type":"Feature","properties":{"s":"reef","phase":"after","lease":"36166"},"geometry":{"type":"Point","coordinates":[-89.37028,29.990582]}},{"type":"Feature","properties":{"s":"reef","phase":"after","lease":"36166"},"geometry":{"type":"Point","coordinates":[-89.370327,29.990555]}},{"type":"Feature","properties":{"s":"scat","phase":"after","lease":"36166"},"geometry":{"type":"Point","coordinates":[-89.370383,29.990528]}},{"type":"Feature","properties":{"s":"scat","phase":"after","lease":"36166"},"geometry":{"type":"Point","coordinates":[-89.370466,29.990483]}},{"type":"Feature","properties":{"s":"reef","phase":"after","lease":"36166"},"geometry":{"type":"Point","coordinates":[-89.36955,29.990891]}},{"type":"Feature","properties":{"s":"reef","phase":"after","lease":"36166"},"geometry":{"type":"Point","coordinates":[-89.369603,29.990875]}},{"type":"Feature","properties":{"s":"reef","phase":"after","lease":"36166"},"geometry":{"type":"Point","coordinates":[-89.369671,29.990848]}},{"type":"Feature","properties":{"s":"reef","phase":"after","lease":"36166"},"geometry":{"type":"Point","coordinates":[-89.369765,29.990817]}},{"type":"Feature","properties":{"s":"reef","phase":"after","lease":"36166"},"geometry":{"type":"Point","coordinates":[-89.369823,29.990794]}},{"type":"Feature","properties":{"s":"reef","phase":"after","lease":"36166"},"geometry":{"type":"Point","coordinates":[-89.369893,29.990762]}},{"type":"Feature","properties":{"s":"reef","phase":"after","lease":"36166"},"geometry":{"type":"Point","coordinates":[-89.369982,29.990715]}},{"type":"Feature","properties":{"s":"reef","phase":"after","lease":"36166"},"geometry":{"type":"Point","coordinates":[-89.368986,29.991051]}},{"type":"Feature","properties":{"s":"reef","phase":"after","lease":"36166"},"geometry":{"type":"Point","coordinates":[-89.369046,29.991032]}},{"type":"Feature","properties":{"s":"reef","phase":"after","lease":"36166"},"geometry":{"type":"Point","coordinates":[-89.369122,29.991007]}},{"type":"Feature","properties":{"s":"reef","phase":"after","lease":"36166"},"geometry":{"type":"Point","coordinates":[-89.369177,29.990989]}},{"type":"Feature","properties":{"s":"reef","phase":"after","lease":"36166"},"geometry":{"type":"Point","coordinates":[-89.369195,29.990982]}},{"type":"Feature","properties":{"s":"reef","phase":"after","lease":"36166"},"geometry":{"type":"Point","coordinates":[-89.369249,29.990963]}},{"type":"Feature","properties":{"s":"reef","phase":"after","lease":"36166"},"geometry":{"type":"Point","coordinates":[-89.369324,29.990943]}},{"type":"Feature","properties":{"s":"reef","phase":"after","lease":"36166"},"geometry":{"type":"Point","coordinates":[-89.369393,29.990924]}},{"type":"Feature","properties":{"s":"reef","phase":"after","lease":"36166"},"geometry":{"type":"Point","coordinates":[-89.36948,29.990908]}},{"type":"Feature","properties":{"s":"reef","phase":"after","lease":"36166"},"geometry":{"type":"Point","coordinates":[-89.368478,29.991231]}},{"type":"Feature","properties":{"s":"reef","phase":"after","lease":"36166"},"geometry":{"type":"Point","coordinates":[-89.368569,29.991196]}},{"type":"Feature","properties":{"s":"reef","phase":"after","lease":"36166"},"geometry":{"type":"Point","coordinates":[-89.368628,29.991174]}},{"type":"Feature","properties":{"s":"reef","phase":"after","lease":"36166"},"geometry":{"type":"Point","coordinates":[-89.368722,29.991144]}},{"type":"Feature","properties":{"s":"reef","phase":"after","lease":"36166"},"geometry":{"type":"Point","coordinates":[-89.368776,29.991125]}},{"type":"Feature","properties":{"s":"reef","phase":"after","lease":"36166"},"geometry":{"type":"Point","coordinates":[-89.368856,29.991101]}},{"type":"Feature","properties":{"s":"reef","phase":"after","lease":"36166"},"geometry":{"type":"Point","coordinates":[-89.36895,29.991065]}},{"type":"Feature","properties":{"s":"reef","phase":"after","lease":"36166"},"geometry":{"type":"Point","coordinates":[-89.368001,29.991391]}},{"type":"Feature","properties":{"s":"reef","phase":"after","lease":"36166"},"geometry":{"type":"Point","coordinates":[-89.368072,29.991372]}},{"type":"Feature","properties":{"s":"reef","phase":"after","lease":"36166"},"geometry":{"type":"Point","coordinates":[-89.368153,29.991349]}},{"type":"Feature","properties":{"s":"scat","phase":"after","lease":"36166"},"geometry":{"type":"Point","coordinates":[-89.36822,29.991327]}},{"type":"Feature","properties":{"s":"scat","phase":"after","lease":"36166"},"geometry":{"type":"Point","coordinates":[-89.368304,29.991294]}},{"type":"Feature","properties":{"s":"reef","phase":"after","lease":"36166"},"geometry":{"type":"Point","coordinates":[-89.368389,29.991265]}},{"type":"Feature","properties":{"s":"reef","phase":"after","lease":"36166"},"geometry":{"type":"Point","coordinates":[-89.367406,29.991595]}},{"type":"Feature","properties":{"s":"reef","phase":"after","lease":"36166"},"geometry":{"type":"Point","coordinates":[-89.367529,29.991551]}},{"type":"Feature","properties":{"s":"reef","phase":"after","lease":"36166"},"geometry":{"type":"Point","coordinates":[-89.367621,29.991518]}},{"type":"Feature","properties":{"s":"reef","phase":"after","lease":"36166"},"geometry":{"type":"Point","coordinates":[-89.36769,29.991491]}},{"type":"Feature","properties":{"s":"reef","phase":"after","lease":"36166"},"geometry":{"type":"Point","coordinates":[-89.367779,29.991461]}},{"type":"Feature","properties":{"s":"reef","phase":"after","lease":"36166"},"geometry":{"type":"Point","coordinates":[-89.367853,29.991435]}},{"type":"Feature","properties":{"s":"reef","phase":"after","lease":"36166"},"geometry":{"type":"Point","coordinates":[-89.367947,29.991406]}},{"type":"Feature","properties":{"s":"reef","phase":"after","lease":"36166"},"geometry":{"type":"Point","coordinates":[-89.366956,29.991741]}},{"type":"Feature","properties":{"s":"reef","phase":"after","lease":"36166"},"geometry":{"type":"Point","coordinates":[-89.367027,29.991717]}},{"type":"Feature","properties":{"s":"reef","phase":"after","lease":"36166"},"geometry":{"type":"Point","coordinates":[-89.367132,29.991682]}},{"type":"Feature","properties":{"s":"reef","phase":"after","lease":"36166"},"geometry":{"type":"Point","coordinates":[-89.36717,29.99167]}},{"type":"Feature","properties":{"s":"reef","phase":"after","lease":"36166"},"geometry":{"type":"Point","coordinates":[-89.367247,29.991649]}},{"type":"Feature","properties":{"s":"reef","phase":"after","lease":"36166"},"geometry":{"type":"Point","coordinates":[-89.367338,29.991621]}},{"type":"Feature","properties":{"s":"reef","phase":"after","lease":"36166"},"geometry":{"type":"Point","coordinates":[-89.3664,29.991922]}},{"type":"Feature","properties":{"s":"reef","phase":"after","lease":"36166"},"geometry":{"type":"Point","coordinates":[-89.366532,29.99188]}},{"type":"Feature","properties":{"s":"reef","phase":"after","lease":"36166"},"geometry":{"type":"Point","coordinates":[-89.366754,29.991807]}},{"type":"Feature","properties":{"s":"reef","phase":"after","lease":"36166"},"geometry":{"type":"Point","coordinates":[-89.366864,29.99177]}},{"type":"Feature","properties":{"s":"scat","phase":"after","lease":"36166"},"geometry":{"type":"Point","coordinates":[-89.365801,29.992109]}},{"type":"Feature","properties":{"s":"scat","phase":"after","lease":"36166"},"geometry":{"type":"Point","coordinates":[-89.365896,29.992081]}},{"type":"Feature","properties":{"s":"reef","phase":"after","lease":"36166"},"geometry":{"type":"Point","coordinates":[-89.366003,29.992047]}},{"type":"Feature","properties":{"s":"reef","phase":"after","lease":"36166"},"geometry":{"type":"Point","coordinates":[-89.366162,29.991994]}},{"type":"Feature","properties":{"s":"reef","phase":"after","lease":"36166"},"geometry":{"type":"Point","coordinates":[-89.366289,29.991955]}},{"type":"Feature","properties":{"s":"firm","phase":"after","lease":"36166"},"geometry":{"type":"Point","coordinates":[-89.365646,29.992163]}},{"type":"Feature","properties":{"s":"scat","phase":"after","lease":"36166"},"geometry":{"type":"Point","coordinates":[-89.365732,29.992132]}},{"type":"Feature","properties":{"s":"scat","phase":"after","lease":"36166"},"geometry":{"type":"Point","coordinates":[-89.365728,29.99182]}},{"type":"Feature","properties":{"s":"scat","phase":"after","lease":"36166"},"geometry":{"type":"Point","coordinates":[-89.365591,29.991851]}},{"type":"Feature","properties":{"s":"firm","phase":"after","lease":"36166"},"geometry":{"type":"Point","coordinates":[-89.365534,29.991865]}},{"type":"Feature","properties":{"s":"reef","phase":"after","lease":"36166"},"geometry":{"type":"Point","coordinates":[-89.366403,29.991629]}},{"type":"Feature","properties":{"s":"reef","phase":"after","lease":"36166"},"geometry":{"type":"Point","coordinates":[-89.366252,29.991678]}},{"type":"Feature","properties":{"s":"reef","phase":"after","lease":"36166"},"geometry":{"type":"Point","coordinates":[-89.366193,29.9917]}},{"type":"Feature","properties":{"s":"reef","phase":"after","lease":"36166"},"geometry":{"type":"Point","coordinates":[-89.366109,29.991717]}},{"type":"Feature","properties":{"s":"reef","phase":"after","lease":"36166"},"geometry":{"type":"Point","coordinates":[-89.366036,29.991737]}},{"type":"Feature","properties":{"s":"scat","phase":"after","lease":"36166"},"geometry":{"type":"Point","coordinates":[-89.365939,29.991761]}},{"type":"Feature","properties":{"s":"scat","phase":"after","lease":"36166"},"geometry":{"type":"Point","coordinates":[-89.365919,29.991765]}},{"type":"Feature","properties":{"s":"scat","phase":"after","lease":"36166"},"geometry":{"type":"Point","coordinates":[-89.365822,29.991793]}},{"type":"Feature","properties":{"s":"reef","phase":"after","lease":"36166"},"geometry":{"type":"Point","coordinates":[-89.366947,29.991444]}},{"type":"Feature","properties":{"s":"reef","phase":"after","lease":"36166"},"geometry":{"type":"Point","coordinates":[-89.366869,29.991472]}},{"type":"Feature","properties":{"s":"reef","phase":"after","lease":"36166"},"geometry":{"type":"Point","coordinates":[-89.366799,29.991496]}},{"type":"Feature","properties":{"s":"reef","phase":"after","lease":"36166"},"geometry":{"type":"Point","coordinates":[-89.366705,29.991526]}},{"type":"Feature","properties":{"s":"reef","phase":"after","lease":"36166"},"geometry":{"type":"Point","coordinates":[-89.366612,29.99156]}},{"type":"Feature","properties":{"s":"reef","phase":"after","lease":"36166"},"geometry":{"type":"Point","coordinates":[-89.366535,29.991585]}},{"type":"Feature","properties":{"s":"reef","phase":"after","lease":"36166"},"geometry":{"type":"Point","coordinates":[-89.366478,29.991606]}},{"type":"Feature","properties":{"s":"reef","phase":"after","lease":"36166"},"geometry":{"type":"Point","coordinates":[-89.367534,29.991242]}},{"type":"Feature","properties":{"s":"reef","phase":"after","lease":"36166"},"geometry":{"type":"Point","coordinates":[-89.367478,29.991262]}},{"type":"Feature","properties":{"s":"reef","phase":"after","lease":"36166"},"geometry":{"type":"Point","coordinates":[-89.367402,29.991291]}},{"type":"Feature","properties":{"s":"reef","phase":"after","lease":"36166"},"geometry":{"type":"Point","coordinates":[-89.367345,29.991311]}},{"type":"Feature","properties":{"s":"reef","phase":"after","lease":"36166"},"geometry":{"type":"Point","coordinates":[-89.367269,29.991338]}},{"type":"Feature","properties":{"s":"reef","phase":"after","lease":"36166"},"geometry":{"type":"Point","coordinates":[-89.367173,29.991372]}},{"type":"Feature","properties":{"s":"reef","phase":"after","lease":"36166"},"geometry":{"type":"Point","coordinates":[-89.367094,29.991393]}},{"type":"Feature","properties":{"s":"reef","phase":"after","lease":"36166"},"geometry":{"type":"Point","coordinates":[-89.367017,29.991421]}},{"type":"Feature","properties":{"s":"reef","phase":"after","lease":"36166"},"geometry":{"type":"Point","coordinates":[-89.368061,29.991076]}},{"type":"Feature","properties":{"s":"reef","phase":"after","lease":"36166"},"geometry":{"type":"Point","coordinates":[-89.367986,29.9911]}},{"type":"Feature","properties":{"s":"reef","phase":"after","lease":"36166"},"geometry":{"type":"Point","coordinates":[-89.367895,29.991133]}},{"type":"Feature","properties":{"s":"reef","phase":"after","lease":"36166"},"geometry":{"type":"Point","coordinates":[-89.367843,29.99115]}},{"type":"Feature","properties":{"s":"reef","phase":"after","lease":"36166"},"geometry":{"type":"Point","coordinates":[-89.367771,29.991172]}},{"type":"Feature","properties":{"s":"reef","phase":"after","lease":"36166"},"geometry":{"type":"Point","coordinates":[-89.36771,29.991187]}},{"type":"Feature","properties":{"s":"reef","phase":"after","lease":"36166"},"geometry":{"type":"Point","coordinates":[-89.367667,29.991196]}},{"type":"Feature","properties":{"s":"reef","phase":"after","lease":"36166"},"geometry":{"type":"Point","coordinates":[-89.367592,29.991222]}},{"type":"Feature","properties":{"s":"reef","phase":"after","lease":"36166"},"geometry":{"type":"Point","coordinates":[-89.368631,29.990892]}},{"type":"Feature","properties":{"s":"reef","phase":"after","lease":"36166"},"geometry":{"type":"Point","coordinates":[-89.368558,29.990928]}},{"type":"Feature","properties":{"s":"reef","phase":"after","lease":"36166"},"geometry":{"type":"Point","coordinates":[-89.368505,29.99095]}},{"type":"Feature","properties":{"s":"reef","phase":"after","lease":"36166"},"geometry":{"type":"Point","coordinates":[-89.368448,29.990966]}},{"type":"Feature","properties":{"s":"reef","phase":"after","lease":"36166"},"geometry":{"type":"Point","coordinates":[-89.368377,29.990989]}},{"type":"Feature","properties":{"s":"reef","phase":"after","lease":"36166"},"geometry":{"type":"Point","coordinates":[-89.368302,29.99101]}},{"type":"Feature","properties":{"s":"reef","phase":"after","lease":"36166"},"geometry":{"type":"Point","coordinates":[-89.368284,29.991015]}},{"type":"Feature","properties":{"s":"reef","phase":"after","lease":"36166"},"geometry":{"type":"Point","coordinates":[-89.368218,29.991027]}},{"type":"Feature","properties":{"s":"reef","phase":"after","lease":"36166"},"geometry":{"type":"Point","coordinates":[-89.368158,29.991047]}},{"type":"Feature","properties":{"s":"reef","phase":"after","lease":"36166"},"geometry":{"type":"Point","coordinates":[-89.369104,29.990722]}},{"type":"Feature","properties":{"s":"reef","phase":"after","lease":"36166"},"geometry":{"type":"Point","coordinates":[-89.36903,29.990743]}},{"type":"Feature","properties":{"s":"reef","phase":"after","lease":"36166"},"geometry":{"type":"Point","coordinates":[-89.368924,29.990784]}},{"type":"Feature","properties":{"s":"reef","phase":"after","lease":"36166"},"geometry":{"type":"Point","coordinates":[-89.368849,29.99081]}},{"type":"Feature","properties":{"s":"reef","phase":"after","lease":"36166"},"geometry":{"type":"Point","coordinates":[-89.368797,29.990827]}},{"type":"Feature","properties":{"s":"reef","phase":"after","lease":"36166"},"geometry":{"type":"Point","coordinates":[-89.368738,29.990859]}},{"type":"Feature","properties":{"s":"reef","phase":"after","lease":"36166"},"geometry":{"type":"Point","coordinates":[-89.369684,29.990523]}},{"type":"Feature","properties":{"s":"reef","phase":"after","lease":"36166"},"geometry":{"type":"Point","coordinates":[-89.369596,29.990553]}},{"type":"Feature","properties":{"s":"reef","phase":"after","lease":"36166"},"geometry":{"type":"Point","coordinates":[-89.369525,29.990575]}},{"type":"Feature","properties":{"s":"reef","phase":"after","lease":"36166"},"geometry":{"type":"Point","coordinates":[-89.369452,29.990603]}},{"type":"Feature","properties":{"s":"scat","phase":"after","lease":"36166"},"geometry":{"type":"Point","coordinates":[-89.369398,29.990623]}},{"type":"Feature","properties":{"s":"reef","phase":"after","lease":"36166"},"geometry":{"type":"Point","coordinates":[-89.369379,29.990629]}},{"type":"Feature","properties":{"s":"reef","phase":"after","lease":"36166"},"geometry":{"type":"Point","coordinates":[-89.369289,29.990665]}},{"type":"Feature","properties":{"s":"reef","phase":"after","lease":"36166"},"geometry":{"type":"Point","coordinates":[-89.369202,29.990696]}},{"type":"Feature","properties":{"s":"reef","phase":"after","lease":"36166"},"geometry":{"type":"Point","coordinates":[-89.370207,29.990345]}},{"type":"Feature","properties":{"s":"reef","phase":"after","lease":"36166"},"geometry":{"type":"Point","coordinates":[-89.370118,29.990378]}},{"type":"Feature","properties":{"s":"reef","phase":"after","lease":"36166"},"geometry":{"type":"Point","coordinates":[-89.370021,29.990408]}},{"type":"Feature","properties":{"s":"reef","phase":"after","lease":"36166"},"geometry":{"type":"Point","coordinates":[-89.369948,29.990436]}},{"type":"Feature","properties":{"s":"reef","phase":"after","lease":"36166"},"geometry":{"type":"Point","coordinates":[-89.369889,29.990456]}},{"type":"Feature","properties":{"s":"reef","phase":"after","lease":"36166"},"geometry":{"type":"Point","coordinates":[-89.369812,29.990479]}},{"type":"Feature","properties":{"s":"reef","phase":"after","lease":"36166"},"geometry":{"type":"Point","coordinates":[-89.369757,29.9905]}},{"type":"Feature","properties":{"s":"firm","phase":"after","lease":"36166"},"geometry":{"type":"Point","coordinates":[-89.370632,29.99015]}},{"type":"Feature","properties":{"s":"firm","phase":"after","lease":"36166"},"geometry":{"type":"Point","coordinates":[-89.370545,29.990238]}},{"type":"Feature","properties":{"s":"reef","phase":"after","lease":"36166"},"geometry":{"type":"Point","coordinates":[-89.370334,29.990305]}},{"type":"Feature","properties":{"s":"firm","phase":"after","lease":"36166"},"geometry":{"type":"Point","coordinates":[-89.370329,29.98998]}},{"type":"Feature","properties":{"s":"firm","phase":"after","lease":"36166"},"geometry":{"type":"Point","coordinates":[-89.370496,29.989956]}},{"type":"Feature","properties":{"s":"firm","phase":"after","lease":"36166"},"geometry":{"type":"Point","coordinates":[-89.370573,29.989974]}},{"type":"Feature","properties":{"s":"firm","phase":"after","lease":"36166"},"geometry":{"type":"Point","coordinates":[-89.370625,29.990019]}},{"type":"Feature","properties":{"s":"firm","phase":"after","lease":"36166"},"geometry":{"type":"Point","coordinates":[-89.370647,29.990087]}},{"type":"Feature","properties":{"s":"reef","phase":"after","lease":"36166"},"geometry":{"type":"Point","coordinates":[-89.369859,29.990213]}},{"type":"Feature","properties":{"s":"reef","phase":"after","lease":"36166"},"geometry":{"type":"Point","coordinates":[-89.369931,29.990181]}},{"type":"Feature","properties":{"s":"reef","phase":"after","lease":"36166"},"geometry":{"type":"Point","coordinates":[-89.369978,29.990159]}},{"type":"Feature","properties":{"s":"scat","phase":"after","lease":"36166"},"geometry":{"type":"Point","coordinates":[-89.370025,29.990134]}},{"type":"Feature","properties":{"s":"firm","phase":"after","lease":"36166"},"geometry":{"type":"Point","coordinates":[-89.37011,29.990097]}},{"type":"Feature","properties":{"s":"firm","phase":"after","lease":"36166"},"geometry":{"type":"Point","coordinates":[-89.370204,29.990041]}},{"type":"Feature","properties":{"s":"firm","phase":"after","lease":"36166"},"geometry":{"type":"Point","coordinates":[-89.370269,29.990004]}},{"type":"Feature","properties":{"s":"reef","phase":"after","lease":"36166"},"geometry":{"type":"Point","coordinates":[-89.369307,29.990427]}},{"type":"Feature","properties":{"s":"reef","phase":"after","lease":"36166"},"geometry":{"type":"Point","coordinates":[-89.369383,29.990406]}},{"type":"Feature","properties":{"s":"reef","phase":"after","lease":"36166"},"geometry":{"type":"Point","coordinates":[-89.369439,29.990385]}},{"type":"Feature","properties":{"s":"reef","phase":"after","lease":"36166"},"geometry":{"type":"Point","coordinates":[-89.369495,29.990364]}},{"type":"Feature","properties":{"s":"reef","phase":"after","lease":"36166"},"geometry":{"type":"Point","coordinates":[-89.369561,29.990339]}},{"type":"Feature","properties":{"s":"reef","phase":"after","lease":"36166"},"geometry":{"type":"Point","coordinates":[-89.369636,29.99031]}},{"type":"Feature","properties":{"s":"reef","phase":"after","lease":"36166"},"geometry":{"type":"Point","coordinates":[-89.369706,29.990277]}},{"type":"Feature","properties":{"s":"reef","phase":"after","lease":"36166"},"geometry":{"type":"Point","coordinates":[-89.369762,29.99025]}},{"type":"Feature","properties":{"s":"reef","phase":"after","lease":"36166"},"geometry":{"type":"Point","coordinates":[-89.368807,29.990577]}},{"type":"Feature","properties":{"s":"reef","phase":"after","lease":"36166"},"geometry":{"type":"Point","coordinates":[-89.368848,29.99057]}},{"type":"Feature","properties":{"s":"reef","phase":"after","lease":"36166"},"geometry":{"type":"Point","coordinates":[-89.368903,29.990552]}},{"type":"Feature","properties":{"s":"reef","phase":"after","lease":"36166"},"geometry":{"type":"Point","coordinates":[-89.368957,29.990535]}},{"type":"Feature","properties":{"s":"reef","phase":"after","lease":"36166"},"geometry":{"type":"Point","coordinates":[-89.369028,29.990513]}},{"type":"Feature","properties":{"s":"reef","phase":"after","lease":"36166"},"geometry":{"type":"Point","coordinates":[-89.369136,29.990482]}},{"type":"Feature","properties":{"s":"reef","phase":"after","lease":"36166"},"geometry":{"type":"Point","coordinates":[-89.369212,29.990457]}},{"type":"Feature","properties":{"s":"reef","phase":"after","lease":"36166"},"geometry":{"type":"Point","coordinates":[-89.368282,29.990741]}},{"type":"Feature","properties":{"s":"reef","phase":"after","lease":"36166"},"geometry":{"type":"Point","coordinates":[-89.368356,29.990718]}},{"type":"Feature","properties":{"s":"reef","phase":"after","lease":"36166"},"geometry":{"type":"Point","coordinates":[-89.368409,29.9907]}},{"type":"Feature","properties":{"s":"reef","phase":"after","lease":"36166"},"geometry":{"type":"Point","coordinates":[-89.368447,29.990687]}},{"type":"Feature","properties":{"s":"reef","phase":"after","lease":"36166"},"geometry":{"type":"Point","coordinates":[-89.368501,29.990668]}},{"type":"Feature","properties":{"s":"reef","phase":"after","lease":"36166"},"geometry":{"type":"Point","coordinates":[-89.36857,29.990646]}},{"type":"Feature","properties":{"s":"reef","phase":"after","lease":"36166"},"geometry":{"type":"Point","coordinates":[-89.368661,29.990623]}},{"type":"Feature","properties":{"s":"reef","phase":"after","lease":"36166"},"geometry":{"type":"Point","coordinates":[-89.368752,29.990595]}},{"type":"Feature","properties":{"s":"reef","phase":"after","lease":"36166"},"geometry":{"type":"Point","coordinates":[-89.367696,29.990949]}},{"type":"Feature","properties":{"s":"reef","phase":"after","lease":"36166"},"geometry":{"type":"Point","coordinates":[-89.367773,29.990923]}},{"type":"Feature","properties":{"s":"reef","phase":"after","lease":"36166"},"geometry":{"type":"Point","coordinates":[-89.367844,29.990899]}},{"type":"Feature","properties":{"s":"reef","phase":"after","lease":"36166"},"geometry":{"type":"Point","coordinates":[-89.367916,29.990873]}},{"type":"Feature","properties":{"s":"reef","phase":"after","lease":"36166"},"geometry":{"type":"Point","coordinates":[-89.367985,29.990846]}},{"type":"Feature","properties":{"s":"reef","phase":"after","lease":"36166"},"geometry":{"type":"Point","coordinates":[-89.368098,29.990806]}},{"type":"Feature","properties":{"s":"reef","phase":"after","lease":"36166"},"geometry":{"type":"Point","coordinates":[-89.368189,29.990773]}},{"type":"Feature","properties":{"s":"reef","phase":"after","lease":"36166"},"geometry":{"type":"Point","coordinates":[-89.367189,29.991117]}},{"type":"Feature","properties":{"s":"reef","phase":"after","lease":"36166"},"geometry":{"type":"Point","coordinates":[-89.367242,29.991101]}},{"type":"Feature","properties":{"s":"reef","phase":"after","lease":"36166"},"geometry":{"type":"Point","coordinates":[-89.367331,29.99107]}},{"type":"Feature","properties":{"s":"reef","phase":"after","lease":"36166"},"geometry":{"type":"Point","coordinates":[-89.367421,29.991038]}},{"type":"Feature","properties":{"s":"reef","phase":"after","lease":"36166"},"geometry":{"type":"Point","coordinates":[-89.367496,29.991016]}},{"type":"Feature","properties":{"s":"reef","phase":"after","lease":"36166"},"geometry":{"type":"Point","coordinates":[-89.367552,29.990998]}},{"type":"Feature","properties":{"s":"reef","phase":"after","lease":"36166"},"geometry":{"type":"Point","coordinates":[-89.367607,29.990979]}},{"type":"Feature","properties":{"s":"reef","phase":"after","lease":"36166"},"geometry":{"type":"Point","coordinates":[-89.366688,29.99129]}},{"type":"Feature","properties":{"s":"reef","phase":"after","lease":"36166"},"geometry":{"type":"Point","coordinates":[-89.366777,29.991261]}},{"type":"Feature","properties":{"s":"reef","phase":"after","lease":"36166"},"geometry":{"type":"Point","coordinates":[-89.36681,29.991245]}},{"type":"Feature","properties":{"s":"reef","phase":"after","lease":"36166"},"geometry":{"type":"Point","coordinates":[-89.366841,29.991232]}},{"type":"Feature","properties":{"s":"reef","phase":"after","lease":"36166"},"geometry":{"type":"Point","coordinates":[-89.366913,29.991208]}},{"type":"Feature","properties":{"s":"reef","phase":"after","lease":"36166"},"geometry":{"type":"Point","coordinates":[-89.366954,29.991196]}},{"type":"Feature","properties":{"s":"reef","phase":"after","lease":"36166"},"geometry":{"type":"Point","coordinates":[-89.367008,29.991179]}},{"type":"Feature","properties":{"s":"reef","phase":"after","lease":"36166"},"geometry":{"type":"Point","coordinates":[-89.367062,29.99116]}},{"type":"Feature","properties":{"s":"reef","phase":"after","lease":"36166"},"geometry":{"type":"Point","coordinates":[-89.367136,29.991136]}},{"type":"Feature","properties":{"s":"reef","phase":"after","lease":"36166"},"geometry":{"type":"Point","coordinates":[-89.366471,29.991362]}},{"type":"Feature","properties":{"s":"reef","phase":"after","lease":"36166"},"geometry":{"type":"Point","coordinates":[-89.366541,29.991338]}},{"type":"Feature","properties":{"s":"reef","phase":"after","lease":"36166"},"geometry":{"type":"Point","coordinates":[-89.366633,29.991308]}},{"type":"Feature","properties":{"s":"scat","phase":"after","lease":"36166"},"geometry":{"type":"Point","coordinates":[-89.365642,29.991637]}},{"type":"Feature","properties":{"s":"scat","phase":"after","lease":"36166"},"geometry":{"type":"Point","coordinates":[-89.365789,29.991595]}},{"type":"Feature","properties":{"s":"scat","phase":"after","lease":"36166"},"geometry":{"type":"Point","coordinates":[-89.365789,29.991595]}},{"type":"Feature","properties":{"s":"scat","phase":"after","lease":"36166"},"geometry":{"type":"Point","coordinates":[-89.365862,29.991574]}},{"type":"Feature","properties":{"s":"reef","phase":"after","lease":"36166"},"geometry":{"type":"Point","coordinates":[-89.365932,29.99155]}},{"type":"Feature","properties":{"s":"reef","phase":"after","lease":"36166"},"geometry":{"type":"Point","coordinates":[-89.366015,29.991517]}},{"type":"Feature","properties":{"s":"reef","phase":"after","lease":"36166"},"geometry":{"type":"Point","coordinates":[-89.366085,29.991491]}},{"type":"Feature","properties":{"s":"reef","phase":"after","lease":"36166"},"geometry":{"type":"Point","coordinates":[-89.366199,29.991456]}},{"type":"Feature","properties":{"s":"reef","phase":"after","lease":"36166"},"geometry":{"type":"Point","coordinates":[-89.366257,29.991438]}},{"type":"Feature","properties":{"s":"reef","phase":"after","lease":"36166"},"geometry":{"type":"Point","coordinates":[-89.366362,29.991401]}},{"type":"Feature","properties":{"s":"firm","phase":"after","lease":"36166"},"geometry":{"type":"Point","coordinates":[-89.365441,29.991701]}},{"type":"Feature","properties":{"s":"firm","phase":"after","lease":"36166"},"geometry":{"type":"Point","coordinates":[-89.365441,29.991701]}},{"type":"Feature","properties":{"s":"scat","phase":"after","lease":"36166"},"geometry":{"type":"Point","coordinates":[-89.365516,29.99168]}},{"type":"Feature","properties":{"s":"scat","phase":"after","lease":"36166"},"geometry":{"type":"Point","coordinates":[-89.365469,29.991387]}},{"type":"Feature","properties":{"s":"firm","phase":"after","lease":"36166"},"geometry":{"type":"Point","coordinates":[-89.365374,29.991413]}},{"type":"Feature","properties":{"s":"firm","phase":"after","lease":"36166"},"geometry":{"type":"Point","coordinates":[-89.365299,29.991431]}},{"type":"Feature","properties":{"s":"reef","phase":"after","lease":"36166"},"geometry":{"type":"Point","coordinates":[-89.365957,29.991244]}},{"type":"Feature","properties":{"s":"reef","phase":"after","lease":"36166"},"geometry":{"type":"Point","coordinates":[-89.365882,29.991269]}},{"type":"Feature","properties":{"s":"reef","phase":"after","lease":"36166"},"geometry":{"type":"Point","coordinates":[-89.365833,29.991293]}},{"type":"Feature","properties":{"s":"reef","phase":"after","lease":"36166"},"geometry":{"type":"Point","coordinates":[-89.365727,29.991324]}},{"type":"Feature","properties":{"s":"reef","phase":"after","lease":"36166"},"geometry":{"type":"Point","coordinates":[-89.365628,29.991348]}},{"type":"Feature","properties":{"s":"scat","phase":"after","lease":"36166"},"geometry":{"type":"Point","coordinates":[-89.365544,29.991368]}},{"type":"Feature","properties":{"s":"reef","phase":"after","lease":"36166"},"geometry":{"type":"Point","coordinates":[-89.366494,29.991065]}},{"type":"Feature","properties":{"s":"reef","phase":"after","lease":"36166"},"geometry":{"type":"Point","coordinates":[-89.366417,29.991083]}},{"type":"Feature","properties":{"s":"reef","phase":"after","lease":"36166"},"geometry":{"type":"Point","coordinates":[-89.366326,29.991117]}},{"type":"Feature","properties":{"s":"reef","phase":"after","lease":"36166"},"geometry":{"type":"Point","coordinates":[-89.366236,29.991151]}},{"type":"Feature","properties":{"s":"reef","phase":"after","lease":"36166"},"geometry":{"type":"Point","coordinates":[-89.366131,29.991186]}},{"type":"Feature","properties":{"s":"reef","phase":"after","lease":"36166"},"geometry":{"type":"Point","coordinates":[-89.366022,29.991219]}},{"type":"Feature","properties":{"s":"reef","phase":"after","lease":"36166"},"geometry":{"type":"Point","coordinates":[-89.367109,29.990863]}},{"type":"Feature","properties":{"s":"reef","phase":"after","lease":"36166"},"geometry":{"type":"Point","coordinates":[-89.367035,29.990886]}},{"type":"Feature","properties":{"s":"reef","phase":"after","lease":"36166"},"geometry":{"type":"Point","coordinates":[-89.366958,29.990912]}},{"type":"Feature","properties":{"s":"reef","phase":"after","lease":"36166"},"geometry":{"type":"Point","coordinates":[-89.366885,29.990935]}},{"type":"Feature","properties":{"s":"reef","phase":"after","lease":"36166"},"geometry":{"type":"Point","coordinates":[-89.366849,29.990948]}},{"type":"Feature","properties":{"s":"reef","phase":"after","lease":"36166"},"geometry":{"type":"Point","coordinates":[-89.366794,29.990964]}},{"type":"Feature","properties":{"s":"reef","phase":"after","lease":"36166"},"geometry":{"type":"Point","coordinates":[-89.366719,29.990989]}},{"type":"Feature","properties":{"s":"reef","phase":"after","lease":"36166"},"geometry":{"type":"Point","coordinates":[-89.366683,29.991002]}},{"type":"Feature","properties":{"s":"reef","phase":"after","lease":"36166"},"geometry":{"type":"Point","coordinates":[-89.366587,29.991035]}},{"type":"Feature","properties":{"s":"reef","phase":"after","lease":"36166"},"geometry":{"type":"Point","coordinates":[-89.367598,29.990701]}},{"type":"Feature","properties":{"s":"reef","phase":"after","lease":"36166"},"geometry":{"type":"Point","coordinates":[-89.367502,29.990733]}},{"type":"Feature","properties":{"s":"reef","phase":"after","lease":"36166"},"geometry":{"type":"Point","coordinates":[-89.367405,29.990761]}},{"type":"Feature","properties":{"s":"reef","phase":"after","lease":"36166"},"geometry":{"type":"Point","coordinates":[-89.367334,29.990791]}},{"type":"Feature","properties":{"s":"reef","phase":"after","lease":"36166"},"geometry":{"type":"Point","coordinates":[-89.367278,29.99081]}},{"type":"Feature","properties":{"s":"reef","phase":"after","lease":"36166"},"geometry":{"type":"Point","coordinates":[-89.36724,29.990821]}},{"type":"Feature","properties":{"s":"reef","phase":"after","lease":"36166"},"geometry":{"type":"Point","coordinates":[-89.367149,29.990853]}},{"type":"Feature","properties":{"s":"reef","phase":"after","lease":"36166"},"geometry":{"type":"Point","coordinates":[-89.368203,29.990495]}},{"type":"Feature","properties":{"s":"reef","phase":"after","lease":"36166"},"geometry":{"type":"Point","coordinates":[-89.36813,29.990518]}},{"type":"Feature","properties":{"s":"reef","phase":"after","lease":"36166"},"geometry":{"type":"Point","coordinates":[-89.368075,29.990542]}},{"type":"Feature","properties":{"s":"reef","phase":"after","lease":"36166"},"geometry":{"type":"Point","coordinates":[-89.368017,29.99056]}},{"type":"Feature","properties":{"s":"reef","phase":"after","lease":"36166"},"geometry":{"type":"Point","coordinates":[-89.367956,29.990577]}},{"type":"Feature","properties":{"s":"reef","phase":"after","lease":"36166"},"geometry":{"type":"Point","coordinates":[-89.367879,29.990605]}},{"type":"Feature","properties":{"s":"reef","phase":"after","lease":"36166"},"geometry":{"type":"Point","coordinates":[-89.367785,29.990638]}},{"type":"Feature","properties":{"s":"reef","phase":"after","lease":"36166"},"geometry":{"type":"Point","coordinates":[-89.367746,29.990651]}},{"type":"Feature","properties":{"s":"reef","phase":"after","lease":"36166"},"geometry":{"type":"Point","coordinates":[-89.367671,29.990675]}},{"type":"Feature","properties":{"s":"reef","phase":"after","lease":"36166"},"geometry":{"type":"Point","coordinates":[-89.368758,29.990302]}},{"type":"Feature","properties":{"s":"reef","phase":"after","lease":"36166"},"geometry":{"type":"Point","coordinates":[-89.368679,29.990328]}},{"type":"Feature","properties":{"s":"reef","phase":"after","lease":"36166"},"geometry":{"type":"Point","coordinates":[-89.368601,29.990352]}},{"type":"Feature","properties":{"s":"reef","phase":"after","lease":"36166"},"geometry":{"type":"Point","coordinates":[-89.368526,29.990376]}},{"type":"Feature","properties":{"s":"reef","phase":"after","lease":"36166"},"geometry":{"type":"Point","coordinates":[-89.368456,29.990407]}},{"type":"Feature","properties":{"s":"reef","phase":"after","lease":"36166"},"geometry":{"type":"Point","coordinates":[-89.368404,29.990425]}},{"type":"Feature","properties":{"s":"reef","phase":"after","lease":"36166"},"geometry":{"type":"Point","coordinates":[-89.368352,29.990445]}},{"type":"Feature","properties":{"s":"reef","phase":"after","lease":"36166"},"geometry":{"type":"Point","coordinates":[-89.368298,29.990458]}},{"type":"Feature","properties":{"s":"reef","phase":"after","lease":"36166"},"geometry":{"type":"Point","coordinates":[-89.368258,29.990473]}},{"type":"Feature","properties":{"s":"reef","phase":"after","lease":"36166"},"geometry":{"type":"Point","coordinates":[-89.369296,29.990126]}},{"type":"Feature","properties":{"s":"reef","phase":"after","lease":"36166"},"geometry":{"type":"Point","coordinates":[-89.369243,29.990146]}},{"type":"Feature","properties":{"s":"reef","phase":"after","lease":"36166"},"geometry":{"type":"Point","coordinates":[-89.369206,29.990158]}},{"type":"Feature","properties":{"s":"reef","phase":"after","lease":"36166"},"geometry":{"type":"Point","coordinates":[-89.369152,29.990174]}},{"type":"Feature","properties":{"s":"reef","phase":"after","lease":"36166"},"geometry":{"type":"Point","coordinates":[-89.369078,29.990197]}},{"type":"Feature","properties":{"s":"reef","phase":"after","lease":"36166"},"geometry":{"type":"Point","coordinates":[-89.369004,29.990214]}},{"type":"Feature","properties":{"s":"reef","phase":"after","lease":"36166"},"geometry":{"type":"Point","coordinates":[-89.368915,29.990245]}},{"type":"Feature","properties":{"s":"reef","phase":"after","lease":"36166"},"geometry":{"type":"Point","coordinates":[-89.368813,29.99028]}},{"type":"Feature","properties":{"s":"scat","phase":"after","lease":"36166"},"geometry":{"type":"Point","coordinates":[-89.369806,29.989953]}},{"type":"Feature","properties":{"s":"reef","phase":"after","lease":"36166"},"geometry":{"type":"Point","coordinates":[-89.369765,29.989968]}},{"type":"Feature","properties":{"s":"reef","phase":"after","lease":"36166"},"geometry":{"type":"Point","coordinates":[-89.369722,29.989983]}},{"type":"Feature","properties":{"s":"reef","phase":"after","lease":"36166"},"geometry":{"type":"Point","coordinates":[-89.369645,29.990006]}},{"type":"Feature","properties":{"s":"reef","phase":"after","lease":"36166"},"geometry":{"type":"Point","coordinates":[-89.369608,29.990018]}},{"type":"Feature","properties":{"s":"reef","phase":"after","lease":"36166"},"geometry":{"type":"Point","coordinates":[-89.369516,29.990048]}},{"type":"Feature","properties":{"s":"reef","phase":"after","lease":"36166"},"geometry":{"type":"Point","coordinates":[-89.369497,29.990057]}},{"type":"Feature","properties":{"s":"reef","phase":"after","lease":"36166"},"geometry":{"type":"Point","coordinates":[-89.369443,29.990077]}},{"type":"Feature","properties":{"s":"reef","phase":"after","lease":"36166"},"geometry":{"type":"Point","coordinates":[-89.369367,29.990102]}},{"type":"Feature","properties":{"s":"reef","phase":"after","lease":"36166"},"geometry":{"type":"Point","coordinates":[-89.36933,29.990113]}},{"type":"Feature","properties":{"s":"firm","phase":"after","lease":"36166"},"geometry":{"type":"Point","coordinates":[-89.370313,29.989788]}},{"type":"Feature","properties":{"s":"firm","phase":"after","lease":"36166"},"geometry":{"type":"Point","coordinates":[-89.370189,29.989835]}},{"type":"Feature","properties":{"s":"firm","phase":"after","lease":"36166"},"geometry":{"type":"Point","coordinates":[-89.370149,29.989845]}},{"type":"Feature","properties":{"s":"firm","phase":"after","lease":"36166"},"geometry":{"type":"Point","coordinates":[-89.37004,29.989877]}},{"type":"Feature","properties":{"s":"scat","phase":"after","lease":"36166"},"geometry":{"type":"Point","coordinates":[-89.369982,29.989895]}},{"type":"Feature","properties":{"s":"scat","phase":"after","lease":"36166"},"geometry":{"type":"Point","coordinates":[-89.369906,29.989924]}},{"type":"Feature","properties":{"s":"firm","phase":"after","lease":"36166"},"geometry":{"type":"Point","coordinates":[-89.370253,29.989513]}},{"type":"Feature","properties":{"s":"firm","phase":"after","lease":"36166"},"geometry":{"type":"Point","coordinates":[-89.370355,29.989584]}},{"type":"Feature","properties":{"s":"firm","phase":"after","lease":"36166"},"geometry":{"type":"Point","coordinates":[-89.37038,29.989658]}},{"type":"Feature","properties":{"s":"firm","phase":"after","lease":"36166"},"geometry":{"type":"Point","coordinates":[-89.370364,29.989731]}},{"type":"Feature","properties":{"s":"firm","phase":"after","lease":"36166"},"geometry":{"type":"Point","coordinates":[-89.369158,29.988615]}},{"type":"Feature","properties":{"s":"firm","phase":"after","lease":"36166"},"geometry":{"type":"Point","coordinates":[-89.369082,29.988641]}},{"type":"Feature","properties":{"s":"reef","phase":"after","lease":"36166"},"geometry":{"type":"Point","coordinates":[-89.369022,29.988659]}},{"type":"Feature","properties":{"s":"reef","phase":"after","lease":"36166"},"geometry":{"type":"Point","coordinates":[-89.368943,29.988684]}},{"type":"Feature","properties":{"s":"reef","phase":"after","lease":"36166"},"geometry":{"type":"Point","coordinates":[-89.368885,29.988702]}},{"type":"Feature","properties":{"s":"reef","phase":"after","lease":"36166"},"geometry":{"type":"Point","coordinates":[-89.36879,29.988734]}},{"type":"Feature","properties":{"s":"reef","phase":"after","lease":"36166"},"geometry":{"type":"Point","coordinates":[-89.368624,29.988798]}},{"type":"Feature","properties":{"s":"reef","phase":"after","lease":"36166"},"geometry":{"type":"Point","coordinates":[-89.368526,29.988833]}},{"type":"Feature","properties":{"s":"reef","phase":"after","lease":"36166"},"geometry":{"type":"Point","coordinates":[-89.368451,29.988859]}},{"type":"Feature","properties":{"s":"reef","phase":"after","lease":"36166"},"geometry":{"type":"Point","coordinates":[-89.368378,29.988884]}},{"type":"Feature","properties":{"s":"reef","phase":"after","lease":"36166"},"geometry":{"type":"Point","coordinates":[-89.368322,29.988904]}},{"type":"Feature","properties":{"s":"reef","phase":"after","lease":"36166"},"geometry":{"type":"Point","coordinates":[-89.368241,29.988926]}},{"type":"Feature","properties":{"s":"reef","phase":"after","lease":"36166"},"geometry":{"type":"Point","coordinates":[-89.368162,29.988951]}},{"type":"Feature","properties":{"s":"reef","phase":"after","lease":"36166"},"geometry":{"type":"Point","coordinates":[-89.368069,29.988986]}},{"type":"Feature","properties":{"s":"reef","phase":"after","lease":"36166"},"geometry":{"type":"Point","coordinates":[-89.367994,29.989014]}},{"type":"Feature","properties":{"s":"reef","phase":"after","lease":"36166"},"geometry":{"type":"Point","coordinates":[-89.367938,29.989034]}},{"type":"Feature","properties":{"s":"reef","phase":"after","lease":"36166"},"geometry":{"type":"Point","coordinates":[-89.367865,29.989058]}},{"type":"Feature","properties":{"s":"reef","phase":"after","lease":"36166"},"geometry":{"type":"Point","coordinates":[-89.367767,29.989092]}},{"type":"Feature","properties":{"s":"reef","phase":"after","lease":"36166"},"geometry":{"type":"Point","coordinates":[-89.367709,29.989112]}},{"type":"Feature","properties":{"s":"reef","phase":"after","lease":"36166"},"geometry":{"type":"Point","coordinates":[-89.367634,29.989138]}},{"type":"Feature","properties":{"s":"reef","phase":"after","lease":"36166"},"geometry":{"type":"Point","coordinates":[-89.367558,29.989165]}},{"type":"Feature","properties":{"s":"reef","phase":"after","lease":"36166"},"geometry":{"type":"Point","coordinates":[-89.367485,29.989192]}},{"type":"Feature","properties":{"s":"reef","phase":"after","lease":"36166"},"geometry":{"type":"Point","coordinates":[-89.367426,29.98921]}},{"type":"Feature","properties":{"s":"reef","phase":"after","lease":"36166"},"geometry":{"type":"Point","coordinates":[-89.367345,29.989235]}},{"type":"Feature","properties":{"s":"reef","phase":"after","lease":"36166"},"geometry":{"type":"Point","coordinates":[-89.36727,29.989259]}},{"type":"Feature","properties":{"s":"reef","phase":"after","lease":"36166"},"geometry":{"type":"Point","coordinates":[-89.367173,29.98929]}},{"type":"Feature","properties":{"s":"reef","phase":"after","lease":"36166"},"geometry":{"type":"Point","coordinates":[-89.367135,29.989302]}},{"type":"Feature","properties":{"s":"reef","phase":"after","lease":"36166"},"geometry":{"type":"Point","coordinates":[-89.36708,29.989324]}},{"type":"Feature","properties":{"s":"reef","phase":"after","lease":"36166"},"geometry":{"type":"Point","coordinates":[-89.366963,29.989364]}},{"type":"Feature","properties":{"s":"reef","phase":"after","lease":"36166"},"geometry":{"type":"Point","coordinates":[-89.366866,29.989395]}},{"type":"Feature","properties":{"s":"reef","phase":"after","lease":"36166"},"geometry":{"type":"Point","coordinates":[-89.366777,29.989429]}},{"type":"Feature","properties":{"s":"reef","phase":"after","lease":"36166"},"geometry":{"type":"Point","coordinates":[-89.366685,29.989464]}},{"type":"Feature","properties":{"s":"reef","phase":"after","lease":"36166"},"geometry":{"type":"Point","coordinates":[-89.36659,29.989496]}},{"type":"Feature","properties":{"s":"reef","phase":"after","lease":"36166"},"geometry":{"type":"Point","coordinates":[-89.366549,29.989512]}},{"type":"Feature","properties":{"s":"reef","phase":"after","lease":"36166"},"geometry":{"type":"Point","coordinates":[-89.36649,29.989532]}},{"type":"Feature","properties":{"s":"reef","phase":"after","lease":"36166"},"geometry":{"type":"Point","coordinates":[-89.36645,29.989547]}},{"type":"Feature","properties":{"s":"reef","phase":"after","lease":"36166"},"geometry":{"type":"Point","coordinates":[-89.366374,29.989576]}},{"type":"Feature","properties":{"s":"reef","phase":"after","lease":"36166"},"geometry":{"type":"Point","coordinates":[-89.366297,29.989604]}},{"type":"Feature","properties":{"s":"reef","phase":"after","lease":"36166"},"geometry":{"type":"Point","coordinates":[-89.366183,29.989644]}},{"type":"Feature","properties":{"s":"reef","phase":"after","lease":"36166"},"geometry":{"type":"Point","coordinates":[-89.366094,29.989673]}},{"type":"Feature","properties":{"s":"reef","phase":"after","lease":"36166"},"geometry":{"type":"Point","coordinates":[-89.366055,29.989688]}},{"type":"Feature","properties":{"s":"reef","phase":"after","lease":"36166"},"geometry":{"type":"Point","coordinates":[-89.365979,29.989717]}},{"type":"Feature","properties":{"s":"reef","phase":"after","lease":"36166"},"geometry":{"type":"Point","coordinates":[-89.365921,29.989737]}},{"type":"Feature","properties":{"s":"reef","phase":"after","lease":"36166"},"geometry":{"type":"Point","coordinates":[-89.365862,29.989757]}},{"type":"Feature","properties":{"s":"reef","phase":"after","lease":"36166"},"geometry":{"type":"Point","coordinates":[-89.365805,29.989774]}},{"type":"Feature","properties":{"s":"reef","phase":"after","lease":"36166"},"geometry":{"type":"Point","coordinates":[-89.365633,29.98983]}},{"type":"Feature","properties":{"s":"reef","phase":"after","lease":"36166"},"geometry":{"type":"Point","coordinates":[-89.365558,29.989853]}},{"type":"Feature","properties":{"s":"reef","phase":"after","lease":"36166"},"geometry":{"type":"Point","coordinates":[-89.365502,29.989868]}},{"type":"Feature","properties":{"s":"reef","phase":"after","lease":"36166"},"geometry":{"type":"Point","coordinates":[-89.365402,29.98989]}},{"type":"Feature","properties":{"s":"reef","phase":"after","lease":"36166"},"geometry":{"type":"Point","coordinates":[-89.365323,29.989908]}},{"type":"Feature","properties":{"s":"reef","phase":"after","lease":"36166"},"geometry":{"type":"Point","coordinates":[-89.365261,29.989924]}},{"type":"Feature","properties":{"s":"reef","phase":"after","lease":"36166"},"geometry":{"type":"Point","coordinates":[-89.365201,29.989935]}},{"type":"Feature","properties":{"s":"reef","phase":"after","lease":"36166"},"geometry":{"type":"Point","coordinates":[-89.365081,29.989966]}},{"type":"Feature","properties":{"s":"reef","phase":"after","lease":"36166"},"geometry":{"type":"Point","coordinates":[-89.36499,29.989998]}},{"type":"Feature","properties":{"s":"reef","phase":"after","lease":"36166"},"geometry":{"type":"Point","coordinates":[-89.364931,29.990014]}},{"type":"Feature","properties":{"s":"reef","phase":"after","lease":"36166"},"geometry":{"type":"Point","coordinates":[-89.364833,29.990046]}},{"type":"Feature","properties":{"s":"scat","phase":"after","lease":"36166"},"geometry":{"type":"Point","coordinates":[-89.364757,29.990065]}},{"type":"Feature","properties":{"s":"scat","phase":"after","lease":"36166"},"geometry":{"type":"Point","coordinates":[-89.364664,29.99009]}},{"type":"Feature","properties":{"s":"firm","phase":"after","lease":"36166"},"geometry":{"type":"Point","coordinates":[-89.36459,29.990112]}},{"type":"Feature","properties":{"s":"firm","phase":"after","lease":"36166"},"geometry":{"type":"Point","coordinates":[-89.364518,29.990126]}},{"type":"Feature","properties":{"s":"firm","phase":"after","lease":"36166"},"geometry":{"type":"Point","coordinates":[-89.364616,29.990425]}},{"type":"Feature","properties":{"s":"firm","phase":"after","lease":"36166"},"geometry":{"type":"Point","coordinates":[-89.364705,29.990396]}},{"type":"Feature","properties":{"s":"scat","phase":"after","lease":"36166"},"geometry":{"type":"Point","coordinates":[-89.364779,29.990374]}},{"type":"Feature","properties":{"s":"firm","phase":"after","lease":"36166"},"geometry":{"type":"Point","coordinates":[-89.364868,29.990345]}},{"type":"Feature","properties":{"s":"reef","phase":"after","lease":"36166"},"geometry":{"type":"Point","coordinates":[-89.364979,29.990309]}},{"type":"Feature","properties":{"s":"reef","phase":"after","lease":"36166"},"geometry":{"type":"Point","coordinates":[-89.365073,29.990278]}},{"type":"Feature","properties":{"s":"scat","phase":"after","lease":"36166"},"geometry":{"type":"Point","coordinates":[-89.365147,29.990258]}},{"type":"Feature","properties":{"s":"reef","phase":"after","lease":"36166"},"geometry":{"type":"Point","coordinates":[-89.36518,29.990249]}},{"type":"Feature","properties":{"s":"reef","phase":"after","lease":"36166"},"geometry":{"type":"Point","coordinates":[-89.365257,29.990225]}},{"type":"Feature","properties":{"s":"reef","phase":"after","lease":"36166"},"geometry":{"type":"Point","coordinates":[-89.365344,29.990196]}},{"type":"Feature","properties":{"s":"reef","phase":"after","lease":"36166"},"geometry":{"type":"Point","coordinates":[-89.365438,29.990163]}},{"type":"Feature","properties":{"s":"scat","phase":"after","lease":"36166"},"geometry":{"type":"Point","coordinates":[-89.365529,29.99013]}},{"type":"Feature","properties":{"s":"reef","phase":"after","lease":"36166"},"geometry":{"type":"Point","coordinates":[-89.365618,29.9901]}},{"type":"Feature","properties":{"s":"reef","phase":"after","lease":"36166"},"geometry":{"type":"Point","coordinates":[-89.365707,29.990072]}},{"type":"Feature","properties":{"s":"scat","phase":"after","lease":"36166"},"geometry":{"type":"Point","coordinates":[-89.36578,29.990047]}},{"type":"Feature","properties":{"s":"reef","phase":"after","lease":"36166"},"geometry":{"type":"Point","coordinates":[-89.365849,29.99002]}},{"type":"Feature","properties":{"s":"reef","phase":"after","lease":"36166"},"geometry":{"type":"Point","coordinates":[-89.365922,29.989988]}},{"type":"Feature","properties":{"s":"reef","phase":"after","lease":"36166"},"geometry":{"type":"Point","coordinates":[-89.365978,29.98997]}},{"type":"Feature","properties":{"s":"reef","phase":"after","lease":"36166"},"geometry":{"type":"Point","coordinates":[-89.366067,29.989947]}},{"type":"Feature","properties":{"s":"reef","phase":"after","lease":"36166"},"geometry":{"type":"Point","coordinates":[-89.366182,29.989909]}},{"type":"Feature","properties":{"s":"reef","phase":"after","lease":"36166"},"geometry":{"type":"Point","coordinates":[-89.366219,29.989899]}},{"type":"Feature","properties":{"s":"reef","phase":"after","lease":"36166"},"geometry":{"type":"Point","coordinates":[-89.366238,29.989894]}},{"type":"Feature","properties":{"s":"reef","phase":"after","lease":"36166"},"geometry":{"type":"Point","coordinates":[-89.366295,29.989873]}},{"type":"Feature","properties":{"s":"reef","phase":"after","lease":"36166"},"geometry":{"type":"Point","coordinates":[-89.366384,29.989845]}},{"type":"Feature","properties":{"s":"reef","phase":"after","lease":"36166"},"geometry":{"type":"Point","coordinates":[-89.366498,29.989813]}},{"type":"Feature","properties":{"s":"reef","phase":"after","lease":"36166"},"geometry":{"type":"Point","coordinates":[-89.366548,29.989791]}},{"type":"Feature","properties":{"s":"reef","phase":"after","lease":"36166"},"geometry":{"type":"Point","coordinates":[-89.366601,29.989771]}},{"type":"Feature","properties":{"s":"reef","phase":"after","lease":"36166"},"geometry":{"type":"Point","coordinates":[-89.366655,29.98976]}},{"type":"Feature","properties":{"s":"reef","phase":"after","lease":"36166"},"geometry":{"type":"Point","coordinates":[-89.366728,29.98973]}},{"type":"Feature","properties":{"s":"reef","phase":"after","lease":"36166"},"geometry":{"type":"Point","coordinates":[-89.366801,29.989698]}},{"type":"Feature","properties":{"s":"reef","phase":"after","lease":"36166"},"geometry":{"type":"Point","coordinates":[-89.366841,29.989683]}},{"type":"Feature","properties":{"s":"reef","phase":"after","lease":"36166"},"geometry":{"type":"Point","coordinates":[-89.3669,29.989665]}},{"type":"Feature","properties":{"s":"reef","phase":"after","lease":"36166"},"geometry":{"type":"Point","coordinates":[-89.366974,29.989641]}},{"type":"Feature","properties":{"s":"reef","phase":"after","lease":"36166"},"geometry":{"type":"Point","coordinates":[-89.367065,29.989606]}},{"type":"Feature","properties":{"s":"reef","phase":"after","lease":"36166"},"geometry":{"type":"Point","coordinates":[-89.367135,29.989586]}},{"type":"Feature","properties":{"s":"reef","phase":"after","lease":"36166"},"geometry":{"type":"Point","coordinates":[-89.367209,29.989555]}},{"type":"Feature","properties":{"s":"reef","phase":"after","lease":"36166"},"geometry":{"type":"Point","coordinates":[-89.367287,29.98953]}},{"type":"Feature","properties":{"s":"reef","phase":"after","lease":"36166"},"geometry":{"type":"Point","coordinates":[-89.367357,29.989504]}},{"type":"Feature","properties":{"s":"reef","phase":"after","lease":"36166"},"geometry":{"type":"Point","coordinates":[-89.367405,29.98949]}},{"type":"Feature","properties":{"s":"reef","phase":"after","lease":"36166"},"geometry":{"type":"Point","coordinates":[-89.367476,29.989469]}},{"type":"Feature","properties":{"s":"reef","phase":"after","lease":"36166"},"geometry":{"type":"Point","coordinates":[-89.367542,29.989439]}},{"type":"Feature","properties":{"s":"reef","phase":"after","lease":"36166"},"geometry":{"type":"Point","coordinates":[-89.367598,29.989418]}},{"type":"Feature","properties":{"s":"reef","phase":"after","lease":"36166"},"geometry":{"type":"Point","coordinates":[-89.367654,29.989398]}},{"type":"Feature","properties":{"s":"reef","phase":"after","lease":"36166"},"geometry":{"type":"Point","coordinates":[-89.367716,29.989381]}},{"type":"Feature","properties":{"s":"reef","phase":"after","lease":"36166"},"geometry":{"type":"Point","coordinates":[-89.367801,29.989359]}},{"type":"Feature","properties":{"s":"reef","phase":"after","lease":"36166"},"geometry":{"type":"Point","coordinates":[-89.36786,29.989339]}},{"type":"Feature","properties":{"s":"reef","phase":"after","lease":"36166"},"geometry":{"type":"Point","coordinates":[-89.367917,29.989323]}},{"type":"Feature","properties":{"s":"reef","phase":"after","lease":"36166"},"geometry":{"type":"Point","coordinates":[-89.367999,29.989292]}},{"type":"Feature","properties":{"s":"reef","phase":"after","lease":"36166"},"geometry":{"type":"Point","coordinates":[-89.368103,29.989255]}},{"type":"Feature","properties":{"s":"reef","phase":"after","lease":"36166"},"geometry":{"type":"Point","coordinates":[-89.368181,29.989234]}},{"type":"Feature","properties":{"s":"reef","phase":"after","lease":"36166"},"geometry":{"type":"Point","coordinates":[-89.368276,29.989211]}},{"type":"Feature","properties":{"s":"reef","phase":"after","lease":"36166"},"geometry":{"type":"Point","coordinates":[-89.36835,29.989192]}},{"type":"Feature","properties":{"s":"reef","phase":"after","lease":"36166"},"geometry":{"type":"Point","coordinates":[-89.368404,29.989175]}},{"type":"Feature","properties":{"s":"reef","phase":"after","lease":"36166"},"geometry":{"type":"Point","coordinates":[-89.368456,29.989159]}},{"type":"Feature","properties":{"s":"reef","phase":"after","lease":"36166"},"geometry":{"type":"Point","coordinates":[-89.368526,29.989144]}},{"type":"Feature","properties":{"s":"reef","phase":"after","lease":"36166"},"geometry":{"type":"Point","coordinates":[-89.368578,29.989132]}},{"type":"Feature","properties":{"s":"reef","phase":"after","lease":"36166"},"geometry":{"type":"Point","coordinates":[-89.36861,29.989119]}},{"type":"Feature","properties":{"s":"reef","phase":"after","lease":"36166"},"geometry":{"type":"Point","coordinates":[-89.368657,29.989104]}},{"type":"Feature","properties":{"s":"reef","phase":"after","lease":"36166"},"geometry":{"type":"Point","coordinates":[-89.36871,29.989087]}},{"type":"Feature","properties":{"s":"reef","phase":"after","lease":"36166"},"geometry":{"type":"Point","coordinates":[-89.3688,29.989046]}},{"type":"Feature","properties":{"s":"reef","phase":"after","lease":"36166"},"geometry":{"type":"Point","coordinates":[-89.368871,29.989015]}},{"type":"Feature","properties":{"s":"reef","phase":"after","lease":"36166"},"geometry":{"type":"Point","coordinates":[-89.368924,29.988999]}},{"type":"Feature","properties":{"s":"reef","phase":"after","lease":"36166"},"geometry":{"type":"Point","coordinates":[-89.368975,29.988977]}},{"type":"Feature","properties":{"s":"scat","phase":"after","lease":"36166"},"geometry":{"type":"Point","coordinates":[-89.369066,29.988929]}},{"type":"Feature","properties":{"s":"scat","phase":"after","lease":"36166"},"geometry":{"type":"Point","coordinates":[-89.369143,29.988889]}},{"type":"Feature","properties":{"s":"scat","phase":"after","lease":"36166"},"geometry":{"type":"Point","coordinates":[-89.369228,29.988841]}},{"type":"Feature","properties":{"s":"scat","phase":"after","lease":"36166"},"geometry":{"type":"Point","coordinates":[-89.369295,29.988798]}},{"type":"Feature","properties":{"s":"firm","phase":"after","lease":"36166"},"geometry":{"type":"Point","coordinates":[-89.369346,29.988773]}},{"type":"Feature","properties":{"s":"firm","phase":"after","lease":"36166"},"geometry":{"type":"Point","coordinates":[-89.369408,29.988742]}},{"type":"Feature","properties":{"s":"firm","phase":"after","lease":"36166"},"geometry":{"type":"Point","coordinates":[-89.369467,29.98871]}},{"type":"Feature","properties":{"s":"firm","phase":"after","lease":"36166"},"geometry":{"type":"Point","coordinates":[-89.369534,29.98868]}},{"type":"Feature","properties":{"s":"firm","phase":"after","lease":"36166"},"geometry":{"type":"Point","coordinates":[-89.369615,29.988654]}},{"type":"Feature","properties":{"s":"firm","phase":"after","lease":"36166"},"geometry":{"type":"Point","coordinates":[-89.369673,29.988648]}},{"type":"Feature","properties":{"s":"firm","phase":"after","lease":"36166"},"geometry":{"type":"Point","coordinates":[-89.369753,29.988673]}},{"type":"Feature","properties":{"s":"firm","phase":"after","lease":"36166"},"geometry":{"type":"Point","coordinates":[-89.369837,29.988765]}},{"type":"Feature","properties":{"s":"firm","phase":"after","lease":"36166"},"geometry":{"type":"Point","coordinates":[-89.369841,29.988815]}},{"type":"Feature","properties":{"s":"firm","phase":"after","lease":"36166"},"geometry":{"type":"Point","coordinates":[-89.369822,29.988865]}},{"type":"Feature","properties":{"s":"scat","phase":"after","lease":"36166"},"geometry":{"type":"Point","coordinates":[-89.369757,29.988945]}},{"type":"Feature","properties":{"s":"firm","phase":"after","lease":"36166"},"geometry":{"type":"Point","coordinates":[-89.369692,29.98898]}},{"type":"Feature","properties":{"s":"firm","phase":"after","lease":"36166"},"geometry":{"type":"Point","coordinates":[-89.369634,29.989]}},{"type":"Feature","properties":{"s":"scat","phase":"after","lease":"36166"},"geometry":{"type":"Point","coordinates":[-89.369581,29.989019]}},{"type":"Feature","properties":{"s":"scat","phase":"after","lease":"36166"},"geometry":{"type":"Point","coordinates":[-89.369509,29.989041]}},{"type":"Feature","properties":{"s":"scat","phase":"after","lease":"36166"},"geometry":{"type":"Point","coordinates":[-89.369474,29.989053]}},{"type":"Feature","properties":{"s":"scat","phase":"after","lease":"36166"},"geometry":{"type":"Point","coordinates":[-89.36938,29.989078]}},{"type":"Feature","properties":{"s":"scat","phase":"after","lease":"36166"},"geometry":{"type":"Point","coordinates":[-89.369286,29.989102]}},{"type":"Feature","properties":{"s":"reef","phase":"after","lease":"36166"},"geometry":{"type":"Point","coordinates":[-89.369267,29.989108]}},{"type":"Feature","properties":{"s":"reef","phase":"after","lease":"36166"},"geometry":{"type":"Point","coordinates":[-89.369147,29.989141]}},{"type":"Feature","properties":{"s":"reef","phase":"after","lease":"36166"},"geometry":{"type":"Point","coordinates":[-89.369053,29.989173]}},{"type":"Feature","properties":{"s":"reef","phase":"after","lease":"36166"},"geometry":{"type":"Point","coordinates":[-89.368944,29.989211]}},{"type":"Feature","properties":{"s":"reef","phase":"after","lease":"36166"},"geometry":{"type":"Point","coordinates":[-89.36885,29.989245]}},{"type":"Feature","properties":{"s":"reef","phase":"after","lease":"36166"},"geometry":{"type":"Point","coordinates":[-89.368773,29.989269]}},{"type":"Feature","properties":{"s":"reef","phase":"after","lease":"36166"},"geometry":{"type":"Point","coordinates":[-89.368718,29.989286]}},{"type":"Feature","properties":{"s":"reef","phase":"after","lease":"36166"},"geometry":{"type":"Point","coordinates":[-89.368647,29.989313]}},{"type":"Feature","properties":{"s":"reef","phase":"after","lease":"36166"},"geometry":{"type":"Point","coordinates":[-89.368552,29.989346]}},{"type":"Feature","properties":{"s":"reef","phase":"after","lease":"36166"},"geometry":{"type":"Point","coordinates":[-89.368458,29.989382]}},{"type":"Feature","properties":{"s":"reef","phase":"after","lease":"36166"},"geometry":{"type":"Point","coordinates":[-89.368345,29.989418]}},{"type":"Feature","properties":{"s":"reef","phase":"after","lease":"36166"},"geometry":{"type":"Point","coordinates":[-89.36827,29.98944]}},{"type":"Feature","properties":{"s":"reef","phase":"after","lease":"36166"},"geometry":{"type":"Point","coordinates":[-89.368157,29.98948]}},{"type":"Feature","properties":{"s":"reef","phase":"after","lease":"36166"},"geometry":{"type":"Point","coordinates":[-89.368081,29.989506]}},{"type":"Feature","properties":{"s":"reef","phase":"after","lease":"36166"},"geometry":{"type":"Point","coordinates":[-89.368008,29.989533]}},{"type":"Feature","properties":{"s":"reef","phase":"after","lease":"36166"},"geometry":{"type":"Point","coordinates":[-89.367952,29.989551]}},{"type":"Feature","properties":{"s":"reef","phase":"after","lease":"36166"},"geometry":{"type":"Point","coordinates":[-89.367897,29.989568]}},{"type":"Feature","properties":{"s":"reef","phase":"after","lease":"36166"},"geometry":{"type":"Point","coordinates":[-89.367843,29.989587]}},{"type":"Feature","properties":{"s":"reef","phase":"after","lease":"36166"},"geometry":{"type":"Point","coordinates":[-89.367749,29.989621]}},{"type":"Feature","properties":{"s":"reef","phase":"after","lease":"36166"},"geometry":{"type":"Point","coordinates":[-89.367675,29.989648]}},{"type":"Feature","properties":{"s":"reef","phase":"after","lease":"36166"},"geometry":{"type":"Point","coordinates":[-89.367617,29.989662]}},{"type":"Feature","properties":{"s":"reef","phase":"after","lease":"36166"},"geometry":{"type":"Point","coordinates":[-89.367544,29.989689]}},{"type":"Feature","properties":{"s":"reef","phase":"after","lease":"36166"},"geometry":{"type":"Point","coordinates":[-89.367489,29.989707]}},{"type":"Feature","properties":{"s":"reef","phase":"after","lease":"36166"},"geometry":{"type":"Point","coordinates":[-89.367397,29.989732]}},{"type":"Feature","properties":{"s":"reef","phase":"after","lease":"36166"},"geometry":{"type":"Point","coordinates":[-89.367303,29.989767]}},{"type":"Feature","properties":{"s":"reef","phase":"after","lease":"36166"},"geometry":{"type":"Point","coordinates":[-89.367229,29.989793]}},{"type":"Feature","properties":{"s":"reef","phase":"after","lease":"36166"},"geometry":{"type":"Point","coordinates":[-89.367154,29.989822]}},{"type":"Feature","properties":{"s":"reef","phase":"after","lease":"36166"},"geometry":{"type":"Point","coordinates":[-89.367116,29.989836]}},{"type":"Feature","properties":{"s":"reef","phase":"after","lease":"36166"},"geometry":{"type":"Point","coordinates":[-89.367042,29.98986]}},{"type":"Feature","properties":{"s":"reef","phase":"after","lease":"36166"},"geometry":{"type":"Point","coordinates":[-89.366948,29.989895]}},{"type":"Feature","properties":{"s":"reef","phase":"after","lease":"36166"},"geometry":{"type":"Point","coordinates":[-89.366891,29.989915]}},{"type":"Feature","properties":{"s":"reef","phase":"after","lease":"36166"},"geometry":{"type":"Point","coordinates":[-89.366819,29.989942]}},{"type":"Feature","properties":{"s":"reef","phase":"after","lease":"36166"},"geometry":{"type":"Point","coordinates":[-89.366743,29.989964]}},{"type":"Feature","properties":{"s":"reef","phase":"after","lease":"36166"},"geometry":{"type":"Point","coordinates":[-89.366649,29.989994]}},{"type":"Feature","properties":{"s":"reef","phase":"after","lease":"36166"},"geometry":{"type":"Point","coordinates":[-89.366553,29.990026]}},{"type":"Feature","properties":{"s":"reef","phase":"after","lease":"36166"},"geometry":{"type":"Point","coordinates":[-89.36648,29.990052]}},{"type":"Feature","properties":{"s":"reef","phase":"after","lease":"36166"},"geometry":{"type":"Point","coordinates":[-89.366381,29.990084]}},{"type":"Feature","properties":{"s":"reef","phase":"after","lease":"36166"},"geometry":{"type":"Point","coordinates":[-89.366271,29.99012]}},{"type":"Feature","properties":{"s":"reef","phase":"after","lease":"36166"},"geometry":{"type":"Point","coordinates":[-89.366196,29.990145]}},{"type":"Feature","properties":{"s":"reef","phase":"after","lease":"36166"},"geometry":{"type":"Point","coordinates":[-89.36612,29.990169]}},{"type":"Feature","properties":{"s":"reef","phase":"after","lease":"36166"},"geometry":{"type":"Point","coordinates":[-89.366081,29.990181]}},{"type":"Feature","properties":{"s":"reef","phase":"after","lease":"36166"},"geometry":{"type":"Point","coordinates":[-89.366005,29.990207]}},{"type":"Feature","properties":{"s":"reef","phase":"after","lease":"36166"},"geometry":{"type":"Point","coordinates":[-89.365929,29.990234]}},{"type":"Feature","properties":{"s":"reef","phase":"after","lease":"36166"},"geometry":{"type":"Point","coordinates":[-89.365852,29.990257]}},{"type":"Feature","properties":{"s":"reef","phase":"after","lease":"36166"},"geometry":{"type":"Point","coordinates":[-89.365777,29.990278]}},{"type":"Feature","properties":{"s":"reef","phase":"after","lease":"36166"},"geometry":{"type":"Point","coordinates":[-89.365701,29.990304]}},{"type":"Feature","properties":{"s":"reef","phase":"after","lease":"36166"},"geometry":{"type":"Point","coordinates":[-89.365627,29.990327]}},{"type":"Feature","properties":{"s":"reef","phase":"after","lease":"36166"},"geometry":{"type":"Point","coordinates":[-89.365551,29.990351]}},{"type":"Feature","properties":{"s":"reef","phase":"after","lease":"36166"},"geometry":{"type":"Point","coordinates":[-89.365447,29.990378]}},{"type":"Feature","properties":{"s":"reef","phase":"after","lease":"36166"},"geometry":{"type":"Point","coordinates":[-89.365407,29.990389]}},{"type":"Feature","properties":{"s":"reef","phase":"after","lease":"36166"},"geometry":{"type":"Point","coordinates":[-89.365345,29.990402]}},{"type":"Feature","properties":{"s":"reef","phase":"after","lease":"36166"},"geometry":{"type":"Point","coordinates":[-89.365268,29.99042]}},{"type":"Feature","properties":{"s":"reef","phase":"after","lease":"36166"},"geometry":{"type":"Point","coordinates":[-89.365214,29.990437]}},{"type":"Feature","properties":{"s":"reef","phase":"after","lease":"36166"},"geometry":{"type":"Point","coordinates":[-89.365138,29.990455]}},{"type":"Feature","properties":{"s":"reef","phase":"after","lease":"36166"},"geometry":{"type":"Point","coordinates":[-89.365078,29.990469]}},{"type":"Feature","properties":{"s":"reef","phase":"after","lease":"36166"},"geometry":{"type":"Point","coordinates":[-89.365002,29.990487]}},{"type":"Feature","properties":{"s":"reef","phase":"after","lease":"36166"},"geometry":{"type":"Point","coordinates":[-89.364963,29.990496]}},{"type":"Feature","properties":{"s":"scat","phase":"after","lease":"36166"},"geometry":{"type":"Point","coordinates":[-89.364922,29.990507]}},{"type":"Feature","properties":{"s":"firm","phase":"after","lease":"36166"},"geometry":{"type":"Point","coordinates":[-89.364846,29.990529]}},{"type":"Feature","properties":{"s":"firm","phase":"after","lease":"36166"},"geometry":{"type":"Point","coordinates":[-89.364743,29.990564]}},{"type":"Feature","properties":{"s":"firm","phase":"after","lease":"36166"},"geometry":{"type":"Point","coordinates":[-89.36492,29.990866]}},{"type":"Feature","properties":{"s":"firm","phase":"after","lease":"36166"},"geometry":{"type":"Point","coordinates":[-89.364957,29.990856]}},{"type":"Feature","properties":{"s":"firm","phase":"after","lease":"36166"},"geometry":{"type":"Point","coordinates":[-89.364957,29.990856]}},{"type":"Feature","properties":{"s":"firm","phase":"after","lease":"36166"},"geometry":{"type":"Point","coordinates":[-89.364975,29.990852]}},{"type":"Feature","properties":{"s":"scat","phase":"after","lease":"36166"},"geometry":{"type":"Point","coordinates":[-89.365048,29.990827]}},{"type":"Feature","properties":{"s":"scat","phase":"after","lease":"36166"},"geometry":{"type":"Point","coordinates":[-89.365114,29.990798]}},{"type":"Feature","properties":{"s":"reef","phase":"after","lease":"36166"},"geometry":{"type":"Point","coordinates":[-89.365131,29.990791]}},{"type":"Feature","properties":{"s":"reef","phase":"after","lease":"36166"},"geometry":{"type":"Point","coordinates":[-89.365233,29.990748]}},{"type":"Feature","properties":{"s":"reef","phase":"after","lease":"36166"},"geometry":{"type":"Point","coordinates":[-89.365322,29.990724]}},{"type":"Feature","properties":{"s":"reef","phase":"after","lease":"36166"},"geometry":{"type":"Point","coordinates":[-89.365394,29.990701]}},{"type":"Feature","properties":{"s":"reef","phase":"after","lease":"36166"},"geometry":{"type":"Point","coordinates":[-89.365462,29.990678]}},{"type":"Feature","properties":{"s":"reef","phase":"after","lease":"36166"},"geometry":{"type":"Point","coordinates":[-89.365529,29.990656]}},{"type":"Feature","properties":{"s":"reef","phase":"after","lease":"36166"},"geometry":{"type":"Point","coordinates":[-89.365594,29.990629]}},{"type":"Feature","properties":{"s":"reef","phase":"after","lease":"36166"},"geometry":{"type":"Point","coordinates":[-89.365709,29.990593]}},{"type":"Feature","properties":{"s":"reef","phase":"after","lease":"36166"},"geometry":{"type":"Point","coordinates":[-89.365764,29.990576]}},{"type":"Feature","properties":{"s":"reef","phase":"after","lease":"36166"},"geometry":{"type":"Point","coordinates":[-89.365853,29.990546]}},{"type":"Feature","properties":{"s":"reef","phase":"after","lease":"36166"},"geometry":{"type":"Point","coordinates":[-89.365934,29.990517]}},{"type":"Feature","properties":{"s":"reef","phase":"after","lease":"36166"},"geometry":{"type":"Point","coordinates":[-89.366009,29.990496]}},{"type":"Feature","properties":{"s":"reef","phase":"after","lease":"36166"},"geometry":{"type":"Point","coordinates":[-89.366045,29.990486]}},{"type":"Feature","properties":{"s":"reef","phase":"after","lease":"36166"},"geometry":{"type":"Point","coordinates":[-89.36612,29.990465]}},{"type":"Feature","properties":{"s":"reef","phase":"after","lease":"36166"},"geometry":{"type":"Point","coordinates":[-89.36621,29.990429]}},{"type":"Feature","properties":{"s":"reef","phase":"after","lease":"36166"},"geometry":{"type":"Point","coordinates":[-89.366289,29.990406]}},{"type":"Feature","properties":{"s":"reef","phase":"after","lease":"36166"},"geometry":{"type":"Point","coordinates":[-89.36642,29.990366]}},{"type":"Feature","properties":{"s":"reef","phase":"after","lease":"36166"},"geometry":{"type":"Point","coordinates":[-89.366493,29.990345]}},{"type":"Feature","properties":{"s":"reef","phase":"after","lease":"36166"},"geometry":{"type":"Point","coordinates":[-89.366606,29.990309]}},{"type":"Feature","properties":{"s":"reef","phase":"after","lease":"36166"},"geometry":{"type":"Point","coordinates":[-89.36673,29.990266]}},{"type":"Feature","properties":{"s":"reef","phase":"after","lease":"36166"},"geometry":{"type":"Point","coordinates":[-89.366854,29.990227]}},{"type":"Feature","properties":{"s":"reef","phase":"after","lease":"36166"},"geometry":{"type":"Point","coordinates":[-89.366969,29.99019]}},{"type":"Feature","properties":{"s":"reef","phase":"after","lease":"36166"},"geometry":{"type":"Point","coordinates":[-89.367037,29.99017]}},{"type":"Feature","properties":{"s":"reef","phase":"after","lease":"36166"},"geometry":{"type":"Point","coordinates":[-89.367125,29.990135]}},{"type":"Feature","properties":{"s":"reef","phase":"after","lease":"36166"},"geometry":{"type":"Point","coordinates":[-89.367178,29.990114]}},{"type":"Feature","properties":{"s":"reef","phase":"after","lease":"36166"},"geometry":{"type":"Point","coordinates":[-89.367212,29.990099]}},{"type":"Feature","properties":{"s":"reef","phase":"after","lease":"36166"},"geometry":{"type":"Point","coordinates":[-89.367283,29.990072]}},{"type":"Feature","properties":{"s":"reef","phase":"after","lease":"36166"},"geometry":{"type":"Point","coordinates":[-89.36732,29.990057]}},{"type":"Feature","properties":{"s":"reef","phase":"after","lease":"36166"},"geometry":{"type":"Point","coordinates":[-89.367367,29.990039]}},{"type":"Feature","properties":{"s":"reef","phase":"after","lease":"36166"},"geometry":{"type":"Point","coordinates":[-89.367425,29.99002]}},{"type":"Feature","properties":{"s":"reef","phase":"after","lease":"36166"},"geometry":{"type":"Point","coordinates":[-89.367495,29.99]}},{"type":"Feature","properties":{"s":"reef","phase":"after","lease":"36166"},"geometry":{"type":"Point","coordinates":[-89.367562,29.989979]}},{"type":"Feature","properties":{"s":"reef","phase":"after","lease":"36166"},"geometry":{"type":"Point","coordinates":[-89.367635,29.989951]}},{"type":"Feature","properties":{"s":"reef","phase":"after","lease":"36166"},"geometry":{"type":"Point","coordinates":[-89.367708,29.989925]}},{"type":"Feature","properties":{"s":"reef","phase":"after","lease":"36166"},"geometry":{"type":"Point","coordinates":[-89.367776,29.989897]}},{"type":"Feature","properties":{"s":"reef","phase":"after","lease":"36166"},"geometry":{"type":"Point","coordinates":[-89.367831,29.989878]}},{"type":"Feature","properties":{"s":"reef","phase":"after","lease":"36166"},"geometry":{"type":"Point","coordinates":[-89.36796,29.989834]}},{"type":"Feature","properties":{"s":"reef","phase":"after","lease":"36166"},"geometry":{"type":"Point","coordinates":[-89.368046,29.989804]}},{"type":"Feature","properties":{"s":"reef","phase":"after","lease":"36166"},"geometry":{"type":"Point","coordinates":[-89.368094,29.989787]}},{"type":"Feature","properties":{"s":"reef","phase":"after","lease":"36166"},"geometry":{"type":"Point","coordinates":[-89.368195,29.98975]}},{"type":"Feature","properties":{"s":"reef","phase":"after","lease":"36166"},"geometry":{"type":"Point","coordinates":[-89.368267,29.989725]}},{"type":"Feature","properties":{"s":"reef","phase":"after","lease":"36166"},"geometry":{"type":"Point","coordinates":[-89.368338,29.9897]}},{"type":"Feature","properties":{"s":"scat","phase":"after","lease":"36166"},"geometry":{"type":"Point","coordinates":[-89.368432,29.989665]}},{"type":"Feature","properties":{"s":"scat","phase":"after","lease":"36166"},"geometry":{"type":"Point","coordinates":[-89.368507,29.989644]}},{"type":"Feature","properties":{"s":"scat","phase":"after","lease":"36166"},"geometry":{"type":"Point","coordinates":[-89.368558,29.989628]}},{"type":"Feature","properties":{"s":"reef","phase":"after","lease":"36166"},"geometry":{"type":"Point","coordinates":[-89.368611,29.98961]}},{"type":"Feature","properties":{"s":"reef","phase":"after","lease":"36166"},"geometry":{"type":"Point","coordinates":[-89.368734,29.989571]}},{"type":"Feature","properties":{"s":"reef","phase":"after","lease":"36166"},"geometry":{"type":"Point","coordinates":[-89.368826,29.989541]}},{"type":"Feature","properties":{"s":"scat","phase":"after","lease":"36166"},"geometry":{"type":"Point","coordinates":[-89.36892,29.98951]}},{"type":"Feature","properties":{"s":"reef","phase":"after","lease":"36166"},"geometry":{"type":"Point","coordinates":[-89.369054,29.989469]}},{"type":"Feature","properties":{"s":"reef","phase":"after","lease":"36166"},"geometry":{"type":"Point","coordinates":[-89.369129,29.989443]}},{"type":"Feature","properties":{"s":"reef","phase":"after","lease":"36166"},"geometry":{"type":"Point","coordinates":[-89.369182,29.989428]}},{"type":"Feature","properties":{"s":"reef","phase":"after","lease":"36166"},"geometry":{"type":"Point","coordinates":[-89.369218,29.989413]}},{"type":"Feature","properties":{"s":"reef","phase":"after","lease":"36166"},"geometry":{"type":"Point","coordinates":[-89.369272,29.989394]}},{"type":"Feature","properties":{"s":"scat","phase":"after","lease":"36166"},"geometry":{"type":"Point","coordinates":[-89.369329,29.98938]}},{"type":"Feature","properties":{"s":"scat","phase":"after","lease":"36166"},"geometry":{"type":"Point","coordinates":[-89.369423,29.989352]}},{"type":"Feature","properties":{"s":"firm","phase":"after","lease":"36166"},"geometry":{"type":"Point","coordinates":[-89.369479,29.989331]}},{"type":"Feature","properties":{"s":"scat","phase":"after","lease":"36166"},"geometry":{"type":"Point","coordinates":[-89.369549,29.989301]}},{"type":"Feature","properties":{"s":"scat","phase":"after","lease":"36166"},"geometry":{"type":"Point","coordinates":[-89.369681,29.989236]}},{"type":"Feature","properties":{"s":"scat","phase":"after","lease":"36166"},"geometry":{"type":"Point","coordinates":[-89.36974,29.989201]}},{"type":"Feature","properties":{"s":"firm","phase":"after","lease":"36166"},"geometry":{"type":"Point","coordinates":[-89.369788,29.989162]}},{"type":"Feature","properties":{"s":"firm","phase":"after","lease":"36166"},"geometry":{"type":"Point","coordinates":[-89.369852,29.989112]}},{"type":"Feature","properties":{"s":"firm","phase":"after","lease":"36166"},"geometry":{"type":"Point","coordinates":[-89.369924,29.989091]}},{"type":"Feature","properties":{"s":"firm","phase":"after","lease":"36166"},"geometry":{"type":"Point","coordinates":[-89.369983,29.989091]}},{"type":"Feature","properties":{"s":"firm","phase":"after","lease":"36166"},"geometry":{"type":"Point","coordinates":[-89.370046,29.989117]}},{"type":"Feature","properties":{"s":"firm","phase":"after","lease":"36166"},"geometry":{"type":"Point","coordinates":[-89.37011,29.989214]}},{"type":"Feature","properties":{"s":"firm","phase":"after","lease":"36166"},"geometry":{"type":"Point","coordinates":[-89.370103,29.989266]}},{"type":"Feature","properties":{"s":"firm","phase":"after","lease":"36166"},"geometry":{"type":"Point","coordinates":[-89.370074,29.989317]}},{"type":"Feature","properties":{"s":"firm","phase":"after","lease":"36166"},"geometry":{"type":"Point","coordinates":[-89.370045,29.989351]}},{"type":"Feature","properties":{"s":"firm","phase":"after","lease":"36166"},"geometry":{"type":"Point","coordinates":[-89.370022,29.98937]}},{"type":"Feature","properties":{"s":"firm","phase":"after","lease":"36166"},"geometry":{"type":"Point","coordinates":[-89.369904,29.98942]}},{"type":"Feature","properties":{"s":"firm","phase":"after","lease":"36166"},"geometry":{"type":"Point","coordinates":[-89.369796,29.989453]}},{"type":"Feature","properties":{"s":"scat","phase":"after","lease":"36166"},"geometry":{"type":"Point","coordinates":[-89.369697,29.989489]}},{"type":"Feature","properties":{"s":"reef","phase":"after","lease":"36166"},"geometry":{"type":"Point","coordinates":[-89.36962,29.989513]}},{"type":"Feature","properties":{"s":"reef","phase":"after","lease":"36166"},"geometry":{"type":"Point","coordinates":[-89.369515,29.989549]}},{"type":"Feature","properties":{"s":"reef","phase":"after","lease":"36166"},"geometry":{"type":"Point","coordinates":[-89.369409,29.989588]}},{"type":"Feature","properties":{"s":"reef","phase":"after","lease":"36166"},"geometry":{"type":"Point","coordinates":[-89.369354,29.989609]}},{"type":"Feature","properties":{"s":"reef","phase":"after","lease":"36166"},"geometry":{"type":"Point","coordinates":[-89.369319,29.989619]}},{"type":"Feature","properties":{"s":"reef","phase":"after","lease":"36166"},"geometry":{"type":"Point","coordinates":[-89.369236,29.989643]}},{"type":"Feature","properties":{"s":"reef","phase":"after","lease":"36166"},"geometry":{"type":"Point","coordinates":[-89.369197,29.989656]}},{"type":"Feature","properties":{"s":"reef","phase":"after","lease":"36166"},"geometry":{"type":"Point","coordinates":[-89.369138,29.989675]}},{"type":"Feature","properties":{"s":"reef","phase":"after","lease":"36166"},"geometry":{"type":"Point","coordinates":[-89.369098,29.989687]}},{"type":"Feature","properties":{"s":"scat","phase":"after","lease":"36166"},"geometry":{"type":"Point","coordinates":[-89.369022,29.989714]}},{"type":"Feature","properties":{"s":"reef","phase":"after","lease":"36166"},"geometry":{"type":"Point","coordinates":[-89.368986,29.989725]}},{"type":"Feature","properties":{"s":"reef","phase":"after","lease":"36166"},"geometry":{"type":"Point","coordinates":[-89.368931,29.989743]}},{"type":"Feature","properties":{"s":"reef","phase":"after","lease":"36166"},"geometry":{"type":"Point","coordinates":[-89.368857,29.989766]}},{"type":"Feature","properties":{"s":"reef","phase":"after","lease":"36166"},"geometry":{"type":"Point","coordinates":[-89.368785,29.989791]}},{"type":"Feature","properties":{"s":"reef","phase":"after","lease":"36166"},"geometry":{"type":"Point","coordinates":[-89.368766,29.989796]}},{"type":"Feature","properties":{"s":"reef","phase":"after","lease":"36166"},"geometry":{"type":"Point","coordinates":[-89.368691,29.989821]}},{"type":"Feature","properties":{"s":"reef","phase":"after","lease":"36166"},"geometry":{"type":"Point","coordinates":[-89.368581,29.989857]}},{"type":"Feature","properties":{"s":"reef","phase":"after","lease":"36166"},"geometry":{"type":"Point","coordinates":[-89.368526,29.989878]}},{"type":"Feature","properties":{"s":"reef","phase":"after","lease":"36166"},"geometry":{"type":"Point","coordinates":[-89.368432,29.989909]}},{"type":"Feature","properties":{"s":"reef","phase":"after","lease":"36166"},"geometry":{"type":"Point","coordinates":[-89.368375,29.989929]}},{"type":"Feature","properties":{"s":"reef","phase":"after","lease":"36166"},"geometry":{"type":"Point","coordinates":[-89.3683,29.989953]}},{"type":"Feature","properties":{"s":"reef","phase":"after","lease":"36166"},"geometry":{"type":"Point","coordinates":[-89.368226,29.989979]}},{"type":"Feature","properties":{"s":"reef","phase":"after","lease":"36166"},"geometry":{"type":"Point","coordinates":[-89.36815,29.990003]}},{"type":"Feature","properties":{"s":"reef","phase":"after","lease":"36166"},"geometry":{"type":"Point","coordinates":[-89.368059,29.990034]}},{"type":"Feature","properties":{"s":"reef","phase":"after","lease":"36166"},"geometry":{"type":"Point","coordinates":[-89.368002,29.990056]}},{"type":"Feature","properties":{"s":"reef","phase":"after","lease":"36166"},"geometry":{"type":"Point","coordinates":[-89.367944,29.990079]}},{"type":"Feature","properties":{"s":"reef","phase":"after","lease":"36166"},"geometry":{"type":"Point","coordinates":[-89.367866,29.990101]}},{"type":"Feature","properties":{"s":"reef","phase":"after","lease":"36166"},"geometry":{"type":"Point","coordinates":[-89.367813,29.99012]}},{"type":"Feature","properties":{"s":"reef","phase":"after","lease":"36166"},"geometry":{"type":"Point","coordinates":[-89.367756,29.990138]}},{"type":"Feature","properties":{"s":"reef","phase":"after","lease":"36166"},"geometry":{"type":"Point","coordinates":[-89.367698,29.990157]}},{"type":"Feature","properties":{"s":"reef","phase":"after","lease":"36166"},"geometry":{"type":"Point","coordinates":[-89.367624,29.990182]}},{"type":"Feature","properties":{"s":"reef","phase":"after","lease":"36166"},"geometry":{"type":"Point","coordinates":[-89.36755,29.990207]}},{"type":"Feature","properties":{"s":"reef","phase":"after","lease":"36166"},"geometry":{"type":"Point","coordinates":[-89.367458,29.99024]}},{"type":"Feature","properties":{"s":"reef","phase":"after","lease":"36166"},"geometry":{"type":"Point","coordinates":[-89.367365,29.990268]}},{"type":"Feature","properties":{"s":"reef","phase":"after","lease":"36166"},"geometry":{"type":"Point","coordinates":[-89.367291,29.990294]}},{"type":"Feature","properties":{"s":"reef","phase":"after","lease":"36166"},"geometry":{"type":"Point","coordinates":[-89.367215,29.990319]}},{"type":"Feature","properties":{"s":"reef","phase":"after","lease":"36166"},"geometry":{"type":"Point","coordinates":[-89.367139,29.990344]}},{"type":"Feature","properties":{"s":"reef","phase":"after","lease":"36166"},"geometry":{"type":"Point","coordinates":[-89.367102,29.990358]}},{"type":"Feature","properties":{"s":"reef","phase":"after","lease":"36166"},"geometry":{"type":"Point","coordinates":[-89.36703,29.990386]}},{"type":"Feature","properties":{"s":"reef","phase":"after","lease":"36166"},"geometry":{"type":"Point","coordinates":[-89.366976,29.990407]}},{"type":"Feature","properties":{"s":"reef","phase":"after","lease":"36166"},"geometry":{"type":"Point","coordinates":[-89.366907,29.990432]}},{"type":"Feature","properties":{"s":"reef","phase":"after","lease":"36166"},"geometry":{"type":"Point","coordinates":[-89.366858,29.99045]}},{"type":"Feature","properties":{"s":"reef","phase":"after","lease":"36166"},"geometry":{"type":"Point","coordinates":[-89.366788,29.990477]}},{"type":"Feature","properties":{"s":"reef","phase":"after","lease":"36166"},"geometry":{"type":"Point","coordinates":[-89.366732,29.990492]}},{"type":"Feature","properties":{"s":"reef","phase":"after","lease":"36166"},"geometry":{"type":"Point","coordinates":[-89.366673,29.990506]}},{"type":"Feature","properties":{"s":"reef","phase":"after","lease":"36166"},"geometry":{"type":"Point","coordinates":[-89.366613,29.990519]}},{"type":"Feature","properties":{"s":"reef","phase":"after","lease":"36166"},"geometry":{"type":"Point","coordinates":[-89.366536,29.990543]}},{"type":"Feature","properties":{"s":"reef","phase":"after","lease":"36166"},"geometry":{"type":"Point","coordinates":[-89.366462,29.990569]}},{"type":"Feature","properties":{"s":"reef","phase":"after","lease":"36166"},"geometry":{"type":"Point","coordinates":[-89.366411,29.99059]}},{"type":"Feature","properties":{"s":"reef","phase":"after","lease":"36166"},"geometry":{"type":"Point","coordinates":[-89.366374,29.990604]}},{"type":"Feature","properties":{"s":"reef","phase":"after","lease":"36166"},"geometry":{"type":"Point","coordinates":[-89.366316,29.990625]}},{"type":"Feature","properties":{"s":"reef","phase":"after","lease":"36166"},"geometry":{"type":"Point","coordinates":[-89.366262,29.990647]}},{"type":"Feature","properties":{"s":"reef","phase":"after","lease":"36166"},"geometry":{"type":"Point","coordinates":[-89.366211,29.990666]}},{"type":"Feature","properties":{"s":"reef","phase":"after","lease":"36166"},"geometry":{"type":"Point","coordinates":[-89.366124,29.990695]}},{"type":"Feature","properties":{"s":"reef","phase":"after","lease":"36166"},"geometry":{"type":"Point","coordinates":[-89.366052,29.990719]}},{"type":"Feature","properties":{"s":"reef","phase":"after","lease":"36166"},"geometry":{"type":"Point","coordinates":[-89.365954,29.990756]}},{"type":"Feature","properties":{"s":"reef","phase":"after","lease":"36166"},"geometry":{"type":"Point","coordinates":[-89.365877,29.99078]}},{"type":"Feature","properties":{"s":"reef","phase":"after","lease":"36166"},"geometry":{"type":"Point","coordinates":[-89.365822,29.990796]}},{"type":"Feature","properties":{"s":"reef","phase":"after","lease":"36166"},"geometry":{"type":"Point","coordinates":[-89.365762,29.990814]}},{"type":"Feature","properties":{"s":"reef","phase":"after","lease":"36166"},"geometry":{"type":"Point","coordinates":[-89.365703,29.990829]}},{"type":"Feature","properties":{"s":"reef","phase":"after","lease":"36166"},"geometry":{"type":"Point","coordinates":[-89.365648,29.990847]}},{"type":"Feature","properties":{"s":"reef","phase":"after","lease":"36166"},"geometry":{"type":"Point","coordinates":[-89.365589,29.990863]}},{"type":"Feature","properties":{"s":"reef","phase":"after","lease":"36166"},"geometry":{"type":"Point","coordinates":[-89.365552,29.990877]}},{"type":"Feature","properties":{"s":"reef","phase":"after","lease":"36166"},"geometry":{"type":"Point","coordinates":[-89.365473,29.9909]}},{"type":"Feature","properties":{"s":"reef","phase":"after","lease":"36166"},"geometry":{"type":"Point","coordinates":[-89.365408,29.990919]}},{"type":"Feature","properties":{"s":"reef","phase":"after","lease":"36166"},"geometry":{"type":"Point","coordinates":[-89.365304,29.990947]}},{"type":"Feature","properties":{"s":"reef","phase":"after","lease":"36166"},"geometry":{"type":"Point","coordinates":[-89.365235,29.990966]}},{"type":"Feature","properties":{"s":"firm","phase":"after","lease":"36166"},"geometry":{"type":"Point","coordinates":[-89.36516,29.990986]}},{"type":"Feature","properties":{"s":"firm","phase":"after","lease":"36166"},"geometry":{"type":"Point","coordinates":[-89.365066,29.991011]}},{"type":"Feature","properties":{"s":"firm","phase":"after","lease":"36166"},"geometry":{"type":"Point","coordinates":[-89.36517,29.991281]}},{"type":"Feature","properties":{"s":"firm","phase":"after","lease":"36166"},"geometry":{"type":"Point","coordinates":[-89.365223,29.991264]}},{"type":"Feature","properties":{"s":"firm","phase":"after","lease":"36166"},"geometry":{"type":"Point","coordinates":[-89.365278,29.991245]}},{"type":"Feature","properties":{"s":"scat","phase":"after","lease":"36166"},"geometry":{"type":"Point","coordinates":[-89.365356,29.991221]}},{"type":"Feature","properties":{"s":"scat","phase":"after","lease":"36166"},"geometry":{"type":"Point","coordinates":[-89.365413,29.991202]}},{"type":"Feature","properties":{"s":"scat","phase":"after","lease":"36166"},"geometry":{"type":"Point","coordinates":[-89.365469,29.99118]}},{"type":"Feature","properties":{"s":"reef","phase":"after","lease":"36166"},"geometry":{"type":"Point","coordinates":[-89.365508,29.991166]}},{"type":"Feature","properties":{"s":"reef","phase":"after","lease":"36166"},"geometry":{"type":"Point","coordinates":[-89.365565,29.99115]}},{"type":"Feature","properties":{"s":"reef","phase":"after","lease":"36166"},"geometry":{"type":"Point","coordinates":[-89.365669,29.991109]}},{"type":"Feature","properties":{"s":"reef","phase":"after","lease":"36166"},"geometry":{"type":"Point","coordinates":[-89.36574,29.991086]}},{"type":"Feature","properties":{"s":"reef","phase":"after","lease":"36166"},"geometry":{"type":"Point","coordinates":[-89.365808,29.991063]}},{"type":"Feature","properties":{"s":"reef","phase":"after","lease":"36166"},"geometry":{"type":"Point","coordinates":[-89.365879,29.991039]}},{"type":"Feature","properties":{"s":"reef","phase":"after","lease":"36166"},"geometry":{"type":"Point","coordinates":[-89.365944,29.991014]}},{"type":"Feature","properties":{"s":"reef","phase":"after","lease":"36166"},"geometry":{"type":"Point","coordinates":[-89.366016,29.990987]}},{"type":"Feature","properties":{"s":"reef","phase":"after","lease":"36166"},"geometry":{"type":"Point","coordinates":[-89.366089,29.990963]}},{"type":"Feature","properties":{"s":"reef","phase":"after","lease":"36166"},"geometry":{"type":"Point","coordinates":[-89.366143,29.990944]}},{"type":"Feature","properties":{"s":"reef","phase":"after","lease":"36166"},"geometry":{"type":"Point","coordinates":[-89.366213,29.990921]}},{"type":"Feature","properties":{"s":"reef","phase":"after","lease":"36166"},"geometry":{"type":"Point","coordinates":[-89.366308,29.990888]}},{"type":"Feature","properties":{"s":"reef","phase":"after","lease":"36166"},"geometry":{"type":"Point","coordinates":[-89.366378,29.990864]}},{"type":"Feature","properties":{"s":"reef","phase":"after","lease":"36166"},"geometry":{"type":"Point","coordinates":[-89.366453,29.990839]}},{"type":"Feature","properties":{"s":"reef","phase":"after","lease":"36166"},"geometry":{"type":"Point","coordinates":[-89.366507,29.99082]}},{"type":"Feature","properties":{"s":"reef","phase":"after","lease":"36166"},"geometry":{"type":"Point","coordinates":[-89.366583,29.990794]}},{"type":"Feature","properties":{"s":"reef","phase":"after","lease":"36166"},"geometry":{"type":"Point","coordinates":[-89.366693,29.990756]}},{"type":"Feature","properties":{"s":"reef","phase":"after","lease":"36166"},"geometry":{"type":"Point","coordinates":[-89.366727,29.990744]}},{"type":"Feature","properties":{"s":"reef","phase":"after","lease":"36166"},"geometry":{"type":"Point","coordinates":[-89.366818,29.990718]}},{"type":"Feature","properties":{"s":"reef","phase":"after","lease":"36166"},"geometry":{"type":"Point","coordinates":[-89.366981,29.990666]}},{"type":"Feature","properties":{"s":"reef","phase":"after","lease":"36166"},"geometry":{"type":"Point","coordinates":[-89.367032,29.990643]}},{"type":"Feature","properties":{"s":"reef","phase":"after","lease":"36166"},"geometry":{"type":"Point","coordinates":[-89.367087,29.990619]}},{"type":"Feature","properties":{"s":"reef","phase":"after","lease":"36166"},"geometry":{"type":"Point","coordinates":[-89.367173,29.990593]}},{"type":"Feature","properties":{"s":"reef","phase":"after","lease":"36166"},"geometry":{"type":"Point","coordinates":[-89.367224,29.990575]}},{"type":"Feature","properties":{"s":"reef","phase":"after","lease":"36166"},"geometry":{"type":"Point","coordinates":[-89.367298,29.990551]}},{"type":"Feature","properties":{"s":"reef","phase":"after","lease":"36166"},"geometry":{"type":"Point","coordinates":[-89.367392,29.990527]}},{"type":"Feature","properties":{"s":"reef","phase":"after","lease":"36166"},"geometry":{"type":"Point","coordinates":[-89.367461,29.990503]}},{"type":"Feature","properties":{"s":"reef","phase":"after","lease":"36166"},"geometry":{"type":"Point","coordinates":[-89.36753,29.990485]}},{"type":"Feature","properties":{"s":"reef","phase":"after","lease":"36166"},"geometry":{"type":"Point","coordinates":[-89.367611,29.990456]}},{"type":"Feature","properties":{"s":"reef","phase":"after","lease":"36166"},"geometry":{"type":"Point","coordinates":[-89.3677,29.990427]}},{"type":"Feature","properties":{"s":"reef","phase":"after","lease":"36166"},"geometry":{"type":"Point","coordinates":[-89.367759,29.990411]}},{"type":"Feature","properties":{"s":"reef","phase":"after","lease":"36166"},"geometry":{"type":"Point","coordinates":[-89.367819,29.990395]}},{"type":"Feature","properties":{"s":"reef","phase":"after","lease":"36166"},"geometry":{"type":"Point","coordinates":[-89.367906,29.990362]}},{"type":"Feature","properties":{"s":"reef","phase":"after","lease":"36166"},"geometry":{"type":"Point","coordinates":[-89.367994,29.990328]}},{"type":"Feature","properties":{"s":"reef","phase":"after","lease":"36166"},"geometry":{"type":"Point","coordinates":[-89.368062,29.990305]}},{"type":"Feature","properties":{"s":"reef","phase":"after","lease":"36166"},"geometry":{"type":"Point","coordinates":[-89.368112,29.990292]}},{"type":"Feature","properties":{"s":"reef","phase":"after","lease":"36166"},"geometry":{"type":"Point","coordinates":[-89.368188,29.990265]}},{"type":"Feature","properties":{"s":"reef","phase":"after","lease":"36166"},"geometry":{"type":"Point","coordinates":[-89.368261,29.990239]}},{"type":"Feature","properties":{"s":"reef","phase":"after","lease":"36166"},"geometry":{"type":"Point","coordinates":[-89.368338,29.990211]}},{"type":"Feature","properties":{"s":"reef","phase":"after","lease":"36166"},"geometry":{"type":"Point","coordinates":[-89.368425,29.990186]}},{"type":"Feature","properties":{"s":"reef","phase":"after","lease":"36166"},"geometry":{"type":"Point","coordinates":[-89.368505,29.990166]}},{"type":"Feature","properties":{"s":"scat","phase":"after","lease":"36166"},"geometry":{"type":"Point","coordinates":[-89.36796,29.988504]}},{"type":"Feature","properties":{"s":"scat","phase":"after","lease":"36166"},"geometry":{"type":"Point","coordinates":[-89.367856,29.988539]}},{"type":"Feature","properties":{"s":"scat","phase":"after","lease":"36166"},"geometry":{"type":"Point","coordinates":[-89.367772,29.988567]}},{"type":"Feature","properties":{"s":"reef","phase":"after","lease":"36166"},"geometry":{"type":"Point","coordinates":[-89.367711,29.98859]}},{"type":"Feature","properties":{"s":"scat","phase":"after","lease":"36166"},"geometry":{"type":"Point","coordinates":[-89.367564,29.988642]}},{"type":"Feature","properties":{"s":"reef","phase":"after","lease":"36166"},"geometry":{"type":"Point","coordinates":[-89.367479,29.988681]}},{"type":"Feature","properties":{"s":"reef","phase":"after","lease":"36166"},"geometry":{"type":"Point","coordinates":[-89.367415,29.9887]}},{"type":"Feature","properties":{"s":"reef","phase":"after","lease":"36166"},"geometry":{"type":"Point","coordinates":[-89.367316,29.988732]}},{"type":"Feature","properties":{"s":"reef","phase":"after","lease":"36166"},"geometry":{"type":"Point","coordinates":[-89.367232,29.988762]}},{"type":"Feature","properties":{"s":"reef","phase":"after","lease":"36166"},"geometry":{"type":"Point","coordinates":[-89.36715,29.988788]}},{"type":"Feature","properties":{"s":"reef","phase":"after","lease":"36166"},"geometry":{"type":"Point","coordinates":[-89.367049,29.988821]}},{"type":"Feature","properties":{"s":"reef","phase":"after","lease":"36166"},"geometry":{"type":"Point","coordinates":[-89.366966,29.988853]}},{"type":"Feature","properties":{"s":"reef","phase":"after","lease":"36166"},"geometry":{"type":"Point","coordinates":[-89.366879,29.988881]}},{"type":"Feature","properties":{"s":"reef","phase":"after","lease":"36166"},"geometry":{"type":"Point","coordinates":[-89.366814,29.988901]}},{"type":"Feature","properties":{"s":"reef","phase":"after","lease":"36166"},"geometry":{"type":"Point","coordinates":[-89.366738,29.988932]}},{"type":"Feature","properties":{"s":"reef","phase":"after","lease":"36166"},"geometry":{"type":"Point","coordinates":[-89.366682,29.988953]}},{"type":"Feature","properties":{"s":"reef","phase":"after","lease":"36166"},"geometry":{"type":"Point","coordinates":[-89.366661,29.988961]}},{"type":"Feature","properties":{"s":"reef","phase":"after","lease":"36166"},"geometry":{"type":"Point","coordinates":[-89.366603,29.98898]}},{"type":"Feature","properties":{"s":"reef","phase":"after","lease":"36166"},"geometry":{"type":"Point","coordinates":[-89.366582,29.988988]}},{"type":"Feature","properties":{"s":"scat","phase":"after","lease":"36166"},"geometry":{"type":"Point","coordinates":[-89.3665,29.989015]}},{"type":"Feature","properties":{"s":"reef","phase":"after","lease":"36166"},"geometry":{"type":"Point","coordinates":[-89.366412,29.989043]}},{"type":"Feature","properties":{"s":"reef","phase":"after","lease":"36166"},"geometry":{"type":"Point","coordinates":[-89.366331,29.989074]}},{"type":"Feature","properties":{"s":"reef","phase":"after","lease":"36166"},"geometry":{"type":"Point","coordinates":[-89.366209,29.989114]}},{"type":"Feature","properties":{"s":"reef","phase":"after","lease":"36166"},"geometry":{"type":"Point","coordinates":[-89.366059,29.989166]}},{"type":"Feature","properties":{"s":"reef","phase":"after","lease":"36166"},"geometry":{"type":"Point","coordinates":[-89.365974,29.989198]}},{"type":"Feature","properties":{"s":"reef","phase":"after","lease":"36166"},"geometry":{"type":"Point","coordinates":[-89.365913,29.989222]}},{"type":"Feature","properties":{"s":"reef","phase":"after","lease":"36166"},"geometry":{"type":"Point","coordinates":[-89.365831,29.989247]}},{"type":"Feature","properties":{"s":"reef","phase":"after","lease":"36166"},"geometry":{"type":"Point","coordinates":[-89.365768,29.989269]}},{"type":"Feature","properties":{"s":"reef","phase":"after","lease":"36166"},"geometry":{"type":"Point","coordinates":[-89.365706,29.989292]}},{"type":"Feature","properties":{"s":"reef","phase":"after","lease":"36166"},"geometry":{"type":"Point","coordinates":[-89.368561,29.990152]}},{"type":"Feature","properties":{"s":"reef","phase":"after","lease":"36166"},"geometry":{"type":"Point","coordinates":[-89.368669,29.990118]}},{"type":"Feature","properties":{"s":"reef","phase":"after","lease":"36166"},"geometry":{"type":"Point","coordinates":[-89.368738,29.990094]}},{"type":"Feature","properties":{"s":"reef","phase":"after","lease":"36166"},"geometry":{"type":"Point","coordinates":[-89.36881,29.99007]}},{"type":"Feature","properties":{"s":"reef","phase":"after","lease":"36166"},"geometry":{"type":"Point","coordinates":[-89.368919,29.990039]}},{"type":"Feature","properties":{"s":"reef","phase":"after","lease":"36166"},"geometry":{"type":"Point","coordinates":[-89.368988,29.990021]}},{"type":"Feature","properties":{"s":"reef","phase":"after","lease":"36166"},"geometry":{"type":"Point","coordinates":[-89.369043,29.990005]}},{"type":"Feature","properties":{"s":"reef","phase":"after","lease":"36166"},"geometry":{"type":"Point","coordinates":[-89.369111,29.989979]}},{"type":"Feature","properties":{"s":"reef","phase":"after","lease":"36166"},"geometry":{"type":"Point","coordinates":[-89.36916,29.98996]}},{"type":"Feature","properties":{"s":"reef","phase":"after","lease":"36166"},"geometry":{"type":"Point","coordinates":[-89.369212,29.989943]}},{"type":"Feature","properties":{"s":"reef","phase":"after","lease":"36166"},"geometry":{"type":"Point","coordinates":[-89.369258,29.989922]}},{"type":"Feature","properties":{"s":"reef","phase":"after","lease":"36166"},"geometry":{"type":"Point","coordinates":[-89.36932,29.989904]}},{"type":"Feature","properties":{"s":"reef","phase":"after","lease":"36166"},"geometry":{"type":"Point","coordinates":[-89.369375,29.989883]}},{"type":"Feature","properties":{"s":"reef","phase":"after","lease":"36166"},"geometry":{"type":"Point","coordinates":[-89.369429,29.989862]}},{"type":"Feature","properties":{"s":"reef","phase":"after","lease":"36166"},"geometry":{"type":"Point","coordinates":[-89.369489,29.98984]}},{"type":"Feature","properties":{"s":"reef","phase":"after","lease":"36166"},"geometry":{"type":"Point","coordinates":[-89.369546,29.989817]}},{"type":"Feature","properties":{"s":"reef","phase":"after","lease":"36166"},"geometry":{"type":"Point","coordinates":[-89.369595,29.989794]}},{"type":"Feature","properties":{"s":"reef","phase":"after","lease":"36166"},"geometry":{"type":"Point","coordinates":[-89.369611,29.989785]}},{"type":"Feature","properties":{"s":"scat","phase":"after","lease":"36166"},"geometry":{"type":"Point","coordinates":[-89.369672,29.989763]}},{"type":"Feature","properties":{"s":"scat","phase":"after","lease":"36166"},"geometry":{"type":"Point","coordinates":[-89.369736,29.989732]}},{"type":"Feature","properties":{"s":"scat","phase":"after","lease":"36166"},"geometry":{"type":"Point","coordinates":[-89.369799,29.98969]}},{"type":"Feature","properties":{"s":"firm","phase":"after","lease":"36166"},"geometry":{"type":"Point","coordinates":[-89.369878,29.989641]}},{"type":"Feature","properties":{"s":"scat","phase":"after","lease":"36166"},"geometry":{"type":"Point","coordinates":[-89.369949,29.989597]}},{"type":"Feature","properties":{"s":"firm","phase":"after","lease":"36166"},"geometry":{"type":"Point","coordinates":[-89.369994,29.989573]}},{"type":"Feature","properties":{"s":"firm","phase":"after","lease":"36166"},"geometry":{"type":"Point","coordinates":[-89.370025,29.989561]}},{"type":"Feature","properties":{"s":"firm","phase":"after","lease":"36166"},"geometry":{"type":"Point","coordinates":[-89.370103,29.989531]}},{"type":"Feature","properties":{"s":"firm","phase":"after","lease":"36166"},"geometry":{"type":"Point","coordinates":[-89.370182,29.989512]}},{"type":"Feature","properties":{"s":"reef","phase":"after","lease":"36166"},"geometry":{"type":"Point","coordinates":[-89.365644,29.989314]}},{"type":"Feature","properties":{"s":"reef","phase":"after","lease":"36166"},"geometry":{"type":"Point","coordinates":[-89.365585,29.989335]}},{"type":"Feature","properties":{"s":"reef","phase":"after","lease":"36166"},"geometry":{"type":"Point","coordinates":[-89.365543,29.989352]}},{"type":"Feature","properties":{"s":"reef","phase":"after","lease":"36166"},"geometry":{"type":"Point","coordinates":[-89.365457,29.989378]}},{"type":"Feature","properties":{"s":"reef","phase":"after","lease":"36166"},"geometry":{"type":"Point","coordinates":[-89.365327,29.989421]}},{"type":"Feature","properties":{"s":"reef","phase":"after","lease":"36166"},"geometry":{"type":"Point","coordinates":[-89.365236,29.989454]}},{"type":"Feature","properties":{"s":"reef","phase":"after","lease":"36166"},"geometry":{"type":"Point","coordinates":[-89.365174,29.98947]}},{"type":"Feature","properties":{"s":"reef","phase":"after","lease":"36166"},"geometry":{"type":"Point","coordinates":[-89.365132,29.98948]}},{"type":"Feature","properties":{"s":"reef","phase":"after","lease":"36166"},"geometry":{"type":"Point","coordinates":[-89.36509,29.989488]}},{"type":"Feature","properties":{"s":"reef","phase":"after","lease":"36166"},"geometry":{"type":"Point","coordinates":[-89.365023,29.98951]}},{"type":"Feature","properties":{"s":"reef","phase":"after","lease":"36166"},"geometry":{"type":"Point","coordinates":[-89.364944,29.98954]}},{"type":"Feature","properties":{"s":"reef","phase":"after","lease":"36166"},"geometry":{"type":"Point","coordinates":[-89.364902,29.989554]}},{"type":"Feature","properties":{"s":"reef","phase":"after","lease":"36166"},"geometry":{"type":"Point","coordinates":[-89.364835,29.989578]}},{"type":"Feature","properties":{"s":"reef","phase":"after","lease":"36166"},"geometry":{"type":"Point","coordinates":[-89.364765,29.989595]}},{"type":"Feature","properties":{"s":"reef","phase":"after","lease":"36166"},"geometry":{"type":"Point","coordinates":[-89.364699,29.989612]}},{"type":"Feature","properties":{"s":"scat","phase":"after","lease":"36166"},"geometry":{"type":"Point","coordinates":[-89.364612,29.989629]}},{"type":"Feature","properties":{"s":"scat","phase":"after","lease":"36166"},"geometry":{"type":"Point","coordinates":[-89.364549,29.989645]}},{"type":"Feature","properties":{"s":"firm","phase":"after","lease":"36166"},"geometry":{"type":"Point","coordinates":[-89.36448,29.989658]}},{"type":"Feature","properties":{"s":"firm","phase":"after","lease":"36166"},"geometry":{"type":"Point","coordinates":[-89.364341,29.98969]}},{"type":"Feature","properties":{"s":"firm","phase":"after","lease":"36166"},"geometry":{"type":"Point","coordinates":[-89.3642,29.989728]}},{"type":"Feature","properties":{"s":"firm","phase":"after","lease":"36166"},"geometry":{"type":"Point","coordinates":[-89.364425,29.989974]}},{"type":"Feature","properties":{"s":"scat","phase":"after","lease":"36166"},"geometry":{"type":"Point","coordinates":[-89.36452,29.989939]}},{"type":"Feature","properties":{"s":"scat","phase":"after","lease":"36166"},"geometry":{"type":"Point","coordinates":[-89.364594,29.989916]}},{"type":"Feature","properties":{"s":"reef","phase":"after","lease":"36166"},"geometry":{"type":"Point","coordinates":[-89.364728,29.989866]}},{"type":"Feature","properties":{"s":"reef","phase":"after","lease":"36166"},"geometry":{"type":"Point","coordinates":[-89.364822,29.989831]}},{"type":"Feature","properties":{"s":"reef","phase":"after","lease":"36166"},"geometry":{"type":"Point","coordinates":[-89.364899,29.989805]}},{"type":"Feature","properties":{"s":"reef","phase":"after","lease":"36166"},"geometry":{"type":"Point","coordinates":[-89.364975,29.989777]}},{"type":"Feature","properties":{"s":"reef","phase":"after","lease":"36166"},"geometry":{"type":"Point","coordinates":[-89.365034,29.989757]}},{"type":"Feature","properties":{"s":"reef","phase":"after","lease":"36166"},"geometry":{"type":"Point","coordinates":[-89.365093,29.989733]}},{"type":"Feature","properties":{"s":"reef","phase":"after","lease":"36166"},"geometry":{"type":"Point","coordinates":[-89.365133,29.989718]}},{"type":"Feature","properties":{"s":"reef","phase":"after","lease":"36166"},"geometry":{"type":"Point","coordinates":[-89.365187,29.989698]}},{"type":"Feature","properties":{"s":"reef","phase":"after","lease":"36166"},"geometry":{"type":"Point","coordinates":[-89.365279,29.989669]}},{"type":"Feature","properties":{"s":"reef","phase":"after","lease":"36166"},"geometry":{"type":"Point","coordinates":[-89.365325,29.98966]}},{"type":"Feature","properties":{"s":"reef","phase":"after","lease":"36166"},"geometry":{"type":"Point","coordinates":[-89.365402,29.989639]}},{"type":"Feature","properties":{"s":"reef","phase":"after","lease":"36166"},"geometry":{"type":"Point","coordinates":[-89.365499,29.989607]}},{"type":"Feature","properties":{"s":"reef","phase":"after","lease":"36166"},"geometry":{"type":"Point","coordinates":[-89.365541,29.989592]}},{"type":"Feature","properties":{"s":"reef","phase":"after","lease":"36166"},"geometry":{"type":"Point","coordinates":[-89.365625,29.989573]}},{"type":"Feature","properties":{"s":"reef","phase":"after","lease":"36166"},"geometry":{"type":"Point","coordinates":[-89.365668,29.989566]}},{"type":"Feature","properties":{"s":"reef","phase":"after","lease":"36166"},"geometry":{"type":"Point","coordinates":[-89.365725,29.989549]}},{"type":"Feature","properties":{"s":"reef","phase":"after","lease":"36166"},"geometry":{"type":"Point","coordinates":[-89.365768,29.989532]}},{"type":"Feature","properties":{"s":"reef","phase":"after","lease":"36166"},"geometry":{"type":"Point","coordinates":[-89.365813,29.989521]}},{"type":"Feature","properties":{"s":"reef","phase":"after","lease":"36166"},"geometry":{"type":"Point","coordinates":[-89.365871,29.989504]}},{"type":"Feature","properties":{"s":"reef","phase":"after","lease":"36166"},"geometry":{"type":"Point","coordinates":[-89.365901,29.989498]}},{"type":"Feature","properties":{"s":"reef","phase":"after","lease":"36166"},"geometry":{"type":"Point","coordinates":[-89.365979,29.989483]}},{"type":"Feature","properties":{"s":"reef","phase":"after","lease":"36166"},"geometry":{"type":"Point","coordinates":[-89.366018,29.989474]}},{"type":"Feature","properties":{"s":"reef","phase":"after","lease":"36166"},"geometry":{"type":"Point","coordinates":[-89.366087,29.989448]}},{"type":"Feature","properties":{"s":"reef","phase":"after","lease":"36166"},"geometry":{"type":"Point","coordinates":[-89.366128,29.989437]}},{"type":"Feature","properties":{"s":"reef","phase":"after","lease":"36166"},"geometry":{"type":"Point","coordinates":[-89.366182,29.989415]}},{"type":"Feature","properties":{"s":"reef","phase":"after","lease":"36166"},"geometry":{"type":"Point","coordinates":[-89.366239,29.989391]}},{"type":"Feature","properties":{"s":"reef","phase":"after","lease":"36166"},"geometry":{"type":"Point","coordinates":[-89.366269,29.98938]}},{"type":"Feature","properties":{"s":"reef","phase":"after","lease":"36166"},"geometry":{"type":"Point","coordinates":[-89.366324,29.989359]}},{"type":"Feature","properties":{"s":"reef","phase":"after","lease":"36166"},"geometry":{"type":"Point","coordinates":[-89.366367,29.989347]}},{"type":"Feature","properties":{"s":"reef","phase":"after","lease":"36166"},"geometry":{"type":"Point","coordinates":[-89.366431,29.989329]}},{"type":"Feature","properties":{"s":"reef","phase":"after","lease":"36166"},"geometry":{"type":"Point","coordinates":[-89.366471,29.989315]}},{"type":"Feature","properties":{"s":"reef","phase":"after","lease":"36166"},"geometry":{"type":"Point","coordinates":[-89.366512,29.989301]}},{"type":"Feature","properties":{"s":"reef","phase":"after","lease":"36166"},"geometry":{"type":"Point","coordinates":[-89.366572,29.989284]}},{"type":"Feature","properties":{"s":"reef","phase":"after","lease":"36166"},"geometry":{"type":"Point","coordinates":[-89.366617,29.989269]}},{"type":"Feature","properties":{"s":"reef","phase":"after","lease":"36166"},"geometry":{"type":"Point","coordinates":[-89.366662,29.989252]}},{"type":"Feature","properties":{"s":"reef","phase":"after","lease":"36166"},"geometry":{"type":"Point","coordinates":[-89.366734,29.989227]}},{"type":"Feature","properties":{"s":"reef","phase":"after","lease":"36166"},"geometry":{"type":"Point","coordinates":[-89.366811,29.9892]}},{"type":"Feature","properties":{"s":"reef","phase":"after","lease":"36166"},"geometry":{"type":"Point","coordinates":[-89.366853,29.989182]}},{"type":"Feature","properties":{"s":"reef","phase":"after","lease":"36166"},"geometry":{"type":"Point","coordinates":[-89.366903,29.989164]}},{"type":"Feature","properties":{"s":"reef","phase":"after","lease":"36166"},"geometry":{"type":"Point","coordinates":[-89.366958,29.989144]}},{"type":"Feature","properties":{"s":"reef","phase":"after","lease":"36166"},"geometry":{"type":"Point","coordinates":[-89.367001,29.98913]}},{"type":"Feature","properties":{"s":"reef","phase":"after","lease":"36166"},"geometry":{"type":"Point","coordinates":[-89.367069,29.989102]}},{"type":"Feature","properties":{"s":"reef","phase":"after","lease":"36166"},"geometry":{"type":"Point","coordinates":[-89.367112,29.989084]}},{"type":"Feature","properties":{"s":"reef","phase":"after","lease":"36166"},"geometry":{"type":"Point","coordinates":[-89.36714,29.989075]}},{"type":"Feature","properties":{"s":"reef","phase":"after","lease":"36166"},"geometry":{"type":"Point","coordinates":[-89.367182,29.989057]}},{"type":"Feature","properties":{"s":"reef","phase":"after","lease":"36166"},"geometry":{"type":"Point","coordinates":[-89.367252,29.989026]}},{"type":"Feature","properties":{"s":"reef","phase":"after","lease":"36166"},"geometry":{"type":"Point","coordinates":[-89.367312,29.989002]}},{"type":"Feature","properties":{"s":"reef","phase":"after","lease":"36166"},"geometry":{"type":"Point","coordinates":[-89.367356,29.988984]}},{"type":"Feature","properties":{"s":"reef","phase":"after","lease":"36166"},"geometry":{"type":"Point","coordinates":[-89.367426,29.98896]}},{"type":"Feature","properties":{"s":"reef","phase":"after","lease":"36166"},"geometry":{"type":"Point","coordinates":[-89.367516,29.988925]}},{"type":"Feature","properties":{"s":"reef","phase":"after","lease":"36166"},"geometry":{"type":"Point","coordinates":[-89.367601,29.988895]}},{"type":"Feature","properties":{"s":"reef","phase":"after","lease":"36166"},"geometry":{"type":"Point","coordinates":[-89.367657,29.988878]}},{"type":"Feature","properties":{"s":"reef","phase":"after","lease":"36166"},"geometry":{"type":"Point","coordinates":[-89.367713,29.988859]}},{"type":"Feature","properties":{"s":"reef","phase":"after","lease":"36166"},"geometry":{"type":"Point","coordinates":[-89.367774,29.988838]}},{"type":"Feature","properties":{"s":"reef","phase":"after","lease":"36166"},"geometry":{"type":"Point","coordinates":[-89.367818,29.988824]}},{"type":"Feature","properties":{"s":"reef","phase":"after","lease":"36166"},"geometry":{"type":"Point","coordinates":[-89.367864,29.98881]}},{"type":"Feature","properties":{"s":"reef","phase":"after","lease":"36166"},"geometry":{"type":"Point","coordinates":[-89.367922,29.988791]}},{"type":"Feature","properties":{"s":"reef","phase":"after","lease":"36166"},"geometry":{"type":"Point","coordinates":[-89.367966,29.988776]}},{"type":"Feature","properties":{"s":"reef","phase":"after","lease":"36166"},"geometry":{"type":"Point","coordinates":[-89.368023,29.98876]}},{"type":"Feature","properties":{"s":"reef","phase":"after","lease":"36166"},"geometry":{"type":"Point","coordinates":[-89.368086,29.988745]}},{"type":"Feature","properties":{"s":"reef","phase":"after","lease":"36166"},"geometry":{"type":"Point","coordinates":[-89.36815,29.988727]}},{"type":"Feature","properties":{"s":"reef","phase":"after","lease":"36166"},"geometry":{"type":"Point","coordinates":[-89.368212,29.988709]}},{"type":"Feature","properties":{"s":"reef","phase":"after","lease":"36166"},"geometry":{"type":"Point","coordinates":[-89.368285,29.988693]}},{"type":"Feature","properties":{"s":"reef","phase":"after","lease":"36166"},"geometry":{"type":"Point","coordinates":[-89.368351,29.988676]}},{"type":"Feature","properties":{"s":"reef","phase":"after","lease":"36166"},"geometry":{"type":"Point","coordinates":[-89.368399,29.988666]}},{"type":"Feature","properties":{"s":"reef","phase":"after","lease":"36166"},"geometry":{"type":"Point","coordinates":[-89.368463,29.988657]}},{"type":"Feature","properties":{"s":"reef","phase":"after","lease":"36166"},"geometry":{"type":"Point","coordinates":[-89.368504,29.988648]}},{"type":"Feature","properties":{"s":"reef","phase":"after","lease":"36166"},"geometry":{"type":"Point","coordinates":[-89.368563,29.988634]}},{"type":"Feature","properties":{"s":"reef","phase":"after","lease":"36166"},"geometry":{"type":"Point","coordinates":[-89.368642,29.988603]}},{"type":"Feature","properties":{"s":"reef","phase":"after","lease":"36166"},"geometry":{"type":"Point","coordinates":[-89.368693,29.988588]}},{"type":"Feature","properties":{"s":"reef","phase":"after","lease":"36166"},"geometry":{"type":"Point","coordinates":[-89.368757,29.988568]}},{"type":"Feature","properties":{"s":"reef","phase":"after","lease":"36166"},"geometry":{"type":"Point","coordinates":[-89.36881,29.988544]}},{"type":"Feature","properties":{"s":"scat","phase":"after","lease":"36166"},"geometry":{"type":"Point","coordinates":[-89.368824,29.988538]}},{"type":"Feature","properties":{"s":"scat","phase":"after","lease":"36166"},"geometry":{"type":"Point","coordinates":[-89.368878,29.988516]}},{"type":"Feature","properties":{"s":"scat","phase":"after","lease":"36166"},"geometry":{"type":"Point","coordinates":[-89.368944,29.988477]}},{"type":"Feature","properties":{"s":"scat","phase":"after","lease":"36166"},"geometry":{"type":"Point","coordinates":[-89.369002,29.988433]}},{"type":"Feature","properties":{"s":"scat","phase":"after","lease":"36166"},"geometry":{"type":"Point","coordinates":[-89.369051,29.988397]}},{"type":"Feature","properties":{"s":"firm","phase":"after","lease":"36166"},"geometry":{"type":"Point","coordinates":[-89.369114,29.988353]}},{"type":"Feature","properties":{"s":"firm","phase":"after","lease":"36166"},"geometry":{"type":"Point","coordinates":[-89.369169,29.988309]}},{"type":"Feature","properties":{"s":"firm","phase":"after","lease":"36166"},"geometry":{"type":"Point","coordinates":[-89.369226,29.988263]}},{"type":"Feature","properties":{"s":"firm","phase":"after","lease":"36166"},"geometry":{"type":"Point","coordinates":[-89.369259,29.98824]}},{"type":"Feature","properties":{"s":"firm","phase":"after","lease":"36166"},"geometry":{"type":"Point","coordinates":[-89.369017,29.987822]}},{"type":"Feature","properties":{"s":"firm","phase":"after","lease":"36166"},"geometry":{"type":"Point","coordinates":[-89.369104,29.987822]}},{"type":"Feature","properties":{"s":"firm","phase":"after","lease":"36166"},"geometry":{"type":"Point","coordinates":[-89.369196,29.987849]}},{"type":"Feature","properties":{"s":"firm","phase":"after","lease":"36166"},"geometry":{"type":"Point","coordinates":[-89.36926,29.987928]}},{"type":"Feature","properties":{"s":"firm","phase":"after","lease":"36166"},"geometry":{"type":"Point","coordinates":[-89.369263,29.988001]}},{"type":"Feature","properties":{"s":"firm","phase":"after","lease":"36166"},"geometry":{"type":"Point","coordinates":[-89.369259,29.988017]}},{"type":"Feature","properties":{"s":"firm","phase":"after","lease":"36166"},"geometry":{"type":"Point","coordinates":[-89.369226,29.988067]}},{"type":"Feature","properties":{"s":"firm","phase":"after","lease":"36166"},"geometry":{"type":"Point","coordinates":[-89.369087,29.988133]}},{"type":"Feature","properties":{"s":"firm","phase":"after","lease":"36166"},"geometry":{"type":"Point","coordinates":[-89.369004,29.988161]}},{"type":"Feature","properties":{"s":"firm","phase":"after","lease":"36166"},"geometry":{"type":"Point","coordinates":[-89.368962,29.988176]}},{"type":"Feature","properties":{"s":"firm","phase":"after","lease":"36166"},"geometry":{"type":"Point","coordinates":[-89.368878,29.988204]}},{"type":"Feature","properties":{"s":"firm","phase":"after","lease":"36166"},"geometry":{"type":"Point","coordinates":[-89.368795,29.98823]}},{"type":"Feature","properties":{"s":"scat","phase":"after","lease":"36166"},"geometry":{"type":"Point","coordinates":[-89.368691,29.988262]}},{"type":"Feature","properties":{"s":"scat","phase":"after","lease":"36166"},"geometry":{"type":"Point","coordinates":[-89.368605,29.988293]}},{"type":"Feature","properties":{"s":"scat","phase":"after","lease":"36166"},"geometry":{"type":"Point","coordinates":[-89.368584,29.9883]}},{"type":"Feature","properties":{"s":"scat","phase":"after","lease":"36166"},"geometry":{"type":"Point","coordinates":[-89.368503,29.988327]}},{"type":"Feature","properties":{"s":"reef","phase":"after","lease":"36166"},"geometry":{"type":"Point","coordinates":[-89.368401,29.988363]}},{"type":"Feature","properties":{"s":"scat","phase":"after","lease":"36166"},"geometry":{"type":"Point","coordinates":[-89.36832,29.988391]}},{"type":"Feature","properties":{"s":"reef","phase":"after","lease":"36166"},"geometry":{"type":"Point","coordinates":[-89.368217,29.988423]}},{"type":"Feature","properties":{"s":"reef","phase":"after","lease":"36166"},"geometry":{"type":"Point","coordinates":[-89.368135,29.988449]}},{"type":"Feature","properties":{"s":"reef","phase":"after","lease":"36166"},"geometry":{"type":"Point","coordinates":[-89.368049,29.988478]}},{"type":"Feature","properties":{"s":"firm","phase":"after","lease":"36166"},"geometry":{"type":"Point","coordinates":[-89.369354,29.988195]}},{"type":"Feature","properties":{"s":"firm","phase":"after","lease":"36166"},"geometry":{"type":"Point","coordinates":[-89.369401,29.98818]}},{"type":"Feature","properties":{"s":"firm","phase":"after","lease":"36166"},"geometry":{"type":"Point","coordinates":[-89.369492,29.988189]}},{"type":"Feature","properties":{"s":"firm","phase":"after","lease":"36166"},"geometry":{"type":"Point","coordinates":[-89.369527,29.988212]}},{"type":"Feature","properties":{"s":"firm","phase":"after","lease":"36166"},"geometry":{"type":"Point","coordinates":[-89.36959,29.988424]}},{"type":"Feature","properties":{"s":"firm","phase":"after","lease":"36166"},"geometry":{"type":"Point","coordinates":[-89.369496,29.988511]}},{"type":"Feature","properties":{"s":"firm","phase":"after","lease":"36166"},"geometry":{"type":"Point","coordinates":[-89.369413,29.988534]}},{"type":"Feature","properties":{"s":"firm","phase":"after","lease":"36166"},"geometry":{"type":"Point","coordinates":[-89.369335,29.988558]}},{"type":"Feature","properties":{"s":"scat","phase":"after","lease":"36166"},"geometry":{"type":"Point","coordinates":[-89.369255,29.988587]}},{"type":"Feature","properties":{"s":"firm","phase":"after","lease":"36166"},"geometry":{"type":"Point","coordinates":[-89.369197,29.988602]}},{"type":"Feature","properties":{"s":"reef","phase":"after","lease":"36166"},"geometry":{"type":"Point","coordinates":[-89.36815,29.988209]}},{"type":"Feature","properties":{"s":"reef","phase":"after","lease":"36166"},"geometry":{"type":"Point","coordinates":[-89.368223,29.988179]}},{"type":"Feature","properties":{"s":"reef","phase":"after","lease":"36166"},"geometry":{"type":"Point","coordinates":[-89.368297,29.98815]}},{"type":"Feature","properties":{"s":"scat","phase":"after","lease":"36166"},"geometry":{"type":"Point","coordinates":[-89.368373,29.988113]}},{"type":"Feature","properties":{"s":"scat","phase":"after","lease":"36166"},"geometry":{"type":"Point","coordinates":[-89.368451,29.988084]}},{"type":"Feature","properties":{"s":"reef","phase":"after","lease":"36166"},"geometry":{"type":"Point","coordinates":[-89.368526,29.98805]}},{"type":"Feature","properties":{"s":"firm","phase":"after","lease":"36166"},"geometry":{"type":"Point","coordinates":[-89.368642,29.987995]}},{"type":"Feature","properties":{"s":"firm","phase":"after","lease":"36166"},"geometry":{"type":"Point","coordinates":[-89.3688,29.9879]}},{"type":"Feature","properties":{"s":"firm","phase":"after","lease":"36166"},"geometry":{"type":"Point","coordinates":[-89.368944,29.987837]}},{"type":"Feature","properties":{"s":"reef","phase":"after","lease":"36166"},"geometry":{"type":"Point","coordinates":[-89.367587,29.988402]}},{"type":"Feature","properties":{"s":"reef","phase":"after","lease":"36166"},"geometry":{"type":"Point","coordinates":[-89.367668,29.988378]}},{"type":"Feature","properties":{"s":"reef","phase":"after","lease":"36166"},"geometry":{"type":"Point","coordinates":[-89.367729,29.988359]}},{"type":"Feature","properties":{"s":"reef","phase":"after","lease":"36166"},"geometry":{"type":"Point","coordinates":[-89.367809,29.988328]}},{"type":"Feature","properties":{"s":"reef","phase":"after","lease":"36166"},"geometry":{"type":"Point","coordinates":[-89.367867,29.988309]}},{"type":"Feature","properties":{"s":"scat","phase":"after","lease":"36166"},"geometry":{"type":"Point","coordinates":[-89.367937,29.98829]}},{"type":"Feature","properties":{"s":"reef","phase":"after","lease":"36166"},"geometry":{"type":"Point","coordinates":[-89.367997,29.988271]}},{"type":"Feature","properties":{"s":"scat","phase":"after","lease":"36166"},"geometry":{"type":"Point","coordinates":[-89.368071,29.988236]}},{"type":"Feature","properties":{"s":"scat","phase":"after","lease":"36166"},"geometry":{"type":"Point","coordinates":[-89.367019,29.988577]}},{"type":"Feature","properties":{"s":"scat","phase":"after","lease":"36166"},"geometry":{"type":"Point","coordinates":[-89.367096,29.988552]}},{"type":"Feature","properties":{"s":"firm","phase":"after","lease":"36166"},"geometry":{"type":"Point","coordinates":[-89.367176,29.988528]}},{"type":"Feature","properties":{"s":"scat","phase":"after","lease":"36166"},"geometry":{"type":"Point","coordinates":[-89.367258,29.988503]}},{"type":"Feature","properties":{"s":"scat","phase":"after","lease":"36166"},"geometry":{"type":"Point","coordinates":[-89.367344,29.98848]}},{"type":"Feature","properties":{"s":"scat","phase":"after","lease":"36166"},"geometry":{"type":"Point","coordinates":[-89.367419,29.988459]}},{"type":"Feature","properties":{"s":"scat","phase":"after","lease":"36166"},"geometry":{"type":"Point","coordinates":[-89.367501,29.988433]}},{"type":"Feature","properties":{"s":"firm","phase":"after","lease":"36166"},"geometry":{"type":"Point","coordinates":[-89.366454,29.988773]}},{"type":"Feature","properties":{"s":"firm","phase":"after","lease":"36166"},"geometry":{"type":"Point","coordinates":[-89.366536,29.98875]}},{"type":"Feature","properties":{"s":"scat","phase":"after","lease":"36166"},"geometry":{"type":"Point","coordinates":[-89.366617,29.988721]}},{"type":"Feature","properties":{"s":"scat","phase":"after","lease":"36166"},"geometry":{"type":"Point","coordinates":[-89.366697,29.988694]}},{"type":"Feature","properties":{"s":"scat","phase":"after","lease":"36166"},"geometry":{"type":"Point","coordinates":[-89.366778,29.988663]}},{"type":"Feature","properties":{"s":"scat","phase":"after","lease":"36166"},"geometry":{"type":"Point","coordinates":[-89.366852,29.988637]}},{"type":"Feature","properties":{"s":"scat","phase":"after","lease":"36166"},"geometry":{"type":"Point","coordinates":[-89.366941,29.988607]}},{"type":"Feature","properties":{"s":"reef","phase":"after","lease":"36166"},"geometry":{"type":"Point","coordinates":[-89.36583,29.988981]}},{"type":"Feature","properties":{"s":"reef","phase":"after","lease":"36166"},"geometry":{"type":"Point","coordinates":[-89.365911,29.988957]}},{"type":"Feature","properties":{"s":"reef","phase":"after","lease":"36166"},"geometry":{"type":"Point","coordinates":[-89.365932,29.988951]}},{"type":"Feature","properties":{"s":"reef","phase":"after","lease":"36166"},"geometry":{"type":"Point","coordinates":[-89.366013,29.988925]}},{"type":"Feature","properties":{"s":"scat","phase":"after","lease":"36166"},"geometry":{"type":"Point","coordinates":[-89.36609,29.988899]}},{"type":"Feature","properties":{"s":"scat","phase":"after","lease":"36166"},"geometry":{"type":"Point","coordinates":[-89.366187,29.988866]}},{"type":"Feature","properties":{"s":"scat","phase":"after","lease":"36166"},"geometry":{"type":"Point","coordinates":[-89.366293,29.988827]}},{"type":"Feature","properties":{"s":"firm","phase":"after","lease":"36166"},"geometry":{"type":"Point","coordinates":[-89.366375,29.988802]}},{"type":"Feature","properties":{"s":"reef","phase":"after","lease":"36166"},"geometry":{"type":"Point","coordinates":[-89.365215,29.989189]}},{"type":"Feature","properties":{"s":"reef","phase":"after","lease":"36166"},"geometry":{"type":"Point","coordinates":[-89.365274,29.989167]}},{"type":"Feature","properties":{"s":"scat","phase":"after","lease":"36166"},"geometry":{"type":"Point","coordinates":[-89.365373,29.989127]}},{"type":"Feature","properties":{"s":"scat","phase":"after","lease":"36166"},"geometry":{"type":"Point","coordinates":[-89.365434,29.989103]}},{"type":"Feature","properties":{"s":"scat","phase":"after","lease":"36166"},"geometry":{"type":"Point","coordinates":[-89.365536,29.989072]}},{"type":"Feature","properties":{"s":"scat","phase":"after","lease":"36166"},"geometry":{"type":"Point","coordinates":[-89.365575,29.989061]}},{"type":"Feature","properties":{"s":"scat","phase":"after","lease":"36166"},"geometry":{"type":"Point","coordinates":[-89.365674,29.989025]}},{"type":"Feature","properties":{"s":"scat","phase":"after","lease":"36166"},"geometry":{"type":"Point","coordinates":[-89.365754,29.989]}},{"type":"Feature","properties":{"s":"reef","phase":"after","lease":"36166"},"geometry":{"type":"Point","coordinates":[-89.364662,29.989377]}},{"type":"Feature","properties":{"s":"scat","phase":"after","lease":"36166"},"geometry":{"type":"Point","coordinates":[-89.36476,29.989341]}},{"type":"Feature","properties":{"s":"reef","phase":"after","lease":"36166"},"geometry":{"type":"Point","coordinates":[-89.364839,29.989312]}},{"type":"Feature","properties":{"s":"scat","phase":"after","lease":"36166"},"geometry":{"type":"Point","coordinates":[-89.364942,29.98928]}},{"type":"Feature","properties":{"s":"scat","phase":"after","lease":"36166"},"geometry":{"type":"Point","coordinates":[-89.365039,29.989247]}},{"type":"Feature","properties":{"s":"reef","phase":"after","lease":"36166"},"geometry":{"type":"Point","coordinates":[-89.365137,29.989217]}},{"type":"Feature","properties":{"s":"firm","phase":"after","lease":"36166"},"geometry":{"type":"Point","coordinates":[-89.36419,29.989535]}},{"type":"Feature","properties":{"s":"firm","phase":"after","lease":"36166"},"geometry":{"type":"Point","coordinates":[-89.36427,29.989511]}},{"type":"Feature","properties":{"s":"scat","phase":"after","lease":"36166"},"geometry":{"type":"Point","coordinates":[-89.364333,29.989487]}},{"type":"Feature","properties":{"s":"reef","phase":"after","lease":"36166"},"geometry":{"type":"Point","coordinates":[-89.364437,29.989449]}},{"type":"Feature","properties":{"s":"scat","phase":"after","lease":"36166"},"geometry":{"type":"Point","coordinates":[-89.364518,29.989423]}},{"type":"Feature","properties":{"s":"scat","phase":"after","lease":"36166"},"geometry":{"type":"Point","coordinates":[-89.364599,29.989397]}},{"type":"Feature","properties":{"s":"firm","phase":"after","lease":"36166"},"geometry":{"type":"Point","coordinates":[-89.365766,29.988776]}},{"type":"Feature","properties":{"s":"firm","phase":"after","lease":"36166"},"geometry":{"type":"Point","coordinates":[-89.3657,29.988803]}},{"type":"Feature","properties":{"s":"firm","phase":"after","lease":"36166"},"geometry":{"type":"Point","coordinates":[-89.3656,29.988837]}},{"type":"Feature","properties":{"s":"firm","phase":"after","lease":"36166"},"geometry":{"type":"Point","coordinates":[-89.365541,29.98886]}},{"type":"Feature","properties":{"s":"firm","phase":"after","lease":"36166"},"geometry":{"type":"Point","coordinates":[-89.365502,29.988872]}},{"type":"Feature","properties":{"s":"firm","phase":"after","lease":"36166"},"geometry":{"type":"Point","coordinates":[-89.365417,29.988892]}},{"type":"Feature","properties":{"s":"firm","phase":"after","lease":"36166"},"geometry":{"type":"Point","coordinates":[-89.368814,29.987687]}},{"type":"Feature","properties":{"s":"firm","phase":"after","lease":"36166"},"geometry":{"type":"Point","coordinates":[-89.368684,29.987726]}},{"type":"Feature","properties":{"s":"firm","phase":"after","lease":"36166"},"geometry":{"type":"Point","coordinates":[-89.368559,29.987769]}},{"type":"Feature","properties":{"s":"firm","phase":"after","lease":"36166"},"geometry":{"type":"Point","coordinates":[-89.36898,29.987415]}},{"type":"Feature","properties":{"s":"firm","phase":"after","lease":"36166"},"geometry":{"type":"Point","coordinates":[-89.369022,29.987471]}},{"type":"Feature","properties":{"s":"firm","phase":"after","lease":"36166"},"geometry":{"type":"Point","coordinates":[-89.369036,29.987527]}},{"type":"Feature","properties":{"s":"firm","phase":"after","lease":"36166"},"geometry":{"type":"Point","coordinates":[-89.368997,29.987616]}},{"type":"Feature","properties":{"s":"firm","phase":"after","lease":"36166"},"geometry":{"type":"Point","coordinates":[-89.36892,29.987658]}},{"type":"Feature","properties":{"s":"firm","phase":"after","lease":"36166"},"geometry":{"type":"Point","coordinates":[-89.368474,29.987496]}},{"type":"Feature","properties":{"s":"firm","phase":"after","lease":"36166"},"geometry":{"type":"Point","coordinates":[-89.368546,29.987466]}},{"type":"Feature","properties":{"s":"firm","phase":"after","lease":"36166"},"geometry":{"type":"Point","coordinates":[-89.368635,29.987428]}},{"type":"Feature","properties":{"s":"firm","phase":"after","lease":"36166"},"geometry":{"type":"Point","coordinates":[-89.368763,29.987384]}},{"type":"Feature","properties":{"s":"firm","phase":"after","lease":"36166"},"geometry":{"type":"Point","coordinates":[-89.368831,29.987376]}},{"type":"Feature","properties":{"s":"firm","phase":"after","lease":"36166"},"geometry":{"type":"Point","coordinates":[-89.368927,29.987386]}},{"type":"Feature","properties":{"s":"firm","phase":"after","lease":"36166"},"geometry":{"type":"Point","coordinates":[-89.368383,29.987538]}}]}