{"type":"FeatureCollection","features":[{"type":"Feature","properties":{"year":2024,"mt":145.1,"base":0.0,"top":145.1},"geometry":{"type":"Point","coordinates":[-94.92,29.5]}},{"type":"Feature","properties":{"year":2025,"mt":148.6,"base":145.1,"top":293.6},"geometry":{"type":"Point","coordinates":[-94.92,29.5]}},{"type":"Feature","properties":{"year":2023,"mt":18.2,"base":0.0,"top":18.2},"geometry":{"type":"Point","coordinates":[-94.92,29.54]}},{"type":"Feature","properties":{"year":2023,"mt":956.9,"base":0.0,"top":956.9},"geometry":{"type":"Point","coordinates":[-94.9,29.46]}},{"type":"Feature","properties":{"year":2024,"mt":1021.1,"base":956.9,"top":1978.0},"geometry":{"type":"Point","coordinates":[-94.9,29.46]}},{"type":"Feature","properties":{"year":2025,"mt":1018.1,"base":1978.0,"top":2996.1},"geometry":{"type":"Point","coordinates":[-94.9,29.46]}},{"type":"Feature","properties":{"year":2023,"mt":667.8,"base":0.0,"top":667.8},"geometry":{"type":"Point","coordinates":[-94.9,29.48]}},{"type":"Feature","properties":{"year":2024,"mt":1366.7,"base":667.8,"top":2034.5},"geometry":{"type":"Point","coordinates":[-94.9,29.48]}},{"type":"Feature","properties":{"year":2025,"mt":1398.5,"base":2034.5,"top":3433.0},"geometry":{"type":"Point","coordinates":[-94.9,29.48]}},{"type":"Feature","properties":{"year":2024,"mt":1461.6,"base":0.0,"top":1461.6},"geometry":{"type":"Point","coordinates":[-94.9,29.5]}},{"type":"Feature","properties":{"year":2025,"mt":1305.2,"base":1461.6,"top":2766.8},"geometry":{"type":"Point","coordinates":[-94.9,29.5]}},{"type":"Feature","properties":{"year":2023,"mt":79.2,"base":0.0,"top":79.2},"geometry":{"type":"Point","coordinates":[-94.9,29.52]}},{"type":"Feature","properties":{"year":2023,"mt":893.9,"base":0.0,"top":893.9},"geometry":{"type":"Point","coordinates":[-94.9,29.54]}},{"type":"Feature","properties":{"year":2024,"mt":1072.1,"base":893.9,"top":1966.0},"geometry":{"type":"Point","coordinates":[-94.9,29.54]}},{"type":"Feature","properties":{"year":2025,"mt":1067.1,"base":1966.0,"top":3033.1},"geometry":{"type":"Point","coordinates":[-94.9,29.54]}},{"type":"Feature","properties":{"year":2024,"mt":13.6,"base":0.0,"top":13.6},"geometry":{"type":"Point","coordinates":[-94.88,29.46]}},{"type":"Feature","properties":{"year":2023,"mt":376.1,"base":0.0,"top":376.1},"geometry":{"type":"Point","coordinates":[-94.88,29.48]}},{"type":"Feature","properties":{"year":2024,"mt":1604.2,"base":376.1,"top":1980.3},"geometry":{"type":"Point","coordinates":[-94.88,29.48]}},{"type":"Feature","properties":{"year":2025,"mt":1624.2,"base":1980.3,"top":3604.5},"geometry":{"type":"Point","coordinates":[-94.88,29.48]}},{"type":"Feature","properties":{"year":2024,"mt":4127.7,"base":0.0,"top":4127.7},"geometry":{"type":"Point","coordinates":[-94.86,29.48]}},{"type":"Feature","properties":{"year":2025,"mt":3519.6,"base":4127.7,"top":7647.3},"geometry":{"type":"Point","coordinates":[-94.86,29.48]}},{"type":"Feature","properties":{"year":2024,"mt":1175.2,"base":0.0,"top":1175.2},"geometry":{"type":"Point","coordinates":[-94.86,29.5]}},{"type":"Feature","properties":{"year":2025,"mt":2456.9,"base":1175.2,"top":3632.1},"geometry":{"type":"Point","coordinates":[-94.86,29.5]}},{"type":"Feature","properties":{"year":2024,"mt":706.3,"base":0.0,"top":706.3},"geometry":{"type":"Point","coordinates":[-94.84,29.48]}},{"type":"Feature","properties":{"year":2025,"mt":699.8,"base":706.3,"top":1406.1},"geometry":{"type":"Point","coordinates":[-94.84,29.48]}},{"type":"Feature","properties":{"year":2024,"mt":18.5,"base":0.0,"top":18.5},"geometry":{"type":"Point","coordinates":[-94.82,29.54]}},{"type":"Feature","properties":{"year":2025,"mt":7.8,"base":18.5,"top":26.4},"geometry":{"type":"Point","coordinates":[-94.82,29.54]}},{"type":"Feature","properties":{"year":2024,"mt":862.5,"base":0.0,"top":862.5},"geometry":{"type":"Point","coordinates":[-94.8,29.48]}},{"type":"Feature","properties":{"year":2025,"mt":785.5,"base":862.5,"top":1648.0},"geometry":{"type":"Point","coordinates":[-94.8,29.48]}},{"type":"Feature","properties":{"year":2025,"mt":1.7,"base":0.0,"top":1.7},"geometry":{"type":"Point","coordinates":[-94.8,29.5]}},{"type":"Feature","properties":{"year":2024,"mt":525.4,"base":0.0,"top":525.4},"geometry":{"type":"Point","coordinates":[-94.8,29.52]}},{"type":"Feature","properties":{"year":2025,"mt":778.3,"base":525.4,"top":1303.7},"geometry":{"type":"Point","coordinates":[-94.8,29.52]}},{"type":"Feature","properties":{"year":2024,"mt":989.2,"base":0.0,"top":989.2},"geometry":{"type":"Point","coordinates":[-94.8,29.54]}},{"type":"Feature","properties":{"year":2025,"mt":954.1,"base":989.2,"top":1943.3},"geometry":{"type":"Point","coordinates":[-94.8,29.54]}},{"type":"Feature","properties":{"year":2024,"mt":266.3,"base":0.0,"top":266.3},"geometry":{"type":"Point","coordinates":[-94.78,29.48]}},{"type":"Feature","properties":{"year":2025,"mt":265.2,"base":266.3,"top":531.5},"geometry":{"type":"Point","coordinates":[-94.78,29.48]}},{"type":"Feature","properties":{"year":2024,"mt":295.7,"base":0.0,"top":295.7},"geometry":{"type":"Point","coordinates":[-94.78,29.5]}},{"type":"Feature","properties":{"year":2025,"mt":219.2,"base":295.7,"top":514.9},"geometry":{"type":"Point","coordinates":[-94.78,29.5]}},{"type":"Feature","properties":{"year":2024,"mt":130.0,"base":0.0,"top":130.0},"geometry":{"type":"Point","coordinates":[-94.78,29.52]}},{"type":"Feature","properties":{"year":2025,"mt":108.7,"base":130.0,"top":238.8},"geometry":{"type":"Point","coordinates":[-94.78,29.52]}},{"type":"Feature","properties":{"year":2024,"mt":368.0,"base":0.0,"top":368.0},"geometry":{"type":"Point","coordinates":[-94.78,29.54]}},{"type":"Feature","properties":{"year":2025,"mt":212.5,"base":368.0,"top":580.6},"geometry":{"type":"Point","coordinates":[-94.78,29.54]}},{"type":"Feature","properties":{"year":2024,"mt":590.2,"base":0.0,"top":590.2},"geometry":{"type":"Point","coordinates":[-94.76,29.48]}},{"type":"Feature","properties":{"year":2025,"mt":582.7,"base":590.2,"top":1172.9},"geometry":{"type":"Point","coordinates":[-94.76,29.48]}},{"type":"Feature","properties":{"year":2024,"mt":14.6,"base":0.0,"top":14.6},"geometry":{"type":"Point","coordinates":[-94.76,29.52]}},{"type":"Feature","properties":{"year":2025,"mt":3.9,"base":14.6,"top":18.4},"geometry":{"type":"Point","coordinates":[-94.76,29.52]}},{"type":"Feature","properties":{"year":2024,"mt":746.8,"base":0.0,"top":746.8},"geometry":{"type":"Point","coordinates":[-94.74,29.48]}},{"type":"Feature","properties":{"year":2025,"mt":389.4,"base":746.8,"top":1136.3},"geometry":{"type":"Point","coordinates":[-94.74,29.48]}},{"type":"Feature","properties":{"year":2024,"mt":27.1,"base":0.0,"top":27.1},"geometry":{"type":"Point","coordinates":[-94.74,29.52]}},{"type":"Feature","properties":{"year":2025,"mt":22.5,"base":27.1,"top":49.7},"geometry":{"type":"Point","coordinates":[-94.74,29.52]}},{"type":"Feature","properties":{"year":2024,"mt":843.8,"base":0.0,"top":843.8},"geometry":{"type":"Point","coordinates":[-94.72,29.52]}},{"type":"Feature","properties":{"year":2025,"mt":633.4,"base":843.8,"top":1477.2},"geometry":{"type":"Point","coordinates":[-94.72,29.52]}},{"type":"Feature","properties":{"year":2024,"mt":1728.4,"base":0.0,"top":1728.4},"geometry":{"type":"Point","coordinates":[-94.7,29.46]}},{"type":"Feature","properties":{"year":2025,"mt":1379.1,"base":1728.4,"top":3107.5},"geometry":{"type":"Point","coordinates":[-94.7,29.46]}},{"type":"Feature","properties":{"year":2024,"mt":434.2,"base":0.0,"top":434.2},"geometry":{"type":"Point","coordinates":[-94.7,29.52]}},{"type":"Feature","properties":{"year":2025,"mt":251.4,"base":434.2,"top":685.5},"geometry":{"type":"Point","coordinates":[-94.7,29.52]}},{"type":"Feature","properties":{"year":2024,"mt":530.0,"base":0.0,"top":530.0},"geometry":{"type":"Point","coordinates":[-94.68,29.48]}},{"type":"Feature","properties":{"year":2025,"mt":212.7,"base":530.0,"top":742.8},"geometry":{"type":"Point","coordinates":[-94.68,29.48]}},{"type":"Feature","properties":{"year":2024,"mt":2290.8,"base":0.0,"top":2290.8},"geometry":{"type":"Point","coordinates":[-94.68,29.52]}},{"type":"Feature","properties":{"year":2025,"mt":1326.7,"base":2290.8,"top":3617.5},"geometry":{"type":"Point","coordinates":[-94.68,29.52]}},{"type":"Feature","properties":{"year":2023,"mt":714.8,"base":0.0,"top":714.8},"geometry":{"type":"Point","coordinates":[-94.66,29.48]}},{"type":"Feature","properties":{"year":2024,"mt":525.9,"base":714.8,"top":1240.7},"geometry":{"type":"Point","coordinates":[-94.66,29.48]}},{"type":"Feature","properties":{"year":2025,"mt":513.1,"base":1240.7,"top":1753.8},"geometry":{"type":"Point","coordinates":[-94.66,29.48]}},{"type":"Feature","properties":{"year":2023,"mt":656.8,"base":0.0,"top":656.8},"geometry":{"type":"Point","coordinates":[-94.66,29.5]}},{"type":"Feature","properties":{"year":2024,"mt":694.6,"base":656.8,"top":1351.5},"geometry":{"type":"Point","coordinates":[-94.66,29.5]}},{"type":"Feature","properties":{"year":2025,"mt":699.7,"base":1351.5,"top":2051.2},"geometry":{"type":"Point","coordinates":[-94.66,29.5]}},{"type":"Feature","properties":{"year":2024,"mt":1206.4,"base":0.0,"top":1206.4},"geometry":{"type":"Point","coordinates":[-92.12,29.58]}},{"type":"Feature","properties":{"year":2025,"mt":2226.7,"base":1206.4,"top":3433.1},"geometry":{"type":"Point","coordinates":[-92.12,29.58]}},{"type":"Feature","properties":{"year":2024,"mt":521.2,"base":0.0,"top":521.2},"geometry":{"type":"Point","coordinates":[-92.1,29.56]}},{"type":"Feature","properties":{"year":2025,"mt":317.6,"base":521.2,"top":838.8},"geometry":{"type":"Point","coordinates":[-92.1,29.56]}},{"type":"Feature","properties":{"year":2024,"mt":5431.1,"base":0.0,"top":5431.1},"geometry":{"type":"Point","coordinates":[-92.1,29.58]}},{"type":"Feature","properties":{"year":2025,"mt":5416.4,"base":5431.1,"top":10847.5},"geometry":{"type":"Point","coordinates":[-92.1,29.58]}},{"type":"Feature","properties":{"year":2024,"mt":63.4,"base":0.0,"top":63.4},"geometry":{"type":"Point","coordinates":[-92.08,29.56]}},{"type":"Feature","properties":{"year":2025,"mt":28.1,"base":63.4,"top":91.5},"geometry":{"type":"Point","coordinates":[-92.08,29.56]}},{"type":"Feature","properties":{"year":2023,"mt":4396.8,"base":0.0,"top":4396.8},"geometry":{"type":"Point","coordinates":[-92.08,29.58]}},{"type":"Feature","properties":{"year":2024,"mt":3545.1,"base":4396.8,"top":7941.8},"geometry":{"type":"Point","coordinates":[-92.08,29.58]}},{"type":"Feature","properties":{"year":2025,"mt":1106.5,"base":7941.8,"top":9048.3},"geometry":{"type":"Point","coordinates":[-92.08,29.58]}},{"type":"Feature","properties":{"year":2023,"mt":2282.1,"base":0.0,"top":2282.1},"geometry":{"type":"Point","coordinates":[-92.06,29.56]}},{"type":"Feature","properties":{"year":2024,"mt":2167.0,"base":2282.1,"top":4449.1},"geometry":{"type":"Point","coordinates":[-92.06,29.56]}},{"type":"Feature","properties":{"year":2025,"mt":5536.1,"base":4449.1,"top":9985.2},"geometry":{"type":"Point","coordinates":[-92.06,29.56]}},{"type":"Feature","properties":{"year":2023,"mt":2081.1,"base":0.0,"top":2081.1},"geometry":{"type":"Point","coordinates":[-92.06,29.58]}},{"type":"Feature","properties":{"year":2024,"mt":2954.7,"base":2081.1,"top":5035.7},"geometry":{"type":"Point","coordinates":[-92.06,29.58]}},{"type":"Feature","properties":{"year":2025,"mt":5254.5,"base":5035.7,"top":10290.3},"geometry":{"type":"Point","coordinates":[-92.06,29.58]}},{"type":"Feature","properties":{"year":2023,"mt":520.9,"base":0.0,"top":520.9},"geometry":{"type":"Point","coordinates":[-92.04,29.56]}},{"type":"Feature","properties":{"year":2024,"mt":613.5,"base":520.9,"top":1134.5},"geometry":{"type":"Point","coordinates":[-92.04,29.56]}},{"type":"Feature","properties":{"year":2025,"mt":4560.3,"base":1134.5,"top":5694.7},"geometry":{"type":"Point","coordinates":[-92.04,29.56]}},{"type":"Feature","properties":{"year":2023,"mt":1258.6,"base":0.0,"top":1258.6},"geometry":{"type":"Point","coordinates":[-92.04,29.58]}},{"type":"Feature","properties":{"year":2024,"mt":1275.8,"base":1258.6,"top":2534.5},"geometry":{"type":"Point","coordinates":[-92.04,29.58]}},{"type":"Feature","properties":{"year":2025,"mt":5409.9,"base":2534.5,"top":7944.4},"geometry":{"type":"Point","coordinates":[-92.04,29.58]}},{"type":"Feature","properties":{"year":2024,"mt":210.3,"base":0.0,"top":210.3},"geometry":{"type":"Point","coordinates":[-92.02,29.52]}},{"type":"Feature","properties":{"year":2025,"mt":194.6,"base":210.3,"top":404.8},"geometry":{"type":"Point","coordinates":[-92.02,29.52]}},{"type":"Feature","properties":{"year":2025,"mt":3354.6,"base":0.0,"top":3354.6},"geometry":{"type":"Point","coordinates":[-92.02,29.54]}},{"type":"Feature","properties":{"year":2025,"mt":2797.0,"base":0.0,"top":2797.0},"geometry":{"type":"Point","coordinates":[-92.02,29.56]}},{"type":"Feature","properties":{"year":2025,"mt":1043.6,"base":0.0,"top":1043.6},"geometry":{"type":"Point","coordinates":[-92.0,29.54]}},{"type":"Feature","properties":{"year":2025,"mt":120.6,"base":0.0,"top":120.6},"geometry":{"type":"Point","coordinates":[-92.0,29.56]}},{"type":"Feature","properties":{"year":2024,"mt":481.9,"base":0.0,"top":481.9},"geometry":{"type":"Point","coordinates":[-91.98,29.5]}},{"type":"Feature","properties":{"year":2025,"mt":2104.0,"base":481.9,"top":2585.8},"geometry":{"type":"Point","coordinates":[-91.98,29.5]}},{"type":"Feature","properties":{"year":2023,"mt":2177.2,"base":0.0,"top":2177.2},"geometry":{"type":"Point","coordinates":[-91.98,29.52]}},{"type":"Feature","properties":{"year":2024,"mt":3051.8,"base":2177.2,"top":5229.1},"geometry":{"type":"Point","coordinates":[-91.98,29.52]}},{"type":"Feature","properties":{"year":2025,"mt":3734.1,"base":5229.1,"top":8963.2},"geometry":{"type":"Point","coordinates":[-91.98,29.52]}},{"type":"Feature","properties":{"year":2025,"mt":1002.1,"base":0.0,"top":1002.1},"geometry":{"type":"Point","coordinates":[-91.96,29.52]}},{"type":"Feature","properties":{"year":2023,"mt":2507.0,"base":0.0,"top":2507.0},"geometry":{"type":"Point","coordinates":[-91.94,29.48]}},{"type":"Feature","properties":{"year":2024,"mt":2903.5,"base":2507.0,"top":5410.5},"geometry":{"type":"Point","coordinates":[-91.94,29.48]}},{"type":"Feature","properties":{"year":2025,"mt":3008.9,"base":5410.5,"top":8419.4},"geometry":{"type":"Point","coordinates":[-91.94,29.48]}},{"type":"Feature","properties":{"year":2023,"mt":1735.6,"base":0.0,"top":1735.6},"geometry":{"type":"Point","coordinates":[-91.94,29.5]}},{"type":"Feature","properties":{"year":2024,"mt":2740.9,"base":1735.6,"top":4476.5},"geometry":{"type":"Point","coordinates":[-91.94,29.5]}},{"type":"Feature","properties":{"year":2025,"mt":2692.2,"base":4476.5,"top":7168.7},"geometry":{"type":"Point","coordinates":[-91.94,29.5]}},{"type":"Feature","properties":{"year":2023,"mt":346.3,"base":0.0,"top":346.3},"geometry":{"type":"Point","coordinates":[-91.94,29.52]}},{"type":"Feature","properties":{"year":2024,"mt":1773.6,"base":346.3,"top":2119.9},"geometry":{"type":"Point","coordinates":[-91.94,29.52]}},{"type":"Feature","properties":{"year":2025,"mt":1493.2,"base":2119.9,"top":3613.1},"geometry":{"type":"Point","coordinates":[-91.94,29.52]}},{"type":"Feature","properties":{"year":2023,"mt":0.0,"base":0.0,"top":0.0},"geometry":{"type":"Point","coordinates":[-91.92,29.48]}},{"type":"Feature","properties":{"year":2024,"mt":2037.0,"base":0.0,"top":2037.0},"geometry":{"type":"Point","coordinates":[-91.92,29.48]}},{"type":"Feature","properties":{"year":2025,"mt":2109.1,"base":2037.0,"top":4146.1},"geometry":{"type":"Point","coordinates":[-91.92,29.48]}},{"type":"Feature","properties":{"year":2023,"mt":2550.8,"base":0.0,"top":2550.8},"geometry":{"type":"Point","coordinates":[-91.92,29.5]}},{"type":"Feature","properties":{"year":2024,"mt":2960.0,"base":2550.8,"top":5510.7},"geometry":{"type":"Point","coordinates":[-91.92,29.5]}},{"type":"Feature","properties":{"year":2025,"mt":2961.7,"base":5510.7,"top":8472.4},"geometry":{"type":"Point","coordinates":[-91.92,29.5]}},{"type":"Feature","properties":{"year":2024,"mt":1286.4,"base":0.0,"top":1286.4},"geometry":{"type":"Point","coordinates":[-91.92,29.52]}},{"type":"Feature","properties":{"year":2025,"mt":1909.6,"base":1286.4,"top":3196.0},"geometry":{"type":"Point","coordinates":[-91.92,29.52]}},{"type":"Feature","properties":{"year":2023,"mt":570.3,"base":0.0,"top":570.3},"geometry":{"type":"Point","coordinates":[-91.9,29.46]}},{"type":"Feature","properties":{"year":2024,"mt":1275.8,"base":570.3,"top":1846.0},"geometry":{"type":"Point","coordinates":[-91.9,29.46]}},{"type":"Feature","properties":{"year":2025,"mt":1285.3,"base":1846.0,"top":3131.4},"geometry":{"type":"Point","coordinates":[-91.9,29.46]}},{"type":"Feature","properties":{"year":2023,"mt":530.4,"base":0.0,"top":530.4},"geometry":{"type":"Point","coordinates":[-91.9,29.48]}},{"type":"Feature","properties":{"year":2024,"mt":3930.3,"base":530.4,"top":4460.7},"geometry":{"type":"Point","coordinates":[-91.9,29.48]}},{"type":"Feature","properties":{"year":2025,"mt":3788.4,"base":4460.7,"top":8249.1},"geometry":{"type":"Point","coordinates":[-91.9,29.48]}},{"type":"Feature","properties":{"year":2023,"mt":718.6,"base":0.0,"top":718.6},"geometry":{"type":"Point","coordinates":[-91.9,29.5]}},{"type":"Feature","properties":{"year":2024,"mt":1267.9,"base":718.6,"top":1986.6},"geometry":{"type":"Point","coordinates":[-91.9,29.5]}},{"type":"Feature","properties":{"year":2025,"mt":1317.0,"base":1986.6,"top":3303.5},"geometry":{"type":"Point","coordinates":[-91.9,29.5]}},{"type":"Feature","properties":{"year":2023,"mt":454.8,"base":0.0,"top":454.8},"geometry":{"type":"Point","coordinates":[-91.88,29.48]}},{"type":"Feature","properties":{"year":2024,"mt":382.9,"base":454.8,"top":837.7},"geometry":{"type":"Point","coordinates":[-91.88,29.48]}},{"type":"Feature","properties":{"year":2025,"mt":162.6,"base":837.7,"top":1000.3},"geometry":{"type":"Point","coordinates":[-91.88,29.48]}},{"type":"Feature","properties":{"year":2023,"mt":4462.8,"base":0.0,"top":4462.8},"geometry":{"type":"Point","coordinates":[-91.88,29.5]}},{"type":"Feature","properties":{"year":2024,"mt":3335.6,"base":4462.8,"top":7798.3},"geometry":{"type":"Point","coordinates":[-91.88,29.5]}},{"type":"Feature","properties":{"year":2025,"mt":3447.7,"base":7798.3,"top":11246.0},"geometry":{"type":"Point","coordinates":[-91.88,29.5]}},{"type":"Feature","properties":{"year":2024,"mt":4968.8,"base":0.0,"top":4968.8},"geometry":{"type":"Point","coordinates":[-91.86,29.4]}},{"type":"Feature","properties":{"year":2025,"mt":3816.5,"base":4968.8,"top":8785.3},"geometry":{"type":"Point","coordinates":[-91.86,29.4]}},{"type":"Feature","properties":{"year":2023,"mt":2221.2,"base":0.0,"top":2221.2},"geometry":{"type":"Point","coordinates":[-91.86,29.42]}},{"type":"Feature","properties":{"year":2024,"mt":4821.2,"base":2221.2,"top":7042.4},"geometry":{"type":"Point","coordinates":[-91.86,29.42]}},{"type":"Feature","properties":{"year":2025,"mt":5540.6,"base":7042.4,"top":12583.0},"geometry":{"type":"Point","coordinates":[-91.86,29.42]}},{"type":"Feature","properties":{"year":2023,"mt":758.4,"base":0.0,"top":758.4},"geometry":{"type":"Point","coordinates":[-91.86,29.44]}},{"type":"Feature","properties":{"year":2024,"mt":1296.2,"base":758.4,"top":2054.6},"geometry":{"type":"Point","coordinates":[-91.86,29.44]}},{"type":"Feature","properties":{"year":2025,"mt":687.3,"base":2054.6,"top":2741.9},"geometry":{"type":"Point","coordinates":[-91.86,29.44]}},{"type":"Feature","properties":{"year":2023,"mt":1820.1,"base":0.0,"top":1820.1},"geometry":{"type":"Point","coordinates":[-91.86,29.46]}},{"type":"Feature","properties":{"year":2024,"mt":2720.4,"base":1820.1,"top":4540.5},"geometry":{"type":"Point","coordinates":[-91.86,29.46]}},{"type":"Feature","properties":{"year":2025,"mt":1975.7,"base":4540.5,"top":6516.3},"geometry":{"type":"Point","coordinates":[-91.86,29.46]}},{"type":"Feature","properties":{"year":2023,"mt":926.2,"base":0.0,"top":926.2},"geometry":{"type":"Point","coordinates":[-91.86,29.48]}},{"type":"Feature","properties":{"year":2024,"mt":268.1,"base":926.2,"top":1194.3},"geometry":{"type":"Point","coordinates":[-91.86,29.48]}},{"type":"Feature","properties":{"year":2025,"mt":682.0,"base":1194.3,"top":1876.2},"geometry":{"type":"Point","coordinates":[-91.86,29.48]}},{"type":"Feature","properties":{"year":2023,"mt":681.5,"base":0.0,"top":681.5},"geometry":{"type":"Point","coordinates":[-91.86,29.5]}},{"type":"Feature","properties":{"year":2024,"mt":284.7,"base":681.5,"top":966.2},"geometry":{"type":"Point","coordinates":[-91.86,29.5]}},{"type":"Feature","properties":{"year":2025,"mt":440.0,"base":966.2,"top":1406.2},"geometry":{"type":"Point","coordinates":[-91.86,29.5]}},{"type":"Feature","properties":{"year":2023,"mt":307.4,"base":0.0,"top":307.4},"geometry":{"type":"Point","coordinates":[-91.84,29.4]}},{"type":"Feature","properties":{"year":2024,"mt":1718.7,"base":307.4,"top":2026.1},"geometry":{"type":"Point","coordinates":[-91.84,29.4]}},{"type":"Feature","properties":{"year":2025,"mt":3330.5,"base":2026.1,"top":5356.6},"geometry":{"type":"Point","coordinates":[-91.84,29.4]}},{"type":"Feature","properties":{"year":2023,"mt":7261.5,"base":0.0,"top":7261.5},"geometry":{"type":"Point","coordinates":[-91.84,29.42]}},{"type":"Feature","properties":{"year":2024,"mt":4827.8,"base":7261.5,"top":12089.3},"geometry":{"type":"Point","coordinates":[-91.84,29.42]}},{"type":"Feature","properties":{"year":2025,"mt":4661.3,"base":12089.3,"top":16750.6},"geometry":{"type":"Point","coordinates":[-91.84,29.42]}},{"type":"Feature","properties":{"year":2023,"mt":2113.6,"base":0.0,"top":2113.6},"geometry":{"type":"Point","coordinates":[-91.84,29.44]}},{"type":"Feature","properties":{"year":2024,"mt":4224.1,"base":2113.6,"top":6337.7},"geometry":{"type":"Point","coordinates":[-91.84,29.44]}},{"type":"Feature","properties":{"year":2025,"mt":4440.9,"base":6337.7,"top":10778.6},"geometry":{"type":"Point","coordinates":[-91.84,29.44]}},{"type":"Feature","properties":{"year":2023,"mt":19537.3,"base":0.0,"top":19537.3},"geometry":{"type":"Point","coordinates":[-91.84,29.46]}},{"type":"Feature","properties":{"year":2024,"mt":6361.6,"base":19537.3,"top":25898.9},"geometry":{"type":"Point","coordinates":[-91.84,29.46]}},{"type":"Feature","properties":{"year":2025,"mt":11646.1,"base":25898.9,"top":37545.0},"geometry":{"type":"Point","coordinates":[-91.84,29.46]}},{"type":"Feature","properties":{"year":2023,"mt":3453.6,"base":0.0,"top":3453.6},"geometry":{"type":"Point","coordinates":[-91.84,29.48]}},{"type":"Feature","properties":{"year":2024,"mt":3418.9,"base":3453.6,"top":6872.5},"geometry":{"type":"Point","coordinates":[-91.84,29.48]}},{"type":"Feature","properties":{"year":2025,"mt":4527.3,"base":6872.5,"top":11399.7},"geometry":{"type":"Point","coordinates":[-91.84,29.48]}},{"type":"Feature","properties":{"year":2023,"mt":366.3,"base":0.0,"top":366.3},"geometry":{"type":"Point","coordinates":[-91.82,29.42]}},{"type":"Feature","properties":{"year":2024,"mt":178.4,"base":366.3,"top":544.7},"geometry":{"type":"Point","coordinates":[-91.82,29.42]}},{"type":"Feature","properties":{"year":2025,"mt":692.0,"base":544.7,"top":1236.7},"geometry":{"type":"Point","coordinates":[-91.82,29.42]}},{"type":"Feature","properties":{"year":2023,"mt":5336.8,"base":0.0,"top":5336.8},"geometry":{"type":"Point","coordinates":[-91.82,29.44]}},{"type":"Feature","properties":{"year":2024,"mt":4931.6,"base":5336.8,"top":10268.4},"geometry":{"type":"Point","coordinates":[-91.82,29.44]}},{"type":"Feature","properties":{"year":2025,"mt":1980.9,"base":10268.4,"top":12249.3},"geometry":{"type":"Point","coordinates":[-91.82,29.44]}},{"type":"Feature","properties":{"year":2023,"mt":1442.7,"base":0.0,"top":1442.7},"geometry":{"type":"Point","coordinates":[-91.82,29.46]}},{"type":"Feature","properties":{"year":2024,"mt":8712.4,"base":1442.7,"top":10155.1},"geometry":{"type":"Point","coordinates":[-91.82,29.46]}},{"type":"Feature","properties":{"year":2025,"mt":9391.7,"base":10155.1,"top":19546.8},"geometry":{"type":"Point","coordinates":[-91.82,29.46]}},{"type":"Feature","properties":{"year":2023,"mt":3623.7,"base":0.0,"top":3623.7},"geometry":{"type":"Point","coordinates":[-91.82,29.48]}},{"type":"Feature","properties":{"year":2024,"mt":1859.6,"base":3623.7,"top":5483.3},"geometry":{"type":"Point","coordinates":[-91.82,29.48]}},{"type":"Feature","properties":{"year":2025,"mt":414.1,"base":5483.3,"top":5897.5},"geometry":{"type":"Point","coordinates":[-91.82,29.48]}},{"type":"Feature","properties":{"year":2025,"mt":272.4,"base":0.0,"top":272.4},"geometry":{"type":"Point","coordinates":[-91.16,29.24]}},{"type":"Feature","properties":{"year":2025,"mt":251.5,"base":0.0,"top":251.5},"geometry":{"type":"Point","coordinates":[-91.16,29.26]}},{"type":"Feature","properties":{"year":2025,"mt":802.4,"base":0.0,"top":802.4},"geometry":{"type":"Point","coordinates":[-91.14,29.26]}},{"type":"Feature","properties":{"year":2025,"mt":278.4,"base":0.0,"top":278.4},"geometry":{"type":"Point","coordinates":[-91.12,29.26]}},{"type":"Feature","properties":{"year":2025,"mt":1.1,"base":0.0,"top":1.1},"geometry":{"type":"Point","coordinates":[-91.12,29.28]}},{"type":"Feature","properties":{"year":2025,"mt":126.4,"base":0.0,"top":126.4},"geometry":{"type":"Point","coordinates":[-91.1,29.26]}},{"type":"Feature","properties":{"year":2025,"mt":41.8,"base":0.0,"top":41.8},"geometry":{"type":"Point","coordinates":[-91.06,29.2]}},{"type":"Feature","properties":{"year":2025,"mt":73.5,"base":0.0,"top":73.5},"geometry":{"type":"Point","coordinates":[-91.02,29.2]}},{"type":"Feature","properties":{"year":2024,"mt":70.8,"base":0.0,"top":70.8},"geometry":{"type":"Point","coordinates":[-91.0,29.18]}},{"type":"Feature","properties":{"year":2025,"mt":106.8,"base":70.8,"top":177.6},"geometry":{"type":"Point","coordinates":[-91.0,29.18]}},{"type":"Feature","properties":{"year":2024,"mt":41.0,"base":0.0,"top":41.0},"geometry":{"type":"Point","coordinates":[-91.0,29.24]}},{"type":"Feature","properties":{"year":2025,"mt":53.2,"base":41.0,"top":94.3},"geometry":{"type":"Point","coordinates":[-91.0,29.24]}},{"type":"Feature","properties":{"year":2025,"mt":67.0,"base":0.0,"top":67.0},"geometry":{"type":"Point","coordinates":[-91.0,29.26]}},{"type":"Feature","properties":{"year":2024,"mt":31.6,"base":0.0,"top":31.6},"geometry":{"type":"Point","coordinates":[-90.98,29.24]}},{"type":"Feature","properties":{"year":2025,"mt":197.1,"base":31.6,"top":228.7},"geometry":{"type":"Point","coordinates":[-90.98,29.24]}},{"type":"Feature","properties":{"year":2025,"mt":461.9,"base":0.0,"top":461.9},"geometry":{"type":"Point","coordinates":[-90.98,29.26]}},{"type":"Feature","properties":{"year":2025,"mt":552.0,"base":0.0,"top":552.0},"geometry":{"type":"Point","coordinates":[-90.98,29.28]}},{"type":"Feature","properties":{"year":2025,"mt":1148.8,"base":0.0,"top":1148.8},"geometry":{"type":"Point","coordinates":[-90.98,29.3]}},{"type":"Feature","properties":{"year":2024,"mt":767.4,"base":0.0,"top":767.4},"geometry":{"type":"Point","coordinates":[-90.96,29.18]}},{"type":"Feature","properties":{"year":2025,"mt":1944.8,"base":767.4,"top":2712.1},"geometry":{"type":"Point","coordinates":[-90.96,29.18]}},{"type":"Feature","properties":{"year":2025,"mt":420.2,"base":0.0,"top":420.2},"geometry":{"type":"Point","coordinates":[-90.96,29.22]}},{"type":"Feature","properties":{"year":2025,"mt":320.1,"base":0.0,"top":320.1},"geometry":{"type":"Point","coordinates":[-90.96,29.26]}},{"type":"Feature","properties":{"year":2025,"mt":1698.3,"base":0.0,"top":1698.3},"geometry":{"type":"Point","coordinates":[-90.96,29.28]}},{"type":"Feature","properties":{"year":2025,"mt":548.8,"base":0.0,"top":548.8},"geometry":{"type":"Point","coordinates":[-90.96,29.3]}},{"type":"Feature","properties":{"year":2024,"mt":0.0,"base":0.0,"top":0.0},"geometry":{"type":"Point","coordinates":[-90.94,29.16]}},{"type":"Feature","properties":{"year":2025,"mt":298.8,"base":0.0,"top":298.8},"geometry":{"type":"Point","coordinates":[-90.94,29.16]}},{"type":"Feature","properties":{"year":2024,"mt":611.1,"base":0.0,"top":611.1},"geometry":{"type":"Point","coordinates":[-90.94,29.18]}},{"type":"Feature","properties":{"year":2025,"mt":1079.8,"base":611.1,"top":1690.9},"geometry":{"type":"Point","coordinates":[-90.94,29.18]}},{"type":"Feature","properties":{"year":2025,"mt":1661.4,"base":0.0,"top":1661.4},"geometry":{"type":"Point","coordinates":[-90.94,29.26]}},{"type":"Feature","properties":{"year":2025,"mt":2869.5,"base":0.0,"top":2869.5},"geometry":{"type":"Point","coordinates":[-90.94,29.28]}},{"type":"Feature","properties":{"year":2025,"mt":20.3,"base":0.0,"top":20.3},"geometry":{"type":"Point","coordinates":[-90.94,29.3]}},{"type":"Feature","properties":{"year":2024,"mt":45.9,"base":0.0,"top":45.9},"geometry":{"type":"Point","coordinates":[-90.92,29.16]}},{"type":"Feature","properties":{"year":2025,"mt":73.7,"base":45.9,"top":119.6},"geometry":{"type":"Point","coordinates":[-90.92,29.16]}},{"type":"Feature","properties":{"year":2025,"mt":186.4,"base":0.0,"top":186.4},"geometry":{"type":"Point","coordinates":[-90.92,29.18]}},{"type":"Feature","properties":{"year":2025,"mt":178.1,"base":0.0,"top":178.1},"geometry":{"type":"Point","coordinates":[-90.9,29.22]}},{"type":"Feature","properties":{"year":2025,"mt":23.1,"base":0.0,"top":23.1},"geometry":{"type":"Point","coordinates":[-90.9,29.28]}},{"type":"Feature","properties":{"year":2025,"mt":0.0,"base":0.0,"top":0.0},"geometry":{"type":"Point","coordinates":[-90.88,29.12]}},{"type":"Feature","properties":{"year":2024,"mt":580.6,"base":0.0,"top":580.6},"geometry":{"type":"Point","coordinates":[-90.88,29.2]}},{"type":"Feature","properties":{"year":2025,"mt":461.5,"base":580.6,"top":1042.1},"geometry":{"type":"Point","coordinates":[-90.88,29.2]}},{"type":"Feature","properties":{"year":2025,"mt":874.2,"base":0.0,"top":874.2},"geometry":{"type":"Point","coordinates":[-90.88,29.22]}},{"type":"Feature","properties":{"year":2024,"mt":660.5,"base":0.0,"top":660.5},"geometry":{"type":"Point","coordinates":[-90.88,29.24]}},{"type":"Feature","properties":{"year":2025,"mt":1051.9,"base":660.5,"top":1712.5},"geometry":{"type":"Point","coordinates":[-90.88,29.24]}},{"type":"Feature","properties":{"year":2025,"mt":614.7,"base":0.0,"top":614.7},"geometry":{"type":"Point","coordinates":[-90.88,29.26]}},{"type":"Feature","properties":{"year":2025,"mt":66.6,"base":0.0,"top":66.6},"geometry":{"type":"Point","coordinates":[-90.88,29.28]}},{"type":"Feature","properties":{"year":2025,"mt":0.8,"base":0.0,"top":0.8},"geometry":{"type":"Point","coordinates":[-90.86,29.12]}},{"type":"Feature","properties":{"year":2025,"mt":0.9,"base":0.0,"top":0.9},"geometry":{"type":"Point","coordinates":[-90.86,29.18]}},{"type":"Feature","properties":{"year":2024,"mt":879.0,"base":0.0,"top":879.0},"geometry":{"type":"Point","coordinates":[-90.86,29.2]}},{"type":"Feature","properties":{"year":2025,"mt":1293.6,"base":879.0,"top":2172.6},"geometry":{"type":"Point","coordinates":[-90.86,29.2]}},{"type":"Feature","properties":{"year":2024,"mt":1525.1,"base":0.0,"top":1525.1},"geometry":{"type":"Point","coordinates":[-90.86,29.22]}},{"type":"Feature","properties":{"year":2025,"mt":2263.9,"base":1525.1,"top":3789.0},"geometry":{"type":"Point","coordinates":[-90.86,29.22]}},{"type":"Feature","properties":{"year":2024,"mt":301.1,"base":0.0,"top":301.1},"geometry":{"type":"Point","coordinates":[-90.86,29.24]}},{"type":"Feature","properties":{"year":2025,"mt":443.9,"base":301.1,"top":745.0},"geometry":{"type":"Point","coordinates":[-90.86,29.24]}},{"type":"Feature","properties":{"year":2024,"mt":419.1,"base":0.0,"top":419.1},"geometry":{"type":"Point","coordinates":[-90.86,29.26]}},{"type":"Feature","properties":{"year":2025,"mt":1249.4,"base":419.1,"top":1668.5},"geometry":{"type":"Point","coordinates":[-90.86,29.26]}},{"type":"Feature","properties":{"year":2024,"mt":8.9,"base":0.0,"top":8.9},"geometry":{"type":"Point","coordinates":[-90.86,29.28]}},{"type":"Feature","properties":{"year":2025,"mt":65.8,"base":8.9,"top":74.7},"geometry":{"type":"Point","coordinates":[-90.86,29.28]}},{"type":"Feature","properties":{"year":2025,"mt":0.5,"base":0.0,"top":0.5},"geometry":{"type":"Point","coordinates":[-90.84,29.1]}},{"type":"Feature","properties":{"year":2025,"mt":3.1,"base":0.0,"top":3.1},"geometry":{"type":"Point","coordinates":[-90.84,29.12]}},{"type":"Feature","properties":{"year":2025,"mt":0.2,"base":0.0,"top":0.2},"geometry":{"type":"Point","coordinates":[-90.84,29.14]}},{"type":"Feature","properties":{"year":2025,"mt":583.7,"base":0.0,"top":583.7},"geometry":{"type":"Point","coordinates":[-90.84,29.16]}},{"type":"Feature","properties":{"year":2025,"mt":2.7,"base":0.0,"top":2.7},"geometry":{"type":"Point","coordinates":[-90.84,29.18]}},{"type":"Feature","properties":{"year":2025,"mt":9.3,"base":0.0,"top":9.3},"geometry":{"type":"Point","coordinates":[-90.84,29.2]}},{"type":"Feature","properties":{"year":2023,"mt":191.7,"base":0.0,"top":191.7},"geometry":{"type":"Point","coordinates":[-90.84,29.22]}},{"type":"Feature","properties":{"year":2024,"mt":1169.0,"base":191.7,"top":1360.7},"geometry":{"type":"Point","coordinates":[-90.84,29.22]}},{"type":"Feature","properties":{"year":2025,"mt":1985.1,"base":1360.7,"top":3345.8},"geometry":{"type":"Point","coordinates":[-90.84,29.22]}},{"type":"Feature","properties":{"year":2024,"mt":443.0,"base":0.0,"top":443.0},"geometry":{"type":"Point","coordinates":[-90.84,29.24]}},{"type":"Feature","properties":{"year":2025,"mt":1738.2,"base":443.0,"top":2181.2},"geometry":{"type":"Point","coordinates":[-90.84,29.24]}},{"type":"Feature","properties":{"year":2024,"mt":1462.3,"base":0.0,"top":1462.3},"geometry":{"type":"Point","coordinates":[-90.84,29.26]}},{"type":"Feature","properties":{"year":2025,"mt":1551.1,"base":1462.3,"top":3013.5},"geometry":{"type":"Point","coordinates":[-90.84,29.26]}},{"type":"Feature","properties":{"year":2024,"mt":76.2,"base":0.0,"top":76.2},"geometry":{"type":"Point","coordinates":[-90.84,29.28]}},{"type":"Feature","properties":{"year":2025,"mt":531.0,"base":76.2,"top":607.2},"geometry":{"type":"Point","coordinates":[-90.84,29.28]}},{"type":"Feature","properties":{"year":2025,"mt":0.6,"base":0.0,"top":0.6},"geometry":{"type":"Point","coordinates":[-90.82,29.12]}},{"type":"Feature","properties":{"year":2025,"mt":5.1,"base":0.0,"top":5.1},"geometry":{"type":"Point","coordinates":[-90.82,29.14]}},{"type":"Feature","properties":{"year":2025,"mt":598.6,"base":0.0,"top":598.6},"geometry":{"type":"Point","coordinates":[-90.82,29.16]}},{"type":"Feature","properties":{"year":2025,"mt":239.0,"base":0.0,"top":239.0},"geometry":{"type":"Point","coordinates":[-90.82,29.18]}},{"type":"Feature","properties":{"year":2024,"mt":4.4,"base":0.0,"top":4.4},"geometry":{"type":"Point","coordinates":[-90.82,29.2]}},{"type":"Feature","properties":{"year":2025,"mt":283.9,"base":4.4,"top":288.3},"geometry":{"type":"Point","coordinates":[-90.82,29.2]}},{"type":"Feature","properties":{"year":2024,"mt":29.6,"base":0.0,"top":29.6},"geometry":{"type":"Point","coordinates":[-90.82,29.22]}},{"type":"Feature","properties":{"year":2025,"mt":387.2,"base":29.6,"top":416.8},"geometry":{"type":"Point","coordinates":[-90.82,29.22]}},{"type":"Feature","properties":{"year":2024,"mt":97.0,"base":0.0,"top":97.0},"geometry":{"type":"Point","coordinates":[-90.82,29.24]}},{"type":"Feature","properties":{"year":2025,"mt":133.4,"base":97.0,"top":230.3},"geometry":{"type":"Point","coordinates":[-90.82,29.24]}},{"type":"Feature","properties":{"year":2024,"mt":1.5,"base":0.0,"top":1.5},"geometry":{"type":"Point","coordinates":[-90.82,29.28]}},{"type":"Feature","properties":{"year":2025,"mt":8.0,"base":1.5,"top":9.5},"geometry":{"type":"Point","coordinates":[-90.82,29.28]}},{"type":"Feature","properties":{"year":2025,"mt":1.3,"base":0.0,"top":1.3},"geometry":{"type":"Point","coordinates":[-90.8,29.12]}},{"type":"Feature","properties":{"year":2025,"mt":3.4,"base":0.0,"top":3.4},"geometry":{"type":"Point","coordinates":[-90.8,29.14]}},{"type":"Feature","properties":{"year":2024,"mt":0.0,"base":0.0,"top":0.0},"geometry":{"type":"Point","coordinates":[-90.8,29.16]}},{"type":"Feature","properties":{"year":2024,"mt":344.2,"base":0.0,"top":344.2},"geometry":{"type":"Point","coordinates":[-90.8,29.18]}},{"type":"Feature","properties":{"year":2025,"mt":190.3,"base":344.2,"top":534.5},"geometry":{"type":"Point","coordinates":[-90.8,29.18]}},{"type":"Feature","properties":{"year":2024,"mt":456.1,"base":0.0,"top":456.1},"geometry":{"type":"Point","coordinates":[-90.8,29.2]}},{"type":"Feature","properties":{"year":2025,"mt":432.5,"base":456.1,"top":888.6},"geometry":{"type":"Point","coordinates":[-90.8,29.2]}},{"type":"Feature","properties":{"year":2024,"mt":164.7,"base":0.0,"top":164.7},"geometry":{"type":"Point","coordinates":[-90.8,29.22]}},{"type":"Feature","properties":{"year":2025,"mt":422.7,"base":164.7,"top":587.4},"geometry":{"type":"Point","coordinates":[-90.8,29.22]}},{"type":"Feature","properties":{"year":2024,"mt":32.2,"base":0.0,"top":32.2},"geometry":{"type":"Point","coordinates":[-90.8,29.24]}},{"type":"Feature","properties":{"year":2025,"mt":31.9,"base":32.2,"top":64.1},"geometry":{"type":"Point","coordinates":[-90.8,29.24]}},{"type":"Feature","properties":{"year":2024,"mt":1439.0,"base":0.0,"top":1439.0},"geometry":{"type":"Point","coordinates":[-90.8,29.26]}},{"type":"Feature","properties":{"year":2025,"mt":1562.7,"base":1439.0,"top":3001.7},"geometry":{"type":"Point","coordinates":[-90.8,29.26]}},{"type":"Feature","properties":{"year":2025,"mt":1.0,"base":0.0,"top":1.0},"geometry":{"type":"Point","coordinates":[-90.78,29.14]}},{"type":"Feature","properties":{"year":2024,"mt":9.9,"base":0.0,"top":9.9},"geometry":{"type":"Point","coordinates":[-90.78,29.16]}},{"type":"Feature","properties":{"year":2025,"mt":105.8,"base":9.9,"top":115.7},"geometry":{"type":"Point","coordinates":[-90.78,29.16]}},{"type":"Feature","properties":{"year":2024,"mt":263.9,"base":0.0,"top":263.9},"geometry":{"type":"Point","coordinates":[-90.78,29.18]}},{"type":"Feature","properties":{"year":2025,"mt":375.9,"base":263.9,"top":639.8},"geometry":{"type":"Point","coordinates":[-90.78,29.18]}},{"type":"Feature","properties":{"year":2024,"mt":0.0,"base":0.0,"top":0.0},"geometry":{"type":"Point","coordinates":[-90.78,29.2]}},{"type":"Feature","properties":{"year":2025,"mt":410.8,"base":0.0,"top":410.8},"geometry":{"type":"Point","coordinates":[-90.78,29.2]}},{"type":"Feature","properties":{"year":2025,"mt":576.8,"base":0.0,"top":576.8},"geometry":{"type":"Point","coordinates":[-90.78,29.22]}},{"type":"Feature","properties":{"year":2025,"mt":701.2,"base":0.0,"top":701.2},"geometry":{"type":"Point","coordinates":[-90.78,29.24]}},{"type":"Feature","properties":{"year":2023,"mt":250.9,"base":0.0,"top":250.9},"geometry":{"type":"Point","coordinates":[-90.78,29.26]}},{"type":"Feature","properties":{"year":2024,"mt":91.8,"base":250.9,"top":342.7},"geometry":{"type":"Point","coordinates":[-90.78,29.26]}},{"type":"Feature","properties":{"year":2025,"mt":125.8,"base":342.7,"top":468.5},"geometry":{"type":"Point","coordinates":[-90.78,29.26]}},{"type":"Feature","properties":{"year":2025,"mt":15.6,"base":0.0,"top":15.6},"geometry":{"type":"Point","coordinates":[-90.76,29.14]}},{"type":"Feature","properties":{"year":2025,"mt":1.2,"base":0.0,"top":1.2},"geometry":{"type":"Point","coordinates":[-90.76,29.16]}},{"type":"Feature","properties":{"year":2025,"mt":75.7,"base":0.0,"top":75.7},"geometry":{"type":"Point","coordinates":[-90.76,29.18]}},{"type":"Feature","properties":{"year":2024,"mt":38.1,"base":0.0,"top":38.1},"geometry":{"type":"Point","coordinates":[-90.76,29.2]}},{"type":"Feature","properties":{"year":2025,"mt":378.6,"base":38.1,"top":416.8},"geometry":{"type":"Point","coordinates":[-90.76,29.2]}},{"type":"Feature","properties":{"year":2025,"mt":58.4,"base":0.0,"top":58.4},"geometry":{"type":"Point","coordinates":[-90.76,29.22]}},{"type":"Feature","properties":{"year":2025,"mt":556.1,"base":0.0,"top":556.1},"geometry":{"type":"Point","coordinates":[-90.76,29.24]}},{"type":"Feature","properties":{"year":2025,"mt":55.5,"base":0.0,"top":55.5},"geometry":{"type":"Point","coordinates":[-90.76,29.26]}},{"type":"Feature","properties":{"year":2025,"mt":165.9,"base":0.0,"top":165.9},"geometry":{"type":"Point","coordinates":[-90.74,29.14]}},{"type":"Feature","properties":{"year":2025,"mt":0.0,"base":0.0,"top":0.0},"geometry":{"type":"Point","coordinates":[-90.74,29.16]}},{"type":"Feature","properties":{"year":2025,"mt":116.7,"base":0.0,"top":116.7},"geometry":{"type":"Point","coordinates":[-90.74,29.18]}},{"type":"Feature","properties":{"year":2025,"mt":109.3,"base":0.0,"top":109.3},"geometry":{"type":"Point","coordinates":[-90.74,29.2]}},{"type":"Feature","properties":{"year":2024,"mt":78.7,"base":0.0,"top":78.7},"geometry":{"type":"Point","coordinates":[-90.74,29.22]}},{"type":"Feature","properties":{"year":2025,"mt":68.6,"base":78.7,"top":147.3},"geometry":{"type":"Point","coordinates":[-90.74,29.22]}},{"type":"Feature","properties":{"year":2024,"mt":450.3,"base":0.0,"top":450.3},"geometry":{"type":"Point","coordinates":[-90.74,29.24]}},{"type":"Feature","properties":{"year":2025,"mt":836.8,"base":450.3,"top":1287.1},"geometry":{"type":"Point","coordinates":[-90.74,29.24]}},{"type":"Feature","properties":{"year":2024,"mt":58.4,"base":0.0,"top":58.4},"geometry":{"type":"Point","coordinates":[-90.74,29.26]}},{"type":"Feature","properties":{"year":2025,"mt":5598.3,"base":58.4,"top":5656.7},"geometry":{"type":"Point","coordinates":[-90.74,29.26]}},{"type":"Feature","properties":{"year":2025,"mt":464.8,"base":0.0,"top":464.8},"geometry":{"type":"Point","coordinates":[-90.74,29.28]}},{"type":"Feature","properties":{"year":2025,"mt":0.0,"base":0.0,"top":0.0},"geometry":{"type":"Point","coordinates":[-90.72,29.14]}},{"type":"Feature","properties":{"year":2025,"mt":144.5,"base":0.0,"top":144.5},"geometry":{"type":"Point","coordinates":[-90.72,29.16]}},{"type":"Feature","properties":{"year":2025,"mt":3.4,"base":0.0,"top":3.4},"geometry":{"type":"Point","coordinates":[-90.72,29.18]}},{"type":"Feature","properties":{"year":2024,"mt":38.2,"base":0.0,"top":38.2},"geometry":{"type":"Point","coordinates":[-90.72,29.2]}},{"type":"Feature","properties":{"year":2025,"mt":738.0,"base":38.2,"top":776.2},"geometry":{"type":"Point","coordinates":[-90.72,29.2]}},{"type":"Feature","properties":{"year":2024,"mt":141.3,"base":0.0,"top":141.3},"geometry":{"type":"Point","coordinates":[-90.72,29.22]}},{"type":"Feature","properties":{"year":2025,"mt":531.1,"base":141.3,"top":672.5},"geometry":{"type":"Point","coordinates":[-90.72,29.22]}},{"type":"Feature","properties":{"year":2024,"mt":191.0,"base":0.0,"top":191.0},"geometry":{"type":"Point","coordinates":[-90.72,29.24]}},{"type":"Feature","properties":{"year":2025,"mt":554.2,"base":191.0,"top":745.3},"geometry":{"type":"Point","coordinates":[-90.72,29.24]}},{"type":"Feature","properties":{"year":2024,"mt":956.0,"base":0.0,"top":956.0},"geometry":{"type":"Point","coordinates":[-90.72,29.26]}},{"type":"Feature","properties":{"year":2025,"mt":407.3,"base":956.0,"top":1363.3},"geometry":{"type":"Point","coordinates":[-90.72,29.26]}},{"type":"Feature","properties":{"year":2025,"mt":47.5,"base":0.0,"top":47.5},"geometry":{"type":"Point","coordinates":[-90.7,29.18]}},{"type":"Feature","properties":{"year":2024,"mt":322.7,"base":0.0,"top":322.7},"geometry":{"type":"Point","coordinates":[-90.7,29.2]}},{"type":"Feature","properties":{"year":2025,"mt":622.9,"base":322.7,"top":945.6},"geometry":{"type":"Point","coordinates":[-90.7,29.2]}},{"type":"Feature","properties":{"year":2024,"mt":88.0,"base":0.0,"top":88.0},"geometry":{"type":"Point","coordinates":[-90.7,29.22]}},{"type":"Feature","properties":{"year":2025,"mt":369.6,"base":88.0,"top":457.5},"geometry":{"type":"Point","coordinates":[-90.7,29.22]}},{"type":"Feature","properties":{"year":2024,"mt":19.6,"base":0.0,"top":19.6},"geometry":{"type":"Point","coordinates":[-90.7,29.24]}},{"type":"Feature","properties":{"year":2025,"mt":235.4,"base":19.6,"top":255.0},"geometry":{"type":"Point","coordinates":[-90.7,29.24]}},{"type":"Feature","properties":{"year":2024,"mt":21.5,"base":0.0,"top":21.5},"geometry":{"type":"Point","coordinates":[-90.7,29.26]}},{"type":"Feature","properties":{"year":2025,"mt":243.7,"base":21.5,"top":265.1},"geometry":{"type":"Point","coordinates":[-90.7,29.26]}},{"type":"Feature","properties":{"year":2025,"mt":194.8,"base":0.0,"top":194.8},"geometry":{"type":"Point","coordinates":[-90.7,29.28]}},{"type":"Feature","properties":{"year":2023,"mt":131.5,"base":0.0,"top":131.5},"geometry":{"type":"Point","coordinates":[-90.7,29.36]}},{"type":"Feature","properties":{"year":2024,"mt":4.1,"base":0.0,"top":4.1},"geometry":{"type":"Point","coordinates":[-90.68,29.14]}},{"type":"Feature","properties":{"year":2025,"mt":10.6,"base":0.0,"top":10.6},"geometry":{"type":"Point","coordinates":[-90.68,29.2]}},{"type":"Feature","properties":{"year":2024,"mt":670.5,"base":0.0,"top":670.5},"geometry":{"type":"Point","coordinates":[-90.68,29.22]}},{"type":"Feature","properties":{"year":2025,"mt":1193.9,"base":670.5,"top":1864.4},"geometry":{"type":"Point","coordinates":[-90.68,29.22]}},{"type":"Feature","properties":{"year":2024,"mt":432.0,"base":0.0,"top":432.0},"geometry":{"type":"Point","coordinates":[-90.68,29.24]}},{"type":"Feature","properties":{"year":2025,"mt":845.4,"base":432.0,"top":1277.5},"geometry":{"type":"Point","coordinates":[-90.68,29.24]}},{"type":"Feature","properties":{"year":2023,"mt":158.7,"base":0.0,"top":158.7},"geometry":{"type":"Point","coordinates":[-90.68,29.26]}},{"type":"Feature","properties":{"year":2024,"mt":351.2,"base":158.7,"top":509.8},"geometry":{"type":"Point","coordinates":[-90.68,29.26]}},{"type":"Feature","properties":{"year":2025,"mt":965.6,"base":509.8,"top":1475.4},"geometry":{"type":"Point","coordinates":[-90.68,29.26]}},{"type":"Feature","properties":{"year":2025,"mt":1749.8,"base":0.0,"top":1749.8},"geometry":{"type":"Point","coordinates":[-90.68,29.28]}},{"type":"Feature","properties":{"year":2025,"mt":263.3,"base":0.0,"top":263.3},"geometry":{"type":"Point","coordinates":[-90.68,29.3]}},{"type":"Feature","properties":{"year":2024,"mt":381.2,"base":0.0,"top":381.2},"geometry":{"type":"Point","coordinates":[-90.68,29.32]}},{"type":"Feature","properties":{"year":2025,"mt":239.8,"base":381.2,"top":621.0},"geometry":{"type":"Point","coordinates":[-90.68,29.32]}},{"type":"Feature","properties":{"year":2024,"mt":182.8,"base":0.0,"top":182.8},"geometry":{"type":"Point","coordinates":[-90.68,29.34]}},{"type":"Feature","properties":{"year":2025,"mt":594.6,"base":182.8,"top":777.4},"geometry":{"type":"Point","coordinates":[-90.68,29.34]}},{"type":"Feature","properties":{"year":2023,"mt":136.7,"base":0.0,"top":136.7},"geometry":{"type":"Point","coordinates":[-90.68,29.36]}},{"type":"Feature","properties":{"year":2024,"mt":733.4,"base":136.7,"top":870.1},"geometry":{"type":"Point","coordinates":[-90.68,29.36]}},{"type":"Feature","properties":{"year":2025,"mt":1101.1,"base":870.1,"top":1971.1},"geometry":{"type":"Point","coordinates":[-90.68,29.36]}},{"type":"Feature","properties":{"year":2024,"mt":328.8,"base":0.0,"top":328.8},"geometry":{"type":"Point","coordinates":[-90.68,29.38]}},{"type":"Feature","properties":{"year":2025,"mt":443.6,"base":328.8,"top":772.4},"geometry":{"type":"Point","coordinates":[-90.68,29.38]}},{"type":"Feature","properties":{"year":2024,"mt":0.9,"base":0.0,"top":0.9},"geometry":{"type":"Point","coordinates":[-90.66,29.14]}},{"type":"Feature","properties":{"year":2024,"mt":20.8,"base":0.0,"top":20.8},"geometry":{"type":"Point","coordinates":[-90.66,29.18]}},{"type":"Feature","properties":{"year":2025,"mt":136.8,"base":0.0,"top":136.8},"geometry":{"type":"Point","coordinates":[-90.66,29.2]}},{"type":"Feature","properties":{"year":2023,"mt":302.3,"base":0.0,"top":302.3},"geometry":{"type":"Point","coordinates":[-90.66,29.22]}},{"type":"Feature","properties":{"year":2024,"mt":1226.3,"base":302.3,"top":1528.6},"geometry":{"type":"Point","coordinates":[-90.66,29.22]}},{"type":"Feature","properties":{"year":2025,"mt":2016.8,"base":1528.6,"top":3545.4},"geometry":{"type":"Point","coordinates":[-90.66,29.22]}},{"type":"Feature","properties":{"year":2023,"mt":83.9,"base":0.0,"top":83.9},"geometry":{"type":"Point","coordinates":[-90.66,29.24]}},{"type":"Feature","properties":{"year":2024,"mt":508.1,"base":83.9,"top":592.0},"geometry":{"type":"Point","coordinates":[-90.66,29.24]}},{"type":"Feature","properties":{"year":2025,"mt":1336.5,"base":592.0,"top":1928.5},"geometry":{"type":"Point","coordinates":[-90.66,29.24]}},{"type":"Feature","properties":{"year":2023,"mt":125.0,"base":0.0,"top":125.0},"geometry":{"type":"Point","coordinates":[-90.66,29.26]}},{"type":"Feature","properties":{"year":2024,"mt":157.5,"base":125.0,"top":282.5},"geometry":{"type":"Point","coordinates":[-90.66,29.26]}},{"type":"Feature","properties":{"year":2025,"mt":270.8,"base":282.5,"top":553.3},"geometry":{"type":"Point","coordinates":[-90.66,29.26]}},{"type":"Feature","properties":{"year":2024,"mt":12.3,"base":0.0,"top":12.3},"geometry":{"type":"Point","coordinates":[-90.66,29.28]}},{"type":"Feature","properties":{"year":2025,"mt":89.9,"base":12.3,"top":102.2},"geometry":{"type":"Point","coordinates":[-90.66,29.28]}},{"type":"Feature","properties":{"year":2025,"mt":7.2,"base":0.0,"top":7.2},"geometry":{"type":"Point","coordinates":[-90.66,29.32]}},{"type":"Feature","properties":{"year":2023,"mt":92.3,"base":0.0,"top":92.3},"geometry":{"type":"Point","coordinates":[-90.66,29.34]}},{"type":"Feature","properties":{"year":2024,"mt":645.7,"base":92.3,"top":738.0},"geometry":{"type":"Point","coordinates":[-90.66,29.34]}},{"type":"Feature","properties":{"year":2025,"mt":1282.2,"base":738.0,"top":2020.3},"geometry":{"type":"Point","coordinates":[-90.66,29.34]}},{"type":"Feature","properties":{"year":2023,"mt":232.4,"base":0.0,"top":232.4},"geometry":{"type":"Point","coordinates":[-90.66,29.36]}},{"type":"Feature","properties":{"year":2024,"mt":4184.4,"base":232.4,"top":4416.8},"geometry":{"type":"Point","coordinates":[-90.66,29.36]}},{"type":"Feature","properties":{"year":2025,"mt":4223.9,"base":4416.8,"top":8640.7},"geometry":{"type":"Point","coordinates":[-90.66,29.36]}},{"type":"Feature","properties":{"year":2023,"mt":737.9,"base":0.0,"top":737.9},"geometry":{"type":"Point","coordinates":[-90.66,29.38]}},{"type":"Feature","properties":{"year":2024,"mt":825.9,"base":737.9,"top":1563.8},"geometry":{"type":"Point","coordinates":[-90.66,29.38]}},{"type":"Feature","properties":{"year":2025,"mt":640.5,"base":1563.8,"top":2204.3},"geometry":{"type":"Point","coordinates":[-90.66,29.38]}},{"type":"Feature","properties":{"year":2023,"mt":109.2,"base":0.0,"top":109.2},"geometry":{"type":"Point","coordinates":[-90.64,29.22]}},{"type":"Feature","properties":{"year":2024,"mt":584.9,"base":109.2,"top":694.2},"geometry":{"type":"Point","coordinates":[-90.64,29.22]}},{"type":"Feature","properties":{"year":2025,"mt":744.3,"base":694.2,"top":1438.5},"geometry":{"type":"Point","coordinates":[-90.64,29.22]}},{"type":"Feature","properties":{"year":2023,"mt":171.7,"base":0.0,"top":171.7},"geometry":{"type":"Point","coordinates":[-90.64,29.24]}},{"type":"Feature","properties":{"year":2024,"mt":1271.3,"base":171.7,"top":1443.1},"geometry":{"type":"Point","coordinates":[-90.64,29.24]}},{"type":"Feature","properties":{"year":2025,"mt":1243.8,"base":1443.1,"top":2686.8},"geometry":{"type":"Point","coordinates":[-90.64,29.24]}},{"type":"Feature","properties":{"year":2024,"mt":0.5,"base":0.0,"top":0.5},"geometry":{"type":"Point","coordinates":[-90.64,29.26]}},{"type":"Feature","properties":{"year":2025,"mt":140.7,"base":0.5,"top":141.1},"geometry":{"type":"Point","coordinates":[-90.64,29.26]}},{"type":"Feature","properties":{"year":2023,"mt":165.6,"base":0.0,"top":165.6},"geometry":{"type":"Point","coordinates":[-90.64,29.28]}},{"type":"Feature","properties":{"year":2024,"mt":56.7,"base":165.6,"top":222.3},"geometry":{"type":"Point","coordinates":[-90.64,29.28]}},{"type":"Feature","properties":{"year":2025,"mt":1653.0,"base":222.3,"top":1875.4},"geometry":{"type":"Point","coordinates":[-90.64,29.28]}},{"type":"Feature","properties":{"year":2024,"mt":21.3,"base":0.0,"top":21.3},"geometry":{"type":"Point","coordinates":[-90.64,29.3]}},{"type":"Feature","properties":{"year":2025,"mt":10.5,"base":21.3,"top":31.8},"geometry":{"type":"Point","coordinates":[-90.64,29.3]}},{"type":"Feature","properties":{"year":2025,"mt":1.3,"base":0.0,"top":1.3},"geometry":{"type":"Point","coordinates":[-90.64,29.32]}},{"type":"Feature","properties":{"year":2023,"mt":191.4,"base":0.0,"top":191.4},"geometry":{"type":"Point","coordinates":[-90.64,29.34]}},{"type":"Feature","properties":{"year":2024,"mt":38.5,"base":191.4,"top":229.9},"geometry":{"type":"Point","coordinates":[-90.64,29.34]}},{"type":"Feature","properties":{"year":2025,"mt":284.7,"base":229.9,"top":514.6},"geometry":{"type":"Point","coordinates":[-90.64,29.34]}},{"type":"Feature","properties":{"year":2024,"mt":316.3,"base":0.0,"top":316.3},"geometry":{"type":"Point","coordinates":[-90.64,29.38]}},{"type":"Feature","properties":{"year":2024,"mt":48.1,"base":0.0,"top":48.1},"geometry":{"type":"Point","coordinates":[-90.62,29.2]}},{"type":"Feature","properties":{"year":2025,"mt":969.7,"base":48.1,"top":1017.8},"geometry":{"type":"Point","coordinates":[-90.62,29.2]}},{"type":"Feature","properties":{"year":2025,"mt":90.2,"base":0.0,"top":90.2},"geometry":{"type":"Point","coordinates":[-90.62,29.22]}},{"type":"Feature","properties":{"year":2025,"mt":18.2,"base":0.0,"top":18.2},"geometry":{"type":"Point","coordinates":[-90.62,29.24]}},{"type":"Feature","properties":{"year":2025,"mt":2387.0,"base":0.0,"top":2387.0},"geometry":{"type":"Point","coordinates":[-90.62,29.26]}},{"type":"Feature","properties":{"year":2023,"mt":945.1,"base":0.0,"top":945.1},"geometry":{"type":"Point","coordinates":[-90.62,29.28]}},{"type":"Feature","properties":{"year":2024,"mt":119.8,"base":945.1,"top":1065.0},"geometry":{"type":"Point","coordinates":[-90.62,29.28]}},{"type":"Feature","properties":{"year":2025,"mt":222.3,"base":1065.0,"top":1287.3},"geometry":{"type":"Point","coordinates":[-90.62,29.28]}},{"type":"Feature","properties":{"year":2024,"mt":160.6,"base":0.0,"top":160.6},"geometry":{"type":"Point","coordinates":[-90.62,29.3]}},{"type":"Feature","properties":{"year":2025,"mt":92.8,"base":160.6,"top":253.4},"geometry":{"type":"Point","coordinates":[-90.62,29.3]}},{"type":"Feature","properties":{"year":2025,"mt":111.1,"base":0.0,"top":111.1},"geometry":{"type":"Point","coordinates":[-90.62,29.32]}},{"type":"Feature","properties":{"year":2024,"mt":89.0,"base":0.0,"top":89.0},"geometry":{"type":"Point","coordinates":[-90.62,29.34]}},{"type":"Feature","properties":{"year":2025,"mt":185.5,"base":89.0,"top":274.5},"geometry":{"type":"Point","coordinates":[-90.62,29.34]}},{"type":"Feature","properties":{"year":2023,"mt":436.2,"base":0.0,"top":436.2},"geometry":{"type":"Point","coordinates":[-90.62,29.36]}},{"type":"Feature","properties":{"year":2024,"mt":13.3,"base":436.2,"top":449.5},"geometry":{"type":"Point","coordinates":[-90.62,29.36]}},{"type":"Feature","properties":{"year":2025,"mt":44.0,"base":449.5,"top":493.4},"geometry":{"type":"Point","coordinates":[-90.62,29.36]}},{"type":"Feature","properties":{"year":2025,"mt":215.8,"base":0.0,"top":215.8},"geometry":{"type":"Point","coordinates":[-90.6,29.24]}},{"type":"Feature","properties":{"year":2023,"mt":165.9,"base":0.0,"top":165.9},"geometry":{"type":"Point","coordinates":[-90.6,29.26]}},{"type":"Feature","properties":{"year":2025,"mt":12.5,"base":165.9,"top":178.4},"geometry":{"type":"Point","coordinates":[-90.6,29.26]}},{"type":"Feature","properties":{"year":2025,"mt":175.9,"base":0.0,"top":175.9},"geometry":{"type":"Point","coordinates":[-90.6,29.3]}},{"type":"Feature","properties":{"year":2024,"mt":271.6,"base":0.0,"top":271.6},"geometry":{"type":"Point","coordinates":[-90.6,29.32]}},{"type":"Feature","properties":{"year":2025,"mt":309.9,"base":271.6,"top":581.5},"geometry":{"type":"Point","coordinates":[-90.6,29.32]}},{"type":"Feature","properties":{"year":2025,"mt":157.5,"base":0.0,"top":157.5},"geometry":{"type":"Point","coordinates":[-90.6,29.34]}},{"type":"Feature","properties":{"year":2023,"mt":692.8,"base":0.0,"top":692.8},"geometry":{"type":"Point","coordinates":[-90.6,29.36]}},{"type":"Feature","properties":{"year":2024,"mt":203.6,"base":692.8,"top":896.5},"geometry":{"type":"Point","coordinates":[-90.6,29.36]}},{"type":"Feature","properties":{"year":2025,"mt":628.7,"base":896.5,"top":1525.2},"geometry":{"type":"Point","coordinates":[-90.6,29.36]}},{"type":"Feature","properties":{"year":2024,"mt":551.4,"base":0.0,"top":551.4},"geometry":{"type":"Point","coordinates":[-90.58,29.32]}},{"type":"Feature","properties":{"year":2025,"mt":2117.2,"base":551.4,"top":2668.6},"geometry":{"type":"Point","coordinates":[-90.58,29.32]}},{"type":"Feature","properties":{"year":2024,"mt":19.7,"base":0.0,"top":19.7},"geometry":{"type":"Point","coordinates":[-90.58,29.34]}},{"type":"Feature","properties":{"year":2025,"mt":950.2,"base":19.7,"top":969.9},"geometry":{"type":"Point","coordinates":[-90.58,29.34]}},{"type":"Feature","properties":{"year":2024,"mt":605.9,"base":0.0,"top":605.9},"geometry":{"type":"Point","coordinates":[-90.58,29.36]}},{"type":"Feature","properties":{"year":2025,"mt":287.7,"base":605.9,"top":893.6},"geometry":{"type":"Point","coordinates":[-90.58,29.36]}},{"type":"Feature","properties":{"year":2024,"mt":0.0,"base":0.0,"top":0.0},"geometry":{"type":"Point","coordinates":[-90.58,29.38]}},{"type":"Feature","properties":{"year":2024,"mt":321.8,"base":0.0,"top":321.8},"geometry":{"type":"Point","coordinates":[-90.56,29.3]}},{"type":"Feature","properties":{"year":2025,"mt":228.8,"base":321.8,"top":550.6},"geometry":{"type":"Point","coordinates":[-90.56,29.3]}},{"type":"Feature","properties":{"year":2025,"mt":382.5,"base":0.0,"top":382.5},"geometry":{"type":"Point","coordinates":[-90.56,29.32]}},{"type":"Feature","properties":{"year":2024,"mt":134.0,"base":0.0,"top":134.0},"geometry":{"type":"Point","coordinates":[-90.56,29.34]}},{"type":"Feature","properties":{"year":2025,"mt":242.4,"base":134.0,"top":376.5},"geometry":{"type":"Point","coordinates":[-90.56,29.34]}},{"type":"Feature","properties":{"year":2024,"mt":459.8,"base":0.0,"top":459.8},"geometry":{"type":"Point","coordinates":[-90.56,29.36]}},{"type":"Feature","properties":{"year":2025,"mt":477.9,"base":459.8,"top":937.7},"geometry":{"type":"Point","coordinates":[-90.56,29.36]}},{"type":"Feature","properties":{"year":2024,"mt":64.7,"base":0.0,"top":64.7},"geometry":{"type":"Point","coordinates":[-90.56,29.38]}},{"type":"Feature","properties":{"year":2025,"mt":1376.1,"base":64.7,"top":1440.8},"geometry":{"type":"Point","coordinates":[-90.56,29.38]}},{"type":"Feature","properties":{"year":2024,"mt":178.4,"base":0.0,"top":178.4},"geometry":{"type":"Point","coordinates":[-90.54,29.28]}},{"type":"Feature","properties":{"year":2025,"mt":119.7,"base":0.0,"top":119.7},"geometry":{"type":"Point","coordinates":[-90.54,29.3]}},{"type":"Feature","properties":{"year":2024,"mt":150.6,"base":0.0,"top":150.6},"geometry":{"type":"Point","coordinates":[-90.54,29.32]}},{"type":"Feature","properties":{"year":2025,"mt":983.8,"base":150.6,"top":1134.4},"geometry":{"type":"Point","coordinates":[-90.54,29.32]}},{"type":"Feature","properties":{"year":2023,"mt":318.9,"base":0.0,"top":318.9},"geometry":{"type":"Point","coordinates":[-90.54,29.34]}},{"type":"Feature","properties":{"year":2024,"mt":176.7,"base":318.9,"top":495.6},"geometry":{"type":"Point","coordinates":[-90.54,29.34]}},{"type":"Feature","properties":{"year":2025,"mt":603.9,"base":495.6,"top":1099.5},"geometry":{"type":"Point","coordinates":[-90.54,29.34]}},{"type":"Feature","properties":{"year":2024,"mt":733.8,"base":0.0,"top":733.8},"geometry":{"type":"Point","coordinates":[-90.54,29.36]}},{"type":"Feature","properties":{"year":2025,"mt":745.5,"base":733.8,"top":1479.3},"geometry":{"type":"Point","coordinates":[-90.54,29.36]}},{"type":"Feature","properties":{"year":2024,"mt":83.7,"base":0.0,"top":83.7},"geometry":{"type":"Point","coordinates":[-90.54,29.38]}},{"type":"Feature","properties":{"year":2025,"mt":238.3,"base":83.7,"top":322.0},"geometry":{"type":"Point","coordinates":[-90.54,29.38]}},{"type":"Feature","properties":{"year":2024,"mt":94.4,"base":0.0,"top":94.4},"geometry":{"type":"Point","coordinates":[-90.54,29.4]}},{"type":"Feature","properties":{"year":2025,"mt":363.1,"base":94.4,"top":457.5},"geometry":{"type":"Point","coordinates":[-90.54,29.4]}},{"type":"Feature","properties":{"year":2024,"mt":181.2,"base":0.0,"top":181.2},"geometry":{"type":"Point","coordinates":[-90.54,29.42]}},{"type":"Feature","properties":{"year":2025,"mt":40.8,"base":0.0,"top":40.8},"geometry":{"type":"Point","coordinates":[-90.52,29.34]}},{"type":"Feature","properties":{"year":2024,"mt":737.4,"base":0.0,"top":737.4},"geometry":{"type":"Point","coordinates":[-90.52,29.36]}},{"type":"Feature","properties":{"year":2025,"mt":1419.6,"base":737.4,"top":2157.0},"geometry":{"type":"Point","coordinates":[-90.52,29.36]}},{"type":"Feature","properties":{"year":2024,"mt":514.6,"base":0.0,"top":514.6},"geometry":{"type":"Point","coordinates":[-90.52,29.38]}},{"type":"Feature","properties":{"year":2025,"mt":359.4,"base":514.6,"top":874.0},"geometry":{"type":"Point","coordinates":[-90.52,29.38]}},{"type":"Feature","properties":{"year":2024,"mt":0.0,"base":0.0,"top":0.0},"geometry":{"type":"Point","coordinates":[-90.52,29.4]}},{"type":"Feature","properties":{"year":2024,"mt":53.6,"base":0.0,"top":53.6},"geometry":{"type":"Point","coordinates":[-90.52,29.42]}},{"type":"Feature","properties":{"year":2025,"mt":2255.5,"base":0.0,"top":2255.5},"geometry":{"type":"Point","coordinates":[-90.5,29.28]}},{"type":"Feature","properties":{"year":2025,"mt":171.1,"base":0.0,"top":171.1},"geometry":{"type":"Point","coordinates":[-90.5,29.3]}},{"type":"Feature","properties":{"year":2025,"mt":4.2,"base":0.0,"top":4.2},"geometry":{"type":"Point","coordinates":[-90.5,29.32]}},{"type":"Feature","properties":{"year":2025,"mt":635.5,"base":0.0,"top":635.5},"geometry":{"type":"Point","coordinates":[-90.5,29.34]}},{"type":"Feature","properties":{"year":2024,"mt":987.7,"base":0.0,"top":987.7},"geometry":{"type":"Point","coordinates":[-90.5,29.36]}},{"type":"Feature","properties":{"year":2025,"mt":808.0,"base":987.7,"top":1795.7},"geometry":{"type":"Point","coordinates":[-90.5,29.36]}},{"type":"Feature","properties":{"year":2024,"mt":648.0,"base":0.0,"top":648.0},"geometry":{"type":"Point","coordinates":[-90.5,29.38]}},{"type":"Feature","properties":{"year":2025,"mt":703.1,"base":648.0,"top":1351.1},"geometry":{"type":"Point","coordinates":[-90.5,29.38]}},{"type":"Feature","properties":{"year":2024,"mt":26.5,"base":0.0,"top":26.5},"geometry":{"type":"Point","coordinates":[-90.5,29.4]}},{"type":"Feature","properties":{"year":2024,"mt":1.9,"base":0.0,"top":1.9},"geometry":{"type":"Point","coordinates":[-90.5,29.42]}},{"type":"Feature","properties":{"year":2025,"mt":640.3,"base":0.0,"top":640.3},"geometry":{"type":"Point","coordinates":[-90.48,29.28]}},{"type":"Feature","properties":{"year":2025,"mt":0.3,"base":0.0,"top":0.3},"geometry":{"type":"Point","coordinates":[-90.48,29.3]}},{"type":"Feature","properties":{"year":2025,"mt":174.5,"base":0.0,"top":174.5},"geometry":{"type":"Point","coordinates":[-90.48,29.32]}},{"type":"Feature","properties":{"year":2024,"mt":368.2,"base":0.0,"top":368.2},"geometry":{"type":"Point","coordinates":[-90.48,29.34]}},{"type":"Feature","properties":{"year":2025,"mt":765.8,"base":368.2,"top":1134.1},"geometry":{"type":"Point","coordinates":[-90.48,29.34]}},{"type":"Feature","properties":{"year":2024,"mt":300.2,"base":0.0,"top":300.2},"geometry":{"type":"Point","coordinates":[-90.48,29.36]}},{"type":"Feature","properties":{"year":2025,"mt":298.1,"base":300.2,"top":598.2},"geometry":{"type":"Point","coordinates":[-90.48,29.36]}},{"type":"Feature","properties":{"year":2025,"mt":0.0,"base":0.0,"top":0.0},"geometry":{"type":"Point","coordinates":[-90.48,29.38]}},{"type":"Feature","properties":{"year":2025,"mt":36.2,"base":0.0,"top":36.2},"geometry":{"type":"Point","coordinates":[-90.48,29.4]}},{"type":"Feature","properties":{"year":2025,"mt":334.9,"base":0.0,"top":334.9},"geometry":{"type":"Point","coordinates":[-90.46,29.34]}},{"type":"Feature","properties":{"year":2024,"mt":25.8,"base":0.0,"top":25.8},"geometry":{"type":"Point","coordinates":[-90.46,29.36]}},{"type":"Feature","properties":{"year":2025,"mt":0.6,"base":25.8,"top":26.5},"geometry":{"type":"Point","coordinates":[-90.46,29.36]}},{"type":"Feature","properties":{"year":2025,"mt":54.9,"base":0.0,"top":54.9},"geometry":{"type":"Point","coordinates":[-90.46,29.38]}},{"type":"Feature","properties":{"year":2025,"mt":2663.5,"base":0.0,"top":2663.5},"geometry":{"type":"Point","coordinates":[-90.46,29.4]}},{"type":"Feature","properties":{"year":2025,"mt":117.8,"base":0.0,"top":117.8},"geometry":{"type":"Point","coordinates":[-90.46,29.42]}},{"type":"Feature","properties":{"year":2025,"mt":680.3,"base":0.0,"top":680.3},"geometry":{"type":"Point","coordinates":[-90.44,29.26]}},{"type":"Feature","properties":{"year":2025,"mt":1380.9,"base":0.0,"top":1380.9},"geometry":{"type":"Point","coordinates":[-90.44,29.32]}},{"type":"Feature","properties":{"year":2025,"mt":665.2,"base":0.0,"top":665.2},"geometry":{"type":"Point","coordinates":[-90.44,29.34]}},{"type":"Feature","properties":{"year":2025,"mt":186.5,"base":0.0,"top":186.5},"geometry":{"type":"Point","coordinates":[-90.44,29.36]}},{"type":"Feature","properties":{"year":2025,"mt":450.7,"base":0.0,"top":450.7},"geometry":{"type":"Point","coordinates":[-90.44,29.38]}},{"type":"Feature","properties":{"year":2025,"mt":1765.8,"base":0.0,"top":1765.8},"geometry":{"type":"Point","coordinates":[-90.44,29.4]}},{"type":"Feature","properties":{"year":2025,"mt":419.5,"base":0.0,"top":419.5},"geometry":{"type":"Point","coordinates":[-90.44,29.42]}},{"type":"Feature","properties":{"year":2025,"mt":785.9,"base":0.0,"top":785.9},"geometry":{"type":"Point","coordinates":[-90.42,29.26]}},{"type":"Feature","properties":{"year":2025,"mt":197.6,"base":0.0,"top":197.6},"geometry":{"type":"Point","coordinates":[-90.42,29.32]}},{"type":"Feature","properties":{"year":2025,"mt":363.5,"base":0.0,"top":363.5},"geometry":{"type":"Point","coordinates":[-90.42,29.36]}},{"type":"Feature","properties":{"year":2025,"mt":1077.5,"base":0.0,"top":1077.5},"geometry":{"type":"Point","coordinates":[-90.42,29.38]}},{"type":"Feature","properties":{"year":2025,"mt":38.3,"base":0.0,"top":38.3},"geometry":{"type":"Point","coordinates":[-90.42,29.4]}},{"type":"Feature","properties":{"year":2025,"mt":527.8,"base":0.0,"top":527.8},"geometry":{"type":"Point","coordinates":[-90.4,29.26]}},{"type":"Feature","properties":{"year":2025,"mt":913.2,"base":0.0,"top":913.2},"geometry":{"type":"Point","coordinates":[-90.4,29.28]}},{"type":"Feature","properties":{"year":2025,"mt":873.2,"base":0.0,"top":873.2},"geometry":{"type":"Point","coordinates":[-90.4,29.3]}},{"type":"Feature","properties":{"year":2025,"mt":167.6,"base":0.0,"top":167.6},"geometry":{"type":"Point","coordinates":[-90.4,29.32]}},{"type":"Feature","properties":{"year":2024,"mt":218.0,"base":0.0,"top":218.0},"geometry":{"type":"Point","coordinates":[-90.4,29.34]}},{"type":"Feature","properties":{"year":2025,"mt":1186.9,"base":218.0,"top":1404.9},"geometry":{"type":"Point","coordinates":[-90.4,29.34]}},{"type":"Feature","properties":{"year":2025,"mt":242.0,"base":0.0,"top":242.0},"geometry":{"type":"Point","coordinates":[-90.4,29.36]}},{"type":"Feature","properties":{"year":2024,"mt":18.2,"base":0.0,"top":18.2},"geometry":{"type":"Point","coordinates":[-90.4,29.38]}},{"type":"Feature","properties":{"year":2025,"mt":1001.2,"base":18.2,"top":1019.3},"geometry":{"type":"Point","coordinates":[-90.4,29.38]}},{"type":"Feature","properties":{"year":2024,"mt":258.3,"base":0.0,"top":258.3},"geometry":{"type":"Point","coordinates":[-90.38,29.34]}},{"type":"Feature","properties":{"year":2025,"mt":618.2,"base":258.3,"top":876.5},"geometry":{"type":"Point","coordinates":[-90.38,29.34]}},{"type":"Feature","properties":{"year":2024,"mt":514.4,"base":0.0,"top":514.4},"geometry":{"type":"Point","coordinates":[-90.38,29.36]}},{"type":"Feature","properties":{"year":2025,"mt":1316.8,"base":514.4,"top":1831.2},"geometry":{"type":"Point","coordinates":[-90.38,29.36]}},{"type":"Feature","properties":{"year":2024,"mt":163.9,"base":0.0,"top":163.9},"geometry":{"type":"Point","coordinates":[-90.38,29.38]}},{"type":"Feature","properties":{"year":2025,"mt":226.1,"base":163.9,"top":390.0},"geometry":{"type":"Point","coordinates":[-90.38,29.38]}},{"type":"Feature","properties":{"year":2025,"mt":53.6,"base":0.0,"top":53.6},"geometry":{"type":"Point","coordinates":[-90.36,29.32]}},{"type":"Feature","properties":{"year":2025,"mt":442.3,"base":0.0,"top":442.3},"geometry":{"type":"Point","coordinates":[-90.36,29.34]}},{"type":"Feature","properties":{"year":2024,"mt":8.0,"base":0.0,"top":8.0},"geometry":{"type":"Point","coordinates":[-90.36,29.36]}},{"type":"Feature","properties":{"year":2025,"mt":63.4,"base":8.0,"top":71.5},"geometry":{"type":"Point","coordinates":[-90.36,29.36]}},{"type":"Feature","properties":{"year":2024,"mt":467.7,"base":0.0,"top":467.7},"geometry":{"type":"Point","coordinates":[-90.34,29.32]}},{"type":"Feature","properties":{"year":2025,"mt":373.7,"base":467.7,"top":841.4},"geometry":{"type":"Point","coordinates":[-90.34,29.32]}},{"type":"Feature","properties":{"year":2024,"mt":507.6,"base":0.0,"top":507.6},"geometry":{"type":"Point","coordinates":[-90.34,29.34]}},{"type":"Feature","properties":{"year":2025,"mt":488.5,"base":507.6,"top":996.1},"geometry":{"type":"Point","coordinates":[-90.34,29.34]}},{"type":"Feature","properties":{"year":2025,"mt":107.4,"base":0.0,"top":107.4},"geometry":{"type":"Point","coordinates":[-90.32,29.28]}},{"type":"Feature","properties":{"year":2024,"mt":39.7,"base":0.0,"top":39.7},"geometry":{"type":"Point","coordinates":[-90.32,29.34]}},{"type":"Feature","properties":{"year":2025,"mt":35.1,"base":39.7,"top":74.9},"geometry":{"type":"Point","coordinates":[-90.32,29.34]}},{"type":"Feature","properties":{"year":2025,"mt":197.3,"base":0.0,"top":197.3},"geometry":{"type":"Point","coordinates":[-90.32,29.36]}},{"type":"Feature","properties":{"year":2025,"mt":208.7,"base":0.0,"top":208.7},"geometry":{"type":"Point","coordinates":[-90.32,29.38]}},{"type":"Feature","properties":{"year":2025,"mt":4.1,"base":0.0,"top":4.1},"geometry":{"type":"Point","coordinates":[-90.32,29.4]}},{"type":"Feature","properties":{"year":2025,"mt":0.1,"base":0.0,"top":0.1},"geometry":{"type":"Point","coordinates":[-90.3,29.26]}},{"type":"Feature","properties":{"year":2025,"mt":71.6,"base":0.0,"top":71.6},"geometry":{"type":"Point","coordinates":[-90.3,29.28]}},{"type":"Feature","properties":{"year":2025,"mt":2.6,"base":0.0,"top":2.6},"geometry":{"type":"Point","coordinates":[-90.3,29.32]}},{"type":"Feature","properties":{"year":2025,"mt":0.2,"base":0.0,"top":0.2},"geometry":{"type":"Point","coordinates":[-90.28,29.24]}},{"type":"Feature","properties":{"year":2025,"mt":0.7,"base":0.0,"top":0.7},"geometry":{"type":"Point","coordinates":[-90.28,29.26]}},{"type":"Feature","properties":{"year":2025,"mt":152.5,"base":0.0,"top":152.5},"geometry":{"type":"Point","coordinates":[-90.26,29.28]}},{"type":"Feature","properties":{"year":2025,"mt":306.3,"base":0.0,"top":306.3},"geometry":{"type":"Point","coordinates":[-90.26,29.3]}},{"type":"Feature","properties":{"year":2025,"mt":61.6,"base":0.0,"top":61.6},"geometry":{"type":"Point","coordinates":[-90.24,29.28]}},{"type":"Feature","properties":{"year":2025,"mt":1239.6,"base":0.0,"top":1239.6},"geometry":{"type":"Point","coordinates":[-90.24,29.3]}},{"type":"Feature","properties":{"year":2025,"mt":1198.5,"base":0.0,"top":1198.5},"geometry":{"type":"Point","coordinates":[-90.22,29.28]}},{"type":"Feature","properties":{"year":2025,"mt":50.7,"base":0.0,"top":50.7},"geometry":{"type":"Point","coordinates":[-90.22,29.3]}},{"type":"Feature","properties":{"year":2025,"mt":0.0,"base":0.0,"top":0.0},"geometry":{"type":"Point","coordinates":[-90.2,29.26]}},{"type":"Feature","properties":{"year":2025,"mt":1139.5,"base":0.0,"top":1139.5},"geometry":{"type":"Point","coordinates":[-90.2,29.28]}},{"type":"Feature","properties":{"year":2025,"mt":338.9,"base":0.0,"top":338.9},"geometry":{"type":"Point","coordinates":[-90.2,29.3]}},{"type":"Feature","properties":{"year":2025,"mt":192.7,"base":0.0,"top":192.7},"geometry":{"type":"Point","coordinates":[-90.18,29.28]}},{"type":"Feature","properties":{"year":2025,"mt":246.2,"base":0.0,"top":246.2},"geometry":{"type":"Point","coordinates":[-90.18,29.3]}},{"type":"Feature","properties":{"year":2025,"mt":0.2,"base":0.0,"top":0.2},"geometry":{"type":"Point","coordinates":[-90.16,29.36]}},{"type":"Feature","properties":{"year":2025,"mt":751.6,"base":0.0,"top":751.6},"geometry":{"type":"Point","coordinates":[-90.16,29.38]}},{"type":"Feature","properties":{"year":2025,"mt":12.4,"base":0.0,"top":12.4},"geometry":{"type":"Point","coordinates":[-90.14,29.34]}},{"type":"Feature","properties":{"year":2025,"mt":120.3,"base":0.0,"top":120.3},"geometry":{"type":"Point","coordinates":[-90.14,29.38]}},{"type":"Feature","properties":{"year":2025,"mt":1.4,"base":0.0,"top":1.4},"geometry":{"type":"Point","coordinates":[-90.1,29.34]}},{"type":"Feature","properties":{"year":2025,"mt":7.6,"base":0.0,"top":7.6},"geometry":{"type":"Point","coordinates":[-90.08,29.36]}},{"type":"Feature","properties":{"year":2025,"mt":114.2,"base":0.0,"top":114.2},"geometry":{"type":"Point","coordinates":[-90.08,29.46]}},{"type":"Feature","properties":{"year":2025,"mt":2.9,"base":0.0,"top":2.9},"geometry":{"type":"Point","coordinates":[-90.06,29.38]}},{"type":"Feature","properties":{"year":2024,"mt":756.4,"base":0.0,"top":756.4},"geometry":{"type":"Point","coordinates":[-90.06,29.42]}},{"type":"Feature","properties":{"year":2025,"mt":587.4,"base":756.4,"top":1343.7},"geometry":{"type":"Point","coordinates":[-90.06,29.42]}},{"type":"Feature","properties":{"year":2024,"mt":454.4,"base":0.0,"top":454.4},"geometry":{"type":"Point","coordinates":[-90.06,29.44]}},{"type":"Feature","properties":{"year":2025,"mt":605.5,"base":454.4,"top":1060.0},"geometry":{"type":"Point","coordinates":[-90.06,29.44]}},{"type":"Feature","properties":{"year":2023,"mt":131.7,"base":0.0,"top":131.7},"geometry":{"type":"Point","coordinates":[-90.06,29.46]}},{"type":"Feature","properties":{"year":2024,"mt":108.0,"base":131.7,"top":239.7},"geometry":{"type":"Point","coordinates":[-90.06,29.46]}},{"type":"Feature","properties":{"year":2025,"mt":395.5,"base":239.7,"top":635.2},"geometry":{"type":"Point","coordinates":[-90.06,29.46]}},{"type":"Feature","properties":{"year":2024,"mt":4.1,"base":0.0,"top":4.1},"geometry":{"type":"Point","coordinates":[-90.06,29.48]}},{"type":"Feature","properties":{"year":2025,"mt":26.1,"base":4.1,"top":30.2},"geometry":{"type":"Point","coordinates":[-90.06,29.48]}},{"type":"Feature","properties":{"year":2025,"mt":16.2,"base":0.0,"top":16.2},"geometry":{"type":"Point","coordinates":[-90.04,29.38]}},{"type":"Feature","properties":{"year":2024,"mt":1026.4,"base":0.0,"top":1026.4},"geometry":{"type":"Point","coordinates":[-90.04,29.46]}},{"type":"Feature","properties":{"year":2025,"mt":743.7,"base":1026.4,"top":1770.1},"geometry":{"type":"Point","coordinates":[-90.04,29.46]}},{"type":"Feature","properties":{"year":2023,"mt":243.8,"base":0.0,"top":243.8},"geometry":{"type":"Point","coordinates":[-90.04,29.48]}},{"type":"Feature","properties":{"year":2024,"mt":326.2,"base":243.8,"top":569.9},"geometry":{"type":"Point","coordinates":[-90.04,29.48]}},{"type":"Feature","properties":{"year":2025,"mt":400.4,"base":569.9,"top":970.3},"geometry":{"type":"Point","coordinates":[-90.04,29.48]}},{"type":"Feature","properties":{"year":2023,"mt":184.2,"base":0.0,"top":184.2},"geometry":{"type":"Point","coordinates":[-90.02,29.38]}},{"type":"Feature","properties":{"year":2023,"mt":10.0,"base":0.0,"top":10.0},"geometry":{"type":"Point","coordinates":[-90.02,29.42]}},{"type":"Feature","properties":{"year":2024,"mt":38.0,"base":10.0,"top":48.0},"geometry":{"type":"Point","coordinates":[-90.02,29.42]}},{"type":"Feature","properties":{"year":2025,"mt":107.0,"base":0.0,"top":107.0},"geometry":{"type":"Point","coordinates":[-90.02,29.46]}},{"type":"Feature","properties":{"year":2024,"mt":363.0,"base":0.0,"top":363.0},"geometry":{"type":"Point","coordinates":[-90.02,29.48]}},{"type":"Feature","properties":{"year":2025,"mt":1419.1,"base":363.0,"top":1782.1},"geometry":{"type":"Point","coordinates":[-90.02,29.48]}},{"type":"Feature","properties":{"year":2023,"mt":134.4,"base":0.0,"top":134.4},"geometry":{"type":"Point","coordinates":[-90.0,29.4]}},{"type":"Feature","properties":{"year":2024,"mt":107.4,"base":134.4,"top":241.7},"geometry":{"type":"Point","coordinates":[-90.0,29.4]}},{"type":"Feature","properties":{"year":2025,"mt":148.4,"base":241.7,"top":390.1},"geometry":{"type":"Point","coordinates":[-90.0,29.4]}},{"type":"Feature","properties":{"year":2023,"mt":1797.9,"base":0.0,"top":1797.9},"geometry":{"type":"Point","coordinates":[-90.0,29.42]}},{"type":"Feature","properties":{"year":2024,"mt":2167.3,"base":1797.9,"top":3965.2},"geometry":{"type":"Point","coordinates":[-90.0,29.42]}},{"type":"Feature","properties":{"year":2025,"mt":2359.9,"base":3965.2,"top":6325.1},"geometry":{"type":"Point","coordinates":[-90.0,29.42]}},{"type":"Feature","properties":{"year":2024,"mt":144.1,"base":0.0,"top":144.1},"geometry":{"type":"Point","coordinates":[-90.0,29.46]}},{"type":"Feature","properties":{"year":2025,"mt":358.7,"base":144.1,"top":502.9},"geometry":{"type":"Point","coordinates":[-90.0,29.46]}},{"type":"Feature","properties":{"year":2024,"mt":354.3,"base":0.0,"top":354.3},"geometry":{"type":"Point","coordinates":[-90.0,29.48]}},{"type":"Feature","properties":{"year":2025,"mt":517.7,"base":354.3,"top":872.1},"geometry":{"type":"Point","coordinates":[-90.0,29.48]}},{"type":"Feature","properties":{"year":2025,"mt":211.2,"base":0.0,"top":211.2},"geometry":{"type":"Point","coordinates":[-89.98,29.42]}},{"type":"Feature","properties":{"year":2023,"mt":140.3,"base":0.0,"top":140.3},"geometry":{"type":"Point","coordinates":[-89.98,29.44]}},{"type":"Feature","properties":{"year":2024,"mt":1604.8,"base":140.3,"top":1745.0},"geometry":{"type":"Point","coordinates":[-89.98,29.44]}},{"type":"Feature","properties":{"year":2025,"mt":6887.6,"base":1745.0,"top":8632.6},"geometry":{"type":"Point","coordinates":[-89.98,29.44]}},{"type":"Feature","properties":{"year":2023,"mt":1111.6,"base":0.0,"top":1111.6},"geometry":{"type":"Point","coordinates":[-89.98,29.46]}},{"type":"Feature","properties":{"year":2024,"mt":1262.4,"base":1111.6,"top":2374.0},"geometry":{"type":"Point","coordinates":[-89.98,29.46]}},{"type":"Feature","properties":{"year":2025,"mt":1313.3,"base":2374.0,"top":3687.3},"geometry":{"type":"Point","coordinates":[-89.98,29.46]}},{"type":"Feature","properties":{"year":2025,"mt":2350.3,"base":0.0,"top":2350.3},"geometry":{"type":"Point","coordinates":[-89.98,29.48]}},{"type":"Feature","properties":{"year":2024,"mt":4682.8,"base":0.0,"top":4682.8},"geometry":{"type":"Point","coordinates":[-89.96,29.44]}},{"type":"Feature","properties":{"year":2025,"mt":188.7,"base":4682.8,"top":4871.5},"geometry":{"type":"Point","coordinates":[-89.96,29.44]}},{"type":"Feature","properties":{"year":2025,"mt":68.3,"base":0.0,"top":68.3},"geometry":{"type":"Point","coordinates":[-89.96,29.46]}},{"type":"Feature","properties":{"year":2025,"mt":977.0,"base":0.0,"top":977.0},"geometry":{"type":"Point","coordinates":[-89.96,29.48]}},{"type":"Feature","properties":{"year":2024,"mt":0.0,"base":0.0,"top":0.0},"geometry":{"type":"Point","coordinates":[-89.94,29.42]}},{"type":"Feature","properties":{"year":2024,"mt":893.4,"base":0.0,"top":893.4},"geometry":{"type":"Point","coordinates":[-89.94,29.44]}},{"type":"Feature","properties":{"year":2025,"mt":1079.2,"base":893.4,"top":1972.6},"geometry":{"type":"Point","coordinates":[-89.94,29.44]}},{"type":"Feature","properties":{"year":2025,"mt":20.3,"base":0.0,"top":20.3},"geometry":{"type":"Point","coordinates":[-89.94,29.46]}},{"type":"Feature","properties":{"year":2025,"mt":287.1,"base":0.0,"top":287.1},"geometry":{"type":"Point","coordinates":[-89.94,29.48]}},{"type":"Feature","properties":{"year":2025,"mt":6.0,"base":0.0,"top":6.0},"geometry":{"type":"Point","coordinates":[-89.92,29.44]}},{"type":"Feature","properties":{"year":2024,"mt":454.4,"base":0.0,"top":454.4},"geometry":{"type":"Point","coordinates":[-89.92,29.46]}},{"type":"Feature","properties":{"year":2025,"mt":913.3,"base":454.4,"top":1367.6},"geometry":{"type":"Point","coordinates":[-89.92,29.46]}},{"type":"Feature","properties":{"year":2024,"mt":0.0,"base":0.0,"top":0.0},"geometry":{"type":"Point","coordinates":[-89.92,29.48]}},{"type":"Feature","properties":{"year":2025,"mt":228.4,"base":0.0,"top":228.4},"geometry":{"type":"Point","coordinates":[-89.92,29.48]}},{"type":"Feature","properties":{"year":2025,"mt":11.4,"base":0.0,"top":11.4},"geometry":{"type":"Point","coordinates":[-89.92,29.5]}},{"type":"Feature","properties":{"year":2025,"mt":177.6,"base":0.0,"top":177.6},"geometry":{"type":"Point","coordinates":[-89.9,29.46]}},{"type":"Feature","properties":{"year":2025,"mt":679.1,"base":0.0,"top":679.1},"geometry":{"type":"Point","coordinates":[-89.9,29.48]}},{"type":"Feature","properties":{"year":2025,"mt":1111.9,"base":0.0,"top":1111.9},"geometry":{"type":"Point","coordinates":[-89.9,29.5]}},{"type":"Feature","properties":{"year":2025,"mt":1025.7,"base":0.0,"top":1025.7},"geometry":{"type":"Point","coordinates":[-89.9,29.52]}},{"type":"Feature","properties":{"year":2025,"mt":131.9,"base":0.0,"top":131.9},"geometry":{"type":"Point","coordinates":[-89.88,29.5]}},{"type":"Feature","properties":{"year":2025,"mt":157.9,"base":0.0,"top":157.9},"geometry":{"type":"Point","coordinates":[-89.86,29.48]}},{"type":"Feature","properties":{"year":2025,"mt":27.5,"base":0.0,"top":27.5},"geometry":{"type":"Point","coordinates":[-89.84,29.48]}},{"type":"Feature","properties":{"year":2025,"mt":10.3,"base":0.0,"top":10.3},"geometry":{"type":"Point","coordinates":[-89.82,29.42]}},{"type":"Feature","properties":{"year":2024,"mt":229.6,"base":0.0,"top":229.6},"geometry":{"type":"Point","coordinates":[-89.82,29.46]}},{"type":"Feature","properties":{"year":2025,"mt":271.6,"base":229.6,"top":501.2},"geometry":{"type":"Point","coordinates":[-89.82,29.46]}},{"type":"Feature","properties":{"year":2025,"mt":16.4,"base":0.0,"top":16.4},"geometry":{"type":"Point","coordinates":[-89.82,29.48]}},{"type":"Feature","properties":{"year":2025,"mt":0.2,"base":0.0,"top":0.2},"geometry":{"type":"Point","coordinates":[-89.8,29.42]}},{"type":"Feature","properties":{"year":2025,"mt":33.5,"base":0.0,"top":33.5},"geometry":{"type":"Point","coordinates":[-89.8,29.46]}},{"type":"Feature","properties":{"year":2025,"mt":0.1,"base":0.0,"top":0.1},"geometry":{"type":"Point","coordinates":[-89.8,29.5]}},{"type":"Feature","properties":{"year":2025,"mt":87.2,"base":0.0,"top":87.2},"geometry":{"type":"Point","coordinates":[-89.78,29.4]}},{"type":"Feature","properties":{"year":2024,"mt":143.1,"base":0.0,"top":143.1},"geometry":{"type":"Point","coordinates":[-89.78,29.42]}},{"type":"Feature","properties":{"year":2025,"mt":194.5,"base":143.1,"top":337.6},"geometry":{"type":"Point","coordinates":[-89.78,29.42]}},{"type":"Feature","properties":{"year":2023,"mt":178.1,"base":0.0,"top":178.1},"geometry":{"type":"Point","coordinates":[-89.78,29.46]}},{"type":"Feature","properties":{"year":2024,"mt":600.7,"base":178.1,"top":778.8},"geometry":{"type":"Point","coordinates":[-89.78,29.46]}},{"type":"Feature","properties":{"year":2025,"mt":1218.8,"base":778.8,"top":1997.5},"geometry":{"type":"Point","coordinates":[-89.78,29.46]}},{"type":"Feature","properties":{"year":2025,"mt":179.0,"base":0.0,"top":179.0},"geometry":{"type":"Point","coordinates":[-89.78,29.48]}},{"type":"Feature","properties":{"year":2024,"mt":162.2,"base":0.0,"top":162.2},"geometry":{"type":"Point","coordinates":[-89.78,29.5]}},{"type":"Feature","properties":{"year":2025,"mt":66.2,"base":162.2,"top":228.3},"geometry":{"type":"Point","coordinates":[-89.78,29.5]}},{"type":"Feature","properties":{"year":2024,"mt":1.1,"base":0.0,"top":1.1},"geometry":{"type":"Point","coordinates":[-89.78,29.52]}},{"type":"Feature","properties":{"year":2025,"mt":28.6,"base":0.0,"top":28.6},"geometry":{"type":"Point","coordinates":[-89.76,29.4]}},{"type":"Feature","properties":{"year":2024,"mt":123.3,"base":0.0,"top":123.3},"geometry":{"type":"Point","coordinates":[-89.76,29.42]}},{"type":"Feature","properties":{"year":2025,"mt":130.7,"base":123.3,"top":254.0},"geometry":{"type":"Point","coordinates":[-89.76,29.42]}},{"type":"Feature","properties":{"year":2024,"mt":0.0,"base":0.0,"top":0.0},"geometry":{"type":"Point","coordinates":[-89.76,29.46]}},{"type":"Feature","properties":{"year":2025,"mt":216.9,"base":0.0,"top":216.9},"geometry":{"type":"Point","coordinates":[-89.76,29.46]}},{"type":"Feature","properties":{"year":2023,"mt":119.9,"base":0.0,"top":119.9},"geometry":{"type":"Point","coordinates":[-89.76,29.48]}},{"type":"Feature","properties":{"year":2024,"mt":658.3,"base":119.9,"top":778.2},"geometry":{"type":"Point","coordinates":[-89.76,29.48]}},{"type":"Feature","properties":{"year":2025,"mt":622.3,"base":778.2,"top":1400.5},"geometry":{"type":"Point","coordinates":[-89.76,29.48]}},{"type":"Feature","properties":{"year":2024,"mt":677.1,"base":0.0,"top":677.1},"geometry":{"type":"Point","coordinates":[-89.76,29.5]}},{"type":"Feature","properties":{"year":2025,"mt":354.3,"base":677.1,"top":1031.4},"geometry":{"type":"Point","coordinates":[-89.76,29.5]}},{"type":"Feature","properties":{"year":2025,"mt":34.6,"base":0.0,"top":34.6},"geometry":{"type":"Point","coordinates":[-89.76,29.52]}},{"type":"Feature","properties":{"year":2025,"mt":8.5,"base":0.0,"top":8.5},"geometry":{"type":"Point","coordinates":[-89.74,29.34]}},{"type":"Feature","properties":{"year":2025,"mt":74.2,"base":0.0,"top":74.2},"geometry":{"type":"Point","coordinates":[-89.74,29.36]}},{"type":"Feature","properties":{"year":2024,"mt":394.0,"base":0.0,"top":394.0},"geometry":{"type":"Point","coordinates":[-89.74,29.42]}},{"type":"Feature","properties":{"year":2025,"mt":334.1,"base":394.0,"top":728.1},"geometry":{"type":"Point","coordinates":[-89.74,29.42]}},{"type":"Feature","properties":{"year":2025,"mt":61.0,"base":0.0,"top":61.0},"geometry":{"type":"Point","coordinates":[-89.74,29.44]}},{"type":"Feature","properties":{"year":2025,"mt":98.4,"base":0.0,"top":98.4},"geometry":{"type":"Point","coordinates":[-89.74,29.46]}},{"type":"Feature","properties":{"year":2025,"mt":99.3,"base":0.0,"top":99.3},"geometry":{"type":"Point","coordinates":[-89.74,29.48]}},{"type":"Feature","properties":{"year":2025,"mt":156.1,"base":0.0,"top":156.1},"geometry":{"type":"Point","coordinates":[-89.74,29.5]}},{"type":"Feature","properties":{"year":2024,"mt":103.9,"base":0.0,"top":103.9},"geometry":{"type":"Point","coordinates":[-89.72,29.34]}},{"type":"Feature","properties":{"year":2025,"mt":756.7,"base":103.9,"top":860.5},"geometry":{"type":"Point","coordinates":[-89.72,29.34]}},{"type":"Feature","properties":{"year":2024,"mt":494.2,"base":0.0,"top":494.2},"geometry":{"type":"Point","coordinates":[-89.72,29.36]}},{"type":"Feature","properties":{"year":2025,"mt":2876.5,"base":494.2,"top":3370.7},"geometry":{"type":"Point","coordinates":[-89.72,29.36]}},{"type":"Feature","properties":{"year":2024,"mt":346.8,"base":0.0,"top":346.8},"geometry":{"type":"Point","coordinates":[-89.72,29.38]}},{"type":"Feature","properties":{"year":2025,"mt":749.4,"base":346.8,"top":1096.3},"geometry":{"type":"Point","coordinates":[-89.72,29.38]}},{"type":"Feature","properties":{"year":2024,"mt":29.2,"base":0.0,"top":29.2},"geometry":{"type":"Point","coordinates":[-89.72,29.4]}},{"type":"Feature","properties":{"year":2025,"mt":839.0,"base":29.2,"top":868.2},"geometry":{"type":"Point","coordinates":[-89.72,29.4]}},{"type":"Feature","properties":{"year":2025,"mt":1578.9,"base":0.0,"top":1578.9},"geometry":{"type":"Point","coordinates":[-89.72,29.42]}},{"type":"Feature","properties":{"year":2025,"mt":1083.7,"base":0.0,"top":1083.7},"geometry":{"type":"Point","coordinates":[-89.72,29.44]}},{"type":"Feature","properties":{"year":2025,"mt":543.5,"base":0.0,"top":543.5},"geometry":{"type":"Point","coordinates":[-89.72,29.46]}},{"type":"Feature","properties":{"year":2025,"mt":23.4,"base":0.0,"top":23.4},"geometry":{"type":"Point","coordinates":[-89.72,29.48]}},{"type":"Feature","properties":{"year":2024,"mt":795.2,"base":0.0,"top":795.2},"geometry":{"type":"Point","coordinates":[-89.7,29.34]}},{"type":"Feature","properties":{"year":2025,"mt":959.1,"base":795.2,"top":1754.3},"geometry":{"type":"Point","coordinates":[-89.7,29.34]}},{"type":"Feature","properties":{"year":2023,"mt":1500.9,"base":0.0,"top":1500.9},"geometry":{"type":"Point","coordinates":[-89.7,29.36]}},{"type":"Feature","properties":{"year":2024,"mt":5529.0,"base":1500.9,"top":7029.9},"geometry":{"type":"Point","coordinates":[-89.7,29.36]}},{"type":"Feature","properties":{"year":2025,"mt":7043.3,"base":7029.9,"top":14073.2},"geometry":{"type":"Point","coordinates":[-89.7,29.36]}},{"type":"Feature","properties":{"year":2024,"mt":549.3,"base":0.0,"top":549.3},"geometry":{"type":"Point","coordinates":[-89.7,29.38]}},{"type":"Feature","properties":{"year":2025,"mt":2301.3,"base":549.3,"top":2850.5},"geometry":{"type":"Point","coordinates":[-89.7,29.38]}},{"type":"Feature","properties":{"year":2023,"mt":43.5,"base":0.0,"top":43.5},"geometry":{"type":"Point","coordinates":[-89.7,29.4]}},{"type":"Feature","properties":{"year":2024,"mt":153.6,"base":43.5,"top":197.1},"geometry":{"type":"Point","coordinates":[-89.7,29.4]}},{"type":"Feature","properties":{"year":2025,"mt":731.1,"base":197.1,"top":928.2},"geometry":{"type":"Point","coordinates":[-89.7,29.4]}},{"type":"Feature","properties":{"year":2024,"mt":46.0,"base":0.0,"top":46.0},"geometry":{"type":"Point","coordinates":[-89.7,29.42]}},{"type":"Feature","properties":{"year":2025,"mt":1569.9,"base":46.0,"top":1615.9},"geometry":{"type":"Point","coordinates":[-89.7,29.42]}},{"type":"Feature","properties":{"year":2024,"mt":200.0,"base":0.0,"top":200.0},"geometry":{"type":"Point","coordinates":[-89.7,29.44]}},{"type":"Feature","properties":{"year":2025,"mt":212.3,"base":200.0,"top":412.3},"geometry":{"type":"Point","coordinates":[-89.7,29.44]}},{"type":"Feature","properties":{"year":2025,"mt":460.2,"base":0.0,"top":460.2},"geometry":{"type":"Point","coordinates":[-89.7,29.46]}},{"type":"Feature","properties":{"year":2025,"mt":13.0,"base":0.0,"top":13.0},"geometry":{"type":"Point","coordinates":[-89.7,29.48]}},{"type":"Feature","properties":{"year":2025,"mt":0.2,"base":0.0,"top":0.2},"geometry":{"type":"Point","coordinates":[-89.68,29.32]}},{"type":"Feature","properties":{"year":2025,"mt":88.7,"base":0.0,"top":88.7},"geometry":{"type":"Point","coordinates":[-89.68,29.34]}},{"type":"Feature","properties":{"year":2023,"mt":550.2,"base":0.0,"top":550.2},"geometry":{"type":"Point","coordinates":[-89.68,29.36]}},{"type":"Feature","properties":{"year":2024,"mt":1962.6,"base":550.2,"top":2512.8},"geometry":{"type":"Point","coordinates":[-89.68,29.36]}},{"type":"Feature","properties":{"year":2025,"mt":5351.4,"base":2512.8,"top":7864.2},"geometry":{"type":"Point","coordinates":[-89.68,29.36]}},{"type":"Feature","properties":{"year":2023,"mt":2410.1,"base":0.0,"top":2410.1},"geometry":{"type":"Point","coordinates":[-89.68,29.38]}},{"type":"Feature","properties":{"year":2024,"mt":3170.0,"base":2410.1,"top":5580.1},"geometry":{"type":"Point","coordinates":[-89.68,29.38]}},{"type":"Feature","properties":{"year":2025,"mt":5154.9,"base":5580.1,"top":10734.9},"geometry":{"type":"Point","coordinates":[-89.68,29.38]}},{"type":"Feature","properties":{"year":2023,"mt":724.5,"base":0.0,"top":724.5},"geometry":{"type":"Point","coordinates":[-89.68,29.4]}},{"type":"Feature","properties":{"year":2024,"mt":620.0,"base":724.5,"top":1344.6},"geometry":{"type":"Point","coordinates":[-89.68,29.4]}},{"type":"Feature","properties":{"year":2025,"mt":984.2,"base":1344.6,"top":2328.8},"geometry":{"type":"Point","coordinates":[-89.68,29.4]}},{"type":"Feature","properties":{"year":2024,"mt":1479.0,"base":0.0,"top":1479.0},"geometry":{"type":"Point","coordinates":[-89.68,29.42]}},{"type":"Feature","properties":{"year":2025,"mt":2696.6,"base":1479.0,"top":4175.7},"geometry":{"type":"Point","coordinates":[-89.68,29.42]}},{"type":"Feature","properties":{"year":2025,"mt":149.4,"base":0.0,"top":149.4},"geometry":{"type":"Point","coordinates":[-89.68,29.44]}},{"type":"Feature","properties":{"year":2025,"mt":5.2,"base":0.0,"top":5.2},"geometry":{"type":"Point","coordinates":[-89.68,29.46]}},{"type":"Feature","properties":{"year":2023,"mt":3617.9,"base":0.0,"top":3617.9},"geometry":{"type":"Point","coordinates":[-89.66,29.36]}},{"type":"Feature","properties":{"year":2024,"mt":1655.0,"base":3617.9,"top":5272.9},"geometry":{"type":"Point","coordinates":[-89.66,29.36]}},{"type":"Feature","properties":{"year":2025,"mt":3731.8,"base":5272.9,"top":9004.7},"geometry":{"type":"Point","coordinates":[-89.66,29.36]}},{"type":"Feature","properties":{"year":2023,"mt":773.5,"base":0.0,"top":773.5},"geometry":{"type":"Point","coordinates":[-89.66,29.38]}},{"type":"Feature","properties":{"year":2024,"mt":4195.5,"base":773.5,"top":4969.0},"geometry":{"type":"Point","coordinates":[-89.66,29.38]}},{"type":"Feature","properties":{"year":2025,"mt":5071.2,"base":4969.0,"top":10040.1},"geometry":{"type":"Point","coordinates":[-89.66,29.38]}},{"type":"Feature","properties":{"year":2024,"mt":14.4,"base":0.0,"top":14.4},"geometry":{"type":"Point","coordinates":[-89.66,29.4]}},{"type":"Feature","properties":{"year":2025,"mt":379.1,"base":14.4,"top":393.6},"geometry":{"type":"Point","coordinates":[-89.66,29.4]}},{"type":"Feature","properties":{"year":2024,"mt":587.3,"base":0.0,"top":587.3},"geometry":{"type":"Point","coordinates":[-89.66,29.42]}},{"type":"Feature","properties":{"year":2025,"mt":918.1,"base":587.3,"top":1505.3},"geometry":{"type":"Point","coordinates":[-89.66,29.42]}},{"type":"Feature","properties":{"year":2025,"mt":177.5,"base":0.0,"top":177.5},"geometry":{"type":"Point","coordinates":[-89.66,29.44]}},{"type":"Feature","properties":{"year":2025,"mt":28.7,"base":0.0,"top":28.7},"geometry":{"type":"Point","coordinates":[-89.66,29.6]}},{"type":"Feature","properties":{"year":2025,"mt":1.0,"base":0.0,"top":1.0},"geometry":{"type":"Point","coordinates":[-89.64,29.32]}},{"type":"Feature","properties":{"year":2023,"mt":567.9,"base":0.0,"top":567.9},"geometry":{"type":"Point","coordinates":[-89.64,29.34]}},{"type":"Feature","properties":{"year":2024,"mt":332.9,"base":567.9,"top":900.8},"geometry":{"type":"Point","coordinates":[-89.64,29.34]}},{"type":"Feature","properties":{"year":2025,"mt":988.2,"base":900.8,"top":1889.0},"geometry":{"type":"Point","coordinates":[-89.64,29.34]}},{"type":"Feature","properties":{"year":2023,"mt":434.5,"base":0.0,"top":434.5},"geometry":{"type":"Point","coordinates":[-89.64,29.36]}},{"type":"Feature","properties":{"year":2024,"mt":749.2,"base":434.5,"top":1183.7},"geometry":{"type":"Point","coordinates":[-89.64,29.36]}},{"type":"Feature","properties":{"year":2025,"mt":2042.8,"base":1183.7,"top":3226.5},"geometry":{"type":"Point","coordinates":[-89.64,29.36]}},{"type":"Feature","properties":{"year":2023,"mt":140.5,"base":0.0,"top":140.5},"geometry":{"type":"Point","coordinates":[-89.64,29.38]}},{"type":"Feature","properties":{"year":2024,"mt":1348.2,"base":140.5,"top":1488.7},"geometry":{"type":"Point","coordinates":[-89.64,29.38]}},{"type":"Feature","properties":{"year":2025,"mt":4049.0,"base":1488.7,"top":5537.7},"geometry":{"type":"Point","coordinates":[-89.64,29.38]}},{"type":"Feature","properties":{"year":2024,"mt":212.1,"base":0.0,"top":212.1},"geometry":{"type":"Point","coordinates":[-89.64,29.4]}},{"type":"Feature","properties":{"year":2025,"mt":1446.2,"base":212.1,"top":1658.3},"geometry":{"type":"Point","coordinates":[-89.64,29.4]}},{"type":"Feature","properties":{"year":2023,"mt":147.9,"base":0.0,"top":147.9},"geometry":{"type":"Point","coordinates":[-89.62,29.32]}},{"type":"Feature","properties":{"year":2024,"mt":128.9,"base":147.9,"top":276.9},"geometry":{"type":"Point","coordinates":[-89.62,29.32]}},{"type":"Feature","properties":{"year":2025,"mt":2761.6,"base":276.9,"top":3038.5},"geometry":{"type":"Point","coordinates":[-89.62,29.32]}},{"type":"Feature","properties":{"year":2023,"mt":347.3,"base":0.0,"top":347.3},"geometry":{"type":"Point","coordinates":[-89.62,29.34]}},{"type":"Feature","properties":{"year":2024,"mt":245.1,"base":347.3,"top":592.4},"geometry":{"type":"Point","coordinates":[-89.62,29.34]}},{"type":"Feature","properties":{"year":2025,"mt":2573.4,"base":592.4,"top":3165.8},"geometry":{"type":"Point","coordinates":[-89.62,29.34]}},{"type":"Feature","properties":{"year":2023,"mt":37.6,"base":0.0,"top":37.6},"geometry":{"type":"Point","coordinates":[-89.62,29.36]}},{"type":"Feature","properties":{"year":2024,"mt":103.7,"base":37.6,"top":141.3},"geometry":{"type":"Point","coordinates":[-89.62,29.36]}},{"type":"Feature","properties":{"year":2025,"mt":1133.3,"base":141.3,"top":1274.6},"geometry":{"type":"Point","coordinates":[-89.62,29.36]}},{"type":"Feature","properties":{"year":2023,"mt":2528.5,"base":0.0,"top":2528.5},"geometry":{"type":"Point","coordinates":[-89.62,29.38]}},{"type":"Feature","properties":{"year":2024,"mt":2055.5,"base":2528.5,"top":4584.0},"geometry":{"type":"Point","coordinates":[-89.62,29.38]}},{"type":"Feature","properties":{"year":2025,"mt":3298.4,"base":4584.0,"top":7882.4},"geometry":{"type":"Point","coordinates":[-89.62,29.38]}},{"type":"Feature","properties":{"year":2023,"mt":19.6,"base":0.0,"top":19.6},"geometry":{"type":"Point","coordinates":[-89.62,29.4]}},{"type":"Feature","properties":{"year":2024,"mt":382.7,"base":19.6,"top":402.4},"geometry":{"type":"Point","coordinates":[-89.62,29.4]}},{"type":"Feature","properties":{"year":2025,"mt":1814.1,"base":402.4,"top":2216.5},"geometry":{"type":"Point","coordinates":[-89.62,29.4]}},{"type":"Feature","properties":{"year":2025,"mt":188.1,"base":0.0,"top":188.1},"geometry":{"type":"Point","coordinates":[-89.62,29.42]}},{"type":"Feature","properties":{"year":2025,"mt":0.9,"base":0.0,"top":0.9},"geometry":{"type":"Point","coordinates":[-89.62,29.72]}},{"type":"Feature","properties":{"year":2024,"mt":73.3,"base":0.0,"top":73.3},"geometry":{"type":"Point","coordinates":[-89.6,29.26]}},{"type":"Feature","properties":{"year":2025,"mt":382.8,"base":73.3,"top":456.1},"geometry":{"type":"Point","coordinates":[-89.6,29.26]}},{"type":"Feature","properties":{"year":2025,"mt":25.8,"base":0.0,"top":25.8},"geometry":{"type":"Point","coordinates":[-89.6,29.28]}},{"type":"Feature","properties":{"year":2023,"mt":200.4,"base":0.0,"top":200.4},"geometry":{"type":"Point","coordinates":[-89.6,29.3]}},{"type":"Feature","properties":{"year":2024,"mt":15.4,"base":200.4,"top":215.8},"geometry":{"type":"Point","coordinates":[-89.6,29.3]}},{"type":"Feature","properties":{"year":2025,"mt":228.1,"base":215.8,"top":443.9},"geometry":{"type":"Point","coordinates":[-89.6,29.3]}},{"type":"Feature","properties":{"year":2023,"mt":1999.4,"base":0.0,"top":1999.4},"geometry":{"type":"Point","coordinates":[-89.6,29.32]}},{"type":"Feature","properties":{"year":2024,"mt":5505.8,"base":1999.4,"top":7505.2},"geometry":{"type":"Point","coordinates":[-89.6,29.32]}},{"type":"Feature","properties":{"year":2025,"mt":7699.3,"base":7505.2,"top":15204.5},"geometry":{"type":"Point","coordinates":[-89.6,29.32]}},{"type":"Feature","properties":{"year":2023,"mt":240.2,"base":0.0,"top":240.2},"geometry":{"type":"Point","coordinates":[-89.6,29.34]}},{"type":"Feature","properties":{"year":2024,"mt":2817.1,"base":240.2,"top":3057.3},"geometry":{"type":"Point","coordinates":[-89.6,29.34]}},{"type":"Feature","properties":{"year":2025,"mt":4894.7,"base":3057.3,"top":7952.0},"geometry":{"type":"Point","coordinates":[-89.6,29.34]}},{"type":"Feature","properties":{"year":2023,"mt":439.2,"base":0.0,"top":439.2},"geometry":{"type":"Point","coordinates":[-89.6,29.36]}},{"type":"Feature","properties":{"year":2024,"mt":849.2,"base":439.2,"top":1288.5},"geometry":{"type":"Point","coordinates":[-89.6,29.36]}},{"type":"Feature","properties":{"year":2025,"mt":1550.6,"base":1288.5,"top":2839.0},"geometry":{"type":"Point","coordinates":[-89.6,29.36]}},{"type":"Feature","properties":{"year":2023,"mt":89.1,"base":0.0,"top":89.1},"geometry":{"type":"Point","coordinates":[-89.6,29.38]}},{"type":"Feature","properties":{"year":2024,"mt":47.3,"base":89.1,"top":136.4},"geometry":{"type":"Point","coordinates":[-89.6,29.38]}},{"type":"Feature","properties":{"year":2025,"mt":47.7,"base":136.4,"top":184.1},"geometry":{"type":"Point","coordinates":[-89.6,29.38]}},{"type":"Feature","properties":{"year":2025,"mt":125.2,"base":0.0,"top":125.2},"geometry":{"type":"Point","coordinates":[-89.6,29.72]}},{"type":"Feature","properties":{"year":2025,"mt":58.0,"base":0.0,"top":58.0},"geometry":{"type":"Point","coordinates":[-89.6,30.0]}},{"type":"Feature","properties":{"year":2023,"mt":1293.1,"base":0.0,"top":1293.1},"geometry":{"type":"Point","coordinates":[-89.58,29.26]}},{"type":"Feature","properties":{"year":2024,"mt":1098.3,"base":1293.1,"top":2391.4},"geometry":{"type":"Point","coordinates":[-89.58,29.26]}},{"type":"Feature","properties":{"year":2025,"mt":2126.8,"base":2391.4,"top":4518.2},"geometry":{"type":"Point","coordinates":[-89.58,29.26]}},{"type":"Feature","properties":{"year":2023,"mt":31.8,"base":0.0,"top":31.8},"geometry":{"type":"Point","coordinates":[-89.58,29.28]}},{"type":"Feature","properties":{"year":2024,"mt":1445.5,"base":31.8,"top":1477.3},"geometry":{"type":"Point","coordinates":[-89.58,29.28]}},{"type":"Feature","properties":{"year":2025,"mt":1296.6,"base":1477.3,"top":2773.9},"geometry":{"type":"Point","coordinates":[-89.58,29.28]}},{"type":"Feature","properties":{"year":2023,"mt":162.1,"base":0.0,"top":162.1},"geometry":{"type":"Point","coordinates":[-89.58,29.3]}},{"type":"Feature","properties":{"year":2024,"mt":283.1,"base":162.1,"top":445.1},"geometry":{"type":"Point","coordinates":[-89.58,29.3]}},{"type":"Feature","properties":{"year":2025,"mt":1768.6,"base":445.1,"top":2213.7},"geometry":{"type":"Point","coordinates":[-89.58,29.3]}},{"type":"Feature","properties":{"year":2023,"mt":403.0,"base":0.0,"top":403.0},"geometry":{"type":"Point","coordinates":[-89.58,29.32]}},{"type":"Feature","properties":{"year":2024,"mt":4987.2,"base":403.0,"top":5390.2},"geometry":{"type":"Point","coordinates":[-89.58,29.32]}},{"type":"Feature","properties":{"year":2025,"mt":7384.3,"base":5390.2,"top":12774.6},"geometry":{"type":"Point","coordinates":[-89.58,29.32]}},{"type":"Feature","properties":{"year":2023,"mt":2417.9,"base":0.0,"top":2417.9},"geometry":{"type":"Point","coordinates":[-89.58,29.34]}},{"type":"Feature","properties":{"year":2024,"mt":5093.6,"base":2417.9,"top":7511.5},"geometry":{"type":"Point","coordinates":[-89.58,29.34]}},{"type":"Feature","properties":{"year":2025,"mt":5044.4,"base":7511.5,"top":12555.9},"geometry":{"type":"Point","coordinates":[-89.58,29.34]}},{"type":"Feature","properties":{"year":2024,"mt":139.7,"base":0.0,"top":139.7},"geometry":{"type":"Point","coordinates":[-89.58,29.36]}},{"type":"Feature","properties":{"year":2025,"mt":256.9,"base":139.7,"top":396.6},"geometry":{"type":"Point","coordinates":[-89.58,29.36]}},{"type":"Feature","properties":{"year":2025,"mt":57.9,"base":0.0,"top":57.9},"geometry":{"type":"Point","coordinates":[-89.58,29.68]}},{"type":"Feature","properties":{"year":2025,"mt":433.1,"base":0.0,"top":433.1},"geometry":{"type":"Point","coordinates":[-89.58,29.7]}},{"type":"Feature","properties":{"year":2025,"mt":24.1,"base":0.0,"top":24.1},"geometry":{"type":"Point","coordinates":[-89.58,29.72]}},{"type":"Feature","properties":{"year":2025,"mt":195.6,"base":0.0,"top":195.6},"geometry":{"type":"Point","coordinates":[-89.58,29.74]}},{"type":"Feature","properties":{"year":2025,"mt":165.7,"base":0.0,"top":165.7},"geometry":{"type":"Point","coordinates":[-89.58,30.0]}},{"type":"Feature","properties":{"year":2023,"mt":1922.6,"base":0.0,"top":1922.6},"geometry":{"type":"Point","coordinates":[-89.56,29.26]}},{"type":"Feature","properties":{"year":2024,"mt":1757.1,"base":1922.6,"top":3679.7},"geometry":{"type":"Point","coordinates":[-89.56,29.26]}},{"type":"Feature","properties":{"year":2025,"mt":4554.8,"base":3679.7,"top":8234.4},"geometry":{"type":"Point","coordinates":[-89.56,29.26]}},{"type":"Feature","properties":{"year":2023,"mt":1581.8,"base":0.0,"top":1581.8},"geometry":{"type":"Point","coordinates":[-89.56,29.28]}},{"type":"Feature","properties":{"year":2024,"mt":3251.1,"base":1581.8,"top":4833.0},"geometry":{"type":"Point","coordinates":[-89.56,29.28]}},{"type":"Feature","properties":{"year":2025,"mt":5946.3,"base":4833.0,"top":10779.2},"geometry":{"type":"Point","coordinates":[-89.56,29.28]}},{"type":"Feature","properties":{"year":2024,"mt":2472.9,"base":0.0,"top":2472.9},"geometry":{"type":"Point","coordinates":[-89.56,29.3]}},{"type":"Feature","properties":{"year":2025,"mt":3749.3,"base":2472.9,"top":6222.2},"geometry":{"type":"Point","coordinates":[-89.56,29.3]}},{"type":"Feature","properties":{"year":2024,"mt":2346.1,"base":0.0,"top":2346.1},"geometry":{"type":"Point","coordinates":[-89.56,29.32]}},{"type":"Feature","properties":{"year":2025,"mt":3829.4,"base":2346.1,"top":6175.5},"geometry":{"type":"Point","coordinates":[-89.56,29.32]}},{"type":"Feature","properties":{"year":2023,"mt":404.4,"base":0.0,"top":404.4},"geometry":{"type":"Point","coordinates":[-89.56,29.34]}},{"type":"Feature","properties":{"year":2024,"mt":1457.9,"base":404.4,"top":1862.3},"geometry":{"type":"Point","coordinates":[-89.56,29.34]}},{"type":"Feature","properties":{"year":2025,"mt":2480.7,"base":1862.3,"top":4343.0},"geometry":{"type":"Point","coordinates":[-89.56,29.34]}},{"type":"Feature","properties":{"year":2025,"mt":657.9,"base":0.0,"top":657.9},"geometry":{"type":"Point","coordinates":[-89.56,29.36]}},{"type":"Feature","properties":{"year":2025,"mt":402.0,"base":0.0,"top":402.0},"geometry":{"type":"Point","coordinates":[-89.56,29.68]}},{"type":"Feature","properties":{"year":2025,"mt":654.3,"base":0.0,"top":654.3},"geometry":{"type":"Point","coordinates":[-89.56,29.7]}},{"type":"Feature","properties":{"year":2025,"mt":28.8,"base":0.0,"top":28.8},"geometry":{"type":"Point","coordinates":[-89.56,29.72]}},{"type":"Feature","properties":{"year":2025,"mt":79.7,"base":0.0,"top":79.7},"geometry":{"type":"Point","coordinates":[-89.56,29.74]}},{"type":"Feature","properties":{"year":2025,"mt":65.0,"base":0.0,"top":65.0},"geometry":{"type":"Point","coordinates":[-89.54,29.24]}},{"type":"Feature","properties":{"year":2024,"mt":789.5,"base":0.0,"top":789.5},"geometry":{"type":"Point","coordinates":[-89.54,29.26]}},{"type":"Feature","properties":{"year":2025,"mt":2088.4,"base":789.5,"top":2877.8},"geometry":{"type":"Point","coordinates":[-89.54,29.26]}},{"type":"Feature","properties":{"year":2023,"mt":31.2,"base":0.0,"top":31.2},"geometry":{"type":"Point","coordinates":[-89.54,29.28]}},{"type":"Feature","properties":{"year":2024,"mt":791.0,"base":31.2,"top":822.2},"geometry":{"type":"Point","coordinates":[-89.54,29.28]}},{"type":"Feature","properties":{"year":2025,"mt":1896.2,"base":822.2,"top":2718.5},"geometry":{"type":"Point","coordinates":[-89.54,29.28]}},{"type":"Feature","properties":{"year":2024,"mt":914.1,"base":0.0,"top":914.1},"geometry":{"type":"Point","coordinates":[-89.54,29.3]}},{"type":"Feature","properties":{"year":2025,"mt":1585.8,"base":914.1,"top":2500.0},"geometry":{"type":"Point","coordinates":[-89.54,29.3]}},{"type":"Feature","properties":{"year":2024,"mt":74.9,"base":0.0,"top":74.9},"geometry":{"type":"Point","coordinates":[-89.54,29.32]}},{"type":"Feature","properties":{"year":2025,"mt":1170.1,"base":74.9,"top":1245.0},"geometry":{"type":"Point","coordinates":[-89.54,29.32]}},{"type":"Feature","properties":{"year":2024,"mt":189.8,"base":0.0,"top":189.8},"geometry":{"type":"Point","coordinates":[-89.54,29.34]}},{"type":"Feature","properties":{"year":2025,"mt":1873.4,"base":189.8,"top":2063.2},"geometry":{"type":"Point","coordinates":[-89.54,29.34]}},{"type":"Feature","properties":{"year":2025,"mt":38.7,"base":0.0,"top":38.7},"geometry":{"type":"Point","coordinates":[-89.54,29.36]}},{"type":"Feature","properties":{"year":2024,"mt":173.8,"base":0.0,"top":173.8},"geometry":{"type":"Point","coordinates":[-89.54,29.68]}},{"type":"Feature","properties":{"year":2025,"mt":612.7,"base":173.8,"top":786.5},"geometry":{"type":"Point","coordinates":[-89.54,29.68]}},{"type":"Feature","properties":{"year":2024,"mt":135.1,"base":0.0,"top":135.1},"geometry":{"type":"Point","coordinates":[-89.54,29.7]}},{"type":"Feature","properties":{"year":2025,"mt":773.6,"base":135.1,"top":908.7},"geometry":{"type":"Point","coordinates":[-89.54,29.7]}},{"type":"Feature","properties":{"year":2024,"mt":162.1,"base":0.0,"top":162.1},"geometry":{"type":"Point","coordinates":[-89.54,29.74]}},{"type":"Feature","properties":{"year":2025,"mt":1389.6,"base":162.1,"top":1551.7},"geometry":{"type":"Point","coordinates":[-89.54,29.74]}},{"type":"Feature","properties":{"year":2025,"mt":325.4,"base":0.0,"top":325.4},"geometry":{"type":"Point","coordinates":[-89.54,29.8]}},{"type":"Feature","properties":{"year":2025,"mt":12.7,"base":0.0,"top":12.7},"geometry":{"type":"Point","coordinates":[-89.54,29.86]}},{"type":"Feature","properties":{"year":2024,"mt":1099.4,"base":0.0,"top":1099.4},"geometry":{"type":"Point","coordinates":[-89.52,29.24]}},{"type":"Feature","properties":{"year":2025,"mt":1546.6,"base":1099.4,"top":2646.0},"geometry":{"type":"Point","coordinates":[-89.52,29.24]}},{"type":"Feature","properties":{"year":2024,"mt":766.0,"base":0.0,"top":766.0},"geometry":{"type":"Point","coordinates":[-89.52,29.26]}},{"type":"Feature","properties":{"year":2025,"mt":1648.4,"base":766.0,"top":2414.4},"geometry":{"type":"Point","coordinates":[-89.52,29.26]}},{"type":"Feature","properties":{"year":2024,"mt":911.0,"base":0.0,"top":911.0},"geometry":{"type":"Point","coordinates":[-89.52,29.28]}},{"type":"Feature","properties":{"year":2025,"mt":2326.1,"base":911.0,"top":3237.1},"geometry":{"type":"Point","coordinates":[-89.52,29.28]}},{"type":"Feature","properties":{"year":2024,"mt":2231.7,"base":0.0,"top":2231.7},"geometry":{"type":"Point","coordinates":[-89.52,29.3]}},{"type":"Feature","properties":{"year":2025,"mt":2748.8,"base":2231.7,"top":4980.4},"geometry":{"type":"Point","coordinates":[-89.52,29.3]}},{"type":"Feature","properties":{"year":2024,"mt":5.7,"base":0.0,"top":5.7},"geometry":{"type":"Point","coordinates":[-89.52,29.32]}},{"type":"Feature","properties":{"year":2025,"mt":939.9,"base":5.7,"top":945.5},"geometry":{"type":"Point","coordinates":[-89.52,29.32]}},{"type":"Feature","properties":{"year":2024,"mt":740.3,"base":0.0,"top":740.3},"geometry":{"type":"Point","coordinates":[-89.52,29.34]}},{"type":"Feature","properties":{"year":2025,"mt":670.7,"base":740.3,"top":1411.0},"geometry":{"type":"Point","coordinates":[-89.52,29.34]}},{"type":"Feature","properties":{"year":2025,"mt":120.0,"base":0.0,"top":120.0},"geometry":{"type":"Point","coordinates":[-89.52,29.78]}},{"type":"Feature","properties":{"year":2025,"mt":347.2,"base":0.0,"top":347.2},"geometry":{"type":"Point","coordinates":[-89.52,29.8]}},{"type":"Feature","properties":{"year":2025,"mt":920.3,"base":0.0,"top":920.3},"geometry":{"type":"Point","coordinates":[-89.52,29.82]}},{"type":"Feature","properties":{"year":2025,"mt":168.5,"base":0.0,"top":168.5},"geometry":{"type":"Point","coordinates":[-89.52,29.84]}},{"type":"Feature","properties":{"year":2025,"mt":14.0,"base":0.0,"top":14.0},"geometry":{"type":"Point","coordinates":[-89.52,29.86]}},{"type":"Feature","properties":{"year":2025,"mt":479.6,"base":0.0,"top":479.6},"geometry":{"type":"Point","coordinates":[-89.5,29.22]}},{"type":"Feature","properties":{"year":2024,"mt":363.5,"base":0.0,"top":363.5},"geometry":{"type":"Point","coordinates":[-89.5,29.24]}},{"type":"Feature","properties":{"year":2025,"mt":611.7,"base":363.5,"top":975.2},"geometry":{"type":"Point","coordinates":[-89.5,29.24]}},{"type":"Feature","properties":{"year":2025,"mt":224.4,"base":0.0,"top":224.4},"geometry":{"type":"Point","coordinates":[-89.5,29.26]}},{"type":"Feature","properties":{"year":2025,"mt":178.5,"base":0.0,"top":178.5},"geometry":{"type":"Point","coordinates":[-89.5,29.28]}},{"type":"Feature","properties":{"year":2024,"mt":1082.4,"base":0.0,"top":1082.4},"geometry":{"type":"Point","coordinates":[-89.5,29.3]}},{"type":"Feature","properties":{"year":2025,"mt":753.7,"base":1082.4,"top":1836.2},"geometry":{"type":"Point","coordinates":[-89.5,29.3]}},{"type":"Feature","properties":{"year":2024,"mt":36.9,"base":0.0,"top":36.9},"geometry":{"type":"Point","coordinates":[-89.5,29.32]}},{"type":"Feature","properties":{"year":2025,"mt":11.9,"base":36.9,"top":48.8},"geometry":{"type":"Point","coordinates":[-89.5,29.32]}},{"type":"Feature","properties":{"year":2025,"mt":0.4,"base":0.0,"top":0.4},"geometry":{"type":"Point","coordinates":[-89.5,29.7]}},{"type":"Feature","properties":{"year":2024,"mt":476.6,"base":0.0,"top":476.6},"geometry":{"type":"Point","coordinates":[-89.5,29.72]}},{"type":"Feature","properties":{"year":2025,"mt":1955.2,"base":476.6,"top":2431.8},"geometry":{"type":"Point","coordinates":[-89.5,29.72]}},{"type":"Feature","properties":{"year":2025,"mt":526.2,"base":0.0,"top":526.2},"geometry":{"type":"Point","coordinates":[-89.5,29.76]}},{"type":"Feature","properties":{"year":2025,"mt":838.6,"base":0.0,"top":838.6},"geometry":{"type":"Point","coordinates":[-89.5,29.78]}},{"type":"Feature","properties":{"year":2025,"mt":147.1,"base":0.0,"top":147.1},"geometry":{"type":"Point","coordinates":[-89.5,29.8]}},{"type":"Feature","properties":{"year":2025,"mt":1210.3,"base":0.0,"top":1210.3},"geometry":{"type":"Point","coordinates":[-89.5,29.82]}},{"type":"Feature","properties":{"year":2025,"mt":198.2,"base":0.0,"top":198.2},"geometry":{"type":"Point","coordinates":[-89.5,29.84]}},{"type":"Feature","properties":{"year":2024,"mt":25.7,"base":0.0,"top":25.7},"geometry":{"type":"Point","coordinates":[-89.5,30.02]}},{"type":"Feature","properties":{"year":2025,"mt":14.7,"base":25.7,"top":40.4},"geometry":{"type":"Point","coordinates":[-89.5,30.02]}},{"type":"Feature","properties":{"year":2025,"mt":83.3,"base":0.0,"top":83.3},"geometry":{"type":"Point","coordinates":[-89.48,29.24]}},{"type":"Feature","properties":{"year":2025,"mt":1611.1,"base":0.0,"top":1611.1},"geometry":{"type":"Point","coordinates":[-89.48,29.76]}},{"type":"Feature","properties":{"year":2025,"mt":77.7,"base":0.0,"top":77.7},"geometry":{"type":"Point","coordinates":[-89.48,29.78]}},{"type":"Feature","properties":{"year":2025,"mt":278.5,"base":0.0,"top":278.5},"geometry":{"type":"Point","coordinates":[-89.48,29.8]}},{"type":"Feature","properties":{"year":2025,"mt":1517.6,"base":0.0,"top":1517.6},"geometry":{"type":"Point","coordinates":[-89.48,29.82]}},{"type":"Feature","properties":{"year":2025,"mt":379.6,"base":0.0,"top":379.6},"geometry":{"type":"Point","coordinates":[-89.48,29.84]}},{"type":"Feature","properties":{"year":2025,"mt":281.0,"base":0.0,"top":281.0},"geometry":{"type":"Point","coordinates":[-89.48,29.86]}},{"type":"Feature","properties":{"year":2025,"mt":36.6,"base":0.0,"top":36.6},"geometry":{"type":"Point","coordinates":[-89.46,29.22]}},{"type":"Feature","properties":{"year":2024,"mt":17.8,"base":0.0,"top":17.8},"geometry":{"type":"Point","coordinates":[-89.46,29.7]}},{"type":"Feature","properties":{"year":2025,"mt":43.8,"base":17.8,"top":61.6},"geometry":{"type":"Point","coordinates":[-89.46,29.7]}},{"type":"Feature","properties":{"year":2025,"mt":47.9,"base":0.0,"top":47.9},"geometry":{"type":"Point","coordinates":[-89.46,29.72]}},{"type":"Feature","properties":{"year":2025,"mt":3524.9,"base":0.0,"top":3524.9},"geometry":{"type":"Point","coordinates":[-89.46,29.74]}},{"type":"Feature","properties":{"year":2025,"mt":1885.4,"base":0.0,"top":1885.4},"geometry":{"type":"Point","coordinates":[-89.46,29.76]}},{"type":"Feature","properties":{"year":2025,"mt":379.5,"base":0.0,"top":379.5},"geometry":{"type":"Point","coordinates":[-89.46,29.8]}},{"type":"Feature","properties":{"year":2025,"mt":418.0,"base":0.0,"top":418.0},"geometry":{"type":"Point","coordinates":[-89.46,29.82]}},{"type":"Feature","properties":{"year":2025,"mt":1.0,"base":0.0,"top":1.0},"geometry":{"type":"Point","coordinates":[-89.46,29.96]}},{"type":"Feature","properties":{"year":2025,"mt":167.9,"base":0.0,"top":167.9},"geometry":{"type":"Point","coordinates":[-89.46,29.98]}},{"type":"Feature","properties":{"year":2024,"mt":6.3,"base":0.0,"top":6.3},"geometry":{"type":"Point","coordinates":[-89.46,30.0]}},{"type":"Feature","properties":{"year":2025,"mt":31.6,"base":6.3,"top":38.0},"geometry":{"type":"Point","coordinates":[-89.46,30.0]}},{"type":"Feature","properties":{"year":2025,"mt":123.5,"base":0.0,"top":123.5},"geometry":{"type":"Point","coordinates":[-89.44,29.22]}},{"type":"Feature","properties":{"year":2024,"mt":450.3,"base":0.0,"top":450.3},"geometry":{"type":"Point","coordinates":[-89.44,29.72]}},{"type":"Feature","properties":{"year":2025,"mt":1363.1,"base":450.3,"top":1813.4},"geometry":{"type":"Point","coordinates":[-89.44,29.72]}},{"type":"Feature","properties":{"year":2024,"mt":312.4,"base":0.0,"top":312.4},"geometry":{"type":"Point","coordinates":[-89.44,29.74]}},{"type":"Feature","properties":{"year":2025,"mt":3796.2,"base":312.4,"top":4108.7},"geometry":{"type":"Point","coordinates":[-89.44,29.74]}},{"type":"Feature","properties":{"year":2024,"mt":1015.5,"base":0.0,"top":1015.5},"geometry":{"type":"Point","coordinates":[-89.44,29.76]}},{"type":"Feature","properties":{"year":2025,"mt":3229.8,"base":1015.5,"top":4245.3},"geometry":{"type":"Point","coordinates":[-89.44,29.76]}},{"type":"Feature","properties":{"year":2025,"mt":3089.3,"base":0.0,"top":3089.3},"geometry":{"type":"Point","coordinates":[-89.44,29.78]}},{"type":"Feature","properties":{"year":2025,"mt":3665.4,"base":0.0,"top":3665.4},"geometry":{"type":"Point","coordinates":[-89.44,29.8]}},{"type":"Feature","properties":{"year":2025,"mt":271.9,"base":0.0,"top":271.9},"geometry":{"type":"Point","coordinates":[-89.44,29.82]}},{"type":"Feature","properties":{"year":2024,"mt":290.7,"base":0.0,"top":290.7},"geometry":{"type":"Point","coordinates":[-89.44,29.98]}},{"type":"Feature","properties":{"year":2025,"mt":145.3,"base":290.7,"top":436.0},"geometry":{"type":"Point","coordinates":[-89.44,29.98]}},{"type":"Feature","properties":{"year":2025,"mt":228.5,"base":0.0,"top":228.5},"geometry":{"type":"Point","coordinates":[-89.42,29.72]}},{"type":"Feature","properties":{"year":2025,"mt":2055.7,"base":0.0,"top":2055.7},"geometry":{"type":"Point","coordinates":[-89.42,29.74]}},{"type":"Feature","properties":{"year":2024,"mt":621.1,"base":0.0,"top":621.1},"geometry":{"type":"Point","coordinates":[-89.42,29.76]}},{"type":"Feature","properties":{"year":2025,"mt":2253.4,"base":621.1,"top":2874.4},"geometry":{"type":"Point","coordinates":[-89.42,29.76]}},{"type":"Feature","properties":{"year":2025,"mt":240.6,"base":0.0,"top":240.6},"geometry":{"type":"Point","coordinates":[-89.42,29.78]}},{"type":"Feature","properties":{"year":2025,"mt":362.6,"base":0.0,"top":362.6},"geometry":{"type":"Point","coordinates":[-89.42,29.8]}},{"type":"Feature","properties":{"year":2025,"mt":1490.8,"base":0.0,"top":1490.8},"geometry":{"type":"Point","coordinates":[-89.42,29.82]}},{"type":"Feature","properties":{"year":2025,"mt":420.2,"base":0.0,"top":420.2},"geometry":{"type":"Point","coordinates":[-89.42,29.84]}},{"type":"Feature","properties":{"year":2025,"mt":380.7,"base":0.0,"top":380.7},"geometry":{"type":"Point","coordinates":[-89.42,29.86]}},{"type":"Feature","properties":{"year":2025,"mt":682.3,"base":0.0,"top":682.3},"geometry":{"type":"Point","coordinates":[-89.42,29.9]}},{"type":"Feature","properties":{"year":2024,"mt":50.9,"base":0.0,"top":50.9},"geometry":{"type":"Point","coordinates":[-89.42,29.92]}},{"type":"Feature","properties":{"year":2025,"mt":62.3,"base":50.9,"top":113.2},"geometry":{"type":"Point","coordinates":[-89.42,29.92]}},{"type":"Feature","properties":{"year":2025,"mt":393.1,"base":0.0,"top":393.1},"geometry":{"type":"Point","coordinates":[-89.42,29.98]}},{"type":"Feature","properties":{"year":2024,"mt":397.4,"base":0.0,"top":397.4},"geometry":{"type":"Point","coordinates":[-89.42,30.04]}},{"type":"Feature","properties":{"year":2025,"mt":372.7,"base":397.4,"top":770.2},"geometry":{"type":"Point","coordinates":[-89.42,30.04]}},{"type":"Feature","properties":{"year":2025,"mt":26.3,"base":0.0,"top":26.3},"geometry":{"type":"Point","coordinates":[-89.4,29.8]}},{"type":"Feature","properties":{"year":2024,"mt":170.3,"base":0.0,"top":170.3},"geometry":{"type":"Point","coordinates":[-89.4,29.82]}},{"type":"Feature","properties":{"year":2025,"mt":1329.5,"base":170.3,"top":1499.8},"geometry":{"type":"Point","coordinates":[-89.4,29.82]}},{"type":"Feature","properties":{"year":2024,"mt":133.6,"base":0.0,"top":133.6},"geometry":{"type":"Point","coordinates":[-89.4,29.84]}},{"type":"Feature","properties":{"year":2025,"mt":521.4,"base":133.6,"top":655.0},"geometry":{"type":"Point","coordinates":[-89.4,29.84]}},{"type":"Feature","properties":{"year":2025,"mt":365.9,"base":0.0,"top":365.9},"geometry":{"type":"Point","coordinates":[-89.4,29.86]}},{"type":"Feature","properties":{"year":2024,"mt":1088.6,"base":0.0,"top":1088.6},"geometry":{"type":"Point","coordinates":[-89.4,29.92]}},{"type":"Feature","properties":{"year":2025,"mt":897.7,"base":1088.6,"top":1986.3},"geometry":{"type":"Point","coordinates":[-89.4,29.92]}},{"type":"Feature","properties":{"year":2025,"mt":47.5,"base":0.0,"top":47.5},"geometry":{"type":"Point","coordinates":[-89.4,29.94]}},{"type":"Feature","properties":{"year":2025,"mt":285.3,"base":0.0,"top":285.3},"geometry":{"type":"Point","coordinates":[-89.4,29.96]}},{"type":"Feature","properties":{"year":2025,"mt":537.9,"base":0.0,"top":537.9},"geometry":{"type":"Point","coordinates":[-89.4,29.98]}},{"type":"Feature","properties":{"year":2024,"mt":189.2,"base":0.0,"top":189.2},"geometry":{"type":"Point","coordinates":[-89.4,30.0]}},{"type":"Feature","properties":{"year":2025,"mt":209.8,"base":189.2,"top":398.9},"geometry":{"type":"Point","coordinates":[-89.4,30.0]}},{"type":"Feature","properties":{"year":2024,"mt":19.9,"base":0.0,"top":19.9},"geometry":{"type":"Point","coordinates":[-89.4,30.04]}},{"type":"Feature","properties":{"year":2025,"mt":70.6,"base":19.9,"top":90.4},"geometry":{"type":"Point","coordinates":[-89.4,30.04]}},{"type":"Feature","properties":{"year":2025,"mt":318.7,"base":0.0,"top":318.7},"geometry":{"type":"Point","coordinates":[-89.38,29.8]}},{"type":"Feature","properties":{"year":2024,"mt":431.1,"base":0.0,"top":431.1},"geometry":{"type":"Point","coordinates":[-89.38,29.82]}},{"type":"Feature","properties":{"year":2025,"mt":2290.1,"base":431.1,"top":2721.3},"geometry":{"type":"Point","coordinates":[-89.38,29.82]}},{"type":"Feature","properties":{"year":2024,"mt":316.4,"base":0.0,"top":316.4},"geometry":{"type":"Point","coordinates":[-89.38,29.84]}},{"type":"Feature","properties":{"year":2025,"mt":2385.5,"base":316.4,"top":2701.9},"geometry":{"type":"Point","coordinates":[-89.38,29.84]}},{"type":"Feature","properties":{"year":2025,"mt":96.8,"base":0.0,"top":96.8},"geometry":{"type":"Point","coordinates":[-89.38,29.86]}},{"type":"Feature","properties":{"year":2024,"mt":118.1,"base":0.0,"top":118.1},"geometry":{"type":"Point","coordinates":[-89.38,29.88]}},{"type":"Feature","properties":{"year":2025,"mt":231.2,"base":118.1,"top":349.3},"geometry":{"type":"Point","coordinates":[-89.38,29.88]}},{"type":"Feature","properties":{"year":2024,"mt":144.6,"base":0.0,"top":144.6},"geometry":{"type":"Point","coordinates":[-89.38,29.9]}},{"type":"Feature","properties":{"year":2025,"mt":1356.7,"base":144.6,"top":1501.3},"geometry":{"type":"Point","coordinates":[-89.38,29.9]}},{"type":"Feature","properties":{"year":2024,"mt":907.2,"base":0.0,"top":907.2},"geometry":{"type":"Point","coordinates":[-89.38,29.92]}},{"type":"Feature","properties":{"year":2025,"mt":1310.8,"base":907.2,"top":2218.0},"geometry":{"type":"Point","coordinates":[-89.38,29.92]}},{"type":"Feature","properties":{"year":2024,"mt":31.5,"base":0.0,"top":31.5},"geometry":{"type":"Point","coordinates":[-89.38,29.94]}},{"type":"Feature","properties":{"year":2025,"mt":306.5,"base":31.5,"top":338.1},"geometry":{"type":"Point","coordinates":[-89.38,29.94]}},{"type":"Feature","properties":{"year":2025,"mt":1333.3,"base":0.0,"top":1333.3},"geometry":{"type":"Point","coordinates":[-89.38,29.96]}},{"type":"Feature","properties":{"year":2025,"mt":409.8,"base":0.0,"top":409.8},"geometry":{"type":"Point","coordinates":[-89.38,29.98]}},{"type":"Feature","properties":{"year":2023,"mt":50.8,"base":0.0,"top":50.8},"geometry":{"type":"Point","coordinates":[-89.38,30.0]}},{"type":"Feature","properties":{"year":2024,"mt":47.3,"base":50.8,"top":98.1},"geometry":{"type":"Point","coordinates":[-89.38,30.0]}},{"type":"Feature","properties":{"year":2025,"mt":389.6,"base":98.1,"top":487.7},"geometry":{"type":"Point","coordinates":[-89.38,30.0]}},{"type":"Feature","properties":{"year":2024,"mt":38.0,"base":0.0,"top":38.0},"geometry":{"type":"Point","coordinates":[-89.38,30.02]}},{"type":"Feature","properties":{"year":2025,"mt":1099.0,"base":38.0,"top":1137.0},"geometry":{"type":"Point","coordinates":[-89.38,30.02]}},{"type":"Feature","properties":{"year":2024,"mt":278.0,"base":0.0,"top":278.0},"geometry":{"type":"Point","coordinates":[-89.36,29.82]}},{"type":"Feature","properties":{"year":2025,"mt":361.5,"base":278.0,"top":639.5},"geometry":{"type":"Point","coordinates":[-89.36,29.82]}},{"type":"Feature","properties":{"year":2024,"mt":1724.2,"base":0.0,"top":1724.2},"geometry":{"type":"Point","coordinates":[-89.36,29.84]}},{"type":"Feature","properties":{"year":2025,"mt":6669.7,"base":1724.2,"top":8393.9},"geometry":{"type":"Point","coordinates":[-89.36,29.84]}},{"type":"Feature","properties":{"year":2024,"mt":101.2,"base":0.0,"top":101.2},"geometry":{"type":"Point","coordinates":[-89.36,29.86]}},{"type":"Feature","properties":{"year":2025,"mt":83.1,"base":101.2,"top":184.3},"geometry":{"type":"Point","coordinates":[-89.36,29.86]}},{"type":"Feature","properties":{"year":2024,"mt":167.3,"base":0.0,"top":167.3},"geometry":{"type":"Point","coordinates":[-89.36,29.88]}},{"type":"Feature","properties":{"year":2025,"mt":252.1,"base":167.3,"top":419.3},"geometry":{"type":"Point","coordinates":[-89.36,29.88]}},{"type":"Feature","properties":{"year":2024,"mt":225.5,"base":0.0,"top":225.5},"geometry":{"type":"Point","coordinates":[-89.36,29.9]}},{"type":"Feature","properties":{"year":2025,"mt":1749.6,"base":225.5,"top":1975.0},"geometry":{"type":"Point","coordinates":[-89.36,29.9]}},{"type":"Feature","properties":{"year":2024,"mt":105.3,"base":0.0,"top":105.3},"geometry":{"type":"Point","coordinates":[-89.36,29.92]}},{"type":"Feature","properties":{"year":2025,"mt":1183.4,"base":105.3,"top":1288.7},"geometry":{"type":"Point","coordinates":[-89.36,29.92]}},{"type":"Feature","properties":{"year":2024,"mt":1070.6,"base":0.0,"top":1070.6},"geometry":{"type":"Point","coordinates":[-89.36,29.94]}},{"type":"Feature","properties":{"year":2025,"mt":1951.5,"base":1070.6,"top":3022.1},"geometry":{"type":"Point","coordinates":[-89.36,29.94]}},{"type":"Feature","properties":{"year":2025,"mt":105.3,"base":0.0,"top":105.3},"geometry":{"type":"Point","coordinates":[-89.36,29.96]}},{"type":"Feature","properties":{"year":2025,"mt":944.0,"base":0.0,"top":944.0},"geometry":{"type":"Point","coordinates":[-89.36,29.98]}},{"type":"Feature","properties":{"year":2025,"mt":1046.6,"base":0.0,"top":1046.6},"geometry":{"type":"Point","coordinates":[-89.36,30.0]}},{"type":"Feature","properties":{"year":2024,"mt":25.7,"base":0.0,"top":25.7},"geometry":{"type":"Point","coordinates":[-89.34,29.82]}},{"type":"Feature","properties":{"year":2025,"mt":1687.3,"base":25.7,"top":1713.1},"geometry":{"type":"Point","coordinates":[-89.34,29.82]}},{"type":"Feature","properties":{"year":2024,"mt":1316.1,"base":0.0,"top":1316.1},"geometry":{"type":"Point","coordinates":[-89.34,29.84]}},{"type":"Feature","properties":{"year":2025,"mt":5834.6,"base":1316.1,"top":7150.8},"geometry":{"type":"Point","coordinates":[-89.34,29.84]}},{"type":"Feature","properties":{"year":2024,"mt":0.3,"base":0.0,"top":0.3},"geometry":{"type":"Point","coordinates":[-89.34,29.86]}},{"type":"Feature","properties":{"year":2025,"mt":994.4,"base":0.3,"top":994.6},"geometry":{"type":"Point","coordinates":[-89.34,29.86]}},{"type":"Feature","properties":{"year":2024,"mt":187.1,"base":0.0,"top":187.1},"geometry":{"type":"Point","coordinates":[-89.34,29.88]}},{"type":"Feature","properties":{"year":2025,"mt":574.2,"base":187.1,"top":761.3},"geometry":{"type":"Point","coordinates":[-89.34,29.88]}},{"type":"Feature","properties":{"year":2024,"mt":547.0,"base":0.0,"top":547.0},"geometry":{"type":"Point","coordinates":[-89.34,29.9]}},{"type":"Feature","properties":{"year":2025,"mt":2020.3,"base":547.0,"top":2567.3},"geometry":{"type":"Point","coordinates":[-89.34,29.9]}},{"type":"Feature","properties":{"year":2025,"mt":3684.0,"base":0.0,"top":3684.0},"geometry":{"type":"Point","coordinates":[-89.34,29.92]}},{"type":"Feature","properties":{"year":2023,"mt":162.8,"base":0.0,"top":162.8},"geometry":{"type":"Point","coordinates":[-89.34,29.94]}},{"type":"Feature","properties":{"year":2024,"mt":30.6,"base":162.8,"top":193.4},"geometry":{"type":"Point","coordinates":[-89.34,29.94]}},{"type":"Feature","properties":{"year":2025,"mt":712.2,"base":193.4,"top":905.5},"geometry":{"type":"Point","coordinates":[-89.34,29.94]}},{"type":"Feature","properties":{"year":2023,"mt":170.1,"base":0.0,"top":170.1},"geometry":{"type":"Point","coordinates":[-89.34,29.96]}},{"type":"Feature","properties":{"year":2024,"mt":437.8,"base":170.1,"top":607.9},"geometry":{"type":"Point","coordinates":[-89.34,29.96]}},{"type":"Feature","properties":{"year":2025,"mt":735.0,"base":607.9,"top":1342.9},"geometry":{"type":"Point","coordinates":[-89.34,29.96]}},{"type":"Feature","properties":{"year":2023,"mt":444.6,"base":0.0,"top":444.6},"geometry":{"type":"Point","coordinates":[-89.34,29.98]}},{"type":"Feature","properties":{"year":2024,"mt":661.4,"base":444.6,"top":1106.0},"geometry":{"type":"Point","coordinates":[-89.34,29.98]}},{"type":"Feature","properties":{"year":2025,"mt":2233.5,"base":1106.0,"top":3339.5},"geometry":{"type":"Point","coordinates":[-89.34,29.98]}},{"type":"Feature","properties":{"year":2023,"mt":1369.6,"base":0.0,"top":1369.6},"geometry":{"type":"Point","coordinates":[-89.34,30.0]}},{"type":"Feature","properties":{"year":2024,"mt":1064.4,"base":1369.6,"top":2434.0},"geometry":{"type":"Point","coordinates":[-89.34,30.0]}},{"type":"Feature","properties":{"year":2025,"mt":2901.5,"base":2434.0,"top":5335.5},"geometry":{"type":"Point","coordinates":[-89.34,30.0]}},{"type":"Feature","properties":{"year":2025,"mt":14.3,"base":0.0,"top":14.3},"geometry":{"type":"Point","coordinates":[-89.32,29.82]}},{"type":"Feature","properties":{"year":2024,"mt":264.2,"base":0.0,"top":264.2},"geometry":{"type":"Point","coordinates":[-89.32,29.84]}},{"type":"Feature","properties":{"year":2025,"mt":2431.9,"base":264.2,"top":2696.0},"geometry":{"type":"Point","coordinates":[-89.32,29.84]}},{"type":"Feature","properties":{"year":2025,"mt":199.2,"base":0.0,"top":199.2},"geometry":{"type":"Point","coordinates":[-89.32,29.88]}},{"type":"Feature","properties":{"year":2024,"mt":3508.9,"base":0.0,"top":3508.9},"geometry":{"type":"Point","coordinates":[-89.32,29.9]}},{"type":"Feature","properties":{"year":2025,"mt":4998.2,"base":3508.9,"top":8507.0},"geometry":{"type":"Point","coordinates":[-89.32,29.9]}},{"type":"Feature","properties":{"year":2024,"mt":643.0,"base":0.0,"top":643.0},"geometry":{"type":"Point","coordinates":[-89.32,29.92]}},{"type":"Feature","properties":{"year":2025,"mt":2276.2,"base":643.0,"top":2919.3},"geometry":{"type":"Point","coordinates":[-89.32,29.92]}},{"type":"Feature","properties":{"year":2024,"mt":0.0,"base":0.0,"top":0.0},"geometry":{"type":"Point","coordinates":[-89.32,29.94]}},{"type":"Feature","properties":{"year":2025,"mt":1037.4,"base":0.0,"top":1037.4},"geometry":{"type":"Point","coordinates":[-89.32,29.96]}},{"type":"Feature","properties":{"year":2023,"mt":4722.1,"base":0.0,"top":4722.1},"geometry":{"type":"Point","coordinates":[-89.32,29.98]}},{"type":"Feature","properties":{"year":2024,"mt":2097.0,"base":4722.1,"top":6819.1},"geometry":{"type":"Point","coordinates":[-89.32,29.98]}},{"type":"Feature","properties":{"year":2025,"mt":3585.8,"base":6819.1,"top":10404.9},"geometry":{"type":"Point","coordinates":[-89.32,29.98]}},{"type":"Feature","properties":{"year":2023,"mt":71.7,"base":0.0,"top":71.7},"geometry":{"type":"Point","coordinates":[-89.32,30.0]}},{"type":"Feature","properties":{"year":2024,"mt":1225.8,"base":71.7,"top":1297.5},"geometry":{"type":"Point","coordinates":[-89.32,30.0]}},{"type":"Feature","properties":{"year":2025,"mt":4621.0,"base":1297.5,"top":5918.5},"geometry":{"type":"Point","coordinates":[-89.32,30.0]}},{"type":"Feature","properties":{"year":2025,"mt":947.8,"base":0.0,"top":947.8},"geometry":{"type":"Point","coordinates":[-89.32,30.04]}},{"type":"Feature","properties":{"year":2024,"mt":1504.0,"base":0.0,"top":1504.0},"geometry":{"type":"Point","coordinates":[-89.3,29.84]}},{"type":"Feature","properties":{"year":2025,"mt":3287.5,"base":1504.0,"top":4791.6},"geometry":{"type":"Point","coordinates":[-89.3,29.84]}},{"type":"Feature","properties":{"year":2024,"mt":36.7,"base":0.0,"top":36.7},"geometry":{"type":"Point","coordinates":[-89.3,29.86]}},{"type":"Feature","properties":{"year":2025,"mt":3192.3,"base":36.7,"top":3229.1},"geometry":{"type":"Point","coordinates":[-89.3,29.86]}},{"type":"Feature","properties":{"year":2025,"mt":988.2,"base":0.0,"top":988.2},"geometry":{"type":"Point","coordinates":[-89.3,29.88]}},{"type":"Feature","properties":{"year":2024,"mt":161.2,"base":0.0,"top":161.2},"geometry":{"type":"Point","coordinates":[-89.3,29.9]}},{"type":"Feature","properties":{"year":2025,"mt":1053.8,"base":161.2,"top":1215.0},"geometry":{"type":"Point","coordinates":[-89.3,29.9]}},{"type":"Feature","properties":{"year":2025,"mt":904.6,"base":0.0,"top":904.6},"geometry":{"type":"Point","coordinates":[-89.3,29.92]}},{"type":"Feature","properties":{"year":2024,"mt":77.0,"base":0.0,"top":77.0},"geometry":{"type":"Point","coordinates":[-89.3,29.94]}},{"type":"Feature","properties":{"year":2025,"mt":1709.4,"base":77.0,"top":1786.4},"geometry":{"type":"Point","coordinates":[-89.3,29.94]}},{"type":"Feature","properties":{"year":2025,"mt":1407.1,"base":0.0,"top":1407.1},"geometry":{"type":"Point","coordinates":[-89.3,29.96]}},{"type":"Feature","properties":{"year":2023,"mt":173.6,"base":0.0,"top":173.6},"geometry":{"type":"Point","coordinates":[-89.3,29.98]}},{"type":"Feature","properties":{"year":2024,"mt":284.9,"base":173.6,"top":458.5},"geometry":{"type":"Point","coordinates":[-89.3,29.98]}},{"type":"Feature","properties":{"year":2025,"mt":2338.8,"base":458.5,"top":2797.3},"geometry":{"type":"Point","coordinates":[-89.3,29.98]}},{"type":"Feature","properties":{"year":2024,"mt":286.7,"base":0.0,"top":286.7},"geometry":{"type":"Point","coordinates":[-89.3,30.0]}},{"type":"Feature","properties":{"year":2025,"mt":961.0,"base":286.7,"top":1247.7},"geometry":{"type":"Point","coordinates":[-89.3,30.0]}},{"type":"Feature","properties":{"year":2024,"mt":2247.1,"base":0.0,"top":2247.1},"geometry":{"type":"Point","coordinates":[-89.3,30.04]}},{"type":"Feature","properties":{"year":2025,"mt":2333.6,"base":2247.1,"top":4580.6},"geometry":{"type":"Point","coordinates":[-89.3,30.04]}},{"type":"Feature","properties":{"year":2024,"mt":137.5,"base":0.0,"top":137.5},"geometry":{"type":"Point","coordinates":[-89.28,29.84]}},{"type":"Feature","properties":{"year":2025,"mt":137.3,"base":137.5,"top":274.8},"geometry":{"type":"Point","coordinates":[-89.28,29.84]}},{"type":"Feature","properties":{"year":2025,"mt":498.5,"base":0.0,"top":498.5},"geometry":{"type":"Point","coordinates":[-89.28,29.86]}},{"type":"Feature","properties":{"year":2024,"mt":533.4,"base":0.0,"top":533.4},"geometry":{"type":"Point","coordinates":[-89.28,29.92]}},{"type":"Feature","properties":{"year":2025,"mt":886.0,"base":533.4,"top":1419.4},"geometry":{"type":"Point","coordinates":[-89.28,29.92]}},{"type":"Feature","properties":{"year":2024,"mt":660.3,"base":0.0,"top":660.3},"geometry":{"type":"Point","coordinates":[-89.28,29.94]}},{"type":"Feature","properties":{"year":2025,"mt":1369.9,"base":660.3,"top":2030.2},"geometry":{"type":"Point","coordinates":[-89.28,29.94]}},{"type":"Feature","properties":{"year":2024,"mt":143.5,"base":0.0,"top":143.5},"geometry":{"type":"Point","coordinates":[-89.28,29.96]}},{"type":"Feature","properties":{"year":2023,"mt":1589.2,"base":0.0,"top":1589.2},"geometry":{"type":"Point","coordinates":[-89.28,29.98]}},{"type":"Feature","properties":{"year":2024,"mt":1470.7,"base":1589.2,"top":3059.9},"geometry":{"type":"Point","coordinates":[-89.28,29.98]}},{"type":"Feature","properties":{"year":2025,"mt":879.2,"base":3059.9,"top":3939.1},"geometry":{"type":"Point","coordinates":[-89.28,29.98]}},{"type":"Feature","properties":{"year":2023,"mt":731.3,"base":0.0,"top":731.3},"geometry":{"type":"Point","coordinates":[-89.28,30.0]}},{"type":"Feature","properties":{"year":2024,"mt":3642.9,"base":731.3,"top":4374.2},"geometry":{"type":"Point","coordinates":[-89.28,30.0]}},{"type":"Feature","properties":{"year":2025,"mt":3509.9,"base":4374.2,"top":7884.1},"geometry":{"type":"Point","coordinates":[-89.28,30.0]}},{"type":"Feature","properties":{"year":2024,"mt":56.6,"base":0.0,"top":56.6},"geometry":{"type":"Point","coordinates":[-89.28,30.02]}},{"type":"Feature","properties":{"year":2025,"mt":198.8,"base":56.6,"top":255.4},"geometry":{"type":"Point","coordinates":[-89.28,30.02]}},{"type":"Feature","properties":{"year":2024,"mt":201.7,"base":0.0,"top":201.7},"geometry":{"type":"Point","coordinates":[-89.28,30.04]}},{"type":"Feature","properties":{"year":2025,"mt":245.5,"base":201.7,"top":447.2},"geometry":{"type":"Point","coordinates":[-89.28,30.04]}},{"type":"Feature","properties":{"year":2025,"mt":99.4,"base":0.0,"top":99.4},"geometry":{"type":"Point","coordinates":[-89.28,30.06]}},{"type":"Feature","properties":{"year":2023,"mt":320.1,"base":0.0,"top":320.1},"geometry":{"type":"Point","coordinates":[-89.26,29.94]}},{"type":"Feature","properties":{"year":2024,"mt":607.6,"base":320.1,"top":927.7},"geometry":{"type":"Point","coordinates":[-89.26,29.94]}},{"type":"Feature","properties":{"year":2025,"mt":670.0,"base":927.7,"top":1597.7},"geometry":{"type":"Point","coordinates":[-89.26,29.94]}},{"type":"Feature","properties":{"year":2024,"mt":473.7,"base":0.0,"top":473.7},"geometry":{"type":"Point","coordinates":[-89.26,29.96]}},{"type":"Feature","properties":{"year":2025,"mt":544.1,"base":473.7,"top":1017.9},"geometry":{"type":"Point","coordinates":[-89.26,29.96]}},{"type":"Feature","properties":{"year":2024,"mt":381.2,"base":0.0,"top":381.2},"geometry":{"type":"Point","coordinates":[-89.26,29.98]}},{"type":"Feature","properties":{"year":2025,"mt":1303.1,"base":381.2,"top":1684.2},"geometry":{"type":"Point","coordinates":[-89.26,29.98]}},{"type":"Feature","properties":{"year":2023,"mt":2458.8,"base":0.0,"top":2458.8},"geometry":{"type":"Point","coordinates":[-89.26,30.0]}},{"type":"Feature","properties":{"year":2024,"mt":5114.3,"base":2458.8,"top":7573.1},"geometry":{"type":"Point","coordinates":[-89.26,30.0]}},{"type":"Feature","properties":{"year":2025,"mt":6569.1,"base":7573.1,"top":14142.3},"geometry":{"type":"Point","coordinates":[-89.26,30.0]}},{"type":"Feature","properties":{"year":2024,"mt":2643.1,"base":0.0,"top":2643.1},"geometry":{"type":"Point","coordinates":[-89.26,30.02]}},{"type":"Feature","properties":{"year":2025,"mt":2303.3,"base":2643.1,"top":4946.4},"geometry":{"type":"Point","coordinates":[-89.26,30.02]}},{"type":"Feature","properties":{"year":2024,"mt":1283.9,"base":0.0,"top":1283.9},"geometry":{"type":"Point","coordinates":[-89.26,30.04]}},{"type":"Feature","properties":{"year":2025,"mt":3822.2,"base":1283.9,"top":5106.1},"geometry":{"type":"Point","coordinates":[-89.26,30.04]}},{"type":"Feature","properties":{"year":2025,"mt":1261.2,"base":0.0,"top":1261.2},"geometry":{"type":"Point","coordinates":[-89.26,30.06]}},{"type":"Feature","properties":{"year":2024,"mt":356.1,"base":0.0,"top":356.1},"geometry":{"type":"Point","coordinates":[-89.24,29.94]}},{"type":"Feature","properties":{"year":2025,"mt":534.1,"base":356.1,"top":890.2},"geometry":{"type":"Point","coordinates":[-89.24,29.94]}},{"type":"Feature","properties":{"year":2024,"mt":1134.6,"base":0.0,"top":1134.6},"geometry":{"type":"Point","coordinates":[-89.24,29.96]}},{"type":"Feature","properties":{"year":2025,"mt":4096.4,"base":1134.6,"top":5231.0},"geometry":{"type":"Point","coordinates":[-89.24,29.96]}},{"type":"Feature","properties":{"year":2024,"mt":179.4,"base":0.0,"top":179.4},"geometry":{"type":"Point","coordinates":[-89.24,29.98]}},{"type":"Feature","properties":{"year":2025,"mt":1436.8,"base":179.4,"top":1616.2},"geometry":{"type":"Point","coordinates":[-89.24,29.98]}},{"type":"Feature","properties":{"year":2023,"mt":548.5,"base":0.0,"top":548.5},"geometry":{"type":"Point","coordinates":[-89.24,30.0]}},{"type":"Feature","properties":{"year":2024,"mt":1181.3,"base":548.5,"top":1729.7},"geometry":{"type":"Point","coordinates":[-89.24,30.0]}},{"type":"Feature","properties":{"year":2025,"mt":2625.8,"base":1729.7,"top":4355.5},"geometry":{"type":"Point","coordinates":[-89.24,30.0]}},{"type":"Feature","properties":{"year":2023,"mt":993.2,"base":0.0,"top":993.2},"geometry":{"type":"Point","coordinates":[-89.24,30.02]}},{"type":"Feature","properties":{"year":2024,"mt":1316.9,"base":993.2,"top":2310.1},"geometry":{"type":"Point","coordinates":[-89.24,30.02]}},{"type":"Feature","properties":{"year":2025,"mt":2371.7,"base":2310.1,"top":4681.8},"geometry":{"type":"Point","coordinates":[-89.24,30.02]}},{"type":"Feature","properties":{"year":2024,"mt":5.0,"base":0.0,"top":5.0},"geometry":{"type":"Point","coordinates":[-89.24,30.04]}},{"type":"Feature","properties":{"year":2025,"mt":1731.9,"base":5.0,"top":1736.9},"geometry":{"type":"Point","coordinates":[-89.24,30.04]}},{"type":"Feature","properties":{"year":2025,"mt":121.6,"base":0.0,"top":121.6},"geometry":{"type":"Point","coordinates":[-89.24,30.06]}},{"type":"Feature","properties":{"year":2025,"mt":1.0,"base":0.0,"top":1.0},"geometry":{"type":"Point","coordinates":[-89.24,30.12]}},{"type":"Feature","properties":{"year":2024,"mt":187.1,"base":0.0,"top":187.1},"geometry":{"type":"Point","coordinates":[-89.22,29.96]}},{"type":"Feature","properties":{"year":2025,"mt":42.2,"base":187.1,"top":229.3},"geometry":{"type":"Point","coordinates":[-89.22,29.96]}},{"type":"Feature","properties":{"year":2024,"mt":609.8,"base":0.0,"top":609.8},"geometry":{"type":"Point","coordinates":[-89.22,30.0]}},{"type":"Feature","properties":{"year":2025,"mt":313.7,"base":609.8,"top":923.6},"geometry":{"type":"Point","coordinates":[-89.22,30.0]}},{"type":"Feature","properties":{"year":2025,"mt":3.1,"base":0.0,"top":3.1},"geometry":{"type":"Point","coordinates":[-76.28,38.74]}},{"type":"Feature","properties":{"year":2025,"mt":15.7,"base":0.0,"top":15.7},"geometry":{"type":"Point","coordinates":[-76.24,38.78]}},{"type":"Feature","properties":{"year":2025,"mt":0.1,"base":0.0,"top":0.1},"geometry":{"type":"Point","coordinates":[-76.24,38.8]}},{"type":"Feature","properties":{"year":2025,"mt":88.6,"base":0.0,"top":88.6},"geometry":{"type":"Point","coordinates":[-76.22,38.72]}},{"type":"Feature","properties":{"year":2025,"mt":93.2,"base":0.0,"top":93.2},"geometry":{"type":"Point","coordinates":[-76.22,38.78]}},{"type":"Feature","properties":{"year":2025,"mt":62.4,"base":0.0,"top":62.4},"geometry":{"type":"Point","coordinates":[-76.2,38.74]}},{"type":"Feature","properties":{"year":2025,"mt":51.5,"base":0.0,"top":51.5},"geometry":{"type":"Point","coordinates":[-76.18,38.7]}},{"type":"Feature","properties":{"year":2025,"mt":0.0,"base":0.0,"top":0.0},"geometry":{"type":"Point","coordinates":[-76.18,38.72]}},{"type":"Feature","properties":{"year":2025,"mt":10.3,"base":0.0,"top":10.3},"geometry":{"type":"Point","coordinates":[-76.14,38.6]}},{"type":"Feature","properties":{"year":2025,"mt":0.2,"base":0.0,"top":0.2},"geometry":{"type":"Point","coordinates":[-76.14,38.72]}},{"type":"Feature","properties":{"year":2025,"mt":58.8,"base":0.0,"top":58.8},"geometry":{"type":"Point","coordinates":[-76.14,38.74]}},{"type":"Feature","properties":{"year":2025,"mt":7.9,"base":0.0,"top":7.9},"geometry":{"type":"Point","coordinates":[-76.12,38.7]}},{"type":"Feature","properties":{"year":2025,"mt":17.7,"base":0.0,"top":17.7},"geometry":{"type":"Point","coordinates":[-76.12,38.74]}},{"type":"Feature","properties":{"year":2025,"mt":53.7,"base":0.0,"top":53.7},"geometry":{"type":"Point","coordinates":[-76.1,38.24]}},{"type":"Feature","properties":{"year":2025,"mt":118.9,"base":0.0,"top":118.9},"geometry":{"type":"Point","coordinates":[-76.08,38.24]}},{"type":"Feature","properties":{"year":2025,"mt":122.8,"base":0.0,"top":122.8},"geometry":{"type":"Point","coordinates":[-76.06,38.22]}},{"type":"Feature","properties":{"year":2025,"mt":231.2,"base":0.0,"top":231.2},"geometry":{"type":"Point","coordinates":[-76.02,38.32]}},{"type":"Feature","properties":{"year":2025,"mt":16.2,"base":0.0,"top":16.2},"geometry":{"type":"Point","coordinates":[-76.02,38.34]}},{"type":"Feature","properties":{"year":2025,"mt":443.9,"base":0.0,"top":443.9},"geometry":{"type":"Point","coordinates":[-76.0,38.32]}},{"type":"Feature","properties":{"year":2025,"mt":56.5,"base":0.0,"top":56.5},"geometry":{"type":"Point","coordinates":[-75.98,38.32]}},{"type":"Feature","properties":{"year":2025,"mt":785.8,"base":0.0,"top":785.8},"geometry":{"type":"Point","coordinates":[-75.96,38.16]}},{"type":"Feature","properties":{"year":2025,"mt":99.8,"base":0.0,"top":99.8},"geometry":{"type":"Point","coordinates":[-75.94,38.12]}},{"type":"Feature","properties":{"year":2025,"mt":2.8,"base":0.0,"top":2.8},"geometry":{"type":"Point","coordinates":[-75.94,38.24]}},{"type":"Feature","properties":{"year":2025,"mt":529.3,"base":0.0,"top":529.3},"geometry":{"type":"Point","coordinates":[-75.94,38.26]}},{"type":"Feature","properties":{"year":2025,"mt":268.8,"base":0.0,"top":268.8},"geometry":{"type":"Point","coordinates":[-75.94,38.28]}},{"type":"Feature","properties":{"year":2025,"mt":35.0,"base":0.0,"top":35.0},"geometry":{"type":"Point","coordinates":[-75.94,38.3]}},{"type":"Feature","properties":{"year":2025,"mt":136.4,"base":0.0,"top":136.4},"geometry":{"type":"Point","coordinates":[-75.92,38.12]}},{"type":"Feature","properties":{"year":2025,"mt":184.1,"base":0.0,"top":184.1},"geometry":{"type":"Point","coordinates":[-75.92,38.24]}},{"type":"Feature","properties":{"year":2025,"mt":245.7,"base":0.0,"top":245.7},"geometry":{"type":"Point","coordinates":[-75.92,38.26]}},{"type":"Feature","properties":{"year":2025,"mt":349.1,"base":0.0,"top":349.1},"geometry":{"type":"Point","coordinates":[-75.92,38.28]}},{"type":"Feature","properties":{"year":2025,"mt":133.2,"base":0.0,"top":133.2},"geometry":{"type":"Point","coordinates":[-75.92,38.3]}},{"type":"Feature","properties":{"year":2025,"mt":721.3,"base":0.0,"top":721.3},"geometry":{"type":"Point","coordinates":[-75.92,38.32]}},{"type":"Feature","properties":{"year":2025,"mt":18.7,"base":0.0,"top":18.7},"geometry":{"type":"Point","coordinates":[-75.9,38.28]}},{"type":"Feature","properties":{"year":2025,"mt":460.3,"base":0.0,"top":460.3},"geometry":{"type":"Point","coordinates":[-75.88,38.2]}},{"type":"Feature","properties":{"year":2025,"mt":76.9,"base":0.0,"top":76.9},"geometry":{"type":"Point","coordinates":[-75.88,38.22]}},{"type":"Feature","properties":{"year":2025,"mt":127.7,"base":0.0,"top":127.7},"geometry":{"type":"Point","coordinates":[-75.88,38.24]}},{"type":"Feature","properties":{"year":2025,"mt":18.3,"base":0.0,"top":18.3},"geometry":{"type":"Point","coordinates":[-75.86,38.2]}},{"type":"Feature","properties":{"year":2025,"mt":167.7,"base":0.0,"top":167.7},"geometry":{"type":"Point","coordinates":[-75.86,38.22]}},{"type":"Feature","properties":{"year":2025,"mt":147.5,"base":0.0,"top":147.5},"geometry":{"type":"Point","coordinates":[-75.86,38.24]}},{"type":"Feature","properties":{"year":2025,"mt":1.0,"base":0.0,"top":1.0},"geometry":{"type":"Point","coordinates":[-75.84,38.22]}},{"type":"Feature","properties":{"year":2025,"mt":194.0,"base":0.0,"top":194.0},"geometry":{"type":"Point","coordinates":[-75.84,38.24]}},{"type":"Feature","properties":{"year":2025,"mt":171.6,"base":0.0,"top":171.6},"geometry":{"type":"Point","coordinates":[-75.84,38.26]}},{"type":"Feature","properties":{"year":2025,"mt":276.3,"base":0.0,"top":276.3},"geometry":{"type":"Point","coordinates":[-75.82,38.26]}}]}