{"type":"FeatureCollection","features":[{"type":"Feature","properties":{"n":35},"geometry":{"type":"Point","coordinates":[-89.31,29.93]}},{"type":"Feature","properties":{"n":7},"geometry":{"type":"Point","coordinates":[-90.84,29.22]}},{"type":"Feature","properties":{"n":74},"geometry":{"type":"Point","coordinates":[-90.115,29.345]}},{"type":"Feature","properties":{"n":59},"geometry":{"type":"Point","coordinates":[-92.035,29.575]}},{"type":"Feature","properties":{"n":214},"geometry":{"type":"Point","coordinates":[-94.8,29.525]}},{"type":"Feature","properties":{"n":3},"geometry":{"type":"Point","coordinates":[-94.84,29.505]}},{"type":"Feature","properties":{"n":136},"geometry":{"type":"Point","coordinates":[-94.83,29.48]}},{"type":"Feature","properties":{"n":49},"geometry":{"type":"Point","coordinates":[-94.87,29.48]}},{"type":"Feature","properties":{"n":109},"geometry":{"type":"Point","coordinates":[-90.475,29.41]}},{"type":"Feature","properties":{"n":1035},"geometry":{"type":"Point","coordinates":[-90.855,29.205]}},{"type":"Feature","properties":{"n":115},"geometry":{"type":"Point","coordinates":[-90.795,29.19]}},{"type":"Feature","properties":{"n":13},"geometry":{"type":"Point","coordinates":[-91.06,29.205]}},{"type":"Feature","properties":{"n":23},"geometry":{"type":"Point","coordinates":[-97.04,28.14]}},{"type":"Feature","properties":{"n":438},"geometry":{"type":"Point","coordinates":[-92.045,29.555]}},{"type":"Feature","properties":{"n":114},"geometry":{"type":"Point","coordinates":[-96.77,28.32]}},{"type":"Feature","properties":{"n":32},"geometry":{"type":"Point","coordinates":[-90.69,29.165]}},{"type":"Feature","properties":{"n":276},"geometry":{"type":"Point","coordinates":[-89.555,29.305]}},{"type":"Feature","properties":{"n":180},"geometry":{"type":"Point","coordinates":[-90.595,29.36]}},{"type":"Feature","properties":{"n":405},"geometry":{"type":"Point","coordinates":[-94.88,29.45]}},{"type":"Feature","properties":{"n":202},"geometry":{"type":"Point","coordinates":[-90.85,29.23]}},{"type":"Feature","properties":{"n":393},"geometry":{"type":"Point","coordinates":[-90.015,29.47]}},{"type":"Feature","properties":{"n":652},"geometry":{"type":"Point","coordinates":[-89.54,29.33]}},{"type":"Feature","properties":{"n":170},"geometry":{"type":"Point","coordinates":[-89.22,30.015]}},{"type":"Feature","properties":{"n":336},"geometry":{"type":"Point","coordinates":[-94.875,29.5]}},{"type":"Feature","properties":{"n":7},"geometry":{"type":"Point","coordinates":[-90.56,29.4]}},{"type":"Feature","properties":{"n":1},"geometry":{"type":"Point","coordinates":[-90.695,29.185]}},{"type":"Feature","properties":{"n":254},"geometry":{"type":"Point","coordinates":[-90.39,29.375]}},{"type":"Feature","properties":{"n":973},"geometry":{"type":"Point","coordinates":[-89.29,29.855]}},{"type":"Feature","properties":{"n":60},"geometry":{"type":"Point","coordinates":[-89.22,29.995]}},{"type":"Feature","properties":{"n":329},"geometry":{"type":"Point","coordinates":[-89.28,29.985]}},{"type":"Feature","properties":{"n":285},"geometry":{"type":"Point","coordinates":[-91.91,29.475]}},{"type":"Feature","properties":{"n":293},"geometry":{"type":"Point","coordinates":[-89.515,29.81]}},{"type":"Feature","properties":{"n":461},"geometry":{"type":"Point","coordinates":[-89.59,29.27]}},{"type":"Feature","properties":{"n":133},"geometry":{"type":"Point","coordinates":[-90.6,29.295]}},{"type":"Feature","properties":{"n":53},"geometry":{"type":"Point","coordinates":[-89.395,29.905]}},{"type":"Feature","properties":{"n":31},"geometry":{"type":"Point","coordinates":[-89.78,29.42]}},{"type":"Feature","properties":{"n":128},"geometry":{"type":"Point","coordinates":[-89.545,29.33]}},{"type":"Feature","properties":{"n":655},"geometry":{"type":"Point","coordinates":[-90.725,29.22]}},{"type":"Feature","properties":{"n":3},"geometry":{"type":"Point","coordinates":[-89.4,30.03]}},{"type":"Feature","properties":{"n":51},"geometry":{"type":"Point","coordinates":[-90.845,29.155]}},{"type":"Feature","properties":{"n":9},"geometry":{"type":"Point","coordinates":[-96.59,28.665]}},{"type":"Feature","properties":{"n":50},"geometry":{"type":"Point","coordinates":[-89.37,29.96]}},{"type":"Feature","properties":{"n":44},"geometry":{"type":"Point","coordinates":[-94.795,29.535]}},{"type":"Feature","properties":{"n":147},"geometry":{"type":"Point","coordinates":[-89.59,29.26]}},{"type":"Feature","properties":{"n":600},"geometry":{"type":"Point","coordinates":[-94.72,29.47]}},{"type":"Feature","properties":{"n":376},"geometry":{"type":"Point","coordinates":[-90.69,29.27]}},{"type":"Feature","properties":{"n":119},"geometry":{"type":"Point","coordinates":[-89.6,29.705]}},{"type":"Feature","properties":{"n":33},"geometry":{"type":"Point","coordinates":[-89.715,29.445]}},{"type":"Feature","properties":{"n":178},"geometry":{"type":"Point","coordinates":[-96.96,28.06]}},{"type":"Feature","properties":{"n":181},"geometry":{"type":"Point","coordinates":[-89.625,29.35]}},{"type":"Feature","properties":{"n":31},"geometry":{"type":"Point","coordinates":[-96.725,28.335]}},{"type":"Feature","properties":{"n":446},"geometry":{"type":"Point","coordinates":[-89.6,29.285]}},{"type":"Feature","properties":{"n":52},"geometry":{"type":"Point","coordinates":[-89.375,29.92]}},{"type":"Feature","properties":{"n":27},"geometry":{"type":"Point","coordinates":[-90.48,29.37]}},{"type":"Feature","properties":{"n":439},"geometry":{"type":"Point","coordinates":[-94.695,29.465]}},{"type":"Feature","properties":{"n":310},"geometry":{"type":"Point","coordinates":[-90.445,29.39]}},{"type":"Feature","properties":{"n":59},"geometry":{"type":"Point","coordinates":[-89.53,29.825]}},{"type":"Feature","properties":{"n":173},"geometry":{"type":"Point","coordinates":[-76.015,38.575]}},{"type":"Feature","properties":{"n":8},"geometry":{"type":"Point","coordinates":[-92.22,29.525]}},{"type":"Feature","properties":{"n":5},"geometry":{"type":"Point","coordinates":[-90.955,29.165]}},{"type":"Feature","properties":{"n":186},"geometry":{"type":"Point","coordinates":[-90.37,29.365]}},{"type":"Feature","properties":{"n":5},"geometry":{"type":"Point","coordinates":[-90.435,29.32]}},{"type":"Feature","properties":{"n":41},"geometry":{"type":"Point","coordinates":[-89.43,29.925]}},{"type":"Feature","properties":{"n":106},"geometry":{"type":"Point","coordinates":[-89.585,29.71]}},{"type":"Feature","properties":{"n":216},"geometry":{"type":"Point","coordinates":[-89.31,29.845]}},{"type":"Feature","properties":{"n":39},"geometry":{"type":"Point","coordinates":[-92.085,29.565]}},{"type":"Feature","properties":{"n":8},"geometry":{"type":"Point","coordinates":[-89.375,29.935]}},{"type":"Feature","properties":{"n":26},"geometry":{"type":"Point","coordinates":[-89.475,29.8]}},{"type":"Feature","properties":{"n":300},"geometry":{"type":"Point","coordinates":[-89.545,29.35]}},{"type":"Feature","properties":{"n":96},"geometry":{"type":"Point","coordinates":[-89.6,29.69]}},{"type":"Feature","properties":{"n":37},"geometry":{"type":"Point","coordinates":[-89.91,29.44]}},{"type":"Feature","properties":{"n":187},"geometry":{"type":"Point","coordinates":[-89.425,29.77]}},{"type":"Feature","properties":{"n":28},"geometry":{"type":"Point","coordinates":[-89.78,29.425]}},{"type":"Feature","properties":{"n":82},"geometry":{"type":"Point","coordinates":[-91.84,29.45]}},{"type":"Feature","properties":{"n":23},"geometry":{"type":"Point","coordinates":[-89.47,29.995]}},{"type":"Feature","properties":{"n":126},"geometry":{"type":"Point","coordinates":[-89.535,29.28]}},{"type":"Feature","properties":{"n":238},"geometry":{"type":"Point","coordinates":[-89.57,29.355]}},{"type":"Feature","properties":{"n":94},"geometry":{"type":"Point","coordinates":[-94.675,29.505]}},{"type":"Feature","properties":{"n":1},"geometry":{"type":"Point","coordinates":[-90.04,29.455]}},{"type":"Feature","properties":{"n":149},"geometry":{"type":"Point","coordinates":[-89.415,29.86]}},{"type":"Feature","properties":{"n":33},"geometry":{"type":"Point","coordinates":[-90.87,29.275]}},{"type":"Feature","properties":{"n":1},"geometry":{"type":"Point","coordinates":[-89.6,29.3]}},{"type":"Feature","properties":{"n":135},"geometry":{"type":"Point","coordinates":[-90.685,29.26]}},{"type":"Feature","properties":{"n":267},"geometry":{"type":"Point","coordinates":[-89.255,30.055]}},{"type":"Feature","properties":{"n":37},"geometry":{"type":"Point","coordinates":[-90.58,29.235]}},{"type":"Feature","properties":{"n":10},"geometry":{"type":"Point","coordinates":[-91.84,29.415]}},{"type":"Feature","properties":{"n":299},"geometry":{"type":"Point","coordinates":[-89.535,29.3]}},{"type":"Feature","properties":{"n":5},"geometry":{"type":"Point","coordinates":[-90.67,29.37]}},{"type":"Feature","properties":{"n":5},"geometry":{"type":"Point","coordinates":[-90.69,29.345]}},{"type":"Feature","properties":{"n":11},"geometry":{"type":"Point","coordinates":[-96.735,28.305]}},{"type":"Feature","properties":{"n":35},"geometry":{"type":"Point","coordinates":[-91.91,29.485]}},{"type":"Feature","properties":{"n":1106},"geometry":{"type":"Point","coordinates":[-90.865,29.205]}},{"type":"Feature","properties":{"n":407},"geometry":{"type":"Point","coordinates":[-89.27,30.06]}},{"type":"Feature","properties":{"n":22},"geometry":{"type":"Point","coordinates":[-90.785,29.14]}},{"type":"Feature","properties":{"n":187},"geometry":{"type":"Point","coordinates":[-75.865,38.215]}},{"type":"Feature","properties":{"n":648},"geometry":{"type":"Point","coordinates":[-94.72,29.485]}},{"type":"Feature","properties":{"n":19},"geometry":{"type":"Point","coordinates":[-90.61,29.22]}},{"type":"Feature","properties":{"n":110},"geometry":{"type":"Point","coordinates":[-94.855,29.495]}},{"type":"Feature","properties":{"n":42},"geometry":{"type":"Point","coordinates":[-90.305,29.285]}},{"type":"Feature","properties":{"n":2292},"geometry":{"type":"Point","coordinates":[-89.65,29.4]}},{"type":"Feature","properties":{"n":22},"geometry":{"type":"Point","coordinates":[-91.115,29.255]}},{"type":"Feature","properties":{"n":372},"geometry":{"type":"Point","coordinates":[-90.445,29.325]}},{"type":"Feature","properties":{"n":42},"geometry":{"type":"Point","coordinates":[-89.515,29.315]}},{"type":"Feature","properties":{"n":99},"geometry":{"type":"Point","coordinates":[-90.665,29.275]}},{"type":"Feature","properties":{"n":1},"geometry":{"type":"Point","coordinates":[-90.675,29.245]}},{"type":"Feature","properties":{"n":103},"geometry":{"type":"Point","coordinates":[-90.79,29.24]}},{"type":"Feature","properties":{"n":238},"geometry":{"type":"Point","coordinates":[-89.255,29.955]}},{"type":"Feature","properties":{"n":65},"geometry":{"type":"Point","coordinates":[-90.59,29.25]}},{"type":"Feature","properties":{"n":25},"geometry":{"type":"Point","coordinates":[-90.47,29.425]}},{"type":"Feature","properties":{"n":251},"geometry":{"type":"Point","coordinates":[-97.005,28.11]}},{"type":"Feature","properties":{"n":300},"geometry":{"type":"Point","coordinates":[-89.315,29.99]}},{"type":"Feature","properties":{"n":359},"geometry":{"type":"Point","coordinates":[-89.39,29.935]}},{"type":"Feature","properties":{"n":136},"geometry":{"type":"Point","coordinates":[-89.855,29.485]}},{"type":"Feature","properties":{"n":61},"geometry":{"type":"Point","coordinates":[-89.485,29.29]}},{"type":"Feature","properties":{"n":65},"geometry":{"type":"Point","coordinates":[-90.865,29.27]}},{"type":"Feature","properties":{"n":12},"geometry":{"type":"Point","coordinates":[-89.865,29.48]}},{"type":"Feature","properties":{"n":204},"geometry":{"type":"Point","coordinates":[-89.435,29.99]}},{"type":"Feature","properties":{"n":281},"geometry":{"type":"Point","coordinates":[-89.355,29.99]}},{"type":"Feature","properties":{"n":405},"geometry":{"type":"Point","coordinates":[-89.335,29.895]}},{"type":"Feature","properties":{"n":189},"geometry":{"type":"Point","coordinates":[-90.56,29.375]}},{"type":"Feature","properties":{"n":13},"geometry":{"type":"Point","coordinates":[-89.78,29.405]}},{"type":"Feature","properties":{"n":8},"geometry":{"type":"Point","coordinates":[-89.485,30.0]}},{"type":"Feature","properties":{"n":34},"geometry":{"type":"Point","coordinates":[-90.855,29.095]}},{"type":"Feature","properties":{"n":516},"geometry":{"type":"Point","coordinates":[-89.57,29.28]}},{"type":"Feature","properties":{"n":112},"geometry":{"type":"Point","coordinates":[-90.78,29.19]}},{"type":"Feature","properties":{"n":121},"geometry":{"type":"Point","coordinates":[-91.845,29.46]}},{"type":"Feature","properties":{"n":10},"geometry":{"type":"Point","coordinates":[-90.475,29.42]}},{"type":"Feature","properties":{"n":430},"geometry":{"type":"Point","coordinates":[-89.725,29.445]}},{"type":"Feature","properties":{"n":288},"geometry":{"type":"Point","coordinates":[-89.25,30.085]}},{"type":"Feature","properties":{"n":271},"geometry":{"type":"Point","coordinates":[-90.7,29.23]}},{"type":"Feature","properties":{"n":362},"geometry":{"type":"Point","coordinates":[-75.93,38.285]}},{"type":"Feature","properties":{"n":848},"geometry":{"type":"Point","coordinates":[-89.91,29.48]}},{"type":"Feature","properties":{"n":84},"geometry":{"type":"Point","coordinates":[-91.87,29.5]}},{"type":"Feature","properties":{"n":359},"geometry":{"type":"Point","coordinates":[-90.735,29.2]}},{"type":"Feature","properties":{"n":76},"geometry":{"type":"Point","coordinates":[-91.855,29.46]}},{"type":"Feature","properties":{"n":204},"geometry":{"type":"Point","coordinates":[-91.985,29.52]}},{"type":"Feature","properties":{"n":14},"geometry":{"type":"Point","coordinates":[-90.685,29.37]}},{"type":"Feature","properties":{"n":60},"geometry":{"type":"Point","coordinates":[-89.545,29.84]}},{"type":"Feature","properties":{"n":306},"geometry":{"type":"Point","coordinates":[-94.745,29.485]}},{"type":"Feature","properties":{"n":144},"geometry":{"type":"Point","coordinates":[-90.39,29.335]}},{"type":"Feature","properties":{"n":176},"geometry":{"type":"Point","coordinates":[-90.475,29.35]}},{"type":"Feature","properties":{"n":9},"geometry":{"type":"Point","coordinates":[-90.99,29.315]}},{"type":"Feature","properties":{"n":351},"geometry":{"type":"Point","coordinates":[-89.565,29.355]}},{"type":"Feature","properties":{"n":538},"geometry":{"type":"Point","coordinates":[-89.45,29.74]}},{"type":"Feature","properties":{"n":618},"geometry":{"type":"Point","coordinates":[-90.495,29.34]}},{"type":"Feature","properties":{"n":92},"geometry":{"type":"Point","coordinates":[-90.615,29.325]}},{"type":"Feature","properties":{"n":212},"geometry":{"type":"Point","coordinates":[-90.285,29.25]}},{"type":"Feature","properties":{"n":5136},"geometry":{"type":"Point","coordinates":[-89.635,29.395]}},{"type":"Feature","properties":{"n":160},"geometry":{"type":"Point","coordinates":[-90.745,29.275]}},{"type":"Feature","properties":{"n":482},"geometry":{"type":"Point","coordinates":[-89.515,29.825]}},{"type":"Feature","properties":{"n":21},"geometry":{"type":"Point","coordinates":[-96.73,28.315]}},{"type":"Feature","properties":{"n":89},"geometry":{"type":"Point","coordinates":[-91.935,29.47]}},{"type":"Feature","properties":{"n":2},"geometry":{"type":"Point","coordinates":[-90.83,29.35]}},{"type":"Feature","properties":{"n":520},"geometry":{"type":"Point","coordinates":[-90.72,29.165]}},{"type":"Feature","properties":{"n":1459},"geometry":{"type":"Point","coordinates":[-76.08,38.235]}},{"type":"Feature","properties":{"n":249},"geometry":{"type":"Point","coordinates":[-90.265,29.28]}},{"type":"Feature","properties":{"n":147},"geometry":{"type":"Point","coordinates":[-89.57,29.705]}},{"type":"Feature","properties":{"n":161},"geometry":{"type":"Point","coordinates":[-90.85,29.105]}},{"type":"Feature","properties":{"n":24},"geometry":{"type":"Point","coordinates":[-90.775,29.125]}},{"type":"Feature","properties":{"n":123},"geometry":{"type":"Point","coordinates":[-89.58,29.745]}},{"type":"Feature","properties":{"n":11},"geometry":{"type":"Point","coordinates":[-90.64,29.17]}},{"type":"Feature","properties":{"n":48},"geometry":{"type":"Point","coordinates":[-89.325,29.845]}},{"type":"Feature","properties":{"n":42},"geometry":{"type":"Point","coordinates":[-90.58,29.225]}},{"type":"Feature","properties":{"n":14},"geometry":{"type":"Point","coordinates":[-90.83,29.165]}},{"type":"Feature","properties":{"n":190},"geometry":{"type":"Point","coordinates":[-90.805,29.195]}},{"type":"Feature","properties":{"n":257},"geometry":{"type":"Point","coordinates":[-89.45,29.79]}},{"type":"Feature","properties":{"n":432},"geometry":{"type":"Point","coordinates":[-89.255,30.025]}},{"type":"Feature","properties":{"n":294},"geometry":{"type":"Point","coordinates":[-90.625,29.26]}},{"type":"Feature","properties":{"n":10},"geometry":{"type":"Point","coordinates":[-75.91,38.275]}},{"type":"Feature","properties":{"n":44},"geometry":{"type":"Point","coordinates":[-89.85,29.475]}},{"type":"Feature","properties":{"n":278},"geometry":{"type":"Point","coordinates":[-89.415,29.865]}},{"type":"Feature","properties":{"n":71},"geometry":{"type":"Point","coordinates":[-89.22,30.105]}},{"type":"Feature","properties":{"n":32},"geometry":{"type":"Point","coordinates":[-90.52,29.395]}},{"type":"Feature","properties":{"n":195},"geometry":{"type":"Point","coordinates":[-89.59,29.315]}},{"type":"Feature","properties":{"n":11},"geometry":{"type":"Point","coordinates":[-94.92,29.255]}},{"type":"Feature","properties":{"n":175},"geometry":{"type":"Point","coordinates":[-90.755,29.15]}},{"type":"Feature","properties":{"n":246},"geometry":{"type":"Point","coordinates":[-94.75,29.51]}},{"type":"Feature","properties":{"n":105},"geometry":{"type":"Point","coordinates":[-89.595,29.28]}},{"type":"Feature","properties":{"n":462},"geometry":{"type":"Point","coordinates":[-97.015,28.105]}},{"type":"Feature","properties":{"n":17},"geometry":{"type":"Point","coordinates":[-96.75,28.38]}},{"type":"Feature","properties":{"n":460},"geometry":{"type":"Point","coordinates":[-89.255,29.96]}},{"type":"Feature","properties":{"n":126},"geometry":{"type":"Point","coordinates":[-89.29,29.915]}},{"type":"Feature","properties":{"n":1},"geometry":{"type":"Point","coordinates":[-89.34,29.87]}},{"type":"Feature","properties":{"n":87},"geometry":{"type":"Point","coordinates":[-90.835,29.225]}},{"type":"Feature","properties":{"n":245},"geometry":{"type":"Point","coordinates":[-90.465,29.4]}},{"type":"Feature","properties":{"n":30},"geometry":{"type":"Point","coordinates":[-89.65,29.72]}},{"type":"Feature","properties":{"n":101},"geometry":{"type":"Point","coordinates":[-89.45,29.81]}},{"type":"Feature","properties":{"n":97},"geometry":{"type":"Point","coordinates":[-96.78,28.34]}},{"type":"Feature","properties":{"n":1169},"geometry":{"type":"Point","coordinates":[-89.555,29.335]}},{"type":"Feature","properties":{"n":34},"geometry":{"type":"Point","coordinates":[-96.725,28.28]}},{"type":"Feature","properties":{"n":403},"geometry":{"type":"Point","coordinates":[-89.265,30.005]}},{"type":"Feature","properties":{"n":451},"geometry":{"type":"Point","coordinates":[-90.59,29.325]}},{"type":"Feature","properties":{"n":502},"geometry":{"type":"Point","coordinates":[-89.92,29.485]}},{"type":"Feature","properties":{"n":120},"geometry":{"type":"Point","coordinates":[-90.85,29.19]}},{"type":"Feature","properties":{"n":76},"geometry":{"type":"Point","coordinates":[-89.855,29.445]}},{"type":"Feature","properties":{"n":106},"geometry":{"type":"Point","coordinates":[-90.57,29.32]}},{"type":"Feature","properties":{"n":356},"geometry":{"type":"Point","coordinates":[-91.895,29.47]}},{"type":"Feature","properties":{"n":183},"geometry":{"type":"Point","coordinates":[-96.955,28.065]}},{"type":"Feature","properties":{"n":157},"geometry":{"type":"Point","coordinates":[-90.835,29.105]}},{"type":"Feature","properties":{"n":17},"geometry":{"type":"Point","coordinates":[-89.23,30.01]}},{"type":"Feature","properties":{"n":13},"geometry":{"type":"Point","coordinates":[-90.17,29.305]}},{"type":"Feature","properties":{"n":3},"geometry":{"type":"Point","coordinates":[-90.69,29.16]}},{"type":"Feature","properties":{"n":135},"geometry":{"type":"Point","coordinates":[-90.665,29.245]}},{"type":"Feature","properties":{"n":24},"geometry":{"type":"Point","coordinates":[-89.675,29.435]}},{"type":"Feature","properties":{"n":42},"geometry":{"type":"Point","coordinates":[-89.515,29.835]}},{"type":"Feature","properties":{"n":10},"geometry":{"type":"Point","coordinates":[-90.67,29.13]}},{"type":"Feature","properties":{"n":116},"geometry":{"type":"Point","coordinates":[-89.755,29.335]}},{"type":"Feature","properties":{"n":42},"geometry":{"type":"Point","coordinates":[-90.88,29.24]}},{"type":"Feature","properties":{"n":30},"geometry":{"type":"Point","coordinates":[-90.58,29.36]}},{"type":"Feature","properties":{"n":123},"geometry":{"type":"Point","coordinates":[-92.025,29.54]}},{"type":"Feature","properties":{"n":39},"geometry":{"type":"Point","coordinates":[-89.555,29.265]}},{"type":"Feature","properties":{"n":462},"geometry":{"type":"Point","coordinates":[-90.75,29.135]}},{"type":"Feature","properties":{"n":268},"geometry":{"type":"Point","coordinates":[-89.465,29.76]}},{"type":"Feature","properties":{"n":309},"geometry":{"type":"Point","coordinates":[-91.895,29.485]}},{"type":"Feature","properties":{"n":658},"geometry":{"type":"Point","coordinates":[-89.45,29.8]}},{"type":"Feature","properties":{"n":165},"geometry":{"type":"Point","coordinates":[-89.365,30.0]}},{"type":"Feature","properties":{"n":204},"geometry":{"type":"Point","coordinates":[-94.66,29.48]}},{"type":"Feature","properties":{"n":1778},"geometry":{"type":"Point","coordinates":[-89.325,29.925]}},{"type":"Feature","properties":{"n":19},"geometry":{"type":"Point","coordinates":[-90.64,29.165]}},{"type":"Feature","properties":{"n":298},"geometry":{"type":"Point","coordinates":[-90.475,29.385]}},{"type":"Feature","properties":{"n":290},"geometry":{"type":"Point","coordinates":[-90.28,29.275]}},{"type":"Feature","properties":{"n":970},"geometry":{"type":"Point","coordinates":[-89.6,29.36]}},{"type":"Feature","properties":{"n":32},"geometry":{"type":"Point","coordinates":[-89.535,29.26]}},{"type":"Feature","properties":{"n":17},"geometry":{"type":"Point","coordinates":[-91.87,29.49]}},{"type":"Feature","properties":{"n":1},"geometry":{"type":"Point","coordinates":[-90.81,29.175]}},{"type":"Feature","properties":{"n":171},"geometry":{"type":"Point","coordinates":[-90.65,29.195]}},{"type":"Feature","properties":{"n":2},"geometry":{"type":"Point","coordinates":[-90.82,29.11]}},{"type":"Feature","properties":{"n":61},"geometry":{"type":"Point","coordinates":[-89.39,30.195]}},{"type":"Feature","properties":{"n":27},"geometry":{"type":"Point","coordinates":[-90.405,29.285]}},{"type":"Feature","properties":{"n":1},"geometry":{"type":"Point","coordinates":[-90.935,29.305]}},{"type":"Feature","properties":{"n":2},"geometry":{"type":"Point","coordinates":[-75.945,38.615]}},{"type":"Feature","properties":{"n":37},"geometry":{"type":"Point","coordinates":[-89.475,29.775]}},{"type":"Feature","properties":{"n":11},"geometry":{"type":"Point","coordinates":[-89.665,29.335]}},{"type":"Feature","properties":{"n":117},"geometry":{"type":"Point","coordinates":[-90.57,29.325]}},{"type":"Feature","properties":{"n":381},"geometry":{"type":"Point","coordinates":[-75.86,38.24]}},{"type":"Feature","properties":{"n":146},"geometry":{"type":"Point","coordinates":[-90.435,29.39]}},{"type":"Feature","properties":{"n":110},"geometry":{"type":"Point","coordinates":[-90.45,29.34]}},{"type":"Feature","properties":{"n":213},"geometry":{"type":"Point","coordinates":[-89.49,30.0]}},{"type":"Feature","properties":{"n":79},"geometry":{"type":"Point","coordinates":[-90.67,29.25]}},{"type":"Feature","properties":{"n":256},"geometry":{"type":"Point","coordinates":[-89.315,29.84]}},{"type":"Feature","properties":{"n":510},"geometry":{"type":"Point","coordinates":[-89.68,29.44]}},{"type":"Feature","properties":{"n":88},"geometry":{"type":"Point","coordinates":[-89.61,29.94]}},{"type":"Feature","properties":{"n":61},"geometry":{"type":"Point","coordinates":[-90.53,29.315]}},{"type":"Feature","properties":{"n":63},"geometry":{"type":"Point","coordinates":[-90.78,29.155]}},{"type":"Feature","properties":{"n":448},"geometry":{"type":"Point","coordinates":[-90.65,29.215]}},{"type":"Feature","properties":{"n":129},"geometry":{"type":"Point","coordinates":[-89.67,29.395]}},{"type":"Feature","properties":{"n":88},"geometry":{"type":"Point","coordinates":[-89.405,30.045]}},{"type":"Feature","properties":{"n":33},"geometry":{"type":"Point","coordinates":[-89.63,29.325]}},{"type":"Feature","properties":{"n":16},"geometry":{"type":"Point","coordinates":[-94.81,29.5]}},{"type":"Feature","properties":{"n":171},"geometry":{"type":"Point","coordinates":[-89.35,29.91]}},{"type":"Feature","properties":{"n":706},"geometry":{"type":"Point","coordinates":[-89.6,29.33]}},{"type":"Feature","properties":{"n":1},"geometry":{"type":"Point","coordinates":[-90.565,29.33]}},{"type":"Feature","properties":{"n":166},"geometry":{"type":"Point","coordinates":[-91.93,29.515]}},{"type":"Feature","properties":{"n":129},"geometry":{"type":"Point","coordinates":[-89.875,29.44]}},{"type":"Feature","properties":{"n":389},"geometry":{"type":"Point","coordinates":[-90.175,29.29]}},{"type":"Feature","properties":{"n":550},"geometry":{"type":"Point","coordinates":[-90.84,29.175]}},{"type":"Feature","properties":{"n":43},"geometry":{"type":"Point","coordinates":[-90.815,29.2]}},{"type":"Feature","properties":{"n":160},"geometry":{"type":"Point","coordinates":[-89.37,30.0]}},{"type":"Feature","properties":{"n":52},"geometry":{"type":"Point","coordinates":[-91.835,29.45]}},{"type":"Feature","properties":{"n":275},"geometry":{"type":"Point","coordinates":[-96.72,28.27]}},{"type":"Feature","properties":{"n":140},"geometry":{"type":"Point","coordinates":[-89.74,29.445]}},{"type":"Feature","properties":{"n":498},"geometry":{"type":"Point","coordinates":[-89.755,29.405]}},{"type":"Feature","properties":{"n":259},"geometry":{"type":"Point","coordinates":[-90.53,29.34]}},{"type":"Feature","properties":{"n":252},"geometry":{"type":"Point","coordinates":[-89.425,29.765]}},{"type":"Feature","properties":{"n":148},"geometry":{"type":"Point","coordinates":[-92.06,29.54]}},{"type":"Feature","properties":{"n":197},"geometry":{"type":"Point","coordinates":[-89.55,29.25]}},{"type":"Feature","properties":{"n":2},"geometry":{"type":"Point","coordinates":[-75.955,38.61]}},{"type":"Feature","properties":{"n":209},"geometry":{"type":"Point","coordinates":[-89.335,29.9]}},{"type":"Feature","properties":{"n":225},"geometry":{"type":"Point","coordinates":[-89.255,29.965]}},{"type":"Feature","properties":{"n":329},"geometry":{"type":"Point","coordinates":[-89.57,29.725]}},{"type":"Feature","properties":{"n":19},"geometry":{"type":"Point","coordinates":[-90.945,29.165]}},{"type":"Feature","properties":{"n":11},"geometry":{"type":"Point","coordinates":[-90.285,29.26]}},{"type":"Feature","properties":{"n":28},"geometry":{"type":"Point","coordinates":[-96.595,28.66]}},{"type":"Feature","properties":{"n":302},"geometry":{"type":"Point","coordinates":[-89.69,29.355]}},{"type":"Feature","properties":{"n":203},"geometry":{"type":"Point","coordinates":[-89.48,29.85]}},{"type":"Feature","properties":{"n":404},"geometry":{"type":"Point","coordinates":[-89.725,29.435]}},{"type":"Feature","properties":{"n":305},"geometry":{"type":"Point","coordinates":[-89.5,29.82]}},{"type":"Feature","properties":{"n":28},"geometry":{"type":"Point","coordinates":[-94.665,29.51]}},{"type":"Feature","properties":{"n":206},"geometry":{"type":"Point","coordinates":[-75.915,38.305]}},{"type":"Feature","properties":{"n":11},"geometry":{"type":"Point","coordinates":[-91.965,29.53]}},{"type":"Feature","properties":{"n":182},"geometry":{"type":"Point","coordinates":[-91.89,29.48]}},{"type":"Feature","properties":{"n":49},"geometry":{"type":"Point","coordinates":[-90.085,29.37]}},{"type":"Feature","properties":{"n":143},"geometry":{"type":"Point","coordinates":[-89.645,29.73]}},{"type":"Feature","properties":{"n":31},"geometry":{"type":"Point","coordinates":[-90.835,29.16]}},{"type":"Feature","properties":{"n":1124},"geometry":{"type":"Point","coordinates":[-90.87,29.205]}},{"type":"Feature","properties":{"n":166},"geometry":{"type":"Point","coordinates":[-90.68,29.175]}},{"type":"Feature","properties":{"n":281},"geometry":{"type":"Point","coordinates":[-90.875,29.115]}},{"type":"Feature","properties":{"n":245},"geometry":{"type":"Point","coordinates":[-76.02,38.33]}},{"type":"Feature","properties":{"n":15},"geometry":{"type":"Point","coordinates":[-91.81,29.465]}},{"type":"Feature","properties":{"n":82},"geometry":{"type":"Point","coordinates":[-89.47,29.7]}},{"type":"Feature","properties":{"n":37},"geometry":{"type":"Point","coordinates":[-76.145,38.72]}},{"type":"Feature","properties":{"n":444},"geometry":{"type":"Point","coordinates":[-90.76,29.15]}},{"type":"Feature","properties":{"n":252},"geometry":{"type":"Point","coordinates":[-89.58,29.74]}},{"type":"Feature","properties":{"n":507},"geometry":{"type":"Point","coordinates":[-89.725,29.315]}},{"type":"Feature","properties":{"n":12},"geometry":{"type":"Point","coordinates":[-90.565,29.22]}},{"type":"Feature","properties":{"n":210},"geometry":{"type":"Point","coordinates":[-91.945,29.495]}},{"type":"Feature","properties":{"n":301},"geometry":{"type":"Point","coordinates":[-90.575,29.365]}},{"type":"Feature","properties":{"n":2},"geometry":{"type":"Point","coordinates":[-90.7,29.41]}},{"type":"Feature","properties":{"n":35},"geometry":{"type":"Point","coordinates":[-91.11,29.2]}},{"type":"Feature","properties":{"n":36},"geometry":{"type":"Point","coordinates":[-90.86,29.28]}},{"type":"Feature","properties":{"n":189},"geometry":{"type":"Point","coordinates":[-89.265,30.0]}},{"type":"Feature","properties":{"n":698},"geometry":{"type":"Point","coordinates":[-89.245,29.98]}},{"type":"Feature","properties":{"n":39},"geometry":{"type":"Point","coordinates":[-90.54,29.32]}},{"type":"Feature","properties":{"n":21},"geometry":{"type":"Point","coordinates":[-90.61,29.21]}},{"type":"Feature","properties":{"n":396},"geometry":{"type":"Point","coordinates":[-90.85,29.225]}},{"type":"Feature","properties":{"n":344},"geometry":{"type":"Point","coordinates":[-94.865,29.505]}},{"type":"Feature","properties":{"n":275},"geometry":{"type":"Point","coordinates":[-89.465,29.995]}},{"type":"Feature","properties":{"n":316},"geometry":{"type":"Point","coordinates":[-94.875,29.44]}},{"type":"Feature","properties":{"n":231},"geometry":{"type":"Point","coordinates":[-90.3,29.28]}},{"type":"Feature","properties":{"n":537},"geometry":{"type":"Point","coordinates":[-89.58,29.28]}},{"type":"Feature","properties":{"n":226},"geometry":{"type":"Point","coordinates":[-96.71,28.235]}},{"type":"Feature","properties":{"n":491},"geometry":{"type":"Point","coordinates":[-89.97,29.48]}},{"type":"Feature","properties":{"n":139},"geometry":{"type":"Point","coordinates":[-90.54,29.375]}},{"type":"Feature","properties":{"n":11},"geometry":{"type":"Point","coordinates":[-89.55,29.355]}},{"type":"Feature","properties":{"n":36},"geometry":{"type":"Point","coordinates":[-90.43,29.35]}},{"type":"Feature","properties":{"n":363},"geometry":{"type":"Point","coordinates":[-89.555,29.29]}},{"type":"Feature","properties":{"n":17},"geometry":{"type":"Point","coordinates":[-89.43,29.92]}},{"type":"Feature","properties":{"n":84},"geometry":{"type":"Point","coordinates":[-91.925,29.505]}},{"type":"Feature","properties":{"n":307},"geometry":{"type":"Point","coordinates":[-90.195,29.275]}},{"type":"Feature","properties":{"n":241},"geometry":{"type":"Point","coordinates":[-90.795,29.205]}},{"type":"Feature","properties":{"n":506},"geometry":{"type":"Point","coordinates":[-76.14,38.735]}},{"type":"Feature","properties":{"n":218},"geometry":{"type":"Point","coordinates":[-94.74,29.485]}},{"type":"Feature","properties":{"n":71},"geometry":{"type":"Point","coordinates":[-91.855,29.45]}},{"type":"Feature","properties":{"n":578},"geometry":{"type":"Point","coordinates":[-94.73,29.48]}},{"type":"Feature","properties":{"n":55},"geometry":{"type":"Point","coordinates":[-89.99,29.385]}},{"type":"Feature","properties":{"n":334},"geometry":{"type":"Point","coordinates":[-96.935,28.09]}},{"type":"Feature","properties":{"n":339},"geometry":{"type":"Point","coordinates":[-89.645,29.38]}},{"type":"Feature","properties":{"n":56},"geometry":{"type":"Point","coordinates":[-90.985,29.26]}},{"type":"Feature","properties":{"n":40},"geometry":{"type":"Point","coordinates":[-90.68,29.155]}},{"type":"Feature","properties":{"n":131},"geometry":{"type":"Point","coordinates":[-90.215,29.28]}},{"type":"Feature","properties":{"n":119},"geometry":{"type":"Point","coordinates":[-89.865,29.435]}},{"type":"Feature","properties":{"n":353},"geometry":{"type":"Point","coordinates":[-89.38,29.82]}},{"type":"Feature","properties":{"n":102},"geometry":{"type":"Point","coordinates":[-89.565,29.31]}},{"type":"Feature","properties":{"n":10},"geometry":{"type":"Point","coordinates":[-90.56,29.215]}},{"type":"Feature","properties":{"n":23},"geometry":{"type":"Point","coordinates":[-90.515,29.225]}},{"type":"Feature","properties":{"n":21},"geometry":{"type":"Point","coordinates":[-89.72,29.315]}},{"type":"Feature","properties":{"n":4},"geometry":{"type":"Point","coordinates":[-90.53,29.39]}},{"type":"Feature","properties":{"n":198},"geometry":{"type":"Point","coordinates":[-89.465,29.835]}},{"type":"Feature","properties":{"n":214},"geometry":{"type":"Point","coordinates":[-89.565,29.29]}},{"type":"Feature","properties":{"n":99},"geometry":{"type":"Point","coordinates":[-91.83,29.465]}},{"type":"Feature","properties":{"n":156},"geometry":{"type":"Point","coordinates":[-89.585,29.265]}},{"type":"Feature","properties":{"n":105},"geometry":{"type":"Point","coordinates":[-89.915,29.435]}},{"type":"Feature","properties":{"n":353},"geometry":{"type":"Point","coordinates":[-89.55,29.34]}},{"type":"Feature","properties":{"n":362},"geometry":{"type":"Point","coordinates":[-89.965,29.485]}},{"type":"Feature","properties":{"n":122},"geometry":{"type":"Point","coordinates":[-90.47,29.41]}},{"type":"Feature","properties":{"n":65},"geometry":{"type":"Point","coordinates":[-90.09,29.37]}},{"type":"Feature","properties":{"n":63},"geometry":{"type":"Point","coordinates":[-89.445,29.75]}},{"type":"Feature","properties":{"n":129},"geometry":{"type":"Point","coordinates":[-89.3,29.955]}},{"type":"Feature","properties":{"n":74},"geometry":{"type":"Point","coordinates":[-89.595,29.725]}},{"type":"Feature","properties":{"n":25},"geometry":{"type":"Point","coordinates":[-90.94,29.175]}},{"type":"Feature","properties":{"n":414},"geometry":{"type":"Point","coordinates":[-94.81,29.505]}},{"type":"Feature","properties":{"n":571},"geometry":{"type":"Point","coordinates":[-89.415,29.87]}},{"type":"Feature","properties":{"n":305},"geometry":{"type":"Point","coordinates":[-91.9,29.495]}},{"type":"Feature","properties":{"n":63},"geometry":{"type":"Point","coordinates":[-90.7,29.14]}},{"type":"Feature","properties":{"n":621},"geometry":{"type":"Point","coordinates":[-90.75,29.22]}},{"type":"Feature","properties":{"n":70},"geometry":{"type":"Point","coordinates":[-94.815,29.505]}},{"type":"Feature","properties":{"n":251},"geometry":{"type":"Point","coordinates":[-89.705,29.44]}},{"type":"Feature","properties":{"n":507},"geometry":{"type":"Point","coordinates":[-90.8,29.205]}},{"type":"Feature","properties":{"n":70},"geometry":{"type":"Point","coordinates":[-90.94,29.285]}},{"type":"Feature","properties":{"n":93},"geometry":{"type":"Point","coordinates":[-89.5,29.765]}},{"type":"Feature","properties":{"n":105},"geometry":{"type":"Point","coordinates":[-90.67,29.245]}},{"type":"Feature","properties":{"n":668},"geometry":{"type":"Point","coordinates":[-94.725,29.485]}},{"type":"Feature","properties":{"n":412},"geometry":{"type":"Point","coordinates":[-90.705,29.265]}},{"type":"Feature","properties":{"n":88},"geometry":{"type":"Point","coordinates":[-94.795,29.5]}},{"type":"Feature","properties":{"n":96},"geometry":{"type":"Point","coordinates":[-90.875,29.25]}},{"type":"Feature","properties":{"n":633},"geometry":{"type":"Point","coordinates":[-89.595,29.315]}},{"type":"Feature","properties":{"n":12},"geometry":{"type":"Point","coordinates":[-90.61,29.36]}},{"type":"Feature","properties":{"n":378},"geometry":{"type":"Point","coordinates":[-76.175,38.71]}},{"type":"Feature","properties":{"n":2},"geometry":{"type":"Point","coordinates":[-89.6,29.38]}},{"type":"Feature","properties":{"n":546},"geometry":{"type":"Point","coordinates":[-94.76,29.475]}},{"type":"Feature","properties":{"n":360},"geometry":{"type":"Point","coordinates":[-89.465,29.74]}},{"type":"Feature","properties":{"n":367},"geometry":{"type":"Point","coordinates":[-90.605,29.25]}},{"type":"Feature","properties":{"n":594},"geometry":{"type":"Point","coordinates":[-91.935,29.52]}},{"type":"Feature","properties":{"n":257},"geometry":{"type":"Point","coordinates":[-90.455,29.38]}},{"type":"Feature","properties":{"n":238},"geometry":{"type":"Point","coordinates":[-96.78,28.32]}},{"type":"Feature","properties":{"n":92},"geometry":{"type":"Point","coordinates":[-96.96,28.075]}},{"type":"Feature","properties":{"n":67},"geometry":{"type":"Point","coordinates":[-96.715,28.325]}},{"type":"Feature","properties":{"n":23},"geometry":{"type":"Point","coordinates":[-89.605,29.385]}},{"type":"Feature","properties":{"n":289},"geometry":{"type":"Point","coordinates":[-89.615,29.325]}},{"type":"Feature","properties":{"n":108},"geometry":{"type":"Point","coordinates":[-89.66,29.415]}},{"type":"Feature","properties":{"n":27},"geometry":{"type":"Point","coordinates":[-94.805,29.505]}},{"type":"Feature","properties":{"n":46},"geometry":{"type":"Point","coordinates":[-90.86,29.105]}},{"type":"Feature","properties":{"n":157},"geometry":{"type":"Point","coordinates":[-90.465,29.39]}},{"type":"Feature","properties":{"n":128},"geometry":{"type":"Point","coordinates":[-90.84,29.275]}},{"type":"Feature","properties":{"n":431},"geometry":{"type":"Point","coordinates":[-90.79,29.175]}},{"type":"Feature","properties":{"n":19},"geometry":{"type":"Point","coordinates":[-90.0,29.46]}},{"type":"Feature","properties":{"n":239},"geometry":{"type":"Point","coordinates":[-89.565,29.68]}},{"type":"Feature","properties":{"n":23},"geometry":{"type":"Point","coordinates":[-89.48,29.99]}},{"type":"Feature","properties":{"n":614},"geometry":{"type":"Point","coordinates":[-90.815,29.235]}},{"type":"Feature","properties":{"n":105},"geometry":{"type":"Point","coordinates":[-89.555,29.325]}},{"type":"Feature","properties":{"n":17},"geometry":{"type":"Point","coordinates":[-90.57,29.24]}},{"type":"Feature","properties":{"n":22},"geometry":{"type":"Point","coordinates":[-94.675,29.51]}},{"type":"Feature","properties":{"n":263},"geometry":{"type":"Point","coordinates":[-90.74,29.2]}},{"type":"Feature","properties":{"n":745},"geometry":{"type":"Point","coordinates":[-89.37,29.84]}},{"type":"Feature","properties":{"n":109},"geometry":{"type":"Point","coordinates":[-89.705,29.34]}},{"type":"Feature","properties":{"n":7},"geometry":{"type":"Point","coordinates":[-90.58,29.245]}},{"type":"Feature","properties":{"n":30},"geometry":{"type":"Point","coordinates":[-89.73,29.405]}},{"type":"Feature","properties":{"n":32},"geometry":{"type":"Point","coordinates":[-90.58,29.27]}},{"type":"Feature","properties":{"n":208},"geometry":{"type":"Point","coordinates":[-89.63,29.41]}},{"type":"Feature","properties":{"n":77},"geometry":{"type":"Point","coordinates":[-89.69,29.345]}},{"type":"Feature","properties":{"n":1},"geometry":{"type":"Point","coordinates":[-90.7,29.11]}},{"type":"Feature","properties":{"n":13},"geometry":{"type":"Point","coordinates":[-75.825,38.25]}},{"type":"Feature","properties":{"n":15},"geometry":{"type":"Point","coordinates":[-91.91,29.455]}},{"type":"Feature","properties":{"n":38},"geometry":{"type":"Point","coordinates":[-92.11,29.57]}},{"type":"Feature","properties":{"n":19},"geometry":{"type":"Point","coordinates":[-89.22,30.125]}},{"type":"Feature","properties":{"n":100},"geometry":{"type":"Point","coordinates":[-97.04,28.155]}},{"type":"Feature","properties":{"n":177},"geometry":{"type":"Point","coordinates":[-90.545,29.315]}},{"type":"Feature","properties":{"n":25},"geometry":{"type":"Point","coordinates":[-90.105,29.365]}},{"type":"Feature","properties":{"n":334},"geometry":{"type":"Point","coordinates":[-90.44,29.395]}},{"type":"Feature","properties":{"n":506},"geometry":{"type":"Point","coordinates":[-94.75,29.485]}},{"type":"Feature","properties":{"n":45},"geometry":{"type":"Point","coordinates":[-91.11,29.255]}},{"type":"Feature","properties":{"n":733},"geometry":{"type":"Point","coordinates":[-89.61,29.325]}},{"type":"Feature","properties":{"n":3989},"geometry":{"type":"Point","coordinates":[-89.64,29.375]}},{"type":"Feature","properties":{"n":918},"geometry":{"type":"Point","coordinates":[-89.63,29.33]}},{"type":"Feature","properties":{"n":339},"geometry":{"type":"Point","coordinates":[-89.345,29.915]}},{"type":"Feature","properties":{"n":426},"geometry":{"type":"Point","coordinates":[-89.64,29.37]}},{"type":"Feature","properties":{"n":1},"geometry":{"type":"Point","coordinates":[-91.815,29.445]}},{"type":"Feature","properties":{"n":1013},"geometry":{"type":"Point","coordinates":[-89.59,29.335]}},{"type":"Feature","properties":{"n":162},"geometry":{"type":"Point","coordinates":[-96.95,28.065]}},{"type":"Feature","properties":{"n":19},"geometry":{"type":"Point","coordinates":[-89.33,29.83]}},{"type":"Feature","properties":{"n":77},"geometry":{"type":"Point","coordinates":[-89.375,29.815]}},{"type":"Feature","properties":{"n":414},"geometry":{"type":"Point","coordinates":[-94.895,29.48]}},{"type":"Feature","properties":{"n":422},"geometry":{"type":"Point","coordinates":[-89.635,29.34]}},{"type":"Feature","properties":{"n":546},"geometry":{"type":"Point","coordinates":[-90.745,29.185]}},{"type":"Feature","properties":{"n":50},"geometry":{"type":"Point","coordinates":[-90.75,29.12]}},{"type":"Feature","properties":{"n":45},"geometry":{"type":"Point","coordinates":[-89.55,29.275]}},{"type":"Feature","properties":{"n":11},"geometry":{"type":"Point","coordinates":[-96.735,28.315]}},{"type":"Feature","properties":{"n":18},"geometry":{"type":"Point","coordinates":[-90.965,29.295]}},{"type":"Feature","properties":{"n":27},"geometry":{"type":"Point","coordinates":[-90.655,29.175]}},{"type":"Feature","properties":{"n":396},"geometry":{"type":"Point","coordinates":[-90.71,29.265]}},{"type":"Feature","properties":{"n":397},"geometry":{"type":"Point","coordinates":[-90.7,29.2]}},{"type":"Feature","properties":{"n":355},"geometry":{"type":"Point","coordinates":[-90.295,29.285]}},{"type":"Feature","properties":{"n":952},"geometry":{"type":"Point","coordinates":[-90.86,29.21]}},{"type":"Feature","properties":{"n":342},"geometry":{"type":"Point","coordinates":[-75.92,38.3]}},{"type":"Feature","properties":{"n":45},"geometry":{"type":"Point","coordinates":[-89.725,29.325]}},{"type":"Feature","properties":{"n":6},"geometry":{"type":"Point","coordinates":[-90.09,29.38]}},{"type":"Feature","properties":{"n":406},"geometry":{"type":"Point","coordinates":[-89.515,29.3]}},{"type":"Feature","properties":{"n":281},"geometry":{"type":"Point","coordinates":[-94.88,29.43]}},{"type":"Feature","properties":{"n":287},"geometry":{"type":"Point","coordinates":[-89.565,29.325]}},{"type":"Feature","properties":{"n":4},"geometry":{"type":"Point","coordinates":[-89.845,29.435]}},{"type":"Feature","properties":{"n":2},"geometry":{"type":"Point","coordinates":[-90.455,29.33]}},{"type":"Feature","properties":{"n":186},"geometry":{"type":"Point","coordinates":[-89.39,29.82]}},{"type":"Feature","properties":{"n":418},"geometry":{"type":"Point","coordinates":[-90.57,29.365]}},{"type":"Feature","properties":{"n":111},"geometry":{"type":"Point","coordinates":[-90.395,29.3]}},{"type":"Feature","properties":{"n":49},"geometry":{"type":"Point","coordinates":[-90.66,29.19]}},{"type":"Feature","properties":{"n":245},"geometry":{"type":"Point","coordinates":[-89.26,30.045]}},{"type":"Feature","properties":{"n":69},"geometry":{"type":"Point","coordinates":[-94.91,29.505]}},{"type":"Feature","properties":{"n":875},"geometry":{"type":"Point","coordinates":[-89.61,29.315]}},{"type":"Feature","properties":{"n":272},"geometry":{"type":"Point","coordinates":[-90.695,29.215]}},{"type":"Feature","properties":{"n":18},"geometry":{"type":"Point","coordinates":[-89.56,29.72]}},{"type":"Feature","properties":{"n":12},"geometry":{"type":"Point","coordinates":[-90.455,29.27]}},{"type":"Feature","properties":{"n":279},"geometry":{"type":"Point","coordinates":[-89.545,29.28]}},{"type":"Feature","properties":{"n":258},"geometry":{"type":"Point","coordinates":[-89.645,29.34]}},{"type":"Feature","properties":{"n":541},"geometry":{"type":"Point","coordinates":[-90.87,29.105]}},{"type":"Feature","properties":{"n":77},"geometry":{"type":"Point","coordinates":[-89.365,29.895]}},{"type":"Feature","properties":{"n":253},"geometry":{"type":"Point","coordinates":[-90.19,29.295]}},{"type":"Feature","properties":{"n":879},"geometry":{"type":"Point","coordinates":[-89.285,29.945]}},{"type":"Feature","properties":{"n":446},"geometry":{"type":"Point","coordinates":[-89.435,29.77]}},{"type":"Feature","properties":{"n":54},"geometry":{"type":"Point","coordinates":[-96.58,28.31]}},{"type":"Feature","properties":{"n":258},"geometry":{"type":"Point","coordinates":[-90.735,29.26]}},{"type":"Feature","properties":{"n":449},"geometry":{"type":"Point","coordinates":[-89.285,29.94]}},{"type":"Feature","properties":{"n":341},"geometry":{"type":"Point","coordinates":[-89.71,29.475]}},{"type":"Feature","properties":{"n":17},"geometry":{"type":"Point","coordinates":[-89.43,29.8]}},{"type":"Feature","properties":{"n":166},"geometry":{"type":"Point","coordinates":[-90.44,29.32]}},{"type":"Feature","properties":{"n":111},"geometry":{"type":"Point","coordinates":[-90.55,29.345]}},{"type":"Feature","properties":{"n":1548},"geometry":{"type":"Point","coordinates":[-75.865,38.225]}},{"type":"Feature","properties":{"n":84},"geometry":{"type":"Point","coordinates":[-89.995,29.42]}},{"type":"Feature","properties":{"n":56},"geometry":{"type":"Point","coordinates":[-89.635,29.385]}},{"type":"Feature","properties":{"n":135},"geometry":{"type":"Point","coordinates":[-89.995,29.465]}},{"type":"Feature","properties":{"n":286},"geometry":{"type":"Point","coordinates":[-90.86,29.13]}},{"type":"Feature","properties":{"n":103},"geometry":{"type":"Point","coordinates":[-89.255,30.015]}},{"type":"Feature","properties":{"n":56},"geometry":{"type":"Point","coordinates":[-90.72,29.245]}},{"type":"Feature","properties":{"n":12},"geometry":{"type":"Point","coordinates":[-89.25,29.945]}},{"type":"Feature","properties":{"n":421},"geometry":{"type":"Point","coordinates":[-89.32,29.925]}},{"type":"Feature","properties":{"n":15},"geometry":{"type":"Point","coordinates":[-89.28,29.965]}},{"type":"Feature","properties":{"n":262},"geometry":{"type":"Point","coordinates":[-89.63,29.315]}},{"type":"Feature","properties":{"n":13},"geometry":{"type":"Point","coordinates":[-90.49,29.34]}},{"type":"Feature","properties":{"n":722},"geometry":{"type":"Point","coordinates":[-89.7,29.44]}},{"type":"Feature","properties":{"n":470},"geometry":{"type":"Point","coordinates":[-94.755,29.47]}},{"type":"Feature","properties":{"n":8},"geometry":{"type":"Point","coordinates":[-96.61,28.31]}},{"type":"Feature","properties":{"n":141},"geometry":{"type":"Point","coordinates":[-91.855,29.405]}},{"type":"Feature","properties":{"n":174},"geometry":{"type":"Point","coordinates":[-89.575,29.71]}},{"type":"Feature","properties":{"n":45},"geometry":{"type":"Point","coordinates":[-91.835,29.425]}},{"type":"Feature","properties":{"n":382},"geometry":{"type":"Point","coordinates":[-96.71,28.255]}},{"type":"Feature","properties":{"n":20},"geometry":{"type":"Point","coordinates":[-90.77,29.185]}},{"type":"Feature","properties":{"n":424},"geometry":{"type":"Point","coordinates":[-89.67,29.365]}},{"type":"Feature","properties":{"n":25},"geometry":{"type":"Point","coordinates":[-90.95,29.165]}},{"type":"Feature","properties":{"n":434},"geometry":{"type":"Point","coordinates":[-89.61,29.285]}},{"type":"Feature","properties":{"n":2},"geometry":{"type":"Point","coordinates":[-90.555,29.28]}},{"type":"Feature","properties":{"n":429},"geometry":{"type":"Point","coordinates":[-89.695,29.435]}},{"type":"Feature","properties":{"n":183},"geometry":{"type":"Point","coordinates":[-89.54,29.29]}},{"type":"Feature","properties":{"n":151},"geometry":{"type":"Point","coordinates":[-94.705,29.46]}},{"type":"Feature","properties":{"n":173},"geometry":{"type":"Point","coordinates":[-89.645,29.385]}},{"type":"Feature","properties":{"n":70},"geometry":{"type":"Point","coordinates":[-89.475,29.75]}},{"type":"Feature","properties":{"n":37},"geometry":{"type":"Point","coordinates":[-90.875,29.215]}},{"type":"Feature","properties":{"n":354},"geometry":{"type":"Point","coordinates":[-89.44,29.77]}},{"type":"Feature","properties":{"n":505},"geometry":{"type":"Point","coordinates":[-75.935,38.25]}},{"type":"Feature","properties":{"n":19},"geometry":{"type":"Point","coordinates":[-90.565,29.29]}},{"type":"Feature","properties":{"n":181},"geometry":{"type":"Point","coordinates":[-89.46,29.995]}},{"type":"Feature","properties":{"n":240},"geometry":{"type":"Point","coordinates":[-90.68,29.22]}},{"type":"Feature","properties":{"n":15},"geometry":{"type":"Point","coordinates":[-90.325,29.35]}},{"type":"Feature","properties":{"n":29},"geometry":{"type":"Point","coordinates":[-90.43,29.355]}},{"type":"Feature","properties":{"n":316},"geometry":{"type":"Point","coordinates":[-91.825,29.44]}},{"type":"Feature","properties":{"n":128},"geometry":{"type":"Point","coordinates":[-90.365,29.355]}},{"type":"Feature","properties":{"n":161},"geometry":{"type":"Point","coordinates":[-89.35,29.99]}},{"type":"Feature","properties":{"n":388},"geometry":{"type":"Point","coordinates":[-97.01,28.11]}},{"type":"Feature","properties":{"n":31},"geometry":{"type":"Point","coordinates":[-90.835,29.155]}},{"type":"Feature","properties":{"n":391},"geometry":{"type":"Point","coordinates":[-89.71,29.31]}},{"type":"Feature","properties":{"n":58},"geometry":{"type":"Point","coordinates":[-90.64,29.225]}},{"type":"Feature","properties":{"n":600},"geometry":{"type":"Point","coordinates":[-76.105,38.245]}},{"type":"Feature","properties":{"n":17},"geometry":{"type":"Point","coordinates":[-90.425,29.355]}},{"type":"Feature","properties":{"n":216},"geometry":{"type":"Point","coordinates":[-89.68,29.415]}},{"type":"Feature","properties":{"n":408},"geometry":{"type":"Point","coordinates":[-75.85,38.22]}},{"type":"Feature","properties":{"n":436},"geometry":{"type":"Point","coordinates":[-90.345,29.335]}},{"type":"Feature","properties":{"n":2},"geometry":{"type":"Point","coordinates":[-89.7,29.38]}},{"type":"Feature","properties":{"n":333},"geometry":{"type":"Point","coordinates":[-90.62,29.285]}},{"type":"Feature","properties":{"n":919},"geometry":{"type":"Point","coordinates":[-89.43,29.765]}},{"type":"Feature","properties":{"n":76},"geometry":{"type":"Point","coordinates":[-94.805,29.51]}},{"type":"Feature","properties":{"n":872},"geometry":{"type":"Point","coordinates":[-92.065,29.58]}},{"type":"Feature","properties":{"n":372},"geometry":{"type":"Point","coordinates":[-90.61,29.305]}},{"type":"Feature","properties":{"n":188},"geometry":{"type":"Point","coordinates":[-89.56,29.7]}},{"type":"Feature","properties":{"n":119},"geometry":{"type":"Point","coordinates":[-89.53,29.255]}},{"type":"Feature","properties":{"n":39},"geometry":{"type":"Point","coordinates":[-91.975,29.525]}},{"type":"Feature","properties":{"n":873},"geometry":{"type":"Point","coordinates":[-90.755,29.2]}},{"type":"Feature","properties":{"n":346},"geometry":{"type":"Point","coordinates":[-94.855,29.65]}},{"type":"Feature","properties":{"n":72},"geometry":{"type":"Point","coordinates":[-90.83,29.12]}},{"type":"Feature","properties":{"n":78},"geometry":{"type":"Point","coordinates":[-90.58,29.335]}},{"type":"Feature","properties":{"n":6},"geometry":{"type":"Point","coordinates":[-89.415,29.785]}},{"type":"Feature","properties":{"n":230},"geometry":{"type":"Point","coordinates":[-94.83,29.515]}},{"type":"Feature","properties":{"n":93},"geometry":{"type":"Point","coordinates":[-76.145,38.73]}},{"type":"Feature","properties":{"n":265},"geometry":{"type":"Point","coordinates":[-89.26,30.035]}},{"type":"Feature","properties":{"n":210},"geometry":{"type":"Point","coordinates":[-89.71,29.365]}},{"type":"Feature","properties":{"n":1142},"geometry":{"type":"Point","coordinates":[-90.54,29.385]}},{"type":"Feature","properties":{"n":51},"geometry":{"type":"Point","coordinates":[-90.685,29.34]}},{"type":"Feature","properties":{"n":172},"geometry":{"type":"Point","coordinates":[-90.61,29.27]}},{"type":"Feature","properties":{"n":8},"geometry":{"type":"Point","coordinates":[-90.81,29.135]}},{"type":"Feature","properties":{"n":158},"geometry":{"type":"Point","coordinates":[-90.755,29.13]}},{"type":"Feature","properties":{"n":385},"geometry":{"type":"Point","coordinates":[-90.525,29.37]}},{"type":"Feature","properties":{"n":4},"geometry":{"type":"Point","coordinates":[-89.315,30.03]}},{"type":"Feature","properties":{"n":26},"geometry":{"type":"Point","coordinates":[-90.845,29.195]}},{"type":"Feature","properties":{"n":1},"geometry":{"type":"Point","coordinates":[-89.655,29.595]}},{"type":"Feature","properties":{"n":32},"geometry":{"type":"Point","coordinates":[-90.58,29.275]}},{"type":"Feature","properties":{"n":554},"geometry":{"type":"Point","coordinates":[-89.44,29.74]}},{"type":"Feature","properties":{"n":302},"geometry":{"type":"Point","coordinates":[-90.04,29.46]}},{"type":"Feature","properties":{"n":3},"geometry":{"type":"Point","coordinates":[-97.025,28.135]}},{"type":"Feature","properties":{"n":26},"geometry":{"type":"Point","coordinates":[-90.705,29.145]}},{"type":"Feature","properties":{"n":82},"geometry":{"type":"Point","coordinates":[-90.775,29.195]}},{"type":"Feature","properties":{"n":8},"geometry":{"type":"Point","coordinates":[-90.75,29.085]}},{"type":"Feature","properties":{"n":150},"geometry":{"type":"Point","coordinates":[-94.86,29.645]}},{"type":"Feature","properties":{"n":198},"geometry":{"type":"Point","coordinates":[-94.87,29.445]}},{"type":"Feature","properties":{"n":39},"geometry":{"type":"Point","coordinates":[-90.54,29.22]}},{"type":"Feature","properties":{"n":40},"geometry":{"type":"Point","coordinates":[-89.58,29.355]}},{"type":"Feature","properties":{"n":312},"geometry":{"type":"Point","coordinates":[-89.345,29.82]}},{"type":"Feature","properties":{"n":48},"geometry":{"type":"Point","coordinates":[-90.25,29.27]}},{"type":"Feature","properties":{"n":210},"geometry":{"type":"Point","coordinates":[-89.685,29.4]}},{"type":"Feature","properties":{"n":371},"geometry":{"type":"Point","coordinates":[-90.205,29.275]}},{"type":"Feature","properties":{"n":66},"geometry":{"type":"Point","coordinates":[-90.965,29.175]}},{"type":"Feature","properties":{"n":64},"geometry":{"type":"Point","coordinates":[-89.86,29.475]}},{"type":"Feature","properties":{"n":11},"geometry":{"type":"Point","coordinates":[-89.36,29.85]}},{"type":"Feature","properties":{"n":160},"geometry":{"type":"Point","coordinates":[-91.85,29.48]}},{"type":"Feature","properties":{"n":105},"geometry":{"type":"Point","coordinates":[-89.305,29.93]}},{"type":"Feature","properties":{"n":16},"geometry":{"type":"Point","coordinates":[-90.555,29.305]}},{"type":"Feature","properties":{"n":129},"geometry":{"type":"Point","coordinates":[-89.655,29.365]}},{"type":"Feature","properties":{"n":494},"geometry":{"type":"Point","coordinates":[-90.31,29.375]}},{"type":"Feature","properties":{"n":84},"geometry":{"type":"Point","coordinates":[-89.43,29.735]}},{"type":"Feature","properties":{"n":245},"geometry":{"type":"Point","coordinates":[-90.255,29.26]}},{"type":"Feature","properties":{"n":404},"geometry":{"type":"Point","coordinates":[-89.385,29.835]}},{"type":"Feature","properties":{"n":22},"geometry":{"type":"Point","coordinates":[-90.565,29.21]}},{"type":"Feature","properties":{"n":182},"geometry":{"type":"Point","coordinates":[-89.48,29.3]}},{"type":"Feature","properties":{"n":91},"geometry":{"type":"Point","coordinates":[-90.49,29.29]}},{"type":"Feature","properties":{"n":25},"geometry":{"type":"Point","coordinates":[-90.05,29.455]}},{"type":"Feature","properties":{"n":3},"geometry":{"type":"Point","coordinates":[-89.54,29.72]}},{"type":"Feature","properties":{"n":302},"geometry":{"type":"Point","coordinates":[-89.635,29.305]}},{"type":"Feature","properties":{"n":214},"geometry":{"type":"Point","coordinates":[-90.66,29.335]}},{"type":"Feature","properties":{"n":57},"geometry":{"type":"Point","coordinates":[-94.905,29.51]}},{"type":"Feature","properties":{"n":69},"geometry":{"type":"Point","coordinates":[-91.105,29.26]}},{"type":"Feature","properties":{"n":8},"geometry":{"type":"Point","coordinates":[-89.975,29.455]}},{"type":"Feature","properties":{"n":256},"geometry":{"type":"Point","coordinates":[-89.245,30.035]}},{"type":"Feature","properties":{"n":35},"geometry":{"type":"Point","coordinates":[-89.76,29.455]}},{"type":"Feature","properties":{"n":19},"geometry":{"type":"Point","coordinates":[-90.56,29.29]}},{"type":"Feature","properties":{"n":157},"geometry":{"type":"Point","coordinates":[-89.525,29.26]}},{"type":"Feature","properties":{"n":134},"geometry":{"type":"Point","coordinates":[-89.64,29.4]}},{"type":"Feature","properties":{"n":648},"geometry":{"type":"Point","coordinates":[-90.295,29.275]}},{"type":"Feature","properties":{"n":297},"geometry":{"type":"Point","coordinates":[-92.085,29.57]}},{"type":"Feature","properties":{"n":10},"geometry":{"type":"Point","coordinates":[-90.68,29.585]}},{"type":"Feature","properties":{"n":37},"geometry":{"type":"Point","coordinates":[-97.095,28.15]}},{"type":"Feature","properties":{"n":68},"geometry":{"type":"Point","coordinates":[-89.265,30.065]}},{"type":"Feature","properties":{"n":489},"geometry":{"type":"Point","coordinates":[-90.315,29.38]}},{"type":"Feature","properties":{"n":32},"geometry":{"type":"Point","coordinates":[-90.055,29.43]}},{"type":"Feature","properties":{"n":158},"geometry":{"type":"Point","coordinates":[-89.99,29.45]}},{"type":"Feature","properties":{"n":7},"geometry":{"type":"Point","coordinates":[-89.755,29.35]}},{"type":"Feature","properties":{"n":330},"geometry":{"type":"Point","coordinates":[-90.735,29.265]}},{"type":"Feature","properties":{"n":227},"geometry":{"type":"Point","coordinates":[-90.46,29.395]}},{"type":"Feature","properties":{"n":170},"geometry":{"type":"Point","coordinates":[-96.975,28.075]}},{"type":"Feature","properties":{"n":152},"geometry":{"type":"Point","coordinates":[-90.905,29.275]}},{"type":"Feature","properties":{"n":26},"geometry":{"type":"Point","coordinates":[-89.625,29.925]}},{"type":"Feature","properties":{"n":363},"geometry":{"type":"Point","coordinates":[-90.675,29.195]}},{"type":"Feature","properties":{"n":651},"geometry":{"type":"Point","coordinates":[-89.375,29.83]}},{"type":"Feature","properties":{"n":731},"geometry":{"type":"Point","coordinates":[-89.315,29.915]}},{"type":"Feature","properties":{"n":620},"geometry":{"type":"Point","coordinates":[-89.59,29.325]}},{"type":"Feature","properties":{"n":63},"geometry":{"type":"Point","coordinates":[-92.0,29.55]}},{"type":"Feature","properties":{"n":244},"geometry":{"type":"Point","coordinates":[-89.52,29.27]}},{"type":"Feature","properties":{"n":62},"geometry":{"type":"Point","coordinates":[-90.365,29.36]}},{"type":"Feature","properties":{"n":198},"geometry":{"type":"Point","coordinates":[-90.795,29.24]}},{"type":"Feature","properties":{"n":85},"geometry":{"type":"Point","coordinates":[-89.655,29.35]}},{"type":"Feature","properties":{"n":91},"geometry":{"type":"Point","coordinates":[-90.145,29.34]}},{"type":"Feature","properties":{"n":46},"geometry":{"type":"Point","coordinates":[-89.475,29.295]}},{"type":"Feature","properties":{"n":75},"geometry":{"type":"Point","coordinates":[-90.545,29.405]}},{"type":"Feature","properties":{"n":3},"geometry":{"type":"Point","coordinates":[-96.585,28.305]}},{"type":"Feature","properties":{"n":96},"geometry":{"type":"Point","coordinates":[-90.495,29.375]}},{"type":"Feature","properties":{"n":111},"geometry":{"type":"Point","coordinates":[-94.89,29.485]}},{"type":"Feature","properties":{"n":54},"geometry":{"type":"Point","coordinates":[-90.665,29.38]}},{"type":"Feature","properties":{"n":90},"geometry":{"type":"Point","coordinates":[-89.335,29.82]}},{"type":"Feature","properties":{"n":149},"geometry":{"type":"Point","coordinates":[-89.605,29.94]}},{"type":"Feature","properties":{"n":23},"geometry":{"type":"Point","coordinates":[-89.59,29.7]}},{"type":"Feature","properties":{"n":174},"geometry":{"type":"Point","coordinates":[-89.87,29.435]}},{"type":"Feature","properties":{"n":147},"geometry":{"type":"Point","coordinates":[-89.535,29.695]}},{"type":"Feature","properties":{"n":399},"geometry":{"type":"Point","coordinates":[-89.72,29.385]}},{"type":"Feature","properties":{"n":122},"geometry":{"type":"Point","coordinates":[-91.85,29.395]}},{"type":"Feature","properties":{"n":26},"geometry":{"type":"Point","coordinates":[-90.82,29.23]}},{"type":"Feature","properties":{"n":30},"geometry":{"type":"Point","coordinates":[-90.845,29.16]}},{"type":"Feature","properties":{"n":62},"geometry":{"type":"Point","coordinates":[-89.275,30.06]}},{"type":"Feature","properties":{"n":3},"geometry":{"type":"Point","coordinates":[-94.79,29.52]}},{"type":"Feature","properties":{"n":87},"geometry":{"type":"Point","coordinates":[-89.725,29.38]}},{"type":"Feature","properties":{"n":94},"geometry":{"type":"Point","coordinates":[-89.43,29.82]}},{"type":"Feature","properties":{"n":28},"geometry":{"type":"Point","coordinates":[-90.9,29.21]}},{"type":"Feature","properties":{"n":34},"geometry":{"type":"Point","coordinates":[-90.02,29.38]}},{"type":"Feature","properties":{"n":473},"geometry":{"type":"Point","coordinates":[-94.685,29.52]}},{"type":"Feature","properties":{"n":332},"geometry":{"type":"Point","coordinates":[-90.69,29.2]}},{"type":"Feature","properties":{"n":62},"geometry":{"type":"Point","coordinates":[-90.115,29.35]}},{"type":"Feature","properties":{"n":162},"geometry":{"type":"Point","coordinates":[-94.8,29.52]}},{"type":"Feature","properties":{"n":212},"geometry":{"type":"Point","coordinates":[-76.215,38.72]}},{"type":"Feature","properties":{"n":231},"geometry":{"type":"Point","coordinates":[-89.59,29.69]}},{"type":"Feature","properties":{"n":168},"geometry":{"type":"Point","coordinates":[-90.635,29.27]}},{"type":"Feature","properties":{"n":216},"geometry":{"type":"Point","coordinates":[-89.97,29.495]}},{"type":"Feature","properties":{"n":37},"geometry":{"type":"Point","coordinates":[-90.865,29.24]}},{"type":"Feature","properties":{"n":301},"geometry":{"type":"Point","coordinates":[-89.56,29.305]}},{"type":"Feature","properties":{"n":191},"geometry":{"type":"Point","coordinates":[-89.385,29.81]}},{"type":"Feature","properties":{"n":294},"geometry":{"type":"Point","coordinates":[-90.435,29.375]}},{"type":"Feature","properties":{"n":27},"geometry":{"type":"Point","coordinates":[-90.66,29.175]}},{"type":"Feature","properties":{"n":428},"geometry":{"type":"Point","coordinates":[-94.73,29.475]}},{"type":"Feature","properties":{"n":109},"geometry":{"type":"Point","coordinates":[-91.83,29.46]}},{"type":"Feature","properties":{"n":1},"geometry":{"type":"Point","coordinates":[-90.885,29.23]}},{"type":"Feature","properties":{"n":244},"geometry":{"type":"Point","coordinates":[-89.69,29.36]}},{"type":"Feature","properties":{"n":253},"geometry":{"type":"Point","coordinates":[-94.815,29.55]}},{"type":"Feature","properties":{"n":272},"geometry":{"type":"Point","coordinates":[-90.7,29.275]}},{"type":"Feature","properties":{"n":376},"geometry":{"type":"Point","coordinates":[-89.275,29.99]}},{"type":"Feature","properties":{"n":53},"geometry":{"type":"Point","coordinates":[-90.435,29.265]}},{"type":"Feature","properties":{"n":71},"geometry":{"type":"Point","coordinates":[-89.38,29.795]}},{"type":"Feature","properties":{"n":324},"geometry":{"type":"Point","coordinates":[-90.82,29.14]}},{"type":"Feature","properties":{"n":192},"geometry":{"type":"Point","coordinates":[-90.2,29.28]}},{"type":"Feature","properties":{"n":262},"geometry":{"type":"Point","coordinates":[-89.43,29.78]}},{"type":"Feature","properties":{"n":126},"geometry":{"type":"Point","coordinates":[-90.79,29.185]}},{"type":"Feature","properties":{"n":212},"geometry":{"type":"Point","coordinates":[-90.21,29.285]}},{"type":"Feature","properties":{"n":177},"geometry":{"type":"Point","coordinates":[-90.47,29.4]}},{"type":"Feature","properties":{"n":58},"geometry":{"type":"Point","coordinates":[-90.275,29.27]}},{"type":"Feature","properties":{"n":449},"geometry":{"type":"Point","coordinates":[-89.535,29.295]}},{"type":"Feature","properties":{"n":91},"geometry":{"type":"Point","coordinates":[-90.005,29.475]}},{"type":"Feature","properties":{"n":302},"geometry":{"type":"Point","coordinates":[-94.875,29.45]}},{"type":"Feature","properties":{"n":42},"geometry":{"type":"Point","coordinates":[-90.86,29.11]}},{"type":"Feature","properties":{"n":368},"geometry":{"type":"Point","coordinates":[-89.565,29.33]}},{"type":"Feature","properties":{"n":160},"geometry":{"type":"Point","coordinates":[-92.09,29.565]}},{"type":"Feature","properties":{"n":2816},"geometry":{"type":"Point","coordinates":[-89.605,29.37]}},{"type":"Feature","properties":{"n":489},"geometry":{"type":"Point","coordinates":[-89.445,29.735]}},{"type":"Feature","properties":{"n":292},"geometry":{"type":"Point","coordinates":[-90.31,29.39]}},{"type":"Feature","properties":{"n":195},"geometry":{"type":"Point","coordinates":[-90.67,29.285]}},{"type":"Feature","properties":{"n":148},"geometry":{"type":"Point","coordinates":[-90.73,29.225]}},{"type":"Feature","properties":{"n":1},"geometry":{"type":"Point","coordinates":[-89.375,29.965]}},{"type":"Feature","properties":{"n":19},"geometry":{"type":"Point","coordinates":[-89.985,29.385]}},{"type":"Feature","properties":{"n":158},"geometry":{"type":"Point","coordinates":[-89.92,29.435]}},{"type":"Feature","properties":{"n":178},"geometry":{"type":"Point","coordinates":[-90.69,29.26]}},{"type":"Feature","properties":{"n":38},"geometry":{"type":"Point","coordinates":[-90.56,29.235]}},{"type":"Feature","properties":{"n":44},"geometry":{"type":"Point","coordinates":[-89.535,29.255]}},{"type":"Feature","properties":{"n":79},"geometry":{"type":"Point","coordinates":[-94.89,29.47]}},{"type":"Feature","properties":{"n":546},"geometry":{"type":"Point","coordinates":[-90.27,29.275]}},{"type":"Feature","properties":{"n":227},"geometry":{"type":"Point","coordinates":[-89.375,29.89]}},{"type":"Feature","properties":{"n":206},"geometry":{"type":"Point","coordinates":[-89.245,30.015]}},{"type":"Feature","properties":{"n":371},"geometry":{"type":"Point","coordinates":[-89.73,29.335]}},{"type":"Feature","properties":{"n":22},"geometry":{"type":"Point","coordinates":[-89.765,29.34]}},{"type":"Feature","properties":{"n":7},"geometry":{"type":"Point","coordinates":[-92.015,29.555]}},{"type":"Feature","properties":{"n":612},"geometry":{"type":"Point","coordinates":[-89.315,29.97]}},{"type":"Feature","properties":{"n":82},"geometry":{"type":"Point","coordinates":[-90.985,29.23]}},{"type":"Feature","properties":{"n":77},"geometry":{"type":"Point","coordinates":[-90.7,29.15]}},{"type":"Feature","properties":{"n":1},"geometry":{"type":"Point","coordinates":[-96.51,28.6]}},{"type":"Feature","properties":{"n":318},"geometry":{"type":"Point","coordinates":[-90.825,29.145]}},{"type":"Feature","properties":{"n":54},"geometry":{"type":"Point","coordinates":[-89.78,29.465]}},{"type":"Feature","properties":{"n":63},"geometry":{"type":"Point","coordinates":[-90.795,29.21]}},{"type":"Feature","properties":{"n":549},"geometry":{"type":"Point","coordinates":[-96.775,28.335]}},{"type":"Feature","properties":{"n":378},"geometry":{"type":"Point","coordinates":[-90.18,29.3]}},{"type":"Feature","properties":{"n":321},"geometry":{"type":"Point","coordinates":[-89.315,29.92]}},{"type":"Feature","properties":{"n":33},"geometry":{"type":"Point","coordinates":[-89.485,29.31]}},{"type":"Feature","properties":{"n":49},"geometry":{"type":"Point","coordinates":[-89.25,29.955]}},{"type":"Feature","properties":{"n":144},"geometry":{"type":"Point","coordinates":[-89.495,29.815]}},{"type":"Feature","properties":{"n":322},"geometry":{"type":"Point","coordinates":[-89.975,29.49]}},{"type":"Feature","properties":{"n":562},"geometry":{"type":"Point","coordinates":[-89.635,29.4]}},{"type":"Feature","properties":{"n":156},"geometry":{"type":"Point","coordinates":[-96.94,28.095]}},{"type":"Feature","properties":{"n":400},"geometry":{"type":"Point","coordinates":[-92.02,29.53]}},{"type":"Feature","properties":{"n":91},"geometry":{"type":"Point","coordinates":[-89.76,29.335]}},{"type":"Feature","properties":{"n":2},"geometry":{"type":"Point","coordinates":[-89.48,29.75]}},{"type":"Feature","properties":{"n":104},"geometry":{"type":"Point","coordinates":[-89.545,29.285]}},{"type":"Feature","properties":{"n":42},"geometry":{"type":"Point","coordinates":[-90.665,29.175]}},{"type":"Feature","properties":{"n":22},"geometry":{"type":"Point","coordinates":[-90.995,29.315]}},{"type":"Feature","properties":{"n":265},"geometry":{"type":"Point","coordinates":[-96.955,28.07]}},{"type":"Feature","properties":{"n":61},"geometry":{"type":"Point","coordinates":[-90.185,29.305]}},{"type":"Feature","properties":{"n":504},"geometry":{"type":"Point","coordinates":[-89.335,29.95]}},{"type":"Feature","properties":{"n":629},"geometry":{"type":"Point","coordinates":[-89.29,29.985]}},{"type":"Feature","properties":{"n":1352},"geometry":{"type":"Point","coordinates":[-90.755,29.205]}},{"type":"Feature","properties":{"n":441},"geometry":{"type":"Point","coordinates":[-90.685,29.25]}},{"type":"Feature","properties":{"n":141},"geometry":{"type":"Point","coordinates":[-90.82,29.12]}},{"type":"Feature","properties":{"n":97},"geometry":{"type":"Point","coordinates":[-89.77,29.475]}},{"type":"Feature","properties":{"n":237},"geometry":{"type":"Point","coordinates":[-75.875,38.225]}},{"type":"Feature","properties":{"n":143},"geometry":{"type":"Point","coordinates":[-89.35,30.0]}},{"type":"Feature","properties":{"n":126},"geometry":{"type":"Point","coordinates":[-89.55,29.26]}},{"type":"Feature","properties":{"n":52},"geometry":{"type":"Point","coordinates":[-90.065,29.46]}},{"type":"Feature","properties":{"n":10},"geometry":{"type":"Point","coordinates":[-90.11,29.38]}},{"type":"Feature","properties":{"n":89},"geometry":{"type":"Point","coordinates":[-97.065,28.14]}},{"type":"Feature","properties":{"n":574},"geometry":{"type":"Point","coordinates":[-89.59,29.355]}},{"type":"Feature","properties":{"n":130},"geometry":{"type":"Point","coordinates":[-89.385,29.815]}},{"type":"Feature","properties":{"n":134},"geometry":{"type":"Point","coordinates":[-89.395,29.81]}},{"type":"Feature","properties":{"n":139},"geometry":{"type":"Point","coordinates":[-91.985,29.525]}},{"type":"Feature","properties":{"n":7},"geometry":{"type":"Point","coordinates":[-90.62,29.25]}},{"type":"Feature","properties":{"n":553},"geometry":{"type":"Point","coordinates":[-75.935,38.265]}},{"type":"Feature","properties":{"n":13},"geometry":{"type":"Point","coordinates":[-90.88,29.25]}},{"type":"Feature","properties":{"n":102},"geometry":{"type":"Point","coordinates":[-89.515,29.29]}},{"type":"Feature","properties":{"n":13},"geometry":{"type":"Point","coordinates":[-90.73,29.09]}},{"type":"Feature","properties":{"n":72},"geometry":{"type":"Point","coordinates":[-89.4,29.795]}},{"type":"Feature","properties":{"n":375},"geometry":{"type":"Point","coordinates":[-91.9,29.475]}},{"type":"Feature","properties":{"n":51},"geometry":{"type":"Point","coordinates":[-89.26,30.08]}},{"type":"Feature","properties":{"n":304},"geometry":{"type":"Point","coordinates":[-90.685,29.175]}},{"type":"Feature","properties":{"n":399},"geometry":{"type":"Point","coordinates":[-89.335,29.91]}},{"type":"Feature","properties":{"n":387},"geometry":{"type":"Point","coordinates":[-89.46,29.81]}},{"type":"Feature","properties":{"n":190},"geometry":{"type":"Point","coordinates":[-89.335,29.96]}},{"type":"Feature","properties":{"n":42},"geometry":{"type":"Point","coordinates":[-89.585,29.715]}},{"type":"Feature","properties":{"n":491},"geometry":{"type":"Point","coordinates":[-90.71,29.135]}},{"type":"Feature","properties":{"n":15},"geometry":{"type":"Point","coordinates":[-90.625,29.225]}},{"type":"Feature","properties":{"n":187},"geometry":{"type":"Point","coordinates":[-89.73,29.31]}},{"type":"Feature","properties":{"n":78},"geometry":{"type":"Point","coordinates":[-89.75,29.39]}},{"type":"Feature","properties":{"n":150},"geometry":{"type":"Point","coordinates":[-89.64,29.35]}},{"type":"Feature","properties":{"n":480},"geometry":{"type":"Point","coordinates":[-90.755,29.195]}},{"type":"Feature","properties":{"n":192},"geometry":{"type":"Point","coordinates":[-89.5,29.255]}},{"type":"Feature","properties":{"n":127},"geometry":{"type":"Point","coordinates":[-89.42,29.76]}},{"type":"Feature","properties":{"n":365},"geometry":{"type":"Point","coordinates":[-90.725,29.195]}},{"type":"Feature","properties":{"n":55},"geometry":{"type":"Point","coordinates":[-89.465,29.795]}},{"type":"Feature","properties":{"n":55},"geometry":{"type":"Point","coordinates":[-89.56,29.68]}},{"type":"Feature","properties":{"n":13},"geometry":{"type":"Point","coordinates":[-89.285,29.93]}},{"type":"Feature","properties":{"n":178},"geometry":{"type":"Point","coordinates":[-90.625,29.295]}},{"type":"Feature","properties":{"n":18},"geometry":{"type":"Point","coordinates":[-90.535,29.315]}},{"type":"Feature","properties":{"n":9},"geometry":{"type":"Point","coordinates":[-89.51,29.825]}},{"type":"Feature","properties":{"n":1377},"geometry":{"type":"Point","coordinates":[-90.75,29.18]}},{"type":"Feature","properties":{"n":51},"geometry":{"type":"Point","coordinates":[-89.745,29.41]}},{"type":"Feature","properties":{"n":1},"geometry":{"type":"Point","coordinates":[-90.14,30.035]}},{"type":"Feature","properties":{"n":508},"geometry":{"type":"Point","coordinates":[-89.725,29.45]}},{"type":"Feature","properties":{"n":7},"geometry":{"type":"Point","coordinates":[-90.52,29.22]}},{"type":"Feature","properties":{"n":79},"geometry":{"type":"Point","coordinates":[-94.89,29.475]}},{"type":"Feature","properties":{"n":347},"geometry":{"type":"Point","coordinates":[-89.445,29.78]}},{"type":"Feature","properties":{"n":60},"geometry":{"type":"Point","coordinates":[-90.74,29.145]}},{"type":"Feature","properties":{"n":438},"geometry":{"type":"Point","coordinates":[-90.725,29.21]}},{"type":"Feature","properties":{"n":224},"geometry":{"type":"Point","coordinates":[-90.68,29.31]}},{"type":"Feature","properties":{"n":446},"geometry":{"type":"Point","coordinates":[-89.425,29.745]}},{"type":"Feature","properties":{"n":19},"geometry":{"type":"Point","coordinates":[-89.44,29.92]}},{"type":"Feature","properties":{"n":408},"geometry":{"type":"Point","coordinates":[-89.3,29.86]}},{"type":"Feature","properties":{"n":50},"geometry":{"type":"Point","coordinates":[-89.64,29.74]}},{"type":"Feature","properties":{"n":178},"geometry":{"type":"Point","coordinates":[-91.84,29.465]}},{"type":"Feature","properties":{"n":188},"geometry":{"type":"Point","coordinates":[-91.13,29.275]}},{"type":"Feature","properties":{"n":127},"geometry":{"type":"Point","coordinates":[-96.49,28.61]}},{"type":"Feature","properties":{"n":712},"geometry":{"type":"Point","coordinates":[-89.25,30.095]}},{"type":"Feature","properties":{"n":27},"geometry":{"type":"Point","coordinates":[-89.785,29.405]}},{"type":"Feature","properties":{"n":853},"geometry":{"type":"Point","coordinates":[-76.23,38.78]}},{"type":"Feature","properties":{"n":7},"geometry":{"type":"Point","coordinates":[-90.0,29.385]}},{"type":"Feature","properties":{"n":125},"geometry":{"type":"Point","coordinates":[-90.67,29.2]}},{"type":"Feature","properties":{"n":548},"geometry":{"type":"Point","coordinates":[-90.68,29.23]}},{"type":"Feature","properties":{"n":9},"geometry":{"type":"Point","coordinates":[-89.385,30.02]}},{"type":"Feature","properties":{"n":17},"geometry":{"type":"Point","coordinates":[-90.4,29.365]}},{"type":"Feature","properties":{"n":178},"geometry":{"type":"Point","coordinates":[-89.325,29.97]}},{"type":"Feature","properties":{"n":274},"geometry":{"type":"Point","coordinates":[-89.295,29.935]}},{"type":"Feature","properties":{"n":18},"geometry":{"type":"Point","coordinates":[-90.655,29.36]}},{"type":"Feature","properties":{"n":29},"geometry":{"type":"Point","coordinates":[-90.67,29.29]}},{"type":"Feature","properties":{"n":1},"geometry":{"type":"Point","coordinates":[-89.655,29.745]}},{"type":"Feature","properties":{"n":9},"geometry":{"type":"Point","coordinates":[-90.655,29.135]}},{"type":"Feature","properties":{"n":307},"geometry":{"type":"Point","coordinates":[-89.325,29.895]}},{"type":"Feature","properties":{"n":323},"geometry":{"type":"Point","coordinates":[-94.89,29.44]}},{"type":"Feature","properties":{"n":92},"geometry":{"type":"Point","coordinates":[-90.325,29.385]}},{"type":"Feature","properties":{"n":551},"geometry":{"type":"Point","coordinates":[-90.69,29.28]}},{"type":"Feature","properties":{"n":3},"geometry":{"type":"Point","coordinates":[-90.685,29.33]}},{"type":"Feature","properties":{"n":14},"geometry":{"type":"Point","coordinates":[-89.945,29.435]}},{"type":"Feature","properties":{"n":693},"geometry":{"type":"Point","coordinates":[-89.575,29.32]}},{"type":"Feature","properties":{"n":3},"geometry":{"type":"Point","coordinates":[-90.53,29.285]}},{"type":"Feature","properties":{"n":11},"geometry":{"type":"Point","coordinates":[-90.565,29.345]}},{"type":"Feature","properties":{"n":11},"geometry":{"type":"Point","coordinates":[-90.985,29.255]}},{"type":"Feature","properties":{"n":1},"geometry":{"type":"Point","coordinates":[-89.705,29.4]}},{"type":"Feature","properties":{"n":390},"geometry":{"type":"Point","coordinates":[-90.195,29.27]}},{"type":"Feature","properties":{"n":11},"geometry":{"type":"Point","coordinates":[-90.015,29.415]}},{"type":"Feature","properties":{"n":135},"geometry":{"type":"Point","coordinates":[-90.8,29.24]}},{"type":"Feature","properties":{"n":327},"geometry":{"type":"Point","coordinates":[-90.75,29.255]}},{"type":"Feature","properties":{"n":197},"geometry":{"type":"Point","coordinates":[-89.735,29.445]}},{"type":"Feature","properties":{"n":424},"geometry":{"type":"Point","coordinates":[-89.575,29.325]}},{"type":"Feature","properties":{"n":62},"geometry":{"type":"Point","coordinates":[-90.395,29.35]}},{"type":"Feature","properties":{"n":311},"geometry":{"type":"Point","coordinates":[-90.72,29.205]}},{"type":"Feature","properties":{"n":76},"geometry":{"type":"Point","coordinates":[-89.55,29.68]}},{"type":"Feature","properties":{"n":571},"geometry":{"type":"Point","coordinates":[-89.67,29.36]}},{"type":"Feature","properties":{"n":101},"geometry":{"type":"Point","coordinates":[-90.77,29.145]}},{"type":"Feature","properties":{"n":838},"geometry":{"type":"Point","coordinates":[-89.61,29.34]}},{"type":"Feature","properties":{"n":42},"geometry":{"type":"Point","coordinates":[-91.815,29.46]}},{"type":"Feature","properties":{"n":148},"geometry":{"type":"Point","coordinates":[-89.485,29.795]}},{"type":"Feature","properties":{"n":45},"geometry":{"type":"Point","coordinates":[-90.09,29.35]}},{"type":"Feature","properties":{"n":112},"geometry":{"type":"Point","coordinates":[-90.985,29.305]}},{"type":"Feature","properties":{"n":212},"geometry":{"type":"Point","coordinates":[-90.63,29.265]}},{"type":"Feature","properties":{"n":12},"geometry":{"type":"Point","coordinates":[-89.8,29.41]}},{"type":"Feature","properties":{"n":286},"geometry":{"type":"Point","coordinates":[-94.81,29.515]}},{"type":"Feature","properties":{"n":152},"geometry":{"type":"Point","coordinates":[-89.605,29.305]}},{"type":"Feature","properties":{"n":205},"geometry":{"type":"Point","coordinates":[-89.585,29.74]}},{"type":"Feature","properties":{"n":50},"geometry":{"type":"Point","coordinates":[-89.435,29.92]}},{"type":"Feature","properties":{"n":179},"geometry":{"type":"Point","coordinates":[-90.815,29.22]}},{"type":"Feature","properties":{"n":167},"geometry":{"type":"Point","coordinates":[-89.665,29.365]}},{"type":"Feature","properties":{"n":231},"geometry":{"type":"Point","coordinates":[-89.515,29.265]}},{"type":"Feature","properties":{"n":32},"geometry":{"type":"Point","coordinates":[-90.7,29.12]}},{"type":"Feature","properties":{"n":94},"geometry":{"type":"Point","coordinates":[-89.91,29.45]}},{"type":"Feature","properties":{"n":303},"geometry":{"type":"Point","coordinates":[-89.505,29.295]}},{"type":"Feature","properties":{"n":19},"geometry":{"type":"Point","coordinates":[-96.94,28.08]}},{"type":"Feature","properties":{"n":27},"geometry":{"type":"Point","coordinates":[-89.515,29.845]}},{"type":"Feature","properties":{"n":33},"geometry":{"type":"Point","coordinates":[-89.265,30.05]}},{"type":"Feature","properties":{"n":284},"geometry":{"type":"Point","coordinates":[-90.765,29.205]}},{"type":"Feature","properties":{"n":141},"geometry":{"type":"Point","coordinates":[-94.9,29.495]}},{"type":"Feature","properties":{"n":660},"geometry":{"type":"Point","coordinates":[-89.32,29.905]}},{"type":"Feature","properties":{"n":176},"geometry":{"type":"Point","coordinates":[-91.84,29.475]}},{"type":"Feature","properties":{"n":399},"geometry":{"type":"Point","coordinates":[-89.255,30.03]}},{"type":"Feature","properties":{"n":321},"geometry":{"type":"Point","coordinates":[-75.845,38.245]}},{"type":"Feature","properties":{"n":168},"geometry":{"type":"Point","coordinates":[-96.96,28.07]}},{"type":"Feature","properties":{"n":68},"geometry":{"type":"Point","coordinates":[-90.85,29.235]}},{"type":"Feature","properties":{"n":7},"geometry":{"type":"Point","coordinates":[-90.67,29.145]}},{"type":"Feature","properties":{"n":101},"geometry":{"type":"Point","coordinates":[-89.725,29.465]}},{"type":"Feature","properties":{"n":239},"geometry":{"type":"Point","coordinates":[-89.305,29.865]}},{"type":"Feature","properties":{"n":217},"geometry":{"type":"Point","coordinates":[-75.845,38.215]}},{"type":"Feature","properties":{"n":62},"geometry":{"type":"Point","coordinates":[-90.125,29.36]}},{"type":"Feature","properties":{"n":243},"geometry":{"type":"Point","coordinates":[-90.445,29.345]}},{"type":"Feature","properties":{"n":332},"geometry":{"type":"Point","coordinates":[-89.74,29.36]}},{"type":"Feature","properties":{"n":69},"geometry":{"type":"Point","coordinates":[-89.63,29.35]}},{"type":"Feature","properties":{"n":228},"geometry":{"type":"Point","coordinates":[-89.54,29.735]}},{"type":"Feature","properties":{"n":78},"geometry":{"type":"Point","coordinates":[-89.54,29.685]}},{"type":"Feature","properties":{"n":586},"geometry":{"type":"Point","coordinates":[-89.605,29.36]}},{"type":"Feature","properties":{"n":151},"geometry":{"type":"Point","coordinates":[-90.04,29.465]}},{"type":"Feature","properties":{"n":331},"geometry":{"type":"Point","coordinates":[-89.26,30.055]}},{"type":"Feature","properties":{"n":92},"geometry":{"type":"Point","coordinates":[-90.875,29.245]}},{"type":"Feature","properties":{"n":395},"geometry":{"type":"Point","coordinates":[-90.605,29.255]}},{"type":"Feature","properties":{"n":78},"geometry":{"type":"Point","coordinates":[-89.49,29.775]}},{"type":"Feature","properties":{"n":612},"geometry":{"type":"Point","coordinates":[-89.315,29.975]}},{"type":"Feature","properties":{"n":424},"geometry":{"type":"Point","coordinates":[-76.095,38.25]}},{"type":"Feature","properties":{"n":11},"geometry":{"type":"Point","coordinates":[-89.92,29.475]}},{"type":"Feature","properties":{"n":128},"geometry":{"type":"Point","coordinates":[-90.845,29.11]}},{"type":"Feature","properties":{"n":57},"geometry":{"type":"Point","coordinates":[-90.695,29.145]}},{"type":"Feature","properties":{"n":81},"geometry":{"type":"Point","coordinates":[-89.435,29.8]}},{"type":"Feature","properties":{"n":10},"geometry":{"type":"Point","coordinates":[-89.545,29.715]}},{"type":"Feature","properties":{"n":724},"geometry":{"type":"Point","coordinates":[-76.28,38.74]}},{"type":"Feature","properties":{"n":54},"geometry":{"type":"Point","coordinates":[-89.4,29.86]}},{"type":"Feature","properties":{"n":165},"geometry":{"type":"Point","coordinates":[-89.97,29.44]}},{"type":"Feature","properties":{"n":4},"geometry":{"type":"Point","coordinates":[-75.88,38.59]}},{"type":"Feature","properties":{"n":50},"geometry":{"type":"Point","coordinates":[-92.05,29.555]}},{"type":"Feature","properties":{"n":87},"geometry":{"type":"Point","coordinates":[-89.955,29.48]}},{"type":"Feature","properties":{"n":47},"geometry":{"type":"Point","coordinates":[-89.92,29.49]}},{"type":"Feature","properties":{"n":40},"geometry":{"type":"Point","coordinates":[-89.675,29.35]}},{"type":"Feature","properties":{"n":25},"geometry":{"type":"Point","coordinates":[-90.69,29.155]}},{"type":"Feature","properties":{"n":67},"geometry":{"type":"Point","coordinates":[-90.555,29.385]}},{"type":"Feature","properties":{"n":18},"geometry":{"type":"Point","coordinates":[-90.19,29.305]}},{"type":"Feature","properties":{"n":71},"geometry":{"type":"Point","coordinates":[-89.525,29.72]}},{"type":"Feature","properties":{"n":28},"geometry":{"type":"Point","coordinates":[-90.805,29.185]}},{"type":"Feature","properties":{"n":537},"geometry":{"type":"Point","coordinates":[-90.69,29.215]}},{"type":"Feature","properties":{"n":256},"geometry":{"type":"Point","coordinates":[-90.485,29.35]}},{"type":"Feature","properties":{"n":826},"geometry":{"type":"Point","coordinates":[-89.72,29.435]}},{"type":"Feature","properties":{"n":292},"geometry":{"type":"Point","coordinates":[-90.83,29.115]}},{"type":"Feature","properties":{"n":319},"geometry":{"type":"Point","coordinates":[-91.825,29.43]}},{"type":"Feature","properties":{"n":493},"geometry":{"type":"Point","coordinates":[-92.06,29.565]}},{"type":"Feature","properties":{"n":263},"geometry":{"type":"Point","coordinates":[-90.215,29.285]}},{"type":"Feature","properties":{"n":411},"geometry":{"type":"Point","coordinates":[-89.42,29.965]}},{"type":"Feature","properties":{"n":669},"geometry":{"type":"Point","coordinates":[-89.72,29.35]}},{"type":"Feature","properties":{"n":191},"geometry":{"type":"Point","coordinates":[-89.68,29.355]}},{"type":"Feature","properties":{"n":85},"geometry":{"type":"Point","coordinates":[-89.745,29.335]}},{"type":"Feature","properties":{"n":105},"geometry":{"type":"Point","coordinates":[-89.52,29.32]}},{"type":"Feature","properties":{"n":74},"geometry":{"type":"Point","coordinates":[-90.76,29.145]}},{"type":"Feature","properties":{"n":660},"geometry":{"type":"Point","coordinates":[-89.44,29.73]}},{"type":"Feature","properties":{"n":98},"geometry":{"type":"Point","coordinates":[-89.99,29.44]}},{"type":"Feature","properties":{"n":412},"geometry":{"type":"Point","coordinates":[-94.885,29.445]}},{"type":"Feature","properties":{"n":67},"geometry":{"type":"Point","coordinates":[-90.395,29.345]}},{"type":"Feature","properties":{"n":133},"geometry":{"type":"Point","coordinates":[-89.435,29.745]}},{"type":"Feature","properties":{"n":219},"geometry":{"type":"Point","coordinates":[-90.435,29.385]}},{"type":"Feature","properties":{"n":20},"geometry":{"type":"Point","coordinates":[-76.015,38.335]}},{"type":"Feature","properties":{"n":310},"geometry":{"type":"Point","coordinates":[-90.825,29.125]}},{"type":"Feature","properties":{"n":647},"geometry":{"type":"Point","coordinates":[-90.685,29.225]}},{"type":"Feature","properties":{"n":775},"geometry":{"type":"Point","coordinates":[-89.565,29.26]}},{"type":"Feature","properties":{"n":1189},"geometry":{"type":"Point","coordinates":[-89.975,29.47]}},{"type":"Feature","properties":{"n":6},"geometry":{"type":"Point","coordinates":[-89.6,29.385]}},{"type":"Feature","properties":{"n":675},"geometry":{"type":"Point","coordinates":[-89.59,29.295]}},{"type":"Feature","properties":{"n":7},"geometry":{"type":"Point","coordinates":[-90.915,29.16]}},{"type":"Feature","properties":{"n":1},"geometry":{"type":"Point","coordinates":[-90.815,29.185]}},{"type":"Feature","properties":{"n":264},"geometry":{"type":"Point","coordinates":[-90.6,29.335]}},{"type":"Feature","properties":{"n":356},"geometry":{"type":"Point","coordinates":[-90.68,29.245]}},{"type":"Feature","properties":{"n":241},"geometry":{"type":"Point","coordinates":[-89.815,29.42]}},{"type":"Feature","properties":{"n":46},"geometry":{"type":"Point","coordinates":[-89.39,29.96]}},{"type":"Feature","properties":{"n":409},"geometry":{"type":"Point","coordinates":[-89.56,29.315]}},{"type":"Feature","properties":{"n":17},"geometry":{"type":"Point","coordinates":[-89.42,29.98]}},{"type":"Feature","properties":{"n":251},"geometry":{"type":"Point","coordinates":[-89.62,29.375]}},{"type":"Feature","properties":{"n":27},"geometry":{"type":"Point","coordinates":[-91.885,29.475]}},{"type":"Feature","properties":{"n":33},"geometry":{"type":"Point","coordinates":[-96.6,28.665]}},{"type":"Feature","properties":{"n":445},"geometry":{"type":"Point","coordinates":[-89.28,29.945]}},{"type":"Feature","properties":{"n":112},"geometry":{"type":"Point","coordinates":[-90.855,29.12]}},{"type":"Feature","properties":{"n":370},"geometry":{"type":"Point","coordinates":[-75.995,38.32]}},{"type":"Feature","properties":{"n":315},"geometry":{"type":"Point","coordinates":[-89.57,29.32]}},{"type":"Feature","properties":{"n":14},"geometry":{"type":"Point","coordinates":[-89.6,29.99]}},{"type":"Feature","properties":{"n":776},"geometry":{"type":"Point","coordinates":[-90.685,29.235]}},{"type":"Feature","properties":{"n":8},"geometry":{"type":"Point","coordinates":[-89.415,29.89]}},{"type":"Feature","properties":{"n":71},"geometry":{"type":"Point","coordinates":[-90.685,29.195]}},{"type":"Feature","properties":{"n":6},"geometry":{"type":"Point","coordinates":[-90.82,29.16]}},{"type":"Feature","properties":{"n":8},"geometry":{"type":"Point","coordinates":[-89.425,29.855]}},{"type":"Feature","properties":{"n":142},"geometry":{"type":"Point","coordinates":[-89.29,30.035]}},{"type":"Feature","properties":{"n":172},"geometry":{"type":"Point","coordinates":[-89.61,29.93]}},{"type":"Feature","properties":{"n":16},"geometry":{"type":"Point","coordinates":[-90.03,29.38]}},{"type":"Feature","properties":{"n":36},"geometry":{"type":"Point","coordinates":[-89.425,29.83]}},{"type":"Feature","properties":{"n":16},"geometry":{"type":"Point","coordinates":[-89.575,29.355]}},{"type":"Feature","properties":{"n":1622},"geometry":{"type":"Point","coordinates":[-89.705,29.455]}},{"type":"Feature","properties":{"n":131},"geometry":{"type":"Point","coordinates":[-89.305,29.915]}},{"type":"Feature","properties":{"n":152},"geometry":{"type":"Point","coordinates":[-89.255,29.99]}},{"type":"Feature","properties":{"n":237},"geometry":{"type":"Point","coordinates":[-89.605,29.715]}},{"type":"Feature","properties":{"n":3},"geometry":{"type":"Point","coordinates":[-94.745,29.51]}},{"type":"Feature","properties":{"n":38},"geometry":{"type":"Point","coordinates":[-94.815,29.525]}},{"type":"Feature","properties":{"n":40},"geometry":{"type":"Point","coordinates":[-90.725,29.095]}},{"type":"Feature","properties":{"n":1497},"geometry":{"type":"Point","coordinates":[-90.55,29.38]}},{"type":"Feature","properties":{"n":89},"geometry":{"type":"Point","coordinates":[-90.785,29.135]}},{"type":"Feature","properties":{"n":589},"geometry":{"type":"Point","coordinates":[-90.13,29.345]}},{"type":"Feature","properties":{"n":220},"geometry":{"type":"Point","coordinates":[-90.46,29.425]}},{"type":"Feature","properties":{"n":6},"geometry":{"type":"Point","coordinates":[-89.6,29.375]}},{"type":"Feature","properties":{"n":407},"geometry":{"type":"Point","coordinates":[-89.705,29.335]}},{"type":"Feature","properties":{"n":166},"geometry":{"type":"Point","coordinates":[-97.015,28.115]}},{"type":"Feature","properties":{"n":267},"geometry":{"type":"Point","coordinates":[-89.715,29.435]}},{"type":"Feature","properties":{"n":84},"geometry":{"type":"Point","coordinates":[-92.01,29.55]}},{"type":"Feature","properties":{"n":15},"geometry":{"type":"Point","coordinates":[-89.225,30.005]}},{"type":"Feature","properties":{"n":52},"geometry":{"type":"Point","coordinates":[-89.715,29.39]}},{"type":"Feature","properties":{"n":92},"geometry":{"type":"Point","coordinates":[-90.61,29.355]}},{"type":"Feature","properties":{"n":18},"geometry":{"type":"Point","coordinates":[-90.595,29.365]}},{"type":"Feature","properties":{"n":32},"geometry":{"type":"Point","coordinates":[-90.95,29.17]}},{"type":"Feature","properties":{"n":247},"geometry":{"type":"Point","coordinates":[-89.37,29.955]}},{"type":"Feature","properties":{"n":101},"geometry":{"type":"Point","coordinates":[-90.535,29.37]}},{"type":"Feature","properties":{"n":110},"geometry":{"type":"Point","coordinates":[-89.51,29.285]}},{"type":"Feature","properties":{"n":90},"geometry":{"type":"Point","coordinates":[-90.965,29.28]}},{"type":"Feature","properties":{"n":15},"geometry":{"type":"Point","coordinates":[-89.62,29.395]}},{"type":"Feature","properties":{"n":618},"geometry":{"type":"Point","coordinates":[-90.685,29.29]}},{"type":"Feature","properties":{"n":46},"geometry":{"type":"Point","coordinates":[-90.65,29.23]}},{"type":"Feature","properties":{"n":442},"geometry":{"type":"Point","coordinates":[-89.54,29.34]}},{"type":"Feature","properties":{"n":295},"geometry":{"type":"Point","coordinates":[-90.62,29.265]}},{"type":"Feature","properties":{"n":46},"geometry":{"type":"Point","coordinates":[-89.53,29.87]}},{"type":"Feature","properties":{"n":3},"geometry":{"type":"Point","coordinates":[-89.245,29.935]}},{"type":"Feature","properties":{"n":468},"geometry":{"type":"Point","coordinates":[-89.27,29.975]}},{"type":"Feature","properties":{"n":28},"geometry":{"type":"Point","coordinates":[-89.64,29.355]}},{"type":"Feature","properties":{"n":92},"geometry":{"type":"Point","coordinates":[-89.895,29.47]}},{"type":"Feature","properties":{"n":59},"geometry":{"type":"Point","coordinates":[-90.475,29.355]}},{"type":"Feature","properties":{"n":29},"geometry":{"type":"Point","coordinates":[-89.41,29.795]}},{"type":"Feature","properties":{"n":22},"geometry":{"type":"Point","coordinates":[-90.125,29.335]}},{"type":"Feature","properties":{"n":285},"geometry":{"type":"Point","coordinates":[-76.0,38.335]}},{"type":"Feature","properties":{"n":112},"geometry":{"type":"Point","coordinates":[-91.89,29.5]}},{"type":"Feature","properties":{"n":342},"geometry":{"type":"Point","coordinates":[-89.24,29.965]}},{"type":"Feature","properties":{"n":55},"geometry":{"type":"Point","coordinates":[-90.67,29.38]}},{"type":"Feature","properties":{"n":19},"geometry":{"type":"Point","coordinates":[-90.755,29.225]}},{"type":"Feature","properties":{"n":68},"geometry":{"type":"Point","coordinates":[-90.825,29.18]}},{"type":"Feature","properties":{"n":253},"geometry":{"type":"Point","coordinates":[-89.585,29.72]}},{"type":"Feature","properties":{"n":165},"geometry":{"type":"Point","coordinates":[-94.89,29.445]}},{"type":"Feature","properties":{"n":11},"geometry":{"type":"Point","coordinates":[-89.42,29.83]}},{"type":"Feature","properties":{"n":7},"geometry":{"type":"Point","coordinates":[-96.955,28.105]}},{"type":"Feature","properties":{"n":278},"geometry":{"type":"Point","coordinates":[-92.06,29.55]}},{"type":"Feature","properties":{"n":6},"geometry":{"type":"Point","coordinates":[-96.59,28.305]}},{"type":"Feature","properties":{"n":93},"geometry":{"type":"Point","coordinates":[-94.845,29.495]}},{"type":"Feature","properties":{"n":89},"geometry":{"type":"Point","coordinates":[-90.56,29.38]}},{"type":"Feature","properties":{"n":144},"geometry":{"type":"Point","coordinates":[-91.825,29.465]}},{"type":"Feature","properties":{"n":15},"geometry":{"type":"Point","coordinates":[-90.745,29.14]}},{"type":"Feature","properties":{"n":239},"geometry":{"type":"Point","coordinates":[-90.84,29.235]}},{"type":"Feature","properties":{"n":346},"geometry":{"type":"Point","coordinates":[-91.825,29.435]}},{"type":"Feature","properties":{"n":100},"geometry":{"type":"Point","coordinates":[-91.99,29.515]}},{"type":"Feature","properties":{"n":11},"geometry":{"type":"Point","coordinates":[-89.385,30.015]}},{"type":"Feature","properties":{"n":256},"geometry":{"type":"Point","coordinates":[-90.86,29.27]}},{"type":"Feature","properties":{"n":42},"geometry":{"type":"Point","coordinates":[-89.31,30.05]}},{"type":"Feature","properties":{"n":607},"geometry":{"type":"Point","coordinates":[-92.075,29.58]}},{"type":"Feature","properties":{"n":7},"geometry":{"type":"Point","coordinates":[-90.68,29.16]}},{"type":"Feature","properties":{"n":12},"geometry":{"type":"Point","coordinates":[-90.63,29.245]}},{"type":"Feature","properties":{"n":815},"geometry":{"type":"Point","coordinates":[-89.68,29.375]}},{"type":"Feature","properties":{"n":4},"geometry":{"type":"Point","coordinates":[-92.035,29.58]}},{"type":"Feature","properties":{"n":12},"geometry":{"type":"Point","coordinates":[-90.405,29.33]}},{"type":"Feature","properties":{"n":5},"geometry":{"type":"Point","coordinates":[-89.55,29.27]}},{"type":"Feature","properties":{"n":97},"geometry":{"type":"Point","coordinates":[-89.37,29.82]}},{"type":"Feature","properties":{"n":61},"geometry":{"type":"Point","coordinates":[-94.88,29.44]}},{"type":"Feature","properties":{"n":76},"geometry":{"type":"Point","coordinates":[-96.965,28.06]}},{"type":"Feature","properties":{"n":49},"geometry":{"type":"Point","coordinates":[-90.94,29.265]}},{"type":"Feature","properties":{"n":191},"geometry":{"type":"Point","coordinates":[-89.525,29.245]}},{"type":"Feature","properties":{"n":300},"geometry":{"type":"Point","coordinates":[-89.545,29.265]}},{"type":"Feature","properties":{"n":44},"geometry":{"type":"Point","coordinates":[-90.825,29.19]}},{"type":"Feature","properties":{"n":74},"geometry":{"type":"Point","coordinates":[-90.705,29.23]}},{"type":"Feature","properties":{"n":336},"geometry":{"type":"Point","coordinates":[-90.46,29.385]}},{"type":"Feature","properties":{"n":389},"geometry":{"type":"Point","coordinates":[-89.595,29.715]}},{"type":"Feature","properties":{"n":214},"geometry":{"type":"Point","coordinates":[-89.595,29.69]}},{"type":"Feature","properties":{"n":38},"geometry":{"type":"Point","coordinates":[-91.915,29.47]}},{"type":"Feature","properties":{"n":352},"geometry":{"type":"Point","coordinates":[-90.26,29.3]}},{"type":"Feature","properties":{"n":19},"geometry":{"type":"Point","coordinates":[-89.645,29.72]}},{"type":"Feature","properties":{"n":218},"geometry":{"type":"Point","coordinates":[-90.56,29.37]}},{"type":"Feature","properties":{"n":239},"geometry":{"type":"Point","coordinates":[-94.795,29.53]}},{"type":"Feature","properties":{"n":3},"geometry":{"type":"Point","coordinates":[-90.64,29.2]}},{"type":"Feature","properties":{"n":73},"geometry":{"type":"Point","coordinates":[-90.68,29.21]}},{"type":"Feature","properties":{"n":515},"geometry":{"type":"Point","coordinates":[-90.325,29.39]}},{"type":"Feature","properties":{"n":164},"geometry":{"type":"Point","coordinates":[-89.57,29.695]}},{"type":"Feature","properties":{"n":155},"geometry":{"type":"Point","coordinates":[-89.455,29.83]}},{"type":"Feature","properties":{"n":115},"geometry":{"type":"Point","coordinates":[-90.855,29.235]}},{"type":"Feature","properties":{"n":121},"geometry":{"type":"Point","coordinates":[-90.8,29.22]}},{"type":"Feature","properties":{"n":340},"geometry":{"type":"Point","coordinates":[-90.35,29.34]}},{"type":"Feature","properties":{"n":214},"geometry":{"type":"Point","coordinates":[-90.695,29.175]}},{"type":"Feature","properties":{"n":126},"geometry":{"type":"Point","coordinates":[-89.365,29.98]}},{"type":"Feature","properties":{"n":36},"geometry":{"type":"Point","coordinates":[-90.615,29.245]}},{"type":"Feature","properties":{"n":1},"geometry":{"type":"Point","coordinates":[-91.865,29.405]}},{"type":"Feature","properties":{"n":246},"geometry":{"type":"Point","coordinates":[-94.89,29.495]}},{"type":"Feature","properties":{"n":368},"geometry":{"type":"Point","coordinates":[-94.89,29.48]}},{"type":"Feature","properties":{"n":270},"geometry":{"type":"Point","coordinates":[-90.73,29.21]}},{"type":"Feature","properties":{"n":1228},"geometry":{"type":"Point","coordinates":[-75.87,38.235]}},{"type":"Feature","properties":{"n":268},"geometry":{"type":"Point","coordinates":[-89.545,29.295]}},{"type":"Feature","properties":{"n":12},"geometry":{"type":"Point","coordinates":[-90.13,29.36]}},{"type":"Feature","properties":{"n":482},"geometry":{"type":"Point","coordinates":[-89.575,29.28]}},{"type":"Feature","properties":{"n":792},"geometry":{"type":"Point","coordinates":[-75.845,38.255]}},{"type":"Feature","properties":{"n":299},"geometry":{"type":"Point","coordinates":[-89.35,29.93]}},{"type":"Feature","properties":{"n":436},"geometry":{"type":"Point","coordinates":[-90.71,29.185]}},{"type":"Feature","properties":{"n":24},"geometry":{"type":"Point","coordinates":[-89.49,29.29]}},{"type":"Feature","properties":{"n":38},"geometry":{"type":"Point","coordinates":[-90.435,29.34]}},{"type":"Feature","properties":{"n":459},"geometry":{"type":"Point","coordinates":[-89.525,29.825]}},{"type":"Feature","properties":{"n":39},"geometry":{"type":"Point","coordinates":[-76.065,38.235]}},{"type":"Feature","properties":{"n":54},"geometry":{"type":"Point","coordinates":[-90.39,29.34]}},{"type":"Feature","properties":{"n":61},"geometry":{"type":"Point","coordinates":[-97.075,28.165]}},{"type":"Feature","properties":{"n":356},"geometry":{"type":"Point","coordinates":[-89.32,29.99]}},{"type":"Feature","properties":{"n":748},"geometry":{"type":"Point","coordinates":[-89.62,29.41]}},{"type":"Feature","properties":{"n":183},"geometry":{"type":"Point","coordinates":[-89.575,29.31]}},{"type":"Feature","properties":{"n":116},"geometry":{"type":"Point","coordinates":[-96.945,28.07]}},{"type":"Feature","properties":{"n":16},"geometry":{"type":"Point","coordinates":[-90.785,29.16]}},{"type":"Feature","properties":{"n":409},"geometry":{"type":"Point","coordinates":[-89.525,29.305]}},{"type":"Feature","properties":{"n":179},"geometry":{"type":"Point","coordinates":[-90.41,29.37]}},{"type":"Feature","properties":{"n":81},"geometry":{"type":"Point","coordinates":[-90.405,29.27]}},{"type":"Feature","properties":{"n":44},"geometry":{"type":"Point","coordinates":[-96.74,28.38]}},{"type":"Feature","properties":{"n":90},"geometry":{"type":"Point","coordinates":[-90.375,29.365]}},{"type":"Feature","properties":{"n":29},"geometry":{"type":"Point","coordinates":[-89.22,29.99]}},{"type":"Feature","properties":{"n":256},"geometry":{"type":"Point","coordinates":[-89.715,29.4]}},{"type":"Feature","properties":{"n":45},"geometry":{"type":"Point","coordinates":[-89.45,29.695]}},{"type":"Feature","properties":{"n":462},"geometry":{"type":"Point","coordinates":[-89.62,29.38]}},{"type":"Feature","properties":{"n":18},"geometry":{"type":"Point","coordinates":[-97.09,28.155]}},{"type":"Feature","properties":{"n":4},"geometry":{"type":"Point","coordinates":[-90.92,29.16]}},{"type":"Feature","properties":{"n":292},"geometry":{"type":"Point","coordinates":[-89.275,29.995]}},{"type":"Feature","properties":{"n":4},"geometry":{"type":"Point","coordinates":[-89.325,29.945]}},{"type":"Feature","properties":{"n":208},"geometry":{"type":"Point","coordinates":[-89.33,29.91]}},{"type":"Feature","properties":{"n":315},"geometry":{"type":"Point","coordinates":[-94.72,29.465]}},{"type":"Feature","properties":{"n":5},"geometry":{"type":"Point","coordinates":[-89.72,29.48]}},{"type":"Feature","properties":{"n":424},"geometry":{"type":"Point","coordinates":[-90.725,29.215]}},{"type":"Feature","properties":{"n":554},"geometry":{"type":"Point","coordinates":[-96.66,28.255]}},{"type":"Feature","properties":{"n":141},"geometry":{"type":"Point","coordinates":[-89.48,29.855]}},{"type":"Feature","properties":{"n":23},"geometry":{"type":"Point","coordinates":[-89.375,29.95]}},{"type":"Feature","properties":{"n":25},"geometry":{"type":"Point","coordinates":[-90.725,29.145]}},{"type":"Feature","properties":{"n":460},"geometry":{"type":"Point","coordinates":[-97.075,28.145]}},{"type":"Feature","properties":{"n":82},"geometry":{"type":"Point","coordinates":[-89.73,29.39]}},{"type":"Feature","properties":{"n":108},"geometry":{"type":"Point","coordinates":[-90.8,29.18]}},{"type":"Feature","properties":{"n":82},"geometry":{"type":"Point","coordinates":[-90.585,29.27]}},{"type":"Feature","properties":{"n":255},"geometry":{"type":"Point","coordinates":[-89.65,29.34]}},{"type":"Feature","properties":{"n":88},"geometry":{"type":"Point","coordinates":[-89.485,29.78]}},{"type":"Feature","properties":{"n":6},"geometry":{"type":"Point","coordinates":[-90.455,29.35]}},{"type":"Feature","properties":{"n":1},"geometry":{"type":"Point","coordinates":[-96.59,28.66]}},{"type":"Feature","properties":{"n":179},"geometry":{"type":"Point","coordinates":[-90.385,29.375]}},{"type":"Feature","properties":{"n":431},"geometry":{"type":"Point","coordinates":[-89.51,29.81]}},{"type":"Feature","properties":{"n":48},"geometry":{"type":"Point","coordinates":[-89.6,29.75]}},{"type":"Feature","properties":{"n":672},"geometry":{"type":"Point","coordinates":[-89.72,29.34]}},{"type":"Feature","properties":{"n":52},"geometry":{"type":"Point","coordinates":[-89.995,29.415]}},{"type":"Feature","properties":{"n":25},"geometry":{"type":"Point","coordinates":[-90.735,29.28]}},{"type":"Feature","properties":{"n":88},"geometry":{"type":"Point","coordinates":[-90.81,29.25]}},{"type":"Feature","properties":{"n":64},"geometry":{"type":"Point","coordinates":[-90.85,29.24]}},{"type":"Feature","properties":{"n":2},"geometry":{"type":"Point","coordinates":[-89.855,29.45]}},{"type":"Feature","properties":{"n":115},"geometry":{"type":"Point","coordinates":[-89.415,29.835]}},{"type":"Feature","properties":{"n":221},"geometry":{"type":"Point","coordinates":[-89.615,29.93]}},{"type":"Feature","properties":{"n":283},"geometry":{"type":"Point","coordinates":[-89.47,29.74]}},{"type":"Feature","properties":{"n":156},"geometry":{"type":"Point","coordinates":[-94.86,29.505]}},{"type":"Feature","properties":{"n":32},"geometry":{"type":"Point","coordinates":[-89.375,29.975]}},{"type":"Feature","properties":{"n":1587},"geometry":{"type":"Point","coordinates":[-89.62,29.345]}},{"type":"Feature","properties":{"n":6},"geometry":{"type":"Point","coordinates":[-89.58,29.72]}},{"type":"Feature","properties":{"n":515},"geometry":{"type":"Point","coordinates":[-90.255,29.285]}},{"type":"Feature","properties":{"n":585},"geometry":{"type":"Point","coordinates":[-89.23,29.955]}},{"type":"Feature","properties":{"n":75},"geometry":{"type":"Point","coordinates":[-89.45,29.22]}},{"type":"Feature","properties":{"n":1862},"geometry":{"type":"Point","coordinates":[-76.075,38.235]}},{"type":"Feature","properties":{"n":157},"geometry":{"type":"Point","coordinates":[-90.475,29.405]}},{"type":"Feature","properties":{"n":316},"geometry":{"type":"Point","coordinates":[-91.9,29.49]}},{"type":"Feature","properties":{"n":11},"geometry":{"type":"Point","coordinates":[-90.85,29.155]}},{"type":"Feature","properties":{"n":81},"geometry":{"type":"Point","coordinates":[-75.93,38.315]}},{"type":"Feature","properties":{"n":51},"geometry":{"type":"Point","coordinates":[-90.585,29.26]}},{"type":"Feature","properties":{"n":286},"geometry":{"type":"Point","coordinates":[-94.79,29.525]}},{"type":"Feature","properties":{"n":427},"geometry":{"type":"Point","coordinates":[-96.715,28.255]}},{"type":"Feature","properties":{"n":217},"geometry":{"type":"Point","coordinates":[-89.385,29.915]}},{"type":"Feature","properties":{"n":251},"geometry":{"type":"Point","coordinates":[-89.38,30.015]}},{"type":"Feature","properties":{"n":19},"geometry":{"type":"Point","coordinates":[-89.34,29.855]}},{"type":"Feature","properties":{"n":530},"geometry":{"type":"Point","coordinates":[-90.455,29.34]}},{"type":"Feature","properties":{"n":19},"geometry":{"type":"Point","coordinates":[-90.675,29.41]}},{"type":"Feature","properties":{"n":440},"geometry":{"type":"Point","coordinates":[-90.04,29.38]}},{"type":"Feature","properties":{"n":3},"geometry":{"type":"Point","coordinates":[-96.715,28.32]}},{"type":"Feature","properties":{"n":173},"geometry":{"type":"Point","coordinates":[-89.36,29.98]}},{"type":"Feature","properties":{"n":3},"geometry":{"type":"Point","coordinates":[-89.35,29.9]}},{"type":"Feature","properties":{"n":570},"geometry":{"type":"Point","coordinates":[-90.235,29.29]}},{"type":"Feature","properties":{"n":225},"geometry":{"type":"Point","coordinates":[-89.745,29.485]}},{"type":"Feature","properties":{"n":235},"geometry":{"type":"Point","coordinates":[-89.78,29.46]}},{"type":"Feature","properties":{"n":19},"geometry":{"type":"Point","coordinates":[-89.455,29.78]}},{"type":"Feature","properties":{"n":245},"geometry":{"type":"Point","coordinates":[-96.97,28.08]}},{"type":"Feature","properties":{"n":372},"geometry":{"type":"Point","coordinates":[-90.71,29.175]}},{"type":"Feature","properties":{"n":396},"geometry":{"type":"Point","coordinates":[-89.74,29.42]}},{"type":"Feature","properties":{"n":24},"geometry":{"type":"Point","coordinates":[-89.92,29.445]}},{"type":"Feature","properties":{"n":192},"geometry":{"type":"Point","coordinates":[-89.525,29.255]}},{"type":"Feature","properties":{"n":108},"geometry":{"type":"Point","coordinates":[-90.71,29.25]}},{"type":"Feature","properties":{"n":2},"geometry":{"type":"Point","coordinates":[-91.84,29.4]}},{"type":"Feature","properties":{"n":1},"geometry":{"type":"Point","coordinates":[-90.915,29.18]}},{"type":"Feature","properties":{"n":225},"geometry":{"type":"Point","coordinates":[-89.555,29.26]}},{"type":"Feature","properties":{"n":341},"geometry":{"type":"Point","coordinates":[-90.68,29.19]}},{"type":"Feature","properties":{"n":15},"geometry":{"type":"Point","coordinates":[-89.495,29.725]}},{"type":"Feature","properties":{"n":355},"geometry":{"type":"Point","coordinates":[-90.8,29.225]}},{"type":"Feature","properties":{"n":10},"geometry":{"type":"Point","coordinates":[-89.42,29.89]}},{"type":"Feature","properties":{"n":171},"geometry":{"type":"Point","coordinates":[-94.905,29.5]}},{"type":"Feature","properties":{"n":24},"geometry":{"type":"Point","coordinates":[-90.475,29.415]}},{"type":"Feature","properties":{"n":2},"geometry":{"type":"Point","coordinates":[-90.69,29.38]}},{"type":"Feature","properties":{"n":14},"geometry":{"type":"Point","coordinates":[-90.53,29.21]}},{"type":"Feature","properties":{"n":156},"geometry":{"type":"Point","coordinates":[-90.765,29.23]}},{"type":"Feature","properties":{"n":17},"geometry":{"type":"Point","coordinates":[-90.06,29.44]}},{"type":"Feature","properties":{"n":122},"geometry":{"type":"Point","coordinates":[-90.65,29.34]}},{"type":"Feature","properties":{"n":501},"geometry":{"type":"Point","coordinates":[-94.69,29.525]}},{"type":"Feature","properties":{"n":313},"geometry":{"type":"Point","coordinates":[-97.07,28.14]}},{"type":"Feature","properties":{"n":320},"geometry":{"type":"Point","coordinates":[-92.07,29.57]}},{"type":"Feature","properties":{"n":187},"geometry":{"type":"Point","coordinates":[-90.38,29.37]}},{"type":"Feature","properties":{"n":254},"geometry":{"type":"Point","coordinates":[-90.735,29.25]}},{"type":"Feature","properties":{"n":2},"geometry":{"type":"Point","coordinates":[-92.03,29.575]}},{"type":"Feature","properties":{"n":5},"geometry":{"type":"Point","coordinates":[-91.97,29.51]}},{"type":"Feature","properties":{"n":8},"geometry":{"type":"Point","coordinates":[-91.975,29.53]}},{"type":"Feature","properties":{"n":255},"geometry":{"type":"Point","coordinates":[-94.885,29.43]}},{"type":"Feature","properties":{"n":191},"geometry":{"type":"Point","coordinates":[-89.58,29.3]}},{"type":"Feature","properties":{"n":268},"geometry":{"type":"Point","coordinates":[-90.69,29.255]}},{"type":"Feature","properties":{"n":359},"geometry":{"type":"Point","coordinates":[-90.68,29.185]}},{"type":"Feature","properties":{"n":570},"geometry":{"type":"Point","coordinates":[-89.36,29.945]}},{"type":"Feature","properties":{"n":13},"geometry":{"type":"Point","coordinates":[-90.55,29.235]}},{"type":"Feature","properties":{"n":97},"geometry":{"type":"Point","coordinates":[-90.68,29.215]}},{"type":"Feature","properties":{"n":317},"geometry":{"type":"Point","coordinates":[-90.19,29.275]}},{"type":"Feature","properties":{"n":114},"geometry":{"type":"Point","coordinates":[-90.45,29.33]}},{"type":"Feature","properties":{"n":832},"geometry":{"type":"Point","coordinates":[-76.115,38.71]}},{"type":"Feature","properties":{"n":1},"geometry":{"type":"Point","coordinates":[-75.98,38.605]}},{"type":"Feature","properties":{"n":240},"geometry":{"type":"Point","coordinates":[-89.505,29.255]}},{"type":"Feature","properties":{"n":90},"geometry":{"type":"Point","coordinates":[-76.28,38.745]}},{"type":"Feature","properties":{"n":116},"geometry":{"type":"Point","coordinates":[-89.545,29.695]}},{"type":"Feature","properties":{"n":82},"geometry":{"type":"Point","coordinates":[-89.505,29.285]}},{"type":"Feature","properties":{"n":203},"geometry":{"type":"Point","coordinates":[-89.34,29.815]}},{"type":"Feature","properties":{"n":245},"geometry":{"type":"Point","coordinates":[-89.66,29.435]}},{"type":"Feature","properties":{"n":178},"geometry":{"type":"Point","coordinates":[-89.59,29.31]}},{"type":"Feature","properties":{"n":24},"geometry":{"type":"Point","coordinates":[-89.435,29.925]}},{"type":"Feature","properties":{"n":294},"geometry":{"type":"Point","coordinates":[-89.25,29.935]}},{"type":"Feature","properties":{"n":144},"geometry":{"type":"Point","coordinates":[-90.485,29.33]}},{"type":"Feature","properties":{"n":324},"geometry":{"type":"Point","coordinates":[-92.11,29.585]}},{"type":"Feature","properties":{"n":162},"geometry":{"type":"Point","coordinates":[-89.39,29.83]}},{"type":"Feature","properties":{"n":97},"geometry":{"type":"Point","coordinates":[-90.965,29.305]}},{"type":"Feature","properties":{"n":38},"geometry":{"type":"Point","coordinates":[-96.99,28.125]}},{"type":"Feature","properties":{"n":11},"geometry":{"type":"Point","coordinates":[-90.98,29.31]}},{"type":"Feature","properties":{"n":1},"geometry":{"type":"Point","coordinates":[-94.82,29.52]}},{"type":"Feature","properties":{"n":398},"geometry":{"type":"Point","coordinates":[-90.19,29.28]}},{"type":"Feature","properties":{"n":14},"geometry":{"type":"Point","coordinates":[-90.65,29.185]}},{"type":"Feature","properties":{"n":27},"geometry":{"type":"Point","coordinates":[-90.36,29.35]}},{"type":"Feature","properties":{"n":107},"geometry":{"type":"Point","coordinates":[-89.465,29.805]}},{"type":"Feature","properties":{"n":254},"geometry":{"type":"Point","coordinates":[-89.91,29.475]}},{"type":"Feature","properties":{"n":12},"geometry":{"type":"Point","coordinates":[-96.99,28.075]}},{"type":"Feature","properties":{"n":162},"geometry":{"type":"Point","coordinates":[-89.535,29.27]}},{"type":"Feature","properties":{"n":383},"geometry":{"type":"Point","coordinates":[-94.74,29.475]}},{"type":"Feature","properties":{"n":6},"geometry":{"type":"Point","coordinates":[-89.96,29.32]}},{"type":"Feature","properties":{"n":62},"geometry":{"type":"Point","coordinates":[-89.69,29.43]}},{"type":"Feature","properties":{"n":242},"geometry":{"type":"Point","coordinates":[-89.635,29.71]}},{"type":"Feature","properties":{"n":889},"geometry":{"type":"Point","coordinates":[-89.61,29.335]}},{"type":"Feature","properties":{"n":82},"geometry":{"type":"Point","coordinates":[-89.7,29.435]}},{"type":"Feature","properties":{"n":16},"geometry":{"type":"Point","coordinates":[-89.65,29.6]}},{"type":"Feature","properties":{"n":109},"geometry":{"type":"Point","coordinates":[-90.785,29.22]}},{"type":"Feature","properties":{"n":45},"geometry":{"type":"Point","coordinates":[-90.46,29.43]}},{"type":"Feature","properties":{"n":408},"geometry":{"type":"Point","coordinates":[-90.76,29.21]}},{"type":"Feature","properties":{"n":354},"geometry":{"type":"Point","coordinates":[-89.515,29.275]}},{"type":"Feature","properties":{"n":137},"geometry":{"type":"Point","coordinates":[-89.245,30.055]}},{"type":"Feature","properties":{"n":996},"geometry":{"type":"Point","coordinates":[-89.61,29.32]}},{"type":"Feature","properties":{"n":543},"geometry":{"type":"Point","coordinates":[-90.775,29.215]}},{"type":"Feature","properties":{"n":1},"geometry":{"type":"Point","coordinates":[-94.905,29.465]}},{"type":"Feature","properties":{"n":3},"geometry":{"type":"Point","coordinates":[-90.305,29.33]}},{"type":"Feature","properties":{"n":420},"geometry":{"type":"Point","coordinates":[-90.455,29.395]}},{"type":"Feature","properties":{"n":7},"geometry":{"type":"Point","coordinates":[-90.6,29.23]}},{"type":"Feature","properties":{"n":29},"geometry":{"type":"Point","coordinates":[-90.635,29.245]}},{"type":"Feature","properties":{"n":27},"geometry":{"type":"Point","coordinates":[-89.53,29.25]}},{"type":"Feature","properties":{"n":22},"geometry":{"type":"Point","coordinates":[-89.26,30.09]}},{"type":"Feature","properties":{"n":5},"geometry":{"type":"Point","coordinates":[-90.67,29.33]}},{"type":"Feature","properties":{"n":58},"geometry":{"type":"Point","coordinates":[-89.34,29.945]}},{"type":"Feature","properties":{"n":31},"geometry":{"type":"Point","coordinates":[-89.695,29.39]}},{"type":"Feature","properties":{"n":263},"geometry":{"type":"Point","coordinates":[-89.545,29.27]}},{"type":"Feature","properties":{"n":24},"geometry":{"type":"Point","coordinates":[-90.545,29.225]}},{"type":"Feature","properties":{"n":620},"geometry":{"type":"Point","coordinates":[-90.815,29.24]}},{"type":"Feature","properties":{"n":78},"geometry":{"type":"Point","coordinates":[-94.885,29.48]}},{"type":"Feature","properties":{"n":413},"geometry":{"type":"Point","coordinates":[-94.8,29.555]}},{"type":"Feature","properties":{"n":167},"geometry":{"type":"Point","coordinates":[-89.48,29.79]}},{"type":"Feature","properties":{"n":121},"geometry":{"type":"Point","coordinates":[-91.94,29.51]}},{"type":"Feature","properties":{"n":12},"geometry":{"type":"Point","coordinates":[-89.945,29.43]}},{"type":"Feature","properties":{"n":13},"geometry":{"type":"Point","coordinates":[-89.815,29.46]}},{"type":"Feature","properties":{"n":15},"geometry":{"type":"Point","coordinates":[-91.855,29.5]}},{"type":"Feature","properties":{"n":86},"geometry":{"type":"Point","coordinates":[-75.925,38.3]}},{"type":"Feature","properties":{"n":11},"geometry":{"type":"Point","coordinates":[-97.075,28.155]}},{"type":"Feature","properties":{"n":49},"geometry":{"type":"Point","coordinates":[-90.585,29.23]}},{"type":"Feature","properties":{"n":224},"geometry":{"type":"Point","coordinates":[-89.52,29.26]}},{"type":"Feature","properties":{"n":461},"geometry":{"type":"Point","coordinates":[-90.72,29.225]}},{"type":"Feature","properties":{"n":18},"geometry":{"type":"Point","coordinates":[-89.895,29.53]}},{"type":"Feature","properties":{"n":1},"geometry":{"type":"Point","coordinates":[-94.795,29.54]}},{"type":"Feature","properties":{"n":70},"geometry":{"type":"Point","coordinates":[-76.145,38.735]}},{"type":"Feature","properties":{"n":19},"geometry":{"type":"Point","coordinates":[-90.845,29.165]}},{"type":"Feature","properties":{"n":310},"geometry":{"type":"Point","coordinates":[-90.575,29.315]}},{"type":"Feature","properties":{"n":4},"geometry":{"type":"Point","coordinates":[-90.665,29.265]}},{"type":"Feature","properties":{"n":3},"geometry":{"type":"Point","coordinates":[-76.275,38.72]}},{"type":"Feature","properties":{"n":76},"geometry":{"type":"Point","coordinates":[-89.265,29.945]}},{"type":"Feature","properties":{"n":560},"geometry":{"type":"Point","coordinates":[-89.645,29.41]}},{"type":"Feature","properties":{"n":412},"geometry":{"type":"Point","coordinates":[-90.715,29.16]}},{"type":"Feature","properties":{"n":1},"geometry":{"type":"Point","coordinates":[-89.76,29.395]}},{"type":"Feature","properties":{"n":469},"geometry":{"type":"Point","coordinates":[-90.785,29.145]}},{"type":"Feature","properties":{"n":111},"geometry":{"type":"Point","coordinates":[-90.005,29.47]}},{"type":"Feature","properties":{"n":86},"geometry":{"type":"Point","coordinates":[-90.845,29.28]}},{"type":"Feature","properties":{"n":118},"geometry":{"type":"Point","coordinates":[-89.405,29.855]}},{"type":"Feature","properties":{"n":3},"geometry":{"type":"Point","coordinates":[-90.595,29.21]}},{"type":"Feature","properties":{"n":45},"geometry":{"type":"Point","coordinates":[-90.755,29.185]}},{"type":"Feature","properties":{"n":16},"geometry":{"type":"Point","coordinates":[-89.555,29.25]}},{"type":"Feature","properties":{"n":162},"geometry":{"type":"Point","coordinates":[-89.425,29.85]}},{"type":"Feature","properties":{"n":297},"geometry":{"type":"Point","coordinates":[-89.39,29.915]}},{"type":"Feature","properties":{"n":82},"geometry":{"type":"Point","coordinates":[-89.495,29.23]}},{"type":"Feature","properties":{"n":274},"geometry":{"type":"Point","coordinates":[-90.83,29.175]}},{"type":"Feature","properties":{"n":7},"geometry":{"type":"Point","coordinates":[-89.36,29.915]}},{"type":"Feature","properties":{"n":135},"geometry":{"type":"Point","coordinates":[-89.42,29.765]}},{"type":"Feature","properties":{"n":12},"geometry":{"type":"Point","coordinates":[-89.495,29.255]}},{"type":"Feature","properties":{"n":20},"geometry":{"type":"Point","coordinates":[-90.295,29.245]}},{"type":"Feature","properties":{"n":53},"geometry":{"type":"Point","coordinates":[-89.5,29.8]}},{"type":"Feature","properties":{"n":136},"geometry":{"type":"Point","coordinates":[-89.67,29.35]}},{"type":"Feature","properties":{"n":142},"geometry":{"type":"Point","coordinates":[-90.82,29.15]}},{"type":"Feature","properties":{"n":12},"geometry":{"type":"Point","coordinates":[-90.93,29.26]}},{"type":"Feature","properties":{"n":37},"geometry":{"type":"Point","coordinates":[-90.67,29.235]}},{"type":"Feature","properties":{"n":465},"geometry":{"type":"Point","coordinates":[-89.715,29.455]}},{"type":"Feature","properties":{"n":112},"geometry":{"type":"Point","coordinates":[-94.8,29.495]}},{"type":"Feature","properties":{"n":117},"geometry":{"type":"Point","coordinates":[-90.715,29.19]}},{"type":"Feature","properties":{"n":127},"geometry":{"type":"Point","coordinates":[-90.69,29.205]}},{"type":"Feature","properties":{"n":287},"geometry":{"type":"Point","coordinates":[-90.02,29.47]}},{"type":"Feature","properties":{"n":3},"geometry":{"type":"Point","coordinates":[-89.59,29.375]}},{"type":"Feature","properties":{"n":130},"geometry":{"type":"Point","coordinates":[-89.725,29.4]}},{"type":"Feature","properties":{"n":1},"geometry":{"type":"Point","coordinates":[-90.54,29.23]}},{"type":"Feature","properties":{"n":1},"geometry":{"type":"Point","coordinates":[-90.82,29.215]}},{"type":"Feature","properties":{"n":7},"geometry":{"type":"Point","coordinates":[-89.27,29.99]}},{"type":"Feature","properties":{"n":251},"geometry":{"type":"Point","coordinates":[-90.8,29.135]}},{"type":"Feature","properties":{"n":20},"geometry":{"type":"Point","coordinates":[-89.41,30.025]}},{"type":"Feature","properties":{"n":52},"geometry":{"type":"Point","coordinates":[-89.36,29.82]}},{"type":"Feature","properties":{"n":173},"geometry":{"type":"Point","coordinates":[-91.82,29.465]}},{"type":"Feature","properties":{"n":498},"geometry":{"type":"Point","coordinates":[-90.245,29.3]}},{"type":"Feature","properties":{"n":72},"geometry":{"type":"Point","coordinates":[-94.7,29.455]}},{"type":"Feature","properties":{"n":254},"geometry":{"type":"Point","coordinates":[-89.6,29.29]}},{"type":"Feature","properties":{"n":33},"geometry":{"type":"Point","coordinates":[-89.84,29.455]}},{"type":"Feature","properties":{"n":157},"geometry":{"type":"Point","coordinates":[-90.25,29.275]}},{"type":"Feature","properties":{"n":5},"geometry":{"type":"Point","coordinates":[-90.86,29.165]}},{"type":"Feature","properties":{"n":95},"geometry":{"type":"Point","coordinates":[-89.72,29.39]}},{"type":"Feature","properties":{"n":4},"geometry":{"type":"Point","coordinates":[-90.51,29.395]}},{"type":"Feature","properties":{"n":436},"geometry":{"type":"Point","coordinates":[-94.86,29.51]}},{"type":"Feature","properties":{"n":1411},"geometry":{"type":"Point","coordinates":[-75.875,38.205]}},{"type":"Feature","properties":{"n":18},"geometry":{"type":"Point","coordinates":[-90.68,29.325]}},{"type":"Feature","properties":{"n":79},"geometry":{"type":"Point","coordinates":[-90.445,29.265]}},{"type":"Feature","properties":{"n":30},"geometry":{"type":"Point","coordinates":[-89.42,29.785]}},{"type":"Feature","properties":{"n":64},"geometry":{"type":"Point","coordinates":[-90.35,29.32]}},{"type":"Feature","properties":{"n":16},"geometry":{"type":"Point","coordinates":[-89.61,29.925]}},{"type":"Feature","properties":{"n":14},"geometry":{"type":"Point","coordinates":[-90.705,29.12]}},{"type":"Feature","properties":{"n":133},"geometry":{"type":"Point","coordinates":[-89.69,29.455]}},{"type":"Feature","properties":{"n":131},"geometry":{"type":"Point","coordinates":[-90.88,29.26]}},{"type":"Feature","properties":{"n":267},"geometry":{"type":"Point","coordinates":[-89.555,29.3]}},{"type":"Feature","properties":{"n":285},"geometry":{"type":"Point","coordinates":[-90.735,29.22]}},{"type":"Feature","properties":{"n":113},"geometry":{"type":"Point","coordinates":[-91.15,29.26]}},{"type":"Feature","properties":{"n":122},"geometry":{"type":"Point","coordinates":[-90.94,29.19]}},{"type":"Feature","properties":{"n":4554},"geometry":{"type":"Point","coordinates":[-89.65,29.405]}},{"type":"Feature","properties":{"n":40},"geometry":{"type":"Point","coordinates":[-90.65,29.255]}},{"type":"Feature","properties":{"n":91},"geometry":{"type":"Point","coordinates":[-90.405,29.28]}},{"type":"Feature","properties":{"n":270},"geometry":{"type":"Point","coordinates":[-89.77,29.41]}},{"type":"Feature","properties":{"n":142},"geometry":{"type":"Point","coordinates":[-89.98,29.47]}},{"type":"Feature","properties":{"n":155},"geometry":{"type":"Point","coordinates":[-89.865,29.43]}},{"type":"Feature","properties":{"n":31},"geometry":{"type":"Point","coordinates":[-90.86,29.235]}},{"type":"Feature","properties":{"n":71},"geometry":{"type":"Point","coordinates":[-89.3,29.93]}},{"type":"Feature","properties":{"n":48},"geometry":{"type":"Point","coordinates":[-90.625,29.255]}},{"type":"Feature","properties":{"n":2},"geometry":{"type":"Point","coordinates":[-96.665,28.275]}},{"type":"Feature","properties":{"n":602},"geometry":{"type":"Point","coordinates":[-89.58,29.285]}},{"type":"Feature","properties":{"n":3},"geometry":{"type":"Point","coordinates":[-90.685,29.13]}},{"type":"Feature","properties":{"n":100},"geometry":{"type":"Point","coordinates":[-89.925,29.465]}},{"type":"Feature","properties":{"n":79},"geometry":{"type":"Point","coordinates":[-89.68,29.295]}},{"type":"Feature","properties":{"n":7},"geometry":{"type":"Point","coordinates":[-90.305,29.28]}},{"type":"Feature","properties":{"n":51},"geometry":{"type":"Point","coordinates":[-91.94,29.5]}},{"type":"Feature","properties":{"n":99},"geometry":{"type":"Point","coordinates":[-90.845,29.275]}},{"type":"Feature","properties":{"n":20},"geometry":{"type":"Point","coordinates":[-90.81,29.24]}},{"type":"Feature","properties":{"n":7},"geometry":{"type":"Point","coordinates":[-89.3,29.83]}},{"type":"Feature","properties":{"n":183},"geometry":{"type":"Point","coordinates":[-89.495,29.225]}},{"type":"Feature","properties":{"n":68},"geometry":{"type":"Point","coordinates":[-91.11,29.26]}},{"type":"Feature","properties":{"n":82},"geometry":{"type":"Point","coordinates":[-89.355,29.925]}},{"type":"Feature","properties":{"n":3},"geometry":{"type":"Point","coordinates":[-90.955,29.265]}},{"type":"Feature","properties":{"n":161},"geometry":{"type":"Point","coordinates":[-89.345,30.0]}},{"type":"Feature","properties":{"n":27},"geometry":{"type":"Point","coordinates":[-89.835,29.475]}},{"type":"Feature","properties":{"n":219},"geometry":{"type":"Point","coordinates":[-90.68,29.26]}},{"type":"Feature","properties":{"n":797},"geometry":{"type":"Point","coordinates":[-89.34,29.95]}},{"type":"Feature","properties":{"n":45},"geometry":{"type":"Point","coordinates":[-89.85,30.01]}},{"type":"Feature","properties":{"n":52},"geometry":{"type":"Point","coordinates":[-89.775,29.47]}},{"type":"Feature","properties":{"n":7},"geometry":{"type":"Point","coordinates":[-91.855,29.39]}},{"type":"Feature","properties":{"n":510},"geometry":{"type":"Point","coordinates":[-89.575,29.33]}},{"type":"Feature","properties":{"n":4},"geometry":{"type":"Point","coordinates":[-90.0,29.865]}},{"type":"Feature","properties":{"n":298},"geometry":{"type":"Point","coordinates":[-97.105,28.135]}},{"type":"Feature","properties":{"n":85},"geometry":{"type":"Point","coordinates":[-94.89,29.505]}},{"type":"Feature","properties":{"n":181},"geometry":{"type":"Point","coordinates":[-94.725,29.495]}},{"type":"Feature","properties":{"n":208},"geometry":{"type":"Point","coordinates":[-89.25,29.965]}},{"type":"Feature","properties":{"n":280},"geometry":{"type":"Point","coordinates":[-89.75,29.325]}},{"type":"Feature","properties":{"n":7},"geometry":{"type":"Point","coordinates":[-89.82,30.035]}},{"type":"Feature","properties":{"n":234},"geometry":{"type":"Point","coordinates":[-90.585,29.315]}},{"type":"Feature","properties":{"n":173},"geometry":{"type":"Point","coordinates":[-90.43,29.395]}},{"type":"Feature","properties":{"n":20},"geometry":{"type":"Point","coordinates":[-89.32,30.03]}},{"type":"Feature","properties":{"n":282},"geometry":{"type":"Point","coordinates":[-89.705,29.385]}},{"type":"Feature","properties":{"n":117},"geometry":{"type":"Point","coordinates":[-89.38,29.85]}},{"type":"Feature","properties":{"n":55},"geometry":{"type":"Point","coordinates":[-90.845,29.27]}},{"type":"Feature","properties":{"n":33},"geometry":{"type":"Point","coordinates":[-89.375,29.98]}},{"type":"Feature","properties":{"n":88},"geometry":{"type":"Point","coordinates":[-89.89,29.5]}},{"type":"Feature","properties":{"n":30},"geometry":{"type":"Point","coordinates":[-89.595,29.985]}},{"type":"Feature","properties":{"n":473},"geometry":{"type":"Point","coordinates":[-90.875,29.105]}},{"type":"Feature","properties":{"n":44},"geometry":{"type":"Point","coordinates":[-89.79,29.77]}},{"type":"Feature","properties":{"n":194},"geometry":{"type":"Point","coordinates":[-89.5,29.72]}},{"type":"Feature","properties":{"n":137},"geometry":{"type":"Point","coordinates":[-90.825,29.12]}},{"type":"Feature","properties":{"n":209},"geometry":{"type":"Point","coordinates":[-89.455,29.81]}},{"type":"Feature","properties":{"n":288},"geometry":{"type":"Point","coordinates":[-92.1,29.58]}},{"type":"Feature","properties":{"n":738},"geometry":{"type":"Point","coordinates":[-89.595,29.295]}},{"type":"Feature","properties":{"n":137},"geometry":{"type":"Point","coordinates":[-89.72,29.31]}},{"type":"Feature","properties":{"n":21},"geometry":{"type":"Point","coordinates":[-89.915,29.455]}},{"type":"Feature","properties":{"n":282},"geometry":{"type":"Point","coordinates":[-90.665,29.35]}},{"type":"Feature","properties":{"n":284},"geometry":{"type":"Point","coordinates":[-89.305,29.895]}},{"type":"Feature","properties":{"n":396},"geometry":{"type":"Point","coordinates":[-89.29,29.94]}},{"type":"Feature","properties":{"n":245},"geometry":{"type":"Point","coordinates":[-90.66,29.245]}},{"type":"Feature","properties":{"n":151},"geometry":{"type":"Point","coordinates":[-91.835,29.475]}},{"type":"Feature","properties":{"n":30},"geometry":{"type":"Point","coordinates":[-89.735,29.435]}},{"type":"Feature","properties":{"n":178},"geometry":{"type":"Point","coordinates":[-89.345,29.925]}},{"type":"Feature","properties":{"n":107},"geometry":{"type":"Point","coordinates":[-90.44,29.265]}},{"type":"Feature","properties":{"n":207},"geometry":{"type":"Point","coordinates":[-89.255,30.005]}},{"type":"Feature","properties":{"n":4374},"geometry":{"type":"Point","coordinates":[-75.935,38.29]}},{"type":"Feature","properties":{"n":85},"geometry":{"type":"Point","coordinates":[-90.585,29.275]}},{"type":"Feature","properties":{"n":321},"geometry":{"type":"Point","coordinates":[-89.97,29.435]}},{"type":"Feature","properties":{"n":328},"geometry":{"type":"Point","coordinates":[-89.965,29.47]}},{"type":"Feature","properties":{"n":480},"geometry":{"type":"Point","coordinates":[-90.69,29.29]}},{"type":"Feature","properties":{"n":2},"geometry":{"type":"Point","coordinates":[-90.41,29.32]}},{"type":"Feature","properties":{"n":76},"geometry":{"type":"Point","coordinates":[-91.98,29.52]}},{"type":"Feature","properties":{"n":875},"geometry":{"type":"Point","coordinates":[-89.33,29.9]}},{"type":"Feature","properties":{"n":155},"geometry":{"type":"Point","coordinates":[-89.66,29.405]}},{"type":"Feature","properties":{"n":330},"geometry":{"type":"Point","coordinates":[-90.77,29.21]}},{"type":"Feature","properties":{"n":3},"geometry":{"type":"Point","coordinates":[-90.59,29.22]}},{"type":"Feature","properties":{"n":59},"geometry":{"type":"Point","coordinates":[-89.925,29.43]}},{"type":"Feature","properties":{"n":88},"geometry":{"type":"Point","coordinates":[-89.725,29.36]}},{"type":"Feature","properties":{"n":727},"geometry":{"type":"Point","coordinates":[-90.78,29.175]}},{"type":"Feature","properties":{"n":231},"geometry":{"type":"Point","coordinates":[-90.605,29.3]}},{"type":"Feature","properties":{"n":610},"geometry":{"type":"Point","coordinates":[-89.3,29.95]}},{"type":"Feature","properties":{"n":710},"geometry":{"type":"Point","coordinates":[-90.32,29.38]}},{"type":"Feature","properties":{"n":100},"geometry":{"type":"Point","coordinates":[-89.715,29.425]}},{"type":"Feature","properties":{"n":103},"geometry":{"type":"Point","coordinates":[-90.535,29.35]}},{"type":"Feature","properties":{"n":418},"geometry":{"type":"Point","coordinates":[-89.345,29.815]}},{"type":"Feature","properties":{"n":90},"geometry":{"type":"Point","coordinates":[-89.565,29.71]}},{"type":"Feature","properties":{"n":215},"geometry":{"type":"Point","coordinates":[-89.545,29.685]}},{"type":"Feature","properties":{"n":81},"geometry":{"type":"Point","coordinates":[-90.32,29.395]}},{"type":"Feature","properties":{"n":196},"geometry":{"type":"Point","coordinates":[-90.845,29.19]}},{"type":"Feature","properties":{"n":21},"geometry":{"type":"Point","coordinates":[-90.52,29.225]}},{"type":"Feature","properties":{"n":32},"geometry":{"type":"Point","coordinates":[-90.67,29.195]}},{"type":"Feature","properties":{"n":225},"geometry":{"type":"Point","coordinates":[-91.84,29.435]}},{"type":"Feature","properties":{"n":4},"geometry":{"type":"Point","coordinates":[-90.55,29.415]}},{"type":"Feature","properties":{"n":97},"geometry":{"type":"Point","coordinates":[-89.295,30.0]}},{"type":"Feature","properties":{"n":159},"geometry":{"type":"Point","coordinates":[-89.91,29.465]}},{"type":"Feature","properties":{"n":46},"geometry":{"type":"Point","coordinates":[-89.315,29.87]}},{"type":"Feature","properties":{"n":203},"geometry":{"type":"Point","coordinates":[-90.695,29.18]}},{"type":"Feature","properties":{"n":782},"geometry":{"type":"Point","coordinates":[-89.595,29.29]}},{"type":"Feature","properties":{"n":95},"geometry":{"type":"Point","coordinates":[-90.68,29.365]}},{"type":"Feature","properties":{"n":497},"geometry":{"type":"Point","coordinates":[-89.63,29.32]}},{"type":"Feature","properties":{"n":244},"geometry":{"type":"Point","coordinates":[-89.34,29.84]}},{"type":"Feature","properties":{"n":325},"geometry":{"type":"Point","coordinates":[-90.765,29.19]}},{"type":"Feature","properties":{"n":293},"geometry":{"type":"Point","coordinates":[-90.27,29.27]}},{"type":"Feature","properties":{"n":13},"geometry":{"type":"Point","coordinates":[-90.665,29.25]}},{"type":"Feature","properties":{"n":31},"geometry":{"type":"Point","coordinates":[-89.275,29.985]}},{"type":"Feature","properties":{"n":54},"geometry":{"type":"Point","coordinates":[-89.78,29.47]}},{"type":"Feature","properties":{"n":10},"geometry":{"type":"Point","coordinates":[-90.5,29.37]}},{"type":"Feature","properties":{"n":445},"geometry":{"type":"Point","coordinates":[-75.99,38.32]}},{"type":"Feature","properties":{"n":95},"geometry":{"type":"Point","coordinates":[-89.65,29.31]}},{"type":"Feature","properties":{"n":349},"geometry":{"type":"Point","coordinates":[-90.875,29.235]}},{"type":"Feature","properties":{"n":21},"geometry":{"type":"Point","coordinates":[-97.005,28.06]}},{"type":"Feature","properties":{"n":28},"geometry":{"type":"Point","coordinates":[-89.985,29.38]}},{"type":"Feature","properties":{"n":553},"geometry":{"type":"Point","coordinates":[-89.545,29.74]}},{"type":"Feature","properties":{"n":1},"geometry":{"type":"Point","coordinates":[-89.595,29.695]}},{"type":"Feature","properties":{"n":132},"geometry":{"type":"Point","coordinates":[-90.97,29.285]}},{"type":"Feature","properties":{"n":141},"geometry":{"type":"Point","coordinates":[-89.35,29.905]}},{"type":"Feature","properties":{"n":80},"geometry":{"type":"Point","coordinates":[-90.75,29.165]}},{"type":"Feature","properties":{"n":1065},"geometry":{"type":"Point","coordinates":[-89.605,29.355]}},{"type":"Feature","properties":{"n":37},"geometry":{"type":"Point","coordinates":[-90.68,29.13]}},{"type":"Feature","properties":{"n":146},"geometry":{"type":"Point","coordinates":[-90.825,29.135]}},{"type":"Feature","properties":{"n":308},"geometry":{"type":"Point","coordinates":[-89.27,29.945]}},{"type":"Feature","properties":{"n":3011},"geometry":{"type":"Point","coordinates":[-89.605,29.375]}},{"type":"Feature","properties":{"n":78},"geometry":{"type":"Point","coordinates":[-89.665,29.415]}},{"type":"Feature","properties":{"n":2},"geometry":{"type":"Point","coordinates":[-89.445,29.765]}},{"type":"Feature","properties":{"n":283},"geometry":{"type":"Point","coordinates":[-89.5,29.26]}},{"type":"Feature","properties":{"n":207},"geometry":{"type":"Point","coordinates":[-89.425,29.785]}},{"type":"Feature","properties":{"n":14},"geometry":{"type":"Point","coordinates":[-90.535,29.21]}},{"type":"Feature","properties":{"n":252},"geometry":{"type":"Point","coordinates":[-89.28,29.925]}},{"type":"Feature","properties":{"n":2},"geometry":{"type":"Point","coordinates":[-89.46,29.83]}},{"type":"Feature","properties":{"n":186},"geometry":{"type":"Point","coordinates":[-89.34,29.885]}},{"type":"Feature","properties":{"n":34},"geometry":{"type":"Point","coordinates":[-90.595,29.235]}},{"type":"Feature","properties":{"n":333},"geometry":{"type":"Point","coordinates":[-90.74,29.275]}},{"type":"Feature","properties":{"n":532},"geometry":{"type":"Point","coordinates":[-94.75,29.48]}},{"type":"Feature","properties":{"n":252},"geometry":{"type":"Point","coordinates":[-90.535,29.4]}},{"type":"Feature","properties":{"n":275},"geometry":{"type":"Point","coordinates":[-89.23,29.97]}},{"type":"Feature","properties":{"n":7},"geometry":{"type":"Point","coordinates":[-90.21,29.305]}},{"type":"Feature","properties":{"n":2},"geometry":{"type":"Point","coordinates":[-89.855,29.42]}},{"type":"Feature","properties":{"n":137},"geometry":{"type":"Point","coordinates":[-90.48,29.335]}},{"type":"Feature","properties":{"n":175},"geometry":{"type":"Point","coordinates":[-90.14,29.345]}},{"type":"Feature","properties":{"n":947},"geometry":{"type":"Point","coordinates":[-90.84,29.25]}},{"type":"Feature","properties":{"n":1334},"geometry":{"type":"Point","coordinates":[-89.745,29.315]}},{"type":"Feature","properties":{"n":500},"geometry":{"type":"Point","coordinates":[-89.3,29.855]}},{"type":"Feature","properties":{"n":11},"geometry":{"type":"Point","coordinates":[-96.59,28.31]}},{"type":"Feature","properties":{"n":333},"geometry":{"type":"Point","coordinates":[-90.18,29.29]}},{"type":"Feature","properties":{"n":263},"geometry":{"type":"Point","coordinates":[-89.305,29.84]}},{"type":"Feature","properties":{"n":54},"geometry":{"type":"Point","coordinates":[-90.765,29.135]}},{"type":"Feature","properties":{"n":228},"geometry":{"type":"Point","coordinates":[-89.445,29.745]}},{"type":"Feature","properties":{"n":7},"geometry":{"type":"Point","coordinates":[-90.555,29.24]}},{"type":"Feature","properties":{"n":364},"geometry":{"type":"Point","coordinates":[-89.26,30.005]}},{"type":"Feature","properties":{"n":311},"geometry":{"type":"Point","coordinates":[-89.34,29.96]}},{"type":"Feature","properties":{"n":91},"geometry":{"type":"Point","coordinates":[-89.24,29.935]}},{"type":"Feature","properties":{"n":39},"geometry":{"type":"Point","coordinates":[-96.74,28.375]}},{"type":"Feature","properties":{"n":500},"geometry":{"type":"Point","coordinates":[-89.37,29.83]}},{"type":"Feature","properties":{"n":4},"geometry":{"type":"Point","coordinates":[-90.96,29.22]}},{"type":"Feature","properties":{"n":294},"geometry":{"type":"Point","coordinates":[-94.855,29.645]}},{"type":"Feature","properties":{"n":288},"geometry":{"type":"Point","coordinates":[-89.415,29.9]}},{"type":"Feature","properties":{"n":91},"geometry":{"type":"Point","coordinates":[-90.74,29.22]}},{"type":"Feature","properties":{"n":395},"geometry":{"type":"Point","coordinates":[-89.625,29.38]}},{"type":"Feature","properties":{"n":1},"geometry":{"type":"Point","coordinates":[-97.015,28.06]}},{"type":"Feature","properties":{"n":4},"geometry":{"type":"Point","coordinates":[-90.5,29.42]}},{"type":"Feature","properties":{"n":36},"geometry":{"type":"Point","coordinates":[-96.97,28.075]}},{"type":"Feature","properties":{"n":398},"geometry":{"type":"Point","coordinates":[-89.65,29.35]}},{"type":"Feature","properties":{"n":523},"geometry":{"type":"Point","coordinates":[-89.745,29.33]}},{"type":"Feature","properties":{"n":149},"geometry":{"type":"Point","coordinates":[-90.43,29.385]}},{"type":"Feature","properties":{"n":22},"geometry":{"type":"Point","coordinates":[-90.545,29.215]}},{"type":"Feature","properties":{"n":41},"geometry":{"type":"Point","coordinates":[-89.82,29.405]}},{"type":"Feature","properties":{"n":795},"geometry":{"type":"Point","coordinates":[-89.575,29.335]}},{"type":"Feature","properties":{"n":129},"geometry":{"type":"Point","coordinates":[-90.735,29.215]}},{"type":"Feature","properties":{"n":444},"geometry":{"type":"Point","coordinates":[-89.61,29.355]}},{"type":"Feature","properties":{"n":235},"geometry":{"type":"Point","coordinates":[-89.42,29.745]}},{"type":"Feature","properties":{"n":174},"geometry":{"type":"Point","coordinates":[-90.855,29.115]}},{"type":"Feature","properties":{"n":36},"geometry":{"type":"Point","coordinates":[-90.815,29.15]}},{"type":"Feature","properties":{"n":29},"geometry":{"type":"Point","coordinates":[-91.855,29.455]}},{"type":"Feature","properties":{"n":124},"geometry":{"type":"Point","coordinates":[-89.435,29.74]}},{"type":"Feature","properties":{"n":3},"geometry":{"type":"Point","coordinates":[-91.905,29.455]}},{"type":"Feature","properties":{"n":262},"geometry":{"type":"Point","coordinates":[-89.235,29.97]}},{"type":"Feature","properties":{"n":162},"geometry":{"type":"Point","coordinates":[-90.76,29.17]}},{"type":"Feature","properties":{"n":261},"geometry":{"type":"Point","coordinates":[-89.44,29.765]}},{"type":"Feature","properties":{"n":2},"geometry":{"type":"Point","coordinates":[-90.675,29.375]}},{"type":"Feature","properties":{"n":531},"geometry":{"type":"Point","coordinates":[-89.715,29.31]}},{"type":"Feature","properties":{"n":2},"geometry":{"type":"Point","coordinates":[-94.855,29.5]}},{"type":"Feature","properties":{"n":3},"geometry":{"type":"Point","coordinates":[-89.77,29.415]}},{"type":"Feature","properties":{"n":54},"geometry":{"type":"Point","coordinates":[-91.915,29.46]}},{"type":"Feature","properties":{"n":106},"geometry":{"type":"Point","coordinates":[-89.57,29.3]}},{"type":"Feature","properties":{"n":57},"geometry":{"type":"Point","coordinates":[-92.075,29.57]}},{"type":"Feature","properties":{"n":133},"geometry":{"type":"Point","coordinates":[-89.53,29.7]}},{"type":"Feature","properties":{"n":64},"geometry":{"type":"Point","coordinates":[-76.11,38.71]}},{"type":"Feature","properties":{"n":308},"geometry":{"type":"Point","coordinates":[-89.705,29.41]}},{"type":"Feature","properties":{"n":41},"geometry":{"type":"Point","coordinates":[-90.62,29.24]}},{"type":"Feature","properties":{"n":38},"geometry":{"type":"Point","coordinates":[-90.575,29.225]}},{"type":"Feature","properties":{"n":4},"geometry":{"type":"Point","coordinates":[-90.52,29.43]}},{"type":"Feature","properties":{"n":281},"geometry":{"type":"Point","coordinates":[-89.565,29.32]}},{"type":"Feature","properties":{"n":375},"geometry":{"type":"Point","coordinates":[-89.54,29.74]}},{"type":"Feature","properties":{"n":23},"geometry":{"type":"Point","coordinates":[-97.08,28.145]}},{"type":"Feature","properties":{"n":11},"geometry":{"type":"Point","coordinates":[-89.23,30.005]}},{"type":"Feature","properties":{"n":1},"geometry":{"type":"Point","coordinates":[-89.86,29.45]}},{"type":"Feature","properties":{"n":13},"geometry":{"type":"Point","coordinates":[-90.65,29.14]}},{"type":"Feature","properties":{"n":14},"geometry":{"type":"Point","coordinates":[-90.565,29.41]}},{"type":"Feature","properties":{"n":117},"geometry":{"type":"Point","coordinates":[-90.695,29.2]}},{"type":"Feature","properties":{"n":277},"geometry":{"type":"Point","coordinates":[-89.71,29.35]}},{"type":"Feature","properties":{"n":181},"geometry":{"type":"Point","coordinates":[-75.96,38.17]}},{"type":"Feature","properties":{"n":354},"geometry":{"type":"Point","coordinates":[-89.355,29.84]}},{"type":"Feature","properties":{"n":135},"geometry":{"type":"Point","coordinates":[-89.515,29.235]}},{"type":"Feature","properties":{"n":28},"geometry":{"type":"Point","coordinates":[-90.045,29.46]}},{"type":"Feature","properties":{"n":2},"geometry":{"type":"Point","coordinates":[-90.51,29.325]}},{"type":"Feature","properties":{"n":18},"geometry":{"type":"Point","coordinates":[-96.755,28.38]}},{"type":"Feature","properties":{"n":236},"geometry":{"type":"Point","coordinates":[-89.78,29.415]}},{"type":"Feature","properties":{"n":24},"geometry":{"type":"Point","coordinates":[-90.605,29.28]}},{"type":"Feature","properties":{"n":160},"geometry":{"type":"Point","coordinates":[-89.71,29.465]}},{"type":"Feature","properties":{"n":213},"geometry":{"type":"Point","coordinates":[-94.715,29.485]}},{"type":"Feature","properties":{"n":308},"geometry":{"type":"Point","coordinates":[-89.335,29.905]}},{"type":"Feature","properties":{"n":133},"geometry":{"type":"Point","coordinates":[-90.06,29.465]}},{"type":"Feature","properties":{"n":257},"geometry":{"type":"Point","coordinates":[-90.195,29.285]}},{"type":"Feature","properties":{"n":374},"geometry":{"type":"Point","coordinates":[-96.73,28.305]}},{"type":"Feature","properties":{"n":5},"geometry":{"type":"Point","coordinates":[-90.61,29.2]}},{"type":"Feature","properties":{"n":470},"geometry":{"type":"Point","coordinates":[-89.31,29.94]}},{"type":"Feature","properties":{"n":15},"geometry":{"type":"Point","coordinates":[-90.325,29.285]}},{"type":"Feature","properties":{"n":239},"geometry":{"type":"Point","coordinates":[-89.485,29.265]}},{"type":"Feature","properties":{"n":419},"geometry":{"type":"Point","coordinates":[-89.535,29.335]}},{"type":"Feature","properties":{"n":466},"geometry":{"type":"Point","coordinates":[-90.7,29.27]}},{"type":"Feature","properties":{"n":52},"geometry":{"type":"Point","coordinates":[-89.97,29.465]}},{"type":"Feature","properties":{"n":290},"geometry":{"type":"Point","coordinates":[-89.375,29.84]}},{"type":"Feature","properties":{"n":78},"geometry":{"type":"Point","coordinates":[-96.98,28.09]}},{"type":"Feature","properties":{"n":43},"geometry":{"type":"Point","coordinates":[-90.305,29.37]}},{"type":"Feature","properties":{"n":505},"geometry":{"type":"Point","coordinates":[-89.235,29.98]}},{"type":"Feature","properties":{"n":361},"geometry":{"type":"Point","coordinates":[-89.55,29.325]}},{"type":"Feature","properties":{"n":2133},"geometry":{"type":"Point","coordinates":[-75.86,38.21]}},{"type":"Feature","properties":{"n":62},"geometry":{"type":"Point","coordinates":[-90.595,29.275]}},{"type":"Feature","properties":{"n":57},"geometry":{"type":"Point","coordinates":[-91.875,29.495]}},{"type":"Feature","properties":{"n":11},"geometry":{"type":"Point","coordinates":[-90.505,29.32]}},{"type":"Feature","properties":{"n":219},"geometry":{"type":"Point","coordinates":[-96.975,28.085]}},{"type":"Feature","properties":{"n":145},"geometry":{"type":"Point","coordinates":[-89.33,30.035]}},{"type":"Feature","properties":{"n":369},"geometry":{"type":"Point","coordinates":[-89.395,29.91]}},{"type":"Feature","properties":{"n":100},"geometry":{"type":"Point","coordinates":[-89.855,29.46]}},{"type":"Feature","properties":{"n":34},"geometry":{"type":"Point","coordinates":[-90.61,29.24]}},{"type":"Feature","properties":{"n":115},"geometry":{"type":"Point","coordinates":[-90.48,29.365]}},{"type":"Feature","properties":{"n":91},"geometry":{"type":"Point","coordinates":[-91.845,29.465]}},{"type":"Feature","properties":{"n":9},"geometry":{"type":"Point","coordinates":[-90.565,29.285]}},{"type":"Feature","properties":{"n":259},"geometry":{"type":"Point","coordinates":[-89.26,30.04]}},{"type":"Feature","properties":{"n":430},"geometry":{"type":"Point","coordinates":[-90.45,29.395]}},{"type":"Feature","properties":{"n":576},"geometry":{"type":"Point","coordinates":[-89.905,29.515]}},{"type":"Feature","properties":{"n":29},"geometry":{"type":"Point","coordinates":[-97.03,28.145]}},{"type":"Feature","properties":{"n":7},"geometry":{"type":"Point","coordinates":[-89.51,29.79]}},{"type":"Feature","properties":{"n":253},"geometry":{"type":"Point","coordinates":[-89.38,29.805]}},{"type":"Feature","properties":{"n":217},"geometry":{"type":"Point","coordinates":[-90.24,29.3]}},{"type":"Feature","properties":{"n":57},"geometry":{"type":"Point","coordinates":[-89.84,29.445]}},{"type":"Feature","properties":{"n":671},"geometry":{"type":"Point","coordinates":[-90.615,29.295]}},{"type":"Feature","properties":{"n":290},"geometry":{"type":"Point","coordinates":[-89.455,29.745]}},{"type":"Feature","properties":{"n":3},"geometry":{"type":"Point","coordinates":[-90.635,29.3]}},{"type":"Feature","properties":{"n":213},"geometry":{"type":"Point","coordinates":[-89.48,29.295]}},{"type":"Feature","properties":{"n":48},"geometry":{"type":"Point","coordinates":[-90.8,29.155]}},{"type":"Feature","properties":{"n":14},"geometry":{"type":"Point","coordinates":[-90.76,29.125]}},{"type":"Feature","properties":{"n":55},"geometry":{"type":"Point","coordinates":[-89.905,29.45]}},{"type":"Feature","properties":{"n":159},"geometry":{"type":"Point","coordinates":[-90.625,29.29]}},{"type":"Feature","properties":{"n":241},"geometry":{"type":"Point","coordinates":[-89.7,29.365]}},{"type":"Feature","properties":{"n":50},"geometry":{"type":"Point","coordinates":[-90.77,29.15]}},{"type":"Feature","properties":{"n":1},"geometry":{"type":"Point","coordinates":[-94.79,29.505]}},{"type":"Feature","properties":{"n":270},"geometry":{"type":"Point","coordinates":[-89.245,29.925]}},{"type":"Feature","properties":{"n":99},"geometry":{"type":"Point","coordinates":[-89.67,29.425]}},{"type":"Feature","properties":{"n":144},"geometry":{"type":"Point","coordinates":[-90.985,29.235]}},{"type":"Feature","properties":{"n":4},"geometry":{"type":"Point","coordinates":[-91.86,29.425]}},{"type":"Feature","properties":{"n":119},"geometry":{"type":"Point","coordinates":[-91.845,29.425]}},{"type":"Feature","properties":{"n":141},"geometry":{"type":"Point","coordinates":[-90.6,29.305]}},{"type":"Feature","properties":{"n":488},"geometry":{"type":"Point","coordinates":[-90.745,29.23]}},{"type":"Feature","properties":{"n":309},"geometry":{"type":"Point","coordinates":[-90.61,29.31]}},{"type":"Feature","properties":{"n":4},"geometry":{"type":"Point","coordinates":[-89.75,29.41]}},{"type":"Feature","properties":{"n":312},"geometry":{"type":"Point","coordinates":[-90.68,29.28]}},{"type":"Feature","properties":{"n":18},"geometry":{"type":"Point","coordinates":[-90.58,29.315]}},{"type":"Feature","properties":{"n":61},"geometry":{"type":"Point","coordinates":[-89.815,29.41]}},{"type":"Feature","properties":{"n":40},"geometry":{"type":"Point","coordinates":[-89.83,29.455]}},{"type":"Feature","properties":{"n":81},"geometry":{"type":"Point","coordinates":[-75.92,38.255]}},{"type":"Feature","properties":{"n":44},"geometry":{"type":"Point","coordinates":[-90.82,29.205]}},{"type":"Feature","properties":{"n":318},"geometry":{"type":"Point","coordinates":[-89.345,29.91]}},{"type":"Feature","properties":{"n":86},"geometry":{"type":"Point","coordinates":[-90.735,29.21]}},{"type":"Feature","properties":{"n":67},"geometry":{"type":"Point","coordinates":[-89.98,29.485]}},{"type":"Feature","properties":{"n":62},"geometry":{"type":"Point","coordinates":[-92.04,29.54]}},{"type":"Feature","properties":{"n":542},"geometry":{"type":"Point","coordinates":[-92.06,29.575]}},{"type":"Feature","properties":{"n":208},"geometry":{"type":"Point","coordinates":[-96.52,28.61]}},{"type":"Feature","properties":{"n":840},"geometry":{"type":"Point","coordinates":[-89.59,29.33]}},{"type":"Feature","properties":{"n":20},"geometry":{"type":"Point","coordinates":[-94.86,29.64]}},{"type":"Feature","properties":{"n":11},"geometry":{"type":"Point","coordinates":[-90.56,29.285]}},{"type":"Feature","properties":{"n":4},"geometry":{"type":"Point","coordinates":[-90.31,29.27]}},{"type":"Feature","properties":{"n":116},"geometry":{"type":"Point","coordinates":[-89.54,29.315]}},{"type":"Feature","properties":{"n":245},"geometry":{"type":"Point","coordinates":[-89.39,29.835]}},{"type":"Feature","properties":{"n":563},"geometry":{"type":"Point","coordinates":[-90.685,29.305]}},{"type":"Feature","properties":{"n":196},"geometry":{"type":"Point","coordinates":[-90.53,29.365]}},{"type":"Feature","properties":{"n":169},"geometry":{"type":"Point","coordinates":[-89.71,29.425]}},{"type":"Feature","properties":{"n":293},"geometry":{"type":"Point","coordinates":[-89.64,29.34]}},{"type":"Feature","properties":{"n":9},"geometry":{"type":"Point","coordinates":[-89.75,29.34]}},{"type":"Feature","properties":{"n":170},"geometry":{"type":"Point","coordinates":[-90.835,29.235]}},{"type":"Feature","properties":{"n":45},"geometry":{"type":"Point","coordinates":[-92.05,29.56]}},{"type":"Feature","properties":{"n":276},"geometry":{"type":"Point","coordinates":[-89.54,29.745]}},{"type":"Feature","properties":{"n":48},"geometry":{"type":"Point","coordinates":[-90.935,29.19]}},{"type":"Feature","properties":{"n":144},"geometry":{"type":"Point","coordinates":[-89.295,29.965]}},{"type":"Feature","properties":{"n":251},"geometry":{"type":"Point","coordinates":[-89.415,29.96]}},{"type":"Feature","properties":{"n":212},"geometry":{"type":"Point","coordinates":[-89.59,29.3]}},{"type":"Feature","properties":{"n":461},"geometry":{"type":"Point","coordinates":[-89.67,29.385]}},{"type":"Feature","properties":{"n":311},"geometry":{"type":"Point","coordinates":[-89.715,29.355]}},{"type":"Feature","properties":{"n":255},"geometry":{"type":"Point","coordinates":[-92.115,29.58]}},{"type":"Feature","properties":{"n":1},"geometry":{"type":"Point","coordinates":[-96.915,28.115]}},{"type":"Feature","properties":{"n":174},"geometry":{"type":"Point","coordinates":[-89.7,29.445]}},{"type":"Feature","properties":{"n":7},"geometry":{"type":"Point","coordinates":[-91.9,29.465]}},{"type":"Feature","properties":{"n":127},"geometry":{"type":"Point","coordinates":[-90.585,29.33]}},{"type":"Feature","properties":{"n":382},"geometry":{"type":"Point","coordinates":[-89.495,29.31]}},{"type":"Feature","properties":{"n":210},"geometry":{"type":"Point","coordinates":[-89.255,30.035]}},{"type":"Feature","properties":{"n":95},"geometry":{"type":"Point","coordinates":[-91.88,29.49]}},{"type":"Feature","properties":{"n":18},"geometry":{"type":"Point","coordinates":[-90.525,29.405]}},{"type":"Feature","properties":{"n":24},"geometry":{"type":"Point","coordinates":[-90.63,29.215]}},{"type":"Feature","properties":{"n":163},"geometry":{"type":"Point","coordinates":[-89.54,29.31]}},{"type":"Feature","properties":{"n":58},"geometry":{"type":"Point","coordinates":[-90.425,29.38]}},{"type":"Feature","properties":{"n":303},"geometry":{"type":"Point","coordinates":[-89.675,29.395]}},{"type":"Feature","properties":{"n":6},"geometry":{"type":"Point","coordinates":[-89.82,29.38]}},{"type":"Feature","properties":{"n":761},"geometry":{"type":"Point","coordinates":[-89.33,29.915]}},{"type":"Feature","properties":{"n":487},"geometry":{"type":"Point","coordinates":[-90.21,29.275]}},{"type":"Feature","properties":{"n":156},"geometry":{"type":"Point","coordinates":[-90.705,29.175]}},{"type":"Feature","properties":{"n":312},"geometry":{"type":"Point","coordinates":[-89.325,29.99]}},{"type":"Feature","properties":{"n":929},"geometry":{"type":"Point","coordinates":[-89.305,29.85]}},{"type":"Feature","properties":{"n":225},"geometry":{"type":"Point","coordinates":[-89.585,29.315]}},{"type":"Feature","properties":{"n":9},"geometry":{"type":"Point","coordinates":[-89.595,29.26]}},{"type":"Feature","properties":{"n":6},"geometry":{"type":"Point","coordinates":[-94.73,29.47]}},{"type":"Feature","properties":{"n":44},"geometry":{"type":"Point","coordinates":[-90.69,29.135]}},{"type":"Feature","properties":{"n":216},"geometry":{"type":"Point","coordinates":[-89.7,29.37]}},{"type":"Feature","properties":{"n":271},"geometry":{"type":"Point","coordinates":[-89.72,29.41]}},{"type":"Feature","properties":{"n":37},"geometry":{"type":"Point","coordinates":[-90.185,29.27]}},{"type":"Feature","properties":{"n":15},"geometry":{"type":"Point","coordinates":[-90.52,29.23]}},{"type":"Feature","properties":{"n":25},"geometry":{"type":"Point","coordinates":[-89.51,29.325]}},{"type":"Feature","properties":{"n":409},"geometry":{"type":"Point","coordinates":[-90.18,29.295]}},{"type":"Feature","properties":{"n":5},"geometry":{"type":"Point","coordinates":[-96.715,28.26]}},{"type":"Feature","properties":{"n":16},"geometry":{"type":"Point","coordinates":[-90.3,29.265]}},{"type":"Feature","properties":{"n":103},"geometry":{"type":"Point","coordinates":[-90.69,29.295]}},{"type":"Feature","properties":{"n":57},"geometry":{"type":"Point","coordinates":[-89.295,29.905]}},{"type":"Feature","properties":{"n":128},"geometry":{"type":"Point","coordinates":[-89.97,29.45]}},{"type":"Feature","properties":{"n":256},"geometry":{"type":"Point","coordinates":[-89.51,29.3]}},{"type":"Feature","properties":{"n":233},"geometry":{"type":"Point","coordinates":[-90.83,29.11]}},{"type":"Feature","properties":{"n":163},"geometry":{"type":"Point","coordinates":[-94.86,29.48]}},{"type":"Feature","properties":{"n":191},"geometry":{"type":"Point","coordinates":[-94.885,29.45]}},{"type":"Feature","properties":{"n":820},"geometry":{"type":"Point","coordinates":[-89.32,29.895]}},{"type":"Feature","properties":{"n":14},"geometry":{"type":"Point","coordinates":[-91.88,29.485]}},{"type":"Feature","properties":{"n":107},"geometry":{"type":"Point","coordinates":[-76.095,38.24]}},{"type":"Feature","properties":{"n":9},"geometry":{"type":"Point","coordinates":[-90.675,29.4]}},{"type":"Feature","properties":{"n":40},"geometry":{"type":"Point","coordinates":[-89.575,29.715]}},{"type":"Feature","properties":{"n":6},"geometry":{"type":"Point","coordinates":[-90.595,29.375]}},{"type":"Feature","properties":{"n":15},"geometry":{"type":"Point","coordinates":[-89.465,29.825]}},{"type":"Feature","properties":{"n":12},"geometry":{"type":"Point","coordinates":[-90.68,29.375]}},{"type":"Feature","properties":{"n":372},"geometry":{"type":"Point","coordinates":[-90.465,29.385]}},{"type":"Feature","properties":{"n":80},"geometry":{"type":"Point","coordinates":[-89.74,29.43]}},{"type":"Feature","properties":{"n":4},"geometry":{"type":"Point","coordinates":[-90.85,29.2]}},{"type":"Feature","properties":{"n":49},"geometry":{"type":"Point","coordinates":[-89.505,29.85]}},{"type":"Feature","properties":{"n":250},"geometry":{"type":"Point","coordinates":[-90.705,29.165]}},{"type":"Feature","properties":{"n":5},"geometry":{"type":"Point","coordinates":[-89.825,30.03]}},{"type":"Feature","properties":{"n":7},"geometry":{"type":"Point","coordinates":[-89.905,29.455]}},{"type":"Feature","properties":{"n":440},"geometry":{"type":"Point","coordinates":[-89.75,29.33]}},{"type":"Feature","properties":{"n":6},"geometry":{"type":"Point","coordinates":[-89.46,29.8]}},{"type":"Feature","properties":{"n":35},"geometry":{"type":"Point","coordinates":[-90.7,29.115]}},{"type":"Feature","properties":{"n":192},"geometry":{"type":"Point","coordinates":[-89.47,29.8]}},{"type":"Feature","properties":{"n":9},"geometry":{"type":"Point","coordinates":[-90.545,29.305]}},{"type":"Feature","properties":{"n":24},"geometry":{"type":"Point","coordinates":[-89.335,29.93]}},{"type":"Feature","properties":{"n":21},"geometry":{"type":"Point","coordinates":[-89.44,29.975]}},{"type":"Feature","properties":{"n":127},"geometry":{"type":"Point","coordinates":[-89.965,29.315]}},{"type":"Feature","properties":{"n":37},"geometry":{"type":"Point","coordinates":[-90.705,29.115]}},{"type":"Feature","properties":{"n":189},"geometry":{"type":"Point","coordinates":[-90.835,29.18]}},{"type":"Feature","properties":{"n":2},"geometry":{"type":"Point","coordinates":[-90.965,29.17]}},{"type":"Feature","properties":{"n":4},"geometry":{"type":"Point","coordinates":[-89.225,30.01]}},{"type":"Feature","properties":{"n":388},"geometry":{"type":"Point","coordinates":[-89.58,29.315]}},{"type":"Feature","properties":{"n":48},"geometry":{"type":"Point","coordinates":[-90.97,29.305]}},{"type":"Feature","properties":{"n":36},"geometry":{"type":"Point","coordinates":[-91.86,29.465]}},{"type":"Feature","properties":{"n":279},"geometry":{"type":"Point","coordinates":[-90.66,29.205]}},{"type":"Feature","properties":{"n":85},"geometry":{"type":"Point","coordinates":[-89.35,29.935]}},{"type":"Feature","properties":{"n":1},"geometry":{"type":"Point","coordinates":[-90.39,29.37]}},{"type":"Feature","properties":{"n":83},"geometry":{"type":"Point","coordinates":[-91.85,29.465]}},{"type":"Feature","properties":{"n":54},"geometry":{"type":"Point","coordinates":[-91.015,29.195]}},{"type":"Feature","properties":{"n":158},"geometry":{"type":"Point","coordinates":[-90.395,29.295]}},{"type":"Feature","properties":{"n":24},"geometry":{"type":"Point","coordinates":[-90.88,29.215]}},{"type":"Feature","properties":{"n":37},"geometry":{"type":"Point","coordinates":[-89.495,29.295]}},{"type":"Feature","properties":{"n":205},"geometry":{"type":"Point","coordinates":[-90.74,29.27]}},{"type":"Feature","properties":{"n":48},"geometry":{"type":"Point","coordinates":[-89.595,29.75]}},{"type":"Feature","properties":{"n":149},"geometry":{"type":"Point","coordinates":[-90.115,29.34]}},{"type":"Feature","properties":{"n":47},"geometry":{"type":"Point","coordinates":[-97.095,28.135]}},{"type":"Feature","properties":{"n":92},"geometry":{"type":"Point","coordinates":[-90.29,29.29]}},{"type":"Feature","properties":{"n":61},"geometry":{"type":"Point","coordinates":[-91.85,29.485]}},{"type":"Feature","properties":{"n":30},"geometry":{"type":"Point","coordinates":[-89.565,29.715]}},{"type":"Feature","properties":{"n":19},"geometry":{"type":"Point","coordinates":[-90.515,29.39]}},{"type":"Feature","properties":{"n":144},"geometry":{"type":"Point","coordinates":[-94.915,29.5]}},{"type":"Feature","properties":{"n":258},"geometry":{"type":"Point","coordinates":[-89.45,29.78]}},{"type":"Feature","properties":{"n":10},"geometry":{"type":"Point","coordinates":[-90.545,29.355]}},{"type":"Feature","properties":{"n":84},"geometry":{"type":"Point","coordinates":[-91.94,29.53]}},{"type":"Feature","properties":{"n":417},"geometry":{"type":"Point","coordinates":[-89.745,29.32]}},{"type":"Feature","properties":{"n":12},"geometry":{"type":"Point","coordinates":[-96.765,28.375]}},{"type":"Feature","properties":{"n":73},"geometry":{"type":"Point","coordinates":[-90.515,29.41]}},{"type":"Feature","properties":{"n":101},"geometry":{"type":"Point","coordinates":[-90.66,29.365]}},{"type":"Feature","properties":{"n":43},"geometry":{"type":"Point","coordinates":[-96.515,28.61]}},{"type":"Feature","properties":{"n":75},"geometry":{"type":"Point","coordinates":[-89.235,30.01]}},{"type":"Feature","properties":{"n":90},"geometry":{"type":"Point","coordinates":[-89.23,30.1]}},{"type":"Feature","properties":{"n":2},"geometry":{"type":"Point","coordinates":[-90.5,29.285]}},{"type":"Feature","properties":{"n":403},"geometry":{"type":"Point","coordinates":[-97.075,28.16]}},{"type":"Feature","properties":{"n":110},"geometry":{"type":"Point","coordinates":[-90.79,29.22]}},{"type":"Feature","properties":{"n":11},"geometry":{"type":"Point","coordinates":[-89.755,29.46]}},{"type":"Feature","properties":{"n":3},"geometry":{"type":"Point","coordinates":[-89.655,29.415]}},{"type":"Feature","properties":{"n":264},"geometry":{"type":"Point","coordinates":[-90.76,29.16]}},{"type":"Feature","properties":{"n":136},"geometry":{"type":"Point","coordinates":[-89.265,30.055]}},{"type":"Feature","properties":{"n":511},"geometry":{"type":"Point","coordinates":[-90.26,29.295]}},{"type":"Feature","properties":{"n":12},"geometry":{"type":"Point","coordinates":[-90.815,29.175]}},{"type":"Feature","properties":{"n":537},"geometry":{"type":"Point","coordinates":[-76.14,38.72]}},{"type":"Feature","properties":{"n":638},"geometry":{"type":"Point","coordinates":[-90.05,29.38]}},{"type":"Feature","properties":{"n":48},"geometry":{"type":"Point","coordinates":[-89.59,29.74]}},{"type":"Feature","properties":{"n":69},"geometry":{"type":"Point","coordinates":[-90.96,29.27]}},{"type":"Feature","properties":{"n":80},"geometry":{"type":"Point","coordinates":[-94.66,29.49]}},{"type":"Feature","properties":{"n":686},"geometry":{"type":"Point","coordinates":[-90.69,29.22]}},{"type":"Feature","properties":{"n":175},"geometry":{"type":"Point","coordinates":[-89.89,29.505]}},{"type":"Feature","properties":{"n":86},"geometry":{"type":"Point","coordinates":[-89.75,29.49]}},{"type":"Feature","properties":{"n":143},"geometry":{"type":"Point","coordinates":[-89.525,29.335]}},{"type":"Feature","properties":{"n":1},"geometry":{"type":"Point","coordinates":[-89.45,29.855]}},{"type":"Feature","properties":{"n":132},"geometry":{"type":"Point","coordinates":[-89.585,29.985]}},{"type":"Feature","properties":{"n":20},"geometry":{"type":"Point","coordinates":[-94.86,29.485]}},{"type":"Feature","properties":{"n":199},"geometry":{"type":"Point","coordinates":[-94.705,29.48]}},{"type":"Feature","properties":{"n":169},"geometry":{"type":"Point","coordinates":[-89.27,30.03]}},{"type":"Feature","properties":{"n":219},"geometry":{"type":"Point","coordinates":[-90.7,29.175]}},{"type":"Feature","properties":{"n":32},"geometry":{"type":"Point","coordinates":[-89.425,29.96]}},{"type":"Feature","properties":{"n":6},"geometry":{"type":"Point","coordinates":[-90.515,29.425]}},{"type":"Feature","properties":{"n":28},"geometry":{"type":"Point","coordinates":[-90.005,29.42]}},{"type":"Feature","properties":{"n":140},"geometry":{"type":"Point","coordinates":[-90.395,29.34]}},{"type":"Feature","properties":{"n":273},"geometry":{"type":"Point","coordinates":[-90.61,29.34]}},{"type":"Feature","properties":{"n":73},"geometry":{"type":"Point","coordinates":[-90.13,29.35]}},{"type":"Feature","properties":{"n":233},"geometry":{"type":"Point","coordinates":[-94.815,29.545]}},{"type":"Feature","properties":{"n":9},"geometry":{"type":"Point","coordinates":[-90.515,29.305]}},{"type":"Feature","properties":{"n":10},"geometry":{"type":"Point","coordinates":[-89.245,29.945]}},{"type":"Feature","properties":{"n":324},"geometry":{"type":"Point","coordinates":[-91.915,29.49]}},{"type":"Feature","properties":{"n":55},"geometry":{"type":"Point","coordinates":[-90.36,29.355]}},{"type":"Feature","properties":{"n":35},"geometry":{"type":"Point","coordinates":[-90.28,29.285]}},{"type":"Feature","properties":{"n":546},"geometry":{"type":"Point","coordinates":[-94.75,29.475]}},{"type":"Feature","properties":{"n":32},"geometry":{"type":"Point","coordinates":[-90.73,29.095]}},{"type":"Feature","properties":{"n":255},"geometry":{"type":"Point","coordinates":[-89.53,29.735]}},{"type":"Feature","properties":{"n":3},"geometry":{"type":"Point","coordinates":[-90.725,29.58]}},{"type":"Feature","properties":{"n":60},"geometry":{"type":"Point","coordinates":[-90.395,29.375]}},{"type":"Feature","properties":{"n":221},"geometry":{"type":"Point","coordinates":[-89.55,29.28]}},{"type":"Feature","properties":{"n":422},"geometry":{"type":"Point","coordinates":[-90.7,29.26]}},{"type":"Feature","properties":{"n":19},"geometry":{"type":"Point","coordinates":[-89.23,30.11]}},{"type":"Feature","properties":{"n":24},"geometry":{"type":"Point","coordinates":[-89.345,29.96]}},{"type":"Feature","properties":{"n":45},"geometry":{"type":"Point","coordinates":[-91.99,29.5]}},{"type":"Feature","properties":{"n":316},"geometry":{"type":"Point","coordinates":[-89.25,30.1]}},{"type":"Feature","properties":{"n":188},"geometry":{"type":"Point","coordinates":[-90.795,29.125]}},{"type":"Feature","properties":{"n":62},"geometry":{"type":"Point","coordinates":[-89.84,29.495]}},{"type":"Feature","properties":{"n":847},"geometry":{"type":"Point","coordinates":[-89.29,29.99]}},{"type":"Feature","properties":{"n":174},"geometry":{"type":"Point","coordinates":[-90.845,29.225]}},{"type":"Feature","properties":{"n":140},"geometry":{"type":"Point","coordinates":[-92.06,29.56]}},{"type":"Feature","properties":{"n":4},"geometry":{"type":"Point","coordinates":[-94.675,29.48]}},{"type":"Feature","properties":{"n":811},"geometry":{"type":"Point","coordinates":[-89.65,29.345]}},{"type":"Feature","properties":{"n":44},"geometry":{"type":"Point","coordinates":[-90.065,29.44]}},{"type":"Feature","properties":{"n":97},"geometry":{"type":"Point","coordinates":[-90.96,29.295]}},{"type":"Feature","properties":{"n":3},"geometry":{"type":"Point","coordinates":[-90.525,29.41]}},{"type":"Feature","properties":{"n":290},"geometry":{"type":"Point","coordinates":[-89.49,29.27]}},{"type":"Feature","properties":{"n":88},"geometry":{"type":"Point","coordinates":[-91.855,29.4]}},{"type":"Feature","properties":{"n":88},"geometry":{"type":"Point","coordinates":[-91.93,29.505]}},{"type":"Feature","properties":{"n":28},"geometry":{"type":"Point","coordinates":[-89.97,29.46]}},{"type":"Feature","properties":{"n":19},"geometry":{"type":"Point","coordinates":[-89.41,29.87]}},{"type":"Feature","properties":{"n":393},"geometry":{"type":"Point","coordinates":[-90.665,29.23]}},{"type":"Feature","properties":{"n":127},"geometry":{"type":"Point","coordinates":[-90.535,29.355]}},{"type":"Feature","properties":{"n":294},"geometry":{"type":"Point","coordinates":[-76.04,38.575]}},{"type":"Feature","properties":{"n":79},"geometry":{"type":"Point","coordinates":[-89.415,30.045]}},{"type":"Feature","properties":{"n":1948},"geometry":{"type":"Point","coordinates":[-75.855,38.245]}},{"type":"Feature","properties":{"n":1},"geometry":{"type":"Point","coordinates":[-90.665,29.145]}},{"type":"Feature","properties":{"n":1},"geometry":{"type":"Point","coordinates":[-89.395,29.975]}},{"type":"Feature","properties":{"n":59},"geometry":{"type":"Point","coordinates":[-89.485,29.765]}},{"type":"Feature","properties":{"n":21},"geometry":{"type":"Point","coordinates":[-91.92,29.485]}},{"type":"Feature","properties":{"n":6},"geometry":{"type":"Point","coordinates":[-97.075,28.15]}},{"type":"Feature","properties":{"n":116},"geometry":{"type":"Point","coordinates":[-90.975,29.28]}},{"type":"Feature","properties":{"n":30},"geometry":{"type":"Point","coordinates":[-90.86,29.23]}},{"type":"Feature","properties":{"n":550},"geometry":{"type":"Point","coordinates":[-94.84,29.49]}},{"type":"Feature","properties":{"n":12},"geometry":{"type":"Point","coordinates":[-89.96,29.44]}},{"type":"Feature","properties":{"n":6},"geometry":{"type":"Point","coordinates":[-89.53,29.27]}},{"type":"Feature","properties":{"n":346},"geometry":{"type":"Point","coordinates":[-94.875,29.49]}},{"type":"Feature","properties":{"n":20},"geometry":{"type":"Point","coordinates":[-90.595,29.37]}},{"type":"Feature","properties":{"n":274},"geometry":{"type":"Point","coordinates":[-94.865,29.51]}},{"type":"Feature","properties":{"n":5},"geometry":{"type":"Point","coordinates":[-89.42,29.82]}},{"type":"Feature","properties":{"n":322},"geometry":{"type":"Point","coordinates":[-90.435,29.395]}},{"type":"Feature","properties":{"n":270},"geometry":{"type":"Point","coordinates":[-89.605,29.38]}},{"type":"Feature","properties":{"n":350},"geometry":{"type":"Point","coordinates":[-94.79,29.5]}},{"type":"Feature","properties":{"n":507},"geometry":{"type":"Point","coordinates":[-90.305,29.375]}},{"type":"Feature","properties":{"n":1},"geometry":{"type":"Point","coordinates":[-90.835,29.215]}},{"type":"Feature","properties":{"n":45},"geometry":{"type":"Point","coordinates":[-89.76,29.5]}},{"type":"Feature","properties":{"n":101},"geometry":{"type":"Point","coordinates":[-89.89,29.47]}},{"type":"Feature","properties":{"n":315},"geometry":{"type":"Point","coordinates":[-89.355,29.98]}},{"type":"Feature","properties":{"n":10},"geometry":{"type":"Point","coordinates":[-89.525,29.71]}},{"type":"Feature","properties":{"n":41},"geometry":{"type":"Point","coordinates":[-90.025,29.475]}},{"type":"Feature","properties":{"n":41},"geometry":{"type":"Point","coordinates":[-91.125,29.265]}},{"type":"Feature","properties":{"n":154},"geometry":{"type":"Point","coordinates":[-92.06,29.585]}},{"type":"Feature","properties":{"n":577},"geometry":{"type":"Point","coordinates":[-94.825,29.515]}},{"type":"Feature","properties":{"n":4},"geometry":{"type":"Point","coordinates":[-90.54,29.315]}},{"type":"Feature","properties":{"n":53},"geometry":{"type":"Point","coordinates":[-90.865,29.245]}},{"type":"Feature","properties":{"n":5},"geometry":{"type":"Point","coordinates":[-89.935,29.425]}},{"type":"Feature","properties":{"n":33},"geometry":{"type":"Point","coordinates":[-90.84,29.18]}},{"type":"Feature","properties":{"n":695},"geometry":{"type":"Point","coordinates":[-90.745,29.19]}},{"type":"Feature","properties":{"n":691},"geometry":{"type":"Point","coordinates":[-76.095,38.245]}},{"type":"Feature","properties":{"n":360},"geometry":{"type":"Point","coordinates":[-97.105,28.14]}},{"type":"Feature","properties":{"n":357},"geometry":{"type":"Point","coordinates":[-89.64,29.385]}},{"type":"Feature","properties":{"n":75},"geometry":{"type":"Point","coordinates":[-90.5,29.365]}},{"type":"Feature","properties":{"n":478},"geometry":{"type":"Point","coordinates":[-94.735,29.52]}},{"type":"Feature","properties":{"n":94},"geometry":{"type":"Point","coordinates":[-90.32,29.365]}},{"type":"Feature","properties":{"n":491},"geometry":{"type":"Point","coordinates":[-91.93,29.485]}},{"type":"Feature","properties":{"n":18},"geometry":{"type":"Point","coordinates":[-90.62,29.245]}},{"type":"Feature","properties":{"n":34},"geometry":{"type":"Point","coordinates":[-89.61,29.82]}},{"type":"Feature","properties":{"n":2},"geometry":{"type":"Point","coordinates":[-90.055,29.465]}},{"type":"Feature","properties":{"n":244},"geometry":{"type":"Point","coordinates":[-89.525,29.315]}},{"type":"Feature","properties":{"n":272},"geometry":{"type":"Point","coordinates":[-89.44,29.785]}},{"type":"Feature","properties":{"n":240},"geometry":{"type":"Point","coordinates":[-91.93,29.475]}},{"type":"Feature","properties":{"n":11},"geometry":{"type":"Point","coordinates":[-96.735,28.375]}},{"type":"Feature","properties":{"n":5},"geometry":{"type":"Point","coordinates":[-90.515,29.4]}},{"type":"Feature","properties":{"n":21},"geometry":{"type":"Point","coordinates":[-90.715,29.265]}},{"type":"Feature","properties":{"n":368},"geometry":{"type":"Point","coordinates":[-89.445,29.775]}},{"type":"Feature","properties":{"n":135},"geometry":{"type":"Point","coordinates":[-89.53,29.73]}},{"type":"Feature","properties":{"n":3},"geometry":{"type":"Point","coordinates":[-90.64,29.23]}},{"type":"Feature","properties":{"n":2},"geometry":{"type":"Point","coordinates":[-90.98,29.235]}},{"type":"Feature","properties":{"n":14},"geometry":{"type":"Point","coordinates":[-89.545,29.845]}},{"type":"Feature","properties":{"n":151},"geometry":{"type":"Point","coordinates":[-90.87,29.12]}},{"type":"Feature","properties":{"n":16},"geometry":{"type":"Point","coordinates":[-90.845,29.265]}},{"type":"Feature","properties":{"n":204},"geometry":{"type":"Point","coordinates":[-90.54,29.325]}},{"type":"Feature","properties":{"n":41},"geometry":{"type":"Point","coordinates":[-91.86,29.48]}},{"type":"Feature","properties":{"n":1},"geometry":{"type":"Point","coordinates":[-89.565,29.72]}},{"type":"Feature","properties":{"n":568},"geometry":{"type":"Point","coordinates":[-90.7,29.265]}},{"type":"Feature","properties":{"n":16},"geometry":{"type":"Point","coordinates":[-90.54,29.28]}},{"type":"Feature","properties":{"n":20},"geometry":{"type":"Point","coordinates":[-90.59,29.365]}},{"type":"Feature","properties":{"n":54},"geometry":{"type":"Point","coordinates":[-90.74,29.215]}},{"type":"Feature","properties":{"n":76},"geometry":{"type":"Point","coordinates":[-89.79,29.415]}},{"type":"Feature","properties":{"n":1},"geometry":{"type":"Point","coordinates":[-90.425,29.255]}},{"type":"Feature","properties":{"n":35},"geometry":{"type":"Point","coordinates":[-90.675,29.13]}},{"type":"Feature","properties":{"n":71},"geometry":{"type":"Point","coordinates":[-89.595,29.355]}},{"type":"Feature","properties":{"n":57},"geometry":{"type":"Point","coordinates":[-89.575,29.67]}},{"type":"Feature","properties":{"n":273},"geometry":{"type":"Point","coordinates":[-89.51,29.255]}},{"type":"Feature","properties":{"n":77},"geometry":{"type":"Point","coordinates":[-90.765,29.18]}},{"type":"Feature","properties":{"n":345},"geometry":{"type":"Point","coordinates":[-89.29,29.98]}},{"type":"Feature","properties":{"n":255},"geometry":{"type":"Point","coordinates":[-89.31,29.995]}},{"type":"Feature","properties":{"n":73},"geometry":{"type":"Point","coordinates":[-91.855,29.475]}},{"type":"Feature","properties":{"n":276},"geometry":{"type":"Point","coordinates":[-89.735,29.46]}},{"type":"Feature","properties":{"n":736},"geometry":{"type":"Point","coordinates":[-76.105,38.25]}},{"type":"Feature","properties":{"n":318},"geometry":{"type":"Point","coordinates":[-90.835,29.13]}},{"type":"Feature","properties":{"n":33},"geometry":{"type":"Point","coordinates":[-90.6,29.28]}},{"type":"Feature","properties":{"n":13},"geometry":{"type":"Point","coordinates":[-97.005,28.08]}},{"type":"Feature","properties":{"n":87},"geometry":{"type":"Point","coordinates":[-90.71,29.305]}},{"type":"Feature","properties":{"n":117},"geometry":{"type":"Point","coordinates":[-89.615,29.925]}},{"type":"Feature","properties":{"n":2323},"geometry":{"type":"Point","coordinates":[-75.935,38.295]}},{"type":"Feature","properties":{"n":22},"geometry":{"type":"Point","coordinates":[-90.555,29.29]}},{"type":"Feature","properties":{"n":1090},"geometry":{"type":"Point","coordinates":[-76.07,38.235]}},{"type":"Feature","properties":{"n":119},"geometry":{"type":"Point","coordinates":[-89.625,29.31]}},{"type":"Feature","properties":{"n":77},"geometry":{"type":"Point","coordinates":[-89.505,29.29]}},{"type":"Feature","properties":{"n":108},"geometry":{"type":"Point","coordinates":[-89.49,29.295]}},{"type":"Feature","properties":{"n":83},"geometry":{"type":"Point","coordinates":[-89.86,29.445]}},{"type":"Feature","properties":{"n":332},"geometry":{"type":"Point","coordinates":[-89.55,29.74]}},{"type":"Feature","properties":{"n":148},"geometry":{"type":"Point","coordinates":[-91.915,29.505]}},{"type":"Feature","properties":{"n":281},"geometry":{"type":"Point","coordinates":[-94.715,29.46]}},{"type":"Feature","properties":{"n":1},"geometry":{"type":"Point","coordinates":[-90.595,29.225]}},{"type":"Feature","properties":{"n":415},"geometry":{"type":"Point","coordinates":[-90.445,29.41]}},{"type":"Feature","properties":{"n":71},"geometry":{"type":"Point","coordinates":[-90.285,29.28]}},{"type":"Feature","properties":{"n":208},"geometry":{"type":"Point","coordinates":[-91.83,29.44]}},{"type":"Feature","properties":{"n":373},"geometry":{"type":"Point","coordinates":[-89.735,29.315]}},{"type":"Feature","properties":{"n":8},"geometry":{"type":"Point","coordinates":[-90.565,29.42]}},{"type":"Feature","properties":{"n":135},"geometry":{"type":"Point","coordinates":[-89.42,29.96]}},{"type":"Feature","properties":{"n":25},"geometry":{"type":"Point","coordinates":[-89.665,29.4]}},{"type":"Feature","properties":{"n":511},"geometry":{"type":"Point","coordinates":[-90.245,29.295]}},{"type":"Feature","properties":{"n":248},"geometry":{"type":"Point","coordinates":[-90.71,29.14]}},{"type":"Feature","properties":{"n":7},"geometry":{"type":"Point","coordinates":[-89.815,30.04]}},{"type":"Feature","properties":{"n":158},"geometry":{"type":"Point","coordinates":[-89.76,29.345]}},{"type":"Feature","properties":{"n":23},"geometry":{"type":"Point","coordinates":[-91.975,29.51]}},{"type":"Feature","properties":{"n":125},"geometry":{"type":"Point","coordinates":[-89.52,29.235]}},{"type":"Feature","properties":{"n":9},"geometry":{"type":"Point","coordinates":[-90.83,29.265]}},{"type":"Feature","properties":{"n":457},"geometry":{"type":"Point","coordinates":[-89.655,29.405]}},{"type":"Feature","properties":{"n":45},"geometry":{"type":"Point","coordinates":[-89.925,29.44]}},{"type":"Feature","properties":{"n":477},"geometry":{"type":"Point","coordinates":[-90.83,29.195]}},{"type":"Feature","properties":{"n":1068},"geometry":{"type":"Point","coordinates":[-76.075,38.23]}},{"type":"Feature","properties":{"n":54},"geometry":{"type":"Point","coordinates":[-96.62,28.29]}},{"type":"Feature","properties":{"n":59},"geometry":{"type":"Point","coordinates":[-91.85,29.45]}},{"type":"Feature","properties":{"n":34},"geometry":{"type":"Point","coordinates":[-90.25,29.255]}},{"type":"Feature","properties":{"n":278},"geometry":{"type":"Point","coordinates":[-90.155,29.37]}},{"type":"Feature","properties":{"n":487},"geometry":{"type":"Point","coordinates":[-92.095,29.58]}},{"type":"Feature","properties":{"n":1},"geometry":{"type":"Point","coordinates":[-90.845,29.14]}},{"type":"Feature","properties":{"n":421},"geometry":{"type":"Point","coordinates":[-89.575,29.74]}},{"type":"Feature","properties":{"n":226},"geometry":{"type":"Point","coordinates":[-89.31,29.99]}},{"type":"Feature","properties":{"n":96},"geometry":{"type":"Point","coordinates":[-90.735,29.155]}},{"type":"Feature","properties":{"n":136},"geometry":{"type":"Point","coordinates":[-91.94,29.495]}},{"type":"Feature","properties":{"n":28},"geometry":{"type":"Point","coordinates":[-89.41,29.86]}},{"type":"Feature","properties":{"n":188},"geometry":{"type":"Point","coordinates":[-89.27,29.95]}},{"type":"Feature","properties":{"n":428},"geometry":{"type":"Point","coordinates":[-89.56,29.345]}},{"type":"Feature","properties":{"n":284},"geometry":{"type":"Point","coordinates":[-90.605,29.27]}},{"type":"Feature","properties":{"n":149},"geometry":{"type":"Point","coordinates":[-91.905,29.475]}},{"type":"Feature","properties":{"n":244},"geometry":{"type":"Point","coordinates":[-89.47,29.265]}},{"type":"Feature","properties":{"n":235},"geometry":{"type":"Point","coordinates":[-89.72,29.405]}},{"type":"Feature","properties":{"n":54},"geometry":{"type":"Point","coordinates":[-90.815,29.21]}},{"type":"Feature","properties":{"n":151},"geometry":{"type":"Point","coordinates":[-90.78,29.225]}},{"type":"Feature","properties":{"n":20},"geometry":{"type":"Point","coordinates":[-90.66,29.265]}},{"type":"Feature","properties":{"n":436},"geometry":{"type":"Point","coordinates":[-89.705,29.33]}},{"type":"Feature","properties":{"n":290},"geometry":{"type":"Point","coordinates":[-90.625,29.3]}},{"type":"Feature","properties":{"n":375},"geometry":{"type":"Point","coordinates":[-90.715,29.2]}},{"type":"Feature","properties":{"n":483},"geometry":{"type":"Point","coordinates":[-89.67,29.345]}},{"type":"Feature","properties":{"n":126},"geometry":{"type":"Point","coordinates":[-89.76,29.33]}},{"type":"Feature","properties":{"n":1},"geometry":{"type":"Point","coordinates":[-96.635,28.31]}},{"type":"Feature","properties":{"n":96},"geometry":{"type":"Point","coordinates":[-90.605,29.285]}},{"type":"Feature","properties":{"n":52},"geometry":{"type":"Point","coordinates":[-90.49,29.28]}},{"type":"Feature","properties":{"n":57},"geometry":{"type":"Point","coordinates":[-94.805,29.535]}},{"type":"Feature","properties":{"n":228},"geometry":{"type":"Point","coordinates":[-89.775,29.415]}},{"type":"Feature","properties":{"n":66},"geometry":{"type":"Point","coordinates":[-90.575,29.355]}},{"type":"Feature","properties":{"n":57},"geometry":{"type":"Point","coordinates":[-89.47,29.825]}},{"type":"Feature","properties":{"n":366},"geometry":{"type":"Point","coordinates":[-91.92,29.49]}},{"type":"Feature","properties":{"n":292},"geometry":{"type":"Point","coordinates":[-89.525,29.73]}},{"type":"Feature","properties":{"n":3},"geometry":{"type":"Point","coordinates":[-89.67,29.305]}},{"type":"Feature","properties":{"n":145},"geometry":{"type":"Point","coordinates":[-89.495,29.28]}},{"type":"Feature","properties":{"n":2},"geometry":{"type":"Point","coordinates":[-89.58,29.715]}},{"type":"Feature","properties":{"n":943},"geometry":{"type":"Point","coordinates":[-89.305,29.95]}},{"type":"Feature","properties":{"n":164},"geometry":{"type":"Point","coordinates":[-89.935,29.44]}},{"type":"Feature","properties":{"n":3},"geometry":{"type":"Point","coordinates":[-90.635,29.295]}},{"type":"Feature","properties":{"n":455},"geometry":{"type":"Point","coordinates":[-89.57,29.29]}},{"type":"Feature","properties":{"n":144},"geometry":{"type":"Point","coordinates":[-92.025,29.55]}},{"type":"Feature","properties":{"n":28},"geometry":{"type":"Point","coordinates":[-89.345,29.86]}},{"type":"Feature","properties":{"n":22},"geometry":{"type":"Point","coordinates":[-90.515,29.23]}},{"type":"Feature","properties":{"n":677},"geometry":{"type":"Point","coordinates":[-89.55,29.33]}},{"type":"Feature","properties":{"n":10},"geometry":{"type":"Point","coordinates":[-97.0,28.12]}},{"type":"Feature","properties":{"n":339},"geometry":{"type":"Point","coordinates":[-89.545,29.69]}},{"type":"Feature","properties":{"n":19},"geometry":{"type":"Point","coordinates":[-89.535,29.73]}},{"type":"Feature","properties":{"n":172},"geometry":{"type":"Point","coordinates":[-90.77,29.22]}},{"type":"Feature","properties":{"n":21},"geometry":{"type":"Point","coordinates":[-90.615,29.205]}},{"type":"Feature","properties":{"n":420},"geometry":{"type":"Point","coordinates":[-90.705,29.21]}},{"type":"Feature","properties":{"n":17},"geometry":{"type":"Point","coordinates":[-76.14,38.73]}},{"type":"Feature","properties":{"n":445},"geometry":{"type":"Point","coordinates":[-90.75,29.23]}},{"type":"Feature","properties":{"n":18},"geometry":{"type":"Point","coordinates":[-90.95,29.22]}},{"type":"Feature","properties":{"n":50},"geometry":{"type":"Point","coordinates":[-89.395,29.83]}},{"type":"Feature","properties":{"n":713},"geometry":{"type":"Point","coordinates":[-89.575,29.295]}},{"type":"Feature","properties":{"n":87},"geometry":{"type":"Point","coordinates":[-90.65,29.365]}},{"type":"Feature","properties":{"n":139},"geometry":{"type":"Point","coordinates":[-90.615,29.255]}},{"type":"Feature","properties":{"n":309},"geometry":{"type":"Point","coordinates":[-89.615,29.31]}},{"type":"Feature","properties":{"n":3},"geometry":{"type":"Point","coordinates":[-89.48,29.26]}},{"type":"Feature","properties":{"n":103},"geometry":{"type":"Point","coordinates":[-90.945,29.265]}},{"type":"Feature","properties":{"n":48},"geometry":{"type":"Point","coordinates":[-89.32,29.89]}},{"type":"Feature","properties":{"n":995},"geometry":{"type":"Point","coordinates":[-89.605,29.34]}},{"type":"Feature","properties":{"n":10},"geometry":{"type":"Point","coordinates":[-89.335,29.815]}},{"type":"Feature","properties":{"n":137},"geometry":{"type":"Point","coordinates":[-89.625,29.725]}},{"type":"Feature","properties":{"n":397},"geometry":{"type":"Point","coordinates":[-94.845,29.485]}},{"type":"Feature","properties":{"n":41},"geometry":{"type":"Point","coordinates":[-89.53,29.24]}},{"type":"Feature","properties":{"n":448},"geometry":{"type":"Point","coordinates":[-94.76,29.485]}},{"type":"Feature","properties":{"n":4},"geometry":{"type":"Point","coordinates":[-89.375,29.805]}},{"type":"Feature","properties":{"n":7},"geometry":{"type":"Point","coordinates":[-94.865,29.495]}},{"type":"Feature","properties":{"n":27},"geometry":{"type":"Point","coordinates":[-90.63,29.24]}},{"type":"Feature","properties":{"n":63},"geometry":{"type":"Point","coordinates":[-90.635,29.305]}},{"type":"Feature","properties":{"n":157},"geometry":{"type":"Point","coordinates":[-90.125,29.34]}},{"type":"Feature","properties":{"n":61},"geometry":{"type":"Point","coordinates":[-90.555,29.4]}},{"type":"Feature","properties":{"n":27},"geometry":{"type":"Point","coordinates":[-91.9,29.47]}},{"type":"Feature","properties":{"n":32},"geometry":{"type":"Point","coordinates":[-89.755,29.33]}},{"type":"Feature","properties":{"n":8},"geometry":{"type":"Point","coordinates":[-89.35,29.895]}},{"type":"Feature","properties":{"n":4},"geometry":{"type":"Point","coordinates":[-90.82,29.185]}},{"type":"Feature","properties":{"n":308},"geometry":{"type":"Point","coordinates":[-90.44,29.385]}},{"type":"Feature","properties":{"n":310},"geometry":{"type":"Point","coordinates":[-90.6,29.34]}},{"type":"Feature","properties":{"n":1220},"geometry":{"type":"Point","coordinates":[-94.695,29.535]}},{"type":"Feature","properties":{"n":66},"geometry":{"type":"Point","coordinates":[-90.52,29.36]}},{"type":"Feature","properties":{"n":106},"geometry":{"type":"Point","coordinates":[-90.805,29.165]}},{"type":"Feature","properties":{"n":100},"geometry":{"type":"Point","coordinates":[-89.225,29.975]}},{"type":"Feature","properties":{"n":98},"geometry":{"type":"Point","coordinates":[-89.935,29.43]}},{"type":"Feature","properties":{"n":19},"geometry":{"type":"Point","coordinates":[-96.62,28.295]}},{"type":"Feature","properties":{"n":197},"geometry":{"type":"Point","coordinates":[-89.53,29.285]}},{"type":"Feature","properties":{"n":16},"geometry":{"type":"Point","coordinates":[-91.06,29.21]}},{"type":"Feature","properties":{"n":8},"geometry":{"type":"Point","coordinates":[-90.785,29.2]}},{"type":"Feature","properties":{"n":351},"geometry":{"type":"Point","coordinates":[-89.505,29.795]}},{"type":"Feature","properties":{"n":184},"geometry":{"type":"Point","coordinates":[-75.885,38.225]}},{"type":"Feature","properties":{"n":384},"geometry":{"type":"Point","coordinates":[-91.94,29.52]}},{"type":"Feature","properties":{"n":7},"geometry":{"type":"Point","coordinates":[-89.83,29.47]}},{"type":"Feature","properties":{"n":62},"geometry":{"type":"Point","coordinates":[-90.53,29.41]}},{"type":"Feature","properties":{"n":433},"geometry":{"type":"Point","coordinates":[-90.29,29.28]}},{"type":"Feature","properties":{"n":86},"geometry":{"type":"Point","coordinates":[-89.375,29.905]}},{"type":"Feature","properties":{"n":520},"geometry":{"type":"Point","coordinates":[-94.815,29.515]}},{"type":"Feature","properties":{"n":233},"geometry":{"type":"Point","coordinates":[-89.58,29.365]}},{"type":"Feature","properties":{"n":48},"geometry":{"type":"Point","coordinates":[-90.655,29.23]}},{"type":"Feature","properties":{"n":156},"geometry":{"type":"Point","coordinates":[-89.62,29.535]}},{"type":"Feature","properties":{"n":141},"geometry":{"type":"Point","coordinates":[-94.9,29.51]}},{"type":"Feature","properties":{"n":2665},"geometry":{"type":"Point","coordinates":[-90.545,29.385]}},{"type":"Feature","properties":{"n":51},"geometry":{"type":"Point","coordinates":[-89.235,30.13]}},{"type":"Feature","properties":{"n":105},"geometry":{"type":"Point","coordinates":[-90.785,29.215]}},{"type":"Feature","properties":{"n":45},"geometry":{"type":"Point","coordinates":[-90.62,29.205]}},{"type":"Feature","properties":{"n":130},"geometry":{"type":"Point","coordinates":[-89.495,29.3]}},{"type":"Feature","properties":{"n":85},"geometry":{"type":"Point","coordinates":[-91.84,29.445]}},{"type":"Feature","properties":{"n":27},"geometry":{"type":"Point","coordinates":[-90.635,29.225]}},{"type":"Feature","properties":{"n":206},"geometry":{"type":"Point","coordinates":[-75.925,38.32]}},{"type":"Feature","properties":{"n":133},"geometry":{"type":"Point","coordinates":[-94.8,29.485]}},{"type":"Feature","properties":{"n":488},"geometry":{"type":"Point","coordinates":[-89.69,29.42]}},{"type":"Feature","properties":{"n":1},"geometry":{"type":"Point","coordinates":[-89.53,29.725]}},{"type":"Feature","properties":{"n":15},"geometry":{"type":"Point","coordinates":[-90.965,29.3]}},{"type":"Feature","properties":{"n":442},"geometry":{"type":"Point","coordinates":[-89.725,29.355]}},{"type":"Feature","properties":{"n":145},"geometry":{"type":"Point","coordinates":[-90.63,29.305]}},{"type":"Feature","properties":{"n":18},"geometry":{"type":"Point","coordinates":[-90.97,29.25]}},{"type":"Feature","properties":{"n":199},"geometry":{"type":"Point","coordinates":[-89.265,30.04]}},{"type":"Feature","properties":{"n":1551},"geometry":{"type":"Point","coordinates":[-75.83,38.255]}},{"type":"Feature","properties":{"n":68},"geometry":{"type":"Point","coordinates":[-97.085,28.14]}},{"type":"Feature","properties":{"n":545},"geometry":{"type":"Point","coordinates":[-89.325,29.865]}},{"type":"Feature","properties":{"n":66},"geometry":{"type":"Point","coordinates":[-90.645,29.22]}},{"type":"Feature","properties":{"n":877},"geometry":{"type":"Point","coordinates":[-90.865,29.2]}},{"type":"Feature","properties":{"n":25},"geometry":{"type":"Point","coordinates":[-90.69,29.265]}},{"type":"Feature","properties":{"n":168},"geometry":{"type":"Point","coordinates":[-89.58,30.005]}},{"type":"Feature","properties":{"n":417},"geometry":{"type":"Point","coordinates":[-92.05,29.585]}},{"type":"Feature","properties":{"n":49},"geometry":{"type":"Point","coordinates":[-90.4,29.325]}},{"type":"Feature","properties":{"n":78},"geometry":{"type":"Point","coordinates":[-90.81,29.235]}},{"type":"Feature","properties":{"n":124},"geometry":{"type":"Point","coordinates":[-89.53,29.34]}},{"type":"Feature","properties":{"n":67},"geometry":{"type":"Point","coordinates":[-92.035,29.53]}},{"type":"Feature","properties":{"n":487},"geometry":{"type":"Point","coordinates":[-96.725,28.315]}},{"type":"Feature","properties":{"n":155},"geometry":{"type":"Point","coordinates":[-89.6,29.71]}},{"type":"Feature","properties":{"n":27},"geometry":{"type":"Point","coordinates":[-90.55,29.225]}},{"type":"Feature","properties":{"n":25},"geometry":{"type":"Point","coordinates":[-91.0,29.175]}},{"type":"Feature","properties":{"n":101},"geometry":{"type":"Point","coordinates":[-89.365,29.82]}},{"type":"Feature","properties":{"n":151},"geometry":{"type":"Point","coordinates":[-89.965,29.445]}},{"type":"Feature","properties":{"n":605},"geometry":{"type":"Point","coordinates":[-89.535,29.735]}},{"type":"Feature","properties":{"n":428},"geometry":{"type":"Point","coordinates":[-90.31,29.385]}},{"type":"Feature","properties":{"n":321},"geometry":{"type":"Point","coordinates":[-89.375,29.85]}},{"type":"Feature","properties":{"n":106},"geometry":{"type":"Point","coordinates":[-89.6,29.345]}},{"type":"Feature","properties":{"n":25},"geometry":{"type":"Point","coordinates":[-94.87,29.45]}},{"type":"Feature","properties":{"n":286},"geometry":{"type":"Point","coordinates":[-89.305,29.86]}},{"type":"Feature","properties":{"n":549},"geometry":{"type":"Point","coordinates":[-90.44,29.375]}},{"type":"Feature","properties":{"n":226},"geometry":{"type":"Point","coordinates":[-89.42,29.815]}},{"type":"Feature","properties":{"n":10},"geometry":{"type":"Point","coordinates":[-89.695,29.45]}},{"type":"Feature","properties":{"n":131},"geometry":{"type":"Point","coordinates":[-90.83,29.19]}},{"type":"Feature","properties":{"n":72},"geometry":{"type":"Point","coordinates":[-96.99,28.08]}},{"type":"Feature","properties":{"n":6},"geometry":{"type":"Point","coordinates":[-89.74,29.34]}},{"type":"Feature","properties":{"n":234},"geometry":{"type":"Point","coordinates":[-90.785,29.205]}},{"type":"Feature","properties":{"n":380},"geometry":{"type":"Point","coordinates":[-89.585,29.345]}},{"type":"Feature","properties":{"n":137},"geometry":{"type":"Point","coordinates":[-92.005,29.55]}},{"type":"Feature","properties":{"n":1057},"geometry":{"type":"Point","coordinates":[-89.6,29.32]}},{"type":"Feature","properties":{"n":82},"geometry":{"type":"Point","coordinates":[-91.875,29.5]}},{"type":"Feature","properties":{"n":191},"geometry":{"type":"Point","coordinates":[-89.365,29.89]}},{"type":"Feature","properties":{"n":276},"geometry":{"type":"Point","coordinates":[-75.915,38.255]}},{"type":"Feature","properties":{"n":45},"geometry":{"type":"Point","coordinates":[-90.535,29.38]}},{"type":"Feature","properties":{"n":170},"geometry":{"type":"Point","coordinates":[-90.75,29.24]}},{"type":"Feature","properties":{"n":74},"geometry":{"type":"Point","coordinates":[-90.855,29.26]}},{"type":"Feature","properties":{"n":73},"geometry":{"type":"Point","coordinates":[-90.705,29.14]}},{"type":"Feature","properties":{"n":318},"geometry":{"type":"Point","coordinates":[-90.855,29.25]}},{"type":"Feature","properties":{"n":20},"geometry":{"type":"Point","coordinates":[-90.43,29.325]}},{"type":"Feature","properties":{"n":846},"geometry":{"type":"Point","coordinates":[-89.555,29.285]}},{"type":"Feature","properties":{"n":6},"geometry":{"type":"Point","coordinates":[-90.495,29.415]}},{"type":"Feature","properties":{"n":30},"geometry":{"type":"Point","coordinates":[-90.55,29.22]}},{"type":"Feature","properties":{"n":520},"geometry":{"type":"Point","coordinates":[-89.68,29.36]}},{"type":"Feature","properties":{"n":83},"geometry":{"type":"Point","coordinates":[-90.775,29.13]}},{"type":"Feature","properties":{"n":20},"geometry":{"type":"Point","coordinates":[-90.555,29.285]}},{"type":"Feature","properties":{"n":69},"geometry":{"type":"Point","coordinates":[-90.85,29.275]}},{"type":"Feature","properties":{"n":528},"geometry":{"type":"Point","coordinates":[-90.235,29.285]}},{"type":"Feature","properties":{"n":56},"geometry":{"type":"Point","coordinates":[-89.74,29.32]}},{"type":"Feature","properties":{"n":541},"geometry":{"type":"Point","coordinates":[-90.61,29.325]}},{"type":"Feature","properties":{"n":20},"geometry":{"type":"Point","coordinates":[-90.875,29.225]}},{"type":"Feature","properties":{"n":40},"geometry":{"type":"Point","coordinates":[-89.73,29.365]}},{"type":"Feature","properties":{"n":1},"geometry":{"type":"Point","coordinates":[-91.01,29.195]}},{"type":"Feature","properties":{"n":7},"geometry":{"type":"Point","coordinates":[-90.81,29.15]}},{"type":"Feature","properties":{"n":211},"geometry":{"type":"Point","coordinates":[-89.51,29.275]}},{"type":"Feature","properties":{"n":116},"geometry":{"type":"Point","coordinates":[-89.63,29.93]}},{"type":"Feature","properties":{"n":7},"geometry":{"type":"Point","coordinates":[-90.85,29.15]}},{"type":"Feature","properties":{"n":296},"geometry":{"type":"Point","coordinates":[-89.51,29.805]}},{"type":"Feature","properties":{"n":177},"geometry":{"type":"Point","coordinates":[-96.705,28.245]}},{"type":"Feature","properties":{"n":94},"geometry":{"type":"Point","coordinates":[-89.65,29.37]}},{"type":"Feature","properties":{"n":139},"geometry":{"type":"Point","coordinates":[-94.88,29.475]}},{"type":"Feature","properties":{"n":263},"geometry":{"type":"Point","coordinates":[-89.265,30.01]}},{"type":"Feature","properties":{"n":27},"geometry":{"type":"Point","coordinates":[-90.775,29.14]}},{"type":"Feature","properties":{"n":218},"geometry":{"type":"Point","coordinates":[-89.625,29.315]}},{"type":"Feature","properties":{"n":58},"geometry":{"type":"Point","coordinates":[-90.12,29.355]}},{"type":"Feature","properties":{"n":2},"geometry":{"type":"Point","coordinates":[-90.33,29.395]}},{"type":"Feature","properties":{"n":218},"geometry":{"type":"Point","coordinates":[-89.52,29.29]}},{"type":"Feature","properties":{"n":234},"geometry":{"type":"Point","coordinates":[-89.26,30.03]}},{"type":"Feature","properties":{"n":109},"geometry":{"type":"Point","coordinates":[-94.785,29.505]}},{"type":"Feature","properties":{"n":5},"geometry":{"type":"Point","coordinates":[-90.55,29.35]}},{"type":"Feature","properties":{"n":55},"geometry":{"type":"Point","coordinates":[-89.42,29.99]}},{"type":"Feature","properties":{"n":903},"geometry":{"type":"Point","coordinates":[-89.59,29.29]}},{"type":"Feature","properties":{"n":608},"geometry":{"type":"Point","coordinates":[-89.625,29.36]}},{"type":"Feature","properties":{"n":1},"geometry":{"type":"Point","coordinates":[-90.78,29.26]}},{"type":"Feature","properties":{"n":614},"geometry":{"type":"Point","coordinates":[-89.56,29.695]}},{"type":"Feature","properties":{"n":395},"geometry":{"type":"Point","coordinates":[-89.38,29.81]}},{"type":"Feature","properties":{"n":8},"geometry":{"type":"Point","coordinates":[-90.65,29.245]}},{"type":"Feature","properties":{"n":589},"geometry":{"type":"Point","coordinates":[-94.72,29.475]}},{"type":"Feature","properties":{"n":63},"geometry":{"type":"Point","coordinates":[-90.785,29.165]}},{"type":"Feature","properties":{"n":44},"geometry":{"type":"Point","coordinates":[-91.845,29.405]}},{"type":"Feature","properties":{"n":15},"geometry":{"type":"Point","coordinates":[-89.675,29.335]}},{"type":"Feature","properties":{"n":544},"geometry":{"type":"Point","coordinates":[-90.705,29.195]}},{"type":"Feature","properties":{"n":869},"geometry":{"type":"Point","coordinates":[-89.87,29.44]}},{"type":"Feature","properties":{"n":107},"geometry":{"type":"Point","coordinates":[-94.895,29.485]}},{"type":"Feature","properties":{"n":194},"geometry":{"type":"Point","coordinates":[-89.235,30.0]}},{"type":"Feature","properties":{"n":83},"geometry":{"type":"Point","coordinates":[-90.42,29.365]}},{"type":"Feature","properties":{"n":15},"geometry":{"type":"Point","coordinates":[-89.445,29.72]}},{"type":"Feature","properties":{"n":783},"geometry":{"type":"Point","coordinates":[-94.715,29.53]}},{"type":"Feature","properties":{"n":158},"geometry":{"type":"Point","coordinates":[-90.82,29.115]}},{"type":"Feature","properties":{"n":356},"geometry":{"type":"Point","coordinates":[-89.395,29.825]}},{"type":"Feature","properties":{"n":146},"geometry":{"type":"Point","coordinates":[-89.685,29.46]}},{"type":"Feature","properties":{"n":638},"geometry":{"type":"Point","coordinates":[-90.545,29.375]}},{"type":"Feature","properties":{"n":114},"geometry":{"type":"Point","coordinates":[-89.325,29.915]}},{"type":"Feature","properties":{"n":68},"geometry":{"type":"Point","coordinates":[-90.56,29.385]}},{"type":"Feature","properties":{"n":4},"geometry":{"type":"Point","coordinates":[-90.205,29.305]}},{"type":"Feature","properties":{"n":265},"geometry":{"type":"Point","coordinates":[-89.59,29.305]}},{"type":"Feature","properties":{"n":3},"geometry":{"type":"Point","coordinates":[-90.59,29.215]}},{"type":"Feature","properties":{"n":130},"geometry":{"type":"Point","coordinates":[-91.825,29.455]}},{"type":"Feature","properties":{"n":169},"geometry":{"type":"Point","coordinates":[-90.615,29.285]}},{"type":"Feature","properties":{"n":248},"geometry":{"type":"Point","coordinates":[-89.59,29.345]}},{"type":"Feature","properties":{"n":93},"geometry":{"type":"Point","coordinates":[-89.395,29.795]}},{"type":"Feature","properties":{"n":234},"geometry":{"type":"Point","coordinates":[-89.715,29.42]}},{"type":"Feature","properties":{"n":59},"geometry":{"type":"Point","coordinates":[-90.255,29.275]}},{"type":"Feature","properties":{"n":84},"geometry":{"type":"Point","coordinates":[-90.855,29.28]}},{"type":"Feature","properties":{"n":135},"geometry":{"type":"Point","coordinates":[-91.845,29.42]}},{"type":"Feature","properties":{"n":624},"geometry":{"type":"Point","coordinates":[-89.715,29.41]}},{"type":"Feature","properties":{"n":1},"geometry":{"type":"Point","coordinates":[-90.61,29.225]}},{"type":"Feature","properties":{"n":9},"geometry":{"type":"Point","coordinates":[-90.96,29.185]}},{"type":"Feature","properties":{"n":1},"geometry":{"type":"Point","coordinates":[-89.66,29.6]}},{"type":"Feature","properties":{"n":40},"geometry":{"type":"Point","coordinates":[-90.705,29.11]}},{"type":"Feature","properties":{"n":202},"geometry":{"type":"Point","coordinates":[-89.555,29.275]}},{"type":"Feature","properties":{"n":704},"geometry":{"type":"Point","coordinates":[-90.865,29.21]}},{"type":"Feature","properties":{"n":138},"geometry":{"type":"Point","coordinates":[-91.825,29.46]}},{"type":"Feature","properties":{"n":196},"geometry":{"type":"Point","coordinates":[-89.45,29.775]}},{"type":"Feature","properties":{"n":26},"geometry":{"type":"Point","coordinates":[-89.66,29.41]}},{"type":"Feature","properties":{"n":492},"geometry":{"type":"Point","coordinates":[-90.87,29.115]}},{"type":"Feature","properties":{"n":27},"geometry":{"type":"Point","coordinates":[-90.855,29.195]}},{"type":"Feature","properties":{"n":137},"geometry":{"type":"Point","coordinates":[-90.865,29.25]}},{"type":"Feature","properties":{"n":35},"geometry":{"type":"Point","coordinates":[-96.76,28.385]}},{"type":"Feature","properties":{"n":450},"geometry":{"type":"Point","coordinates":[-89.51,29.295]}},{"type":"Feature","properties":{"n":58},"geometry":{"type":"Point","coordinates":[-90.115,29.375]}},{"type":"Feature","properties":{"n":317},"geometry":{"type":"Point","coordinates":[-89.42,29.895]}},{"type":"Feature","properties":{"n":271},"geometry":{"type":"Point","coordinates":[-90.775,29.2]}},{"type":"Feature","properties":{"n":458},"geometry":{"type":"Point","coordinates":[-94.865,29.485]}},{"type":"Feature","properties":{"n":6},"geometry":{"type":"Point","coordinates":[-90.565,29.24]}},{"type":"Feature","properties":{"n":256},"geometry":{"type":"Point","coordinates":[-90.565,29.37]}},{"type":"Feature","properties":{"n":6},"geometry":{"type":"Point","coordinates":[-90.595,29.35]}},{"type":"Feature","properties":{"n":284},"geometry":{"type":"Point","coordinates":[-89.545,29.735]}},{"type":"Feature","properties":{"n":21},"geometry":{"type":"Point","coordinates":[-90.62,29.215]}},{"type":"Feature","properties":{"n":18},"geometry":{"type":"Point","coordinates":[-91.0,29.2]}},{"type":"Feature","properties":{"n":59},"geometry":{"type":"Point","coordinates":[-89.57,29.31]}},{"type":"Feature","properties":{"n":15},"geometry":{"type":"Point","coordinates":[-90.545,29.29]}},{"type":"Feature","properties":{"n":269},"geometry":{"type":"Point","coordinates":[-90.25,29.295]}},{"type":"Feature","properties":{"n":154},"geometry":{"type":"Point","coordinates":[-89.41,29.91]}},{"type":"Feature","properties":{"n":164},"geometry":{"type":"Point","coordinates":[-89.38,29.965]}},{"type":"Feature","properties":{"n":50},"geometry":{"type":"Point","coordinates":[-90.95,29.175]}},{"type":"Feature","properties":{"n":209},"geometry":{"type":"Point","coordinates":[-89.3,29.9]}},{"type":"Feature","properties":{"n":383},"geometry":{"type":"Point","coordinates":[-89.765,29.32]}},{"type":"Feature","properties":{"n":24},"geometry":{"type":"Point","coordinates":[-90.865,29.22]}},{"type":"Feature","properties":{"n":82},"geometry":{"type":"Point","coordinates":[-89.335,29.86]}},{"type":"Feature","properties":{"n":53},"geometry":{"type":"Point","coordinates":[-90.805,29.23]}},{"type":"Feature","properties":{"n":1},"geometry":{"type":"Point","coordinates":[-89.725,29.515]}},{"type":"Feature","properties":{"n":72},"geometry":{"type":"Point","coordinates":[-90.39,29.35]}},{"type":"Feature","properties":{"n":321},"geometry":{"type":"Point","coordinates":[-89.525,29.82]}},{"type":"Feature","properties":{"n":529},"geometry":{"type":"Point","coordinates":[-89.3,29.945]}},{"type":"Feature","properties":{"n":21},"geometry":{"type":"Point","coordinates":[-96.6,28.655]}},{"type":"Feature","properties":{"n":431},"geometry":{"type":"Point","coordinates":[-90.355,29.335]}},{"type":"Feature","properties":{"n":698},"geometry":{"type":"Point","coordinates":[-89.515,29.82]}},{"type":"Feature","properties":{"n":129},"geometry":{"type":"Point","coordinates":[-90.08,29.455]}},{"type":"Feature","properties":{"n":157},"geometry":{"type":"Point","coordinates":[-97.085,28.145]}},{"type":"Feature","properties":{"n":52},"geometry":{"type":"Point","coordinates":[-90.55,29.36]}},{"type":"Feature","properties":{"n":51},"geometry":{"type":"Point","coordinates":[-89.915,29.43]}},{"type":"Feature","properties":{"n":13},"geometry":{"type":"Point","coordinates":[-89.955,29.46]}},{"type":"Feature","properties":{"n":262},"geometry":{"type":"Point","coordinates":[-89.41,30.04]}},{"type":"Feature","properties":{"n":101},"geometry":{"type":"Point","coordinates":[-90.645,29.225]}},{"type":"Feature","properties":{"n":2},"geometry":{"type":"Point","coordinates":[-89.995,29.385]}},{"type":"Feature","properties":{"n":15},"geometry":{"type":"Point","coordinates":[-89.97,29.33]}},{"type":"Feature","properties":{"n":615},"geometry":{"type":"Point","coordinates":[-89.71,29.335]}},{"type":"Feature","properties":{"n":8},"geometry":{"type":"Point","coordinates":[-91.0,29.18]}},{"type":"Feature","properties":{"n":351},"geometry":{"type":"Point","coordinates":[-94.84,29.485]}},{"type":"Feature","properties":{"n":214},"geometry":{"type":"Point","coordinates":[-90.01,29.47]}},{"type":"Feature","properties":{"n":350},"geometry":{"type":"Point","coordinates":[-94.88,29.51]}},{"type":"Feature","properties":{"n":100},"geometry":{"type":"Point","coordinates":[-90.41,29.255]}},{"type":"Feature","properties":{"n":24},"geometry":{"type":"Point","coordinates":[-96.98,28.085]}},{"type":"Feature","properties":{"n":228},"geometry":{"type":"Point","coordinates":[-89.575,29.315]}},{"type":"Feature","properties":{"n":77},"geometry":{"type":"Point","coordinates":[-89.375,29.82]}},{"type":"Feature","properties":{"n":201},"geometry":{"type":"Point","coordinates":[-89.35,29.92]}},{"type":"Feature","properties":{"n":10},"geometry":{"type":"Point","coordinates":[-90.695,29.38]}},{"type":"Feature","properties":{"n":1},"geometry":{"type":"Point","coordinates":[-89.615,29.415]}},{"type":"Feature","properties":{"n":654},"geometry":{"type":"Point","coordinates":[-89.7,29.46]}},{"type":"Feature","properties":{"n":291},"geometry":{"type":"Point","coordinates":[-97.075,28.14]}},{"type":"Feature","properties":{"n":697},"geometry":{"type":"Point","coordinates":[-89.56,29.335]}},{"type":"Feature","properties":{"n":40},"geometry":{"type":"Point","coordinates":[-90.955,29.175]}},{"type":"Feature","properties":{"n":5},"geometry":{"type":"Point","coordinates":[-94.88,29.515]}},{"type":"Feature","properties":{"n":71},"geometry":{"type":"Point","coordinates":[-90.625,29.335]}},{"type":"Feature","properties":{"n":339},"geometry":{"type":"Point","coordinates":[-91.905,29.495]}},{"type":"Feature","properties":{"n":131},"geometry":{"type":"Point","coordinates":[-89.465,29.735]}},{"type":"Feature","properties":{"n":65},"geometry":{"type":"Point","coordinates":[-96.515,28.605]}},{"type":"Feature","properties":{"n":199},"geometry":{"type":"Point","coordinates":[-90.54,29.355]}},{"type":"Feature","properties":{"n":66},"geometry":{"type":"Point","coordinates":[-89.44,29.8]}},{"type":"Feature","properties":{"n":54},"geometry":{"type":"Point","coordinates":[-90.985,29.245]}},{"type":"Feature","properties":{"n":57},"geometry":{"type":"Point","coordinates":[-92.01,29.535]}},{"type":"Feature","properties":{"n":370},"geometry":{"type":"Point","coordinates":[-89.245,30.1]}},{"type":"Feature","properties":{"n":49},"geometry":{"type":"Point","coordinates":[-90.94,29.29]}},{"type":"Feature","properties":{"n":17},"geometry":{"type":"Point","coordinates":[-89.425,29.975]}},{"type":"Feature","properties":{"n":233},"geometry":{"type":"Point","coordinates":[-89.235,30.1]}},{"type":"Feature","properties":{"n":7},"geometry":{"type":"Point","coordinates":[-90.3,29.25]}},{"type":"Feature","properties":{"n":427},"geometry":{"type":"Point","coordinates":[-89.63,29.36]}},{"type":"Feature","properties":{"n":105},"geometry":{"type":"Point","coordinates":[-96.96,28.065]}},{"type":"Feature","properties":{"n":1841},"geometry":{"type":"Point","coordinates":[-89.315,29.95]}},{"type":"Feature","properties":{"n":302},"geometry":{"type":"Point","coordinates":[-90.84,29.115]}},{"type":"Feature","properties":{"n":284},"geometry":{"type":"Point","coordinates":[-89.315,30.035]}},{"type":"Feature","properties":{"n":345},"geometry":{"type":"Point","coordinates":[-90.795,29.215]}},{"type":"Feature","properties":{"n":12},"geometry":{"type":"Point","coordinates":[-89.425,29.965]}},{"type":"Feature","properties":{"n":34},"geometry":{"type":"Point","coordinates":[-90.785,29.19]}},{"type":"Feature","properties":{"n":469},"geometry":{"type":"Point","coordinates":[-90.685,29.27]}},{"type":"Feature","properties":{"n":30},"geometry":{"type":"Point","coordinates":[-94.78,29.505]}},{"type":"Feature","properties":{"n":15},"geometry":{"type":"Point","coordinates":[-89.915,29.45]}},{"type":"Feature","properties":{"n":212},"geometry":{"type":"Point","coordinates":[-97.07,28.155]}},{"type":"Feature","properties":{"n":451},"geometry":{"type":"Point","coordinates":[-94.8,29.49]}},{"type":"Feature","properties":{"n":162},"geometry":{"type":"Point","coordinates":[-89.37,29.98]}},{"type":"Feature","properties":{"n":216},"geometry":{"type":"Point","coordinates":[-89.405,29.845]}},{"type":"Feature","properties":{"n":141},"geometry":{"type":"Point","coordinates":[-89.54,29.35]}},{"type":"Feature","properties":{"n":41},"geometry":{"type":"Point","coordinates":[-89.6,29.715]}},{"type":"Feature","properties":{"n":3},"geometry":{"type":"Point","coordinates":[-89.96,29.47]}},{"type":"Feature","properties":{"n":220},"geometry":{"type":"Point","coordinates":[-90.585,29.325]}},{"type":"Feature","properties":{"n":41},"geometry":{"type":"Point","coordinates":[-75.915,38.27]}},{"type":"Feature","properties":{"n":209},"geometry":{"type":"Point","coordinates":[-92.03,29.53]}},{"type":"Feature","properties":{"n":33},"geometry":{"type":"Point","coordinates":[-96.94,28.07]}},{"type":"Feature","properties":{"n":7},"geometry":{"type":"Point","coordinates":[-89.36,29.96]}},{"type":"Feature","properties":{"n":1},"geometry":{"type":"Point","coordinates":[-89.655,29.75]}},{"type":"Feature","properties":{"n":543},"geometry":{"type":"Point","coordinates":[-89.335,29.995]}},{"type":"Feature","properties":{"n":81},"geometry":{"type":"Point","coordinates":[-90.855,29.18]}},{"type":"Feature","properties":{"n":373},"geometry":{"type":"Point","coordinates":[-90.455,29.4]}},{"type":"Feature","properties":{"n":119},"geometry":{"type":"Point","coordinates":[-90.935,29.295]}},{"type":"Feature","properties":{"n":641},"geometry":{"type":"Point","coordinates":[-90.72,29.235]}},{"type":"Feature","properties":{"n":92},"geometry":{"type":"Point","coordinates":[-90.47,29.33]}},{"type":"Feature","properties":{"n":8},"geometry":{"type":"Point","coordinates":[-90.66,29.14]}},{"type":"Feature","properties":{"n":25},"geometry":{"type":"Point","coordinates":[-90.445,29.35]}},{"type":"Feature","properties":{"n":5},"geometry":{"type":"Point","coordinates":[-91.92,29.46]}},{"type":"Feature","properties":{"n":163},"geometry":{"type":"Point","coordinates":[-94.66,29.485]}},{"type":"Feature","properties":{"n":290},"geometry":{"type":"Point","coordinates":[-90.75,29.21]}},{"type":"Feature","properties":{"n":561},"geometry":{"type":"Point","coordinates":[-89.315,29.835]}},{"type":"Feature","properties":{"n":1049},"geometry":{"type":"Point","coordinates":[-90.76,29.18]}},{"type":"Feature","properties":{"n":21},"geometry":{"type":"Point","coordinates":[-90.68,29.125]}},{"type":"Feature","properties":{"n":351},"geometry":{"type":"Point","coordinates":[-90.245,29.285]}},{"type":"Feature","properties":{"n":3208},"geometry":{"type":"Point","coordinates":[-89.65,29.395]}},{"type":"Feature","properties":{"n":672},"geometry":{"type":"Point","coordinates":[-89.595,29.31]}},{"type":"Feature","properties":{"n":456},"geometry":{"type":"Point","coordinates":[-90.83,29.125]}},{"type":"Feature","properties":{"n":15},"geometry":{"type":"Point","coordinates":[-90.915,29.175]}},{"type":"Feature","properties":{"n":11},"geometry":{"type":"Point","coordinates":[-90.96,29.31]}},{"type":"Feature","properties":{"n":10},"geometry":{"type":"Point","coordinates":[-89.61,29.28]}},{"type":"Feature","properties":{"n":8},"geometry":{"type":"Point","coordinates":[-91.005,29.24]}},{"type":"Feature","properties":{"n":283},"geometry":{"type":"Point","coordinates":[-89.345,29.84]}},{"type":"Feature","properties":{"n":4},"geometry":{"type":"Point","coordinates":[-89.42,29.79]}},{"type":"Feature","properties":{"n":129},"geometry":{"type":"Point","coordinates":[-90.705,29.235]}},{"type":"Feature","properties":{"n":453},"geometry":{"type":"Point","coordinates":[-89.73,29.315]}},{"type":"Feature","properties":{"n":166},"geometry":{"type":"Point","coordinates":[-97.02,28.11]}},{"type":"Feature","properties":{"n":148},"geometry":{"type":"Point","coordinates":[-90.645,29.335]}},{"type":"Feature","properties":{"n":405},"geometry":{"type":"Point","coordinates":[-94.67,29.48]}},{"type":"Feature","properties":{"n":200},"geometry":{"type":"Point","coordinates":[-89.525,29.295]}},{"type":"Feature","properties":{"n":389},"geometry":{"type":"Point","coordinates":[-90.74,29.25]}},{"type":"Feature","properties":{"n":355},"geometry":{"type":"Point","coordinates":[-89.63,29.38]}},{"type":"Feature","properties":{"n":29},"geometry":{"type":"Point","coordinates":[-90.585,29.225]}},{"type":"Feature","properties":{"n":143},"geometry":{"type":"Point","coordinates":[-91.895,29.495]}},{"type":"Feature","properties":{"n":40},"geometry":{"type":"Point","coordinates":[-91.83,29.48]}},{"type":"Feature","properties":{"n":18},"geometry":{"type":"Point","coordinates":[-90.805,29.2]}},{"type":"Feature","properties":{"n":3},"geometry":{"type":"Point","coordinates":[-89.445,29.695]}},{"type":"Feature","properties":{"n":142},"geometry":{"type":"Point","coordinates":[-90.22,29.285]}},{"type":"Feature","properties":{"n":100},"geometry":{"type":"Point","coordinates":[-90.715,29.21]}},{"type":"Feature","properties":{"n":501},"geometry":{"type":"Point","coordinates":[-89.33,29.995]}},{"type":"Feature","properties":{"n":44},"geometry":{"type":"Point","coordinates":[-97.1,28.14]}},{"type":"Feature","properties":{"n":45},"geometry":{"type":"Point","coordinates":[-92.05,29.565]}},{"type":"Feature","properties":{"n":5},"geometry":{"type":"Point","coordinates":[-90.79,29.225]}},{"type":"Feature","properties":{"n":191},"geometry":{"type":"Point","coordinates":[-89.695,29.46]}},{"type":"Feature","properties":{"n":353},"geometry":{"type":"Point","coordinates":[-90.62,29.3]}},{"type":"Feature","properties":{"n":489},"geometry":{"type":"Point","coordinates":[-90.615,29.3]}},{"type":"Feature","properties":{"n":78},"geometry":{"type":"Point","coordinates":[-89.23,30.02]}},{"type":"Feature","properties":{"n":145},"geometry":{"type":"Point","coordinates":[-90.32,29.285]}},{"type":"Feature","properties":{"n":608},"geometry":{"type":"Point","coordinates":[-89.575,29.26]}},{"type":"Feature","properties":{"n":193},"geometry":{"type":"Point","coordinates":[-89.705,29.37]}},{"type":"Feature","properties":{"n":215},"geometry":{"type":"Point","coordinates":[-89.95,29.46]}},{"type":"Feature","properties":{"n":322},"geometry":{"type":"Point","coordinates":[-89.225,30.11]}},{"type":"Feature","properties":{"n":207},"geometry":{"type":"Point","coordinates":[-90.705,29.24]}},{"type":"Feature","properties":{"n":22},"geometry":{"type":"Point","coordinates":[-89.745,29.425]}},{"type":"Feature","properties":{"n":58},"geometry":{"type":"Point","coordinates":[-92.065,29.54]}},{"type":"Feature","properties":{"n":597},"geometry":{"type":"Point","coordinates":[-89.615,29.315]}},{"type":"Feature","properties":{"n":325},"geometry":{"type":"Point","coordinates":[-90.735,29.15]}},{"type":"Feature","properties":{"n":52},"geometry":{"type":"Point","coordinates":[-90.595,29.27]}},{"type":"Feature","properties":{"n":346},"geometry":{"type":"Point","coordinates":[-96.665,28.255]}},{"type":"Feature","properties":{"n":400},"geometry":{"type":"Point","coordinates":[-90.655,29.21]}},{"type":"Feature","properties":{"n":26},"geometry":{"type":"Point","coordinates":[-89.275,29.975]}},{"type":"Feature","properties":{"n":508},"geometry":{"type":"Point","coordinates":[-90.505,29.36]}},{"type":"Feature","properties":{"n":65},"geometry":{"type":"Point","coordinates":[-90.84,29.13]}},{"type":"Feature","properties":{"n":24},"geometry":{"type":"Point","coordinates":[-90.605,29.225]}},{"type":"Feature","properties":{"n":158},"geometry":{"type":"Point","coordinates":[-89.65,29.385]}},{"type":"Feature","properties":{"n":355},"geometry":{"type":"Point","coordinates":[-89.375,29.825]}},{"type":"Feature","properties":{"n":713},"geometry":{"type":"Point","coordinates":[-90.71,29.24]}},{"type":"Feature","properties":{"n":200},"geometry":{"type":"Point","coordinates":[-89.4,30.0]}},{"type":"Feature","properties":{"n":241},"geometry":{"type":"Point","coordinates":[-90.555,29.38]}},{"type":"Feature","properties":{"n":15},"geometry":{"type":"Point","coordinates":[-90.42,29.255]}},{"type":"Feature","properties":{"n":18},"geometry":{"type":"Point","coordinates":[-90.875,29.23]}},{"type":"Feature","properties":{"n":11},"geometry":{"type":"Point","coordinates":[-89.475,29.835]}},{"type":"Feature","properties":{"n":26},"geometry":{"type":"Point","coordinates":[-90.795,29.15]}},{"type":"Feature","properties":{"n":39},"geometry":{"type":"Point","coordinates":[-91.975,29.515]}},{"type":"Feature","properties":{"n":7},"geometry":{"type":"Point","coordinates":[-90.525,29.4]}},{"type":"Feature","properties":{"n":26},"geometry":{"type":"Point","coordinates":[-89.685,29.425]}},{"type":"Feature","properties":{"n":27},"geometry":{"type":"Point","coordinates":[-90.815,29.205]}},{"type":"Feature","properties":{"n":2},"geometry":{"type":"Point","coordinates":[-89.425,29.805]}},{"type":"Feature","properties":{"n":866},"geometry":{"type":"Point","coordinates":[-89.625,29.385]}},{"type":"Feature","properties":{"n":57},"geometry":{"type":"Point","coordinates":[-90.87,29.235]}},{"type":"Feature","properties":{"n":10},"geometry":{"type":"Point","coordinates":[-89.475,29.805]}},{"type":"Feature","properties":{"n":75},"geometry":{"type":"Point","coordinates":[-91.92,29.51]}},{"type":"Feature","properties":{"n":64},"geometry":{"type":"Point","coordinates":[-90.79,29.205]}},{"type":"Feature","properties":{"n":314},"geometry":{"type":"Point","coordinates":[-90.865,29.125]}},{"type":"Feature","properties":{"n":62},"geometry":{"type":"Point","coordinates":[-90.665,29.235]}},{"type":"Feature","properties":{"n":110},"geometry":{"type":"Point","coordinates":[-90.4,29.295]}},{"type":"Feature","properties":{"n":231},"geometry":{"type":"Point","coordinates":[-89.405,29.815]}},{"type":"Feature","properties":{"n":201},"geometry":{"type":"Point","coordinates":[-89.55,29.305]}},{"type":"Feature","properties":{"n":71},"geometry":{"type":"Point","coordinates":[-90.06,29.425]}},{"type":"Feature","properties":{"n":36},"geometry":{"type":"Point","coordinates":[-89.545,29.31]}},{"type":"Feature","properties":{"n":211},"geometry":{"type":"Point","coordinates":[-89.625,29.325]}},{"type":"Feature","properties":{"n":51},"geometry":{"type":"Point","coordinates":[-90.775,29.185]}},{"type":"Feature","properties":{"n":126},"geometry":{"type":"Point","coordinates":[-90.63,29.26]}},{"type":"Feature","properties":{"n":75},"geometry":{"type":"Point","coordinates":[-90.55,29.335]}},{"type":"Feature","properties":{"n":52},"geometry":{"type":"Point","coordinates":[-91.94,29.475]}},{"type":"Feature","properties":{"n":298},"geometry":{"type":"Point","coordinates":[-90.84,29.24]}},{"type":"Feature","properties":{"n":22},"geometry":{"type":"Point","coordinates":[-90.955,29.22]}},{"type":"Feature","properties":{"n":16},"geometry":{"type":"Point","coordinates":[-96.48,28.615]}},{"type":"Feature","properties":{"n":124},"geometry":{"type":"Point","coordinates":[-90.605,29.33]}},{"type":"Feature","properties":{"n":15},"geometry":{"type":"Point","coordinates":[-90.56,29.355]}},{"type":"Feature","properties":{"n":2},"geometry":{"type":"Point","coordinates":[-90.565,29.225]}},{"type":"Feature","properties":{"n":228},"geometry":{"type":"Point","coordinates":[-96.72,28.28]}},{"type":"Feature","properties":{"n":55},"geometry":{"type":"Point","coordinates":[-90.51,29.415]}},{"type":"Feature","properties":{"n":176},"geometry":{"type":"Point","coordinates":[-89.37,29.9]}},{"type":"Feature","properties":{"n":193},"geometry":{"type":"Point","coordinates":[-90.67,29.215]}},{"type":"Feature","properties":{"n":220},"geometry":{"type":"Point","coordinates":[-90.485,29.335]}},{"type":"Feature","properties":{"n":90},"geometry":{"type":"Point","coordinates":[-90.385,29.335]}},{"type":"Feature","properties":{"n":69},"geometry":{"type":"Point","coordinates":[-90.3,29.27]}},{"type":"Feature","properties":{"n":45},"geometry":{"type":"Point","coordinates":[-91.1,29.26]}},{"type":"Feature","properties":{"n":27},"geometry":{"type":"Point","coordinates":[-89.335,29.975]}},{"type":"Feature","properties":{"n":9},"geometry":{"type":"Point","coordinates":[-90.33,29.385]}},{"type":"Feature","properties":{"n":55},"geometry":{"type":"Point","coordinates":[-90.935,29.265]}},{"type":"Feature","properties":{"n":129},"geometry":{"type":"Point","coordinates":[-91.17,29.27]}},{"type":"Feature","properties":{"n":1382},"geometry":{"type":"Point","coordinates":[-75.865,38.24]}},{"type":"Feature","properties":{"n":155},"geometry":{"type":"Point","coordinates":[-96.72,28.33]}},{"type":"Feature","properties":{"n":193},"geometry":{"type":"Point","coordinates":[-92.08,29.575]}},{"type":"Feature","properties":{"n":35},"geometry":{"type":"Point","coordinates":[-91.945,29.52]}},{"type":"Feature","properties":{"n":39},"geometry":{"type":"Point","coordinates":[-90.695,29.135]}},{"type":"Feature","properties":{"n":122},"geometry":{"type":"Point","coordinates":[-90.54,29.365]}},{"type":"Feature","properties":{"n":63},"geometry":{"type":"Point","coordinates":[-89.49,29.265]}},{"type":"Feature","properties":{"n":417},"geometry":{"type":"Point","coordinates":[-89.64,29.325]}},{"type":"Feature","properties":{"n":302},"geometry":{"type":"Point","coordinates":[-89.91,29.51]}},{"type":"Feature","properties":{"n":125},"geometry":{"type":"Point","coordinates":[-89.48,29.305]}},{"type":"Feature","properties":{"n":227},"geometry":{"type":"Point","coordinates":[-89.57,29.26]}},{"type":"Feature","properties":{"n":279},"geometry":{"type":"Point","coordinates":[-90.545,29.32]}},{"type":"Feature","properties":{"n":532},"geometry":{"type":"Point","coordinates":[-89.345,29.835]}},{"type":"Feature","properties":{"n":370},"geometry":{"type":"Point","coordinates":[-90.71,29.215]}},{"type":"Feature","properties":{"n":70},"geometry":{"type":"Point","coordinates":[-96.6,28.66]}},{"type":"Feature","properties":{"n":13},"geometry":{"type":"Point","coordinates":[-89.505,29.815]}},{"type":"Feature","properties":{"n":440},"geometry":{"type":"Point","coordinates":[-90.315,29.375]}},{"type":"Feature","properties":{"n":138},"geometry":{"type":"Point","coordinates":[-91.85,29.43]}},{"type":"Feature","properties":{"n":121},"geometry":{"type":"Point","coordinates":[-90.685,29.2]}},{"type":"Feature","properties":{"n":1031},"geometry":{"type":"Point","coordinates":[-89.245,29.985]}},{"type":"Feature","properties":{"n":114},"geometry":{"type":"Point","coordinates":[-90.47,29.395]}},{"type":"Feature","properties":{"n":568},"geometry":{"type":"Point","coordinates":[-89.28,29.99]}},{"type":"Feature","properties":{"n":141},"geometry":{"type":"Point","coordinates":[-89.245,30.04]}},{"type":"Feature","properties":{"n":88},"geometry":{"type":"Point","coordinates":[-91.84,29.455]}},{"type":"Feature","properties":{"n":291},"geometry":{"type":"Point","coordinates":[-90.71,29.225]}},{"type":"Feature","properties":{"n":192},"geometry":{"type":"Point","coordinates":[-97.01,28.095]}},{"type":"Feature","properties":{"n":525},"geometry":{"type":"Point","coordinates":[-90.265,29.285]}},{"type":"Feature","properties":{"n":17},"geometry":{"type":"Point","coordinates":[-90.665,29.16]}},{"type":"Feature","properties":{"n":9},"geometry":{"type":"Point","coordinates":[-94.815,29.51]}},{"type":"Feature","properties":{"n":21},"geometry":{"type":"Point","coordinates":[-97.11,28.14]}},{"type":"Feature","properties":{"n":77},"geometry":{"type":"Point","coordinates":[-90.545,29.33]}},{"type":"Feature","properties":{"n":8},"geometry":{"type":"Point","coordinates":[-90.52,29.4]}},{"type":"Feature","properties":{"n":9},"geometry":{"type":"Point","coordinates":[-91.0,29.24]}},{"type":"Feature","properties":{"n":438},"geometry":{"type":"Point","coordinates":[-76.215,38.725]}},{"type":"Feature","properties":{"n":116},"geometry":{"type":"Point","coordinates":[-76.015,38.31]}},{"type":"Feature","properties":{"n":90},"geometry":{"type":"Point","coordinates":[-75.915,38.3]}},{"type":"Feature","properties":{"n":166},"geometry":{"type":"Point","coordinates":[-89.62,29.33]}},{"type":"Feature","properties":{"n":205},"geometry":{"type":"Point","coordinates":[-90.675,29.2]}},{"type":"Feature","properties":{"n":160},"geometry":{"type":"Point","coordinates":[-96.64,28.69]}},{"type":"Feature","properties":{"n":189},"geometry":{"type":"Point","coordinates":[-90.655,29.225]}},{"type":"Feature","properties":{"n":3},"geometry":{"type":"Point","coordinates":[-90.085,29.38]}},{"type":"Feature","properties":{"n":44},"geometry":{"type":"Point","coordinates":[-89.51,29.23]}},{"type":"Feature","properties":{"n":3},"geometry":{"type":"Point","coordinates":[-89.505,30.02]}},{"type":"Feature","properties":{"n":338},"geometry":{"type":"Point","coordinates":[-96.71,28.24]}},{"type":"Feature","properties":{"n":23},"geometry":{"type":"Point","coordinates":[-96.595,28.665]}},{"type":"Feature","properties":{"n":462},"geometry":{"type":"Point","coordinates":[-90.455,29.405]}},{"type":"Feature","properties":{"n":516},"geometry":{"type":"Point","coordinates":[-94.7,29.475]}},{"type":"Feature","properties":{"n":26},"geometry":{"type":"Point","coordinates":[-92.035,29.545]}},{"type":"Feature","properties":{"n":216},"geometry":{"type":"Point","coordinates":[-89.56,29.25]}},{"type":"Feature","properties":{"n":67},"geometry":{"type":"Point","coordinates":[-90.525,29.375]}},{"type":"Feature","properties":{"n":214},"geometry":{"type":"Point","coordinates":[-90.6,29.24]}},{"type":"Feature","properties":{"n":65},"geometry":{"type":"Point","coordinates":[-91.835,29.48]}},{"type":"Feature","properties":{"n":725},"geometry":{"type":"Point","coordinates":[-89.72,29.43]}},{"type":"Feature","properties":{"n":74},"geometry":{"type":"Point","coordinates":[-89.505,29.245]}},{"type":"Feature","properties":{"n":171},"geometry":{"type":"Point","coordinates":[-91.855,29.425]}},{"type":"Feature","properties":{"n":193},"geometry":{"type":"Point","coordinates":[-90.21,29.28]}},{"type":"Feature","properties":{"n":74},"geometry":{"type":"Point","coordinates":[-90.435,29.35]}},{"type":"Feature","properties":{"n":385},"geometry":{"type":"Point","coordinates":[-97.07,28.145]}},{"type":"Feature","properties":{"n":19},"geometry":{"type":"Point","coordinates":[-89.425,29.98]}},{"type":"Feature","properties":{"n":14},"geometry":{"type":"Point","coordinates":[-89.585,29.75]}},{"type":"Feature","properties":{"n":11},"geometry":{"type":"Point","coordinates":[-89.535,29.69]}},{"type":"Feature","properties":{"n":125},"geometry":{"type":"Point","coordinates":[-92.015,29.55]}},{"type":"Feature","properties":{"n":197},"geometry":{"type":"Point","coordinates":[-89.465,29.745]}},{"type":"Feature","properties":{"n":151},"geometry":{"type":"Point","coordinates":[-89.24,29.925]}},{"type":"Feature","properties":{"n":43},"geometry":{"type":"Point","coordinates":[-90.095,29.375]}},{"type":"Feature","properties":{"n":95},"geometry":{"type":"Point","coordinates":[-90.85,29.28]}},{"type":"Feature","properties":{"n":114},"geometry":{"type":"Point","coordinates":[-90.475,29.395]}},{"type":"Feature","properties":{"n":161},"geometry":{"type":"Point","coordinates":[-90.665,29.345]}},{"type":"Feature","properties":{"n":513},"geometry":{"type":"Point","coordinates":[-90.745,29.25]}},{"type":"Feature","properties":{"n":9},"geometry":{"type":"Point","coordinates":[-90.085,29.45]}},{"type":"Feature","properties":{"n":531},"geometry":{"type":"Point","coordinates":[-90.665,29.225]}},{"type":"Feature","properties":{"n":10},"geometry":{"type":"Point","coordinates":[-89.69,29.435]}},{"type":"Feature","properties":{"n":25},"geometry":{"type":"Point","coordinates":[-90.62,29.2]}},{"type":"Feature","properties":{"n":438},"geometry":{"type":"Point","coordinates":[-89.515,29.805]}},{"type":"Feature","properties":{"n":418},"geometry":{"type":"Point","coordinates":[-90.46,29.405]}},{"type":"Feature","properties":{"n":7},"geometry":{"type":"Point","coordinates":[-90.525,29.415]}},{"type":"Feature","properties":{"n":250},"geometry":{"type":"Point","coordinates":[-89.355,29.945]}},{"type":"Feature","properties":{"n":311},"geometry":{"type":"Point","coordinates":[-89.665,29.425]}},{"type":"Feature","properties":{"n":253},"geometry":{"type":"Point","coordinates":[-89.66,29.39]}},{"type":"Feature","properties":{"n":16},"geometry":{"type":"Point","coordinates":[-75.95,38.17]}},{"type":"Feature","properties":{"n":7},"geometry":{"type":"Point","coordinates":[-90.645,29.165]}},{"type":"Feature","properties":{"n":18},"geometry":{"type":"Point","coordinates":[-90.58,29.215]}},{"type":"Feature","properties":{"n":240},"geometry":{"type":"Point","coordinates":[-90.77,29.18]}},{"type":"Feature","properties":{"n":228},"geometry":{"type":"Point","coordinates":[-89.465,29.8]}},{"type":"Feature","properties":{"n":227},"geometry":{"type":"Point","coordinates":[-90.735,29.24]}},{"type":"Feature","properties":{"n":71},"geometry":{"type":"Point","coordinates":[-89.44,29.79]}},{"type":"Feature","properties":{"n":4},"geometry":{"type":"Point","coordinates":[-94.725,29.465]}},{"type":"Feature","properties":{"n":20},"geometry":{"type":"Point","coordinates":[-89.74,29.46]}},{"type":"Feature","properties":{"n":354},"geometry":{"type":"Point","coordinates":[-89.73,29.455]}},{"type":"Feature","properties":{"n":19},"geometry":{"type":"Point","coordinates":[-90.61,29.205]}},{"type":"Feature","properties":{"n":37},"geometry":{"type":"Point","coordinates":[-90.84,29.23]}},{"type":"Feature","properties":{"n":76},"geometry":{"type":"Point","coordinates":[-89.515,29.305]}},{"type":"Feature","properties":{"n":178},"geometry":{"type":"Point","coordinates":[-89.315,29.94]}},{"type":"Feature","properties":{"n":11},"geometry":{"type":"Point","coordinates":[-90.385,29.33]}},{"type":"Feature","properties":{"n":154},"geometry":{"type":"Point","coordinates":[-90.97,29.28]}},{"type":"Feature","properties":{"n":391},"geometry":{"type":"Point","coordinates":[-89.61,29.31]}},{"type":"Feature","properties":{"n":79},"geometry":{"type":"Point","coordinates":[-90.405,29.275]}},{"type":"Feature","properties":{"n":75},"geometry":{"type":"Point","coordinates":[-76.06,38.23]}},{"type":"Feature","properties":{"n":40},"geometry":{"type":"Point","coordinates":[-90.655,29.345]}},{"type":"Feature","properties":{"n":765},"geometry":{"type":"Point","coordinates":[-90.87,29.1]}},{"type":"Feature","properties":{"n":408},"geometry":{"type":"Point","coordinates":[-90.755,29.18]}},{"type":"Feature","properties":{"n":297},"geometry":{"type":"Point","coordinates":[-90.755,29.235]}},{"type":"Feature","properties":{"n":104},"geometry":{"type":"Point","coordinates":[-90.655,29.37]}},{"type":"Feature","properties":{"n":803},"geometry":{"type":"Point","coordinates":[-89.315,29.945]}},{"type":"Feature","properties":{"n":134},"geometry":{"type":"Point","coordinates":[-90.84,29.105]}},{"type":"Feature","properties":{"n":23},"geometry":{"type":"Point","coordinates":[-90.54,29.225]}},{"type":"Feature","properties":{"n":6},"geometry":{"type":"Point","coordinates":[-90.82,29.165]}},{"type":"Feature","properties":{"n":104},"geometry":{"type":"Point","coordinates":[-89.425,29.8]}},{"type":"Feature","properties":{"n":51},"geometry":{"type":"Point","coordinates":[-90.59,29.23]}},{"type":"Feature","properties":{"n":137},"geometry":{"type":"Point","coordinates":[-89.92,29.43]}},{"type":"Feature","properties":{"n":204},"geometry":{"type":"Point","coordinates":[-89.425,29.78]}},{"type":"Feature","properties":{"n":108},"geometry":{"type":"Point","coordinates":[-90.655,29.24]}},{"type":"Feature","properties":{"n":362},"geometry":{"type":"Point","coordinates":[-89.55,29.295]}},{"type":"Feature","properties":{"n":304},"geometry":{"type":"Point","coordinates":[-90.775,29.18]}},{"type":"Feature","properties":{"n":277},"geometry":{"type":"Point","coordinates":[-92.105,29.585]}},{"type":"Feature","properties":{"n":78},"geometry":{"type":"Point","coordinates":[-90.7,29.13]}},{"type":"Feature","properties":{"n":21},"geometry":{"type":"Point","coordinates":[-90.55,29.29]}},{"type":"Feature","properties":{"n":81},"geometry":{"type":"Point","coordinates":[-90.3,29.37]}},{"type":"Feature","properties":{"n":62},"geometry":{"type":"Point","coordinates":[-90.655,29.19]}},{"type":"Feature","properties":{"n":233},"geometry":{"type":"Point","coordinates":[-97.005,28.1]}},{"type":"Feature","properties":{"n":5},"geometry":{"type":"Point","coordinates":[-90.505,29.405]}},{"type":"Feature","properties":{"n":130},"geometry":{"type":"Point","coordinates":[-94.72,29.52]}},{"type":"Feature","properties":{"n":5},"geometry":{"type":"Point","coordinates":[-89.705,29.435]}},{"type":"Feature","properties":{"n":116},"geometry":{"type":"Point","coordinates":[-89.76,29.315]}},{"type":"Feature","properties":{"n":3},"geometry":{"type":"Point","coordinates":[-96.72,28.255]}},{"type":"Feature","properties":{"n":408},"geometry":{"type":"Point","coordinates":[-89.56,29.265]}},{"type":"Feature","properties":{"n":280},"geometry":{"type":"Point","coordinates":[-90.035,29.38]}},{"type":"Feature","properties":{"n":78},"geometry":{"type":"Point","coordinates":[-89.54,29.27]}},{"type":"Feature","properties":{"n":249},"geometry":{"type":"Point","coordinates":[-90.765,29.245]}},{"type":"Feature","properties":{"n":738},"geometry":{"type":"Point","coordinates":[-89.705,29.46]}},{"type":"Feature","properties":{"n":110},"geometry":{"type":"Point","coordinates":[-94.83,29.505]}},{"type":"Feature","properties":{"n":4},"geometry":{"type":"Point","coordinates":[-89.83,29.405]}},{"type":"Feature","properties":{"n":299},"geometry":{"type":"Point","coordinates":[-89.38,29.84]}},{"type":"Feature","properties":{"n":385},"geometry":{"type":"Point","coordinates":[-90.0,29.41]}},{"type":"Feature","properties":{"n":98},"geometry":{"type":"Point","coordinates":[-89.55,29.7]}},{"type":"Feature","properties":{"n":6},"geometry":{"type":"Point","coordinates":[-89.31,30.03]}},{"type":"Feature","properties":{"n":253},"geometry":{"type":"Point","coordinates":[-96.77,28.34]}},{"type":"Feature","properties":{"n":231},"geometry":{"type":"Point","coordinates":[-96.98,28.075]}},{"type":"Feature","properties":{"n":5},"geometry":{"type":"Point","coordinates":[-89.51,29.82]}},{"type":"Feature","properties":{"n":10},"geometry":{"type":"Point","coordinates":[-90.555,29.315]}},{"type":"Feature","properties":{"n":286},"geometry":{"type":"Point","coordinates":[-89.43,29.77]}},{"type":"Feature","properties":{"n":38},"geometry":{"type":"Point","coordinates":[-90.88,29.23]}},{"type":"Feature","properties":{"n":286},"geometry":{"type":"Point","coordinates":[-89.35,29.915]}},{"type":"Feature","properties":{"n":402},"geometry":{"type":"Point","coordinates":[-89.615,29.385]}},{"type":"Feature","properties":{"n":94},"geometry":{"type":"Point","coordinates":[-90.77,29.195]}},{"type":"Feature","properties":{"n":72},"geometry":{"type":"Point","coordinates":[-90.59,29.315]}},{"type":"Feature","properties":{"n":3208},"geometry":{"type":"Point","coordinates":[-89.675,29.375]}},{"type":"Feature","properties":{"n":110},"geometry":{"type":"Point","coordinates":[-89.75,29.395]}},{"type":"Feature","properties":{"n":1},"geometry":{"type":"Point","coordinates":[-89.64,29.715]}},{"type":"Feature","properties":{"n":20},"geometry":{"type":"Point","coordinates":[-90.99,29.255]}},{"type":"Feature","properties":{"n":154},"geometry":{"type":"Point","coordinates":[-90.77,29.235]}},{"type":"Feature","properties":{"n":13},"geometry":{"type":"Point","coordinates":[-90.665,29.14]}},{"type":"Feature","properties":{"n":561},"geometry":{"type":"Point","coordinates":[-94.83,29.51]}},{"type":"Feature","properties":{"n":72},"geometry":{"type":"Point","coordinates":[-90.85,29.175]}},{"type":"Feature","properties":{"n":28},"geometry":{"type":"Point","coordinates":[-90.565,29.35]}},{"type":"Feature","properties":{"n":112},"geometry":{"type":"Point","coordinates":[-89.48,29.22]}},{"type":"Feature","properties":{"n":177},"geometry":{"type":"Point","coordinates":[-94.785,29.5]}},{"type":"Feature","properties":{"n":120},"geometry":{"type":"Point","coordinates":[-89.31,30.0]}},{"type":"Feature","properties":{"n":53},"geometry":{"type":"Point","coordinates":[-94.805,29.525]}},{"type":"Feature","properties":{"n":156},"geometry":{"type":"Point","coordinates":[-89.48,29.785]}},{"type":"Feature","properties":{"n":15},"geometry":{"type":"Point","coordinates":[-89.35,29.835]}},{"type":"Feature","properties":{"n":34},"geometry":{"type":"Point","coordinates":[-90.585,29.355]}},{"type":"Feature","properties":{"n":604},"geometry":{"type":"Point","coordinates":[-89.56,29.705]}},{"type":"Feature","properties":{"n":529},"geometry":{"type":"Point","coordinates":[-89.97,29.475]}},{"type":"Feature","properties":{"n":27},"geometry":{"type":"Point","coordinates":[-89.835,30.03]}},{"type":"Feature","properties":{"n":196},"geometry":{"type":"Point","coordinates":[-90.94,29.18]}},{"type":"Feature","properties":{"n":35},"geometry":{"type":"Point","coordinates":[-90.82,29.21]}},{"type":"Feature","properties":{"n":152},"geometry":{"type":"Point","coordinates":[-90.185,29.28]}},{"type":"Feature","properties":{"n":134},"geometry":{"type":"Point","coordinates":[-96.955,28.075]}},{"type":"Feature","properties":{"n":511},"geometry":{"type":"Point","coordinates":[-89.535,29.33]}},{"type":"Feature","properties":{"n":5},"geometry":{"type":"Point","coordinates":[-94.78,29.5]}},{"type":"Feature","properties":{"n":43},"geometry":{"type":"Point","coordinates":[-89.675,29.31]}},{"type":"Feature","properties":{"n":19},"geometry":{"type":"Point","coordinates":[-91.86,29.42]}},{"type":"Feature","properties":{"n":87},"geometry":{"type":"Point","coordinates":[-94.855,29.48]}},{"type":"Feature","properties":{"n":114},"geometry":{"type":"Point","coordinates":[-90.775,29.23]}},{"type":"Feature","properties":{"n":21},"geometry":{"type":"Point","coordinates":[-91.815,29.455]}},{"type":"Feature","properties":{"n":100},"geometry":{"type":"Point","coordinates":[-90.3,29.275]}},{"type":"Feature","properties":{"n":510},"geometry":{"type":"Point","coordinates":[-92.065,29.57]}},{"type":"Feature","properties":{"n":12},"geometry":{"type":"Point","coordinates":[-90.585,29.365]}},{"type":"Feature","properties":{"n":118},"geometry":{"type":"Point","coordinates":[-91.15,29.245]}},{"type":"Feature","properties":{"n":36},"geometry":{"type":"Point","coordinates":[-90.44,29.27]}},{"type":"Feature","properties":{"n":50},"geometry":{"type":"Point","coordinates":[-90.555,29.365]}},{"type":"Feature","properties":{"n":80},"geometry":{"type":"Point","coordinates":[-94.785,29.54]}},{"type":"Feature","properties":{"n":106},"geometry":{"type":"Point","coordinates":[-89.605,29.935]}},{"type":"Feature","properties":{"n":323},"geometry":{"type":"Point","coordinates":[-92.025,29.53]}},{"type":"Feature","properties":{"n":38},"geometry":{"type":"Point","coordinates":[-89.47,29.97]}},{"type":"Feature","properties":{"n":552},"geometry":{"type":"Point","coordinates":[-90.68,29.235]}},{"type":"Feature","properties":{"n":371},"geometry":{"type":"Point","coordinates":[-90.735,29.195]}},{"type":"Feature","properties":{"n":165},"geometry":{"type":"Point","coordinates":[-89.735,29.325]}},{"type":"Feature","properties":{"n":264},"geometry":{"type":"Point","coordinates":[-94.885,29.505]}},{"type":"Feature","properties":{"n":5},"geometry":{"type":"Point","coordinates":[-89.505,29.27]}},{"type":"Feature","properties":{"n":2},"geometry":{"type":"Point","coordinates":[-96.895,28.12]}},{"type":"Feature","properties":{"n":31},"geometry":{"type":"Point","coordinates":[-90.76,29.225]}},{"type":"Feature","properties":{"n":209},"geometry":{"type":"Point","coordinates":[-90.6,29.245]}},{"type":"Feature","properties":{"n":3},"geometry":{"type":"Point","coordinates":[-90.125,29.37]}},{"type":"Feature","properties":{"n":325},"geometry":{"type":"Point","coordinates":[-90.715,29.195]}},{"type":"Feature","properties":{"n":36},"geometry":{"type":"Point","coordinates":[-89.535,29.705]}},{"type":"Feature","properties":{"n":125},"geometry":{"type":"Point","coordinates":[-89.695,29.36]}},{"type":"Feature","properties":{"n":66},"geometry":{"type":"Point","coordinates":[-90.87,29.255]}},{"type":"Feature","properties":{"n":1148},"geometry":{"type":"Point","coordinates":[-90.87,29.2]}},{"type":"Feature","properties":{"n":92},"geometry":{"type":"Point","coordinates":[-90.23,29.275]}},{"type":"Feature","properties":{"n":607},"geometry":{"type":"Point","coordinates":[-89.63,29.375]}},{"type":"Feature","properties":{"n":63},"geometry":{"type":"Point","coordinates":[-89.37,29.93]}},{"type":"Feature","properties":{"n":108},"geometry":{"type":"Point","coordinates":[-90.59,29.245]}},{"type":"Feature","properties":{"n":6},"geometry":{"type":"Point","coordinates":[-89.325,29.875]}},{"type":"Feature","properties":{"n":3},"geometry":{"type":"Point","coordinates":[-90.615,29.225]}},{"type":"Feature","properties":{"n":312},"geometry":{"type":"Point","coordinates":[-90.615,29.32]}},{"type":"Feature","properties":{"n":33},"geometry":{"type":"Point","coordinates":[-89.54,29.85]}},{"type":"Feature","properties":{"n":107},"geometry":{"type":"Point","coordinates":[-91.83,29.47]}},{"type":"Feature","properties":{"n":763},"geometry":{"type":"Point","coordinates":[-89.235,29.93]}},{"type":"Feature","properties":{"n":173},"geometry":{"type":"Point","coordinates":[-89.475,29.795]}},{"type":"Feature","properties":{"n":1028},"geometry":{"type":"Point","coordinates":[-89.305,29.945]}},{"type":"Feature","properties":{"n":4},"geometry":{"type":"Point","coordinates":[-97.06,28.145]}},{"type":"Feature","properties":{"n":1},"geometry":{"type":"Point","coordinates":[-89.33,29.85]}},{"type":"Feature","properties":{"n":392},"geometry":{"type":"Point","coordinates":[-89.52,29.24]}},{"type":"Feature","properties":{"n":10},"geometry":{"type":"Point","coordinates":[-89.73,29.41]}},{"type":"Feature","properties":{"n":42},"geometry":{"type":"Point","coordinates":[-90.26,29.28]}},{"type":"Feature","properties":{"n":406},"geometry":{"type":"Point","coordinates":[-89.29,29.845]}},{"type":"Feature","properties":{"n":78},"geometry":{"type":"Point","coordinates":[-90.93,29.275]}},{"type":"Feature","properties":{"n":111},"geometry":{"type":"Point","coordinates":[-89.225,30.115]}},{"type":"Feature","properties":{"n":646},"geometry":{"type":"Point","coordinates":[-90.69,29.285]}},{"type":"Feature","properties":{"n":134},"geometry":{"type":"Point","coordinates":[-91.83,29.475]}},{"type":"Feature","properties":{"n":445},"geometry":{"type":"Point","coordinates":[-89.725,29.335]}},{"type":"Feature","properties":{"n":5},"geometry":{"type":"Point","coordinates":[-90.57,29.305]}},{"type":"Feature","properties":{"n":103},"geometry":{"type":"Point","coordinates":[-89.62,29.935]}},{"type":"Feature","properties":{"n":296},"geometry":{"type":"Point","coordinates":[-89.685,29.37]}},{"type":"Feature","properties":{"n":137},"geometry":{"type":"Point","coordinates":[-94.895,29.5]}},{"type":"Feature","properties":{"n":143},"geometry":{"type":"Point","coordinates":[-75.815,38.255]}},{"type":"Feature","properties":{"n":526},"geometry":{"type":"Point","coordinates":[-94.71,29.465]}},{"type":"Feature","properties":{"n":24},"geometry":{"type":"Point","coordinates":[-89.72,29.485]}},{"type":"Feature","properties":{"n":16},"geometry":{"type":"Point","coordinates":[-89.41,30.035]}},{"type":"Feature","properties":{"n":85},"geometry":{"type":"Point","coordinates":[-89.635,29.38]}},{"type":"Feature","properties":{"n":366},"geometry":{"type":"Point","coordinates":[-90.685,29.185]}},{"type":"Feature","properties":{"n":47},"geometry":{"type":"Point","coordinates":[-90.015,29.41]}},{"type":"Feature","properties":{"n":45},"geometry":{"type":"Point","coordinates":[-90.16,29.375]}},{"type":"Feature","properties":{"n":474},"geometry":{"type":"Point","coordinates":[-90.315,29.385]}},{"type":"Feature","properties":{"n":88},"geometry":{"type":"Point","coordinates":[-89.725,29.415]}},{"type":"Feature","properties":{"n":291},"geometry":{"type":"Point","coordinates":[-89.455,29.735]}},{"type":"Feature","properties":{"n":28},"geometry":{"type":"Point","coordinates":[-90.965,29.31]}},{"type":"Feature","properties":{"n":471},"geometry":{"type":"Point","coordinates":[-90.69,29.3]}},{"type":"Feature","properties":{"n":25},"geometry":{"type":"Point","coordinates":[-89.845,30.02]}},{"type":"Feature","properties":{"n":416},"geometry":{"type":"Point","coordinates":[-92.09,29.575]}},{"type":"Feature","properties":{"n":476},"geometry":{"type":"Point","coordinates":[-89.42,29.88]}},{"type":"Feature","properties":{"n":61},"geometry":{"type":"Point","coordinates":[-89.385,30.005]}},{"type":"Feature","properties":{"n":250},"geometry":{"type":"Point","coordinates":[-91.905,29.48]}},{"type":"Feature","properties":{"n":23},"geometry":{"type":"Point","coordinates":[-89.425,29.955]}},{"type":"Feature","properties":{"n":262},"geometry":{"type":"Point","coordinates":[-90.745,29.17]}},{"type":"Feature","properties":{"n":118},"geometry":{"type":"Point","coordinates":[-90.665,29.335]}},{"type":"Feature","properties":{"n":33},"geometry":{"type":"Point","coordinates":[-76.23,38.77]}},{"type":"Feature","properties":{"n":311},"geometry":{"type":"Point","coordinates":[-91.92,29.48]}},{"type":"Feature","properties":{"n":212},"geometry":{"type":"Point","coordinates":[-91.85,29.4]}},{"type":"Feature","properties":{"n":72},"geometry":{"type":"Point","coordinates":[-90.11,29.37]}},{"type":"Feature","properties":{"n":609},"geometry":{"type":"Point","coordinates":[-89.715,29.335]}},{"type":"Feature","properties":{"n":201},"geometry":{"type":"Point","coordinates":[-89.22,30.01]}},{"type":"Feature","properties":{"n":548},"geometry":{"type":"Point","coordinates":[-92.055,29.575]}},{"type":"Feature","properties":{"n":85},"geometry":{"type":"Point","coordinates":[-90.84,29.205]}},{"type":"Feature","properties":{"n":75},"geometry":{"type":"Point","coordinates":[-97.01,28.105]}},{"type":"Feature","properties":{"n":391},"geometry":{"type":"Point","coordinates":[-89.325,29.955]}},{"type":"Feature","properties":{"n":363},"geometry":{"type":"Point","coordinates":[-89.255,30.105]}},{"type":"Feature","properties":{"n":3},"geometry":{"type":"Point","coordinates":[-89.645,29.35]}},{"type":"Feature","properties":{"n":231},"geometry":{"type":"Point","coordinates":[-90.73,29.16]}},{"type":"Feature","properties":{"n":11},"geometry":{"type":"Point","coordinates":[-90.99,29.24]}},{"type":"Feature","properties":{"n":13},"geometry":{"type":"Point","coordinates":[-91.895,29.505]}},{"type":"Feature","properties":{"n":734},"geometry":{"type":"Point","coordinates":[-76.005,38.33]}},{"type":"Feature","properties":{"n":54},"geometry":{"type":"Point","coordinates":[-90.67,29.255]}},{"type":"Feature","properties":{"n":433},"geometry":{"type":"Point","coordinates":[-96.775,28.32]}},{"type":"Feature","properties":{"n":20},"geometry":{"type":"Point","coordinates":[-96.58,28.315]}},{"type":"Feature","properties":{"n":97},"geometry":{"type":"Point","coordinates":[-90.875,29.275]}},{"type":"Feature","properties":{"n":535},"geometry":{"type":"Point","coordinates":[-89.905,29.47]}},{"type":"Feature","properties":{"n":277},"geometry":{"type":"Point","coordinates":[-91.915,29.5]}},{"type":"Feature","properties":{"n":5},"geometry":{"type":"Point","coordinates":[-89.31,29.935]}},{"type":"Feature","properties":{"n":49},"geometry":{"type":"Point","coordinates":[-90.015,29.38]}},{"type":"Feature","properties":{"n":160},"geometry":{"type":"Point","coordinates":[-89.975,29.465]}},{"type":"Feature","properties":{"n":389},"geometry":{"type":"Point","coordinates":[-90.06,29.46]}},{"type":"Feature","properties":{"n":214},"geometry":{"type":"Point","coordinates":[-89.31,29.985]}},{"type":"Feature","properties":{"n":80},"geometry":{"type":"Point","coordinates":[-89.48,29.82]}},{"type":"Feature","properties":{"n":130},"geometry":{"type":"Point","coordinates":[-91.88,29.5]}},{"type":"Feature","properties":{"n":418},"geometry":{"type":"Point","coordinates":[-89.325,29.985]}},{"type":"Feature","properties":{"n":15},"geometry":{"type":"Point","coordinates":[-89.74,29.365]}},{"type":"Feature","properties":{"n":118},"geometry":{"type":"Point","coordinates":[-90.15,29.38]}},{"type":"Feature","properties":{"n":161},"geometry":{"type":"Point","coordinates":[-89.49,29.23]}},{"type":"Feature","properties":{"n":127},"geometry":{"type":"Point","coordinates":[-89.275,29.98]}},{"type":"Feature","properties":{"n":49},"geometry":{"type":"Point","coordinates":[-89.94,29.425]}},{"type":"Feature","properties":{"n":964},"geometry":{"type":"Point","coordinates":[-75.915,38.24]}},{"type":"Feature","properties":{"n":384},"geometry":{"type":"Point","coordinates":[-89.565,29.685]}},{"type":"Feature","properties":{"n":153},"geometry":{"type":"Point","coordinates":[-90.74,29.205]}},{"type":"Feature","properties":{"n":695},"geometry":{"type":"Point","coordinates":[-90.71,29.17]}},{"type":"Feature","properties":{"n":44},"geometry":{"type":"Point","coordinates":[-90.56,29.315]}},{"type":"Feature","properties":{"n":149},"geometry":{"type":"Point","coordinates":[-89.265,30.06]}},{"type":"Feature","properties":{"n":41},"geometry":{"type":"Point","coordinates":[-91.94,29.48]}},{"type":"Feature","properties":{"n":51},"geometry":{"type":"Point","coordinates":[-90.795,29.185]}},{"type":"Feature","properties":{"n":241},"geometry":{"type":"Point","coordinates":[-94.835,29.505]}},{"type":"Feature","properties":{"n":19},"geometry":{"type":"Point","coordinates":[-90.435,29.27]}},{"type":"Feature","properties":{"n":21},"geometry":{"type":"Point","coordinates":[-90.99,29.32]}},{"type":"Feature","properties":{"n":20},"geometry":{"type":"Point","coordinates":[-90.535,29.285]}},{"type":"Feature","properties":{"n":678},"geometry":{"type":"Point","coordinates":[-89.925,29.485]}},{"type":"Feature","properties":{"n":500},"geometry":{"type":"Point","coordinates":[-90.78,29.21]}},{"type":"Feature","properties":{"n":974},"geometry":{"type":"Point","coordinates":[-89.565,29.27]}},{"type":"Feature","properties":{"n":59},"geometry":{"type":"Point","coordinates":[-89.29,29.925]}},{"type":"Feature","properties":{"n":38},"geometry":{"type":"Point","coordinates":[-90.115,29.355]}},{"type":"Feature","properties":{"n":12},"geometry":{"type":"Point","coordinates":[-90.69,29.35]}},{"type":"Feature","properties":{"n":173},"geometry":{"type":"Point","coordinates":[-89.765,29.315]}},{"type":"Feature","properties":{"n":55},"geometry":{"type":"Point","coordinates":[-90.57,29.22]}},{"type":"Feature","properties":{"n":533},"geometry":{"type":"Point","coordinates":[-90.755,29.175]}},{"type":"Feature","properties":{"n":82},"geometry":{"type":"Point","coordinates":[-89.405,29.79]}},{"type":"Feature","properties":{"n":273},"geometry":{"type":"Point","coordinates":[-89.585,29.745]}},{"type":"Feature","properties":{"n":398},"geometry":{"type":"Point","coordinates":[-94.82,29.515]}},{"type":"Feature","properties":{"n":24},"geometry":{"type":"Point","coordinates":[-89.745,29.46]}},{"type":"Feature","properties":{"n":178},"geometry":{"type":"Point","coordinates":[-90.385,29.35]}},{"type":"Feature","properties":{"n":413},"geometry":{"type":"Point","coordinates":[-90.785,29.17]}},{"type":"Feature","properties":{"n":10},"geometry":{"type":"Point","coordinates":[-89.285,29.86]}},{"type":"Feature","properties":{"n":435},"geometry":{"type":"Point","coordinates":[-89.675,29.38]}},{"type":"Feature","properties":{"n":10},"geometry":{"type":"Point","coordinates":[-90.43,29.335]}},{"type":"Feature","properties":{"n":1419},"geometry":{"type":"Point","coordinates":[-75.935,38.275]}},{"type":"Feature","properties":{"n":258},"geometry":{"type":"Point","coordinates":[-91.825,29.45]}},{"type":"Feature","properties":{"n":18},"geometry":{"type":"Point","coordinates":[-89.505,29.275]}},{"type":"Feature","properties":{"n":122},"geometry":{"type":"Point","coordinates":[-90.535,29.385]}},{"type":"Feature","properties":{"n":119},"geometry":{"type":"Point","coordinates":[-89.28,29.96]}},{"type":"Feature","properties":{"n":278},"geometry":{"type":"Point","coordinates":[-91.925,29.485]}},{"type":"Feature","properties":{"n":231},"geometry":{"type":"Point","coordinates":[-90.385,29.355]}},{"type":"Feature","properties":{"n":87},"geometry":{"type":"Point","coordinates":[-92.22,29.53]}},{"type":"Feature","properties":{"n":36},"geometry":{"type":"Point","coordinates":[-89.77,29.46]}},{"type":"Feature","properties":{"n":5},"geometry":{"type":"Point","coordinates":[-90.585,29.375]}},{"type":"Feature","properties":{"n":453},"geometry":{"type":"Point","coordinates":[-94.88,29.49]}},{"type":"Feature","properties":{"n":530},"geometry":{"type":"Point","coordinates":[-89.735,29.355]}},{"type":"Feature","properties":{"n":207},"geometry":{"type":"Point","coordinates":[-94.87,29.485]}},{"type":"Feature","properties":{"n":283},"geometry":{"type":"Point","coordinates":[-76.0,38.34]}},{"type":"Feature","properties":{"n":269},"geometry":{"type":"Point","coordinates":[-90.665,29.355]}},{"type":"Feature","properties":{"n":121},"geometry":{"type":"Point","coordinates":[-89.595,29.35]}},{"type":"Feature","properties":{"n":195},"geometry":{"type":"Point","coordinates":[-91.845,29.45]}},{"type":"Feature","properties":{"n":6},"geometry":{"type":"Point","coordinates":[-90.295,29.255]}},{"type":"Feature","properties":{"n":1359},"geometry":{"type":"Point","coordinates":[-89.56,29.35]}},{"type":"Feature","properties":{"n":112},"geometry":{"type":"Point","coordinates":[-96.52,28.6]}},{"type":"Feature","properties":{"n":175},"geometry":{"type":"Point","coordinates":[-90.765,29.165]}},{"type":"Feature","properties":{"n":251},"geometry":{"type":"Point","coordinates":[-90.22,29.295]}},{"type":"Feature","properties":{"n":82},"geometry":{"type":"Point","coordinates":[-90.32,29.37]}},{"type":"Feature","properties":{"n":7},"geometry":{"type":"Point","coordinates":[-89.585,29.705]}},{"type":"Feature","properties":{"n":160},"geometry":{"type":"Point","coordinates":[-89.24,30.105]}},{"type":"Feature","properties":{"n":143},"geometry":{"type":"Point","coordinates":[-89.295,29.915]}},{"type":"Feature","properties":{"n":284},"geometry":{"type":"Point","coordinates":[-89.385,29.94]}},{"type":"Feature","properties":{"n":37},"geometry":{"type":"Point","coordinates":[-89.855,30.005]}},{"type":"Feature","properties":{"n":173},"geometry":{"type":"Point","coordinates":[-89.705,29.445]}},{"type":"Feature","properties":{"n":963},"geometry":{"type":"Point","coordinates":[-89.685,29.365]}},{"type":"Feature","properties":{"n":211},"geometry":{"type":"Point","coordinates":[-89.495,29.82]}},{"type":"Feature","properties":{"n":777},"geometry":{"type":"Point","coordinates":[-89.34,29.83]}},{"type":"Feature","properties":{"n":203},"geometry":{"type":"Point","coordinates":[-90.85,29.125]}},{"type":"Feature","properties":{"n":52},"geometry":{"type":"Point","coordinates":[-90.135,29.35]}},{"type":"Feature","properties":{"n":254},"geometry":{"type":"Point","coordinates":[-89.68,29.41]}},{"type":"Feature","properties":{"n":279},"geometry":{"type":"Point","coordinates":[-90.54,29.33]}},{"type":"Feature","properties":{"n":140},"geometry":{"type":"Point","coordinates":[-89.44,29.85]}},{"type":"Feature","properties":{"n":67},"geometry":{"type":"Point","coordinates":[-90.415,29.32]}},{"type":"Feature","properties":{"n":253},"geometry":{"type":"Point","coordinates":[-76.245,38.8]}},{"type":"Feature","properties":{"n":1},"geometry":{"type":"Point","coordinates":[-89.53,29.685]}},{"type":"Feature","properties":{"n":21},"geometry":{"type":"Point","coordinates":[-90.47,29.355]}},{"type":"Feature","properties":{"n":81},"geometry":{"type":"Point","coordinates":[-89.375,29.81]}},{"type":"Feature","properties":{"n":366},"geometry":{"type":"Point","coordinates":[-90.675,29.22]}},{"type":"Feature","properties":{"n":1},"geometry":{"type":"Point","coordinates":[-90.37,29.355]}},{"type":"Feature","properties":{"n":139},"geometry":{"type":"Point","coordinates":[-90.53,29.35]}},{"type":"Feature","properties":{"n":30},"geometry":{"type":"Point","coordinates":[-89.73,29.325]}},{"type":"Feature","properties":{"n":463},"geometry":{"type":"Point","coordinates":[-89.285,29.92]}},{"type":"Feature","properties":{"n":96},"geometry":{"type":"Point","coordinates":[-97.02,28.095]}},{"type":"Feature","properties":{"n":142},"geometry":{"type":"Point","coordinates":[-90.7,29.225]}},{"type":"Feature","properties":{"n":500},"geometry":{"type":"Point","coordinates":[-89.73,29.355]}},{"type":"Feature","properties":{"n":42},"geometry":{"type":"Point","coordinates":[-89.765,29.335]}},{"type":"Feature","properties":{"n":476},"geometry":{"type":"Point","coordinates":[-89.775,29.48]}},{"type":"Feature","properties":{"n":152},"geometry":{"type":"Point","coordinates":[-89.91,29.445]}},{"type":"Feature","properties":{"n":426},"geometry":{"type":"Point","coordinates":[-89.57,29.275]}},{"type":"Feature","properties":{"n":270},"geometry":{"type":"Point","coordinates":[-90.29,29.27]}},{"type":"Feature","properties":{"n":2},"geometry":{"type":"Point","coordinates":[-90.11,29.34]}},{"type":"Feature","properties":{"n":14},"geometry":{"type":"Point","coordinates":[-89.745,29.45]}},{"type":"Feature","properties":{"n":307},"geometry":{"type":"Point","coordinates":[-89.235,29.995]}},{"type":"Feature","properties":{"n":194},"geometry":{"type":"Point","coordinates":[-90.595,29.26]}},{"type":"Feature","properties":{"n":289},"geometry":{"type":"Point","coordinates":[-90.68,29.195]}},{"type":"Feature","properties":{"n":846},"geometry":{"type":"Point","coordinates":[-76.22,38.725]}},{"type":"Feature","properties":{"n":471},"geometry":{"type":"Point","coordinates":[-90.725,29.16]}},{"type":"Feature","properties":{"n":42},"geometry":{"type":"Point","coordinates":[-89.365,29.975]}},{"type":"Feature","properties":{"n":241},"geometry":{"type":"Point","coordinates":[-94.735,29.48]}},{"type":"Feature","properties":{"n":6},"geometry":{"type":"Point","coordinates":[-90.115,29.38]}},{"type":"Feature","properties":{"n":87},"geometry":{"type":"Point","coordinates":[-89.49,29.28]}},{"type":"Feature","properties":{"n":307},"geometry":{"type":"Point","coordinates":[-89.52,29.245]}},{"type":"Feature","properties":{"n":152},"geometry":{"type":"Point","coordinates":[-89.48,29.265]}},{"type":"Feature","properties":{"n":38},"geometry":{"type":"Point","coordinates":[-94.825,29.52]}},{"type":"Feature","properties":{"n":3},"geometry":{"type":"Point","coordinates":[-90.98,29.25]}},{"type":"Feature","properties":{"n":10},"geometry":{"type":"Point","coordinates":[-90.665,29.255]}},{"type":"Feature","properties":{"n":118},"geometry":{"type":"Point","coordinates":[-89.74,29.345]}},{"type":"Feature","properties":{"n":325},"geometry":{"type":"Point","coordinates":[-91.93,29.5]}},{"type":"Feature","properties":{"n":227},"geometry":{"type":"Point","coordinates":[-89.455,29.79]}},{"type":"Feature","properties":{"n":2},"geometry":{"type":"Point","coordinates":[-89.59,29.695]}},{"type":"Feature","properties":{"n":57},"geometry":{"type":"Point","coordinates":[-89.53,29.86]}},{"type":"Feature","properties":{"n":336},"geometry":{"type":"Point","coordinates":[-90.835,29.24]}},{"type":"Feature","properties":{"n":131},"geometry":{"type":"Point","coordinates":[-89.895,29.525]}},{"type":"Feature","properties":{"n":285},"geometry":{"type":"Point","coordinates":[-89.245,29.95]}},{"type":"Feature","properties":{"n":81},"geometry":{"type":"Point","coordinates":[-90.48,29.29]}},{"type":"Feature","properties":{"n":94},"geometry":{"type":"Point","coordinates":[-90.785,29.195]}},{"type":"Feature","properties":{"n":63},"geometry":{"type":"Point","coordinates":[-89.565,29.3]}},{"type":"Feature","properties":{"n":318},"geometry":{"type":"Point","coordinates":[-90.86,29.09]}},{"type":"Feature","properties":{"n":2},"geometry":{"type":"Point","coordinates":[-89.46,29.705]}},{"type":"Feature","properties":{"n":315},"geometry":{"type":"Point","coordinates":[-92.095,29.585]}},{"type":"Feature","properties":{"n":8},"geometry":{"type":"Point","coordinates":[-91.815,29.475]}},{"type":"Feature","properties":{"n":106},"geometry":{"type":"Point","coordinates":[-89.41,29.855]}},{"type":"Feature","properties":{"n":304},"geometry":{"type":"Point","coordinates":[-90.21,29.295]}},{"type":"Feature","properties":{"n":37},"geometry":{"type":"Point","coordinates":[-90.86,29.24]}},{"type":"Feature","properties":{"n":221},"geometry":{"type":"Point","coordinates":[-89.845,29.49]}},{"type":"Feature","properties":{"n":25},"geometry":{"type":"Point","coordinates":[-89.24,30.04]}},{"type":"Feature","properties":{"n":74},"geometry":{"type":"Point","coordinates":[-89.665,29.43]}},{"type":"Feature","properties":{"n":147},"geometry":{"type":"Point","coordinates":[-90.68,29.35]}},{"type":"Feature","properties":{"n":239},"geometry":{"type":"Point","coordinates":[-94.675,29.49]}},{"type":"Feature","properties":{"n":331},"geometry":{"type":"Point","coordinates":[-91.835,29.43]}},{"type":"Feature","properties":{"n":219},"geometry":{"type":"Point","coordinates":[-89.43,29.73]}},{"type":"Feature","properties":{"n":27},"geometry":{"type":"Point","coordinates":[-89.27,30.045]}},{"type":"Feature","properties":{"n":1285},"geometry":{"type":"Point","coordinates":[-90.83,29.2]}},{"type":"Feature","properties":{"n":1044},"geometry":{"type":"Point","coordinates":[-76.18,38.71]}},{"type":"Feature","properties":{"n":116},"geometry":{"type":"Point","coordinates":[-89.55,29.675]}},{"type":"Feature","properties":{"n":625},"geometry":{"type":"Point","coordinates":[-89.585,29.36]}},{"type":"Feature","properties":{"n":401},"geometry":{"type":"Point","coordinates":[-90.68,29.305]}},{"type":"Feature","properties":{"n":799},"geometry":{"type":"Point","coordinates":[-89.58,29.295]}},{"type":"Feature","properties":{"n":216},"geometry":{"type":"Point","coordinates":[-89.58,29.35]}},{"type":"Feature","properties":{"n":1},"geometry":{"type":"Point","coordinates":[-89.48,29.86]}},{"type":"Feature","properties":{"n":17},"geometry":{"type":"Point","coordinates":[-96.615,28.31]}},{"type":"Feature","properties":{"n":45},"geometry":{"type":"Point","coordinates":[-89.22,30.135]}},{"type":"Feature","properties":{"n":206},"geometry":{"type":"Point","coordinates":[-89.495,29.315]}},{"type":"Feature","properties":{"n":292},"geometry":{"type":"Point","coordinates":[-96.78,28.33]}},{"type":"Feature","properties":{"n":685},"geometry":{"type":"Point","coordinates":[-89.98,29.44]}},{"type":"Feature","properties":{"n":2},"geometry":{"type":"Point","coordinates":[-96.725,28.31]}},{"type":"Feature","properties":{"n":326},"geometry":{"type":"Point","coordinates":[-89.775,29.475]}},{"type":"Feature","properties":{"n":139},"geometry":{"type":"Point","coordinates":[-89.635,29.37]}},{"type":"Feature","properties":{"n":26},"geometry":{"type":"Point","coordinates":[-89.255,30.065]}},{"type":"Feature","properties":{"n":88},"geometry":{"type":"Point","coordinates":[-91.155,29.25]}},{"type":"Feature","properties":{"n":10},"geometry":{"type":"Point","coordinates":[-94.8,29.54]}},{"type":"Feature","properties":{"n":1},"geometry":{"type":"Point","coordinates":[-89.27,29.93]}},{"type":"Feature","properties":{"n":113},"geometry":{"type":"Point","coordinates":[-90.835,29.12]}},{"type":"Feature","properties":{"n":5},"geometry":{"type":"Point","coordinates":[-94.91,29.5]}},{"type":"Feature","properties":{"n":1681},"geometry":{"type":"Point","coordinates":[-90.55,29.375]}},{"type":"Feature","properties":{"n":466},"geometry":{"type":"Point","coordinates":[-89.29,29.935]}},{"type":"Feature","properties":{"n":108},"geometry":{"type":"Point","coordinates":[-90.19,29.27]}},{"type":"Feature","properties":{"n":58},"geometry":{"type":"Point","coordinates":[-91.84,29.42]}},{"type":"Feature","properties":{"n":132},"geometry":{"type":"Point","coordinates":[-90.87,29.195]}},{"type":"Feature","properties":{"n":49},"geometry":{"type":"Point","coordinates":[-89.545,29.68]}},{"type":"Feature","properties":{"n":23},"geometry":{"type":"Point","coordinates":[-90.625,29.275]}},{"type":"Feature","properties":{"n":22},"geometry":{"type":"Point","coordinates":[-90.79,29.21]}},{"type":"Feature","properties":{"n":77},"geometry":{"type":"Point","coordinates":[-94.79,29.49]}},{"type":"Feature","properties":{"n":121},"geometry":{"type":"Point","coordinates":[-89.62,29.725]}},{"type":"Feature","properties":{"n":407},"geometry":{"type":"Point","coordinates":[-94.79,29.54]}},{"type":"Feature","properties":{"n":25},"geometry":{"type":"Point","coordinates":[-89.565,29.725]}},{"type":"Feature","properties":{"n":417},"geometry":{"type":"Point","coordinates":[-90.72,29.16]}},{"type":"Feature","properties":{"n":168},"geometry":{"type":"Point","coordinates":[-89.265,30.035]}},{"type":"Feature","properties":{"n":502},"geometry":{"type":"Point","coordinates":[-90.45,29.415]}},{"type":"Feature","properties":{"n":266},"geometry":{"type":"Point","coordinates":[-90.86,29.255]}},{"type":"Feature","properties":{"n":55},"geometry":{"type":"Point","coordinates":[-89.455,29.725]}},{"type":"Feature","properties":{"n":173},"geometry":{"type":"Point","coordinates":[-92.05,29.54]}},{"type":"Feature","properties":{"n":150},"geometry":{"type":"Point","coordinates":[-90.685,29.265]}},{"type":"Feature","properties":{"n":815},"geometry":{"type":"Point","coordinates":[-89.635,29.335]}},{"type":"Feature","properties":{"n":675},"geometry":{"type":"Point","coordinates":[-89.565,29.28]}},{"type":"Feature","properties":{"n":3},"geometry":{"type":"Point","coordinates":[-96.615,28.7]}},{"type":"Feature","properties":{"n":1},"geometry":{"type":"Point","coordinates":[-96.995,28.07]}},{"type":"Feature","properties":{"n":17},"geometry":{"type":"Point","coordinates":[-90.285,29.245]}},{"type":"Feature","properties":{"n":43},"geometry":{"type":"Point","coordinates":[-90.4,29.265]}},{"type":"Feature","properties":{"n":9},"geometry":{"type":"Point","coordinates":[-90.525,29.315]}},{"type":"Feature","properties":{"n":131},"geometry":{"type":"Point","coordinates":[-90.695,29.17]}},{"type":"Feature","properties":{"n":478},"geometry":{"type":"Point","coordinates":[-89.435,29.735]}},{"type":"Feature","properties":{"n":146},"geometry":{"type":"Point","coordinates":[-90.865,29.255]}},{"type":"Feature","properties":{"n":23},"geometry":{"type":"Point","coordinates":[-89.55,29.685]}},{"type":"Feature","properties":{"n":534},"geometry":{"type":"Point","coordinates":[-94.745,29.48]}},{"type":"Feature","properties":{"n":74},"geometry":{"type":"Point","coordinates":[-90.78,29.15]}},{"type":"Feature","properties":{"n":313},"geometry":{"type":"Point","coordinates":[-94.68,29.515]}},{"type":"Feature","properties":{"n":250},"geometry":{"type":"Point","coordinates":[-89.72,29.45]}},{"type":"Feature","properties":{"n":16},"geometry":{"type":"Point","coordinates":[-75.92,38.305]}},{"type":"Feature","properties":{"n":82},"geometry":{"type":"Point","coordinates":[-90.48,29.4]}},{"type":"Feature","properties":{"n":34},"geometry":{"type":"Point","coordinates":[-89.54,29.725]}},{"type":"Feature","properties":{"n":25},"geometry":{"type":"Point","coordinates":[-89.66,29.315]}},{"type":"Feature","properties":{"n":41},"geometry":{"type":"Point","coordinates":[-90.565,29.355]}},{"type":"Feature","properties":{"n":18},"geometry":{"type":"Point","coordinates":[-90.625,29.22]}},{"type":"Feature","properties":{"n":87},"geometry":{"type":"Point","coordinates":[-89.67,29.41]}},{"type":"Feature","properties":{"n":1045},"geometry":{"type":"Point","coordinates":[-89.63,29.385]}},{"type":"Feature","properties":{"n":310},"geometry":{"type":"Point","coordinates":[-89.235,29.935]}},{"type":"Feature","properties":{"n":547},"geometry":{"type":"Point","coordinates":[-94.73,29.485]}},{"type":"Feature","properties":{"n":733},"geometry":{"type":"Point","coordinates":[-89.63,29.335]}},{"type":"Feature","properties":{"n":49},"geometry":{"type":"Point","coordinates":[-91.865,29.49]}},{"type":"Feature","properties":{"n":405},"geometry":{"type":"Point","coordinates":[-89.67,29.42]}},{"type":"Feature","properties":{"n":827},"geometry":{"type":"Point","coordinates":[-89.37,29.835]}},{"type":"Feature","properties":{"n":3},"geometry":{"type":"Point","coordinates":[-90.44,29.35]}},{"type":"Feature","properties":{"n":47},"geometry":{"type":"Point","coordinates":[-89.785,29.46]}},{"type":"Feature","properties":{"n":379},"geometry":{"type":"Point","coordinates":[-89.44,29.755]}},{"type":"Feature","properties":{"n":237},"geometry":{"type":"Point","coordinates":[-94.855,29.49]}},{"type":"Feature","properties":{"n":10},"geometry":{"type":"Point","coordinates":[-90.645,29.17]}},{"type":"Feature","properties":{"n":168},"geometry":{"type":"Point","coordinates":[-94.66,29.505]}},{"type":"Feature","properties":{"n":340},"geometry":{"type":"Point","coordinates":[-89.675,29.355]}},{"type":"Feature","properties":{"n":246},"geometry":{"type":"Point","coordinates":[-89.71,29.36]}},{"type":"Feature","properties":{"n":260},"geometry":{"type":"Point","coordinates":[-90.445,29.395]}},{"type":"Feature","properties":{"n":192},"geometry":{"type":"Point","coordinates":[-89.34,29.865]}},{"type":"Feature","properties":{"n":24},"geometry":{"type":"Point","coordinates":[-90.96,29.305]}},{"type":"Feature","properties":{"n":662},"geometry":{"type":"Point","coordinates":[-89.245,29.93]}},{"type":"Feature","properties":{"n":73},"geometry":{"type":"Point","coordinates":[-91.115,29.26]}},{"type":"Feature","properties":{"n":2},"geometry":{"type":"Point","coordinates":[-89.315,29.825]}},{"type":"Feature","properties":{"n":115},"geometry":{"type":"Point","coordinates":[-89.485,29.825]}},{"type":"Feature","properties":{"n":75},"geometry":{"type":"Point","coordinates":[-89.615,29.29]}},{"type":"Feature","properties":{"n":40},"geometry":{"type":"Point","coordinates":[-92.1,29.56]}},{"type":"Feature","properties":{"n":430},"geometry":{"type":"Point","coordinates":[-89.34,29.985]}},{"type":"Feature","properties":{"n":82},"geometry":{"type":"Point","coordinates":[-90.27,29.26]}},{"type":"Feature","properties":{"n":129},"geometry":{"type":"Point","coordinates":[-90.745,29.27]}},{"type":"Feature","properties":{"n":264},"geometry":{"type":"Point","coordinates":[-90.75,29.26]}},{"type":"Feature","properties":{"n":24},"geometry":{"type":"Point","coordinates":[-90.955,29.18]}},{"type":"Feature","properties":{"n":2},"geometry":{"type":"Point","coordinates":[-89.46,29.985]}},{"type":"Feature","properties":{"n":175},"geometry":{"type":"Point","coordinates":[-89.295,29.97]}},{"type":"Feature","properties":{"n":2},"geometry":{"type":"Point","coordinates":[-91.915,29.465]}},{"type":"Feature","properties":{"n":322},"geometry":{"type":"Point","coordinates":[-89.25,30.005]}},{"type":"Feature","properties":{"n":263},"geometry":{"type":"Point","coordinates":[-89.72,29.38]}},{"type":"Feature","properties":{"n":62},"geometry":{"type":"Point","coordinates":[-89.66,29.44]}},{"type":"Feature","properties":{"n":259},"geometry":{"type":"Point","coordinates":[-90.705,29.25]}},{"type":"Feature","properties":{"n":257},"geometry":{"type":"Point","coordinates":[-94.73,29.49]}},{"type":"Feature","properties":{"n":216},"geometry":{"type":"Point","coordinates":[-90.595,29.355]}},{"type":"Feature","properties":{"n":153},"geometry":{"type":"Point","coordinates":[-90.525,29.385]}},{"type":"Feature","properties":{"n":5},"geometry":{"type":"Point","coordinates":[-90.535,29.43]}},{"type":"Feature","properties":{"n":59},"geometry":{"type":"Point","coordinates":[-90.67,29.26]}},{"type":"Feature","properties":{"n":226},"geometry":{"type":"Point","coordinates":[-90.805,29.14]}},{"type":"Feature","properties":{"n":250},"geometry":{"type":"Point","coordinates":[-89.465,29.755]}},{"type":"Feature","properties":{"n":169},"geometry":{"type":"Point","coordinates":[-76.08,38.23]}},{"type":"Feature","properties":{"n":584},"geometry":{"type":"Point","coordinates":[-90.185,29.295]}},{"type":"Feature","properties":{"n":1},"geometry":{"type":"Point","coordinates":[-96.76,28.335]}},{"type":"Feature","properties":{"n":86},"geometry":{"type":"Point","coordinates":[-91.85,29.46]}},{"type":"Feature","properties":{"n":265},"geometry":{"type":"Point","coordinates":[-89.725,29.34]}},{"type":"Feature","properties":{"n":671},"geometry":{"type":"Point","coordinates":[-94.885,29.51]}},{"type":"Feature","properties":{"n":101},"geometry":{"type":"Point","coordinates":[-89.285,30.005]}},{"type":"Feature","properties":{"n":13},"geometry":{"type":"Point","coordinates":[-90.29,29.245]}},{"type":"Feature","properties":{"n":42},"geometry":{"type":"Point","coordinates":[-75.835,38.25]}},{"type":"Feature","properties":{"n":98},"geometry":{"type":"Point","coordinates":[-89.375,29.925]}},{"type":"Feature","properties":{"n":16},"geometry":{"type":"Point","coordinates":[-90.49,29.335]}},{"type":"Feature","properties":{"n":192},"geometry":{"type":"Point","coordinates":[-90.6,29.325]}},{"type":"Feature","properties":{"n":258},"geometry":{"type":"Point","coordinates":[-75.915,38.25]}},{"type":"Feature","properties":{"n":66},"geometry":{"type":"Point","coordinates":[-94.885,29.485]}},{"type":"Feature","properties":{"n":4},"geometry":{"type":"Point","coordinates":[-90.92,29.15]}},{"type":"Feature","properties":{"n":29},"geometry":{"type":"Point","coordinates":[-90.57,29.215]}},{"type":"Feature","properties":{"n":444},"geometry":{"type":"Point","coordinates":[-96.77,28.33]}},{"type":"Feature","properties":{"n":311},"geometry":{"type":"Point","coordinates":[-90.715,29.155]}},{"type":"Feature","properties":{"n":2},"geometry":{"type":"Point","coordinates":[-76.14,38.725]}},{"type":"Feature","properties":{"n":290},"geometry":{"type":"Point","coordinates":[-90.7,29.22]}},{"type":"Feature","properties":{"n":610},"geometry":{"type":"Point","coordinates":[-89.435,29.75]}},{"type":"Feature","properties":{"n":1238},"geometry":{"type":"Point","coordinates":[-89.585,29.335]}},{"type":"Feature","properties":{"n":236},"geometry":{"type":"Point","coordinates":[-92.1,29.575]}},{"type":"Feature","properties":{"n":201},"geometry":{"type":"Point","coordinates":[-90.035,29.475]}},{"type":"Feature","properties":{"n":570},"geometry":{"type":"Point","coordinates":[-89.58,29.29]}},{"type":"Feature","properties":{"n":110},"geometry":{"type":"Point","coordinates":[-90.86,29.225]}},{"type":"Feature","properties":{"n":104},"geometry":{"type":"Point","coordinates":[-89.61,29.38]}},{"type":"Feature","properties":{"n":387},"geometry":{"type":"Point","coordinates":[-91.92,29.515]}},{"type":"Feature","properties":{"n":6},"geometry":{"type":"Point","coordinates":[-90.015,29.405]}},{"type":"Feature","properties":{"n":186},"geometry":{"type":"Point","coordinates":[-89.43,29.75]}},{"type":"Feature","properties":{"n":72},"geometry":{"type":"Point","coordinates":[-90.39,29.365]}},{"type":"Feature","properties":{"n":301},"geometry":{"type":"Point","coordinates":[-90.69,29.235]}},{"type":"Feature","properties":{"n":44},"geometry":{"type":"Point","coordinates":[-97.03,28.155]}},{"type":"Feature","properties":{"n":305},"geometry":{"type":"Point","coordinates":[-75.855,38.21]}},{"type":"Feature","properties":{"n":616},"geometry":{"type":"Point","coordinates":[-90.355,29.34]}},{"type":"Feature","properties":{"n":6},"geometry":{"type":"Point","coordinates":[-89.25,30.11]}},{"type":"Feature","properties":{"n":3},"geometry":{"type":"Point","coordinates":[-90.515,29.375]}},{"type":"Feature","properties":{"n":12},"geometry":{"type":"Point","coordinates":[-89.655,29.6]}},{"type":"Feature","properties":{"n":173},"geometry":{"type":"Point","coordinates":[-91.825,29.425]}},{"type":"Feature","properties":{"n":625},"geometry":{"type":"Point","coordinates":[-89.63,29.39]}},{"type":"Feature","properties":{"n":48},"geometry":{"type":"Point","coordinates":[-91.815,29.465]}},{"type":"Feature","properties":{"n":47},"geometry":{"type":"Point","coordinates":[-90.79,29.145]}},{"type":"Feature","properties":{"n":12},"geometry":{"type":"Point","coordinates":[-90.785,29.125]}},{"type":"Feature","properties":{"n":201},"geometry":{"type":"Point","coordinates":[-89.48,29.845]}},{"type":"Feature","properties":{"n":134},"geometry":{"type":"Point","coordinates":[-89.505,29.72]}},{"type":"Feature","properties":{"n":7},"geometry":{"type":"Point","coordinates":[-89.585,29.735]}},{"type":"Feature","properties":{"n":529},"geometry":{"type":"Point","coordinates":[-90.795,29.22]}},{"type":"Feature","properties":{"n":2},"geometry":{"type":"Point","coordinates":[-90.69,29.34]}},{"type":"Feature","properties":{"n":103},"geometry":{"type":"Point","coordinates":[-89.33,29.89]}},{"type":"Feature","properties":{"n":442},"geometry":{"type":"Point","coordinates":[-89.605,29.31]}},{"type":"Feature","properties":{"n":65},"geometry":{"type":"Point","coordinates":[-90.76,29.215]}},{"type":"Feature","properties":{"n":146},"geometry":{"type":"Point","coordinates":[-89.25,30.105]}},{"type":"Feature","properties":{"n":211},"geometry":{"type":"Point","coordinates":[-91.935,29.485]}},{"type":"Feature","properties":{"n":83},"geometry":{"type":"Point","coordinates":[-94.89,29.515]}},{"type":"Feature","properties":{"n":34},"geometry":{"type":"Point","coordinates":[-89.84,29.475]}},{"type":"Feature","properties":{"n":194},"geometry":{"type":"Point","coordinates":[-90.59,29.355]}},{"type":"Feature","properties":{"n":105},"geometry":{"type":"Point","coordinates":[-90.51,29.365]}},{"type":"Feature","properties":{"n":49},"geometry":{"type":"Point","coordinates":[-89.455,29.835]}},{"type":"Feature","properties":{"n":2012},"geometry":{"type":"Point","coordinates":[-94.695,29.53]}},{"type":"Feature","properties":{"n":173},"geometry":{"type":"Point","coordinates":[-92.035,29.56]}},{"type":"Feature","properties":{"n":7},"geometry":{"type":"Point","coordinates":[-90.965,29.185]}},{"type":"Feature","properties":{"n":400},"geometry":{"type":"Point","coordinates":[-90.685,29.245]}},{"type":"Feature","properties":{"n":1012},"geometry":{"type":"Point","coordinates":[-90.545,29.37]}},{"type":"Feature","properties":{"n":188},"geometry":{"type":"Point","coordinates":[-90.75,29.15]}},{"type":"Feature","properties":{"n":318},"geometry":{"type":"Point","coordinates":[-90.73,29.25]}},{"type":"Feature","properties":{"n":44},"geometry":{"type":"Point","coordinates":[-89.235,29.945]}},{"type":"Feature","properties":{"n":207},"geometry":{"type":"Point","coordinates":[-89.71,29.345]}},{"type":"Feature","properties":{"n":445},"geometry":{"type":"Point","coordinates":[-90.73,29.19]}},{"type":"Feature","properties":{"n":155},"geometry":{"type":"Point","coordinates":[-89.555,29.735]}},{"type":"Feature","properties":{"n":74},"geometry":{"type":"Point","coordinates":[-90.13,29.365]}},{"type":"Feature","properties":{"n":95},"geometry":{"type":"Point","coordinates":[-89.305,29.83]}},{"type":"Feature","properties":{"n":303},"geometry":{"type":"Point","coordinates":[-89.625,29.355]}},{"type":"Feature","properties":{"n":122},"geometry":{"type":"Point","coordinates":[-90.17,29.29]}},{"type":"Feature","properties":{"n":44},"geometry":{"type":"Point","coordinates":[-91.86,29.485]}},{"type":"Feature","properties":{"n":150},"geometry":{"type":"Point","coordinates":[-89.555,29.715]}},{"type":"Feature","properties":{"n":43},"geometry":{"type":"Point","coordinates":[-90.715,29.175]}},{"type":"Feature","properties":{"n":5},"geometry":{"type":"Point","coordinates":[-90.615,29.23]}},{"type":"Feature","properties":{"n":266},"geometry":{"type":"Point","coordinates":[-90.83,29.18]}},{"type":"Feature","properties":{"n":53},"geometry":{"type":"Point","coordinates":[-96.715,28.35]}},{"type":"Feature","properties":{"n":74},"geometry":{"type":"Point","coordinates":[-90.735,29.135]}},{"type":"Feature","properties":{"n":1},"geometry":{"type":"Point","coordinates":[-89.725,29.32]}},{"type":"Feature","properties":{"n":437},"geometry":{"type":"Point","coordinates":[-89.37,29.89]}},{"type":"Feature","properties":{"n":41},"geometry":{"type":"Point","coordinates":[-90.435,29.405]}},{"type":"Feature","properties":{"n":64},"geometry":{"type":"Point","coordinates":[-90.685,29.355]}},{"type":"Feature","properties":{"n":68},"geometry":{"type":"Point","coordinates":[-90.74,29.125]}},{"type":"Feature","properties":{"n":246},"geometry":{"type":"Point","coordinates":[-89.82,29.41]}},{"type":"Feature","properties":{"n":250},"geometry":{"type":"Point","coordinates":[-89.27,30.005]}},{"type":"Feature","properties":{"n":558},"geometry":{"type":"Point","coordinates":[-89.92,29.45]}},{"type":"Feature","properties":{"n":248},"geometry":{"type":"Point","coordinates":[-90.73,29.18]}},{"type":"Feature","properties":{"n":11},"geometry":{"type":"Point","coordinates":[-90.495,29.295]}},{"type":"Feature","properties":{"n":190},"geometry":{"type":"Point","coordinates":[-90.785,29.225]}},{"type":"Feature","properties":{"n":3},"geometry":{"type":"Point","coordinates":[-89.725,29.475]}},{"type":"Feature","properties":{"n":33},"geometry":{"type":"Point","coordinates":[-90.58,29.22]}},{"type":"Feature","properties":{"n":3},"geometry":{"type":"Point","coordinates":[-94.68,29.51]}},{"type":"Feature","properties":{"n":35},"geometry":{"type":"Point","coordinates":[-90.61,29.235]}},{"type":"Feature","properties":{"n":202},"geometry":{"type":"Point","coordinates":[-89.37,29.895]}},{"type":"Feature","properties":{"n":517},"geometry":{"type":"Point","coordinates":[-90.465,29.405]}},{"type":"Feature","properties":{"n":184},"geometry":{"type":"Point","coordinates":[-90.795,29.16]}},{"type":"Feature","properties":{"n":90},"geometry":{"type":"Point","coordinates":[-90.73,29.145]}},{"type":"Feature","properties":{"n":68},"geometry":{"type":"Point","coordinates":[-89.33,29.93]}},{"type":"Feature","properties":{"n":488},"geometry":{"type":"Point","coordinates":[-89.41,29.915]}},{"type":"Feature","properties":{"n":13},"geometry":{"type":"Point","coordinates":[-89.495,29.715]}},{"type":"Feature","properties":{"n":447},"geometry":{"type":"Point","coordinates":[-75.91,38.285]}},{"type":"Feature","properties":{"n":8},"geometry":{"type":"Point","coordinates":[-90.71,29.31]}},{"type":"Feature","properties":{"n":162},"geometry":{"type":"Point","coordinates":[-90.96,29.275]}},{"type":"Feature","properties":{"n":2},"geometry":{"type":"Point","coordinates":[-89.9,29.465]}},{"type":"Feature","properties":{"n":118},"geometry":{"type":"Point","coordinates":[-90.075,29.36]}},{"type":"Feature","properties":{"n":45},"geometry":{"type":"Point","coordinates":[-89.54,29.295]}},{"type":"Feature","properties":{"n":3},"geometry":{"type":"Point","coordinates":[-89.71,29.44]}},{"type":"Feature","properties":{"n":396},"geometry":{"type":"Point","coordinates":[-96.78,28.325]}},{"type":"Feature","properties":{"n":63},"geometry":{"type":"Point","coordinates":[-90.58,29.345]}},{"type":"Feature","properties":{"n":225},"geometry":{"type":"Point","coordinates":[-90.2,29.295]}},{"type":"Feature","properties":{"n":411},"geometry":{"type":"Point","coordinates":[-89.715,29.415]}},{"type":"Feature","properties":{"n":80},"geometry":{"type":"Point","coordinates":[-90.7,29.255]}},{"type":"Feature","properties":{"n":533},"geometry":{"type":"Point","coordinates":[-94.7,29.535]}},{"type":"Feature","properties":{"n":134},"geometry":{"type":"Point","coordinates":[-90.855,29.105]}},{"type":"Feature","properties":{"n":885},"geometry":{"type":"Point","coordinates":[-89.915,29.465]}},{"type":"Feature","properties":{"n":266},"geometry":{"type":"Point","coordinates":[-89.72,29.415]}},{"type":"Feature","properties":{"n":1},"geometry":{"type":"Point","coordinates":[-89.215,30.115]}},{"type":"Feature","properties":{"n":176},"geometry":{"type":"Point","coordinates":[-89.735,29.465]}},{"type":"Feature","properties":{"n":16},"geometry":{"type":"Point","coordinates":[-90.555,29.295]}},{"type":"Feature","properties":{"n":138},"geometry":{"type":"Point","coordinates":[-90.735,29.275]}},{"type":"Feature","properties":{"n":750},"geometry":{"type":"Point","coordinates":[-89.555,29.705]}},{"type":"Feature","properties":{"n":32},"geometry":{"type":"Point","coordinates":[-89.51,29.29]}},{"type":"Feature","properties":{"n":143},"geometry":{"type":"Point","coordinates":[-89.38,30.02]}},{"type":"Feature","properties":{"n":185},"geometry":{"type":"Point","coordinates":[-89.685,29.36]}},{"type":"Feature","properties":{"n":600},"geometry":{"type":"Point","coordinates":[-90.055,29.38]}},{"type":"Feature","properties":{"n":27},"geometry":{"type":"Point","coordinates":[-90.41,29.27]}},{"type":"Feature","properties":{"n":860},"geometry":{"type":"Point","coordinates":[-92.06,29.57]}},{"type":"Feature","properties":{"n":150},"geometry":{"type":"Point","coordinates":[-75.92,38.27]}},{"type":"Feature","properties":{"n":425},"geometry":{"type":"Point","coordinates":[-91.895,29.48]}},{"type":"Feature","properties":{"n":3750},"geometry":{"type":"Point","coordinates":[-89.55,29.345]}},{"type":"Feature","properties":{"n":204},"geometry":{"type":"Point","coordinates":[-90.68,29.265]}},{"type":"Feature","properties":{"n":355},"geometry":{"type":"Point","coordinates":[-94.79,29.535]}},{"type":"Feature","properties":{"n":20},"geometry":{"type":"Point","coordinates":[-90.42,29.395]}},{"type":"Feature","properties":{"n":250},"geometry":{"type":"Point","coordinates":[-76.015,38.33]}},{"type":"Feature","properties":{"n":10},"geometry":{"type":"Point","coordinates":[-92.11,29.565]}},{"type":"Feature","properties":{"n":19},"geometry":{"type":"Point","coordinates":[-90.545,29.415]}},{"type":"Feature","properties":{"n":39},"geometry":{"type":"Point","coordinates":[-89.52,29.815]}},{"type":"Feature","properties":{"n":376},"geometry":{"type":"Point","coordinates":[-90.83,29.26]}},{"type":"Feature","properties":{"n":2198},"geometry":{"type":"Point","coordinates":[-90.545,29.39]}},{"type":"Feature","properties":{"n":57},"geometry":{"type":"Point","coordinates":[-89.29,29.86]}},{"type":"Feature","properties":{"n":11},"geometry":{"type":"Point","coordinates":[-90.55,29.32]}},{"type":"Feature","properties":{"n":272},"geometry":{"type":"Point","coordinates":[-89.45,29.785]}},{"type":"Feature","properties":{"n":177},"geometry":{"type":"Point","coordinates":[-89.82,29.46]}},{"type":"Feature","properties":{"n":4},"geometry":{"type":"Point","coordinates":[-89.945,29.445]}},{"type":"Feature","properties":{"n":50},"geometry":{"type":"Point","coordinates":[-90.84,29.185]}},{"type":"Feature","properties":{"n":43},"geometry":{"type":"Point","coordinates":[-89.45,29.7]}},{"type":"Feature","properties":{"n":29},"geometry":{"type":"Point","coordinates":[-91.855,29.43]}},{"type":"Feature","properties":{"n":172},"geometry":{"type":"Point","coordinates":[-75.875,38.22]}},{"type":"Feature","properties":{"n":161},"geometry":{"type":"Point","coordinates":[-89.475,29.755]}},{"type":"Feature","properties":{"n":141},"geometry":{"type":"Point","coordinates":[-89.59,29.745]}},{"type":"Feature","properties":{"n":216},"geometry":{"type":"Point","coordinates":[-91.92,29.52]}},{"type":"Feature","properties":{"n":409},"geometry":{"type":"Point","coordinates":[-89.38,29.96]}},{"type":"Feature","properties":{"n":91},"geometry":{"type":"Point","coordinates":[-91.135,29.25]}},{"type":"Feature","properties":{"n":2},"geometry":{"type":"Point","coordinates":[-90.25,29.26]}},{"type":"Feature","properties":{"n":222},"geometry":{"type":"Point","coordinates":[-89.915,29.46]}},{"type":"Feature","properties":{"n":508},"geometry":{"type":"Point","coordinates":[-94.71,29.46]}},{"type":"Feature","properties":{"n":133},"geometry":{"type":"Point","coordinates":[-90.145,29.345]}},{"type":"Feature","properties":{"n":172},"geometry":{"type":"Point","coordinates":[-90.53,29.38]}},{"type":"Feature","properties":{"n":440},"geometry":{"type":"Point","coordinates":[-90.56,29.36]}},{"type":"Feature","properties":{"n":475},"geometry":{"type":"Point","coordinates":[-90.845,29.175]}},{"type":"Feature","properties":{"n":178},"geometry":{"type":"Point","coordinates":[-89.73,29.36]}},{"type":"Feature","properties":{"n":3},"geometry":{"type":"Point","coordinates":[-89.53,29.74]}},{"type":"Feature","properties":{"n":146},"geometry":{"type":"Point","coordinates":[-89.805,29.425]}},{"type":"Feature","properties":{"n":137},"geometry":{"type":"Point","coordinates":[-90.785,29.13]}},{"type":"Feature","properties":{"n":2},"geometry":{"type":"Point","coordinates":[-89.415,29.905]}},{"type":"Feature","properties":{"n":434},"geometry":{"type":"Point","coordinates":[-89.36,29.935]}},{"type":"Feature","properties":{"n":3},"geometry":{"type":"Point","coordinates":[-89.59,29.715]}},{"type":"Feature","properties":{"n":3},"geometry":{"type":"Point","coordinates":[-89.435,29.935]}},{"type":"Feature","properties":{"n":223},"geometry":{"type":"Point","coordinates":[-90.435,29.26]}},{"type":"Feature","properties":{"n":49},"geometry":{"type":"Point","coordinates":[-94.89,29.51]}},{"type":"Feature","properties":{"n":198},"geometry":{"type":"Point","coordinates":[-89.555,29.695]}},{"type":"Feature","properties":{"n":144},"geometry":{"type":"Point","coordinates":[-94.9,29.475]}},{"type":"Feature","properties":{"n":79},"geometry":{"type":"Point","coordinates":[-89.42,29.78]}},{"type":"Feature","properties":{"n":117},"geometry":{"type":"Point","coordinates":[-91.91,29.5]}},{"type":"Feature","properties":{"n":136},"geometry":{"type":"Point","coordinates":[-89.485,29.225]}},{"type":"Feature","properties":{"n":94},"geometry":{"type":"Point","coordinates":[-90.305,29.275]}},{"type":"Feature","properties":{"n":177},"geometry":{"type":"Point","coordinates":[-90.66,29.21]}},{"type":"Feature","properties":{"n":82},"geometry":{"type":"Point","coordinates":[-90.485,29.29]}},{"type":"Feature","properties":{"n":10},"geometry":{"type":"Point","coordinates":[-90.295,29.375]}},{"type":"Feature","properties":{"n":116},"geometry":{"type":"Point","coordinates":[-89.41,29.825]}},{"type":"Feature","properties":{"n":91},"geometry":{"type":"Point","coordinates":[-90.05,29.475]}},{"type":"Feature","properties":{"n":152},"geometry":{"type":"Point","coordinates":[-90.415,29.375]}},{"type":"Feature","properties":{"n":29},"geometry":{"type":"Point","coordinates":[-89.27,29.94]}},{"type":"Feature","properties":{"n":291},"geometry":{"type":"Point","coordinates":[-90.345,29.32]}},{"type":"Feature","properties":{"n":177},"geometry":{"type":"Point","coordinates":[-90.25,29.28]}},{"type":"Feature","properties":{"n":1334},"geometry":{"type":"Point","coordinates":[-75.85,38.215]}},{"type":"Feature","properties":{"n":858},"geometry":{"type":"Point","coordinates":[-89.335,29.98]}},{"type":"Feature","properties":{"n":345},"geometry":{"type":"Point","coordinates":[-89.655,29.34]}},{"type":"Feature","properties":{"n":197},"geometry":{"type":"Point","coordinates":[-89.685,29.345]}},{"type":"Feature","properties":{"n":270},"geometry":{"type":"Point","coordinates":[-90.615,29.275]}},{"type":"Feature","properties":{"n":153},"geometry":{"type":"Point","coordinates":[-90.675,29.295]}},{"type":"Feature","properties":{"n":37},"geometry":{"type":"Point","coordinates":[-90.47,29.415]}},{"type":"Feature","properties":{"n":17},"geometry":{"type":"Point","coordinates":[-90.585,29.24]}},{"type":"Feature","properties":{"n":420},"geometry":{"type":"Point","coordinates":[-90.445,29.4]}},{"type":"Feature","properties":{"n":33},"geometry":{"type":"Point","coordinates":[-89.975,29.415]}},{"type":"Feature","properties":{"n":44},"geometry":{"type":"Point","coordinates":[-90.485,29.28]}},{"type":"Feature","properties":{"n":22},"geometry":{"type":"Point","coordinates":[-90.67,29.325]}},{"type":"Feature","properties":{"n":440},"geometry":{"type":"Point","coordinates":[-89.315,30.045]}},{"type":"Feature","properties":{"n":552},"geometry":{"type":"Point","coordinates":[-94.705,29.47]}},{"type":"Feature","properties":{"n":1},"geometry":{"type":"Point","coordinates":[-92.165,29.575]}},{"type":"Feature","properties":{"n":1},"geometry":{"type":"Point","coordinates":[-96.965,28.085]}},{"type":"Feature","properties":{"n":3},"geometry":{"type":"Point","coordinates":[-90.64,29.235]}},{"type":"Feature","properties":{"n":445},"geometry":{"type":"Point","coordinates":[-89.615,29.375]}},{"type":"Feature","properties":{"n":183},"geometry":{"type":"Point","coordinates":[-89.355,29.855]}},{"type":"Feature","properties":{"n":18},"geometry":{"type":"Point","coordinates":[-90.56,29.23]}},{"type":"Feature","properties":{"n":22},"geometry":{"type":"Point","coordinates":[-90.515,29.37]}},{"type":"Feature","properties":{"n":281},"geometry":{"type":"Point","coordinates":[-90.465,29.42]}},{"type":"Feature","properties":{"n":97},"geometry":{"type":"Point","coordinates":[-89.47,29.82]}},{"type":"Feature","properties":{"n":567},"geometry":{"type":"Point","coordinates":[-90.325,29.375]}},{"type":"Feature","properties":{"n":807},"geometry":{"type":"Point","coordinates":[-89.445,29.8]}},{"type":"Feature","properties":{"n":80},"geometry":{"type":"Point","coordinates":[-89.395,30.195]}},{"type":"Feature","properties":{"n":243},"geometry":{"type":"Point","coordinates":[-89.645,29.31]}},{"type":"Feature","properties":{"n":44},"geometry":{"type":"Point","coordinates":[-90.675,29.135]}},{"type":"Feature","properties":{"n":2},"geometry":{"type":"Point","coordinates":[-96.96,28.05]}},{"type":"Feature","properties":{"n":1328},"geometry":{"type":"Point","coordinates":[-76.085,38.24]}},{"type":"Feature","properties":{"n":187},"geometry":{"type":"Point","coordinates":[-89.27,29.98]}},{"type":"Feature","properties":{"n":174},"geometry":{"type":"Point","coordinates":[-90.205,29.285]}},{"type":"Feature","properties":{"n":707},"geometry":{"type":"Point","coordinates":[-89.555,29.35]}},{"type":"Feature","properties":{"n":138},"geometry":{"type":"Point","coordinates":[-90.48,29.355]}},{"type":"Feature","properties":{"n":518},"geometry":{"type":"Point","coordinates":[-90.695,29.285]}},{"type":"Feature","properties":{"n":40},"geometry":{"type":"Point","coordinates":[-90.63,29.34]}},{"type":"Feature","properties":{"n":12},"geometry":{"type":"Point","coordinates":[-89.36,29.965]}},{"type":"Feature","properties":{"n":192},"geometry":{"type":"Point","coordinates":[-90.765,29.195]}},{"type":"Feature","properties":{"n":305},"geometry":{"type":"Point","coordinates":[-94.93,29.25]}},{"type":"Feature","properties":{"n":335},"geometry":{"type":"Point","coordinates":[-89.31,29.905]}},{"type":"Feature","properties":{"n":281},"geometry":{"type":"Point","coordinates":[-76.1,38.24]}},{"type":"Feature","properties":{"n":303},"geometry":{"type":"Point","coordinates":[-89.72,29.42]}},{"type":"Feature","properties":{"n":944},"geometry":{"type":"Point","coordinates":[-89.365,29.84]}},{"type":"Feature","properties":{"n":3},"geometry":{"type":"Point","coordinates":[-96.475,28.61]}},{"type":"Feature","properties":{"n":26},"geometry":{"type":"Point","coordinates":[-94.885,29.475]}},{"type":"Feature","properties":{"n":61},"geometry":{"type":"Point","coordinates":[-89.33,29.82]}},{"type":"Feature","properties":{"n":31},"geometry":{"type":"Point","coordinates":[-75.87,38.245]}},{"type":"Feature","properties":{"n":32},"geometry":{"type":"Point","coordinates":[-90.005,29.43]}},{"type":"Feature","properties":{"n":125},"geometry":{"type":"Point","coordinates":[-90.3,29.285]}},{"type":"Feature","properties":{"n":1},"geometry":{"type":"Point","coordinates":[-76.05,38.575]}},{"type":"Feature","properties":{"n":189},"geometry":{"type":"Point","coordinates":[-90.575,29.37]}},{"type":"Feature","properties":{"n":199},"geometry":{"type":"Point","coordinates":[-90.86,29.275]}},{"type":"Feature","properties":{"n":254},"geometry":{"type":"Point","coordinates":[-94.75,29.49]}},{"type":"Feature","properties":{"n":11},"geometry":{"type":"Point","coordinates":[-89.985,29.455]}},{"type":"Feature","properties":{"n":134},"geometry":{"type":"Point","coordinates":[-89.715,29.315]}},{"type":"Feature","properties":{"n":623},"geometry":{"type":"Point","coordinates":[-89.565,29.275]}},{"type":"Feature","properties":{"n":598},"geometry":{"type":"Point","coordinates":[-90.71,29.205]}},{"type":"Feature","properties":{"n":31},"geometry":{"type":"Point","coordinates":[-89.61,29.705]}},{"type":"Feature","properties":{"n":5},"geometry":{"type":"Point","coordinates":[-75.92,38.325]}},{"type":"Feature","properties":{"n":552},"geometry":{"type":"Point","coordinates":[-94.725,29.49]}},{"type":"Feature","properties":{"n":248},"geometry":{"type":"Point","coordinates":[-90.75,29.185]}},{"type":"Feature","properties":{"n":103},"geometry":{"type":"Point","coordinates":[-75.96,38.16]}},{"type":"Feature","properties":{"n":12},"geometry":{"type":"Point","coordinates":[-90.995,29.175]}},{"type":"Feature","properties":{"n":139},"geometry":{"type":"Point","coordinates":[-91.135,29.255]}},{"type":"Feature","properties":{"n":103},"geometry":{"type":"Point","coordinates":[-91.885,29.485]}},{"type":"Feature","properties":{"n":226},"geometry":{"type":"Point","coordinates":[-90.62,29.27]}},{"type":"Feature","properties":{"n":167},"geometry":{"type":"Point","coordinates":[-89.46,29.805]}},{"type":"Feature","properties":{"n":487},"geometry":{"type":"Point","coordinates":[-91.93,29.52]}},{"type":"Feature","properties":{"n":334},"geometry":{"type":"Point","coordinates":[-89.655,29.385]}},{"type":"Feature","properties":{"n":141},"geometry":{"type":"Point","coordinates":[-89.48,29.795]}},{"type":"Feature","properties":{"n":5},"geometry":{"type":"Point","coordinates":[-89.29,30.0]}},{"type":"Feature","properties":{"n":348},"geometry":{"type":"Point","coordinates":[-90.765,29.17]}},{"type":"Feature","properties":{"n":42},"geometry":{"type":"Point","coordinates":[-90.53,29.32]}},{"type":"Feature","properties":{"n":43},"geometry":{"type":"Point","coordinates":[-90.735,29.23]}},{"type":"Feature","properties":{"n":420},"geometry":{"type":"Point","coordinates":[-94.81,29.545]}},{"type":"Feature","properties":{"n":243},"geometry":{"type":"Point","coordinates":[-89.725,29.365]}},{"type":"Feature","properties":{"n":7},"geometry":{"type":"Point","coordinates":[-89.96,29.315]}},{"type":"Feature","properties":{"n":129},"geometry":{"type":"Point","coordinates":[-91.85,29.405]}},{"type":"Feature","properties":{"n":273},"geometry":{"type":"Point","coordinates":[-90.6,29.265]}},{"type":"Feature","properties":{"n":61},"geometry":{"type":"Point","coordinates":[-90.675,29.325]}},{"type":"Feature","properties":{"n":106},"geometry":{"type":"Point","coordinates":[-89.375,29.93]}},{"type":"Feature","properties":{"n":111},"geometry":{"type":"Point","coordinates":[-90.58,29.34]}},{"type":"Feature","properties":{"n":36},"geometry":{"type":"Point","coordinates":[-90.59,29.225]}},{"type":"Feature","properties":{"n":18},"geometry":{"type":"Point","coordinates":[-89.84,29.49]}},{"type":"Feature","properties":{"n":184},"geometry":{"type":"Point","coordinates":[-89.965,29.44]}},{"type":"Feature","properties":{"n":479},"geometry":{"type":"Point","coordinates":[-89.46,29.975]}},{"type":"Feature","properties":{"n":542},"geometry":{"type":"Point","coordinates":[-96.705,28.23]}},{"type":"Feature","properties":{"n":1},"geometry":{"type":"Point","coordinates":[-90.505,29.38]}},{"type":"Feature","properties":{"n":399},"geometry":{"type":"Point","coordinates":[-89.665,29.31]}},{"type":"Feature","properties":{"n":14},"geometry":{"type":"Point","coordinates":[-89.36,29.83]}},{"type":"Feature","properties":{"n":53},"geometry":{"type":"Point","coordinates":[-97.09,28.14]}},{"type":"Feature","properties":{"n":19},"geometry":{"type":"Point","coordinates":[-89.555,29.32]}},{"type":"Feature","properties":{"n":602},"geometry":{"type":"Point","coordinates":[-89.685,29.375]}},{"type":"Feature","properties":{"n":42},"geometry":{"type":"Point","coordinates":[-90.84,29.135]}},{"type":"Feature","properties":{"n":71},"geometry":{"type":"Point","coordinates":[-90.875,29.27]}},{"type":"Feature","properties":{"n":44},"geometry":{"type":"Point","coordinates":[-89.35,29.975]}},{"type":"Feature","properties":{"n":281},"geometry":{"type":"Point","coordinates":[-75.875,38.235]}},{"type":"Feature","properties":{"n":397},"geometry":{"type":"Point","coordinates":[-89.5,29.76]}},{"type":"Feature","properties":{"n":500},"geometry":{"type":"Point","coordinates":[-89.855,29.455]}},{"type":"Feature","properties":{"n":202},"geometry":{"type":"Point","coordinates":[-89.38,29.94]}},{"type":"Feature","properties":{"n":185},"geometry":{"type":"Point","coordinates":[-89.7,29.375]}},{"type":"Feature","properties":{"n":30},"geometry":{"type":"Point","coordinates":[-89.71,29.4]}},{"type":"Feature","properties":{"n":22},"geometry":{"type":"Point","coordinates":[-96.6,28.645]}},{"type":"Feature","properties":{"n":262},"geometry":{"type":"Point","coordinates":[-94.88,29.495]}},{"type":"Feature","properties":{"n":591},"geometry":{"type":"Point","coordinates":[-96.73,28.3]}},{"type":"Feature","properties":{"n":23},"geometry":{"type":"Point","coordinates":[-89.385,29.935]}},{"type":"Feature","properties":{"n":14},"geometry":{"type":"Point","coordinates":[-90.86,29.17]}},{"type":"Feature","properties":{"n":524},"geometry":{"type":"Point","coordinates":[-89.97,29.47]}},{"type":"Feature","properties":{"n":61},"geometry":{"type":"Point","coordinates":[-90.635,29.265]}},{"type":"Feature","properties":{"n":359},"geometry":{"type":"Point","coordinates":[-90.735,29.19]}},{"type":"Feature","properties":{"n":161},"geometry":{"type":"Point","coordinates":[-90.74,29.28]}},{"type":"Feature","properties":{"n":288},"geometry":{"type":"Point","coordinates":[-96.715,28.245]}},{"type":"Feature","properties":{"n":74},"geometry":{"type":"Point","coordinates":[-90.68,29.255]}},{"type":"Feature","properties":{"n":616},"geometry":{"type":"Point","coordinates":[-89.67,29.38]}},{"type":"Feature","properties":{"n":203},"geometry":{"type":"Point","coordinates":[-89.25,29.95]}},{"type":"Feature","properties":{"n":5},"geometry":{"type":"Point","coordinates":[-89.55,29.84]}},{"type":"Feature","properties":{"n":53},"geometry":{"type":"Point","coordinates":[-89.555,29.685]}},{"type":"Feature","properties":{"n":29},"geometry":{"type":"Point","coordinates":[-89.845,29.43]}},{"type":"Feature","properties":{"n":156},"geometry":{"type":"Point","coordinates":[-89.65,29.73]}},{"type":"Feature","properties":{"n":198},"geometry":{"type":"Point","coordinates":[-89.25,30.04]}},{"type":"Feature","properties":{"n":104},"geometry":{"type":"Point","coordinates":[-89.38,29.93]}},{"type":"Feature","properties":{"n":694},"geometry":{"type":"Point","coordinates":[-90.62,29.32]}},{"type":"Feature","properties":{"n":72},"geometry":{"type":"Point","coordinates":[-89.225,30.0]}},{"type":"Feature","properties":{"n":13},"geometry":{"type":"Point","coordinates":[-90.805,29.235]}},{"type":"Feature","properties":{"n":252},"geometry":{"type":"Point","coordinates":[-90.405,29.375]}},{"type":"Feature","properties":{"n":7},"geometry":{"type":"Point","coordinates":[-89.605,29.73]}},{"type":"Feature","properties":{"n":11},"geometry":{"type":"Point","coordinates":[-90.885,29.22]}},{"type":"Feature","properties":{"n":740},"geometry":{"type":"Point","coordinates":[-89.66,29.345]}},{"type":"Feature","properties":{"n":87},"geometry":{"type":"Point","coordinates":[-90.535,29.375]}},{"type":"Feature","properties":{"n":126},"geometry":{"type":"Point","coordinates":[-91.85,29.47]}},{"type":"Feature","properties":{"n":467},"geometry":{"type":"Point","coordinates":[-89.94,29.44]}},{"type":"Feature","properties":{"n":267},"geometry":{"type":"Point","coordinates":[-94.895,29.47]}},{"type":"Feature","properties":{"n":745},"geometry":{"type":"Point","coordinates":[-91.935,29.495]}},{"type":"Feature","properties":{"n":6},"geometry":{"type":"Point","coordinates":[-89.675,29.41]}},{"type":"Feature","properties":{"n":12},"geometry":{"type":"Point","coordinates":[-89.465,29.785]}},{"type":"Feature","properties":{"n":3},"geometry":{"type":"Point","coordinates":[-90.565,29.425]}},{"type":"Feature","properties":{"n":2075},"geometry":{"type":"Point","coordinates":[-89.64,29.395]}},{"type":"Feature","properties":{"n":209},"geometry":{"type":"Point","coordinates":[-89.445,29.795]}},{"type":"Feature","properties":{"n":3},"geometry":{"type":"Point","coordinates":[-90.705,29.105]}},{"type":"Feature","properties":{"n":14},"geometry":{"type":"Point","coordinates":[-91.86,29.45]}},{"type":"Feature","properties":{"n":23},"geometry":{"type":"Point","coordinates":[-90.825,29.21]}},{"type":"Feature","properties":{"n":361},"geometry":{"type":"Point","coordinates":[-89.705,29.35]}},{"type":"Feature","properties":{"n":219},"geometry":{"type":"Point","coordinates":[-91.935,29.505]}},{"type":"Feature","properties":{"n":432},"geometry":{"type":"Point","coordinates":[-90.67,29.22]}},{"type":"Feature","properties":{"n":23},"geometry":{"type":"Point","coordinates":[-90.69,29.36]}},{"type":"Feature","properties":{"n":14},"geometry":{"type":"Point","coordinates":[-90.395,29.325]}},{"type":"Feature","properties":{"n":270},"geometry":{"type":"Point","coordinates":[-89.41,29.82]}},{"type":"Feature","properties":{"n":42},"geometry":{"type":"Point","coordinates":[-89.51,30.02]}},{"type":"Feature","properties":{"n":18},"geometry":{"type":"Point","coordinates":[-94.675,29.515]}},{"type":"Feature","properties":{"n":279},"geometry":{"type":"Point","coordinates":[-89.605,29.345]}},{"type":"Feature","properties":{"n":10},"geometry":{"type":"Point","coordinates":[-90.795,29.25]}},{"type":"Feature","properties":{"n":181},"geometry":{"type":"Point","coordinates":[-90.68,29.335]}},{"type":"Feature","properties":{"n":11},"geometry":{"type":"Point","coordinates":[-89.44,29.745]}},{"type":"Feature","properties":{"n":340},"geometry":{"type":"Point","coordinates":[-90.715,29.24]}},{"type":"Feature","properties":{"n":136},"geometry":{"type":"Point","coordinates":[-90.66,29.36]}},{"type":"Feature","properties":{"n":6},"geometry":{"type":"Point","coordinates":[-89.935,29.45]}},{"type":"Feature","properties":{"n":15},"geometry":{"type":"Point","coordinates":[-96.485,28.61]}},{"type":"Feature","properties":{"n":85},"geometry":{"type":"Point","coordinates":[-89.365,29.815]}},{"type":"Feature","properties":{"n":354},"geometry":{"type":"Point","coordinates":[-89.245,29.975]}},{"type":"Feature","properties":{"n":113},"geometry":{"type":"Point","coordinates":[-94.885,29.44]}},{"type":"Feature","properties":{"n":313},"geometry":{"type":"Point","coordinates":[-89.49,29.31]}},{"type":"Feature","properties":{"n":37},"geometry":{"type":"Point","coordinates":[-90.875,29.26]}},{"type":"Feature","properties":{"n":23},"geometry":{"type":"Point","coordinates":[-89.88,29.41]}},{"type":"Feature","properties":{"n":158},"geometry":{"type":"Point","coordinates":[-90.67,29.365]}},{"type":"Feature","properties":{"n":768},"geometry":{"type":"Point","coordinates":[-94.865,29.64]}},{"type":"Feature","properties":{"n":462},"geometry":{"type":"Point","coordinates":[-90.175,29.3]}},{"type":"Feature","properties":{"n":6},"geometry":{"type":"Point","coordinates":[-89.815,29.38]}},{"type":"Feature","properties":{"n":163},"geometry":{"type":"Point","coordinates":[-90.435,29.325]}},{"type":"Feature","properties":{"n":22},"geometry":{"type":"Point","coordinates":[-89.61,29.39]}},{"type":"Feature","properties":{"n":10},"geometry":{"type":"Point","coordinates":[-90.645,29.39]}},{"type":"Feature","properties":{"n":221},"geometry":{"type":"Point","coordinates":[-90.6,29.32]}},{"type":"Feature","properties":{"n":314},"geometry":{"type":"Point","coordinates":[-92.09,29.585]}},{"type":"Feature","properties":{"n":49},"geometry":{"type":"Point","coordinates":[-89.295,30.035]}},{"type":"Feature","properties":{"n":80},"geometry":{"type":"Point","coordinates":[-90.14,29.36]}},{"type":"Feature","properties":{"n":268},"geometry":{"type":"Point","coordinates":[-89.575,29.735]}},{"type":"Feature","properties":{"n":294},"geometry":{"type":"Point","coordinates":[-90.72,29.215]}},{"type":"Feature","properties":{"n":65},"geometry":{"type":"Point","coordinates":[-89.385,29.885]}},{"type":"Feature","properties":{"n":265},"geometry":{"type":"Point","coordinates":[-89.43,29.755]}},{"type":"Feature","properties":{"n":29},"geometry":{"type":"Point","coordinates":[-90.5,29.345]}},{"type":"Feature","properties":{"n":123},"geometry":{"type":"Point","coordinates":[-90.555,29.335]}},{"type":"Feature","properties":{"n":16},"geometry":{"type":"Point","coordinates":[-90.57,29.335]}},{"type":"Feature","properties":{"n":127},"geometry":{"type":"Point","coordinates":[-90.47,29.42]}},{"type":"Feature","properties":{"n":867},"geometry":{"type":"Point","coordinates":[-89.32,29.95]}},{"type":"Feature","properties":{"n":180},"geometry":{"type":"Point","coordinates":[-90.005,29.41]}},{"type":"Feature","properties":{"n":7},"geometry":{"type":"Point","coordinates":[-89.5,29.265]}},{"type":"Feature","properties":{"n":11},"geometry":{"type":"Point","coordinates":[-92.04,29.545]}},{"type":"Feature","properties":{"n":30},"geometry":{"type":"Point","coordinates":[-90.535,29.22]}},{"type":"Feature","properties":{"n":70},"geometry":{"type":"Point","coordinates":[-89.565,29.73]}},{"type":"Feature","properties":{"n":214},"geometry":{"type":"Point","coordinates":[-94.68,29.52]}},{"type":"Feature","properties":{"n":5},"geometry":{"type":"Point","coordinates":[-90.3,29.24]}},{"type":"Feature","properties":{"n":39},"geometry":{"type":"Point","coordinates":[-91.905,29.485]}},{"type":"Feature","properties":{"n":137},"geometry":{"type":"Point","coordinates":[-89.495,29.285]}},{"type":"Feature","properties":{"n":937},"geometry":{"type":"Point","coordinates":[-89.64,29.38]}},{"type":"Feature","properties":{"n":19},"geometry":{"type":"Point","coordinates":[-90.84,29.16]}},{"type":"Feature","properties":{"n":1072},"geometry":{"type":"Point","coordinates":[-89.605,29.335]}},{"type":"Feature","properties":{"n":126},"geometry":{"type":"Point","coordinates":[-90.445,29.33]}},{"type":"Feature","properties":{"n":62},"geometry":{"type":"Point","coordinates":[-89.385,29.795]}},{"type":"Feature","properties":{"n":69},"geometry":{"type":"Point","coordinates":[-89.51,29.795]}},{"type":"Feature","properties":{"n":836},"geometry":{"type":"Point","coordinates":[-89.62,29.405]}},{"type":"Feature","properties":{"n":17},"geometry":{"type":"Point","coordinates":[-90.01,29.435]}},{"type":"Feature","properties":{"n":756},"geometry":{"type":"Point","coordinates":[-89.35,29.985]}},{"type":"Feature","properties":{"n":143},"geometry":{"type":"Point","coordinates":[-90.53,29.405]}},{"type":"Feature","properties":{"n":71},"geometry":{"type":"Point","coordinates":[-89.255,29.985]}},{"type":"Feature","properties":{"n":90},"geometry":{"type":"Point","coordinates":[-89.845,29.445]}},{"type":"Feature","properties":{"n":191},"geometry":{"type":"Point","coordinates":[-89.56,29.325]}},{"type":"Feature","properties":{"n":37},"geometry":{"type":"Point","coordinates":[-89.725,29.395]}},{"type":"Feature","properties":{"n":245},"geometry":{"type":"Point","coordinates":[-90.28,29.28]}},{"type":"Feature","properties":{"n":3},"geometry":{"type":"Point","coordinates":[-89.465,29.82]}},{"type":"Feature","properties":{"n":232},"geometry":{"type":"Point","coordinates":[-90.75,29.19]}},{"type":"Feature","properties":{"n":288},"geometry":{"type":"Point","coordinates":[-89.63,29.305]}},{"type":"Feature","properties":{"n":28},"geometry":{"type":"Point","coordinates":[-89.27,29.96]}},{"type":"Feature","properties":{"n":117},"geometry":{"type":"Point","coordinates":[-90.61,29.35]}},{"type":"Feature","properties":{"n":929},"geometry":{"type":"Point","coordinates":[-89.635,29.345]}},{"type":"Feature","properties":{"n":160},"geometry":{"type":"Point","coordinates":[-89.705,29.315]}},{"type":"Feature","properties":{"n":467},"geometry":{"type":"Point","coordinates":[-89.34,29.835]}},{"type":"Feature","properties":{"n":2},"geometry":{"type":"Point","coordinates":[-90.545,29.3]}},{"type":"Feature","properties":{"n":105},"geometry":{"type":"Point","coordinates":[-90.445,29.34]}},{"type":"Feature","properties":{"n":296},"geometry":{"type":"Point","coordinates":[-89.325,30.0]}},{"type":"Feature","properties":{"n":366},"geometry":{"type":"Point","coordinates":[-89.25,29.995]}},{"type":"Feature","properties":{"n":237},"geometry":{"type":"Point","coordinates":[-89.525,29.275]}},{"type":"Feature","properties":{"n":411},"geometry":{"type":"Point","coordinates":[-94.79,29.495]}},{"type":"Feature","properties":{"n":324},"geometry":{"type":"Point","coordinates":[-94.885,29.47]}},{"type":"Feature","properties":{"n":10},"geometry":{"type":"Point","coordinates":[-89.715,29.475]}},{"type":"Feature","properties":{"n":6},"geometry":{"type":"Point","coordinates":[-90.34,29.32]}},{"type":"Feature","properties":{"n":257},"geometry":{"type":"Point","coordinates":[-90.195,29.29]}},{"type":"Feature","properties":{"n":213},"geometry":{"type":"Point","coordinates":[-90.19,29.29]}},{"type":"Feature","properties":{"n":240},"geometry":{"type":"Point","coordinates":[-90.695,29.195]}},{"type":"Feature","properties":{"n":203},"geometry":{"type":"Point","coordinates":[-89.36,29.985]}},{"type":"Feature","properties":{"n":149},"geometry":{"type":"Point","coordinates":[-89.72,29.445]}},{"type":"Feature","properties":{"n":178},"geometry":{"type":"Point","coordinates":[-89.245,30.11]}},{"type":"Feature","properties":{"n":398},"geometry":{"type":"Point","coordinates":[-90.73,29.255]}},{"type":"Feature","properties":{"n":262},"geometry":{"type":"Point","coordinates":[-89.355,29.935]}},{"type":"Feature","properties":{"n":311},"geometry":{"type":"Point","coordinates":[-89.26,30.05]}},{"type":"Feature","properties":{"n":1},"geometry":{"type":"Point","coordinates":[-90.1,29.925]}},{"type":"Feature","properties":{"n":597},"geometry":{"type":"Point","coordinates":[-90.705,29.26]}},{"type":"Feature","properties":{"n":436},"geometry":{"type":"Point","coordinates":[-90.59,29.32]}},{"type":"Feature","properties":{"n":24},"geometry":{"type":"Point","coordinates":[-90.665,29.17]}},{"type":"Feature","properties":{"n":132},"geometry":{"type":"Point","coordinates":[-90.305,29.27]}},{"type":"Feature","properties":{"n":769},"geometry":{"type":"Point","coordinates":[-89.585,29.34]}},{"type":"Feature","properties":{"n":110},"geometry":{"type":"Point","coordinates":[-89.245,30.045]}},{"type":"Feature","properties":{"n":8},"geometry":{"type":"Point","coordinates":[-90.625,29.33]}},{"type":"Feature","properties":{"n":351},"geometry":{"type":"Point","coordinates":[-89.28,29.95]}},{"type":"Feature","properties":{"n":142},"geometry":{"type":"Point","coordinates":[-90.695,29.225]}},{"type":"Feature","properties":{"n":204},"geometry":{"type":"Point","coordinates":[-94.695,29.46]}},{"type":"Feature","properties":{"n":475},"geometry":{"type":"Point","coordinates":[-94.86,29.65]}},{"type":"Feature","properties":{"n":47},"geometry":{"type":"Point","coordinates":[-90.715,29.18]}},{"type":"Feature","properties":{"n":65},"geometry":{"type":"Point","coordinates":[-90.46,29.35]}},{"type":"Feature","properties":{"n":118},"geometry":{"type":"Point","coordinates":[-90.72,29.155]}},{"type":"Feature","properties":{"n":502},"geometry":{"type":"Point","coordinates":[-89.575,29.36]}},{"type":"Feature","properties":{"n":20},"geometry":{"type":"Point","coordinates":[-90.1,29.37]}},{"type":"Feature","properties":{"n":26},"geometry":{"type":"Point","coordinates":[-89.225,29.97]}},{"type":"Feature","properties":{"n":509},"geometry":{"type":"Point","coordinates":[-90.705,29.19]}},{"type":"Feature","properties":{"n":155},"geometry":{"type":"Point","coordinates":[-90.865,29.12]}},{"type":"Feature","properties":{"n":64},"geometry":{"type":"Point","coordinates":[-90.825,29.225]}},{"type":"Feature","properties":{"n":1573},"geometry":{"type":"Point","coordinates":[-89.545,29.345]}},{"type":"Feature","properties":{"n":119},"geometry":{"type":"Point","coordinates":[-89.54,29.68]}},{"type":"Feature","properties":{"n":715},"geometry":{"type":"Point","coordinates":[-90.26,29.285]}},{"type":"Feature","properties":{"n":107},"geometry":{"type":"Point","coordinates":[-89.51,29.24]}},{"type":"Feature","properties":{"n":332},"geometry":{"type":"Point","coordinates":[-89.45,29.745]}},{"type":"Feature","properties":{"n":45},"geometry":{"type":"Point","coordinates":[-90.4,29.275]}},{"type":"Feature","properties":{"n":148},"geometry":{"type":"Point","coordinates":[-90.955,29.27]}},{"type":"Feature","properties":{"n":255},"geometry":{"type":"Point","coordinates":[-89.43,29.745]}},{"type":"Feature","properties":{"n":101},"geometry":{"type":"Point","coordinates":[-89.36,30.0]}},{"type":"Feature","properties":{"n":14},"geometry":{"type":"Point","coordinates":[-96.72,28.34]}},{"type":"Feature","properties":{"n":137},"geometry":{"type":"Point","coordinates":[-90.535,29.36]}},{"type":"Feature","properties":{"n":960},"geometry":{"type":"Point","coordinates":[-90.755,29.21]}},{"type":"Feature","properties":{"n":180},"geometry":{"type":"Point","coordinates":[-89.61,29.36]}},{"type":"Feature","properties":{"n":47},"geometry":{"type":"Point","coordinates":[-90.85,29.12]}},{"type":"Feature","properties":{"n":302},"geometry":{"type":"Point","coordinates":[-90.635,29.275]}},{"type":"Feature","properties":{"n":371},"geometry":{"type":"Point","coordinates":[-89.715,29.405]}},{"type":"Feature","properties":{"n":564},"geometry":{"type":"Point","coordinates":[-90.865,29.195]}},{"type":"Feature","properties":{"n":133},"geometry":{"type":"Point","coordinates":[-89.625,29.41]}},{"type":"Feature","properties":{"n":455},"geometry":{"type":"Point","coordinates":[-91.93,29.49]}},{"type":"Feature","properties":{"n":5},"geometry":{"type":"Point","coordinates":[-90.81,29.195]}},{"type":"Feature","properties":{"n":40},"geometry":{"type":"Point","coordinates":[-89.365,29.825]}},{"type":"Feature","properties":{"n":35},"geometry":{"type":"Point","coordinates":[-89.42,29.835]}},{"type":"Feature","properties":{"n":96},"geometry":{"type":"Point","coordinates":[-89.235,30.125]}},{"type":"Feature","properties":{"n":229},"geometry":{"type":"Point","coordinates":[-90.005,29.425]}},{"type":"Feature","properties":{"n":32},"geometry":{"type":"Point","coordinates":[-89.365,29.95]}},{"type":"Feature","properties":{"n":268},"geometry":{"type":"Point","coordinates":[-90.795,29.225]}},{"type":"Feature","properties":{"n":228},"geometry":{"type":"Point","coordinates":[-89.525,29.25]}},{"type":"Feature","properties":{"n":160},"geometry":{"type":"Point","coordinates":[-90.63,29.27]}},{"type":"Feature","properties":{"n":31},"geometry":{"type":"Point","coordinates":[-89.325,29.95]}},{"type":"Feature","properties":{"n":16},"geometry":{"type":"Point","coordinates":[-90.835,29.15]}},{"type":"Feature","properties":{"n":73},"geometry":{"type":"Point","coordinates":[-89.44,29.72]}},{"type":"Feature","properties":{"n":171},"geometry":{"type":"Point","coordinates":[-89.71,29.45]}},{"type":"Feature","properties":{"n":397},"geometry":{"type":"Point","coordinates":[-90.67,29.35]}},{"type":"Feature","properties":{"n":2},"geometry":{"type":"Point","coordinates":[-90.735,29.16]}},{"type":"Feature","properties":{"n":164},"geometry":{"type":"Point","coordinates":[-89.4,29.85]}},{"type":"Feature","properties":{"n":567},"geometry":{"type":"Point","coordinates":[-90.73,29.23]}},{"type":"Feature","properties":{"n":265},"geometry":{"type":"Point","coordinates":[-97.09,28.145]}},{"type":"Feature","properties":{"n":78},"geometry":{"type":"Point","coordinates":[-90.095,29.35]}},{"type":"Feature","properties":{"n":113},"geometry":{"type":"Point","coordinates":[-89.845,29.475]}},{"type":"Feature","properties":{"n":132},"geometry":{"type":"Point","coordinates":[-90.86,29.195]}},{"type":"Feature","properties":{"n":21},"geometry":{"type":"Point","coordinates":[-90.51,29.41]}},{"type":"Feature","properties":{"n":532},"geometry":{"type":"Point","coordinates":[-89.71,29.41]}},{"type":"Feature","properties":{"n":22},"geometry":{"type":"Point","coordinates":[-90.66,29.16]}},{"type":"Feature","properties":{"n":55},"geometry":{"type":"Point","coordinates":[-90.035,29.465]}},{"type":"Feature","properties":{"n":9},"geometry":{"type":"Point","coordinates":[-89.32,29.97]}},{"type":"Feature","properties":{"n":100},"geometry":{"type":"Point","coordinates":[-89.31,29.925]}},{"type":"Feature","properties":{"n":339},"geometry":{"type":"Point","coordinates":[-90.68,29.275]}},{"type":"Feature","properties":{"n":7},"geometry":{"type":"Point","coordinates":[-90.62,29.235]}},{"type":"Feature","properties":{"n":426},"geometry":{"type":"Point","coordinates":[-89.7,29.425]}},{"type":"Feature","properties":{"n":1020},"geometry":{"type":"Point","coordinates":[-90.75,29.17]}},{"type":"Feature","properties":{"n":226},"geometry":{"type":"Point","coordinates":[-89.32,29.92]}},{"type":"Feature","properties":{"n":1},"geometry":{"type":"Point","coordinates":[-91.94,29.49]}},{"type":"Feature","properties":{"n":11},"geometry":{"type":"Point","coordinates":[-96.73,28.32]}},{"type":"Feature","properties":{"n":152},"geometry":{"type":"Point","coordinates":[-91.845,29.475]}},{"type":"Feature","properties":{"n":228},"geometry":{"type":"Point","coordinates":[-90.835,29.115]}},{"type":"Feature","properties":{"n":159},"geometry":{"type":"Point","coordinates":[-89.595,29.685]}},{"type":"Feature","properties":{"n":621},"geometry":{"type":"Point","coordinates":[-90.73,29.235]}},{"type":"Feature","properties":{"n":336},"geometry":{"type":"Point","coordinates":[-89.345,29.985]}},{"type":"Feature","properties":{"n":247},"geometry":{"type":"Point","coordinates":[-90.78,29.24]}},{"type":"Feature","properties":{"n":2},"geometry":{"type":"Point","coordinates":[-90.505,29.4]}},{"type":"Feature","properties":{"n":336},"geometry":{"type":"Point","coordinates":[-90.865,29.095]}},{"type":"Feature","properties":{"n":397},"geometry":{"type":"Point","coordinates":[-90.715,29.235]}},{"type":"Feature","properties":{"n":61},"geometry":{"type":"Point","coordinates":[-91.15,29.255]}},{"type":"Feature","properties":{"n":25},"geometry":{"type":"Point","coordinates":[-90.55,29.4]}},{"type":"Feature","properties":{"n":574},"geometry":{"type":"Point","coordinates":[-89.33,29.985]}},{"type":"Feature","properties":{"n":109},"geometry":{"type":"Point","coordinates":[-89.635,29.74]}},{"type":"Feature","properties":{"n":17},"geometry":{"type":"Point","coordinates":[-90.765,29.16]}},{"type":"Feature","properties":{"n":404},"geometry":{"type":"Point","coordinates":[-90.775,29.205]}},{"type":"Feature","properties":{"n":2879},"geometry":{"type":"Point","coordinates":[-89.65,29.41]}},{"type":"Feature","properties":{"n":338},"geometry":{"type":"Point","coordinates":[-89.22,30.115]}},{"type":"Feature","properties":{"n":233},"geometry":{"type":"Point","coordinates":[-90.48,29.34]}},{"type":"Feature","properties":{"n":495},"geometry":{"type":"Point","coordinates":[-89.905,29.465]}},{"type":"Feature","properties":{"n":110},"geometry":{"type":"Point","coordinates":[-89.295,29.925]}},{"type":"Feature","properties":{"n":133},"geometry":{"type":"Point","coordinates":[-89.38,29.935]}},{"type":"Feature","properties":{"n":61},"geometry":{"type":"Point","coordinates":[-92.055,29.555]}},{"type":"Feature","properties":{"n":230},"geometry":{"type":"Point","coordinates":[-89.725,29.425]}},{"type":"Feature","properties":{"n":151},"geometry":{"type":"Point","coordinates":[-92.095,29.57]}},{"type":"Feature","properties":{"n":344},"geometry":{"type":"Point","coordinates":[-89.925,29.47]}},{"type":"Feature","properties":{"n":191},"geometry":{"type":"Point","coordinates":[-90.72,29.22]}},{"type":"Feature","properties":{"n":347},"geometry":{"type":"Point","coordinates":[-90.705,29.155]}},{"type":"Feature","properties":{"n":10},"geometry":{"type":"Point","coordinates":[-89.925,29.455]}},{"type":"Feature","properties":{"n":126},"geometry":{"type":"Point","coordinates":[-89.72,29.455]}},{"type":"Feature","properties":{"n":127},"geometry":{"type":"Point","coordinates":[-89.595,29.265]}},{"type":"Feature","properties":{"n":737},"geometry":{"type":"Point","coordinates":[-75.865,38.245]}},{"type":"Feature","properties":{"n":50},"geometry":{"type":"Point","coordinates":[-90.74,29.21]}},{"type":"Feature","properties":{"n":173},"geometry":{"type":"Point","coordinates":[-89.67,29.37]}},{"type":"Feature","properties":{"n":273},"geometry":{"type":"Point","coordinates":[-89.69,29.35]}},{"type":"Feature","properties":{"n":224},"geometry":{"type":"Point","coordinates":[-90.215,29.295]}},{"type":"Feature","properties":{"n":22},"geometry":{"type":"Point","coordinates":[-89.85,29.425]}},{"type":"Feature","properties":{"n":100},"geometry":{"type":"Point","coordinates":[-92.055,29.56]}},{"type":"Feature","properties":{"n":22},"geometry":{"type":"Point","coordinates":[-90.63,29.225]}},{"type":"Feature","properties":{"n":138},"geometry":{"type":"Point","coordinates":[-90.85,29.11]}},{"type":"Feature","properties":{"n":947},"geometry":{"type":"Point","coordinates":[-89.365,29.93]}},{"type":"Feature","properties":{"n":13},"geometry":{"type":"Point","coordinates":[-90.985,29.265]}},{"type":"Feature","properties":{"n":55},"geometry":{"type":"Point","coordinates":[-89.625,29.34]}},{"type":"Feature","properties":{"n":17},"geometry":{"type":"Point","coordinates":[-89.79,29.455]}},{"type":"Feature","properties":{"n":18},"geometry":{"type":"Point","coordinates":[-89.3,29.875]}},{"type":"Feature","properties":{"n":22},"geometry":{"type":"Point","coordinates":[-89.53,29.855]}},{"type":"Feature","properties":{"n":424},"geometry":{"type":"Point","coordinates":[-89.57,29.36]}},{"type":"Feature","properties":{"n":164},"geometry":{"type":"Point","coordinates":[-90.675,29.345]}},{"type":"Feature","properties":{"n":617},"geometry":{"type":"Point","coordinates":[-89.7,29.35]}},{"type":"Feature","properties":{"n":123},"geometry":{"type":"Point","coordinates":[-89.355,29.975]}},{"type":"Feature","properties":{"n":39},"geometry":{"type":"Point","coordinates":[-89.905,29.53]}},{"type":"Feature","properties":{"n":624},"geometry":{"type":"Point","coordinates":[-90.755,29.17]}},{"type":"Feature","properties":{"n":24},"geometry":{"type":"Point","coordinates":[-90.84,29.155]}},{"type":"Feature","properties":{"n":15},"geometry":{"type":"Point","coordinates":[-90.31,29.37]}},{"type":"Feature","properties":{"n":49},"geometry":{"type":"Point","coordinates":[-90.47,29.335]}},{"type":"Feature","properties":{"n":2},"geometry":{"type":"Point","coordinates":[-89.99,29.87]}},{"type":"Feature","properties":{"n":14},"geometry":{"type":"Point","coordinates":[-90.82,29.18]}},{"type":"Feature","properties":{"n":124},"geometry":{"type":"Point","coordinates":[-90.8,29.16]}},{"type":"Feature","properties":{"n":12},"geometry":{"type":"Point","coordinates":[-89.48,29.27]}},{"type":"Feature","properties":{"n":536},"geometry":{"type":"Point","coordinates":[-89.535,29.34]}},{"type":"Feature","properties":{"n":17},"geometry":{"type":"Point","coordinates":[-90.79,29.155]}},{"type":"Feature","properties":{"n":340},"geometry":{"type":"Point","coordinates":[-91.985,29.51]}},{"type":"Feature","properties":{"n":19},"geometry":{"type":"Point","coordinates":[-90.655,29.35]}},{"type":"Feature","properties":{"n":40},"geometry":{"type":"Point","coordinates":[-89.595,29.71]}},{"type":"Feature","properties":{"n":83},"geometry":{"type":"Point","coordinates":[-94.835,29.51]}},{"type":"Feature","properties":{"n":372},"geometry":{"type":"Point","coordinates":[-89.485,29.305]}},{"type":"Feature","properties":{"n":44},"geometry":{"type":"Point","coordinates":[-90.575,29.23]}},{"type":"Feature","properties":{"n":82},"geometry":{"type":"Point","coordinates":[-90.945,29.275]}},{"type":"Feature","properties":{"n":550},"geometry":{"type":"Point","coordinates":[-89.305,29.985]}},{"type":"Feature","properties":{"n":31},"geometry":{"type":"Point","coordinates":[-89.54,29.715]}},{"type":"Feature","properties":{"n":48},"geometry":{"type":"Point","coordinates":[-89.86,29.47]}},{"type":"Feature","properties":{"n":88},"geometry":{"type":"Point","coordinates":[-90.685,29.315]}},{"type":"Feature","properties":{"n":414},"geometry":{"type":"Point","coordinates":[-90.745,29.195]}},{"type":"Feature","properties":{"n":94},"geometry":{"type":"Point","coordinates":[-90.77,29.2]}},{"type":"Feature","properties":{"n":15},"geometry":{"type":"Point","coordinates":[-90.56,29.295]}},{"type":"Feature","properties":{"n":10},"geometry":{"type":"Point","coordinates":[-89.56,29.715]}},{"type":"Feature","properties":{"n":38},"geometry":{"type":"Point","coordinates":[-92.04,29.58]}},{"type":"Feature","properties":{"n":406},"geometry":{"type":"Point","coordinates":[-90.63,29.3]}},{"type":"Feature","properties":{"n":551},"geometry":{"type":"Point","coordinates":[-90.865,29.1]}},{"type":"Feature","properties":{"n":88},"geometry":{"type":"Point","coordinates":[-89.49,29.8]}},{"type":"Feature","properties":{"n":175},"geometry":{"type":"Point","coordinates":[-89.4,29.915]}},{"type":"Feature","properties":{"n":73},"geometry":{"type":"Point","coordinates":[-91.855,29.495]}},{"type":"Feature","properties":{"n":353},"geometry":{"type":"Point","coordinates":[-89.54,29.705]}},{"type":"Feature","properties":{"n":1},"geometry":{"type":"Point","coordinates":[-90.435,29.255]}},{"type":"Feature","properties":{"n":58},"geometry":{"type":"Point","coordinates":[-90.695,29.305]}},{"type":"Feature","properties":{"n":432},"geometry":{"type":"Point","coordinates":[-89.68,29.43]}},{"type":"Feature","properties":{"n":3},"geometry":{"type":"Point","coordinates":[-90.865,29.26]}},{"type":"Feature","properties":{"n":937},"geometry":{"type":"Point","coordinates":[-76.23,38.775]}},{"type":"Feature","properties":{"n":559},"geometry":{"type":"Point","coordinates":[-89.515,29.815]}},{"type":"Feature","properties":{"n":257},"geometry":{"type":"Point","coordinates":[-89.315,29.905]}},{"type":"Feature","properties":{"n":613},"geometry":{"type":"Point","coordinates":[-89.61,29.37]}},{"type":"Feature","properties":{"n":114},"geometry":{"type":"Point","coordinates":[-89.56,29.73]}},{"type":"Feature","properties":{"n":122},"geometry":{"type":"Point","coordinates":[-90.535,29.405]}},{"type":"Feature","properties":{"n":341},"geometry":{"type":"Point","coordinates":[-89.52,29.84]}},{"type":"Feature","properties":{"n":410},"geometry":{"type":"Point","coordinates":[-89.515,29.255]}},{"type":"Feature","properties":{"n":1035},"geometry":{"type":"Point","coordinates":[-90.73,29.205]}},{"type":"Feature","properties":{"n":354},"geometry":{"type":"Point","coordinates":[-90.6,29.315]}},{"type":"Feature","properties":{"n":189},"geometry":{"type":"Point","coordinates":[-89.47,29.835]}},{"type":"Feature","properties":{"n":7},"geometry":{"type":"Point","coordinates":[-89.73,29.425]}},{"type":"Feature","properties":{"n":81},"geometry":{"type":"Point","coordinates":[-89.64,29.405]}},{"type":"Feature","properties":{"n":79},"geometry":{"type":"Point","coordinates":[-89.72,29.36]}},{"type":"Feature","properties":{"n":128},"geometry":{"type":"Point","coordinates":[-89.545,29.25]}},{"type":"Feature","properties":{"n":367},"geometry":{"type":"Point","coordinates":[-89.31,29.965]}},{"type":"Feature","properties":{"n":28},"geometry":{"type":"Point","coordinates":[-90.635,29.22]}},{"type":"Feature","properties":{"n":462},"geometry":{"type":"Point","coordinates":[-94.685,29.525]}},{"type":"Feature","properties":{"n":464},"geometry":{"type":"Point","coordinates":[-94.755,29.485]}},{"type":"Feature","properties":{"n":122},"geometry":{"type":"Point","coordinates":[-91.855,29.445]}},{"type":"Feature","properties":{"n":84},"geometry":{"type":"Point","coordinates":[-90.77,29.225]}},{"type":"Feature","properties":{"n":183},"geometry":{"type":"Point","coordinates":[-89.495,29.795]}},{"type":"Feature","properties":{"n":148},"geometry":{"type":"Point","coordinates":[-90.75,29.145]}},{"type":"Feature","properties":{"n":662},"geometry":{"type":"Point","coordinates":[-90.635,29.32]}},{"type":"Feature","properties":{"n":288},"geometry":{"type":"Point","coordinates":[-75.915,38.29]}},{"type":"Feature","properties":{"n":34},"geometry":{"type":"Point","coordinates":[-90.65,29.38]}},{"type":"Feature","properties":{"n":57},"geometry":{"type":"Point","coordinates":[-92.02,29.54]}},{"type":"Feature","properties":{"n":404},"geometry":{"type":"Point","coordinates":[-90.49,29.33]}},{"type":"Feature","properties":{"n":472},"geometry":{"type":"Point","coordinates":[-89.66,29.34]}},{"type":"Feature","properties":{"n":142},"geometry":{"type":"Point","coordinates":[-90.795,29.195]}},{"type":"Feature","properties":{"n":39},"geometry":{"type":"Point","coordinates":[-89.67,29.31]}},{"type":"Feature","properties":{"n":329},"geometry":{"type":"Point","coordinates":[-91.855,29.42]}},{"type":"Feature","properties":{"n":138},"geometry":{"type":"Point","coordinates":[-90.685,29.165]}},{"type":"Feature","properties":{"n":23},"geometry":{"type":"Point","coordinates":[-90.615,29.25]}},{"type":"Feature","properties":{"n":198},"geometry":{"type":"Point","coordinates":[-92.12,29.585]}},{"type":"Feature","properties":{"n":193},"geometry":{"type":"Point","coordinates":[-89.53,29.335]}},{"type":"Feature","properties":{"n":269},"geometry":{"type":"Point","coordinates":[-90.675,29.19]}},{"type":"Feature","properties":{"n":221},"geometry":{"type":"Point","coordinates":[-89.325,29.82]}},{"type":"Feature","properties":{"n":38},"geometry":{"type":"Point","coordinates":[-90.67,29.14]}},{"type":"Feature","properties":{"n":10},"geometry":{"type":"Point","coordinates":[-75.94,38.28]}},{"type":"Feature","properties":{"n":2},"geometry":{"type":"Point","coordinates":[-91.81,29.41]}},{"type":"Feature","properties":{"n":295},"geometry":{"type":"Point","coordinates":[-90.795,29.255]}},{"type":"Feature","properties":{"n":59},"geometry":{"type":"Point","coordinates":[-89.27,30.07]}},{"type":"Feature","properties":{"n":259},"geometry":{"type":"Point","coordinates":[-89.51,29.265]}},{"type":"Feature","properties":{"n":3},"geometry":{"type":"Point","coordinates":[-90.73,29.1]}},{"type":"Feature","properties":{"n":167},"geometry":{"type":"Point","coordinates":[-89.42,29.975]}},{"type":"Feature","properties":{"n":558},"geometry":{"type":"Point","coordinates":[-94.935,29.255]}},{"type":"Feature","properties":{"n":419},"geometry":{"type":"Point","coordinates":[-89.73,29.46]}},{"type":"Feature","properties":{"n":140},"geometry":{"type":"Point","coordinates":[-91.82,29.455]}},{"type":"Feature","properties":{"n":12},"geometry":{"type":"Point","coordinates":[-89.48,29.76]}},{"type":"Feature","properties":{"n":613},"geometry":{"type":"Point","coordinates":[-89.36,29.845]}},{"type":"Feature","properties":{"n":22},"geometry":{"type":"Point","coordinates":[-96.94,28.1]}},{"type":"Feature","properties":{"n":22},"geometry":{"type":"Point","coordinates":[-89.42,29.86]}},{"type":"Feature","properties":{"n":201},"geometry":{"type":"Point","coordinates":[-89.975,29.435]}},{"type":"Feature","properties":{"n":51},"geometry":{"type":"Point","coordinates":[-90.78,29.135]}},{"type":"Feature","properties":{"n":846},"geometry":{"type":"Point","coordinates":[-89.31,29.97]}},{"type":"Feature","properties":{"n":12},"geometry":{"type":"Point","coordinates":[-89.435,29.915]}},{"type":"Feature","properties":{"n":355},"geometry":{"type":"Point","coordinates":[-89.29,29.875]}},{"type":"Feature","properties":{"n":577},"geometry":{"type":"Point","coordinates":[-90.71,29.165]}},{"type":"Feature","properties":{"n":295},"geometry":{"type":"Point","coordinates":[-89.26,30.0]}},{"type":"Feature","properties":{"n":20},"geometry":{"type":"Point","coordinates":[-90.64,29.24]}},{"type":"Feature","properties":{"n":61},"geometry":{"type":"Point","coordinates":[-92.065,29.555]}},{"type":"Feature","properties":{"n":51},"geometry":{"type":"Point","coordinates":[-90.775,29.155]}},{"type":"Feature","properties":{"n":22},"geometry":{"type":"Point","coordinates":[-91.93,29.47]}},{"type":"Feature","properties":{"n":76},"geometry":{"type":"Point","coordinates":[-89.905,29.5]}},{"type":"Feature","properties":{"n":308},"geometry":{"type":"Point","coordinates":[-90.855,29.22]}},{"type":"Feature","properties":{"n":193},"geometry":{"type":"Point","coordinates":[-89.42,29.825]}},{"type":"Feature","properties":{"n":312},"geometry":{"type":"Point","coordinates":[-89.28,30.0]}},{"type":"Feature","properties":{"n":2},"geometry":{"type":"Point","coordinates":[-90.545,29.28]}},{"type":"Feature","properties":{"n":1076},"geometry":{"type":"Point","coordinates":[-89.765,29.475]}},{"type":"Feature","properties":{"n":1066},"geometry":{"type":"Point","coordinates":[-89.6,29.34]}},{"type":"Feature","properties":{"n":455},"geometry":{"type":"Point","coordinates":[-96.765,28.33]}},{"type":"Feature","properties":{"n":215},"geometry":{"type":"Point","coordinates":[-97.08,28.16]}},{"type":"Feature","properties":{"n":519},"geometry":{"type":"Point","coordinates":[-90.685,29.28]}},{"type":"Feature","properties":{"n":199},"geometry":{"type":"Point","coordinates":[-90.545,29.325]}},{"type":"Feature","properties":{"n":33},"geometry":{"type":"Point","coordinates":[-90.575,29.215]}},{"type":"Feature","properties":{"n":5},"geometry":{"type":"Point","coordinates":[-89.435,29.83]}},{"type":"Feature","properties":{"n":296},"geometry":{"type":"Point","coordinates":[-91.915,29.475]}},{"type":"Feature","properties":{"n":273},"geometry":{"type":"Point","coordinates":[-90.84,29.19]}},{"type":"Feature","properties":{"n":183},"geometry":{"type":"Point","coordinates":[-89.425,29.775]}},{"type":"Feature","properties":{"n":60},"geometry":{"type":"Point","coordinates":[-89.73,29.47]}},{"type":"Feature","properties":{"n":81},"geometry":{"type":"Point","coordinates":[-90.055,29.475]}},{"type":"Feature","properties":{"n":30},"geometry":{"type":"Point","coordinates":[-89.825,29.45]}},{"type":"Feature","properties":{"n":162},"geometry":{"type":"Point","coordinates":[-89.34,30.0]}},{"type":"Feature","properties":{"n":173},"geometry":{"type":"Point","coordinates":[-90.445,29.385]}},{"type":"Feature","properties":{"n":582},"geometry":{"type":"Point","coordinates":[-94.81,29.55]}},{"type":"Feature","properties":{"n":216},"geometry":{"type":"Point","coordinates":[-90.585,29.31]}},{"type":"Feature","properties":{"n":31},"geometry":{"type":"Point","coordinates":[-89.595,29.995]}},{"type":"Feature","properties":{"n":1482},"geometry":{"type":"Point","coordinates":[-89.61,29.29]}},{"type":"Feature","properties":{"n":111},"geometry":{"type":"Point","coordinates":[-90.6,29.275]}},{"type":"Feature","properties":{"n":62},"geometry":{"type":"Point","coordinates":[-94.655,29.485]}},{"type":"Feature","properties":{"n":121},"geometry":{"type":"Point","coordinates":[-90.66,29.215]}},{"type":"Feature","properties":{"n":2},"geometry":{"type":"Point","coordinates":[-90.615,29.2]}},{"type":"Feature","properties":{"n":11},"geometry":{"type":"Point","coordinates":[-90.17,29.285]}},{"type":"Feature","properties":{"n":59},"geometry":{"type":"Point","coordinates":[-90.4,29.33]}},{"type":"Feature","properties":{"n":625},"geometry":{"type":"Point","coordinates":[-94.72,29.48]}},{"type":"Feature","properties":{"n":4},"geometry":{"type":"Point","coordinates":[-94.875,29.485]}},{"type":"Feature","properties":{"n":245},"geometry":{"type":"Point","coordinates":[-89.54,29.305]}},{"type":"Feature","properties":{"n":275},"geometry":{"type":"Point","coordinates":[-90.665,29.365]}},{"type":"Feature","properties":{"n":142},"geometry":{"type":"Point","coordinates":[-90.75,29.265]}},{"type":"Feature","properties":{"n":9},"geometry":{"type":"Point","coordinates":[-90.39,29.33]}},{"type":"Feature","properties":{"n":851},"geometry":{"type":"Point","coordinates":[-92.06,29.58]}},{"type":"Feature","properties":{"n":513},"geometry":{"type":"Point","coordinates":[-89.56,29.685]}},{"type":"Feature","properties":{"n":86},"geometry":{"type":"Point","coordinates":[-89.99,29.41]}},{"type":"Feature","properties":{"n":119},"geometry":{"type":"Point","coordinates":[-90.565,29.305]}},{"type":"Feature","properties":{"n":20},"geometry":{"type":"Point","coordinates":[-89.96,29.48]}},{"type":"Feature","properties":{"n":85},"geometry":{"type":"Point","coordinates":[-89.685,29.33]}},{"type":"Feature","properties":{"n":1},"geometry":{"type":"Point","coordinates":[-94.87,29.465]}},{"type":"Feature","properties":{"n":136},"geometry":{"type":"Point","coordinates":[-89.43,29.74]}},{"type":"Feature","properties":{"n":147},"geometry":{"type":"Point","coordinates":[-91.85,29.41]}},{"type":"Feature","properties":{"n":319},"geometry":{"type":"Point","coordinates":[-94.925,29.255]}},{"type":"Feature","properties":{"n":277},"geometry":{"type":"Point","coordinates":[-89.585,29.27]}},{"type":"Feature","properties":{"n":387},"geometry":{"type":"Point","coordinates":[-90.725,29.165]}},{"type":"Feature","properties":{"n":260},"geometry":{"type":"Point","coordinates":[-89.55,29.705]}},{"type":"Feature","properties":{"n":20},"geometry":{"type":"Point","coordinates":[-90.55,29.305]}},{"type":"Feature","properties":{"n":99},"geometry":{"type":"Point","coordinates":[-90.78,29.125]}},{"type":"Feature","properties":{"n":228},"geometry":{"type":"Point","coordinates":[-90.265,29.3]}},{"type":"Feature","properties":{"n":13},"geometry":{"type":"Point","coordinates":[-96.7,28.235]}},{"type":"Feature","properties":{"n":36},"geometry":{"type":"Point","coordinates":[-89.675,29.405]}},{"type":"Feature","properties":{"n":9},"geometry":{"type":"Point","coordinates":[-91.97,29.53]}},{"type":"Feature","properties":{"n":429},"geometry":{"type":"Point","coordinates":[-89.295,29.855]}},{"type":"Feature","properties":{"n":1},"geometry":{"type":"Point","coordinates":[-89.965,29.335]}},{"type":"Feature","properties":{"n":3},"geometry":{"type":"Point","coordinates":[-90.585,29.28]}},{"type":"Feature","properties":{"n":21},"geometry":{"type":"Point","coordinates":[-90.63,29.235]}},{"type":"Feature","properties":{"n":643},"geometry":{"type":"Point","coordinates":[-89.59,29.285]}},{"type":"Feature","properties":{"n":1294},"geometry":{"type":"Point","coordinates":[-89.24,29.93]}},{"type":"Feature","properties":{"n":290},"geometry":{"type":"Point","coordinates":[-90.46,29.39]}},{"type":"Feature","properties":{"n":1},"geometry":{"type":"Point","coordinates":[-89.3,29.915]}},{"type":"Feature","properties":{"n":227},"geometry":{"type":"Point","coordinates":[-89.25,30.05]}},{"type":"Feature","properties":{"n":461},"geometry":{"type":"Point","coordinates":[-89.55,29.31]}},{"type":"Feature","properties":{"n":383},"geometry":{"type":"Point","coordinates":[-89.33,29.92]}},{"type":"Feature","properties":{"n":14},"geometry":{"type":"Point","coordinates":[-90.66,29.23]}},{"type":"Feature","properties":{"n":402},"geometry":{"type":"Point","coordinates":[-89.905,29.51]}},{"type":"Feature","properties":{"n":8},"geometry":{"type":"Point","coordinates":[-90.565,29.405]}},{"type":"Feature","properties":{"n":131},"geometry":{"type":"Point","coordinates":[-90.055,29.425]}},{"type":"Feature","properties":{"n":84},"geometry":{"type":"Point","coordinates":[-89.975,29.445]}},{"type":"Feature","properties":{"n":125},"geometry":{"type":"Point","coordinates":[-89.46,29.99]}},{"type":"Feature","properties":{"n":77},"geometry":{"type":"Point","coordinates":[-90.805,29.245]}},{"type":"Feature","properties":{"n":252},"geometry":{"type":"Point","coordinates":[-89.32,30.035]}},{"type":"Feature","properties":{"n":663},"geometry":{"type":"Point","coordinates":[-89.665,29.38]}},{"type":"Feature","properties":{"n":514},"geometry":{"type":"Point","coordinates":[-90.67,29.225]}},{"type":"Feature","properties":{"n":5},"geometry":{"type":"Point","coordinates":[-90.42,29.355]}},{"type":"Feature","properties":{"n":237},"geometry":{"type":"Point","coordinates":[-89.36,29.895]}},{"type":"Feature","properties":{"n":178},"geometry":{"type":"Point","coordinates":[-89.435,29.725]}},{"type":"Feature","properties":{"n":728},"geometry":{"type":"Point","coordinates":[-89.555,29.28]}},{"type":"Feature","properties":{"n":170},"geometry":{"type":"Point","coordinates":[-76.235,38.78]}},{"type":"Feature","properties":{"n":484},"geometry":{"type":"Point","coordinates":[-90.875,29.24]}},{"type":"Feature","properties":{"n":77},"geometry":{"type":"Point","coordinates":[-90.69,29.185]}},{"type":"Feature","properties":{"n":94},"geometry":{"type":"Point","coordinates":[-90.48,29.36]}},{"type":"Feature","properties":{"n":14},"geometry":{"type":"Point","coordinates":[-90.56,29.41]}},{"type":"Feature","properties":{"n":3},"geometry":{"type":"Point","coordinates":[-90.94,29.295]}},{"type":"Feature","properties":{"n":494},"geometry":{"type":"Point","coordinates":[-89.635,29.33]}},{"type":"Feature","properties":{"n":187},"geometry":{"type":"Point","coordinates":[-92.025,29.535]}},{"type":"Feature","properties":{"n":42},"geometry":{"type":"Point","coordinates":[-90.42,29.39]}},{"type":"Feature","properties":{"n":160},"geometry":{"type":"Point","coordinates":[-90.54,29.405]}},{"type":"Feature","properties":{"n":169},"geometry":{"type":"Point","coordinates":[-89.57,29.665]}},{"type":"Feature","properties":{"n":688},"geometry":{"type":"Point","coordinates":[-89.25,30.03]}},{"type":"Feature","properties":{"n":29},"geometry":{"type":"Point","coordinates":[-90.065,29.445]}},{"type":"Feature","properties":{"n":103},"geometry":{"type":"Point","coordinates":[-96.66,28.26]}},{"type":"Feature","properties":{"n":107},"geometry":{"type":"Point","coordinates":[-89.415,29.775]}},{"type":"Feature","properties":{"n":58},"geometry":{"type":"Point","coordinates":[-90.585,29.335]}},{"type":"Feature","properties":{"n":214},"geometry":{"type":"Point","coordinates":[-90.59,29.275]}},{"type":"Feature","properties":{"n":121},"geometry":{"type":"Point","coordinates":[-75.83,38.25]}},{"type":"Feature","properties":{"n":354},"geometry":{"type":"Point","coordinates":[-89.275,29.94]}},{"type":"Feature","properties":{"n":220},"geometry":{"type":"Point","coordinates":[-90.435,29.38]}},{"type":"Feature","properties":{"n":664},"geometry":{"type":"Point","coordinates":[-89.315,29.895]}},{"type":"Feature","properties":{"n":17},"geometry":{"type":"Point","coordinates":[-90.16,29.37]}},{"type":"Feature","properties":{"n":19},"geometry":{"type":"Point","coordinates":[-97.045,28.135]}},{"type":"Feature","properties":{"n":164},"geometry":{"type":"Point","coordinates":[-89.6,29.72]}},{"type":"Feature","properties":{"n":84},"geometry":{"type":"Point","coordinates":[-89.695,29.415]}},{"type":"Feature","properties":{"n":3},"geometry":{"type":"Point","coordinates":[-90.5,29.295]}},{"type":"Feature","properties":{"n":572},"geometry":{"type":"Point","coordinates":[-89.32,29.945]}},{"type":"Feature","properties":{"n":150},"geometry":{"type":"Point","coordinates":[-90.31,29.33]}},{"type":"Feature","properties":{"n":26},"geometry":{"type":"Point","coordinates":[-90.225,29.3]}},{"type":"Feature","properties":{"n":6},"geometry":{"type":"Point","coordinates":[-90.545,29.335]}},{"type":"Feature","properties":{"n":11},"geometry":{"type":"Point","coordinates":[-89.995,29.39]}},{"type":"Feature","properties":{"n":484},"geometry":{"type":"Point","coordinates":[-90.595,29.315]}},{"type":"Feature","properties":{"n":76},"geometry":{"type":"Point","coordinates":[-89.555,29.74]}},{"type":"Feature","properties":{"n":381},"geometry":{"type":"Point","coordinates":[-90.605,29.265]}},{"type":"Feature","properties":{"n":1},"geometry":{"type":"Point","coordinates":[-89.585,29.69]}},{"type":"Feature","properties":{"n":59},"geometry":{"type":"Point","coordinates":[-90.405,29.26]}},{"type":"Feature","properties":{"n":42},"geometry":{"type":"Point","coordinates":[-90.645,29.385]}},{"type":"Feature","properties":{"n":45},"geometry":{"type":"Point","coordinates":[-90.555,29.355]}},{"type":"Feature","properties":{"n":75},"geometry":{"type":"Point","coordinates":[-90.01,29.4]}},{"type":"Feature","properties":{"n":418},"geometry":{"type":"Point","coordinates":[-76.06,38.225]}},{"type":"Feature","properties":{"n":211},"geometry":{"type":"Point","coordinates":[-89.385,29.965]}},{"type":"Feature","properties":{"n":904},"geometry":{"type":"Point","coordinates":[-90.745,29.205]}},{"type":"Feature","properties":{"n":201},"geometry":{"type":"Point","coordinates":[-89.48,29.84]}},{"type":"Feature","properties":{"n":212},"geometry":{"type":"Point","coordinates":[-89.305,29.835]}},{"type":"Feature","properties":{"n":68},"geometry":{"type":"Point","coordinates":[-89.31,29.865]}},{"type":"Feature","properties":{"n":12},"geometry":{"type":"Point","coordinates":[-89.885,29.47]}},{"type":"Feature","properties":{"n":502},"geometry":{"type":"Point","coordinates":[-90.86,29.095]}},{"type":"Feature","properties":{"n":370},"geometry":{"type":"Point","coordinates":[-89.68,29.42]}},{"type":"Feature","properties":{"n":94},"geometry":{"type":"Point","coordinates":[-89.775,29.46]}},{"type":"Feature","properties":{"n":271},"geometry":{"type":"Point","coordinates":[-89.665,29.39]}},{"type":"Feature","properties":{"n":21},"geometry":{"type":"Point","coordinates":[-89.48,29.765]}},{"type":"Feature","properties":{"n":175},"geometry":{"type":"Point","coordinates":[-89.935,29.435]}},{"type":"Feature","properties":{"n":29},"geometry":{"type":"Point","coordinates":[-89.47,29.79]}},{"type":"Feature","properties":{"n":34},"geometry":{"type":"Point","coordinates":[-89.47,29.705]}},{"type":"Feature","properties":{"n":17},"geometry":{"type":"Point","coordinates":[-89.34,29.86]}},{"type":"Feature","properties":{"n":134},"geometry":{"type":"Point","coordinates":[-89.645,29.4]}},{"type":"Feature","properties":{"n":31},"geometry":{"type":"Point","coordinates":[-90.56,29.205]}},{"type":"Feature","properties":{"n":21},"geometry":{"type":"Point","coordinates":[-90.62,29.225]}},{"type":"Feature","properties":{"n":1112},"geometry":{"type":"Point","coordinates":[-75.855,38.215]}},{"type":"Feature","properties":{"n":217},"geometry":{"type":"Point","coordinates":[-90.29,29.265]}},{"type":"Feature","properties":{"n":234},"geometry":{"type":"Point","coordinates":[-89.32,30.04]}},{"type":"Feature","properties":{"n":101},"geometry":{"type":"Point","coordinates":[-89.435,29.82]}},{"type":"Feature","properties":{"n":226},"geometry":{"type":"Point","coordinates":[-90.475,29.38]}},{"type":"Feature","properties":{"n":228},"geometry":{"type":"Point","coordinates":[-89.895,29.51]}},{"type":"Feature","properties":{"n":448},"geometry":{"type":"Point","coordinates":[-94.865,29.48]}},{"type":"Feature","properties":{"n":85},"geometry":{"type":"Point","coordinates":[-90.79,29.16]}},{"type":"Feature","properties":{"n":305},"geometry":{"type":"Point","coordinates":[-90.61,29.265]}},{"type":"Feature","properties":{"n":291},"geometry":{"type":"Point","coordinates":[-89.62,29.71]}},{"type":"Feature","properties":{"n":73},"geometry":{"type":"Point","coordinates":[-89.86,29.485]}},{"type":"Feature","properties":{"n":97},"geometry":{"type":"Point","coordinates":[-90.715,29.305]}},{"type":"Feature","properties":{"n":339},"geometry":{"type":"Point","coordinates":[-89.235,29.965]}},{"type":"Feature","properties":{"n":151},"geometry":{"type":"Point","coordinates":[-91.94,29.515]}},{"type":"Feature","properties":{"n":317},"geometry":{"type":"Point","coordinates":[-94.94,29.25]}},{"type":"Feature","properties":{"n":21},"geometry":{"type":"Point","coordinates":[-89.81,29.405]}},{"type":"Feature","properties":{"n":349},"geometry":{"type":"Point","coordinates":[-90.715,29.165]}},{"type":"Feature","properties":{"n":511},"geometry":{"type":"Point","coordinates":[-90.015,29.475]}},{"type":"Feature","properties":{"n":254},"geometry":{"type":"Point","coordinates":[-90.19,29.285]}},{"type":"Feature","properties":{"n":13},"geometry":{"type":"Point","coordinates":[-90.66,29.25]}},{"type":"Feature","properties":{"n":20},"geometry":{"type":"Point","coordinates":[-97.07,28.15]}},{"type":"Feature","properties":{"n":171},"geometry":{"type":"Point","coordinates":[-89.37,29.975]}},{"type":"Feature","properties":{"n":244},"geometry":{"type":"Point","coordinates":[-91.915,29.48]}},{"type":"Feature","properties":{"n":306},"geometry":{"type":"Point","coordinates":[-89.255,30.045]}},{"type":"Feature","properties":{"n":602},"geometry":{"type":"Point","coordinates":[-89.545,29.335]}},{"type":"Feature","properties":{"n":740},"geometry":{"type":"Point","coordinates":[-89.31,29.895]}},{"type":"Feature","properties":{"n":11},"geometry":{"type":"Point","coordinates":[-90.045,29.915]}},{"type":"Feature","properties":{"n":228},"geometry":{"type":"Point","coordinates":[-90.6,29.255]}},{"type":"Feature","properties":{"n":204},"geometry":{"type":"Point","coordinates":[-97.02,28.1]}},{"type":"Feature","properties":{"n":108},"geometry":{"type":"Point","coordinates":[-90.385,29.345]}},{"type":"Feature","properties":{"n":92},"geometry":{"type":"Point","coordinates":[-90.81,29.23]}},{"type":"Feature","properties":{"n":85},"geometry":{"type":"Point","coordinates":[-89.515,29.32]}},{"type":"Feature","properties":{"n":170},"geometry":{"type":"Point","coordinates":[-89.24,30.005]}},{"type":"Feature","properties":{"n":155},"geometry":{"type":"Point","coordinates":[-92.105,29.565]}},{"type":"Feature","properties":{"n":1},"geometry":{"type":"Point","coordinates":[-90.815,29.16]}},{"type":"Feature","properties":{"n":205},"geometry":{"type":"Point","coordinates":[-90.455,29.345]}},{"type":"Feature","properties":{"n":422},"geometry":{"type":"Point","coordinates":[-75.91,38.24]}},{"type":"Feature","properties":{"n":150},"geometry":{"type":"Point","coordinates":[-90.615,29.26]}},{"type":"Feature","properties":{"n":23},"geometry":{"type":"Point","coordinates":[-89.46,29.7]}},{"type":"Feature","properties":{"n":16},"geometry":{"type":"Point","coordinates":[-89.25,30.075]}},{"type":"Feature","properties":{"n":119},"geometry":{"type":"Point","coordinates":[-90.29,29.25]}},{"type":"Feature","properties":{"n":441},"geometry":{"type":"Point","coordinates":[-89.56,29.28]}},{"type":"Feature","properties":{"n":37},"geometry":{"type":"Point","coordinates":[-94.67,29.505]}},{"type":"Feature","properties":{"n":69},"geometry":{"type":"Point","coordinates":[-90.66,29.285]}},{"type":"Feature","properties":{"n":6},"geometry":{"type":"Point","coordinates":[-96.975,28.095]}},{"type":"Feature","properties":{"n":235},"geometry":{"type":"Point","coordinates":[-90.62,29.295]}},{"type":"Feature","properties":{"n":19},"geometry":{"type":"Point","coordinates":[-90.38,29.345]}},{"type":"Feature","properties":{"n":60},"geometry":{"type":"Point","coordinates":[-90.465,29.335]}},{"type":"Feature","properties":{"n":49},"geometry":{"type":"Point","coordinates":[-90.82,29.2]}},{"type":"Feature","properties":{"n":242},"geometry":{"type":"Point","coordinates":[-90.61,29.345]}},{"type":"Feature","properties":{"n":40},"geometry":{"type":"Point","coordinates":[-89.74,29.35]}},{"type":"Feature","properties":{"n":47},"geometry":{"type":"Point","coordinates":[-90.455,29.425]}},{"type":"Feature","properties":{"n":7},"geometry":{"type":"Point","coordinates":[-90.85,29.255]}},{"type":"Feature","properties":{"n":231},"geometry":{"type":"Point","coordinates":[-90.44,29.4]}},{"type":"Feature","properties":{"n":76},"geometry":{"type":"Point","coordinates":[-91.935,29.53]}},{"type":"Feature","properties":{"n":812},"geometry":{"type":"Point","coordinates":[-90.86,29.215]}},{"type":"Feature","properties":{"n":973},"geometry":{"type":"Point","coordinates":[-76.13,38.595]}},{"type":"Feature","properties":{"n":122},"geometry":{"type":"Point","coordinates":[-89.465,29.79]}},{"type":"Feature","properties":{"n":51},"geometry":{"type":"Point","coordinates":[-90.59,29.235]}},{"type":"Feature","properties":{"n":175},"geometry":{"type":"Point","coordinates":[-90.6,29.345]}},{"type":"Feature","properties":{"n":9},"geometry":{"type":"Point","coordinates":[-90.525,29.42]}},{"type":"Feature","properties":{"n":488},"geometry":{"type":"Point","coordinates":[-89.94,29.435]}},{"type":"Feature","properties":{"n":8},"geometry":{"type":"Point","coordinates":[-96.605,28.645]}},{"type":"Feature","properties":{"n":27},"geometry":{"type":"Point","coordinates":[-90.845,29.205]}},{"type":"Feature","properties":{"n":764},"geometry":{"type":"Point","coordinates":[-90.795,29.165]}},{"type":"Feature","properties":{"n":54},"geometry":{"type":"Point","coordinates":[-89.58,29.71]}},{"type":"Feature","properties":{"n":229},"geometry":{"type":"Point","coordinates":[-90.21,29.27]}},{"type":"Feature","properties":{"n":23},"geometry":{"type":"Point","coordinates":[-96.485,28.6]}},{"type":"Feature","properties":{"n":44},"geometry":{"type":"Point","coordinates":[-89.3,29.91]}},{"type":"Feature","properties":{"n":485},"geometry":{"type":"Point","coordinates":[-90.57,29.315]}},{"type":"Feature","properties":{"n":2},"geometry":{"type":"Point","coordinates":[-89.465,29.7]}},{"type":"Feature","properties":{"n":184},"geometry":{"type":"Point","coordinates":[-89.33,29.945]}},{"type":"Feature","properties":{"n":70},"geometry":{"type":"Point","coordinates":[-90.06,29.375]}},{"type":"Feature","properties":{"n":75},"geometry":{"type":"Point","coordinates":[-89.75,29.46]}},{"type":"Feature","properties":{"n":103},"geometry":{"type":"Point","coordinates":[-96.495,28.61]}},{"type":"Feature","properties":{"n":174},"geometry":{"type":"Point","coordinates":[-89.505,29.3]}},{"type":"Feature","properties":{"n":148},"geometry":{"type":"Point","coordinates":[-90.615,29.31]}},{"type":"Feature","properties":{"n":212},"geometry":{"type":"Point","coordinates":[-90.405,29.38]}},{"type":"Feature","properties":{"n":140},"geometry":{"type":"Point","coordinates":[-90.075,29.355]}},{"type":"Feature","properties":{"n":338},"geometry":{"type":"Point","coordinates":[-89.635,29.32]}},{"type":"Feature","properties":{"n":253},"geometry":{"type":"Point","coordinates":[-89.255,30.06]}},{"type":"Feature","properties":{"n":5},"geometry":{"type":"Point","coordinates":[-90.665,29.205]}},{"type":"Feature","properties":{"n":120},"geometry":{"type":"Point","coordinates":[-90.605,29.29]}},{"type":"Feature","properties":{"n":6},"geometry":{"type":"Point","coordinates":[-90.52,29.235]}},{"type":"Feature","properties":{"n":57},"geometry":{"type":"Point","coordinates":[-90.125,29.365]}},{"type":"Feature","properties":{"n":46},"geometry":{"type":"Point","coordinates":[-90.58,29.355]}},{"type":"Feature","properties":{"n":10},"geometry":{"type":"Point","coordinates":[-90.285,29.255]}},{"type":"Feature","properties":{"n":417},"geometry":{"type":"Point","coordinates":[-89.68,29.39]}},{"type":"Feature","properties":{"n":93},"geometry":{"type":"Point","coordinates":[-91.145,29.25]}},{"type":"Feature","properties":{"n":332},"geometry":{"type":"Point","coordinates":[-89.755,29.41]}},{"type":"Feature","properties":{"n":13},"geometry":{"type":"Point","coordinates":[-96.755,28.375]}},{"type":"Feature","properties":{"n":10},"geometry":{"type":"Point","coordinates":[-91.88,29.505]}},{"type":"Feature","properties":{"n":16},"geometry":{"type":"Point","coordinates":[-92.035,29.54]}},{"type":"Feature","properties":{"n":884},"geometry":{"type":"Point","coordinates":[-90.595,29.33]}},{"type":"Feature","properties":{"n":158},"geometry":{"type":"Point","coordinates":[-89.355,29.995]}},{"type":"Feature","properties":{"n":180},"geometry":{"type":"Point","coordinates":[-90.855,29.13]}},{"type":"Feature","properties":{"n":210},"geometry":{"type":"Point","coordinates":[-90.15,29.37]}},{"type":"Feature","properties":{"n":157},"geometry":{"type":"Point","coordinates":[-90.15,29.35]}},{"type":"Feature","properties":{"n":3},"geometry":{"type":"Point","coordinates":[-96.93,28.1]}},{"type":"Feature","properties":{"n":203},"geometry":{"type":"Point","coordinates":[-89.65,29.725]}},{"type":"Feature","properties":{"n":221},"geometry":{"type":"Point","coordinates":[-89.245,30.095]}},{"type":"Feature","properties":{"n":23},"geometry":{"type":"Point","coordinates":[-90.78,29.16]}},{"type":"Feature","properties":{"n":188},"geometry":{"type":"Point","coordinates":[-89.445,29.79]}},{"type":"Feature","properties":{"n":93},"geometry":{"type":"Point","coordinates":[-90.855,29.175]}},{"type":"Feature","properties":{"n":426},"geometry":{"type":"Point","coordinates":[-89.535,29.31]}},{"type":"Feature","properties":{"n":1395},"geometry":{"type":"Point","coordinates":[-89.76,29.41]}},{"type":"Feature","properties":{"n":165},"geometry":{"type":"Point","coordinates":[-89.535,29.74]}},{"type":"Feature","properties":{"n":109},"geometry":{"type":"Point","coordinates":[-89.3,29.92]}},{"type":"Feature","properties":{"n":452},"geometry":{"type":"Point","coordinates":[-90.795,29.17]}},{"type":"Feature","properties":{"n":381},"geometry":{"type":"Point","coordinates":[-89.51,29.26]}},{"type":"Feature","properties":{"n":27},"geometry":{"type":"Point","coordinates":[-89.755,29.32]}},{"type":"Feature","properties":{"n":123},"geometry":{"type":"Point","coordinates":[-94.91,29.535]}},{"type":"Feature","properties":{"n":104},"geometry":{"type":"Point","coordinates":[-89.695,29.395]}},{"type":"Feature","properties":{"n":315},"geometry":{"type":"Point","coordinates":[-89.34,29.98]}},{"type":"Feature","properties":{"n":212},"geometry":{"type":"Point","coordinates":[-76.175,38.705]}},{"type":"Feature","properties":{"n":21},"geometry":{"type":"Point","coordinates":[-90.555,29.3]}},{"type":"Feature","properties":{"n":872},"geometry":{"type":"Point","coordinates":[-90.855,29.21]}},{"type":"Feature","properties":{"n":279},"geometry":{"type":"Point","coordinates":[-94.715,29.52]}},{"type":"Feature","properties":{"n":298},"geometry":{"type":"Point","coordinates":[-89.42,29.9]}},{"type":"Feature","properties":{"n":449},"geometry":{"type":"Point","coordinates":[-90.85,29.205]}},{"type":"Feature","properties":{"n":281},"geometry":{"type":"Point","coordinates":[-89.47,29.99]}},{"type":"Feature","properties":{"n":780},"geometry":{"type":"Point","coordinates":[-89.92,29.465]}},{"type":"Feature","properties":{"n":513},"geometry":{"type":"Point","coordinates":[-89.24,29.985]}},{"type":"Feature","properties":{"n":51},"geometry":{"type":"Point","coordinates":[-89.465,29.215]}},{"type":"Feature","properties":{"n":157},"geometry":{"type":"Point","coordinates":[-89.575,29.3]}},{"type":"Feature","properties":{"n":205},"geometry":{"type":"Point","coordinates":[-92.02,29.535]}},{"type":"Feature","properties":{"n":412},"geometry":{"type":"Point","coordinates":[-89.805,29.495]}},{"type":"Feature","properties":{"n":6},"geometry":{"type":"Point","coordinates":[-90.425,29.39]}},{"type":"Feature","properties":{"n":4},"geometry":{"type":"Point","coordinates":[-89.43,29.93]}},{"type":"Feature","properties":{"n":17},"geometry":{"type":"Point","coordinates":[-89.97,29.32]}},{"type":"Feature","properties":{"n":392},"geometry":{"type":"Point","coordinates":[-89.595,29.335]}},{"type":"Feature","properties":{"n":309},"geometry":{"type":"Point","coordinates":[-91.895,29.49]}},{"type":"Feature","properties":{"n":71},"geometry":{"type":"Point","coordinates":[-90.72,29.2]}},{"type":"Feature","properties":{"n":412},"geometry":{"type":"Point","coordinates":[-89.26,30.06]}},{"type":"Feature","properties":{"n":28},"geometry":{"type":"Point","coordinates":[-90.655,29.18]}},{"type":"Feature","properties":{"n":326},"geometry":{"type":"Point","coordinates":[-94.84,29.495]}},{"type":"Feature","properties":{"n":402},"geometry":{"type":"Point","coordinates":[-90.83,29.205]}},{"type":"Feature","properties":{"n":397},"geometry":{"type":"Point","coordinates":[-90.3,29.375]}},{"type":"Feature","properties":{"n":78},"geometry":{"type":"Point","coordinates":[-89.47,29.815]}},{"type":"Feature","properties":{"n":62},"geometry":{"type":"Point","coordinates":[-90.4,29.27]}},{"type":"Feature","properties":{"n":41},"geometry":{"type":"Point","coordinates":[-89.565,29.705]}},{"type":"Feature","properties":{"n":117},"geometry":{"type":"Point","coordinates":[-89.73,29.37]}},{"type":"Feature","properties":{"n":56},"geometry":{"type":"Point","coordinates":[-89.66,29.425]}},{"type":"Feature","properties":{"n":46},"geometry":{"type":"Point","coordinates":[-89.74,29.415]}},{"type":"Feature","properties":{"n":746},"geometry":{"type":"Point","coordinates":[-89.63,29.31]}},{"type":"Feature","properties":{"n":34},"geometry":{"type":"Point","coordinates":[-90.66,29.17]}},{"type":"Feature","properties":{"n":14},"geometry":{"type":"Point","coordinates":[-89.965,29.495]}},{"type":"Feature","properties":{"n":324},"geometry":{"type":"Point","coordinates":[-90.53,29.36]}},{"type":"Feature","properties":{"n":99},"geometry":{"type":"Point","coordinates":[-89.475,29.995]}},{"type":"Feature","properties":{"n":44},"geometry":{"type":"Point","coordinates":[-91.815,29.47]}},{"type":"Feature","properties":{"n":31},"geometry":{"type":"Point","coordinates":[-89.38,29.895]}},{"type":"Feature","properties":{"n":61},"geometry":{"type":"Point","coordinates":[-89.37,29.885]}},{"type":"Feature","properties":{"n":591},"geometry":{"type":"Point","coordinates":[-89.655,29.355]}},{"type":"Feature","properties":{"n":25},"geometry":{"type":"Point","coordinates":[-91.12,29.27]}},{"type":"Feature","properties":{"n":8},"geometry":{"type":"Point","coordinates":[-90.4,29.385]}},{"type":"Feature","properties":{"n":13},"geometry":{"type":"Point","coordinates":[-90.85,29.195]}},{"type":"Feature","properties":{"n":48},"geometry":{"type":"Point","coordinates":[-90.545,29.365]}},{"type":"Feature","properties":{"n":205},"geometry":{"type":"Point","coordinates":[-89.51,29.315]}},{"type":"Feature","properties":{"n":1040},"geometry":{"type":"Point","coordinates":[-90.695,29.245]}},{"type":"Feature","properties":{"n":274},"geometry":{"type":"Point","coordinates":[-90.53,29.355]}},{"type":"Feature","properties":{"n":150},"geometry":{"type":"Point","coordinates":[-90.445,29.32]}},{"type":"Feature","properties":{"n":415},"geometry":{"type":"Point","coordinates":[-90.875,29.21]}},{"type":"Feature","properties":{"n":336},"geometry":{"type":"Point","coordinates":[-90.69,29.245]}},{"type":"Feature","properties":{"n":255},"geometry":{"type":"Point","coordinates":[-89.59,29.725]}},{"type":"Feature","properties":{"n":4},"geometry":{"type":"Point","coordinates":[-89.24,30.05]}},{"type":"Feature","properties":{"n":113},"geometry":{"type":"Point","coordinates":[-92.03,29.54]}},{"type":"Feature","properties":{"n":36},"geometry":{"type":"Point","coordinates":[-96.985,28.08]}},{"type":"Feature","properties":{"n":336},"geometry":{"type":"Point","coordinates":[-91.925,29.52]}},{"type":"Feature","properties":{"n":5},"geometry":{"type":"Point","coordinates":[-91.89,29.46]}},{"type":"Feature","properties":{"n":63},"geometry":{"type":"Point","coordinates":[-90.785,29.235]}},{"type":"Feature","properties":{"n":155},"geometry":{"type":"Point","coordinates":[-94.76,29.49]}},{"type":"Feature","properties":{"n":463},"geometry":{"type":"Point","coordinates":[-94.7,29.46]}},{"type":"Feature","properties":{"n":93},"geometry":{"type":"Point","coordinates":[-90.01,29.405]}},{"type":"Feature","properties":{"n":119},"geometry":{"type":"Point","coordinates":[-90.415,29.36]}},{"type":"Feature","properties":{"n":43},"geometry":{"type":"Point","coordinates":[-89.77,29.515]}},{"type":"Feature","properties":{"n":2},"geometry":{"type":"Point","coordinates":[-90.55,29.295]}},{"type":"Feature","properties":{"n":518},"geometry":{"type":"Point","coordinates":[-90.7,29.245]}},{"type":"Feature","properties":{"n":284},"geometry":{"type":"Point","coordinates":[-91.83,29.435]}},{"type":"Feature","properties":{"n":57},"geometry":{"type":"Point","coordinates":[-90.55,29.355]}},{"type":"Feature","properties":{"n":7},"geometry":{"type":"Point","coordinates":[-89.255,29.95]}},{"type":"Feature","properties":{"n":27},"geometry":{"type":"Point","coordinates":[-89.57,29.7]}},{"type":"Feature","properties":{"n":712},"geometry":{"type":"Point","coordinates":[-92.055,29.57]}},{"type":"Feature","properties":{"n":36},"geometry":{"type":"Point","coordinates":[-89.355,30.0]}},{"type":"Feature","properties":{"n":153},"geometry":{"type":"Point","coordinates":[-90.27,29.265]}},{"type":"Feature","properties":{"n":88},"geometry":{"type":"Point","coordinates":[-90.8,29.195]}},{"type":"Feature","properties":{"n":175},"geometry":{"type":"Point","coordinates":[-94.91,29.53]}},{"type":"Feature","properties":{"n":98},"geometry":{"type":"Point","coordinates":[-90.795,29.14]}},{"type":"Feature","properties":{"n":46},"geometry":{"type":"Point","coordinates":[-89.675,29.315]}},{"type":"Feature","properties":{"n":201},"geometry":{"type":"Point","coordinates":[-90.78,29.145]}},{"type":"Feature","properties":{"n":105},"geometry":{"type":"Point","coordinates":[-89.715,29.485]}},{"type":"Feature","properties":{"n":587},"geometry":{"type":"Point","coordinates":[-96.77,28.335]}},{"type":"Feature","properties":{"n":179},"geometry":{"type":"Point","coordinates":[-89.475,29.84]}},{"type":"Feature","properties":{"n":96},"geometry":{"type":"Point","coordinates":[-92.045,29.575]}},{"type":"Feature","properties":{"n":198},"geometry":{"type":"Point","coordinates":[-89.47,29.755]}},{"type":"Feature","properties":{"n":296},"geometry":{"type":"Point","coordinates":[-91.885,29.49]}},{"type":"Feature","properties":{"n":57},"geometry":{"type":"Point","coordinates":[-89.64,29.345]}},{"type":"Feature","properties":{"n":28},"geometry":{"type":"Point","coordinates":[-90.245,29.275]}},{"type":"Feature","properties":{"n":32},"geometry":{"type":"Point","coordinates":[-90.565,29.215]}},{"type":"Feature","properties":{"n":76},"geometry":{"type":"Point","coordinates":[-89.46,29.785]}},{"type":"Feature","properties":{"n":266},"geometry":{"type":"Point","coordinates":[-90.695,29.255]}},{"type":"Feature","properties":{"n":59},"geometry":{"type":"Point","coordinates":[-90.4,29.285]}},{"type":"Feature","properties":{"n":35},"geometry":{"type":"Point","coordinates":[-76.24,38.8]}},{"type":"Feature","properties":{"n":1},"geometry":{"type":"Point","coordinates":[-89.67,29.83]}},{"type":"Feature","properties":{"n":593},"geometry":{"type":"Point","coordinates":[-96.705,28.235]}},{"type":"Feature","properties":{"n":222},"geometry":{"type":"Point","coordinates":[-89.71,29.375]}},{"type":"Feature","properties":{"n":10},"geometry":{"type":"Point","coordinates":[-89.675,29.345]}},{"type":"Feature","properties":{"n":19},"geometry":{"type":"Point","coordinates":[-89.685,29.445]}},{"type":"Feature","properties":{"n":16},"geometry":{"type":"Point","coordinates":[-96.7,28.22]}},{"type":"Feature","properties":{"n":6},"geometry":{"type":"Point","coordinates":[-89.41,29.865]}},{"type":"Feature","properties":{"n":537},"geometry":{"type":"Point","coordinates":[-89.295,29.99]}},{"type":"Feature","properties":{"n":463},"geometry":{"type":"Point","coordinates":[-94.825,29.51]}},{"type":"Feature","properties":{"n":139},"geometry":{"type":"Point","coordinates":[-89.785,29.47]}},{"type":"Feature","properties":{"n":699},"geometry":{"type":"Point","coordinates":[-89.25,29.985]}},{"type":"Feature","properties":{"n":246},"geometry":{"type":"Point","coordinates":[-90.46,29.415]}},{"type":"Feature","properties":{"n":233},"geometry":{"type":"Point","coordinates":[-89.61,29.935]}},{"type":"Feature","properties":{"n":26},"geometry":{"type":"Point","coordinates":[-76.275,38.74]}},{"type":"Feature","properties":{"n":51},"geometry":{"type":"Point","coordinates":[-89.81,29.49]}},{"type":"Feature","properties":{"n":1},"geometry":{"type":"Point","coordinates":[-92.07,29.55]}},{"type":"Feature","properties":{"n":382},"geometry":{"type":"Point","coordinates":[-89.355,29.845]}},{"type":"Feature","properties":{"n":436},"geometry":{"type":"Point","coordinates":[-89.22,30.11]}},{"type":"Feature","properties":{"n":8},"geometry":{"type":"Point","coordinates":[-90.81,29.165]}},{"type":"Feature","properties":{"n":136},"geometry":{"type":"Point","coordinates":[-89.525,29.27]}},{"type":"Feature","properties":{"n":173},"geometry":{"type":"Point","coordinates":[-90.82,29.135]}},{"type":"Feature","properties":{"n":222},"geometry":{"type":"Point","coordinates":[-90.795,29.135]}},{"type":"Feature","properties":{"n":153},"geometry":{"type":"Point","coordinates":[-90.245,29.28]}},{"type":"Feature","properties":{"n":388},"geometry":{"type":"Point","coordinates":[-89.68,29.425]}},{"type":"Feature","properties":{"n":12},"geometry":{"type":"Point","coordinates":[-90.535,29.29]}},{"type":"Feature","properties":{"n":301},"geometry":{"type":"Point","coordinates":[-89.52,29.275]}},{"type":"Feature","properties":{"n":129},"geometry":{"type":"Point","coordinates":[-89.775,29.465]}},{"type":"Feature","properties":{"n":28},"geometry":{"type":"Point","coordinates":[-97.08,28.165]}},{"type":"Feature","properties":{"n":345},"geometry":{"type":"Point","coordinates":[-89.91,29.505]}},{"type":"Feature","properties":{"n":100},"geometry":{"type":"Point","coordinates":[-91.155,29.255]}},{"type":"Feature","properties":{"n":291},"geometry":{"type":"Point","coordinates":[-89.31,29.83]}},{"type":"Feature","properties":{"n":239},"geometry":{"type":"Point","coordinates":[-76.205,38.73]}},{"type":"Feature","properties":{"n":140},"geometry":{"type":"Point","coordinates":[-91.82,29.45]}},{"type":"Feature","properties":{"n":58},"geometry":{"type":"Point","coordinates":[-89.975,29.44]}},{"type":"Feature","properties":{"n":33},"geometry":{"type":"Point","coordinates":[-90.535,29.34]}},{"type":"Feature","properties":{"n":37},"geometry":{"type":"Point","coordinates":[-89.625,29.935]}},{"type":"Feature","properties":{"n":35},"geometry":{"type":"Point","coordinates":[-89.725,29.39]}},{"type":"Feature","properties":{"n":2},"geometry":{"type":"Point","coordinates":[-89.695,29.48]}},{"type":"Feature","properties":{"n":53},"geometry":{"type":"Point","coordinates":[-90.665,29.18]}},{"type":"Feature","properties":{"n":215},"geometry":{"type":"Point","coordinates":[-89.415,29.97]}},{"type":"Feature","properties":{"n":3},"geometry":{"type":"Point","coordinates":[-90.655,29.145]}},{"type":"Feature","properties":{"n":394},"geometry":{"type":"Point","coordinates":[-90.615,29.265]}},{"type":"Feature","properties":{"n":619},"geometry":{"type":"Point","coordinates":[-89.375,29.955]}},{"type":"Feature","properties":{"n":383},"geometry":{"type":"Point","coordinates":[-90.77,29.24]}},{"type":"Feature","properties":{"n":12},"geometry":{"type":"Point","coordinates":[-90.52,29.41]}},{"type":"Feature","properties":{"n":333},"geometry":{"type":"Point","coordinates":[-89.26,30.025]}},{"type":"Feature","properties":{"n":3},"geometry":{"type":"Point","coordinates":[-90.55,29.405]}},{"type":"Feature","properties":{"n":276},"geometry":{"type":"Point","coordinates":[-89.295,29.86]}},{"type":"Feature","properties":{"n":16},"geometry":{"type":"Point","coordinates":[-90.65,29.135]}},{"type":"Feature","properties":{"n":182},"geometry":{"type":"Point","coordinates":[-89.68,29.31]}},{"type":"Feature","properties":{"n":240},"geometry":{"type":"Point","coordinates":[-89.26,29.995]}},{"type":"Feature","properties":{"n":217},"geometry":{"type":"Point","coordinates":[-89.72,29.46]}},{"type":"Feature","properties":{"n":11},"geometry":{"type":"Point","coordinates":[-90.62,29.23]}},{"type":"Feature","properties":{"n":49},"geometry":{"type":"Point","coordinates":[-89.715,29.305]}},{"type":"Feature","properties":{"n":493},"geometry":{"type":"Point","coordinates":[-89.53,29.305]}},{"type":"Feature","properties":{"n":15},"geometry":{"type":"Point","coordinates":[-89.595,29.305]}},{"type":"Feature","properties":{"n":45},"geometry":{"type":"Point","coordinates":[-90.255,29.27]}},{"type":"Feature","properties":{"n":126},"geometry":{"type":"Point","coordinates":[-90.825,29.11]}},{"type":"Feature","properties":{"n":209},"geometry":{"type":"Point","coordinates":[-90.215,29.3]}},{"type":"Feature","properties":{"n":283},"geometry":{"type":"Point","coordinates":[-90.655,29.205]}},{"type":"Feature","properties":{"n":321},"geometry":{"type":"Point","coordinates":[-89.28,29.98]}},{"type":"Feature","properties":{"n":379},"geometry":{"type":"Point","coordinates":[-89.295,29.98]}},{"type":"Feature","properties":{"n":542},"geometry":{"type":"Point","coordinates":[-89.71,29.415]}},{"type":"Feature","properties":{"n":289},"geometry":{"type":"Point","coordinates":[-89.555,29.295]}},{"type":"Feature","properties":{"n":469},"geometry":{"type":"Point","coordinates":[-89.665,29.34]}},{"type":"Feature","properties":{"n":1052},"geometry":{"type":"Point","coordinates":[-89.52,29.25]}},{"type":"Feature","properties":{"n":53},"geometry":{"type":"Point","coordinates":[-89.76,29.4]}},{"type":"Feature","properties":{"n":314},"geometry":{"type":"Point","coordinates":[-91.91,29.495]}},{"type":"Feature","properties":{"n":74},"geometry":{"type":"Point","coordinates":[-89.415,29.975]}},{"type":"Feature","properties":{"n":15},"geometry":{"type":"Point","coordinates":[-89.5,29.845]}},{"type":"Feature","properties":{"n":87},"geometry":{"type":"Point","coordinates":[-90.42,29.32]}},{"type":"Feature","properties":{"n":90},"geometry":{"type":"Point","coordinates":[-89.38,29.915]}},{"type":"Feature","properties":{"n":180},"geometry":{"type":"Point","coordinates":[-89.86,29.44]}},{"type":"Feature","properties":{"n":64},"geometry":{"type":"Point","coordinates":[-90.57,29.34]}},{"type":"Feature","properties":{"n":3207},"geometry":{"type":"Point","coordinates":[-89.62,29.35]}},{"type":"Feature","properties":{"n":18},"geometry":{"type":"Point","coordinates":[-89.4,29.83]}},{"type":"Feature","properties":{"n":264},"geometry":{"type":"Point","coordinates":[-89.29,29.965]}},{"type":"Feature","properties":{"n":3},"geometry":{"type":"Point","coordinates":[-90.595,29.215]}},{"type":"Feature","properties":{"n":154},"geometry":{"type":"Point","coordinates":[-90.68,29.34]}},{"type":"Feature","properties":{"n":211},"geometry":{"type":"Point","coordinates":[-90.775,29.145]}},{"type":"Feature","properties":{"n":22},"geometry":{"type":"Point","coordinates":[-90.495,29.42]}},{"type":"Feature","properties":{"n":308},"geometry":{"type":"Point","coordinates":[-91.83,29.43]}},{"type":"Feature","properties":{"n":1},"geometry":{"type":"Point","coordinates":[-91.945,29.475]}},{"type":"Feature","properties":{"n":61},"geometry":{"type":"Point","coordinates":[-96.725,28.275]}},{"type":"Feature","properties":{"n":179},"geometry":{"type":"Point","coordinates":[-91.82,29.47]}},{"type":"Feature","properties":{"n":12},"geometry":{"type":"Point","coordinates":[-90.93,29.28]}},{"type":"Feature","properties":{"n":32},"geometry":{"type":"Point","coordinates":[-90.665,29.165]}},{"type":"Feature","properties":{"n":4},"geometry":{"type":"Point","coordinates":[-94.87,29.495]}},{"type":"Feature","properties":{"n":66},"geometry":{"type":"Point","coordinates":[-89.505,29.83]}},{"type":"Feature","properties":{"n":41},"geometry":{"type":"Point","coordinates":[-90.86,29.135]}},{"type":"Feature","properties":{"n":8},"geometry":{"type":"Point","coordinates":[-90.67,29.175]}},{"type":"Feature","properties":{"n":14},"geometry":{"type":"Point","coordinates":[-90.395,29.38]}},{"type":"Feature","properties":{"n":564},"geometry":{"type":"Point","coordinates":[-89.68,29.35]}},{"type":"Feature","properties":{"n":179},"geometry":{"type":"Point","coordinates":[-89.455,29.805]}},{"type":"Feature","properties":{"n":732},"geometry":{"type":"Point","coordinates":[-90.875,29.11]}},{"type":"Feature","properties":{"n":36},"geometry":{"type":"Point","coordinates":[-91.935,29.515]}},{"type":"Feature","properties":{"n":301},"geometry":{"type":"Point","coordinates":[-96.95,28.07]}},{"type":"Feature","properties":{"n":645},"geometry":{"type":"Point","coordinates":[-89.555,29.71]}},{"type":"Feature","properties":{"n":61},"geometry":{"type":"Point","coordinates":[-90.585,29.265]}},{"type":"Feature","properties":{"n":35},"geometry":{"type":"Point","coordinates":[-90.805,29.18]}},{"type":"Feature","properties":{"n":439},"geometry":{"type":"Point","coordinates":[-90.705,29.2]}},{"type":"Feature","properties":{"n":314},"geometry":{"type":"Point","coordinates":[-89.24,29.99]}},{"type":"Feature","properties":{"n":130},"geometry":{"type":"Point","coordinates":[-90.88,29.245]}},{"type":"Feature","properties":{"n":339},"geometry":{"type":"Point","coordinates":[-89.98,29.445]}},{"type":"Feature","properties":{"n":270},"geometry":{"type":"Point","coordinates":[-90.685,29.285]}},{"type":"Feature","properties":{"n":217},"geometry":{"type":"Point","coordinates":[-89.725,29.455]}},{"type":"Feature","properties":{"n":160},"geometry":{"type":"Point","coordinates":[-90.44,29.34]}},{"type":"Feature","properties":{"n":203},"geometry":{"type":"Point","coordinates":[-89.695,29.38]}},{"type":"Feature","properties":{"n":447},"geometry":{"type":"Point","coordinates":[-89.29,29.97]}},{"type":"Feature","properties":{"n":74},"geometry":{"type":"Point","coordinates":[-90.855,29.11]}},{"type":"Feature","properties":{"n":591},"geometry":{"type":"Point","coordinates":[-89.345,29.83]}},{"type":"Feature","properties":{"n":1},"geometry":{"type":"Point","coordinates":[-90.99,29.25]}},{"type":"Feature","properties":{"n":22},"geometry":{"type":"Point","coordinates":[-89.65,29.36]}},{"type":"Feature","properties":{"n":18},"geometry":{"type":"Point","coordinates":[-89.31,29.855]}},{"type":"Feature","properties":{"n":133},"geometry":{"type":"Point","coordinates":[-89.7,29.335]}},{"type":"Feature","properties":{"n":160},"geometry":{"type":"Point","coordinates":[-91.845,29.43]}},{"type":"Feature","properties":{"n":118},"geometry":{"type":"Point","coordinates":[-89.85,29.49]}},{"type":"Feature","properties":{"n":85},"geometry":{"type":"Point","coordinates":[-89.61,29.74]}},{"type":"Feature","properties":{"n":57},"geometry":{"type":"Point","coordinates":[-90.6,29.355]}},{"type":"Feature","properties":{"n":115},"geometry":{"type":"Point","coordinates":[-89.62,29.37]}},{"type":"Feature","properties":{"n":98},"geometry":{"type":"Point","coordinates":[-89.535,29.745]}},{"type":"Feature","properties":{"n":129},"geometry":{"type":"Point","coordinates":[-90.935,29.28]}},{"type":"Feature","properties":{"n":160},"geometry":{"type":"Point","coordinates":[-94.89,29.5]}},{"type":"Feature","properties":{"n":33},"geometry":{"type":"Point","coordinates":[-92.02,29.545]}},{"type":"Feature","properties":{"n":28},"geometry":{"type":"Point","coordinates":[-90.835,29.26]}},{"type":"Feature","properties":{"n":1039},"geometry":{"type":"Point","coordinates":[-89.26,29.985]}},{"type":"Feature","properties":{"n":20},"geometry":{"type":"Point","coordinates":[-90.575,29.24]}},{"type":"Feature","properties":{"n":59},"geometry":{"type":"Point","coordinates":[-90.0,29.375]}},{"type":"Feature","properties":{"n":3},"geometry":{"type":"Point","coordinates":[-75.93,38.31]}},{"type":"Feature","properties":{"n":261},"geometry":{"type":"Point","coordinates":[-89.47,29.76]}},{"type":"Feature","properties":{"n":102},"geometry":{"type":"Point","coordinates":[-89.255,30.085]}},{"type":"Feature","properties":{"n":288},"geometry":{"type":"Point","coordinates":[-89.565,29.315]}},{"type":"Feature","properties":{"n":121},"geometry":{"type":"Point","coordinates":[-89.27,30.055]}},{"type":"Feature","properties":{"n":45},"geometry":{"type":"Point","coordinates":[-90.4,29.34]}},{"type":"Feature","properties":{"n":374},"geometry":{"type":"Point","coordinates":[-96.73,28.295]}},{"type":"Feature","properties":{"n":168},"geometry":{"type":"Point","coordinates":[-75.86,38.225]}},{"type":"Feature","properties":{"n":445},"geometry":{"type":"Point","coordinates":[-90.74,29.19]}},{"type":"Feature","properties":{"n":91},"geometry":{"type":"Point","coordinates":[-90.315,29.28]}},{"type":"Feature","properties":{"n":50},"geometry":{"type":"Point","coordinates":[-89.86,29.48]}},{"type":"Feature","properties":{"n":412},"geometry":{"type":"Point","coordinates":[-89.51,29.815]}},{"type":"Feature","properties":{"n":124},"geometry":{"type":"Point","coordinates":[-94.9,29.47]}},{"type":"Feature","properties":{"n":45},"geometry":{"type":"Point","coordinates":[-90.795,29.12]}},{"type":"Feature","properties":{"n":621},"geometry":{"type":"Point","coordinates":[-90.25,29.29]}},{"type":"Feature","properties":{"n":6},"geometry":{"type":"Point","coordinates":[-89.46,29.82]}},{"type":"Feature","properties":{"n":581},"geometry":{"type":"Point","coordinates":[-89.69,29.41]}},{"type":"Feature","properties":{"n":109},"geometry":{"type":"Point","coordinates":[-90.72,29.19]}},{"type":"Feature","properties":{"n":168},"geometry":{"type":"Point","coordinates":[-90.59,29.265]}},{"type":"Feature","properties":{"n":243},"geometry":{"type":"Point","coordinates":[-97.1,28.13]}},{"type":"Feature","properties":{"n":552},"geometry":{"type":"Point","coordinates":[-90.61,29.315]}},{"type":"Feature","properties":{"n":170},"geometry":{"type":"Point","coordinates":[-89.415,29.845]}},{"type":"Feature","properties":{"n":465},"geometry":{"type":"Point","coordinates":[-89.97,29.485]}},{"type":"Feature","properties":{"n":41},"geometry":{"type":"Point","coordinates":[-89.995,29.445]}},{"type":"Feature","properties":{"n":541},"geometry":{"type":"Point","coordinates":[-90.24,29.295]}},{"type":"Feature","properties":{"n":300},"geometry":{"type":"Point","coordinates":[-90.79,29.255]}},{"type":"Feature","properties":{"n":46},"geometry":{"type":"Point","coordinates":[-91.14,29.25]}},{"type":"Feature","properties":{"n":167},"geometry":{"type":"Point","coordinates":[-89.715,29.46]}},{"type":"Feature","properties":{"n":19},"geometry":{"type":"Point","coordinates":[-90.56,29.3]}},{"type":"Feature","properties":{"n":17},"geometry":{"type":"Point","coordinates":[-89.375,29.985]}},{"type":"Feature","properties":{"n":231},"geometry":{"type":"Point","coordinates":[-92.09,29.57]}},{"type":"Feature","properties":{"n":27},"geometry":{"type":"Point","coordinates":[-90.675,29.14]}},{"type":"Feature","properties":{"n":41},"geometry":{"type":"Point","coordinates":[-96.655,28.26]}},{"type":"Feature","properties":{"n":65},"geometry":{"type":"Point","coordinates":[-90.6,29.35]}},{"type":"Feature","properties":{"n":930},"geometry":{"type":"Point","coordinates":[-89.57,29.335]}},{"type":"Feature","properties":{"n":23},"geometry":{"type":"Point","coordinates":[-89.26,30.065]}},{"type":"Feature","properties":{"n":2},"geometry":{"type":"Point","coordinates":[-89.34,29.93]}},{"type":"Feature","properties":{"n":15},"geometry":{"type":"Point","coordinates":[-89.53,29.26]}},{"type":"Feature","properties":{"n":725},"geometry":{"type":"Point","coordinates":[-90.86,29.2]}},{"type":"Feature","properties":{"n":805},"geometry":{"type":"Point","coordinates":[-90.245,29.29]}},{"type":"Feature","properties":{"n":209},"geometry":{"type":"Point","coordinates":[-89.275,30.005]}},{"type":"Feature","properties":{"n":349},"geometry":{"type":"Point","coordinates":[-89.56,29.3]}},{"type":"Feature","properties":{"n":397},"geometry":{"type":"Point","coordinates":[-89.365,29.96]}},{"type":"Feature","properties":{"n":72},"geometry":{"type":"Point","coordinates":[-89.965,29.32]}},{"type":"Feature","properties":{"n":351},"geometry":{"type":"Point","coordinates":[-90.76,29.245]}},{"type":"Feature","properties":{"n":94},"geometry":{"type":"Point","coordinates":[-89.275,29.97]}},{"type":"Feature","properties":{"n":319},"geometry":{"type":"Point","coordinates":[-90.815,29.145]}},{"type":"Feature","properties":{"n":32},"geometry":{"type":"Point","coordinates":[-90.555,29.205]}},{"type":"Feature","properties":{"n":813},"geometry":{"type":"Point","coordinates":[-90.71,29.2]}},{"type":"Feature","properties":{"n":382},"geometry":{"type":"Point","coordinates":[-89.3,29.995]}},{"type":"Feature","properties":{"n":1182},"geometry":{"type":"Point","coordinates":[-89.665,29.345]}},{"type":"Feature","properties":{"n":51},"geometry":{"type":"Point","coordinates":[-89.515,29.84]}},{"type":"Feature","properties":{"n":320},"geometry":{"type":"Point","coordinates":[-96.485,28.605]}},{"type":"Feature","properties":{"n":58},"geometry":{"type":"Point","coordinates":[-89.77,29.505]}},{"type":"Feature","properties":{"n":217},"geometry":{"type":"Point","coordinates":[-89.225,30.015]}},{"type":"Feature","properties":{"n":420},"geometry":{"type":"Point","coordinates":[-89.355,29.85]}},{"type":"Feature","properties":{"n":289},"geometry":{"type":"Point","coordinates":[-89.635,29.31]}},{"type":"Feature","properties":{"n":20},"geometry":{"type":"Point","coordinates":[-90.81,29.125]}},{"type":"Feature","properties":{"n":16},"geometry":{"type":"Point","coordinates":[-89.23,29.985]}},{"type":"Feature","properties":{"n":192},"geometry":{"type":"Point","coordinates":[-90.78,29.185]}},{"type":"Feature","properties":{"n":152},"geometry":{"type":"Point","coordinates":[-90.79,29.2]}},{"type":"Feature","properties":{"n":2},"geometry":{"type":"Point","coordinates":[-90.69,29.37]}},{"type":"Feature","properties":{"n":64},"geometry":{"type":"Point","coordinates":[-91.855,29.48]}},{"type":"Feature","properties":{"n":85},"geometry":{"type":"Point","coordinates":[-90.625,29.285]}},{"type":"Feature","properties":{"n":52},"geometry":{"type":"Point","coordinates":[-90.41,29.265]}},{"type":"Feature","properties":{"n":149},"geometry":{"type":"Point","coordinates":[-89.605,29.72]}},{"type":"Feature","properties":{"n":270},"geometry":{"type":"Point","coordinates":[-89.485,29.3]}},{"type":"Feature","properties":{"n":9},"geometry":{"type":"Point","coordinates":[-89.735,29.41]}},{"type":"Feature","properties":{"n":702},"geometry":{"type":"Point","coordinates":[-89.595,29.285]}},{"type":"Feature","properties":{"n":491},"geometry":{"type":"Point","coordinates":[-90.455,29.41]}},{"type":"Feature","properties":{"n":44},"geometry":{"type":"Point","coordinates":[-89.225,30.13]}},{"type":"Feature","properties":{"n":8},"geometry":{"type":"Point","coordinates":[-89.455,29.7]}},{"type":"Feature","properties":{"n":11},"geometry":{"type":"Point","coordinates":[-89.755,29.325]}},{"type":"Feature","properties":{"n":263},"geometry":{"type":"Point","coordinates":[-89.245,30.0]}},{"type":"Feature","properties":{"n":559},"geometry":{"type":"Point","coordinates":[-89.33,29.955]}},{"type":"Feature","properties":{"n":160},"geometry":{"type":"Point","coordinates":[-90.675,29.175]}},{"type":"Feature","properties":{"n":135},"geometry":{"type":"Point","coordinates":[-89.62,29.335]}},{"type":"Feature","properties":{"n":64},"geometry":{"type":"Point","coordinates":[-90.645,29.23]}},{"type":"Feature","properties":{"n":40},"geometry":{"type":"Point","coordinates":[-89.37,29.905]}},{"type":"Feature","properties":{"n":29},"geometry":{"type":"Point","coordinates":[-97.01,28.06]}},{"type":"Feature","properties":{"n":73},"geometry":{"type":"Point","coordinates":[-90.855,29.24]}},{"type":"Feature","properties":{"n":718},"geometry":{"type":"Point","coordinates":[-89.34,29.895]}},{"type":"Feature","properties":{"n":28},"geometry":{"type":"Point","coordinates":[-96.95,28.055]}},{"type":"Feature","properties":{"n":716},"geometry":{"type":"Point","coordinates":[-94.88,29.5]}},{"type":"Feature","properties":{"n":332},"geometry":{"type":"Point","coordinates":[-90.135,29.345]}},{"type":"Feature","properties":{"n":212},"geometry":{"type":"Point","coordinates":[-89.55,29.69]}},{"type":"Feature","properties":{"n":256},"geometry":{"type":"Point","coordinates":[-89.63,29.345]}},{"type":"Feature","properties":{"n":825},"geometry":{"type":"Point","coordinates":[-89.77,29.48]}},{"type":"Feature","properties":{"n":168},"geometry":{"type":"Point","coordinates":[-90.45,29.375]}},{"type":"Feature","properties":{"n":112},"geometry":{"type":"Point","coordinates":[-89.91,29.46]}},{"type":"Feature","properties":{"n":7},"geometry":{"type":"Point","coordinates":[-90.53,29.43]}},{"type":"Feature","properties":{"n":49},"geometry":{"type":"Point","coordinates":[-90.57,29.35]}},{"type":"Feature","properties":{"n":3},"geometry":{"type":"Point","coordinates":[-89.235,30.02]}},{"type":"Feature","properties":{"n":101},"geometry":{"type":"Point","coordinates":[-89.26,29.96]}},{"type":"Feature","properties":{"n":81},"geometry":{"type":"Point","coordinates":[-89.575,29.665]}},{"type":"Feature","properties":{"n":11},"geometry":{"type":"Point","coordinates":[-91.865,29.485]}},{"type":"Feature","properties":{"n":305},"geometry":{"type":"Point","coordinates":[-90.525,29.355]}},{"type":"Feature","properties":{"n":129},"geometry":{"type":"Point","coordinates":[-90.465,29.375]}},{"type":"Feature","properties":{"n":6},"geometry":{"type":"Point","coordinates":[-89.44,29.935]}},{"type":"Feature","properties":{"n":282},"geometry":{"type":"Point","coordinates":[-90.8,29.21]}},{"type":"Feature","properties":{"n":131},"geometry":{"type":"Point","coordinates":[-90.845,29.12]}},{"type":"Feature","properties":{"n":111},"geometry":{"type":"Point","coordinates":[-90.705,29.13]}},{"type":"Feature","properties":{"n":263},"geometry":{"type":"Point","coordinates":[-89.33,29.925]}},{"type":"Feature","properties":{"n":17},"geometry":{"type":"Point","coordinates":[-90.06,29.435]}},{"type":"Feature","properties":{"n":11},"geometry":{"type":"Point","coordinates":[-90.545,29.36]}},{"type":"Feature","properties":{"n":370},"geometry":{"type":"Point","coordinates":[-96.765,28.335]}},{"type":"Feature","properties":{"n":588},"geometry":{"type":"Point","coordinates":[-89.33,29.99]}},{"type":"Feature","properties":{"n":17},"geometry":{"type":"Point","coordinates":[-89.4,29.79]}},{"type":"Feature","properties":{"n":51},"geometry":{"type":"Point","coordinates":[-89.68,29.3]}},{"type":"Feature","properties":{"n":83},"geometry":{"type":"Point","coordinates":[-89.55,29.735]}},{"type":"Feature","properties":{"n":14},"geometry":{"type":"Point","coordinates":[-91.82,29.43]}},{"type":"Feature","properties":{"n":333},"geometry":{"type":"Point","coordinates":[-90.74,29.195]}},{"type":"Feature","properties":{"n":10},"geometry":{"type":"Point","coordinates":[-96.94,28.075]}},{"type":"Feature","properties":{"n":71},"geometry":{"type":"Point","coordinates":[-89.455,29.995]}},{"type":"Feature","properties":{"n":21},"geometry":{"type":"Point","coordinates":[-89.505,29.845]}},{"type":"Feature","properties":{"n":4},"geometry":{"type":"Point","coordinates":[-90.6,29.37]}},{"type":"Feature","properties":{"n":36},"geometry":{"type":"Point","coordinates":[-90.57,29.355]}},{"type":"Feature","properties":{"n":373},"geometry":{"type":"Point","coordinates":[-89.28,29.995]}},{"type":"Feature","properties":{"n":226},"geometry":{"type":"Point","coordinates":[-89.75,29.415]}},{"type":"Feature","properties":{"n":43},"geometry":{"type":"Point","coordinates":[-89.325,29.84]}},{"type":"Feature","properties":{"n":16},"geometry":{"type":"Point","coordinates":[-90.415,29.39]}},{"type":"Feature","properties":{"n":558},"geometry":{"type":"Point","coordinates":[-89.245,30.01]}},{"type":"Feature","properties":{"n":620},"geometry":{"type":"Point","coordinates":[-94.725,29.48]}},{"type":"Feature","properties":{"n":5},"geometry":{"type":"Point","coordinates":[-90.595,29.28]}},{"type":"Feature","properties":{"n":238},"geometry":{"type":"Point","coordinates":[-89.71,29.37]}},{"type":"Feature","properties":{"n":18},"geometry":{"type":"Point","coordinates":[-96.995,28.065]}},{"type":"Feature","properties":{"n":606},"geometry":{"type":"Point","coordinates":[-89.905,29.46]}},{"type":"Feature","properties":{"n":37},"geometry":{"type":"Point","coordinates":[-90.595,29.285]}},{"type":"Feature","properties":{"n":273},"geometry":{"type":"Point","coordinates":[-89.445,29.785]}},{"type":"Feature","properties":{"n":217},"geometry":{"type":"Point","coordinates":[-90.685,29.295]}},{"type":"Feature","properties":{"n":1},"geometry":{"type":"Point","coordinates":[-89.78,29.43]}},{"type":"Feature","properties":{"n":153},"geometry":{"type":"Point","coordinates":[-89.725,29.37]}},{"type":"Feature","properties":{"n":320},"geometry":{"type":"Point","coordinates":[-90.585,29.32]}},{"type":"Feature","properties":{"n":230},"geometry":{"type":"Point","coordinates":[-90.765,29.14]}},{"type":"Feature","properties":{"n":37},"geometry":{"type":"Point","coordinates":[-90.775,29.245]}},{"type":"Feature","properties":{"n":2},"geometry":{"type":"Point","coordinates":[-89.85,30.005]}},{"type":"Feature","properties":{"n":107},"geometry":{"type":"Point","coordinates":[-90.65,29.335]}},{"type":"Feature","properties":{"n":197},"geometry":{"type":"Point","coordinates":[-90.75,29.13]}},{"type":"Feature","properties":{"n":8},"geometry":{"type":"Point","coordinates":[-89.4,30.195]}},{"type":"Feature","properties":{"n":12},"geometry":{"type":"Point","coordinates":[-89.44,29.715]}},{"type":"Feature","properties":{"n":218},"geometry":{"type":"Point","coordinates":[-94.895,29.465]}},{"type":"Feature","properties":{"n":224},"geometry":{"type":"Point","coordinates":[-89.555,29.7]}},{"type":"Feature","properties":{"n":32},"geometry":{"type":"Point","coordinates":[-89.48,29.825]}},{"type":"Feature","properties":{"n":20},"geometry":{"type":"Point","coordinates":[-96.745,28.38]}},{"type":"Feature","properties":{"n":111},"geometry":{"type":"Point","coordinates":[-94.785,29.535]}},{"type":"Feature","properties":{"n":17},"geometry":{"type":"Point","coordinates":[-89.31,29.91]}},{"type":"Feature","properties":{"n":671},"geometry":{"type":"Point","coordinates":[-90.685,29.23]}},{"type":"Feature","properties":{"n":8},"geometry":{"type":"Point","coordinates":[-89.655,29.605]}},{"type":"Feature","properties":{"n":16},"geometry":{"type":"Point","coordinates":[-89.73,29.385]}},{"type":"Feature","properties":{"n":27},"geometry":{"type":"Point","coordinates":[-89.345,29.9]}},{"type":"Feature","properties":{"n":12},"geometry":{"type":"Point","coordinates":[-96.5,28.605]}},{"type":"Feature","properties":{"n":49},"geometry":{"type":"Point","coordinates":[-90.615,29.24]}},{"type":"Feature","properties":{"n":74},"geometry":{"type":"Point","coordinates":[-89.61,29.715]}},{"type":"Feature","properties":{"n":207},"geometry":{"type":"Point","coordinates":[-89.45,29.725]}},{"type":"Feature","properties":{"n":347},"geometry":{"type":"Point","coordinates":[-90.47,29.405]}},{"type":"Feature","properties":{"n":210},"geometry":{"type":"Point","coordinates":[-89.3,30.0]}},{"type":"Feature","properties":{"n":235},"geometry":{"type":"Point","coordinates":[-89.325,30.035]}},{"type":"Feature","properties":{"n":49},"geometry":{"type":"Point","coordinates":[-90.83,29.225]}},{"type":"Feature","properties":{"n":70},"geometry":{"type":"Point","coordinates":[-89.5,29.28]}},{"type":"Feature","properties":{"n":597},"geometry":{"type":"Point","coordinates":[-90.67,29.275]}},{"type":"Feature","properties":{"n":15},"geometry":{"type":"Point","coordinates":[-92.22,29.535]}},{"type":"Feature","properties":{"n":825},"geometry":{"type":"Point","coordinates":[-89.26,29.99]}},{"type":"Feature","properties":{"n":214},"geometry":{"type":"Point","coordinates":[-97.01,28.1]}},{"type":"Feature","properties":{"n":117},"geometry":{"type":"Point","coordinates":[-89.49,29.275]}},{"type":"Feature","properties":{"n":222},"geometry":{"type":"Point","coordinates":[-89.495,29.305]}},{"type":"Feature","properties":{"n":41},"geometry":{"type":"Point","coordinates":[-90.66,29.275]}},{"type":"Feature","properties":{"n":7},"geometry":{"type":"Point","coordinates":[-90.535,29.31]}},{"type":"Feature","properties":{"n":108},"geometry":{"type":"Point","coordinates":[-89.27,29.97]}},{"type":"Feature","properties":{"n":13},"geometry":{"type":"Point","coordinates":[-90.605,29.205]}},{"type":"Feature","properties":{"n":465},"geometry":{"type":"Point","coordinates":[-89.715,29.385]}},{"type":"Feature","properties":{"n":233},"geometry":{"type":"Point","coordinates":[-92.04,29.535]}},{"type":"Feature","properties":{"n":1023},"geometry":{"type":"Point","coordinates":[-89.295,29.875]}},{"type":"Feature","properties":{"n":32},"geometry":{"type":"Point","coordinates":[-90.3,29.26]}},{"type":"Feature","properties":{"n":196},"geometry":{"type":"Point","coordinates":[-89.335,29.84]}},{"type":"Feature","properties":{"n":81},"geometry":{"type":"Point","coordinates":[-92.03,29.535]}},{"type":"Feature","properties":{"n":24},"geometry":{"type":"Point","coordinates":[-90.855,29.165]}},{"type":"Feature","properties":{"n":113},"geometry":{"type":"Point","coordinates":[-89.63,29.74]}},{"type":"Feature","properties":{"n":35},"geometry":{"type":"Point","coordinates":[-97.005,28.085]}},{"type":"Feature","properties":{"n":342},"geometry":{"type":"Point","coordinates":[-90.61,29.255]}},{"type":"Feature","properties":{"n":323},"geometry":{"type":"Point","coordinates":[-89.505,29.79]}},{"type":"Feature","properties":{"n":254},"geometry":{"type":"Point","coordinates":[-89.68,29.305]}},{"type":"Feature","properties":{"n":1},"geometry":{"type":"Point","coordinates":[-90.0,29.42]}},{"type":"Feature","properties":{"n":171},"geometry":{"type":"Point","coordinates":[-89.435,29.97]}},{"type":"Feature","properties":{"n":404},"geometry":{"type":"Point","coordinates":[-89.54,29.26]}},{"type":"Feature","properties":{"n":186},"geometry":{"type":"Point","coordinates":[-89.53,29.3]}},{"type":"Feature","properties":{"n":64},"geometry":{"type":"Point","coordinates":[-89.77,29.465]}},{"type":"Feature","properties":{"n":18},"geometry":{"type":"Point","coordinates":[-90.51,29.38]}},{"type":"Feature","properties":{"n":247},"geometry":{"type":"Point","coordinates":[-90.35,29.325]}},{"type":"Feature","properties":{"n":84},"geometry":{"type":"Point","coordinates":[-90.405,29.37]}},{"type":"Feature","properties":{"n":1},"geometry":{"type":"Point","coordinates":[-90.685,29.21]}},{"type":"Feature","properties":{"n":122},"geometry":{"type":"Point","coordinates":[-90.94,29.28]}},{"type":"Feature","properties":{"n":14},"geometry":{"type":"Point","coordinates":[-90.545,29.41]}},{"type":"Feature","properties":{"n":293},"geometry":{"type":"Point","coordinates":[-90.59,29.335]}},{"type":"Feature","properties":{"n":2},"geometry":{"type":"Point","coordinates":[-90.525,29.215]}},{"type":"Feature","properties":{"n":220},"geometry":{"type":"Point","coordinates":[-92.04,29.565]}},{"type":"Feature","properties":{"n":64},"geometry":{"type":"Point","coordinates":[-91.125,29.275]}},{"type":"Feature","properties":{"n":426},"geometry":{"type":"Point","coordinates":[-75.915,38.28]}},{"type":"Feature","properties":{"n":427},"geometry":{"type":"Point","coordinates":[-96.725,28.285]}},{"type":"Feature","properties":{"n":141},"geometry":{"type":"Point","coordinates":[-89.9,29.525]}},{"type":"Feature","properties":{"n":2},"geometry":{"type":"Point","coordinates":[-89.505,29.8]}},{"type":"Feature","properties":{"n":317},"geometry":{"type":"Point","coordinates":[-89.36,29.99]}},{"type":"Feature","properties":{"n":121},"geometry":{"type":"Point","coordinates":[-90.44,29.325]}},{"type":"Feature","properties":{"n":196},"geometry":{"type":"Point","coordinates":[-89.585,29.26]}},{"type":"Feature","properties":{"n":114},"geometry":{"type":"Point","coordinates":[-90.83,29.185]}},{"type":"Feature","properties":{"n":137},"geometry":{"type":"Point","coordinates":[-89.405,29.82]}},{"type":"Feature","properties":{"n":548},"geometry":{"type":"Point","coordinates":[-89.905,29.52]}},{"type":"Feature","properties":{"n":194},"geometry":{"type":"Point","coordinates":[-90.465,29.395]}},{"type":"Feature","properties":{"n":237},"geometry":{"type":"Point","coordinates":[-76.135,38.595]}},{"type":"Feature","properties":{"n":145},"geometry":{"type":"Point","coordinates":[-89.32,30.045]}},{"type":"Feature","properties":{"n":371},"geometry":{"type":"Point","coordinates":[-89.57,29.33]}},{"type":"Feature","properties":{"n":1},"geometry":{"type":"Point","coordinates":[-89.31,29.89]}},{"type":"Feature","properties":{"n":125},"geometry":{"type":"Point","coordinates":[-89.33,29.965]}},{"type":"Feature","properties":{"n":496},"geometry":{"type":"Point","coordinates":[-76.045,38.575]}},{"type":"Feature","properties":{"n":603},"geometry":{"type":"Point","coordinates":[-96.725,28.29]}},{"type":"Feature","properties":{"n":17},"geometry":{"type":"Point","coordinates":[-96.505,28.61]}},{"type":"Feature","properties":{"n":80},"geometry":{"type":"Point","coordinates":[-89.305,30.04]}},{"type":"Feature","properties":{"n":315},"geometry":{"type":"Point","coordinates":[-89.24,30.025]}},{"type":"Feature","properties":{"n":10},"geometry":{"type":"Point","coordinates":[-90.53,29.425]}},{"type":"Feature","properties":{"n":91},"geometry":{"type":"Point","coordinates":[-89.465,29.81]}},{"type":"Feature","properties":{"n":28},"geometry":{"type":"Point","coordinates":[-91.845,29.415]}},{"type":"Feature","properties":{"n":52},"geometry":{"type":"Point","coordinates":[-90.5,29.41]}},{"type":"Feature","properties":{"n":246},"geometry":{"type":"Point","coordinates":[-89.565,29.285]}},{"type":"Feature","properties":{"n":80},"geometry":{"type":"Point","coordinates":[-89.68,29.34]}},{"type":"Feature","properties":{"n":161},"geometry":{"type":"Point","coordinates":[-89.38,29.83]}},{"type":"Feature","properties":{"n":574},"geometry":{"type":"Point","coordinates":[-89.6,29.365]}},{"type":"Feature","properties":{"n":126},"geometry":{"type":"Point","coordinates":[-91.85,29.415]}},{"type":"Feature","properties":{"n":220},"geometry":{"type":"Point","coordinates":[-90.76,29.195]}},{"type":"Feature","properties":{"n":63},"geometry":{"type":"Point","coordinates":[-90.575,29.36]}},{"type":"Feature","properties":{"n":129},"geometry":{"type":"Point","coordinates":[-90.775,29.225]}},{"type":"Feature","properties":{"n":57},"geometry":{"type":"Point","coordinates":[-89.91,29.525]}},{"type":"Feature","properties":{"n":7},"geometry":{"type":"Point","coordinates":[-90.425,29.36]}},{"type":"Feature","properties":{"n":16},"geometry":{"type":"Point","coordinates":[-90.66,29.165]}},{"type":"Feature","properties":{"n":133},"geometry":{"type":"Point","coordinates":[-90.73,29.215]}},{"type":"Feature","properties":{"n":4},"geometry":{"type":"Point","coordinates":[-90.56,29.28]}},{"type":"Feature","properties":{"n":361},"geometry":{"type":"Point","coordinates":[-90.705,29.185]}},{"type":"Feature","properties":{"n":61},"geometry":{"type":"Point","coordinates":[-91.855,29.485]}},{"type":"Feature","properties":{"n":66},"geometry":{"type":"Point","coordinates":[-89.6,29.295]}},{"type":"Feature","properties":{"n":691},"geometry":{"type":"Point","coordinates":[-89.56,29.26]}},{"type":"Feature","properties":{"n":202},"geometry":{"type":"Point","coordinates":[-89.94,29.43]}},{"type":"Feature","properties":{"n":109},"geometry":{"type":"Point","coordinates":[-89.63,29.72]}},{"type":"Feature","properties":{"n":317},"geometry":{"type":"Point","coordinates":[-92.015,29.53]}},{"type":"Feature","properties":{"n":678},"geometry":{"type":"Point","coordinates":[-96.71,28.25]}},{"type":"Feature","properties":{"n":47},"geometry":{"type":"Point","coordinates":[-90.32,29.28]}},{"type":"Feature","properties":{"n":162},"geometry":{"type":"Point","coordinates":[-90.78,29.23]}},{"type":"Feature","properties":{"n":112},"geometry":{"type":"Point","coordinates":[-90.22,29.27]}},{"type":"Feature","properties":{"n":7},"geometry":{"type":"Point","coordinates":[-89.3,30.045]}},{"type":"Feature","properties":{"n":75},"geometry":{"type":"Point","coordinates":[-89.495,29.29]}},{"type":"Feature","properties":{"n":47},"geometry":{"type":"Point","coordinates":[-90.805,29.16]}},{"type":"Feature","properties":{"n":360},"geometry":{"type":"Point","coordinates":[-89.285,29.98]}},{"type":"Feature","properties":{"n":191},"geometry":{"type":"Point","coordinates":[-89.3,29.87]}},{"type":"Feature","properties":{"n":15},"geometry":{"type":"Point","coordinates":[-89.655,29.395]}},{"type":"Feature","properties":{"n":105},"geometry":{"type":"Point","coordinates":[-89.455,29.75]}},{"type":"Feature","properties":{"n":98},"geometry":{"type":"Point","coordinates":[-89.69,29.415]}},{"type":"Feature","properties":{"n":444},"geometry":{"type":"Point","coordinates":[-89.71,29.38]}},{"type":"Feature","properties":{"n":180},"geometry":{"type":"Point","coordinates":[-89.68,29.435]}},{"type":"Feature","properties":{"n":286},"geometry":{"type":"Point","coordinates":[-90.035,29.46]}},{"type":"Feature","properties":{"n":15},"geometry":{"type":"Point","coordinates":[-91.945,29.525]}},{"type":"Feature","properties":{"n":96},"geometry":{"type":"Point","coordinates":[-89.82,29.455]}},{"type":"Feature","properties":{"n":111},"geometry":{"type":"Point","coordinates":[-90.725,29.255]}},{"type":"Feature","properties":{"n":340},"geometry":{"type":"Point","coordinates":[-89.34,29.845]}},{"type":"Feature","properties":{"n":40},"geometry":{"type":"Point","coordinates":[-89.64,29.305]}},{"type":"Feature","properties":{"n":38},"geometry":{"type":"Point","coordinates":[-96.71,28.26]}},{"type":"Feature","properties":{"n":32},"geometry":{"type":"Point","coordinates":[-75.915,38.245]}},{"type":"Feature","properties":{"n":31},"geometry":{"type":"Point","coordinates":[-90.81,29.12]}},{"type":"Feature","properties":{"n":72},"geometry":{"type":"Point","coordinates":[-90.805,29.125]}},{"type":"Feature","properties":{"n":180},"geometry":{"type":"Point","coordinates":[-90.665,29.34]}},{"type":"Feature","properties":{"n":30},"geometry":{"type":"Point","coordinates":[-89.375,29.895]}},{"type":"Feature","properties":{"n":63},"geometry":{"type":"Point","coordinates":[-91.095,29.265]}},{"type":"Feature","properties":{"n":91},"geometry":{"type":"Point","coordinates":[-89.38,29.925]}},{"type":"Feature","properties":{"n":347},"geometry":{"type":"Point","coordinates":[-90.445,29.405]}},{"type":"Feature","properties":{"n":24},"geometry":{"type":"Point","coordinates":[-90.095,29.365]}},{"type":"Feature","properties":{"n":58},"geometry":{"type":"Point","coordinates":[-90.51,29.345]}},{"type":"Feature","properties":{"n":57},"geometry":{"type":"Point","coordinates":[-90.65,29.235]}},{"type":"Feature","properties":{"n":66},"geometry":{"type":"Point","coordinates":[-89.485,29.77]}},{"type":"Feature","properties":{"n":231},"geometry":{"type":"Point","coordinates":[-90.77,29.245]}},{"type":"Feature","properties":{"n":194},"geometry":{"type":"Point","coordinates":[-90.68,29.205]}},{"type":"Feature","properties":{"n":553},"geometry":{"type":"Point","coordinates":[-89.72,29.345]}},{"type":"Feature","properties":{"n":30},"geometry":{"type":"Point","coordinates":[-90.02,29.475]}},{"type":"Feature","properties":{"n":29},"geometry":{"type":"Point","coordinates":[-89.585,29.99]}},{"type":"Feature","properties":{"n":262},"geometry":{"type":"Point","coordinates":[-75.91,38.28]}},{"type":"Feature","properties":{"n":502},"geometry":{"type":"Point","coordinates":[-89.725,29.345]}},{"type":"Feature","properties":{"n":504},"geometry":{"type":"Point","coordinates":[-89.365,29.945]}},{"type":"Feature","properties":{"n":157},"geometry":{"type":"Point","coordinates":[-89.32,29.965]}},{"type":"Feature","properties":{"n":687},"geometry":{"type":"Point","coordinates":[-89.315,29.925]}},{"type":"Feature","properties":{"n":11},"geometry":{"type":"Point","coordinates":[-89.65,29.39]}},{"type":"Feature","properties":{"n":47},"geometry":{"type":"Point","coordinates":[-90.76,29.25]}},{"type":"Feature","properties":{"n":35},"geometry":{"type":"Point","coordinates":[-90.655,29.16]}},{"type":"Feature","properties":{"n":170},"geometry":{"type":"Point","coordinates":[-96.775,28.34]}},{"type":"Feature","properties":{"n":308},"geometry":{"type":"Point","coordinates":[-90.67,29.345]}},{"type":"Feature","properties":{"n":435},"geometry":{"type":"Point","coordinates":[-89.3,29.985]}},{"type":"Feature","properties":{"n":12},"geometry":{"type":"Point","coordinates":[-89.6,29.39]}},{"type":"Feature","properties":{"n":1},"geometry":{"type":"Point","coordinates":[-89.565,29.66]}},{"type":"Feature","properties":{"n":2},"geometry":{"type":"Point","coordinates":[-90.58,29.32]}},{"type":"Feature","properties":{"n":43},"geometry":{"type":"Point","coordinates":[-92.02,29.525]}},{"type":"Feature","properties":{"n":34},"geometry":{"type":"Point","coordinates":[-89.32,29.91]}},{"type":"Feature","properties":{"n":205},"geometry":{"type":"Point","coordinates":[-75.93,38.29]}},{"type":"Feature","properties":{"n":30},"geometry":{"type":"Point","coordinates":[-90.745,29.135]}},{"type":"Feature","properties":{"n":228},"geometry":{"type":"Point","coordinates":[-89.54,29.28]}},{"type":"Feature","properties":{"n":90},"geometry":{"type":"Point","coordinates":[-89.39,29.975]}},{"type":"Feature","properties":{"n":80},"geometry":{"type":"Point","coordinates":[-90.85,29.13]}},{"type":"Feature","properties":{"n":11},"geometry":{"type":"Point","coordinates":[-90.83,29.24]}},{"type":"Feature","properties":{"n":3},"geometry":{"type":"Point","coordinates":[-89.465,29.73]}},{"type":"Feature","properties":{"n":349},"geometry":{"type":"Point","coordinates":[-91.925,29.475]}},{"type":"Feature","properties":{"n":363},"geometry":{"type":"Point","coordinates":[-94.835,29.49]}},{"type":"Feature","properties":{"n":180},"geometry":{"type":"Point","coordinates":[-89.425,29.735]}},{"type":"Feature","properties":{"n":3},"geometry":{"type":"Point","coordinates":[-90.605,29.365]}},{"type":"Feature","properties":{"n":107},"geometry":{"type":"Point","coordinates":[-92.045,29.54]}},{"type":"Feature","properties":{"n":393},"geometry":{"type":"Point","coordinates":[-89.275,29.95]}},{"type":"Feature","properties":{"n":87},"geometry":{"type":"Point","coordinates":[-91.85,29.455]}},{"type":"Feature","properties":{"n":123},"geometry":{"type":"Point","coordinates":[-90.055,29.46]}},{"type":"Feature","properties":{"n":53},"geometry":{"type":"Point","coordinates":[-90.88,29.225]}},{"type":"Feature","properties":{"n":370},"geometry":{"type":"Point","coordinates":[-90.63,29.32]}},{"type":"Feature","properties":{"n":325},"geometry":{"type":"Point","coordinates":[-94.75,29.47]}},{"type":"Feature","properties":{"n":1},"geometry":{"type":"Point","coordinates":[-90.64,29.29]}},{"type":"Feature","properties":{"n":742},"geometry":{"type":"Point","coordinates":[-89.24,29.995]}},{"type":"Feature","properties":{"n":707},"geometry":{"type":"Point","coordinates":[-89.425,29.76]}},{"type":"Feature","properties":{"n":2581},"geometry":{"type":"Point","coordinates":[-89.645,29.375]}},{"type":"Feature","properties":{"n":257},"geometry":{"type":"Point","coordinates":[-89.53,29.315]}},{"type":"Feature","properties":{"n":333},"geometry":{"type":"Point","coordinates":[-89.73,29.45]}},{"type":"Feature","properties":{"n":78},"geometry":{"type":"Point","coordinates":[-89.47,29.81]}},{"type":"Feature","properties":{"n":1218},"geometry":{"type":"Point","coordinates":[-89.665,29.385]}},{"type":"Feature","properties":{"n":499},"geometry":{"type":"Point","coordinates":[-89.4,29.91]}},{"type":"Feature","properties":{"n":87},"geometry":{"type":"Point","coordinates":[-91.12,29.265]}},{"type":"Feature","properties":{"n":256},"geometry":{"type":"Point","coordinates":[-90.84,29.195]}},{"type":"Feature","properties":{"n":361},"geometry":{"type":"Point","coordinates":[-89.365,29.94]}},{"type":"Feature","properties":{"n":123},"geometry":{"type":"Point","coordinates":[-89.535,29.285]}},{"type":"Feature","properties":{"n":2},"geometry":{"type":"Point","coordinates":[-89.52,29.73]}},{"type":"Feature","properties":{"n":16},"geometry":{"type":"Point","coordinates":[-89.295,29.945]}},{"type":"Feature","properties":{"n":13},"geometry":{"type":"Point","coordinates":[-92.08,29.57]}},{"type":"Feature","properties":{"n":133},"geometry":{"type":"Point","coordinates":[-91.99,29.51]}},{"type":"Feature","properties":{"n":1103},"geometry":{"type":"Point","coordinates":[-90.845,29.23]}},{"type":"Feature","properties":{"n":17},"geometry":{"type":"Point","coordinates":[-96.5,28.61]}},{"type":"Feature","properties":{"n":656},"geometry":{"type":"Point","coordinates":[-89.61,29.71]}},{"type":"Feature","properties":{"n":35},"geometry":{"type":"Point","coordinates":[-91.865,29.495]}},{"type":"Feature","properties":{"n":44},"geometry":{"type":"Point","coordinates":[-89.32,29.82]}},{"type":"Feature","properties":{"n":9},"geometry":{"type":"Point","coordinates":[-89.59,29.75]}},{"type":"Feature","properties":{"n":13},"geometry":{"type":"Point","coordinates":[-89.98,29.5]}},{"type":"Feature","properties":{"n":94},"geometry":{"type":"Point","coordinates":[-90.725,29.18]}},{"type":"Feature","properties":{"n":19},"geometry":{"type":"Point","coordinates":[-90.83,29.14]}},{"type":"Feature","properties":{"n":8},"geometry":{"type":"Point","coordinates":[-89.505,29.765]}},{"type":"Feature","properties":{"n":5},"geometry":{"type":"Point","coordinates":[-90.97,29.17]}},{"type":"Feature","properties":{"n":77},"geometry":{"type":"Point","coordinates":[-89.3,30.035]}},{"type":"Feature","properties":{"n":48},"geometry":{"type":"Point","coordinates":[-92.01,29.545]}},{"type":"Feature","properties":{"n":411},"geometry":{"type":"Point","coordinates":[-90.695,29.205]}},{"type":"Feature","properties":{"n":261},"geometry":{"type":"Point","coordinates":[-90.655,29.245]}},{"type":"Feature","properties":{"n":337},"geometry":{"type":"Point","coordinates":[-89.425,29.755]}},{"type":"Feature","properties":{"n":337},"geometry":{"type":"Point","coordinates":[-89.405,29.85]}},{"type":"Feature","properties":{"n":146},"geometry":{"type":"Point","coordinates":[-89.565,29.35]}},{"type":"Feature","properties":{"n":51},"geometry":{"type":"Point","coordinates":[-90.6,29.365]}},{"type":"Feature","properties":{"n":130},"geometry":{"type":"Point","coordinates":[-90.785,29.23]}},{"type":"Feature","properties":{"n":4},"geometry":{"type":"Point","coordinates":[-96.6,28.67]}},{"type":"Feature","properties":{"n":397},"geometry":{"type":"Point","coordinates":[-89.7,29.345]}},{"type":"Feature","properties":{"n":4},"geometry":{"type":"Point","coordinates":[-90.635,29.29]}},{"type":"Feature","properties":{"n":605},"geometry":{"type":"Point","coordinates":[-94.725,29.475]}},{"type":"Feature","properties":{"n":260},"geometry":{"type":"Point","coordinates":[-89.655,29.4]}},{"type":"Feature","properties":{"n":9},"geometry":{"type":"Point","coordinates":[-89.44,29.925]}},{"type":"Feature","properties":{"n":118},"geometry":{"type":"Point","coordinates":[-90.37,29.37]}},{"type":"Feature","properties":{"n":269},"geometry":{"type":"Point","coordinates":[-90.65,29.21]}},{"type":"Feature","properties":{"n":1},"geometry":{"type":"Point","coordinates":[-90.585,29.255]}},{"type":"Feature","properties":{"n":13},"geometry":{"type":"Point","coordinates":[-90.745,29.085]}},{"type":"Feature","properties":{"n":307},"geometry":{"type":"Point","coordinates":[-89.43,29.775]}},{"type":"Feature","properties":{"n":53},"geometry":{"type":"Point","coordinates":[-94.935,29.245]}},{"type":"Feature","properties":{"n":484},"geometry":{"type":"Point","coordinates":[-89.33,29.905]}},{"type":"Feature","properties":{"n":18},"geometry":{"type":"Point","coordinates":[-90.91,29.18]}},{"type":"Feature","properties":{"n":98},"geometry":{"type":"Point","coordinates":[-89.47,29.77]}},{"type":"Feature","properties":{"n":71},"geometry":{"type":"Point","coordinates":[-90.26,29.275]}},{"type":"Feature","properties":{"n":192},"geometry":{"type":"Point","coordinates":[-89.605,29.28]}},{"type":"Feature","properties":{"n":42},"geometry":{"type":"Point","coordinates":[-89.725,29.41]}},{"type":"Feature","properties":{"n":5},"geometry":{"type":"Point","coordinates":[-90.82,29.235]}},{"type":"Feature","properties":{"n":32},"geometry":{"type":"Point","coordinates":[-89.58,29.275]}},{"type":"Feature","properties":{"n":1282},"geometry":{"type":"Point","coordinates":[-89.645,29.405]}},{"type":"Feature","properties":{"n":86},"geometry":{"type":"Point","coordinates":[-90.675,29.185]}},{"type":"Feature","properties":{"n":286},"geometry":{"type":"Point","coordinates":[-89.72,29.425]}},{"type":"Feature","properties":{"n":1825},"geometry":{"type":"Point","coordinates":[-76.01,38.315]}},{"type":"Feature","properties":{"n":199},"geometry":{"type":"Point","coordinates":[-89.5,29.825]}},{"type":"Feature","properties":{"n":144},"geometry":{"type":"Point","coordinates":[-90.575,29.325]}},{"type":"Feature","properties":{"n":101},"geometry":{"type":"Point","coordinates":[-89.415,29.98]}},{"type":"Feature","properties":{"n":47},"geometry":{"type":"Point","coordinates":[-90.84,29.225]}},{"type":"Feature","properties":{"n":625},"geometry":{"type":"Point","coordinates":[-89.29,30.04]}},{"type":"Feature","properties":{"n":51},"geometry":{"type":"Point","coordinates":[-89.92,29.455]}},{"type":"Feature","properties":{"n":11},"geometry":{"type":"Point","coordinates":[-89.25,29.975]}},{"type":"Feature","properties":{"n":55},"geometry":{"type":"Point","coordinates":[-90.085,29.455]}},{"type":"Feature","properties":{"n":81},"geometry":{"type":"Point","coordinates":[-89.415,29.795]}},{"type":"Feature","properties":{"n":1},"geometry":{"type":"Point","coordinates":[-89.42,30.03]}},{"type":"Feature","properties":{"n":1},"geometry":{"type":"Point","coordinates":[-90.54,29.415]}},{"type":"Feature","properties":{"n":98},"geometry":{"type":"Point","coordinates":[-90.695,29.27]}},{"type":"Feature","properties":{"n":183},"geometry":{"type":"Point","coordinates":[-89.385,29.96]}},{"type":"Feature","properties":{"n":100},"geometry":{"type":"Point","coordinates":[-89.705,29.43]}},{"type":"Feature","properties":{"n":481},"geometry":{"type":"Point","coordinates":[-89.375,30.03]}},{"type":"Feature","properties":{"n":15},"geometry":{"type":"Point","coordinates":[-90.71,29.11]}},{"type":"Feature","properties":{"n":49},"geometry":{"type":"Point","coordinates":[-90.4,29.28]}},{"type":"Feature","properties":{"n":11},"geometry":{"type":"Point","coordinates":[-96.525,28.61]}},{"type":"Feature","properties":{"n":1},"geometry":{"type":"Point","coordinates":[-89.995,29.855]}},{"type":"Feature","properties":{"n":428},"geometry":{"type":"Point","coordinates":[-90.72,29.17]}},{"type":"Feature","properties":{"n":13},"geometry":{"type":"Point","coordinates":[-89.96,29.475]}},{"type":"Feature","properties":{"n":420},"geometry":{"type":"Point","coordinates":[-94.665,29.48]}},{"type":"Feature","properties":{"n":43},"geometry":{"type":"Point","coordinates":[-90.45,29.32]}},{"type":"Feature","properties":{"n":13},"geometry":{"type":"Point","coordinates":[-90.74,29.135]}},{"type":"Feature","properties":{"n":18},"geometry":{"type":"Point","coordinates":[-89.57,29.305]}},{"type":"Feature","properties":{"n":8},"geometry":{"type":"Point","coordinates":[-89.635,29.3]}},{"type":"Feature","properties":{"n":341},"geometry":{"type":"Point","coordinates":[-89.44,29.775]}},{"type":"Feature","properties":{"n":481},"geometry":{"type":"Point","coordinates":[-94.805,29.555]}},{"type":"Feature","properties":{"n":193},"geometry":{"type":"Point","coordinates":[-89.34,29.995]}},{"type":"Feature","properties":{"n":461},"geometry":{"type":"Point","coordinates":[-89.635,29.35]}},{"type":"Feature","properties":{"n":207},"geometry":{"type":"Point","coordinates":[-90.595,29.345]}},{"type":"Feature","properties":{"n":31},"geometry":{"type":"Point","coordinates":[-90.61,29.23]}},{"type":"Feature","properties":{"n":307},"geometry":{"type":"Point","coordinates":[-91.905,29.49]}},{"type":"Feature","properties":{"n":3},"geometry":{"type":"Point","coordinates":[-89.44,29.915]}},{"type":"Feature","properties":{"n":1055},"geometry":{"type":"Point","coordinates":[-89.6,29.325]}},{"type":"Feature","properties":{"n":97},"geometry":{"type":"Point","coordinates":[-90.825,29.13]}},{"type":"Feature","properties":{"n":27},"geometry":{"type":"Point","coordinates":[-89.325,30.04]}},{"type":"Feature","properties":{"n":12},"geometry":{"type":"Point","coordinates":[-96.76,28.365]}},{"type":"Feature","properties":{"n":196},"geometry":{"type":"Point","coordinates":[-89.48,29.29]}},{"type":"Feature","properties":{"n":539},"geometry":{"type":"Point","coordinates":[-89.58,29.27]}},{"type":"Feature","properties":{"n":3702},"geometry":{"type":"Point","coordinates":[-89.62,29.36]}},{"type":"Feature","properties":{"n":468},"geometry":{"type":"Point","coordinates":[-90.605,29.325]}},{"type":"Feature","properties":{"n":676},"geometry":{"type":"Point","coordinates":[-89.645,29.37]}},{"type":"Feature","properties":{"n":35},"geometry":{"type":"Point","coordinates":[-90.775,29.135]}},{"type":"Feature","properties":{"n":759},"geometry":{"type":"Point","coordinates":[-89.25,30.01]}},{"type":"Feature","properties":{"n":58},"geometry":{"type":"Point","coordinates":[-89.815,29.455]}},{"type":"Feature","properties":{"n":721},"geometry":{"type":"Point","coordinates":[-89.71,29.33]}},{"type":"Feature","properties":{"n":212},"geometry":{"type":"Point","coordinates":[-94.75,29.515]}},{"type":"Feature","properties":{"n":274},"geometry":{"type":"Point","coordinates":[-89.63,29.34]}},{"type":"Feature","properties":{"n":162},"geometry":{"type":"Point","coordinates":[-96.725,28.3]}},{"type":"Feature","properties":{"n":375},"geometry":{"type":"Point","coordinates":[-89.735,29.35]}},{"type":"Feature","properties":{"n":9},"geometry":{"type":"Point","coordinates":[-89.28,29.97]}},{"type":"Feature","properties":{"n":506},"geometry":{"type":"Point","coordinates":[-89.495,29.765]}},{"type":"Feature","properties":{"n":350},"geometry":{"type":"Point","coordinates":[-90.685,29.18]}},{"type":"Feature","properties":{"n":482},"geometry":{"type":"Point","coordinates":[-89.24,29.96]}},{"type":"Feature","properties":{"n":234},"geometry":{"type":"Point","coordinates":[-90.83,29.255]}},{"type":"Feature","properties":{"n":287},"geometry":{"type":"Point","coordinates":[-90.84,29.215]}},{"type":"Feature","properties":{"n":5},"geometry":{"type":"Point","coordinates":[-90.52,29.425]}},{"type":"Feature","properties":{"n":71},"geometry":{"type":"Point","coordinates":[-89.76,29.32]}},{"type":"Feature","properties":{"n":442},"geometry":{"type":"Point","coordinates":[-89.685,29.43]}},{"type":"Feature","properties":{"n":818},"geometry":{"type":"Point","coordinates":[-90.835,29.205]}},{"type":"Feature","properties":{"n":196},"geometry":{"type":"Point","coordinates":[-89.47,29.765]}},{"type":"Feature","properties":{"n":240},"geometry":{"type":"Point","coordinates":[-89.275,30.0]}},{"type":"Feature","properties":{"n":189},"geometry":{"type":"Point","coordinates":[-90.285,29.275]}},{"type":"Feature","properties":{"n":60},"geometry":{"type":"Point","coordinates":[-89.47,29.795]}},{"type":"Feature","properties":{"n":8},"geometry":{"type":"Point","coordinates":[-89.835,29.47]}},{"type":"Feature","properties":{"n":5},"geometry":{"type":"Point","coordinates":[-89.965,29.31]}},{"type":"Feature","properties":{"n":193},"geometry":{"type":"Point","coordinates":[-89.39,29.925]}},{"type":"Feature","properties":{"n":511},"geometry":{"type":"Point","coordinates":[-90.705,29.205]}},{"type":"Feature","properties":{"n":192},"geometry":{"type":"Point","coordinates":[-89.54,29.81]}},{"type":"Feature","properties":{"n":52},"geometry":{"type":"Point","coordinates":[-90.855,29.185]}},{"type":"Feature","properties":{"n":8},"geometry":{"type":"Point","coordinates":[-96.95,28.075]}},{"type":"Feature","properties":{"n":189},"geometry":{"type":"Point","coordinates":[-90.66,29.345]}},{"type":"Feature","properties":{"n":191},"geometry":{"type":"Point","coordinates":[-89.605,29.35]}},{"type":"Feature","properties":{"n":96},"geometry":{"type":"Point","coordinates":[-89.67,29.435]}},{"type":"Feature","properties":{"n":109},"geometry":{"type":"Point","coordinates":[-90.06,29.43]}},{"type":"Feature","properties":{"n":49},"geometry":{"type":"Point","coordinates":[-90.495,29.29]}},{"type":"Feature","properties":{"n":89},"geometry":{"type":"Point","coordinates":[-90.805,29.19]}},{"type":"Feature","properties":{"n":889},"geometry":{"type":"Point","coordinates":[-75.935,38.27]}},{"type":"Feature","properties":{"n":362},"geometry":{"type":"Point","coordinates":[-89.29,29.975]}},{"type":"Feature","properties":{"n":6},"geometry":{"type":"Point","coordinates":[-90.56,29.395]}},{"type":"Feature","properties":{"n":14},"geometry":{"type":"Point","coordinates":[-90.13,29.335]}},{"type":"Feature","properties":{"n":26},"geometry":{"type":"Point","coordinates":[-89.97,29.425]}},{"type":"Feature","properties":{"n":70},"geometry":{"type":"Point","coordinates":[-89.53,29.275]}},{"type":"Feature","properties":{"n":386},"geometry":{"type":"Point","coordinates":[-90.78,29.17]}},{"type":"Feature","properties":{"n":137},"geometry":{"type":"Point","coordinates":[-89.415,29.765]}},{"type":"Feature","properties":{"n":266},"geometry":{"type":"Point","coordinates":[-89.345,29.845]}},{"type":"Feature","properties":{"n":18},"geometry":{"type":"Point","coordinates":[-90.625,29.215]}},{"type":"Feature","properties":{"n":103},"geometry":{"type":"Point","coordinates":[-89.59,29.705]}},{"type":"Feature","properties":{"n":533},"geometry":{"type":"Point","coordinates":[-75.92,38.26]}},{"type":"Feature","properties":{"n":8},"geometry":{"type":"Point","coordinates":[-90.955,29.16]}},{"type":"Feature","properties":{"n":300},"geometry":{"type":"Point","coordinates":[-89.65,29.715]}},{"type":"Feature","properties":{"n":129},"geometry":{"type":"Point","coordinates":[-89.57,29.685]}},{"type":"Feature","properties":{"n":483},"geometry":{"type":"Point","coordinates":[-90.045,29.38]}},{"type":"Feature","properties":{"n":130},"geometry":{"type":"Point","coordinates":[-90.965,29.275]}},{"type":"Feature","properties":{"n":122},"geometry":{"type":"Point","coordinates":[-89.93,29.44]}},{"type":"Feature","properties":{"n":285},"geometry":{"type":"Point","coordinates":[-89.33,29.845]}},{"type":"Feature","properties":{"n":147},"geometry":{"type":"Point","coordinates":[-91.985,29.505]}},{"type":"Feature","properties":{"n":228},"geometry":{"type":"Point","coordinates":[-75.82,38.255]}},{"type":"Feature","properties":{"n":65},"geometry":{"type":"Point","coordinates":[-91.84,29.44]}},{"type":"Feature","properties":{"n":98},"geometry":{"type":"Point","coordinates":[-90.83,29.23]}},{"type":"Feature","properties":{"n":294},"geometry":{"type":"Point","coordinates":[-90.6,29.31]}},{"type":"Feature","properties":{"n":161},"geometry":{"type":"Point","coordinates":[-89.675,29.36]}},{"type":"Feature","properties":{"n":20},"geometry":{"type":"Point","coordinates":[-89.855,29.425]}},{"type":"Feature","properties":{"n":275},"geometry":{"type":"Point","coordinates":[-89.345,29.89]}},{"type":"Feature","properties":{"n":426},"geometry":{"type":"Point","coordinates":[-89.345,29.895]}},{"type":"Feature","properties":{"n":59},"geometry":{"type":"Point","coordinates":[-89.23,30.13]}},{"type":"Feature","properties":{"n":186},"geometry":{"type":"Point","coordinates":[-91.92,29.5]}},{"type":"Feature","properties":{"n":324},"geometry":{"type":"Point","coordinates":[-97.09,28.15]}},{"type":"Feature","properties":{"n":212},"geometry":{"type":"Point","coordinates":[-90.725,29.23]}},{"type":"Feature","properties":{"n":622},"geometry":{"type":"Point","coordinates":[-96.775,28.325]}},{"type":"Feature","properties":{"n":8},"geometry":{"type":"Point","coordinates":[-90.55,29.28]}},{"type":"Feature","properties":{"n":94},"geometry":{"type":"Point","coordinates":[-89.3,30.04]}},{"type":"Feature","properties":{"n":226},"geometry":{"type":"Point","coordinates":[-90.6,29.3]}},{"type":"Feature","properties":{"n":454},"geometry":{"type":"Point","coordinates":[-89.335,29.83]}},{"type":"Feature","properties":{"n":19},"geometry":{"type":"Point","coordinates":[-90.31,29.325]}},{"type":"Feature","properties":{"n":116},"geometry":{"type":"Point","coordinates":[-89.33,29.97]}},{"type":"Feature","properties":{"n":167},"geometry":{"type":"Point","coordinates":[-89.42,29.865]}},{"type":"Feature","properties":{"n":479},"geometry":{"type":"Point","coordinates":[-90.605,29.32]}},{"type":"Feature","properties":{"n":876},"geometry":{"type":"Point","coordinates":[-89.445,29.73]}},{"type":"Feature","properties":{"n":63},"geometry":{"type":"Point","coordinates":[-96.94,28.085]}},{"type":"Feature","properties":{"n":24},"geometry":{"type":"Point","coordinates":[-90.595,29.23]}},{"type":"Feature","properties":{"n":42},"geometry":{"type":"Point","coordinates":[-89.465,29.765]}},{"type":"Feature","properties":{"n":148},"geometry":{"type":"Point","coordinates":[-90.725,29.225]}},{"type":"Feature","properties":{"n":80},"geometry":{"type":"Point","coordinates":[-90.75,29.275]}},{"type":"Feature","properties":{"n":27},"geometry":{"type":"Point","coordinates":[-89.5,29.755]}},{"type":"Feature","properties":{"n":177},"geometry":{"type":"Point","coordinates":[-89.545,29.745]}},{"type":"Feature","properties":{"n":28},"geometry":{"type":"Point","coordinates":[-90.635,29.285]}},{"type":"Feature","properties":{"n":8},"geometry":{"type":"Point","coordinates":[-90.75,29.155]}},{"type":"Feature","properties":{"n":93},"geometry":{"type":"Point","coordinates":[-90.655,29.365]}},{"type":"Feature","properties":{"n":1335},"geometry":{"type":"Point","coordinates":[-89.31,29.95]}},{"type":"Feature","properties":{"n":208},"geometry":{"type":"Point","coordinates":[-90.265,29.27]}},{"type":"Feature","properties":{"n":323},"geometry":{"type":"Point","coordinates":[-89.58,29.265]}},{"type":"Feature","properties":{"n":5},"geometry":{"type":"Point","coordinates":[-89.89,29.51]}},{"type":"Feature","properties":{"n":261},"geometry":{"type":"Point","coordinates":[-89.71,29.32]}},{"type":"Feature","properties":{"n":142},"geometry":{"type":"Point","coordinates":[-90.68,29.36]}},{"type":"Feature","properties":{"n":761},"geometry":{"type":"Point","coordinates":[-89.63,29.355]}},{"type":"Feature","properties":{"n":227},"geometry":{"type":"Point","coordinates":[-89.995,29.475]}},{"type":"Feature","properties":{"n":9},"geometry":{"type":"Point","coordinates":[-89.32,29.96]}},{"type":"Feature","properties":{"n":94},"geometry":{"type":"Point","coordinates":[-89.505,29.25]}},{"type":"Feature","properties":{"n":96},"geometry":{"type":"Point","coordinates":[-89.405,29.8]}},{"type":"Feature","properties":{"n":446},"geometry":{"type":"Point","coordinates":[-89.55,29.32]}},{"type":"Feature","properties":{"n":1},"geometry":{"type":"Point","coordinates":[-90.985,29.315]}},{"type":"Feature","properties":{"n":76},"geometry":{"type":"Point","coordinates":[-90.505,29.365]}},{"type":"Feature","properties":{"n":114},"geometry":{"type":"Point","coordinates":[-89.61,29.385]}},{"type":"Feature","properties":{"n":345},"geometry":{"type":"Point","coordinates":[-89.75,29.32]}},{"type":"Feature","properties":{"n":14},"geometry":{"type":"Point","coordinates":[-89.39,29.91]}},{"type":"Feature","properties":{"n":437},"geometry":{"type":"Point","coordinates":[-89.58,29.305]}},{"type":"Feature","properties":{"n":94},"geometry":{"type":"Point","coordinates":[-90.86,29.12]}},{"type":"Feature","properties":{"n":2},"geometry":{"type":"Point","coordinates":[-90.665,29.24]}},{"type":"Feature","properties":{"n":35},"geometry":{"type":"Point","coordinates":[-89.625,29.37]}},{"type":"Feature","properties":{"n":21},"geometry":{"type":"Point","coordinates":[-89.84,29.435]}},{"type":"Feature","properties":{"n":150},"geometry":{"type":"Point","coordinates":[-90.74,29.23]}},{"type":"Feature","properties":{"n":22},"geometry":{"type":"Point","coordinates":[-90.58,29.28]}},{"type":"Feature","properties":{"n":268},"geometry":{"type":"Point","coordinates":[-90.62,29.305]}},{"type":"Feature","properties":{"n":34},"geometry":{"type":"Point","coordinates":[-90.225,29.27]}},{"type":"Feature","properties":{"n":4},"geometry":{"type":"Point","coordinates":[-94.805,29.54]}},{"type":"Feature","properties":{"n":160},"geometry":{"type":"Point","coordinates":[-89.71,29.39]}},{"type":"Feature","properties":{"n":13},"geometry":{"type":"Point","coordinates":[-92.05,29.535]}},{"type":"Feature","properties":{"n":324},"geometry":{"type":"Point","coordinates":[-90.67,29.34]}},{"type":"Feature","properties":{"n":134},"geometry":{"type":"Point","coordinates":[-90.8,29.255]}},{"type":"Feature","properties":{"n":10},"geometry":{"type":"Point","coordinates":[-89.7,29.455]}},{"type":"Feature","properties":{"n":161},"geometry":{"type":"Point","coordinates":[-89.335,30.0]}},{"type":"Feature","properties":{"n":16},"geometry":{"type":"Point","coordinates":[-90.635,29.235]}},{"type":"Feature","properties":{"n":57},"geometry":{"type":"Point","coordinates":[-89.76,29.505]}},{"type":"Feature","properties":{"n":239},"geometry":{"type":"Point","coordinates":[-90.53,29.37]}},{"type":"Feature","properties":{"n":1},"geometry":{"type":"Point","coordinates":[-96.895,28.125]}},{"type":"Feature","properties":{"n":5},"geometry":{"type":"Point","coordinates":[-91.985,29.5]}},{"type":"Feature","properties":{"n":160},"geometry":{"type":"Point","coordinates":[-90.61,29.275]}},{"type":"Feature","properties":{"n":113},"geometry":{"type":"Point","coordinates":[-89.29,29.93]}},{"type":"Feature","properties":{"n":268},"geometry":{"type":"Point","coordinates":[-89.71,29.42]}},{"type":"Feature","properties":{"n":140},"geometry":{"type":"Point","coordinates":[-89.5,29.305]}},{"type":"Feature","properties":{"n":142},"geometry":{"type":"Point","coordinates":[-89.77,29.47]}},{"type":"Feature","properties":{"n":56},"geometry":{"type":"Point","coordinates":[-90.845,29.15]}},{"type":"Feature","properties":{"n":55},"geometry":{"type":"Point","coordinates":[-89.225,30.125]}},{"type":"Feature","properties":{"n":140},"geometry":{"type":"Point","coordinates":[-89.73,29.445]}},{"type":"Feature","properties":{"n":97},"geometry":{"type":"Point","coordinates":[-90.44,29.345]}},{"type":"Feature","properties":{"n":57},"geometry":{"type":"Point","coordinates":[-89.305,29.91]}},{"type":"Feature","properties":{"n":9},"geometry":{"type":"Point","coordinates":[-94.74,29.47]}},{"type":"Feature","properties":{"n":408},"geometry":{"type":"Point","coordinates":[-90.55,29.385]}},{"type":"Feature","properties":{"n":118},"geometry":{"type":"Point","coordinates":[-89.515,29.285]}},{"type":"Feature","properties":{"n":30},"geometry":{"type":"Point","coordinates":[-90.53,29.215]}},{"type":"Feature","properties":{"n":531},"geometry":{"type":"Point","coordinates":[-75.93,38.28]}},{"type":"Feature","properties":{"n":279},"geometry":{"type":"Point","coordinates":[-90.825,29.14]}},{"type":"Feature","properties":{"n":557},"geometry":{"type":"Point","coordinates":[-90.26,29.29]}},{"type":"Feature","properties":{"n":21},"geometry":{"type":"Point","coordinates":[-90.95,29.16]}},{"type":"Feature","properties":{"n":49},"geometry":{"type":"Point","coordinates":[-91.82,29.48]}},{"type":"Feature","properties":{"n":10},"geometry":{"type":"Point","coordinates":[-90.57,29.21]}},{"type":"Feature","properties":{"n":315},"geometry":{"type":"Point","coordinates":[-89.615,29.335]}},{"type":"Feature","properties":{"n":244},"geometry":{"type":"Point","coordinates":[-89.545,29.315]}},{"type":"Feature","properties":{"n":22},"geometry":{"type":"Point","coordinates":[-97.045,28.155]}},{"type":"Feature","properties":{"n":394},"geometry":{"type":"Point","coordinates":[-89.975,29.425]}},{"type":"Feature","properties":{"n":534},"geometry":{"type":"Point","coordinates":[-94.67,29.485]}},{"type":"Feature","properties":{"n":117},"geometry":{"type":"Point","coordinates":[-89.925,29.435]}},{"type":"Feature","properties":{"n":119},"geometry":{"type":"Point","coordinates":[-89.52,29.285]}},{"type":"Feature","properties":{"n":179},"geometry":{"type":"Point","coordinates":[-89.69,29.365]}},{"type":"Feature","properties":{"n":55},"geometry":{"type":"Point","coordinates":[-92.02,29.555]}},{"type":"Feature","properties":{"n":494},"geometry":{"type":"Point","coordinates":[-92.05,29.55]}},{"type":"Feature","properties":{"n":238},"geometry":{"type":"Point","coordinates":[-90.5,29.36]}},{"type":"Feature","properties":{"n":24},"geometry":{"type":"Point","coordinates":[-90.985,29.32]}},{"type":"Feature","properties":{"n":440},"geometry":{"type":"Point","coordinates":[-97.1,28.135]}},{"type":"Feature","properties":{"n":1406},"geometry":{"type":"Point","coordinates":[-90.845,29.215]}},{"type":"Feature","properties":{"n":42},"geometry":{"type":"Point","coordinates":[-90.505,29.355]}},{"type":"Feature","properties":{"n":49},"geometry":{"type":"Point","coordinates":[-89.945,29.44]}},{"type":"Feature","properties":{"n":876},"geometry":{"type":"Point","coordinates":[-92.07,29.58]}},{"type":"Feature","properties":{"n":23},"geometry":{"type":"Point","coordinates":[-90.67,29.405]}},{"type":"Feature","properties":{"n":415},"geometry":{"type":"Point","coordinates":[-89.255,30.09]}},{"type":"Feature","properties":{"n":215},"geometry":{"type":"Point","coordinates":[-89.58,29.26]}},{"type":"Feature","properties":{"n":57},"geometry":{"type":"Point","coordinates":[-89.27,30.035]}},{"type":"Feature","properties":{"n":714},"geometry":{"type":"Point","coordinates":[-76.005,38.335]}},{"type":"Feature","properties":{"n":964},"geometry":{"type":"Point","coordinates":[-89.305,29.855]}},{"type":"Feature","properties":{"n":97},"geometry":{"type":"Point","coordinates":[-89.455,29.795]}},{"type":"Feature","properties":{"n":48},"geometry":{"type":"Point","coordinates":[-90.685,29.17]}},{"type":"Feature","properties":{"n":392},"geometry":{"type":"Point","coordinates":[-76.045,38.58]}},{"type":"Feature","properties":{"n":6},"geometry":{"type":"Point","coordinates":[-96.5,28.6]}},{"type":"Feature","properties":{"n":74},"geometry":{"type":"Point","coordinates":[-76.22,38.72]}},{"type":"Feature","properties":{"n":67},"geometry":{"type":"Point","coordinates":[-91.12,29.275]}},{"type":"Feature","properties":{"n":35},"geometry":{"type":"Point","coordinates":[-89.6,29.685]}},{"type":"Feature","properties":{"n":246},"geometry":{"type":"Point","coordinates":[-89.54,29.3]}},{"type":"Feature","properties":{"n":638},"geometry":{"type":"Point","coordinates":[-89.56,29.33]}},{"type":"Feature","properties":{"n":60},"geometry":{"type":"Point","coordinates":[-89.4,29.97]}},{"type":"Feature","properties":{"n":76},"geometry":{"type":"Point","coordinates":[-75.915,38.32]}},{"type":"Feature","properties":{"n":857},"geometry":{"type":"Point","coordinates":[-89.61,29.33]}},{"type":"Feature","properties":{"n":422},"geometry":{"type":"Point","coordinates":[-89.45,29.735]}},{"type":"Feature","properties":{"n":323},"geometry":{"type":"Point","coordinates":[-89.285,30.035]}},{"type":"Feature","properties":{"n":634},"geometry":{"type":"Point","coordinates":[-89.685,29.41]}},{"type":"Feature","properties":{"n":508},"geometry":{"type":"Point","coordinates":[-90.665,29.215]}},{"type":"Feature","properties":{"n":3},"geometry":{"type":"Point","coordinates":[-89.265,30.015]}},{"type":"Feature","properties":{"n":74},"geometry":{"type":"Point","coordinates":[-92.02,29.55]}},{"type":"Feature","properties":{"n":254},"geometry":{"type":"Point","coordinates":[-90.46,29.42]}},{"type":"Feature","properties":{"n":8},"geometry":{"type":"Point","coordinates":[-89.23,30.095]}},{"type":"Feature","properties":{"n":1},"geometry":{"type":"Point","coordinates":[-89.565,29.255]}},{"type":"Feature","properties":{"n":8},"geometry":{"type":"Point","coordinates":[-90.525,29.425]}},{"type":"Feature","properties":{"n":19},"geometry":{"type":"Point","coordinates":[-89.3,29.925]}},{"type":"Feature","properties":{"n":214},"geometry":{"type":"Point","coordinates":[-89.625,29.345]}},{"type":"Feature","properties":{"n":306},"geometry":{"type":"Point","coordinates":[-90.77,29.16]}},{"type":"Feature","properties":{"n":27},"geometry":{"type":"Point","coordinates":[-89.865,29.34]}},{"type":"Feature","properties":{"n":113},"geometry":{"type":"Point","coordinates":[-90.575,29.33]}},{"type":"Feature","properties":{"n":11},"geometry":{"type":"Point","coordinates":[-94.83,29.485]}},{"type":"Feature","properties":{"n":250},"geometry":{"type":"Point","coordinates":[-90.24,29.28]}},{"type":"Feature","properties":{"n":289},"geometry":{"type":"Point","coordinates":[-89.305,29.845]}},{"type":"Feature","properties":{"n":32},"geometry":{"type":"Point","coordinates":[-89.615,29.94]}},{"type":"Feature","properties":{"n":132},"geometry":{"type":"Point","coordinates":[-96.71,28.23]}},{"type":"Feature","properties":{"n":376},"geometry":{"type":"Point","coordinates":[-89.56,29.285]}},{"type":"Feature","properties":{"n":17},"geometry":{"type":"Point","coordinates":[-90.765,29.21]}},{"type":"Feature","properties":{"n":64},"geometry":{"type":"Point","coordinates":[-89.59,29.735]}},{"type":"Feature","properties":{"n":655},"geometry":{"type":"Point","coordinates":[-89.56,29.355]}},{"type":"Feature","properties":{"n":90},"geometry":{"type":"Point","coordinates":[-94.735,29.485]}},{"type":"Feature","properties":{"n":86},"geometry":{"type":"Point","coordinates":[-90.78,29.25]}},{"type":"Feature","properties":{"n":344},"geometry":{"type":"Point","coordinates":[-90.455,29.375]}},{"type":"Feature","properties":{"n":2},"geometry":{"type":"Point","coordinates":[-89.66,29.42]}},{"type":"Feature","properties":{"n":80},"geometry":{"type":"Point","coordinates":[-89.76,29.415]}},{"type":"Feature","properties":{"n":90},"geometry":{"type":"Point","coordinates":[-90.505,29.41]}},{"type":"Feature","properties":{"n":208},"geometry":{"type":"Point","coordinates":[-89.42,29.97]}},{"type":"Feature","properties":{"n":9},"geometry":{"type":"Point","coordinates":[-94.91,29.495]}},{"type":"Feature","properties":{"n":697},"geometry":{"type":"Point","coordinates":[-89.645,29.345]}},{"type":"Feature","properties":{"n":159},"geometry":{"type":"Point","coordinates":[-90.32,29.39]}},{"type":"Feature","properties":{"n":165},"geometry":{"type":"Point","coordinates":[-90.84,29.28]}},{"type":"Feature","properties":{"n":20},"geometry":{"type":"Point","coordinates":[-89.58,29.705]}},{"type":"Feature","properties":{"n":15},"geometry":{"type":"Point","coordinates":[-90.765,29.225]}},{"type":"Feature","properties":{"n":87},"geometry":{"type":"Point","coordinates":[-75.845,38.25]}},{"type":"Feature","properties":{"n":513},"geometry":{"type":"Point","coordinates":[-94.67,29.495]}},{"type":"Feature","properties":{"n":37},"geometry":{"type":"Point","coordinates":[-90.83,29.145]}},{"type":"Feature","properties":{"n":267},"geometry":{"type":"Point","coordinates":[-89.715,29.37]}},{"type":"Feature","properties":{"n":27},"geometry":{"type":"Point","coordinates":[-91.0,29.25]}},{"type":"Feature","properties":{"n":80},"geometry":{"type":"Point","coordinates":[-94.69,29.52]}},{"type":"Feature","properties":{"n":67},"geometry":{"type":"Point","coordinates":[-90.49,29.285]}},{"type":"Feature","properties":{"n":38},"geometry":{"type":"Point","coordinates":[-90.83,29.235]}},{"type":"Feature","properties":{"n":756},"geometry":{"type":"Point","coordinates":[-89.54,29.335]}},{"type":"Feature","properties":{"n":255},"geometry":{"type":"Point","coordinates":[-89.64,29.31]}},{"type":"Feature","properties":{"n":110},"geometry":{"type":"Point","coordinates":[-89.405,29.86]}},{"type":"Feature","properties":{"n":1},"geometry":{"type":"Point","coordinates":[-96.715,28.33]}},{"type":"Feature","properties":{"n":487},"geometry":{"type":"Point","coordinates":[-90.605,29.34]}},{"type":"Feature","properties":{"n":9},"geometry":{"type":"Point","coordinates":[-90.755,29.26]}},{"type":"Feature","properties":{"n":4},"geometry":{"type":"Point","coordinates":[-75.96,38.605]}},{"type":"Feature","properties":{"n":16},"geometry":{"type":"Point","coordinates":[-89.63,29.725]}},{"type":"Feature","properties":{"n":18},"geometry":{"type":"Point","coordinates":[-91.965,29.52]}},{"type":"Feature","properties":{"n":242},"geometry":{"type":"Point","coordinates":[-90.74,29.24]}},{"type":"Feature","properties":{"n":71},"geometry":{"type":"Point","coordinates":[-89.605,29.275]}},{"type":"Feature","properties":{"n":153},"geometry":{"type":"Point","coordinates":[-94.9,29.5]}},{"type":"Feature","properties":{"n":377},"geometry":{"type":"Point","coordinates":[-92.045,29.58]}},{"type":"Feature","properties":{"n":113},"geometry":{"type":"Point","coordinates":[-96.95,28.06]}},{"type":"Feature","properties":{"n":9},"geometry":{"type":"Point","coordinates":[-90.51,29.4]}},{"type":"Feature","properties":{"n":10},"geometry":{"type":"Point","coordinates":[-90.575,29.38]}},{"type":"Feature","properties":{"n":698},"geometry":{"type":"Point","coordinates":[-89.32,29.87]}},{"type":"Feature","properties":{"n":124},"geometry":{"type":"Point","coordinates":[-90.44,29.26]}},{"type":"Feature","properties":{"n":190},"geometry":{"type":"Point","coordinates":[-89.52,29.805]}},{"type":"Feature","properties":{"n":161},"geometry":{"type":"Point","coordinates":[-89.51,29.785]}},{"type":"Feature","properties":{"n":12},"geometry":{"type":"Point","coordinates":[-89.66,29.305]}},{"type":"Feature","properties":{"n":41},"geometry":{"type":"Point","coordinates":[-94.86,29.475]}},{"type":"Feature","properties":{"n":467},"geometry":{"type":"Point","coordinates":[-89.325,29.975]}},{"type":"Feature","properties":{"n":204},"geometry":{"type":"Point","coordinates":[-90.83,29.17]}},{"type":"Feature","properties":{"n":128},"geometry":{"type":"Point","coordinates":[-90.815,29.225]}},{"type":"Feature","properties":{"n":26},"geometry":{"type":"Point","coordinates":[-89.865,29.425]}},{"type":"Feature","properties":{"n":211},"geometry":{"type":"Point","coordinates":[-89.41,30.045]}},{"type":"Feature","properties":{"n":323},"geometry":{"type":"Point","coordinates":[-89.695,29.35]}},{"type":"Feature","properties":{"n":83},"geometry":{"type":"Point","coordinates":[-91.83,29.455]}},{"type":"Feature","properties":{"n":414},"geometry":{"type":"Point","coordinates":[-89.285,29.975]}},{"type":"Feature","properties":{"n":325},"geometry":{"type":"Point","coordinates":[-90.68,29.27]}},{"type":"Feature","properties":{"n":32},"geometry":{"type":"Point","coordinates":[-89.79,29.325]}},{"type":"Feature","properties":{"n":388},"geometry":{"type":"Point","coordinates":[-90.615,29.315]}},{"type":"Feature","properties":{"n":181},"geometry":{"type":"Point","coordinates":[-90.755,29.125]}},{"type":"Feature","properties":{"n":11},"geometry":{"type":"Point","coordinates":[-90.68,29.14]}},{"type":"Feature","properties":{"n":334},"geometry":{"type":"Point","coordinates":[-90.695,29.28]}},{"type":"Feature","properties":{"n":283},"geometry":{"type":"Point","coordinates":[-91.925,29.515]}},{"type":"Feature","properties":{"n":683},"geometry":{"type":"Point","coordinates":[-90.75,29.195]}},{"type":"Feature","properties":{"n":841},"geometry":{"type":"Point","coordinates":[-89.705,29.325]}},{"type":"Feature","properties":{"n":406},"geometry":{"type":"Point","coordinates":[-89.615,29.365]}},{"type":"Feature","properties":{"n":119},"geometry":{"type":"Point","coordinates":[-89.615,29.74]}},{"type":"Feature","properties":{"n":509},"geometry":{"type":"Point","coordinates":[-90.685,29.22]}},{"type":"Feature","properties":{"n":490},"geometry":{"type":"Point","coordinates":[-90.775,29.21]}},{"type":"Feature","properties":{"n":49},"geometry":{"type":"Point","coordinates":[-89.415,29.77]}},{"type":"Feature","properties":{"n":6},"geometry":{"type":"Point","coordinates":[-90.655,29.155]}},{"type":"Feature","properties":{"n":73},"geometry":{"type":"Point","coordinates":[-90.665,29.375]}},{"type":"Feature","properties":{"n":542},"geometry":{"type":"Point","coordinates":[-90.82,29.145]}},{"type":"Feature","properties":{"n":10},"geometry":{"type":"Point","coordinates":[-89.81,29.39]}},{"type":"Feature","properties":{"n":162},"geometry":{"type":"Point","coordinates":[-90.54,29.38]}},{"type":"Feature","properties":{"n":986},"geometry":{"type":"Point","coordinates":[-76.22,38.775]}},{"type":"Feature","properties":{"n":6},"geometry":{"type":"Point","coordinates":[-89.435,29.72]}},{"type":"Feature","properties":{"n":1},"geometry":{"type":"Point","coordinates":[-90.63,29.295]}},{"type":"Feature","properties":{"n":435},"geometry":{"type":"Point","coordinates":[-90.495,29.355]}},{"type":"Feature","properties":{"n":57},"geometry":{"type":"Point","coordinates":[-90.975,29.25]}},{"type":"Feature","properties":{"n":274},"geometry":{"type":"Point","coordinates":[-92.065,29.585]}},{"type":"Feature","properties":{"n":1398},"geometry":{"type":"Point","coordinates":[-89.605,29.365]}},{"type":"Feature","properties":{"n":47},"geometry":{"type":"Point","coordinates":[-94.86,29.5]}},{"type":"Feature","properties":{"n":224},"geometry":{"type":"Point","coordinates":[-89.295,29.84]}},{"type":"Feature","properties":{"n":117},"geometry":{"type":"Point","coordinates":[-91.84,29.47]}},{"type":"Feature","properties":{"n":68},"geometry":{"type":"Point","coordinates":[-89.27,30.065]}},{"type":"Feature","properties":{"n":47},"geometry":{"type":"Point","coordinates":[-90.58,29.23]}},{"type":"Feature","properties":{"n":133},"geometry":{"type":"Point","coordinates":[-89.465,29.985]}},{"type":"Feature","properties":{"n":399},"geometry":{"type":"Point","coordinates":[-90.725,29.2]}},{"type":"Feature","properties":{"n":302},"geometry":{"type":"Point","coordinates":[-90.055,29.455]}},{"type":"Feature","properties":{"n":218},"geometry":{"type":"Point","coordinates":[-89.52,29.28]}},{"type":"Feature","properties":{"n":15},"geometry":{"type":"Point","coordinates":[-91.86,29.445]}},{"type":"Feature","properties":{"n":575},"geometry":{"type":"Point","coordinates":[-94.7,29.53]}},{"type":"Feature","properties":{"n":8},"geometry":{"type":"Point","coordinates":[-90.645,29.2]}},{"type":"Feature","properties":{"n":3},"geometry":{"type":"Point","coordinates":[-94.91,29.44]}},{"type":"Feature","properties":{"n":48},"geometry":{"type":"Point","coordinates":[-92.04,29.575]}},{"type":"Feature","properties":{"n":87},"geometry":{"type":"Point","coordinates":[-89.78,29.475]}},{"type":"Feature","properties":{"n":280},"geometry":{"type":"Point","coordinates":[-91.14,29.255]}},{"type":"Feature","properties":{"n":172},"geometry":{"type":"Point","coordinates":[-90.73,29.185]}},{"type":"Feature","properties":{"n":13},"geometry":{"type":"Point","coordinates":[-94.905,29.485]}},{"type":"Feature","properties":{"n":238},"geometry":{"type":"Point","coordinates":[-89.69,29.395]}},{"type":"Feature","properties":{"n":34},"geometry":{"type":"Point","coordinates":[-91.915,29.485]}},{"type":"Feature","properties":{"n":167},"geometry":{"type":"Point","coordinates":[-89.33,29.975]}},{"type":"Feature","properties":{"n":237},"geometry":{"type":"Point","coordinates":[-91.855,29.41]}},{"type":"Feature","properties":{"n":386},"geometry":{"type":"Point","coordinates":[-90.7,29.185]}},{"type":"Feature","properties":{"n":3},"geometry":{"type":"Point","coordinates":[-89.645,29.325]}},{"type":"Feature","properties":{"n":676},"geometry":{"type":"Point","coordinates":[-89.315,29.9]}},{"type":"Feature","properties":{"n":220},"geometry":{"type":"Point","coordinates":[-96.955,28.06]}},{"type":"Feature","properties":{"n":71},"geometry":{"type":"Point","coordinates":[-94.94,29.255]}},{"type":"Feature","properties":{"n":24},"geometry":{"type":"Point","coordinates":[-89.405,29.975]}},{"type":"Feature","properties":{"n":20},"geometry":{"type":"Point","coordinates":[-89.35,29.995]}},{"type":"Feature","properties":{"n":340},"geometry":{"type":"Point","coordinates":[-91.935,29.525]}},{"type":"Feature","properties":{"n":520},"geometry":{"type":"Point","coordinates":[-90.715,29.205]}},{"type":"Feature","properties":{"n":1},"geometry":{"type":"Point","coordinates":[-89.23,30.115]}},{"type":"Feature","properties":{"n":253},"geometry":{"type":"Point","coordinates":[-90.655,29.22]}},{"type":"Feature","properties":{"n":407},"geometry":{"type":"Point","coordinates":[-90.57,29.37]}},{"type":"Feature","properties":{"n":81},"geometry":{"type":"Point","coordinates":[-90.695,29.165]}},{"type":"Feature","properties":{"n":613},"geometry":{"type":"Point","coordinates":[-89.615,29.34]}},{"type":"Feature","properties":{"n":64},"geometry":{"type":"Point","coordinates":[-90.575,29.22]}},{"type":"Feature","properties":{"n":131},"geometry":{"type":"Point","coordinates":[-90.675,29.405]}},{"type":"Feature","properties":{"n":27},"geometry":{"type":"Point","coordinates":[-89.52,29.785]}},{"type":"Feature","properties":{"n":49},"geometry":{"type":"Point","coordinates":[-94.805,29.515]}},{"type":"Feature","properties":{"n":146},"geometry":{"type":"Point","coordinates":[-89.4,29.81]}},{"type":"Feature","properties":{"n":116},"geometry":{"type":"Point","coordinates":[-96.935,28.085]}},{"type":"Feature","properties":{"n":156},"geometry":{"type":"Point","coordinates":[-90.465,29.37]}},{"type":"Feature","properties":{"n":44},"geometry":{"type":"Point","coordinates":[-89.405,30.035]}},{"type":"Feature","properties":{"n":28},"geometry":{"type":"Point","coordinates":[-89.285,29.96]}},{"type":"Feature","properties":{"n":259},"geometry":{"type":"Point","coordinates":[-92.11,29.58]}},{"type":"Feature","properties":{"n":264},"geometry":{"type":"Point","coordinates":[-90.655,29.215]}},{"type":"Feature","properties":{"n":376},"geometry":{"type":"Point","coordinates":[-89.995,29.47]}},{"type":"Feature","properties":{"n":21},"geometry":{"type":"Point","coordinates":[-90.59,29.21]}},{"type":"Feature","properties":{"n":129},"geometry":{"type":"Point","coordinates":[-90.61,29.335]}},{"type":"Feature","properties":{"n":20},"geometry":{"type":"Point","coordinates":[-90.485,29.34]}},{"type":"Feature","properties":{"n":175},"geometry":{"type":"Point","coordinates":[-90.705,29.225]}},{"type":"Feature","properties":{"n":278},"geometry":{"type":"Point","coordinates":[-90.525,29.345]}},{"type":"Feature","properties":{"n":6},"geometry":{"type":"Point","coordinates":[-89.575,30.0]}},{"type":"Feature","properties":{"n":49},"geometry":{"type":"Point","coordinates":[-90.805,29.155]}},{"type":"Feature","properties":{"n":123},"geometry":{"type":"Point","coordinates":[-89.59,29.71]}},{"type":"Feature","properties":{"n":37},"geometry":{"type":"Point","coordinates":[-89.73,29.4]}},{"type":"Feature","properties":{"n":19},"geometry":{"type":"Point","coordinates":[-90.63,29.21]}},{"type":"Feature","properties":{"n":128},"geometry":{"type":"Point","coordinates":[-90.845,29.17]}},{"type":"Feature","properties":{"n":2},"geometry":{"type":"Point","coordinates":[-90.745,29.095]}},{"type":"Feature","properties":{"n":406},"geometry":{"type":"Point","coordinates":[-94.775,29.505]}},{"type":"Feature","properties":{"n":201},"geometry":{"type":"Point","coordinates":[-89.71,29.34]}},{"type":"Feature","properties":{"n":4},"geometry":{"type":"Point","coordinates":[-90.535,29.425]}},{"type":"Feature","properties":{"n":805},"geometry":{"type":"Point","coordinates":[-90.0,29.415]}},{"type":"Feature","properties":{"n":175},"geometry":{"type":"Point","coordinates":[-90.445,29.415]}},{"type":"Feature","properties":{"n":37},"geometry":{"type":"Point","coordinates":[-89.735,29.44]}},{"type":"Feature","properties":{"n":555},"geometry":{"type":"Point","coordinates":[-92.035,29.55]}},{"type":"Feature","properties":{"n":38},"geometry":{"type":"Point","coordinates":[-90.585,29.35]}},{"type":"Feature","properties":{"n":122},"geometry":{"type":"Point","coordinates":[-94.835,29.485]}},{"type":"Feature","properties":{"n":61},"geometry":{"type":"Point","coordinates":[-96.72,28.26]}},{"type":"Feature","properties":{"n":111},"geometry":{"type":"Point","coordinates":[-90.54,29.35]}},{"type":"Feature","properties":{"n":120},"geometry":{"type":"Point","coordinates":[-89.42,29.85]}},{"type":"Feature","properties":{"n":521},"geometry":{"type":"Point","coordinates":[-89.715,29.33]}},{"type":"Feature","properties":{"n":1},"geometry":{"type":"Point","coordinates":[-90.825,29.165]}},{"type":"Feature","properties":{"n":25},"geometry":{"type":"Point","coordinates":[-89.835,29.45]}},{"type":"Feature","properties":{"n":67},"geometry":{"type":"Point","coordinates":[-89.27,29.955]}},{"type":"Feature","properties":{"n":211},"geometry":{"type":"Point","coordinates":[-89.35,29.84]}},{"type":"Feature","properties":{"n":54},"geometry":{"type":"Point","coordinates":[-89.455,29.22]}},{"type":"Feature","properties":{"n":654},"geometry":{"type":"Point","coordinates":[-89.545,29.34]}},{"type":"Feature","properties":{"n":142},"geometry":{"type":"Point","coordinates":[-90.69,29.21]}},{"type":"Feature","properties":{"n":20},"geometry":{"type":"Point","coordinates":[-91.875,29.505]}},{"type":"Feature","properties":{"n":21},"geometry":{"type":"Point","coordinates":[-89.525,29.735]}},{"type":"Feature","properties":{"n":296},"geometry":{"type":"Point","coordinates":[-90.665,29.36]}},{"type":"Feature","properties":{"n":834},"geometry":{"type":"Point","coordinates":[-75.915,38.235]}},{"type":"Feature","properties":{"n":351},"geometry":{"type":"Point","coordinates":[-89.57,29.735]}},{"type":"Feature","properties":{"n":15},"geometry":{"type":"Point","coordinates":[-90.585,29.245]}},{"type":"Feature","properties":{"n":93},"geometry":{"type":"Point","coordinates":[-89.485,29.82]}},{"type":"Feature","properties":{"n":50},"geometry":{"type":"Point","coordinates":[-91.865,29.5]}},{"type":"Feature","properties":{"n":193},"geometry":{"type":"Point","coordinates":[-89.905,29.525]}},{"type":"Feature","properties":{"n":165},"geometry":{"type":"Point","coordinates":[-89.975,29.45]}},{"type":"Feature","properties":{"n":30},"geometry":{"type":"Point","coordinates":[-90.825,29.155]}},{"type":"Feature","properties":{"n":45},"geometry":{"type":"Point","coordinates":[-89.25,30.055]}},{"type":"Feature","properties":{"n":982},"geometry":{"type":"Point","coordinates":[-90.665,29.22]}},{"type":"Feature","properties":{"n":54},"geometry":{"type":"Point","coordinates":[-90.575,29.345]}},{"type":"Feature","properties":{"n":173},"geometry":{"type":"Point","coordinates":[-90.675,29.355]}},{"type":"Feature","properties":{"n":38},"geometry":{"type":"Point","coordinates":[-89.455,29.8]}},{"type":"Feature","properties":{"n":16},"geometry":{"type":"Point","coordinates":[-90.49,29.295]}},{"type":"Feature","properties":{"n":13},"geometry":{"type":"Point","coordinates":[-90.525,29.31]}},{"type":"Feature","properties":{"n":251},"geometry":{"type":"Point","coordinates":[-90.29,29.275]}},{"type":"Feature","properties":{"n":216},"geometry":{"type":"Point","coordinates":[-89.445,29.77]}},{"type":"Feature","properties":{"n":22},"geometry":{"type":"Point","coordinates":[-89.37,29.925]}},{"type":"Feature","properties":{"n":167},"geometry":{"type":"Point","coordinates":[-91.855,29.465]}},{"type":"Feature","properties":{"n":236},"geometry":{"type":"Point","coordinates":[-89.25,30.015]}},{"type":"Feature","properties":{"n":317},"geometry":{"type":"Point","coordinates":[-90.315,29.39]}},{"type":"Feature","properties":{"n":67},"geometry":{"type":"Point","coordinates":[-90.84,29.2]}},{"type":"Feature","properties":{"n":665},"geometry":{"type":"Point","coordinates":[-89.45,29.73]}},{"type":"Feature","properties":{"n":389},"geometry":{"type":"Point","coordinates":[-89.38,29.825]}},{"type":"Feature","properties":{"n":13},"geometry":{"type":"Point","coordinates":[-90.965,29.18]}},{"type":"Feature","properties":{"n":33},"geometry":{"type":"Point","coordinates":[-90.655,29.165]}},{"type":"Feature","properties":{"n":108},"geometry":{"type":"Point","coordinates":[-89.49,29.235]}},{"type":"Feature","properties":{"n":69},"geometry":{"type":"Point","coordinates":[-89.41,29.85]}},{"type":"Feature","properties":{"n":1071},"geometry":{"type":"Point","coordinates":[-89.73,29.33]}},{"type":"Feature","properties":{"n":250},"geometry":{"type":"Point","coordinates":[-89.73,29.43]}},{"type":"Feature","properties":{"n":131},"geometry":{"type":"Point","coordinates":[-94.71,29.525]}},{"type":"Feature","properties":{"n":594},"geometry":{"type":"Point","coordinates":[-75.825,38.255]}},{"type":"Feature","properties":{"n":42},"geometry":{"type":"Point","coordinates":[-89.395,29.96]}},{"type":"Feature","properties":{"n":587},"geometry":{"type":"Point","coordinates":[-89.29,29.945]}},{"type":"Feature","properties":{"n":78},"geometry":{"type":"Point","coordinates":[-89.595,29.745]}},{"type":"Feature","properties":{"n":662},"geometry":{"type":"Point","coordinates":[-90.445,29.375]}},{"type":"Feature","properties":{"n":177},"geometry":{"type":"Point","coordinates":[-91.935,29.51]}},{"type":"Feature","properties":{"n":215},"geometry":{"type":"Point","coordinates":[-90.55,29.365]}},{"type":"Feature","properties":{"n":282},"geometry":{"type":"Point","coordinates":[-89.52,29.295]}},{"type":"Feature","properties":{"n":15},"geometry":{"type":"Point","coordinates":[-90.735,29.1]}},{"type":"Feature","properties":{"n":1185},"geometry":{"type":"Point","coordinates":[-89.61,29.375]}},{"type":"Feature","properties":{"n":398},"geometry":{"type":"Point","coordinates":[-89.255,30.08]}},{"type":"Feature","properties":{"n":4},"geometry":{"type":"Point","coordinates":[-89.735,29.42]}},{"type":"Feature","properties":{"n":2},"geometry":{"type":"Point","coordinates":[-76.285,38.74]}},{"type":"Feature","properties":{"n":12},"geometry":{"type":"Point","coordinates":[-89.545,29.305]}},{"type":"Feature","properties":{"n":266},"geometry":{"type":"Point","coordinates":[-75.86,38.235]}},{"type":"Feature","properties":{"n":299},"geometry":{"type":"Point","coordinates":[-89.665,29.41]}},{"type":"Feature","properties":{"n":137},"geometry":{"type":"Point","coordinates":[-94.885,29.435]}},{"type":"Feature","properties":{"n":28},"geometry":{"type":"Point","coordinates":[-91.86,29.415]}},{"type":"Feature","properties":{"n":49},"geometry":{"type":"Point","coordinates":[-90.43,29.375]}},{"type":"Feature","properties":{"n":416},"geometry":{"type":"Point","coordinates":[-89.43,29.985]}},{"type":"Feature","properties":{"n":51},"geometry":{"type":"Point","coordinates":[-90.72,29.15]}},{"type":"Feature","properties":{"n":513},"geometry":{"type":"Point","coordinates":[-89.525,29.81]}},{"type":"Feature","properties":{"n":622},"geometry":{"type":"Point","coordinates":[-90.73,29.195]}},{"type":"Feature","properties":{"n":33},"geometry":{"type":"Point","coordinates":[-89.495,29.755]}},{"type":"Feature","properties":{"n":49},"geometry":{"type":"Point","coordinates":[-90.585,29.235]}},{"type":"Feature","properties":{"n":278},"geometry":{"type":"Point","coordinates":[-90.655,29.33]}},{"type":"Feature","properties":{"n":27},"geometry":{"type":"Point","coordinates":[-89.505,29.28]}},{"type":"Feature","properties":{"n":19},"geometry":{"type":"Point","coordinates":[-96.63,28.68]}},{"type":"Feature","properties":{"n":273},"geometry":{"type":"Point","coordinates":[-89.66,29.37]}},{"type":"Feature","properties":{"n":354},"geometry":{"type":"Point","coordinates":[-90.7,29.205]}},{"type":"Feature","properties":{"n":123},"geometry":{"type":"Point","coordinates":[-89.28,30.035]}},{"type":"Feature","properties":{"n":173},"geometry":{"type":"Point","coordinates":[-89.4,29.855]}},{"type":"Feature","properties":{"n":353},"geometry":{"type":"Point","coordinates":[-89.34,29.92]}},{"type":"Feature","properties":{"n":102},"geometry":{"type":"Point","coordinates":[-89.23,30.125]}},{"type":"Feature","properties":{"n":71},"geometry":{"type":"Point","coordinates":[-90.78,29.255]}},{"type":"Feature","properties":{"n":37},"geometry":{"type":"Point","coordinates":[-90.575,29.375]}},{"type":"Feature","properties":{"n":43},"geometry":{"type":"Point","coordinates":[-90.54,29.215]}},{"type":"Feature","properties":{"n":44},"geometry":{"type":"Point","coordinates":[-89.535,29.72]}},{"type":"Feature","properties":{"n":27},"geometry":{"type":"Point","coordinates":[-89.6,29.94]}},{"type":"Feature","properties":{"n":1},"geometry":{"type":"Point","coordinates":[-89.35,29.83]}},{"type":"Feature","properties":{"n":44},"geometry":{"type":"Point","coordinates":[-89.345,29.955]}},{"type":"Feature","properties":{"n":53},"geometry":{"type":"Point","coordinates":[-96.97,28.085]}},{"type":"Feature","properties":{"n":64},"geometry":{"type":"Point","coordinates":[-92.01,29.53]}},{"type":"Feature","properties":{"n":15},"geometry":{"type":"Point","coordinates":[-91.845,29.455]}},{"type":"Feature","properties":{"n":21},"geometry":{"type":"Point","coordinates":[-90.845,29.18]}},{"type":"Feature","properties":{"n":166},"geometry":{"type":"Point","coordinates":[-90.26,29.265]}},{"type":"Feature","properties":{"n":143},"geometry":{"type":"Point","coordinates":[-90.75,29.225]}},{"type":"Feature","properties":{"n":52},"geometry":{"type":"Point","coordinates":[-90.915,29.17]}},{"type":"Feature","properties":{"n":34},"geometry":{"type":"Point","coordinates":[-94.745,29.49]}},{"type":"Feature","properties":{"n":47},"geometry":{"type":"Point","coordinates":[-92.045,29.585]}},{"type":"Feature","properties":{"n":274},"geometry":{"type":"Point","coordinates":[-90.56,29.33]}},{"type":"Feature","properties":{"n":456},"geometry":{"type":"Point","coordinates":[-89.715,29.38]}},{"type":"Feature","properties":{"n":302},"geometry":{"type":"Point","coordinates":[-89.695,29.355]}},{"type":"Feature","properties":{"n":48},"geometry":{"type":"Point","coordinates":[-89.455,29.99]}},{"type":"Feature","properties":{"n":54},"geometry":{"type":"Point","coordinates":[-89.255,30.1]}},{"type":"Feature","properties":{"n":137},"geometry":{"type":"Point","coordinates":[-89.415,29.84]}},{"type":"Feature","properties":{"n":4},"geometry":{"type":"Point","coordinates":[-91.97,29.515]}},{"type":"Feature","properties":{"n":377},"geometry":{"type":"Point","coordinates":[-90.835,29.27]}},{"type":"Feature","properties":{"n":755},"geometry":{"type":"Point","coordinates":[-89.515,29.25]}},{"type":"Feature","properties":{"n":3},"geometry":{"type":"Point","coordinates":[-89.77,29.45]}},{"type":"Feature","properties":{"n":30},"geometry":{"type":"Point","coordinates":[-91.115,29.2]}},{"type":"Feature","properties":{"n":9},"geometry":{"type":"Point","coordinates":[-89.65,29.605]}},{"type":"Feature","properties":{"n":328},"geometry":{"type":"Point","coordinates":[-89.35,29.98]}},{"type":"Feature","properties":{"n":24},"geometry":{"type":"Point","coordinates":[-90.675,29.17]}},{"type":"Feature","properties":{"n":139},"geometry":{"type":"Point","coordinates":[-90.23,29.995]}},{"type":"Feature","properties":{"n":1081},"geometry":{"type":"Point","coordinates":[-75.93,38.12]}},{"type":"Feature","properties":{"n":13},"geometry":{"type":"Point","coordinates":[-90.53,29.29]}},{"type":"Feature","properties":{"n":257},"geometry":{"type":"Point","coordinates":[-90.0,29.47]}},{"type":"Feature","properties":{"n":61},"geometry":{"type":"Point","coordinates":[-89.34,29.905]}},{"type":"Feature","properties":{"n":444},"geometry":{"type":"Point","coordinates":[-90.72,29.18]}},{"type":"Feature","properties":{"n":16},"geometry":{"type":"Point","coordinates":[-89.815,29.375]}},{"type":"Feature","properties":{"n":276},"geometry":{"type":"Point","coordinates":[-90.455,29.335]}},{"type":"Feature","properties":{"n":3},"geometry":{"type":"Point","coordinates":[-90.645,29.195]}},{"type":"Feature","properties":{"n":57},"geometry":{"type":"Point","coordinates":[-89.885,29.505]}},{"type":"Feature","properties":{"n":441},"geometry":{"type":"Point","coordinates":[-89.59,29.35]}},{"type":"Feature","properties":{"n":211},"geometry":{"type":"Point","coordinates":[-90.675,29.275]}},{"type":"Feature","properties":{"n":131},"geometry":{"type":"Point","coordinates":[-94.85,29.485]}},{"type":"Feature","properties":{"n":618},"geometry":{"type":"Point","coordinates":[-94.715,29.475]}},{"type":"Feature","properties":{"n":142},"geometry":{"type":"Point","coordinates":[-90.705,29.215]}},{"type":"Feature","properties":{"n":341},"geometry":{"type":"Point","coordinates":[-90.77,29.175]}},{"type":"Feature","properties":{"n":148},"geometry":{"type":"Point","coordinates":[-89.485,29.86]}},{"type":"Feature","properties":{"n":410},"geometry":{"type":"Point","coordinates":[-89.705,29.47]}},{"type":"Feature","properties":{"n":171},"geometry":{"type":"Point","coordinates":[-90.58,29.31]}},{"type":"Feature","properties":{"n":731},"geometry":{"type":"Point","coordinates":[-89.69,29.38]}},{"type":"Feature","properties":{"n":313},"geometry":{"type":"Point","coordinates":[-96.665,28.25]}},{"type":"Feature","properties":{"n":31},"geometry":{"type":"Point","coordinates":[-96.715,28.24]}},{"type":"Feature","properties":{"n":75},"geometry":{"type":"Point","coordinates":[-89.445,29.855]}},{"type":"Feature","properties":{"n":26},"geometry":{"type":"Point","coordinates":[-90.52,29.31]}},{"type":"Feature","properties":{"n":91},"geometry":{"type":"Point","coordinates":[-92.0,29.545]}},{"type":"Feature","properties":{"n":59},"geometry":{"type":"Point","coordinates":[-90.685,29.24]}},{"type":"Feature","properties":{"n":438},"geometry":{"type":"Point","coordinates":[-89.625,29.33]}},{"type":"Feature","properties":{"n":115},"geometry":{"type":"Point","coordinates":[-89.975,29.42]}},{"type":"Feature","properties":{"n":42},"geometry":{"type":"Point","coordinates":[-89.615,29.37]}},{"type":"Feature","properties":{"n":192},"geometry":{"type":"Point","coordinates":[-89.255,29.93]}},{"type":"Feature","properties":{"n":310},"geometry":{"type":"Point","coordinates":[-89.665,29.37]}},{"type":"Feature","properties":{"n":43},"geometry":{"type":"Point","coordinates":[-90.03,29.385]}},{"type":"Feature","properties":{"n":14},"geometry":{"type":"Point","coordinates":[-89.215,30.01]}},{"type":"Feature","properties":{"n":63},"geometry":{"type":"Point","coordinates":[-89.505,29.825]}},{"type":"Feature","properties":{"n":51},"geometry":{"type":"Point","coordinates":[-92.03,29.56]}},{"type":"Feature","properties":{"n":290},"geometry":{"type":"Point","coordinates":[-90.775,29.17]}},{"type":"Feature","properties":{"n":259},"geometry":{"type":"Point","coordinates":[-94.675,29.5]}},{"type":"Feature","properties":{"n":33},"geometry":{"type":"Point","coordinates":[-90.635,29.24]}},{"type":"Feature","properties":{"n":261},"geometry":{"type":"Point","coordinates":[-90.78,29.18]}},{"type":"Feature","properties":{"n":425},"geometry":{"type":"Point","coordinates":[-94.8,29.55]}},{"type":"Feature","properties":{"n":324},"geometry":{"type":"Point","coordinates":[-89.76,29.48]}},{"type":"Feature","properties":{"n":183},"geometry":{"type":"Point","coordinates":[-89.29,29.88]}},{"type":"Feature","properties":{"n":301},"geometry":{"type":"Point","coordinates":[-90.455,29.39]}},{"type":"Feature","properties":{"n":335},"geometry":{"type":"Point","coordinates":[-91.935,29.5]}},{"type":"Feature","properties":{"n":81},"geometry":{"type":"Point","coordinates":[-89.375,30.015]}},{"type":"Feature","properties":{"n":21},"geometry":{"type":"Point","coordinates":[-90.56,29.22]}},{"type":"Feature","properties":{"n":100},"geometry":{"type":"Point","coordinates":[-90.835,29.185]}},{"type":"Feature","properties":{"n":86},"geometry":{"type":"Point","coordinates":[-90.945,29.175]}},{"type":"Feature","properties":{"n":103},"geometry":{"type":"Point","coordinates":[-90.635,29.28]}},{"type":"Feature","properties":{"n":4},"geometry":{"type":"Point","coordinates":[-90.97,29.18]}},{"type":"Feature","properties":{"n":7},"geometry":{"type":"Point","coordinates":[-89.84,30.02]}},{"type":"Feature","properties":{"n":256},"geometry":{"type":"Point","coordinates":[-89.695,29.34]}},{"type":"Feature","properties":{"n":1092},"geometry":{"type":"Point","coordinates":[-89.59,29.265]}},{"type":"Feature","properties":{"n":7},"geometry":{"type":"Point","coordinates":[-89.57,29.66]}},{"type":"Feature","properties":{"n":42},"geometry":{"type":"Point","coordinates":[-89.49,29.83]}},{"type":"Feature","properties":{"n":11},"geometry":{"type":"Point","coordinates":[-90.59,29.28]}},{"type":"Feature","properties":{"n":46},"geometry":{"type":"Point","coordinates":[-90.06,29.455]}},{"type":"Feature","properties":{"n":7},"geometry":{"type":"Point","coordinates":[-76.135,38.6]}},{"type":"Feature","properties":{"n":1065},"geometry":{"type":"Point","coordinates":[-89.6,29.315]}},{"type":"Feature","properties":{"n":221},"geometry":{"type":"Point","coordinates":[-90.78,29.235]}},{"type":"Feature","properties":{"n":2},"geometry":{"type":"Point","coordinates":[-90.485,29.275]}},{"type":"Feature","properties":{"n":57},"geometry":{"type":"Point","coordinates":[-89.77,29.52]}},{"type":"Feature","properties":{"n":57},"geometry":{"type":"Point","coordinates":[-89.515,29.24]}},{"type":"Feature","properties":{"n":309},"geometry":{"type":"Point","coordinates":[-89.595,29.275]}},{"type":"Feature","properties":{"n":17},"geometry":{"type":"Point","coordinates":[-89.39,30.2]}},{"type":"Feature","properties":{"n":64},"geometry":{"type":"Point","coordinates":[-90.65,29.19]}},{"type":"Feature","properties":{"n":20},"geometry":{"type":"Point","coordinates":[-90.655,29.355]}},{"type":"Feature","properties":{"n":397},"geometry":{"type":"Point","coordinates":[-90.86,29.125]}},{"type":"Feature","properties":{"n":4},"geometry":{"type":"Point","coordinates":[-90.56,29.425]}},{"type":"Feature","properties":{"n":26},"geometry":{"type":"Point","coordinates":[-90.58,29.24]}},{"type":"Feature","properties":{"n":135},"geometry":{"type":"Point","coordinates":[-89.625,29.405]}},{"type":"Feature","properties":{"n":203},"geometry":{"type":"Point","coordinates":[-89.455,29.785]}},{"type":"Feature","properties":{"n":202},"geometry":{"type":"Point","coordinates":[-90.59,29.34]}},{"type":"Feature","properties":{"n":65},"geometry":{"type":"Point","coordinates":[-89.535,29.265]}},{"type":"Feature","properties":{"n":5},"geometry":{"type":"Point","coordinates":[-97.025,28.14]}},{"type":"Feature","properties":{"n":27},"geometry":{"type":"Point","coordinates":[-89.495,29.27]}},{"type":"Feature","properties":{"n":35},"geometry":{"type":"Point","coordinates":[-90.82,29.13]}},{"type":"Feature","properties":{"n":144},"geometry":{"type":"Point","coordinates":[-89.375,29.91]}},{"type":"Feature","properties":{"n":217},"geometry":{"type":"Point","coordinates":[-90.33,29.38]}},{"type":"Feature","properties":{"n":369},"geometry":{"type":"Point","coordinates":[-89.32,29.955]}},{"type":"Feature","properties":{"n":399},"geometry":{"type":"Point","coordinates":[-76.18,38.705]}},{"type":"Feature","properties":{"n":131},"geometry":{"type":"Point","coordinates":[-90.705,29.22]}},{"type":"Feature","properties":{"n":38},"geometry":{"type":"Point","coordinates":[-89.41,29.8]}},{"type":"Feature","properties":{"n":207},"geometry":{"type":"Point","coordinates":[-89.33,29.95]}},{"type":"Feature","properties":{"n":63},"geometry":{"type":"Point","coordinates":[-89.75,29.4]}},{"type":"Feature","properties":{"n":484},"geometry":{"type":"Point","coordinates":[-90.305,29.38]}},{"type":"Feature","properties":{"n":619},"geometry":{"type":"Point","coordinates":[-89.445,29.74]}},{"type":"Feature","properties":{"n":132},"geometry":{"type":"Point","coordinates":[-89.51,29.305]}},{"type":"Feature","properties":{"n":15},"geometry":{"type":"Point","coordinates":[-90.585,29.22]}},{"type":"Feature","properties":{"n":330},"geometry":{"type":"Point","coordinates":[-89.525,29.31]}},{"type":"Feature","properties":{"n":873},"geometry":{"type":"Point","coordinates":[-89.725,29.33]}},{"type":"Feature","properties":{"n":26},"geometry":{"type":"Point","coordinates":[-90.96,29.225]}},{"type":"Feature","properties":{"n":193},"geometry":{"type":"Point","coordinates":[-89.71,29.355]}},{"type":"Feature","properties":{"n":153},"geometry":{"type":"Point","coordinates":[-89.665,29.395]}},{"type":"Feature","properties":{"n":9},"geometry":{"type":"Point","coordinates":[-97.0,28.125]}},{"type":"Feature","properties":{"n":6},"geometry":{"type":"Point","coordinates":[-90.85,29.16]}},{"type":"Feature","properties":{"n":10},"geometry":{"type":"Point","coordinates":[-90.81,29.245]}},{"type":"Feature","properties":{"n":329},"geometry":{"type":"Point","coordinates":[-89.58,29.325]}},{"type":"Feature","properties":{"n":15},"geometry":{"type":"Point","coordinates":[-90.855,29.17]}},{"type":"Feature","properties":{"n":336},"geometry":{"type":"Point","coordinates":[-89.52,29.305]}},{"type":"Feature","properties":{"n":394},"geometry":{"type":"Point","coordinates":[-94.725,29.47]}},{"type":"Feature","properties":{"n":242},"geometry":{"type":"Point","coordinates":[-89.63,29.925]}},{"type":"Feature","properties":{"n":313},"geometry":{"type":"Point","coordinates":[-90.69,29.19]}},{"type":"Feature","properties":{"n":7},"geometry":{"type":"Point","coordinates":[-96.99,28.07]}},{"type":"Feature","properties":{"n":15},"geometry":{"type":"Point","coordinates":[-90.65,29.375]}},{"type":"Feature","properties":{"n":580},"geometry":{"type":"Point","coordinates":[-94.71,29.475]}},{"type":"Feature","properties":{"n":139},"geometry":{"type":"Point","coordinates":[-89.315,30.04]}},{"type":"Feature","properties":{"n":433},"geometry":{"type":"Point","coordinates":[-89.425,29.75]}},{"type":"Feature","properties":{"n":98},"geometry":{"type":"Point","coordinates":[-90.285,29.27]}},{"type":"Feature","properties":{"n":271},"geometry":{"type":"Point","coordinates":[-90.525,29.365]}},{"type":"Feature","properties":{"n":9},"geometry":{"type":"Point","coordinates":[-89.3,29.965]}},{"type":"Feature","properties":{"n":69},"geometry":{"type":"Point","coordinates":[-90.395,29.37]}},{"type":"Feature","properties":{"n":48},"geometry":{"type":"Point","coordinates":[-89.255,30.095]}},{"type":"Feature","properties":{"n":289},"geometry":{"type":"Point","coordinates":[-89.655,29.41]}},{"type":"Feature","properties":{"n":135},"geometry":{"type":"Point","coordinates":[-90.95,29.27]}},{"type":"Feature","properties":{"n":135},"geometry":{"type":"Point","coordinates":[-90.0,29.475]}},{"type":"Feature","properties":{"n":1237},"geometry":{"type":"Point","coordinates":[-90.45,29.41]}},{"type":"Feature","properties":{"n":16},"geometry":{"type":"Point","coordinates":[-90.595,29.29]}},{"type":"Feature","properties":{"n":213},"geometry":{"type":"Point","coordinates":[-94.695,29.47]}},{"type":"Feature","properties":{"n":2},"geometry":{"type":"Point","coordinates":[-89.45,29.76]}},{"type":"Feature","properties":{"n":866},"geometry":{"type":"Point","coordinates":[-89.575,29.27]}},{"type":"Feature","properties":{"n":63},"geometry":{"type":"Point","coordinates":[-90.815,29.12]}},{"type":"Feature","properties":{"n":78},"geometry":{"type":"Point","coordinates":[-76.245,38.805]}},{"type":"Feature","properties":{"n":38},"geometry":{"type":"Point","coordinates":[-90.55,29.39]}},{"type":"Feature","properties":{"n":122},"geometry":{"type":"Point","coordinates":[-90.615,29.29]}},{"type":"Feature","properties":{"n":707},"geometry":{"type":"Point","coordinates":[-89.58,29.255]}},{"type":"Feature","properties":{"n":590},"geometry":{"type":"Point","coordinates":[-89.54,29.345]}},{"type":"Feature","properties":{"n":281},"geometry":{"type":"Point","coordinates":[-90.54,29.395]}},{"type":"Feature","properties":{"n":268},"geometry":{"type":"Point","coordinates":[-89.245,30.005]}},{"type":"Feature","properties":{"n":109},"geometry":{"type":"Point","coordinates":[-90.63,29.31]}},{"type":"Feature","properties":{"n":499},"geometry":{"type":"Point","coordinates":[-90.695,29.26]}},{"type":"Feature","properties":{"n":105},"geometry":{"type":"Point","coordinates":[-90.71,29.27]}},{"type":"Feature","properties":{"n":204},"geometry":{"type":"Point","coordinates":[-90.66,29.2]}},{"type":"Feature","properties":{"n":14},"geometry":{"type":"Point","coordinates":[-96.67,28.275]}},{"type":"Feature","properties":{"n":1360},"geometry":{"type":"Point","coordinates":[-90.74,29.185]}},{"type":"Feature","properties":{"n":48},"geometry":{"type":"Point","coordinates":[-90.675,29.265]}},{"type":"Feature","properties":{"n":371},"geometry":{"type":"Point","coordinates":[-90.69,29.24]}},{"type":"Feature","properties":{"n":19},"geometry":{"type":"Point","coordinates":[-90.465,29.35]}},{"type":"Feature","properties":{"n":9},"geometry":{"type":"Point","coordinates":[-97.03,28.135]}},{"type":"Feature","properties":{"n":1189},"geometry":{"type":"Point","coordinates":[-90.55,29.37]}},{"type":"Feature","properties":{"n":135},"geometry":{"type":"Point","coordinates":[-89.82,29.375]}},{"type":"Feature","properties":{"n":4},"geometry":{"type":"Point","coordinates":[-89.82,29.395]}},{"type":"Feature","properties":{"n":151},"geometry":{"type":"Point","coordinates":[-89.915,29.445]}},{"type":"Feature","properties":{"n":67},"geometry":{"type":"Point","coordinates":[-90.305,29.265]}},{"type":"Feature","properties":{"n":110},"geometry":{"type":"Point","coordinates":[-94.78,29.48]}},{"type":"Feature","properties":{"n":130},"geometry":{"type":"Point","coordinates":[-89.345,29.99]}},{"type":"Feature","properties":{"n":186},"geometry":{"type":"Point","coordinates":[-89.505,29.305]}},{"type":"Feature","properties":{"n":36},"geometry":{"type":"Point","coordinates":[-92.225,29.53]}},{"type":"Feature","properties":{"n":5},"geometry":{"type":"Point","coordinates":[-94.875,29.475]}},{"type":"Feature","properties":{"n":71},"geometry":{"type":"Point","coordinates":[-90.715,29.225]}},{"type":"Feature","properties":{"n":11},"geometry":{"type":"Point","coordinates":[-89.805,29.405]}},{"type":"Feature","properties":{"n":193},"geometry":{"type":"Point","coordinates":[-94.88,29.445]}},{"type":"Feature","properties":{"n":14},"geometry":{"type":"Point","coordinates":[-90.56,29.31]}},{"type":"Feature","properties":{"n":11},"geometry":{"type":"Point","coordinates":[-96.67,28.25]}},{"type":"Feature","properties":{"n":21},"geometry":{"type":"Point","coordinates":[-94.87,29.64]}},{"type":"Feature","properties":{"n":278},"geometry":{"type":"Point","coordinates":[-89.42,29.84]}},{"type":"Feature","properties":{"n":384},"geometry":{"type":"Point","coordinates":[-89.305,29.97]}},{"type":"Feature","properties":{"n":199},"geometry":{"type":"Point","coordinates":[-89.495,29.275]}},{"type":"Feature","properties":{"n":114},"geometry":{"type":"Point","coordinates":[-89.225,29.99]}},{"type":"Feature","properties":{"n":54},"geometry":{"type":"Point","coordinates":[-90.61,29.295]}},{"type":"Feature","properties":{"n":1548},"geometry":{"type":"Point","coordinates":[-90.75,29.175]}},{"type":"Feature","properties":{"n":44},"geometry":{"type":"Point","coordinates":[-90.745,29.155]}},{"type":"Feature","properties":{"n":241},"geometry":{"type":"Point","coordinates":[-89.285,29.925]}},{"type":"Feature","properties":{"n":26},"geometry":{"type":"Point","coordinates":[-96.61,28.695]}},{"type":"Feature","properties":{"n":1},"geometry":{"type":"Point","coordinates":[-90.295,29.24]}},{"type":"Feature","properties":{"n":76},"geometry":{"type":"Point","coordinates":[-89.98,29.495]}},{"type":"Feature","properties":{"n":59},"geometry":{"type":"Point","coordinates":[-91.9,29.485]}},{"type":"Feature","properties":{"n":116},"geometry":{"type":"Point","coordinates":[-89.49,29.825]}},{"type":"Feature","properties":{"n":27},"geometry":{"type":"Point","coordinates":[-91.91,29.47]}},{"type":"Feature","properties":{"n":33},"geometry":{"type":"Point","coordinates":[-90.815,29.13]}},{"type":"Feature","properties":{"n":90},"geometry":{"type":"Point","coordinates":[-90.14,29.355]}},{"type":"Feature","properties":{"n":273},"geometry":{"type":"Point","coordinates":[-89.64,29.365]}},{"type":"Feature","properties":{"n":275},"geometry":{"type":"Point","coordinates":[-90.46,29.4]}},{"type":"Feature","properties":{"n":262},"geometry":{"type":"Point","coordinates":[-90.19,29.3]}},{"type":"Feature","properties":{"n":576},"geometry":{"type":"Point","coordinates":[-92.09,29.58]}},{"type":"Feature","properties":{"n":380},"geometry":{"type":"Point","coordinates":[-89.42,29.75]}},{"type":"Feature","properties":{"n":1},"geometry":{"type":"Point","coordinates":[-89.855,29.43]}},{"type":"Feature","properties":{"n":122},"geometry":{"type":"Point","coordinates":[-90.825,29.175]}},{"type":"Feature","properties":{"n":61},"geometry":{"type":"Point","coordinates":[-90.81,29.115]}},{"type":"Feature","properties":{"n":111},"geometry":{"type":"Point","coordinates":[-90.77,29.23]}},{"type":"Feature","properties":{"n":189},"geometry":{"type":"Point","coordinates":[-90.01,29.415]}},{"type":"Feature","properties":{"n":42},"geometry":{"type":"Point","coordinates":[-90.97,29.3]}},{"type":"Feature","properties":{"n":875},"geometry":{"type":"Point","coordinates":[-89.615,29.32]}},{"type":"Feature","properties":{"n":102},"geometry":{"type":"Point","coordinates":[-75.865,38.235]}},{"type":"Feature","properties":{"n":337},"geometry":{"type":"Point","coordinates":[-89.32,29.985]}},{"type":"Feature","properties":{"n":17},"geometry":{"type":"Point","coordinates":[-90.515,29.32]}},{"type":"Feature","properties":{"n":15},"geometry":{"type":"Point","coordinates":[-90.545,29.4]}},{"type":"Feature","properties":{"n":44},"geometry":{"type":"Point","coordinates":[-90.66,29.28]}},{"type":"Feature","properties":{"n":185},"geometry":{"type":"Point","coordinates":[-89.6,29.35]}},{"type":"Feature","properties":{"n":2},"geometry":{"type":"Point","coordinates":[-89.92,29.425]}},{"type":"Feature","properties":{"n":8},"geometry":{"type":"Point","coordinates":[-89.365,29.92]}},{"type":"Feature","properties":{"n":51},"geometry":{"type":"Point","coordinates":[-90.935,29.29]}},{"type":"Feature","properties":{"n":130},"geometry":{"type":"Point","coordinates":[-94.775,29.48]}},{"type":"Feature","properties":{"n":19},"geometry":{"type":"Point","coordinates":[-96.735,28.295]}},{"type":"Feature","properties":{"n":17},"geometry":{"type":"Point","coordinates":[-94.87,29.5]}},{"type":"Feature","properties":{"n":133},"geometry":{"type":"Point","coordinates":[-89.39,29.92]}},{"type":"Feature","properties":{"n":68},"geometry":{"type":"Point","coordinates":[-90.815,29.125]}},{"type":"Feature","properties":{"n":861},"geometry":{"type":"Point","coordinates":[-75.99,38.315]}},{"type":"Feature","properties":{"n":357},"geometry":{"type":"Point","coordinates":[-90.765,29.24]}},{"type":"Feature","properties":{"n":116},"geometry":{"type":"Point","coordinates":[-89.41,29.895]}},{"type":"Feature","properties":{"n":2},"geometry":{"type":"Point","coordinates":[-89.275,30.02]}},{"type":"Feature","properties":{"n":62},"geometry":{"type":"Point","coordinates":[-90.73,29.14]}},{"type":"Feature","properties":{"n":1},"geometry":{"type":"Point","coordinates":[-90.755,29.275]}},{"type":"Feature","properties":{"n":91},"geometry":{"type":"Point","coordinates":[-90.0,29.725]}},{"type":"Feature","properties":{"n":167},"geometry":{"type":"Point","coordinates":[-89.405,30.04]}},{"type":"Feature","properties":{"n":606},"geometry":{"type":"Point","coordinates":[-76.07,38.23]}},{"type":"Feature","properties":{"n":107},"geometry":{"type":"Point","coordinates":[-91.845,29.4]}},{"type":"Feature","properties":{"n":459},"geometry":{"type":"Point","coordinates":[-90.835,29.175]}},{"type":"Feature","properties":{"n":199},"geometry":{"type":"Point","coordinates":[-97.07,28.16]}},{"type":"Feature","properties":{"n":378},"geometry":{"type":"Point","coordinates":[-90.5,29.375]}},{"type":"Feature","properties":{"n":58},"geometry":{"type":"Point","coordinates":[-94.87,29.49]}},{"type":"Feature","properties":{"n":2},"geometry":{"type":"Point","coordinates":[-90.955,29.225]}},{"type":"Feature","properties":{"n":112},"geometry":{"type":"Point","coordinates":[-89.62,29.74]}},{"type":"Feature","properties":{"n":216},"geometry":{"type":"Point","coordinates":[-89.52,29.845]}},{"type":"Feature","properties":{"n":1},"geometry":{"type":"Point","coordinates":[-90.525,29.22]}},{"type":"Feature","properties":{"n":36},"geometry":{"type":"Point","coordinates":[-89.935,29.445]}},{"type":"Feature","properties":{"n":108},"geometry":{"type":"Point","coordinates":[-89.22,30.12]}},{"type":"Feature","properties":{"n":1},"geometry":{"type":"Point","coordinates":[-90.535,29.365]}},{"type":"Feature","properties":{"n":316},"geometry":{"type":"Point","coordinates":[-89.57,29.72]}},{"type":"Feature","properties":{"n":85},"geometry":{"type":"Point","coordinates":[-89.275,29.96]}},{"type":"Feature","properties":{"n":58},"geometry":{"type":"Point","coordinates":[-89.66,29.335]}},{"type":"Feature","properties":{"n":58},"geometry":{"type":"Point","coordinates":[-89.705,29.405]}},{"type":"Feature","properties":{"n":37},"geometry":{"type":"Point","coordinates":[-90.0,29.395]}},{"type":"Feature","properties":{"n":333},"geometry":{"type":"Point","coordinates":[-90.255,29.3]}},{"type":"Feature","properties":{"n":158},"geometry":{"type":"Point","coordinates":[-94.905,29.495]}},{"type":"Feature","properties":{"n":247},"geometry":{"type":"Point","coordinates":[-90.29,29.285]}},{"type":"Feature","properties":{"n":250},"geometry":{"type":"Point","coordinates":[-89.66,29.365]}},{"type":"Feature","properties":{"n":17},"geometry":{"type":"Point","coordinates":[-89.44,29.75]}},{"type":"Feature","properties":{"n":83},"geometry":{"type":"Point","coordinates":[-90.82,29.22]}},{"type":"Feature","properties":{"n":156},"geometry":{"type":"Point","coordinates":[-89.265,30.045]}},{"type":"Feature","properties":{"n":82},"geometry":{"type":"Point","coordinates":[-89.31,30.035]}},{"type":"Feature","properties":{"n":40},"geometry":{"type":"Point","coordinates":[-90.615,29.34]}},{"type":"Feature","properties":{"n":7},"geometry":{"type":"Point","coordinates":[-94.89,29.465]}},{"type":"Feature","properties":{"n":333},"geometry":{"type":"Point","coordinates":[-91.925,29.5]}},{"type":"Feature","properties":{"n":169},"geometry":{"type":"Point","coordinates":[-89.335,29.825]}},{"type":"Feature","properties":{"n":85},"geometry":{"type":"Point","coordinates":[-90.73,29.27]}},{"type":"Feature","properties":{"n":39},"geometry":{"type":"Point","coordinates":[-90.88,29.22]}},{"type":"Feature","properties":{"n":10},"geometry":{"type":"Point","coordinates":[-90.605,29.215]}},{"type":"Feature","properties":{"n":440},"geometry":{"type":"Point","coordinates":[-89.285,29.935]}},{"type":"Feature","properties":{"n":326},"geometry":{"type":"Point","coordinates":[-90.7,29.215]}},{"type":"Feature","properties":{"n":575},"geometry":{"type":"Point","coordinates":[-92.035,29.555]}},{"type":"Feature","properties":{"n":3},"geometry":{"type":"Point","coordinates":[-89.235,30.12]}},{"type":"Feature","properties":{"n":18},"geometry":{"type":"Point","coordinates":[-90.55,29.24]}},{"type":"Feature","properties":{"n":38},"geometry":{"type":"Point","coordinates":[-96.93,28.09]}},{"type":"Feature","properties":{"n":115},"geometry":{"type":"Point","coordinates":[-90.435,29.33]}},{"type":"Feature","properties":{"n":37},"geometry":{"type":"Point","coordinates":[-91.86,29.475]}},{"type":"Feature","properties":{"n":7},"geometry":{"type":"Point","coordinates":[-90.155,29.365]}},{"type":"Feature","properties":{"n":69},"geometry":{"type":"Point","coordinates":[-89.37,29.945]}},{"type":"Feature","properties":{"n":123},"geometry":{"type":"Point","coordinates":[-89.265,29.98]}},{"type":"Feature","properties":{"n":295},"geometry":{"type":"Point","coordinates":[-92.085,29.575]}},{"type":"Feature","properties":{"n":529},"geometry":{"type":"Point","coordinates":[-94.72,29.525]}},{"type":"Feature","properties":{"n":15},"geometry":{"type":"Point","coordinates":[-90.635,29.23]}},{"type":"Feature","properties":{"n":451},"geometry":{"type":"Point","coordinates":[-90.86,29.115]}},{"type":"Feature","properties":{"n":380},"geometry":{"type":"Point","coordinates":[-97.015,28.1]}},{"type":"Feature","properties":{"n":361},"geometry":{"type":"Point","coordinates":[-89.415,29.915]}},{"type":"Feature","properties":{"n":64},"geometry":{"type":"Point","coordinates":[-90.845,29.25]}},{"type":"Feature","properties":{"n":4},"geometry":{"type":"Point","coordinates":[-89.37,29.935]}},{"type":"Feature","properties":{"n":96},"geometry":{"type":"Point","coordinates":[-89.735,29.335]}},{"type":"Feature","properties":{"n":608},"geometry":{"type":"Point","coordinates":[-89.55,29.285]}},{"type":"Feature","properties":{"n":197},"geometry":{"type":"Point","coordinates":[-89.785,29.415]}},{"type":"Feature","properties":{"n":227},"geometry":{"type":"Point","coordinates":[-89.74,29.355]}},{"type":"Feature","properties":{"n":224},"geometry":{"type":"Point","coordinates":[-89.54,29.255]}},{"type":"Feature","properties":{"n":419},"geometry":{"type":"Point","coordinates":[-94.7,29.47]}},{"type":"Feature","properties":{"n":291},"geometry":{"type":"Point","coordinates":[-89.345,29.93]}},{"type":"Feature","properties":{"n":122},"geometry":{"type":"Point","coordinates":[-90.685,29.255]}},{"type":"Feature","properties":{"n":76},"geometry":{"type":"Point","coordinates":[-89.465,29.75]}},{"type":"Feature","properties":{"n":12},"geometry":{"type":"Point","coordinates":[-92.075,29.585]}},{"type":"Feature","properties":{"n":16},"geometry":{"type":"Point","coordinates":[-90.745,29.1]}},{"type":"Feature","properties":{"n":163},"geometry":{"type":"Point","coordinates":[-89.7,29.415]}},{"type":"Feature","properties":{"n":56},"geometry":{"type":"Point","coordinates":[-89.305,29.9]}},{"type":"Feature","properties":{"n":45},"geometry":{"type":"Point","coordinates":[-90.105,29.37]}},{"type":"Feature","properties":{"n":141},"geometry":{"type":"Point","coordinates":[-90.76,29.135]}},{"type":"Feature","properties":{"n":818},"geometry":{"type":"Point","coordinates":[-89.91,29.485]}},{"type":"Feature","properties":{"n":19},"geometry":{"type":"Point","coordinates":[-90.565,29.295]}},{"type":"Feature","properties":{"n":3},"geometry":{"type":"Point","coordinates":[-90.435,29.335]}},{"type":"Feature","properties":{"n":255},"geometry":{"type":"Point","coordinates":[-90.745,29.15]}},{"type":"Feature","properties":{"n":337},"geometry":{"type":"Point","coordinates":[-89.645,29.365]}},{"type":"Feature","properties":{"n":80},"geometry":{"type":"Point","coordinates":[-89.505,29.315]}},{"type":"Feature","properties":{"n":221},"geometry":{"type":"Point","coordinates":[-89.605,29.71]}},{"type":"Feature","properties":{"n":226},"geometry":{"type":"Point","coordinates":[-89.525,29.24]}},{"type":"Feature","properties":{"n":2},"geometry":{"type":"Point","coordinates":[-90.555,29.33]}},{"type":"Feature","properties":{"n":1},"geometry":{"type":"Point","coordinates":[-90.065,29.465]}},{"type":"Feature","properties":{"n":131},"geometry":{"type":"Point","coordinates":[-90.685,29.35]}},{"type":"Feature","properties":{"n":27},"geometry":{"type":"Point","coordinates":[-90.625,29.245]}},{"type":"Feature","properties":{"n":208},"geometry":{"type":"Point","coordinates":[-89.625,29.4]}},{"type":"Feature","properties":{"n":185},"geometry":{"type":"Point","coordinates":[-90.27,29.295]}},{"type":"Feature","properties":{"n":475},"geometry":{"type":"Point","coordinates":[-89.275,30.025]}},{"type":"Feature","properties":{"n":3},"geometry":{"type":"Point","coordinates":[-96.64,28.695]}},{"type":"Feature","properties":{"n":159},"geometry":{"type":"Point","coordinates":[-89.245,30.05]}},{"type":"Feature","properties":{"n":295},"geometry":{"type":"Point","coordinates":[-90.71,29.16]}},{"type":"Feature","properties":{"n":78},"geometry":{"type":"Point","coordinates":[-89.555,29.315]}},{"type":"Feature","properties":{"n":76},"geometry":{"type":"Point","coordinates":[-89.475,29.815]}},{"type":"Feature","properties":{"n":53},"geometry":{"type":"Point","coordinates":[-91.86,29.47]}},{"type":"Feature","properties":{"n":478},"geometry":{"type":"Point","coordinates":[-90.845,29.235]}},{"type":"Feature","properties":{"n":815},"geometry":{"type":"Point","coordinates":[-94.88,29.505]}},{"type":"Feature","properties":{"n":172},"geometry":{"type":"Point","coordinates":[-90.15,29.375]}},{"type":"Feature","properties":{"n":5},"geometry":{"type":"Point","coordinates":[-89.295,29.955]}},{"type":"Feature","properties":{"n":299},"geometry":{"type":"Point","coordinates":[-89.51,29.25]}},{"type":"Feature","properties":{"n":69},"geometry":{"type":"Point","coordinates":[-90.42,29.385]}},{"type":"Feature","properties":{"n":289},"geometry":{"type":"Point","coordinates":[-89.345,29.825]}},{"type":"Feature","properties":{"n":354},"geometry":{"type":"Point","coordinates":[-89.67,29.375]}},{"type":"Feature","properties":{"n":90},"geometry":{"type":"Point","coordinates":[-89.52,29.325]}},{"type":"Feature","properties":{"n":139},"geometry":{"type":"Point","coordinates":[-89.34,29.99]}},{"type":"Feature","properties":{"n":56},"geometry":{"type":"Point","coordinates":[-90.545,29.31]}},{"type":"Feature","properties":{"n":59},"geometry":{"type":"Point","coordinates":[-90.52,29.385]}},{"type":"Feature","properties":{"n":224},"geometry":{"type":"Point","coordinates":[-90.67,29.36]}},{"type":"Feature","properties":{"n":150},"geometry":{"type":"Point","coordinates":[-90.775,29.16]}},{"type":"Feature","properties":{"n":25},"geometry":{"type":"Point","coordinates":[-89.5,29.815]}},{"type":"Feature","properties":{"n":131},"geometry":{"type":"Point","coordinates":[-89.62,29.315]}},{"type":"Feature","properties":{"n":92},"geometry":{"type":"Point","coordinates":[-89.45,29.75]}},{"type":"Feature","properties":{"n":445},"geometry":{"type":"Point","coordinates":[-89.695,29.375]}},{"type":"Feature","properties":{"n":29},"geometry":{"type":"Point","coordinates":[-90.01,29.38]}},{"type":"Feature","properties":{"n":1039},"geometry":{"type":"Point","coordinates":[-89.33,29.98]}},{"type":"Feature","properties":{"n":530},"geometry":{"type":"Point","coordinates":[-90.54,29.4]}},{"type":"Feature","properties":{"n":222},"geometry":{"type":"Point","coordinates":[-89.25,30.08]}},{"type":"Feature","properties":{"n":53},"geometry":{"type":"Point","coordinates":[-89.54,29.845]}},{"type":"Feature","properties":{"n":44},"geometry":{"type":"Point","coordinates":[-90.41,29.385]}},{"type":"Feature","properties":{"n":1131},"geometry":{"type":"Point","coordinates":[-89.37,29.99]}},{"type":"Feature","properties":{"n":63},"geometry":{"type":"Point","coordinates":[-89.32,29.93]}},{"type":"Feature","properties":{"n":175},"geometry":{"type":"Point","coordinates":[-91.125,29.26]}},{"type":"Feature","properties":{"n":407},"geometry":{"type":"Point","coordinates":[-90.205,29.27]}},{"type":"Feature","properties":{"n":6},"geometry":{"type":"Point","coordinates":[-94.68,29.525]}},{"type":"Feature","properties":{"n":106},"geometry":{"type":"Point","coordinates":[-91.89,29.475]}},{"type":"Feature","properties":{"n":284},"geometry":{"type":"Point","coordinates":[-90.595,29.265]}},{"type":"Feature","properties":{"n":2},"geometry":{"type":"Point","coordinates":[-90.74,29.12]}},{"type":"Feature","properties":{"n":344},"geometry":{"type":"Point","coordinates":[-75.88,38.22]}},{"type":"Feature","properties":{"n":1613},"geometry":{"type":"Point","coordinates":[-89.59,29.34]}},{"type":"Feature","properties":{"n":746},"geometry":{"type":"Point","coordinates":[-89.595,29.325]}},{"type":"Feature","properties":{"n":7},"geometry":{"type":"Point","coordinates":[-90.52,29.405]}},{"type":"Feature","properties":{"n":94},"geometry":{"type":"Point","coordinates":[-90.715,29.185]}},{"type":"Feature","properties":{"n":121},"geometry":{"type":"Point","coordinates":[-89.89,29.495]}},{"type":"Feature","properties":{"n":27},"geometry":{"type":"Point","coordinates":[-90.605,29.36]}},{"type":"Feature","properties":{"n":326},"geometry":{"type":"Point","coordinates":[-90.815,29.245]}},{"type":"Feature","properties":{"n":31},"geometry":{"type":"Point","coordinates":[-90.655,29.375]}},{"type":"Feature","properties":{"n":242},"geometry":{"type":"Point","coordinates":[-90.745,29.265]}},{"type":"Feature","properties":{"n":657},"geometry":{"type":"Point","coordinates":[-89.37,29.95]}},{"type":"Feature","properties":{"n":200},"geometry":{"type":"Point","coordinates":[-89.585,29.725]}},{"type":"Feature","properties":{"n":178},"geometry":{"type":"Point","coordinates":[-90.62,29.31]}},{"type":"Feature","properties":{"n":87},"geometry":{"type":"Point","coordinates":[-94.675,29.485]}},{"type":"Feature","properties":{"n":182},"geometry":{"type":"Point","coordinates":[-96.655,28.255]}},{"type":"Feature","properties":{"n":195},"geometry":{"type":"Point","coordinates":[-89.93,29.485]}},{"type":"Feature","properties":{"n":279},"geometry":{"type":"Point","coordinates":[-89.5,29.31]}},{"type":"Feature","properties":{"n":55},"geometry":{"type":"Point","coordinates":[-89.41,29.79]}},{"type":"Feature","properties":{"n":505},"geometry":{"type":"Point","coordinates":[-89.44,29.725]}},{"type":"Feature","properties":{"n":6},"geometry":{"type":"Point","coordinates":[-89.735,29.38]}},{"type":"Feature","properties":{"n":554},"geometry":{"type":"Point","coordinates":[-89.72,29.335]}},{"type":"Feature","properties":{"n":130},"geometry":{"type":"Point","coordinates":[-89.985,29.305]}},{"type":"Feature","properties":{"n":1},"geometry":{"type":"Point","coordinates":[-89.66,29.825]}},{"type":"Feature","properties":{"n":115},"geometry":{"type":"Point","coordinates":[-94.81,29.51]}},{"type":"Feature","properties":{"n":60},"geometry":{"type":"Point","coordinates":[-89.535,29.855]}},{"type":"Feature","properties":{"n":50},"geometry":{"type":"Point","coordinates":[-89.6,29.275]}},{"type":"Feature","properties":{"n":1},"geometry":{"type":"Point","coordinates":[-90.59,29.375]}},{"type":"Feature","properties":{"n":507},"geometry":{"type":"Point","coordinates":[-94.795,29.495]}},{"type":"Feature","properties":{"n":156},"geometry":{"type":"Point","coordinates":[-90.75,29.27]}},{"type":"Feature","properties":{"n":19},"geometry":{"type":"Point","coordinates":[-97.03,28.14]}},{"type":"Feature","properties":{"n":67},"geometry":{"type":"Point","coordinates":[-89.695,29.345]}},{"type":"Feature","properties":{"n":175},"geometry":{"type":"Point","coordinates":[-89.985,29.3]}},{"type":"Feature","properties":{"n":51},"geometry":{"type":"Point","coordinates":[-94.93,29.26]}},{"type":"Feature","properties":{"n":174},"geometry":{"type":"Point","coordinates":[-89.53,29.72]}},{"type":"Feature","properties":{"n":225},"geometry":{"type":"Point","coordinates":[-90.73,29.175]}},{"type":"Feature","properties":{"n":589},"geometry":{"type":"Point","coordinates":[-90.69,29.25]}},{"type":"Feature","properties":{"n":16},"geometry":{"type":"Point","coordinates":[-90.525,29.23]}},{"type":"Feature","properties":{"n":395},"geometry":{"type":"Point","coordinates":[-90.755,29.22]}},{"type":"Feature","properties":{"n":7},"geometry":{"type":"Point","coordinates":[-90.875,29.255]}},{"type":"Feature","properties":{"n":165},"geometry":{"type":"Point","coordinates":[-90.455,29.42]}},{"type":"Feature","properties":{"n":399},"geometry":{"type":"Point","coordinates":[-89.415,29.965]}},{"type":"Feature","properties":{"n":108},"geometry":{"type":"Point","coordinates":[-90.59,29.35]}},{"type":"Feature","properties":{"n":12},"geometry":{"type":"Point","coordinates":[-90.535,29.225]}},{"type":"Feature","properties":{"n":91},"geometry":{"type":"Point","coordinates":[-96.61,28.69]}},{"type":"Feature","properties":{"n":6},"geometry":{"type":"Point","coordinates":[-90.545,29.21]}},{"type":"Feature","properties":{"n":298},"geometry":{"type":"Point","coordinates":[-91.84,29.43]}},{"type":"Feature","properties":{"n":255},"geometry":{"type":"Point","coordinates":[-94.755,29.49]}},{"type":"Feature","properties":{"n":362},"geometry":{"type":"Point","coordinates":[-90.265,29.29]}},{"type":"Feature","properties":{"n":274},"geometry":{"type":"Point","coordinates":[-92.055,29.585]}},{"type":"Feature","properties":{"n":55},"geometry":{"type":"Point","coordinates":[-90.535,29.32]}},{"type":"Feature","properties":{"n":578},"geometry":{"type":"Point","coordinates":[-94.71,29.47]}},{"type":"Feature","properties":{"n":192},"geometry":{"type":"Point","coordinates":[-90.525,29.36]}},{"type":"Feature","properties":{"n":59},"geometry":{"type":"Point","coordinates":[-89.705,29.45]}},{"type":"Feature","properties":{"n":42},"geometry":{"type":"Point","coordinates":[-89.45,29.77]}},{"type":"Feature","properties":{"n":165},"geometry":{"type":"Point","coordinates":[-89.24,29.97]}},{"type":"Feature","properties":{"n":37},"geometry":{"type":"Point","coordinates":[-90.76,29.19]}},{"type":"Feature","properties":{"n":289},"geometry":{"type":"Point","coordinates":[-90.45,29.38]}},{"type":"Feature","properties":{"n":576},"geometry":{"type":"Point","coordinates":[-94.805,29.55]}},{"type":"Feature","properties":{"n":349},"geometry":{"type":"Point","coordinates":[-89.32,29.98]}},{"type":"Feature","properties":{"n":174},"geometry":{"type":"Point","coordinates":[-89.405,29.825]}},{"type":"Feature","properties":{"n":4},"geometry":{"type":"Point","coordinates":[-90.49,29.275]}},{"type":"Feature","properties":{"n":34},"geometry":{"type":"Point","coordinates":[-90.685,29.215]}},{"type":"Feature","properties":{"n":9},"geometry":{"type":"Point","coordinates":[-89.4,30.025]}},{"type":"Feature","properties":{"n":826},"geometry":{"type":"Point","coordinates":[-92.055,29.58]}},{"type":"Feature","properties":{"n":113},"geometry":{"type":"Point","coordinates":[-89.515,29.785]}},{"type":"Feature","properties":{"n":22},"geometry":{"type":"Point","coordinates":[-90.425,29.4]}},{"type":"Feature","properties":{"n":226},"geometry":{"type":"Point","coordinates":[-89.805,29.49]}},{"type":"Feature","properties":{"n":169},"geometry":{"type":"Point","coordinates":[-90.98,29.305]}},{"type":"Feature","properties":{"n":102},"geometry":{"type":"Point","coordinates":[-91.82,29.435]}},{"type":"Feature","properties":{"n":77},"geometry":{"type":"Point","coordinates":[-89.355,29.93]}},{"type":"Feature","properties":{"n":106},"geometry":{"type":"Point","coordinates":[-92.06,29.555]}},{"type":"Feature","properties":{"n":961},"geometry":{"type":"Point","coordinates":[-89.45,29.805]}},{"type":"Feature","properties":{"n":319},"geometry":{"type":"Point","coordinates":[-90.8,29.25]}},{"type":"Feature","properties":{"n":36},"geometry":{"type":"Point","coordinates":[-90.775,29.15]}},{"type":"Feature","properties":{"n":429},"geometry":{"type":"Point","coordinates":[-89.55,29.35]}},{"type":"Feature","properties":{"n":389},"geometry":{"type":"Point","coordinates":[-89.5,29.79]}},{"type":"Feature","properties":{"n":118},"geometry":{"type":"Point","coordinates":[-90.735,29.145]}},{"type":"Feature","properties":{"n":131},"geometry":{"type":"Point","coordinates":[-89.235,30.005]}},{"type":"Feature","properties":{"n":5},"geometry":{"type":"Point","coordinates":[-90.79,29.235]}},{"type":"Feature","properties":{"n":4},"geometry":{"type":"Point","coordinates":[-90.945,29.285]}},{"type":"Feature","properties":{"n":3},"geometry":{"type":"Point","coordinates":[-90.95,29.18]}},{"type":"Feature","properties":{"n":656},"geometry":{"type":"Point","coordinates":[-90.84,29.21]}},{"type":"Feature","properties":{"n":17},"geometry":{"type":"Point","coordinates":[-90.3,29.255]}},{"type":"Feature","properties":{"n":393},"geometry":{"type":"Point","coordinates":[-89.725,29.43]}},{"type":"Feature","properties":{"n":230},"geometry":{"type":"Point","coordinates":[-96.7,28.23]}},{"type":"Feature","properties":{"n":161},"geometry":{"type":"Point","coordinates":[-89.685,29.435]}},{"type":"Feature","properties":{"n":278},"geometry":{"type":"Point","coordinates":[-90.565,29.315]}},{"type":"Feature","properties":{"n":454},"geometry":{"type":"Point","coordinates":[-89.325,29.995]}},{"type":"Feature","properties":{"n":146},"geometry":{"type":"Point","coordinates":[-90.485,29.345]}},{"type":"Feature","properties":{"n":3},"geometry":{"type":"Point","coordinates":[-89.99,29.305]}},{"type":"Feature","properties":{"n":621},"geometry":{"type":"Point","coordinates":[-90.845,29.22]}},{"type":"Feature","properties":{"n":184},"geometry":{"type":"Point","coordinates":[-89.56,29.31]}},{"type":"Feature","properties":{"n":642},"geometry":{"type":"Point","coordinates":[-89.3,29.935]}},{"type":"Feature","properties":{"n":358},"geometry":{"type":"Point","coordinates":[-89.66,29.375]}},{"type":"Feature","properties":{"n":113},"geometry":{"type":"Point","coordinates":[-92.025,29.555]}},{"type":"Feature","properties":{"n":62},"geometry":{"type":"Point","coordinates":[-89.255,30.11]}},{"type":"Feature","properties":{"n":872},"geometry":{"type":"Point","coordinates":[-89.285,29.855]}},{"type":"Feature","properties":{"n":1368},"geometry":{"type":"Point","coordinates":[-90.75,29.205]}},{"type":"Feature","properties":{"n":442},"geometry":{"type":"Point","coordinates":[-90.275,29.3]}},{"type":"Feature","properties":{"n":24},"geometry":{"type":"Point","coordinates":[-90.53,29.4]}},{"type":"Feature","properties":{"n":8},"geometry":{"type":"Point","coordinates":[-90.625,29.23]}},{"type":"Feature","properties":{"n":74},"geometry":{"type":"Point","coordinates":[-90.975,29.3]}},{"type":"Feature","properties":{"n":132},"geometry":{"type":"Point","coordinates":[-90.565,29.375]}},{"type":"Feature","properties":{"n":795},"geometry":{"type":"Point","coordinates":[-89.91,29.49]}},{"type":"Feature","properties":{"n":566},"geometry":{"type":"Point","coordinates":[-94.705,29.475]}},{"type":"Feature","properties":{"n":3},"geometry":{"type":"Point","coordinates":[-89.83,29.41]}},{"type":"Feature","properties":{"n":2},"geometry":{"type":"Point","coordinates":[-89.605,29.395]}},{"type":"Feature","properties":{"n":228},"geometry":{"type":"Point","coordinates":[-89.38,29.92]}},{"type":"Feature","properties":{"n":146},"geometry":{"type":"Point","coordinates":[-91.825,29.475]}},{"type":"Feature","properties":{"n":98},"geometry":{"type":"Point","coordinates":[-89.51,29.32]}},{"type":"Feature","properties":{"n":369},"geometry":{"type":"Point","coordinates":[-89.52,29.3]}},{"type":"Feature","properties":{"n":25},"geometry":{"type":"Point","coordinates":[-75.94,38.29]}},{"type":"Feature","properties":{"n":1},"geometry":{"type":"Point","coordinates":[-89.51,30.015]}},{"type":"Feature","properties":{"n":114},"geometry":{"type":"Point","coordinates":[-89.595,29.72]}},{"type":"Feature","properties":{"n":47},"geometry":{"type":"Point","coordinates":[-89.53,29.245]}},{"type":"Feature","properties":{"n":239},"geometry":{"type":"Point","coordinates":[-89.56,29.255]}},{"type":"Feature","properties":{"n":620},"geometry":{"type":"Point","coordinates":[-89.375,30.025]}},{"type":"Feature","properties":{"n":273},"geometry":{"type":"Point","coordinates":[-90.63,29.315]}},{"type":"Feature","properties":{"n":10},"geometry":{"type":"Point","coordinates":[-89.53,29.715]}},{"type":"Feature","properties":{"n":2},"geometry":{"type":"Point","coordinates":[-89.525,29.87]}},{"type":"Feature","properties":{"n":167},"geometry":{"type":"Point","coordinates":[-90.94,29.275]}},{"type":"Feature","properties":{"n":16},"geometry":{"type":"Point","coordinates":[-90.675,29.37]}},{"type":"Feature","properties":{"n":196},"geometry":{"type":"Point","coordinates":[-89.435,29.78]}},{"type":"Feature","properties":{"n":439},"geometry":{"type":"Point","coordinates":[-89.335,29.845]}},{"type":"Feature","properties":{"n":19},"geometry":{"type":"Point","coordinates":[-94.875,29.445]}},{"type":"Feature","properties":{"n":219},"geometry":{"type":"Point","coordinates":[-89.25,29.96]}},{"type":"Feature","properties":{"n":171},"geometry":{"type":"Point","coordinates":[-91.85,29.44]}},{"type":"Feature","properties":{"n":306},"geometry":{"type":"Point","coordinates":[-89.5,29.295]}},{"type":"Feature","properties":{"n":3},"geometry":{"type":"Point","coordinates":[-89.4,30.2]}},{"type":"Feature","properties":{"n":52},"geometry":{"type":"Point","coordinates":[-90.27,29.29]}},{"type":"Feature","properties":{"n":7},"geometry":{"type":"Point","coordinates":[-92.09,29.56]}},{"type":"Feature","properties":{"n":2},"geometry":{"type":"Point","coordinates":[-89.9,29.47]}},{"type":"Feature","properties":{"n":169},"geometry":{"type":"Point","coordinates":[-90.79,29.13]}},{"type":"Feature","properties":{"n":71},"geometry":{"type":"Point","coordinates":[-90.265,29.265]}},{"type":"Feature","properties":{"n":309},"geometry":{"type":"Point","coordinates":[-89.72,29.365]}},{"type":"Feature","properties":{"n":313},"geometry":{"type":"Point","coordinates":[-89.58,29.345]}},{"type":"Feature","properties":{"n":2},"geometry":{"type":"Point","coordinates":[-90.68,29.32]}},{"type":"Feature","properties":{"n":297},"geometry":{"type":"Point","coordinates":[-89.735,29.345]}},{"type":"Feature","properties":{"n":30},"geometry":{"type":"Point","coordinates":[-90.655,29.185]}},{"type":"Feature","properties":{"n":245},"geometry":{"type":"Point","coordinates":[-89.86,29.455]}},{"type":"Feature","properties":{"n":86},"geometry":{"type":"Point","coordinates":[-91.835,29.44]}},{"type":"Feature","properties":{"n":1},"geometry":{"type":"Point","coordinates":[-89.5,29.245]}},{"type":"Feature","properties":{"n":340},"geometry":{"type":"Point","coordinates":[-89.98,29.475]}},{"type":"Feature","properties":{"n":13},"geometry":{"type":"Point","coordinates":[-90.045,29.465]}},{"type":"Feature","properties":{"n":45},"geometry":{"type":"Point","coordinates":[-89.55,29.72]}},{"type":"Feature","properties":{"n":172},"geometry":{"type":"Point","coordinates":[-90.305,29.325]}},{"type":"Feature","properties":{"n":22},"geometry":{"type":"Point","coordinates":[-90.655,29.17]}},{"type":"Feature","properties":{"n":46},"geometry":{"type":"Point","coordinates":[-89.69,29.34]}},{"type":"Feature","properties":{"n":502},"geometry":{"type":"Point","coordinates":[-90.725,29.205]}},{"type":"Feature","properties":{"n":1},"geometry":{"type":"Point","coordinates":[-94.675,29.43]}},{"type":"Feature","properties":{"n":192},"geometry":{"type":"Point","coordinates":[-91.845,29.445]}},{"type":"Feature","properties":{"n":506},"geometry":{"type":"Point","coordinates":[-90.295,29.28]}},{"type":"Feature","properties":{"n":102},"geometry":{"type":"Point","coordinates":[-75.915,38.275]}},{"type":"Feature","properties":{"n":185},"geometry":{"type":"Point","coordinates":[-89.43,29.81]}},{"type":"Feature","properties":{"n":41},"geometry":{"type":"Point","coordinates":[-90.825,29.15]}},{"type":"Feature","properties":{"n":203},"geometry":{"type":"Point","coordinates":[-90.675,29.365]}},{"type":"Feature","properties":{"n":303},"geometry":{"type":"Point","coordinates":[-90.47,29.375]}},{"type":"Feature","properties":{"n":83},"geometry":{"type":"Point","coordinates":[-89.43,29.725]}},{"type":"Feature","properties":{"n":1126},"geometry":{"type":"Point","coordinates":[-89.66,29.355]}},{"type":"Feature","properties":{"n":124},"geometry":{"type":"Point","coordinates":[-89.355,29.905]}},{"type":"Feature","properties":{"n":502},"geometry":{"type":"Point","coordinates":[-89.245,29.97]}},{"type":"Feature","properties":{"n":52},"geometry":{"type":"Point","coordinates":[-89.485,29.22]}},{"type":"Feature","properties":{"n":152},"geometry":{"type":"Point","coordinates":[-89.46,29.795]}},{"type":"Feature","properties":{"n":741},"geometry":{"type":"Point","coordinates":[-90.71,29.195]}},{"type":"Feature","properties":{"n":192},"geometry":{"type":"Point","coordinates":[-94.82,29.51]}},{"type":"Feature","properties":{"n":134},"geometry":{"type":"Point","coordinates":[-91.83,29.45]}},{"type":"Feature","properties":{"n":4},"geometry":{"type":"Point","coordinates":[-89.415,29.76]}},{"type":"Feature","properties":{"n":411},"geometry":{"type":"Point","coordinates":[-90.855,29.255]}},{"type":"Feature","properties":{"n":480},"geometry":{"type":"Point","coordinates":[-89.575,29.29]}},{"type":"Feature","properties":{"n":273},"geometry":{"type":"Point","coordinates":[-89.23,30.015]}},{"type":"Feature","properties":{"n":287},"geometry":{"type":"Point","coordinates":[-90.68,29.295]}},{"type":"Feature","properties":{"n":72},"geometry":{"type":"Point","coordinates":[-89.395,30.2]}},{"type":"Feature","properties":{"n":39},"geometry":{"type":"Point","coordinates":[-90.465,29.43]}},{"type":"Feature","properties":{"n":95},"geometry":{"type":"Point","coordinates":[-89.5,29.29]}},{"type":"Feature","properties":{"n":134},"geometry":{"type":"Point","coordinates":[-91.84,29.46]}},{"type":"Feature","properties":{"n":88},"geometry":{"type":"Point","coordinates":[-90.74,29.13]}},{"type":"Feature","properties":{"n":567},"geometry":{"type":"Point","coordinates":[-89.395,29.815]}},{"type":"Feature","properties":{"n":41},"geometry":{"type":"Point","coordinates":[-89.305,29.87]}},{"type":"Feature","properties":{"n":98},"geometry":{"type":"Point","coordinates":[-96.49,28.605]}},{"type":"Feature","properties":{"n":411},"geometry":{"type":"Point","coordinates":[-89.7,29.355]}},{"type":"Feature","properties":{"n":42},"geometry":{"type":"Point","coordinates":[-89.475,29.99]}},{"type":"Feature","properties":{"n":98},"geometry":{"type":"Point","coordinates":[-89.43,29.825]}},{"type":"Feature","properties":{"n":5},"geometry":{"type":"Point","coordinates":[-89.84,29.43]}},{"type":"Feature","properties":{"n":63},"geometry":{"type":"Point","coordinates":[-89.39,29.795]}},{"type":"Feature","properties":{"n":52},"geometry":{"type":"Point","coordinates":[-90.69,29.175]}},{"type":"Feature","properties":{"n":66},"geometry":{"type":"Point","coordinates":[-89.36,29.92]}},{"type":"Feature","properties":{"n":206},"geometry":{"type":"Point","coordinates":[-89.715,29.375]}},{"type":"Feature","properties":{"n":251},"geometry":{"type":"Point","coordinates":[-92.05,29.575]}},{"type":"Feature","properties":{"n":21},"geometry":{"type":"Point","coordinates":[-89.535,29.275]}},{"type":"Feature","properties":{"n":170},"geometry":{"type":"Point","coordinates":[-89.565,29.295]}},{"type":"Feature","properties":{"n":5},"geometry":{"type":"Point","coordinates":[-90.675,29.26]}},{"type":"Feature","properties":{"n":45},"geometry":{"type":"Point","coordinates":[-89.775,29.42]}},{"type":"Feature","properties":{"n":408},"geometry":{"type":"Point","coordinates":[-90.775,29.175]}},{"type":"Feature","properties":{"n":284},"geometry":{"type":"Point","coordinates":[-90.855,29.125]}},{"type":"Feature","properties":{"n":65},"geometry":{"type":"Point","coordinates":[-89.435,29.795]}},{"type":"Feature","properties":{"n":35},"geometry":{"type":"Point","coordinates":[-90.735,29.18]}},{"type":"Feature","properties":{"n":117},"geometry":{"type":"Point","coordinates":[-89.895,29.52]}},{"type":"Feature","properties":{"n":1490},"geometry":{"type":"Point","coordinates":[-89.605,29.29]}},{"type":"Feature","properties":{"n":1},"geometry":{"type":"Point","coordinates":[-89.65,29.59]}},{"type":"Feature","properties":{"n":561},"geometry":{"type":"Point","coordinates":[-92.045,29.55]}},{"type":"Feature","properties":{"n":425},"geometry":{"type":"Point","coordinates":[-89.655,29.38]}},{"type":"Feature","properties":{"n":187},"geometry":{"type":"Point","coordinates":[-92.095,29.565]}},{"type":"Feature","properties":{"n":398},"geometry":{"type":"Point","coordinates":[-89.7,29.42]}},{"type":"Feature","properties":{"n":91},"geometry":{"type":"Point","coordinates":[-89.77,29.455]}},{"type":"Feature","properties":{"n":523},"geometry":{"type":"Point","coordinates":[-90.85,29.115]}},{"type":"Feature","properties":{"n":607},"geometry":{"type":"Point","coordinates":[-90.72,29.185]}},{"type":"Feature","properties":{"n":76},"geometry":{"type":"Point","coordinates":[-89.74,29.465]}},{"type":"Feature","properties":{"n":3},"geometry":{"type":"Point","coordinates":[-89.965,29.45]}},{"type":"Feature","properties":{"n":308},"geometry":{"type":"Point","coordinates":[-90.255,29.255]}},{"type":"Feature","properties":{"n":4},"geometry":{"type":"Point","coordinates":[-94.85,29.475]}},{"type":"Feature","properties":{"n":295},"geometry":{"type":"Point","coordinates":[-92.105,29.58]}},{"type":"Feature","properties":{"n":392},"geometry":{"type":"Point","coordinates":[-89.26,30.01]}},{"type":"Feature","properties":{"n":73},"geometry":{"type":"Point","coordinates":[-89.55,29.255]}},{"type":"Feature","properties":{"n":21},"geometry":{"type":"Point","coordinates":[-90.615,29.35]}},{"type":"Feature","properties":{"n":95},"geometry":{"type":"Point","coordinates":[-90.825,29.22]}},{"type":"Feature","properties":{"n":55},"geometry":{"type":"Point","coordinates":[-90.39,29.345]}},{"type":"Feature","properties":{"n":505},"geometry":{"type":"Point","coordinates":[-90.675,29.215]}},{"type":"Feature","properties":{"n":440},"geometry":{"type":"Point","coordinates":[-96.72,28.325]}},{"type":"Feature","properties":{"n":2},"geometry":{"type":"Point","coordinates":[-89.79,29.475]}},{"type":"Feature","properties":{"n":97},"geometry":{"type":"Point","coordinates":[-76.085,38.235]}},{"type":"Feature","properties":{"n":5},"geometry":{"type":"Point","coordinates":[-96.975,28.07]}},{"type":"Feature","properties":{"n":7},"geometry":{"type":"Point","coordinates":[-90.545,29.42]}},{"type":"Feature","properties":{"n":8},"geometry":{"type":"Point","coordinates":[-89.625,29.71]}},{"type":"Feature","properties":{"n":153},"geometry":{"type":"Point","coordinates":[-90.77,29.135]}},{"type":"Feature","properties":{"n":51},"geometry":{"type":"Point","coordinates":[-89.5,29.84]}},{"type":"Feature","properties":{"n":84},"geometry":{"type":"Point","coordinates":[-89.815,29.415]}},{"type":"Feature","properties":{"n":9},"geometry":{"type":"Point","coordinates":[-90.53,29.22]}},{"type":"Feature","properties":{"n":7},"geometry":{"type":"Point","coordinates":[-90.93,29.27]}},{"type":"Feature","properties":{"n":489},"geometry":{"type":"Point","coordinates":[-90.635,29.315]}},{"type":"Feature","properties":{"n":267},"geometry":{"type":"Point","coordinates":[-90.325,29.395]}},{"type":"Feature","properties":{"n":127},"geometry":{"type":"Point","coordinates":[-89.56,29.32]}},{"type":"Feature","properties":{"n":197},"geometry":{"type":"Point","coordinates":[-91.125,29.255]}},{"type":"Feature","properties":{"n":4},"geometry":{"type":"Point","coordinates":[-90.4,29.355]}},{"type":"Feature","properties":{"n":11},"geometry":{"type":"Point","coordinates":[-89.215,30.13]}},{"type":"Feature","properties":{"n":8},"geometry":{"type":"Point","coordinates":[-89.425,29.84]}},{"type":"Feature","properties":{"n":132},"geometry":{"type":"Point","coordinates":[-91.82,29.46]}},{"type":"Feature","properties":{"n":38},"geometry":{"type":"Point","coordinates":[-89.36,29.815]}},{"type":"Feature","properties":{"n":220},"geometry":{"type":"Point","coordinates":[-89.46,29.74]}},{"type":"Feature","properties":{"n":40},"geometry":{"type":"Point","coordinates":[-96.515,28.6]}},{"type":"Feature","properties":{"n":260},"geometry":{"type":"Point","coordinates":[-89.23,29.965]}},{"type":"Feature","properties":{"n":1055},"geometry":{"type":"Point","coordinates":[-90.845,29.21]}},{"type":"Feature","properties":{"n":278},"geometry":{"type":"Point","coordinates":[-89.305,29.975]}},{"type":"Feature","properties":{"n":22},"geometry":{"type":"Point","coordinates":[-90.85,29.245]}},{"type":"Feature","properties":{"n":571},"geometry":{"type":"Point","coordinates":[-89.39,29.825]}},{"type":"Feature","properties":{"n":635},"geometry":{"type":"Point","coordinates":[-94.69,29.53]}},{"type":"Feature","properties":{"n":185},"geometry":{"type":"Point","coordinates":[-89.285,29.915]}},{"type":"Feature","properties":{"n":123},"geometry":{"type":"Point","coordinates":[-90.73,29.155]}},{"type":"Feature","properties":{"n":903},"geometry":{"type":"Point","coordinates":[-89.585,29.32]}},{"type":"Feature","properties":{"n":304},"geometry":{"type":"Point","coordinates":[-89.695,29.42]}},{"type":"Feature","properties":{"n":143},"geometry":{"type":"Point","coordinates":[-90.63,29.275]}},{"type":"Feature","properties":{"n":461},"geometry":{"type":"Point","coordinates":[-90.755,29.215]}},{"type":"Feature","properties":{"n":23},"geometry":{"type":"Point","coordinates":[-89.47,29.805]}},{"type":"Feature","properties":{"n":330},"geometry":{"type":"Point","coordinates":[-90.84,29.12]}},{"type":"Feature","properties":{"n":692},"geometry":{"type":"Point","coordinates":[-89.385,29.825]}},{"type":"Feature","properties":{"n":3},"geometry":{"type":"Point","coordinates":[-90.8,29.145]}},{"type":"Feature","properties":{"n":9},"geometry":{"type":"Point","coordinates":[-90.44,29.355]}},{"type":"Feature","properties":{"n":439},"geometry":{"type":"Point","coordinates":[-89.305,29.98]}},{"type":"Feature","properties":{"n":11},"geometry":{"type":"Point","coordinates":[-89.445,29.76]}},{"type":"Feature","properties":{"n":273},"geometry":{"type":"Point","coordinates":[-89.32,29.875]}},{"type":"Feature","properties":{"n":15},"geometry":{"type":"Point","coordinates":[-90.54,29.21]}},{"type":"Feature","properties":{"n":60},"geometry":{"type":"Point","coordinates":[-89.895,29.505]}},{"type":"Feature","properties":{"n":151},"geometry":{"type":"Point","coordinates":[-90.14,29.35]}},{"type":"Feature","properties":{"n":281},"geometry":{"type":"Point","coordinates":[-89.49,29.305]}},{"type":"Feature","properties":{"n":201},"geometry":{"type":"Point","coordinates":[-89.585,29.28]}},{"type":"Feature","properties":{"n":64},"geometry":{"type":"Point","coordinates":[-90.665,29.37]}},{"type":"Feature","properties":{"n":856},"geometry":{"type":"Point","coordinates":[-90.61,29.32]}},{"type":"Feature","properties":{"n":403},"geometry":{"type":"Point","coordinates":[-89.37,29.995]}},{"type":"Feature","properties":{"n":309},"geometry":{"type":"Point","coordinates":[-89.515,29.26]}},{"type":"Feature","properties":{"n":76},"geometry":{"type":"Point","coordinates":[-92.045,29.535]}},{"type":"Feature","properties":{"n":27},"geometry":{"type":"Point","coordinates":[-90.665,29.19]}},{"type":"Feature","properties":{"n":35},"geometry":{"type":"Point","coordinates":[-89.72,29.375]}},{"type":"Feature","properties":{"n":16},"geometry":{"type":"Point","coordinates":[-90.82,29.17]}},{"type":"Feature","properties":{"n":19},"geometry":{"type":"Point","coordinates":[-89.84,30.025]}},{"type":"Feature","properties":{"n":68},"geometry":{"type":"Point","coordinates":[-97.015,28.095]}},{"type":"Feature","properties":{"n":29},"geometry":{"type":"Point","coordinates":[-90.755,29.165]}},{"type":"Feature","properties":{"n":3},"geometry":{"type":"Point","coordinates":[-90.28,29.295]}},{"type":"Feature","properties":{"n":23},"geometry":{"type":"Point","coordinates":[-90.605,29.235]}},{"type":"Feature","properties":{"n":27},"geometry":{"type":"Point","coordinates":[-89.825,29.41]}},{"type":"Feature","properties":{"n":126},"geometry":{"type":"Point","coordinates":[-90.825,29.115]}},{"type":"Feature","properties":{"n":613},"geometry":{"type":"Point","coordinates":[-89.55,29.71]}},{"type":"Feature","properties":{"n":4},"geometry":{"type":"Point","coordinates":[-94.865,29.445]}},{"type":"Feature","properties":{"n":16},"geometry":{"type":"Point","coordinates":[-91.165,29.24]}},{"type":"Feature","properties":{"n":234},"geometry":{"type":"Point","coordinates":[-89.24,30.01]}},{"type":"Feature","properties":{"n":87},"geometry":{"type":"Point","coordinates":[-89.445,29.85]}},{"type":"Feature","properties":{"n":317},"geometry":{"type":"Point","coordinates":[-76.015,38.58]}},{"type":"Feature","properties":{"n":54},"geometry":{"type":"Point","coordinates":[-90.815,29.115]}},{"type":"Feature","properties":{"n":58},"geometry":{"type":"Point","coordinates":[-89.57,29.315]}},{"type":"Feature","properties":{"n":102},"geometry":{"type":"Point","coordinates":[-90.775,29.19]}},{"type":"Feature","properties":{"n":228},"geometry":{"type":"Point","coordinates":[-91.005,29.245]}},{"type":"Feature","properties":{"n":162},"geometry":{"type":"Point","coordinates":[-90.66,29.34]}},{"type":"Feature","properties":{"n":99},"geometry":{"type":"Point","coordinates":[-91.89,29.47]}},{"type":"Feature","properties":{"n":518},"geometry":{"type":"Point","coordinates":[-89.98,29.435]}},{"type":"Feature","properties":{"n":15},"geometry":{"type":"Point","coordinates":[-91.145,29.265]}},{"type":"Feature","properties":{"n":197},"geometry":{"type":"Point","coordinates":[-89.69,29.37]}},{"type":"Feature","properties":{"n":169},"geometry":{"type":"Point","coordinates":[-89.31,29.915]}},{"type":"Feature","properties":{"n":967},"geometry":{"type":"Point","coordinates":[-89.38,30.03]}},{"type":"Feature","properties":{"n":653},"geometry":{"type":"Point","coordinates":[-89.285,30.0]}},{"type":"Feature","properties":{"n":44},"geometry":{"type":"Point","coordinates":[-89.345,29.975]}},{"type":"Feature","properties":{"n":78},"geometry":{"type":"Point","coordinates":[-89.49,29.765]}},{"type":"Feature","properties":{"n":26},"geometry":{"type":"Point","coordinates":[-89.37,29.965]}},{"type":"Feature","properties":{"n":5},"geometry":{"type":"Point","coordinates":[-76.55,38.05]}},{"type":"Feature","properties":{"n":145},"geometry":{"type":"Point","coordinates":[-90.845,29.13]}},{"type":"Feature","properties":{"n":18},"geometry":{"type":"Point","coordinates":[-89.425,29.895]}},{"type":"Feature","properties":{"n":78},"geometry":{"type":"Point","coordinates":[-92.005,29.545]}},{"type":"Feature","properties":{"n":141},"geometry":{"type":"Point","coordinates":[-89.205,30.065]}},{"type":"Feature","properties":{"n":288},"geometry":{"type":"Point","coordinates":[-94.785,29.53]}},{"type":"Feature","properties":{"n":18},"geometry":{"type":"Point","coordinates":[-89.645,29.715]}},{"type":"Feature","properties":{"n":38},"geometry":{"type":"Point","coordinates":[-91.885,29.48]}},{"type":"Feature","properties":{"n":514},"geometry":{"type":"Point","coordinates":[-90.745,29.245]}},{"type":"Feature","properties":{"n":52},"geometry":{"type":"Point","coordinates":[-94.88,29.455]}},{"type":"Feature","properties":{"n":693},"geometry":{"type":"Point","coordinates":[-89.53,29.31]}},{"type":"Feature","properties":{"n":139},"geometry":{"type":"Point","coordinates":[-89.535,29.315]}},{"type":"Feature","properties":{"n":806},"geometry":{"type":"Point","coordinates":[-89.715,29.45]}},{"type":"Feature","properties":{"n":216},"geometry":{"type":"Point","coordinates":[-92.015,29.535]}},{"type":"Feature","properties":{"n":1},"geometry":{"type":"Point","coordinates":[-96.67,28.265]}},{"type":"Feature","properties":{"n":69},"geometry":{"type":"Point","coordinates":[-97.085,28.16]}},{"type":"Feature","properties":{"n":12},"geometry":{"type":"Point","coordinates":[-90.74,29.165]}},{"type":"Feature","properties":{"n":314},"geometry":{"type":"Point","coordinates":[-89.235,29.955]}},{"type":"Feature","properties":{"n":101},"geometry":{"type":"Point","coordinates":[-90.835,29.22]}},{"type":"Feature","properties":{"n":18},"geometry":{"type":"Point","coordinates":[-90.115,29.37]}},{"type":"Feature","properties":{"n":112},"geometry":{"type":"Point","coordinates":[-90.17,29.295]}},{"type":"Feature","properties":{"n":37},"geometry":{"type":"Point","coordinates":[-90.51,29.405]}},{"type":"Feature","properties":{"n":28},"geometry":{"type":"Point","coordinates":[-89.485,30.005]}},{"type":"Feature","properties":{"n":4},"geometry":{"type":"Point","coordinates":[-90.75,29.1]}},{"type":"Feature","properties":{"n":16},"geometry":{"type":"Point","coordinates":[-94.905,29.535]}},{"type":"Feature","properties":{"n":49},"geometry":{"type":"Point","coordinates":[-90.665,29.185]}},{"type":"Feature","properties":{"n":489},"geometry":{"type":"Point","coordinates":[-90.855,29.2]}},{"type":"Feature","properties":{"n":7},"geometry":{"type":"Point","coordinates":[-89.535,29.715]}},{"type":"Feature","properties":{"n":172},"geometry":{"type":"Point","coordinates":[-90.465,29.41]}},{"type":"Feature","properties":{"n":522},"geometry":{"type":"Point","coordinates":[-89.52,29.81]}},{"type":"Feature","properties":{"n":4},"geometry":{"type":"Point","coordinates":[-90.8,29.15]}},{"type":"Feature","properties":{"n":363},"geometry":{"type":"Point","coordinates":[-90.735,29.255]}},{"type":"Feature","properties":{"n":348},"geometry":{"type":"Point","coordinates":[-90.755,29.25]}},{"type":"Feature","properties":{"n":6},"geometry":{"type":"Point","coordinates":[-90.445,29.26]}},{"type":"Feature","properties":{"n":275},"geometry":{"type":"Point","coordinates":[-89.395,29.965]}},{"type":"Feature","properties":{"n":405},"geometry":{"type":"Point","coordinates":[-90.625,29.305]}},{"type":"Feature","properties":{"n":351},"geometry":{"type":"Point","coordinates":[-90.255,29.295]}},{"type":"Feature","properties":{"n":267},"geometry":{"type":"Point","coordinates":[-96.72,28.315]}},{"type":"Feature","properties":{"n":102},"geometry":{"type":"Point","coordinates":[-90.685,29.155]}},{"type":"Feature","properties":{"n":285},"geometry":{"type":"Point","coordinates":[-90.315,29.275]}},{"type":"Feature","properties":{"n":55},"geometry":{"type":"Point","coordinates":[-89.38,29.89]}},{"type":"Feature","properties":{"n":56},"geometry":{"type":"Point","coordinates":[-89.745,29.42]}},{"type":"Feature","properties":{"n":12},"geometry":{"type":"Point","coordinates":[-89.5,29.83]}},{"type":"Feature","properties":{"n":4},"geometry":{"type":"Point","coordinates":[-90.225,29.28]}},{"type":"Feature","properties":{"n":45},"geometry":{"type":"Point","coordinates":[-92.095,29.56]}},{"type":"Feature","properties":{"n":147},"geometry":{"type":"Point","coordinates":[-89.455,29.975]}},{"type":"Feature","properties":{"n":168},"geometry":{"type":"Point","coordinates":[-94.795,29.49]}},{"type":"Feature","properties":{"n":309},"geometry":{"type":"Point","coordinates":[-89.31,29.84]}},{"type":"Feature","properties":{"n":55},"geometry":{"type":"Point","coordinates":[-89.67,29.4]}},{"type":"Feature","properties":{"n":73},"geometry":{"type":"Point","coordinates":[-89.35,29.855]}},{"type":"Feature","properties":{"n":37},"geometry":{"type":"Point","coordinates":[-89.625,29.425]}},{"type":"Feature","properties":{"n":184},"geometry":{"type":"Point","coordinates":[-89.72,29.37]}},{"type":"Feature","properties":{"n":73},"geometry":{"type":"Point","coordinates":[-90.935,29.285]}},{"type":"Feature","properties":{"n":265},"geometry":{"type":"Point","coordinates":[-94.675,29.495]}},{"type":"Feature","properties":{"n":26},"geometry":{"type":"Point","coordinates":[-90.52,29.305]}},{"type":"Feature","properties":{"n":187},"geometry":{"type":"Point","coordinates":[-89.695,29.37]}},{"type":"Feature","properties":{"n":23},"geometry":{"type":"Point","coordinates":[-90.645,29.205]}},{"type":"Feature","properties":{"n":207},"geometry":{"type":"Point","coordinates":[-75.87,38.21]}},{"type":"Feature","properties":{"n":186},"geometry":{"type":"Point","coordinates":[-90.68,29.24]}},{"type":"Feature","properties":{"n":246},"geometry":{"type":"Point","coordinates":[-89.765,29.47]}},{"type":"Feature","properties":{"n":71},"geometry":{"type":"Point","coordinates":[-90.68,29.37]}},{"type":"Feature","properties":{"n":644},"geometry":{"type":"Point","coordinates":[-90.805,29.25]}},{"type":"Feature","properties":{"n":7},"geometry":{"type":"Point","coordinates":[-90.525,29.43]}},{"type":"Feature","properties":{"n":40},"geometry":{"type":"Point","coordinates":[-90.9,29.215]}},{"type":"Feature","properties":{"n":43},"geometry":{"type":"Point","coordinates":[-96.705,28.22]}},{"type":"Feature","properties":{"n":110},"geometry":{"type":"Point","coordinates":[-89.255,30.075]}},{"type":"Feature","properties":{"n":1},"geometry":{"type":"Point","coordinates":[-92.0,29.54]}},{"type":"Feature","properties":{"n":171},"geometry":{"type":"Point","coordinates":[-89.625,29.93]}},{"type":"Feature","properties":{"n":159},"geometry":{"type":"Point","coordinates":[-89.7,29.465]}},{"type":"Feature","properties":{"n":493},"geometry":{"type":"Point","coordinates":[-89.285,29.99]}},{"type":"Feature","properties":{"n":2},"geometry":{"type":"Point","coordinates":[-89.495,29.26]}},{"type":"Feature","properties":{"n":40},"geometry":{"type":"Point","coordinates":[-89.685,29.335]}},{"type":"Feature","properties":{"n":173},"geometry":{"type":"Point","coordinates":[-89.665,29.36]}},{"type":"Feature","properties":{"n":181},"geometry":{"type":"Point","coordinates":[-90.66,29.225]}},{"type":"Feature","properties":{"n":217},"geometry":{"type":"Point","coordinates":[-90.47,29.39]}},{"type":"Feature","properties":{"n":213},"geometry":{"type":"Point","coordinates":[-90.475,29.39]}},{"type":"Feature","properties":{"n":319},"geometry":{"type":"Point","coordinates":[-89.235,29.985]}},{"type":"Feature","properties":{"n":45},"geometry":{"type":"Point","coordinates":[-90.83,29.13]}},{"type":"Feature","properties":{"n":462},"geometry":{"type":"Point","coordinates":[-90.725,29.155]}},{"type":"Feature","properties":{"n":30},"geometry":{"type":"Point","coordinates":[-94.895,29.475]}},{"type":"Feature","properties":{"n":3},"geometry":{"type":"Point","coordinates":[-76.02,38.335]}},{"type":"Feature","properties":{"n":160},"geometry":{"type":"Point","coordinates":[-89.785,29.455]}},{"type":"Feature","properties":{"n":92},"geometry":{"type":"Point","coordinates":[-89.445,29.805]}},{"type":"Feature","properties":{"n":4},"geometry":{"type":"Point","coordinates":[-90.53,29.42]}},{"type":"Feature","properties":{"n":100},"geometry":{"type":"Point","coordinates":[-90.42,29.36]}},{"type":"Feature","properties":{"n":395},"geometry":{"type":"Point","coordinates":[-90.62,29.315]}},{"type":"Feature","properties":{"n":172},"geometry":{"type":"Point","coordinates":[-91.15,29.25]}},{"type":"Feature","properties":{"n":14},"geometry":{"type":"Point","coordinates":[-89.51,29.71]}},{"type":"Feature","properties":{"n":118},"geometry":{"type":"Point","coordinates":[-89.42,29.775]}},{"type":"Feature","properties":{"n":406},"geometry":{"type":"Point","coordinates":[-90.78,29.205]}},{"type":"Feature","properties":{"n":5},"geometry":{"type":"Point","coordinates":[-90.29,29.26]}},{"type":"Feature","properties":{"n":58},"geometry":{"type":"Point","coordinates":[-90.82,29.195]}},{"type":"Feature","properties":{"n":55},"geometry":{"type":"Point","coordinates":[-94.935,29.26]}},{"type":"Feature","properties":{"n":277},"geometry":{"type":"Point","coordinates":[-89.605,29.705]}},{"type":"Feature","properties":{"n":11},"geometry":{"type":"Point","coordinates":[-90.55,29.325]}},{"type":"Feature","properties":{"n":32},"geometry":{"type":"Point","coordinates":[-90.565,29.385]}},{"type":"Feature","properties":{"n":163},"geometry":{"type":"Point","coordinates":[-90.675,29.335]}},{"type":"Feature","properties":{"n":175},"geometry":{"type":"Point","coordinates":[-89.42,29.87]}},{"type":"Feature","properties":{"n":93},"geometry":{"type":"Point","coordinates":[-90.675,29.33]}},{"type":"Feature","properties":{"n":292},"geometry":{"type":"Point","coordinates":[-90.625,29.31]}},{"type":"Feature","properties":{"n":11},"geometry":{"type":"Point","coordinates":[-90.65,29.18]}},{"type":"Feature","properties":{"n":99},"geometry":{"type":"Point","coordinates":[-89.46,29.215]}},{"type":"Feature","properties":{"n":15},"geometry":{"type":"Point","coordinates":[-94.885,29.495]}},{"type":"Feature","properties":{"n":71},"geometry":{"type":"Point","coordinates":[-89.32,29.845]}},{"type":"Feature","properties":{"n":224},"geometry":{"type":"Point","coordinates":[-89.345,29.92]}},{"type":"Feature","properties":{"n":575},"geometry":{"type":"Point","coordinates":[-89.245,30.03]}},{"type":"Feature","properties":{"n":242},"geometry":{"type":"Point","coordinates":[-75.91,38.235]}},{"type":"Feature","properties":{"n":853},"geometry":{"type":"Point","coordinates":[-90.555,29.375]}},{"type":"Feature","properties":{"n":150},"geometry":{"type":"Point","coordinates":[-90.54,29.39]}},{"type":"Feature","properties":{"n":445},"geometry":{"type":"Point","coordinates":[-89.25,30.0]}},{"type":"Feature","properties":{"n":38},"geometry":{"type":"Point","coordinates":[-89.97,29.315]}},{"type":"Feature","properties":{"n":1},"geometry":{"type":"Point","coordinates":[-90.005,29.405]}},{"type":"Feature","properties":{"n":88},"geometry":{"type":"Point","coordinates":[-90.95,29.265]}},{"type":"Feature","properties":{"n":115},"geometry":{"type":"Point","coordinates":[-89.345,29.995]}},{"type":"Feature","properties":{"n":211},"geometry":{"type":"Point","coordinates":[-89.235,30.095]}},{"type":"Feature","properties":{"n":17},"geometry":{"type":"Point","coordinates":[-90.605,29.21]}},{"type":"Feature","properties":{"n":66},"geometry":{"type":"Point","coordinates":[-89.28,30.04]}},{"type":"Feature","properties":{"n":171},"geometry":{"type":"Point","coordinates":[-94.7,29.48]}},{"type":"Feature","properties":{"n":622},"geometry":{"type":"Point","coordinates":[-90.72,29.21]}},{"type":"Feature","properties":{"n":271},"geometry":{"type":"Point","coordinates":[-90.195,29.295]}},{"type":"Feature","properties":{"n":23},"geometry":{"type":"Point","coordinates":[-90.56,29.415]}},{"type":"Feature","properties":{"n":28},"geometry":{"type":"Point","coordinates":[-90.625,29.34]}},{"type":"Feature","properties":{"n":391},"geometry":{"type":"Point","coordinates":[-90.75,29.245]}},{"type":"Feature","properties":{"n":157},"geometry":{"type":"Point","coordinates":[-89.5,29.3]}},{"type":"Feature","properties":{"n":168},"geometry":{"type":"Point","coordinates":[-90.935,29.275]}},{"type":"Feature","properties":{"n":173},"geometry":{"type":"Point","coordinates":[-89.325,29.87]}},{"type":"Feature","properties":{"n":77},"geometry":{"type":"Point","coordinates":[-89.835,29.455]}},{"type":"Feature","properties":{"n":17},"geometry":{"type":"Point","coordinates":[-96.975,28.09]}},{"type":"Feature","properties":{"n":129},"geometry":{"type":"Point","coordinates":[-89.825,29.47]}},{"type":"Feature","properties":{"n":39},"geometry":{"type":"Point","coordinates":[-89.775,29.51]}},{"type":"Feature","properties":{"n":150},"geometry":{"type":"Point","coordinates":[-90.8,29.19]}},{"type":"Feature","properties":{"n":95},"geometry":{"type":"Point","coordinates":[-90.76,29.235]}},{"type":"Feature","properties":{"n":403},"geometry":{"type":"Point","coordinates":[-89.71,29.47]}},{"type":"Feature","properties":{"n":1},"geometry":{"type":"Point","coordinates":[-96.98,28.08]}},{"type":"Feature","properties":{"n":81},"geometry":{"type":"Point","coordinates":[-91.855,29.49]}},{"type":"Feature","properties":{"n":210},"geometry":{"type":"Point","coordinates":[-90.54,29.335]}},{"type":"Feature","properties":{"n":9},"geometry":{"type":"Point","coordinates":[-90.625,29.21]}},{"type":"Feature","properties":{"n":109},"geometry":{"type":"Point","coordinates":[-89.375,29.915]}},{"type":"Feature","properties":{"n":228},"geometry":{"type":"Point","coordinates":[-89.62,29.34]}},{"type":"Feature","properties":{"n":49},"geometry":{"type":"Point","coordinates":[-90.785,29.24]}},{"type":"Feature","properties":{"n":173},"geometry":{"type":"Point","coordinates":[-89.39,29.965]}},{"type":"Feature","properties":{"n":206},"geometry":{"type":"Point","coordinates":[-94.905,29.505]}},{"type":"Feature","properties":{"n":317},"geometry":{"type":"Point","coordinates":[-89.685,29.405]}},{"type":"Feature","properties":{"n":84},"geometry":{"type":"Point","coordinates":[-90.595,29.295]}},{"type":"Feature","properties":{"n":9},"geometry":{"type":"Point","coordinates":[-89.305,29.955]}},{"type":"Feature","properties":{"n":271},"geometry":{"type":"Point","coordinates":[-89.755,29.345]}},{"type":"Feature","properties":{"n":1568},"geometry":{"type":"Point","coordinates":[-76.065,38.225]}},{"type":"Feature","properties":{"n":235},"geometry":{"type":"Point","coordinates":[-89.455,29.76]}},{"type":"Feature","properties":{"n":11},"geometry":{"type":"Point","coordinates":[-89.825,29.46]}},{"type":"Feature","properties":{"n":114},"geometry":{"type":"Point","coordinates":[-89.215,30.135]}},{"type":"Feature","properties":{"n":6},"geometry":{"type":"Point","coordinates":[-96.99,28.12]}},{"type":"Feature","properties":{"n":354},"geometry":{"type":"Point","coordinates":[-94.67,29.49]}},{"type":"Feature","properties":{"n":36},"geometry":{"type":"Point","coordinates":[-89.465,29.99]}},{"type":"Feature","properties":{"n":27},"geometry":{"type":"Point","coordinates":[-89.345,29.88]}},{"type":"Feature","properties":{"n":1},"geometry":{"type":"Point","coordinates":[-89.73,29.415]}},{"type":"Feature","properties":{"n":62},"geometry":{"type":"Point","coordinates":[-89.68,29.405]}},{"type":"Feature","properties":{"n":716},"geometry":{"type":"Point","coordinates":[-96.705,28.225]}},{"type":"Feature","properties":{"n":73},"geometry":{"type":"Point","coordinates":[-89.675,29.44]}},{"type":"Feature","properties":{"n":34},"geometry":{"type":"Point","coordinates":[-94.685,29.515]}},{"type":"Feature","properties":{"n":936},"geometry":{"type":"Point","coordinates":[-89.6,29.31]}},{"type":"Feature","properties":{"n":584},"geometry":{"type":"Point","coordinates":[-90.13,29.34]}},{"type":"Feature","properties":{"n":35},"geometry":{"type":"Point","coordinates":[-89.48,29.815]}},{"type":"Feature","properties":{"n":1},"geometry":{"type":"Point","coordinates":[-96.965,28.08]}},{"type":"Feature","properties":{"n":368},"geometry":{"type":"Point","coordinates":[-90.52,29.355]}},{"type":"Feature","properties":{"n":354},"geometry":{"type":"Point","coordinates":[-90.21,29.29]}},{"type":"Feature","properties":{"n":122},"geometry":{"type":"Point","coordinates":[-94.85,29.49]}},{"type":"Feature","properties":{"n":488},"geometry":{"type":"Point","coordinates":[-89.635,29.365]}},{"type":"Feature","properties":{"n":221},"geometry":{"type":"Point","coordinates":[-89.555,29.31]}},{"type":"Feature","properties":{"n":16},"geometry":{"type":"Point","coordinates":[-90.615,29.215]}},{"type":"Feature","properties":{"n":1},"geometry":{"type":"Point","coordinates":[-89.54,29.325]}},{"type":"Feature","properties":{"n":971},"geometry":{"type":"Point","coordinates":[-90.835,29.195]}},{"type":"Feature","properties":{"n":94},"geometry":{"type":"Point","coordinates":[-90.22,29.28]}},{"type":"Feature","properties":{"n":166},"geometry":{"type":"Point","coordinates":[-89.675,29.365]}},{"type":"Feature","properties":{"n":17},"geometry":{"type":"Point","coordinates":[-90.5,29.29]}},{"type":"Feature","properties":{"n":1265},"geometry":{"type":"Point","coordinates":[-75.86,38.215]}},{"type":"Feature","properties":{"n":535},"geometry":{"type":"Point","coordinates":[-94.88,29.435]}},{"type":"Feature","properties":{"n":42},"geometry":{"type":"Point","coordinates":[-90.87,29.26]}},{"type":"Feature","properties":{"n":37},"geometry":{"type":"Point","coordinates":[-90.16,29.38]}},{"type":"Feature","properties":{"n":74},"geometry":{"type":"Point","coordinates":[-89.42,29.74]}},{"type":"Feature","properties":{"n":225},"geometry":{"type":"Point","coordinates":[-90.595,29.255]}},{"type":"Feature","properties":{"n":93},"geometry":{"type":"Point","coordinates":[-90.605,29.305]}},{"type":"Feature","properties":{"n":318},"geometry":{"type":"Point","coordinates":[-94.695,29.475]}},{"type":"Feature","properties":{"n":769},"geometry":{"type":"Point","coordinates":[-89.585,29.29]}},{"type":"Feature","properties":{"n":142},"geometry":{"type":"Point","coordinates":[-90.675,29.34]}},{"type":"Feature","properties":{"n":132},"geometry":{"type":"Point","coordinates":[-89.675,29.37]}},{"type":"Feature","properties":{"n":17},"geometry":{"type":"Point","coordinates":[-90.81,29.185]}},{"type":"Feature","properties":{"n":446},"geometry":{"type":"Point","coordinates":[-89.28,29.94]}},{"type":"Feature","properties":{"n":659},"geometry":{"type":"Point","coordinates":[-89.555,29.355]}},{"type":"Feature","properties":{"n":71},"geometry":{"type":"Point","coordinates":[-89.545,29.805]}},{"type":"Feature","properties":{"n":16},"geometry":{"type":"Point","coordinates":[-89.865,29.475]}},{"type":"Feature","properties":{"n":131},"geometry":{"type":"Point","coordinates":[-91.835,29.445]}},{"type":"Feature","properties":{"n":65},"geometry":{"type":"Point","coordinates":[-91.84,29.48]}},{"type":"Feature","properties":{"n":40},"geometry":{"type":"Point","coordinates":[-91.915,29.51]}},{"type":"Feature","properties":{"n":800},"geometry":{"type":"Point","coordinates":[-94.875,29.61]}},{"type":"Feature","properties":{"n":234},"geometry":{"type":"Point","coordinates":[-89.74,29.44]}},{"type":"Feature","properties":{"n":382},"geometry":{"type":"Point","coordinates":[-89.695,29.44]}},{"type":"Feature","properties":{"n":1},"geometry":{"type":"Point","coordinates":[-89.625,29.94]}},{"type":"Feature","properties":{"n":8},"geometry":{"type":"Point","coordinates":[-89.54,29.25]}},{"type":"Feature","properties":{"n":9},"geometry":{"type":"Point","coordinates":[-90.65,29.17]}},{"type":"Feature","properties":{"n":46},"geometry":{"type":"Point","coordinates":[-94.735,29.475]}},{"type":"Feature","properties":{"n":14},"geometry":{"type":"Point","coordinates":[-90.69,29.355]}},{"type":"Feature","properties":{"n":128},"geometry":{"type":"Point","coordinates":[-89.225,29.995]}},{"type":"Feature","properties":{"n":239},"geometry":{"type":"Point","coordinates":[-90.27,29.3]}},{"type":"Feature","properties":{"n":495},"geometry":{"type":"Point","coordinates":[-90.185,29.3]}},{"type":"Feature","properties":{"n":98},"geometry":{"type":"Point","coordinates":[-96.945,28.065]}},{"type":"Feature","properties":{"n":355},"geometry":{"type":"Point","coordinates":[-96.725,28.295]}},{"type":"Feature","properties":{"n":12},"geometry":{"type":"Point","coordinates":[-89.91,29.52]}},{"type":"Feature","properties":{"n":181},"geometry":{"type":"Point","coordinates":[-89.49,29.3]}},{"type":"Feature","properties":{"n":12},"geometry":{"type":"Point","coordinates":[-90.675,29.125]}},{"type":"Feature","properties":{"n":15},"geometry":{"type":"Point","coordinates":[-94.8,29.56]}},{"type":"Feature","properties":{"n":136},"geometry":{"type":"Point","coordinates":[-90.68,29.345]}},{"type":"Feature","properties":{"n":732},"geometry":{"type":"Point","coordinates":[-75.93,38.27]}},{"type":"Feature","properties":{"n":74},"geometry":{"type":"Point","coordinates":[-90.22,29.3]}},{"type":"Feature","properties":{"n":353},"geometry":{"type":"Point","coordinates":[-89.335,29.92]}},{"type":"Feature","properties":{"n":298},"geometry":{"type":"Point","coordinates":[-89.735,29.36]}},{"type":"Feature","properties":{"n":183},"geometry":{"type":"Point","coordinates":[-90.6,29.36]}},{"type":"Feature","properties":{"n":509},"geometry":{"type":"Point","coordinates":[-90.69,29.275]}},{"type":"Feature","properties":{"n":460},"geometry":{"type":"Point","coordinates":[-90.75,29.25]}},{"type":"Feature","properties":{"n":549},"geometry":{"type":"Point","coordinates":[-90.185,29.29]}},{"type":"Feature","properties":{"n":85},"geometry":{"type":"Point","coordinates":[-90.725,29.185]}},{"type":"Feature","properties":{"n":15},"geometry":{"type":"Point","coordinates":[-91.865,29.505]}},{"type":"Feature","properties":{"n":895},"geometry":{"type":"Point","coordinates":[-90.745,29.235]}},{"type":"Feature","properties":{"n":71},"geometry":{"type":"Point","coordinates":[-90.325,29.37]}},{"type":"Feature","properties":{"n":123},"geometry":{"type":"Point","coordinates":[-91.895,29.46]}},{"type":"Feature","properties":{"n":73},"geometry":{"type":"Point","coordinates":[-90.715,29.15]}},{"type":"Feature","properties":{"n":189},"geometry":{"type":"Point","coordinates":[-90.77,29.215]}},{"type":"Feature","properties":{"n":239},"geometry":{"type":"Point","coordinates":[-89.7,29.325]}},{"type":"Feature","properties":{"n":24},"geometry":{"type":"Point","coordinates":[-91.16,29.245]}},{"type":"Feature","properties":{"n":11},"geometry":{"type":"Point","coordinates":[-90.81,29.17]}},{"type":"Feature","properties":{"n":374},"geometry":{"type":"Point","coordinates":[-89.715,29.34]}},{"type":"Feature","properties":{"n":42},"geometry":{"type":"Point","coordinates":[-89.395,29.92]}},{"type":"Feature","properties":{"n":18},"geometry":{"type":"Point","coordinates":[-90.88,29.265]}},{"type":"Feature","properties":{"n":120},"geometry":{"type":"Point","coordinates":[-89.28,29.955]}},{"type":"Feature","properties":{"n":131},"geometry":{"type":"Point","coordinates":[-89.5,29.24]}},{"type":"Feature","properties":{"n":2},"geometry":{"type":"Point","coordinates":[-89.5,29.835]}},{"type":"Feature","properties":{"n":36},"geometry":{"type":"Point","coordinates":[-97.0,28.085]}},{"type":"Feature","properties":{"n":4},"geometry":{"type":"Point","coordinates":[-90.695,29.365]}},{"type":"Feature","properties":{"n":313},"geometry":{"type":"Point","coordinates":[-90.32,29.375]}},{"type":"Feature","properties":{"n":5},"geometry":{"type":"Point","coordinates":[-89.89,29.525]}},{"type":"Feature","properties":{"n":5},"geometry":{"type":"Point","coordinates":[-75.85,38.245]}},{"type":"Feature","properties":{"n":206},"geometry":{"type":"Point","coordinates":[-90.795,29.2]}},{"type":"Feature","properties":{"n":138},"geometry":{"type":"Point","coordinates":[-89.38,30.005]}},{"type":"Feature","properties":{"n":223},"geometry":{"type":"Point","coordinates":[-89.285,30.04]}},{"type":"Feature","properties":{"n":538},"geometry":{"type":"Point","coordinates":[-94.81,29.52]}},{"type":"Feature","properties":{"n":8},"geometry":{"type":"Point","coordinates":[-89.905,29.445]}},{"type":"Feature","properties":{"n":249},"geometry":{"type":"Point","coordinates":[-96.48,28.61]}},{"type":"Feature","properties":{"n":58},"geometry":{"type":"Point","coordinates":[-90.585,29.345]}},{"type":"Feature","properties":{"n":376},"geometry":{"type":"Point","coordinates":[-90.525,29.38]}},{"type":"Feature","properties":{"n":5},"geometry":{"type":"Point","coordinates":[-90.51,29.385]}},{"type":"Feature","properties":{"n":14},"geometry":{"type":"Point","coordinates":[-94.87,29.615]}},{"type":"Feature","properties":{"n":15},"geometry":{"type":"Point","coordinates":[-90.92,29.155]}},{"type":"Feature","properties":{"n":25},"geometry":{"type":"Point","coordinates":[-89.535,29.725]}},{"type":"Feature","properties":{"n":509},"geometry":{"type":"Point","coordinates":[-89.325,29.96]}},{"type":"Feature","properties":{"n":295},"geometry":{"type":"Point","coordinates":[-75.88,38.225]}},{"type":"Feature","properties":{"n":4},"geometry":{"type":"Point","coordinates":[-91.055,29.205]}},{"type":"Feature","properties":{"n":189},"geometry":{"type":"Point","coordinates":[-90.665,29.285]}},{"type":"Feature","properties":{"n":7},"geometry":{"type":"Point","coordinates":[-89.24,30.045]}},{"type":"Feature","properties":{"n":10},"geometry":{"type":"Point","coordinates":[-89.295,29.93]}},{"type":"Feature","properties":{"n":12},"geometry":{"type":"Point","coordinates":[-89.805,29.455]}},{"type":"Feature","properties":{"n":23},"geometry":{"type":"Point","coordinates":[-90.55,29.23]}},{"type":"Feature","properties":{"n":254},"geometry":{"type":"Point","coordinates":[-90.845,29.24]}},{"type":"Feature","properties":{"n":86},"geometry":{"type":"Point","coordinates":[-89.565,29.305]}},{"type":"Feature","properties":{"n":472},"geometry":{"type":"Point","coordinates":[-90.745,29.13]}},{"type":"Feature","properties":{"n":399},"geometry":{"type":"Point","coordinates":[-89.685,29.415]}},{"type":"Feature","properties":{"n":800},"geometry":{"type":"Point","coordinates":[-89.585,29.33]}},{"type":"Feature","properties":{"n":53},"geometry":{"type":"Point","coordinates":[-90.825,29.185]}},{"type":"Feature","properties":{"n":643},"geometry":{"type":"Point","coordinates":[-94.745,29.475]}},{"type":"Feature","properties":{"n":41},"geometry":{"type":"Point","coordinates":[-89.24,30.095]}},{"type":"Feature","properties":{"n":222},"geometry":{"type":"Point","coordinates":[-94.855,29.485]}},{"type":"Feature","properties":{"n":137},"geometry":{"type":"Point","coordinates":[-75.87,38.225]}},{"type":"Feature","properties":{"n":55},"geometry":{"type":"Point","coordinates":[-90.675,29.25]}},{"type":"Feature","properties":{"n":57},"geometry":{"type":"Point","coordinates":[-90.835,29.23]}},{"type":"Feature","properties":{"n":65},"geometry":{"type":"Point","coordinates":[-90.005,29.465]}},{"type":"Feature","properties":{"n":219},"geometry":{"type":"Point","coordinates":[-94.86,29.495]}},{"type":"Feature","properties":{"n":45},"geometry":{"type":"Point","coordinates":[-90.515,29.405]}},{"type":"Feature","properties":{"n":600},"geometry":{"type":"Point","coordinates":[-89.705,29.32]}},{"type":"Feature","properties":{"n":94},"geometry":{"type":"Point","coordinates":[-94.785,29.525]}},{"type":"Feature","properties":{"n":5},"geometry":{"type":"Point","coordinates":[-89.375,29.995]}},{"type":"Feature","properties":{"n":2},"geometry":{"type":"Point","coordinates":[-90.925,29.305]}},{"type":"Feature","properties":{"n":22},"geometry":{"type":"Point","coordinates":[-90.74,29.225]}},{"type":"Feature","properties":{"n":445},"geometry":{"type":"Point","coordinates":[-90.7,29.19]}},{"type":"Feature","properties":{"n":122},"geometry":{"type":"Point","coordinates":[-90.845,29.125]}},{"type":"Feature","properties":{"n":499},"geometry":{"type":"Point","coordinates":[-90.68,29.29]}},{"type":"Feature","properties":{"n":27},"geometry":{"type":"Point","coordinates":[-90.555,29.225]}},{"type":"Feature","properties":{"n":94},"geometry":{"type":"Point","coordinates":[-94.85,29.48]}},{"type":"Feature","properties":{"n":16},"geometry":{"type":"Point","coordinates":[-89.98,29.415]}},{"type":"Feature","properties":{"n":345},"geometry":{"type":"Point","coordinates":[-90.78,29.215]}},{"type":"Feature","properties":{"n":298},"geometry":{"type":"Point","coordinates":[-89.595,29.345]}},{"type":"Feature","properties":{"n":358},"geometry":{"type":"Point","coordinates":[-89.245,29.995]}},{"type":"Feature","properties":{"n":266},"geometry":{"type":"Point","coordinates":[-89.525,29.265]}},{"type":"Feature","properties":{"n":187},"geometry":{"type":"Point","coordinates":[-89.705,29.42]}},{"type":"Feature","properties":{"n":6},"geometry":{"type":"Point","coordinates":[-90.57,29.345]}},{"type":"Feature","properties":{"n":9},"geometry":{"type":"Point","coordinates":[-89.82,30.04]}},{"type":"Feature","properties":{"n":16},"geometry":{"type":"Point","coordinates":[-89.36,29.975]}},{"type":"Feature","properties":{"n":1555},"geometry":{"type":"Point","coordinates":[-90.85,29.215]}},{"type":"Feature","properties":{"n":32},"geometry":{"type":"Point","coordinates":[-90.555,29.22]}},{"type":"Feature","properties":{"n":144},"geometry":{"type":"Point","coordinates":[-90.78,29.22]}},{"type":"Feature","properties":{"n":3},"geometry":{"type":"Point","coordinates":[-90.5,29.405]}},{"type":"Feature","properties":{"n":376},"geometry":{"type":"Point","coordinates":[-89.34,29.825]}},{"type":"Feature","properties":{"n":2},"geometry":{"type":"Point","coordinates":[-89.855,30.01]}},{"type":"Feature","properties":{"n":159},"geometry":{"type":"Point","coordinates":[-90.705,29.18]}},{"type":"Feature","properties":{"n":313},"geometry":{"type":"Point","coordinates":[-90.865,29.115]}},{"type":"Feature","properties":{"n":814},"geometry":{"type":"Point","coordinates":[-89.915,29.47]}},{"type":"Feature","properties":{"n":63},"geometry":{"type":"Point","coordinates":[-89.74,29.325]}},{"type":"Feature","properties":{"n":531},"geometry":{"type":"Point","coordinates":[-89.435,29.765]}},{"type":"Feature","properties":{"n":77},"geometry":{"type":"Point","coordinates":[-91.845,29.48]}},{"type":"Feature","properties":{"n":1},"geometry":{"type":"Point","coordinates":[-95.045,29.505]}},{"type":"Feature","properties":{"n":133},"geometry":{"type":"Point","coordinates":[-76.02,38.315]}},{"type":"Feature","properties":{"n":57},"geometry":{"type":"Point","coordinates":[-90.345,29.325]}},{"type":"Feature","properties":{"n":169},"geometry":{"type":"Point","coordinates":[-89.42,29.915]}},{"type":"Feature","properties":{"n":238},"geometry":{"type":"Point","coordinates":[-90.795,29.18]}},{"type":"Feature","properties":{"n":174},"geometry":{"type":"Point","coordinates":[-90.26,29.26]}},{"type":"Feature","properties":{"n":161},"geometry":{"type":"Point","coordinates":[-90.655,29.25]}},{"type":"Feature","properties":{"n":29},"geometry":{"type":"Point","coordinates":[-89.73,29.42]}},{"type":"Feature","properties":{"n":1150},"geometry":{"type":"Point","coordinates":[-89.63,29.395]}},{"type":"Feature","properties":{"n":69},"geometry":{"type":"Point","coordinates":[-97.035,28.14]}},{"type":"Feature","properties":{"n":501},"geometry":{"type":"Point","coordinates":[-90.685,29.31]}},{"type":"Feature","properties":{"n":75},"geometry":{"type":"Point","coordinates":[-90.465,29.415]}},{"type":"Feature","properties":{"n":57},"geometry":{"type":"Point","coordinates":[-92.12,29.58]}},{"type":"Feature","properties":{"n":135},"geometry":{"type":"Point","coordinates":[-90.175,29.285]}},{"type":"Feature","properties":{"n":1037},"geometry":{"type":"Point","coordinates":[-89.36,29.995]}},{"type":"Feature","properties":{"n":109},"geometry":{"type":"Point","coordinates":[-89.295,29.96]}},{"type":"Feature","properties":{"n":15},"geometry":{"type":"Point","coordinates":[-89.215,30.015]}},{"type":"Feature","properties":{"n":44},"geometry":{"type":"Point","coordinates":[-90.825,29.17]}},{"type":"Feature","properties":{"n":1},"geometry":{"type":"Point","coordinates":[-90.015,30.38]}},{"type":"Feature","properties":{"n":47},"geometry":{"type":"Point","coordinates":[-91.98,29.51]}},{"type":"Feature","properties":{"n":482},"geometry":{"type":"Point","coordinates":[-89.315,29.98]}},{"type":"Feature","properties":{"n":13},"geometry":{"type":"Point","coordinates":[-89.6,29.73]}},{"type":"Feature","properties":{"n":65},"geometry":{"type":"Point","coordinates":[-90.695,29.15]}},{"type":"Feature","properties":{"n":25},"geometry":{"type":"Point","coordinates":[-90.605,29.23]}},{"type":"Feature","properties":{"n":227},"geometry":{"type":"Point","coordinates":[-89.34,29.925]}},{"type":"Feature","properties":{"n":111},"geometry":{"type":"Point","coordinates":[-90.415,29.38]}},{"type":"Feature","properties":{"n":233},"geometry":{"type":"Point","coordinates":[-90.62,29.29]}},{"type":"Feature","properties":{"n":107},"geometry":{"type":"Point","coordinates":[-90.41,29.38]}},{"type":"Feature","properties":{"n":131},"geometry":{"type":"Point","coordinates":[-90.15,29.385]}},{"type":"Feature","properties":{"n":174},"geometry":{"type":"Point","coordinates":[-91.845,29.47]}},{"type":"Feature","properties":{"n":431},"geometry":{"type":"Point","coordinates":[-90.73,29.24]}},{"type":"Feature","properties":{"n":12},"geometry":{"type":"Point","coordinates":[-89.65,29.595]}},{"type":"Feature","properties":{"n":19},"geometry":{"type":"Point","coordinates":[-90.1,29.375]}},{"type":"Feature","properties":{"n":572},"geometry":{"type":"Point","coordinates":[-90.605,29.315]}},{"type":"Feature","properties":{"n":8},"geometry":{"type":"Point","coordinates":[-90.84,29.125]}},{"type":"Feature","properties":{"n":8},"geometry":{"type":"Point","coordinates":[-90.885,29.225]}},{"type":"Feature","properties":{"n":3},"geometry":{"type":"Point","coordinates":[-89.315,29.96]}},{"type":"Feature","properties":{"n":262},"geometry":{"type":"Point","coordinates":[-94.865,29.635]}},{"type":"Feature","properties":{"n":67},"geometry":{"type":"Point","coordinates":[-89.485,29.27]}},{"type":"Feature","properties":{"n":256},"geometry":{"type":"Point","coordinates":[-90.8,29.2]}},{"type":"Feature","properties":{"n":192},"geometry":{"type":"Point","coordinates":[-89.415,29.895]}},{"type":"Feature","properties":{"n":126},"geometry":{"type":"Point","coordinates":[-91.85,29.445]}},{"type":"Feature","properties":{"n":25},"geometry":{"type":"Point","coordinates":[-90.575,29.27]}},{"type":"Feature","properties":{"n":1123},"geometry":{"type":"Point","coordinates":[-89.605,29.33]}},{"type":"Feature","properties":{"n":23},"geometry":{"type":"Point","coordinates":[-89.42,29.845]}},{"type":"Feature","properties":{"n":139},"geometry":{"type":"Point","coordinates":[-90.085,29.375]}},{"type":"Feature","properties":{"n":254},"geometry":{"type":"Point","coordinates":[-90.785,29.18]}},{"type":"Feature","properties":{"n":162},"geometry":{"type":"Point","coordinates":[-96.975,28.08]}},{"type":"Feature","properties":{"n":146},"geometry":{"type":"Point","coordinates":[-90.68,29.355]}},{"type":"Feature","properties":{"n":150},"geometry":{"type":"Point","coordinates":[-90.54,29.345]}},{"type":"Feature","properties":{"n":5},"geometry":{"type":"Point","coordinates":[-90.52,29.39]}},{"type":"Feature","properties":{"n":242},"geometry":{"type":"Point","coordinates":[-90.155,29.38]}},{"type":"Feature","properties":{"n":440},"geometry":{"type":"Point","coordinates":[-89.965,29.48]}},{"type":"Feature","properties":{"n":140},"geometry":{"type":"Point","coordinates":[-91.92,29.475]}},{"type":"Feature","properties":{"n":59},"geometry":{"type":"Point","coordinates":[-89.54,29.805]}},{"type":"Feature","properties":{"n":79},"geometry":{"type":"Point","coordinates":[-94.805,29.56]}},{"type":"Feature","properties":{"n":190},"geometry":{"type":"Point","coordinates":[-91.835,29.455]}},{"type":"Feature","properties":{"n":49},"geometry":{"type":"Point","coordinates":[-90.745,29.12]}},{"type":"Feature","properties":{"n":18},"geometry":{"type":"Point","coordinates":[-89.395,29.84]}},{"type":"Feature","properties":{"n":220},"geometry":{"type":"Point","coordinates":[-89.475,29.765]}},{"type":"Feature","properties":{"n":133},"geometry":{"type":"Point","coordinates":[-89.545,29.7]}},{"type":"Feature","properties":{"n":315},"geometry":{"type":"Point","coordinates":[-89.635,29.36]}},{"type":"Feature","properties":{"n":46},"geometry":{"type":"Point","coordinates":[-94.81,29.535]}},{"type":"Feature","properties":{"n":640},"geometry":{"type":"Point","coordinates":[-89.565,29.335]}},{"type":"Feature","properties":{"n":378},"geometry":{"type":"Point","coordinates":[-90.185,29.285]}},{"type":"Feature","properties":{"n":50},"geometry":{"type":"Point","coordinates":[-89.24,30.115]}},{"type":"Feature","properties":{"n":11},"geometry":{"type":"Point","coordinates":[-90.63,29.285]}},{"type":"Feature","properties":{"n":249},"geometry":{"type":"Point","coordinates":[-90.285,29.285]}},{"type":"Feature","properties":{"n":4},"geometry":{"type":"Point","coordinates":[-89.855,29.47]}},{"type":"Feature","properties":{"n":176},"geometry":{"type":"Point","coordinates":[-94.8,29.53]}},{"type":"Feature","properties":{"n":72},"geometry":{"type":"Point","coordinates":[-90.605,29.245]}},{"type":"Feature","properties":{"n":327},"geometry":{"type":"Point","coordinates":[-89.41,29.845]}},{"type":"Feature","properties":{"n":210},"geometry":{"type":"Point","coordinates":[-89.37,29.845]}},{"type":"Feature","properties":{"n":231},"geometry":{"type":"Point","coordinates":[-91.125,29.27]}},{"type":"Feature","properties":{"n":4},"geometry":{"type":"Point","coordinates":[-96.76,28.38]}},{"type":"Feature","properties":{"n":29},"geometry":{"type":"Point","coordinates":[-90.57,29.235]}},{"type":"Feature","properties":{"n":9},"geometry":{"type":"Point","coordinates":[-89.695,29.445]}},{"type":"Feature","properties":{"n":307},"geometry":{"type":"Point","coordinates":[-89.28,29.975]}},{"type":"Feature","properties":{"n":8},"geometry":{"type":"Point","coordinates":[-90.625,29.235]}},{"type":"Feature","properties":{"n":319},"geometry":{"type":"Point","coordinates":[-90.52,29.345]}},{"type":"Feature","properties":{"n":146},"geometry":{"type":"Point","coordinates":[-89.24,30.1]}},{"type":"Feature","properties":{"n":308},"geometry":{"type":"Point","coordinates":[-89.705,29.39]}},{"type":"Feature","properties":{"n":59},"geometry":{"type":"Point","coordinates":[-90.275,29.285]}},{"type":"Feature","properties":{"n":62},"geometry":{"type":"Point","coordinates":[-90.98,29.26]}},{"type":"Feature","properties":{"n":1},"geometry":{"type":"Point","coordinates":[-90.735,29.09]}},{"type":"Feature","properties":{"n":97},"geometry":{"type":"Point","coordinates":[-90.735,29.175]}},{"type":"Feature","properties":{"n":143},"geometry":{"type":"Point","coordinates":[-89.37,29.815]}},{"type":"Feature","properties":{"n":583},"geometry":{"type":"Point","coordinates":[-90.755,29.135]}},{"type":"Feature","properties":{"n":641},"geometry":{"type":"Point","coordinates":[-90.67,29.23]}},{"type":"Feature","properties":{"n":184},"geometry":{"type":"Point","coordinates":[-91.885,29.495]}},{"type":"Feature","properties":{"n":175},"geometry":{"type":"Point","coordinates":[-94.81,29.555]}},{"type":"Feature","properties":{"n":339},"geometry":{"type":"Point","coordinates":[-90.695,29.265]}},{"type":"Feature","properties":{"n":62},"geometry":{"type":"Point","coordinates":[-89.725,29.405]}},{"type":"Feature","properties":{"n":607},"geometry":{"type":"Point","coordinates":[-89.615,29.345]}},{"type":"Feature","properties":{"n":32},"geometry":{"type":"Point","coordinates":[-90.7,29.135]}},{"type":"Feature","properties":{"n":60},"geometry":{"type":"Point","coordinates":[-90.295,29.29]}},{"type":"Feature","properties":{"n":49},"geometry":{"type":"Point","coordinates":[-90.67,29.135]}},{"type":"Feature","properties":{"n":476},"geometry":{"type":"Point","coordinates":[-90.87,29.24]}},{"type":"Feature","properties":{"n":22},"geometry":{"type":"Point","coordinates":[-90.625,29.24]}},{"type":"Feature","properties":{"n":398},"geometry":{"type":"Point","coordinates":[-91.985,29.515]}},{"type":"Feature","properties":{"n":201},"geometry":{"type":"Point","coordinates":[-89.55,29.715]}},{"type":"Feature","properties":{"n":135},"geometry":{"type":"Point","coordinates":[-89.25,29.98]}},{"type":"Feature","properties":{"n":243},"geometry":{"type":"Point","coordinates":[-89.445,29.725]}},{"type":"Feature","properties":{"n":667},"geometry":{"type":"Point","coordinates":[-89.73,29.44]}},{"type":"Feature","properties":{"n":4},"geometry":{"type":"Point","coordinates":[-90.67,29.27]}},{"type":"Feature","properties":{"n":12},"geometry":{"type":"Point","coordinates":[-90.86,29.25]}},{"type":"Feature","properties":{"n":3},"geometry":{"type":"Point","coordinates":[-96.605,28.64]}},{"type":"Feature","properties":{"n":41},"geometry":{"type":"Point","coordinates":[-89.345,29.935]}},{"type":"Feature","properties":{"n":90},"geometry":{"type":"Point","coordinates":[-75.925,38.12]}},{"type":"Feature","properties":{"n":118},"geometry":{"type":"Point","coordinates":[-89.65,29.29]}},{"type":"Feature","properties":{"n":349},"geometry":{"type":"Point","coordinates":[-89.3,29.94]}},{"type":"Feature","properties":{"n":201},"geometry":{"type":"Point","coordinates":[-90.595,29.24]}},{"type":"Feature","properties":{"n":78},"geometry":{"type":"Point","coordinates":[-89.355,29.91]}},{"type":"Feature","properties":{"n":213},"geometry":{"type":"Point","coordinates":[-91.935,29.48]}},{"type":"Feature","properties":{"n":106},"geometry":{"type":"Point","coordinates":[-90.635,29.31]}},{"type":"Feature","properties":{"n":444},"geometry":{"type":"Point","coordinates":[-94.67,29.5]}},{"type":"Feature","properties":{"n":36},"geometry":{"type":"Point","coordinates":[-90.525,29.305]}},{"type":"Feature","properties":{"n":218},"geometry":{"type":"Point","coordinates":[-91.82,29.44]}},{"type":"Feature","properties":{"n":47},"geometry":{"type":"Point","coordinates":[-89.375,29.795]}},{"type":"Feature","properties":{"n":440},"geometry":{"type":"Point","coordinates":[-89.585,29.295]}},{"type":"Feature","properties":{"n":126},"geometry":{"type":"Point","coordinates":[-89.685,29.355]}},{"type":"Feature","properties":{"n":133},"geometry":{"type":"Point","coordinates":[-90.835,29.135]}},{"type":"Feature","properties":{"n":207},"geometry":{"type":"Point","coordinates":[-90.975,29.305]}},{"type":"Feature","properties":{"n":298},"geometry":{"type":"Point","coordinates":[-90.84,29.255]}},{"type":"Feature","properties":{"n":112},"geometry":{"type":"Point","coordinates":[-90.755,29.24]}},{"type":"Feature","properties":{"n":103},"geometry":{"type":"Point","coordinates":[-89.745,29.495]}},{"type":"Feature","properties":{"n":112},"geometry":{"type":"Point","coordinates":[-89.745,29.415]}},{"type":"Feature","properties":{"n":326},"geometry":{"type":"Point","coordinates":[-89.485,29.84]}},{"type":"Feature","properties":{"n":15},"geometry":{"type":"Point","coordinates":[-89.985,29.375]}},{"type":"Feature","properties":{"n":281},"geometry":{"type":"Point","coordinates":[-94.665,29.485]}},{"type":"Feature","properties":{"n":262},"geometry":{"type":"Point","coordinates":[-89.635,29.325]}},{"type":"Feature","properties":{"n":15},"geometry":{"type":"Point","coordinates":[-97.085,28.15]}},{"type":"Feature","properties":{"n":165},"geometry":{"type":"Point","coordinates":[-90.77,29.17]}},{"type":"Feature","properties":{"n":3},"geometry":{"type":"Point","coordinates":[-90.7,29.37]}},{"type":"Feature","properties":{"n":989},"geometry":{"type":"Point","coordinates":[-89.655,29.345]}},{"type":"Feature","properties":{"n":530},"geometry":{"type":"Point","coordinates":[-89.36,29.93]}},{"type":"Feature","properties":{"n":287},"geometry":{"type":"Point","coordinates":[-96.72,28.32]}},{"type":"Feature","properties":{"n":6},"geometry":{"type":"Point","coordinates":[-76.05,38.58]}},{"type":"Feature","properties":{"n":372},"geometry":{"type":"Point","coordinates":[-92.05,29.58]}},{"type":"Feature","properties":{"n":177},"geometry":{"type":"Point","coordinates":[-90.83,29.21]}},{"type":"Feature","properties":{"n":2},"geometry":{"type":"Point","coordinates":[-90.06,29.42]}},{"type":"Feature","properties":{"n":80},"geometry":{"type":"Point","coordinates":[-89.27,30.04]}},{"type":"Feature","properties":{"n":260},"geometry":{"type":"Point","coordinates":[-90.44,29.39]}},{"type":"Feature","properties":{"n":128},"geometry":{"type":"Point","coordinates":[-90.845,29.2]}},{"type":"Feature","properties":{"n":406},"geometry":{"type":"Point","coordinates":[-90.565,29.365]}},{"type":"Feature","properties":{"n":145},"geometry":{"type":"Point","coordinates":[-89.535,29.29]}},{"type":"Feature","properties":{"n":445},"geometry":{"type":"Point","coordinates":[-90.84,29.17]}},{"type":"Feature","properties":{"n":423},"geometry":{"type":"Point","coordinates":[-89.715,29.44]}},{"type":"Feature","properties":{"n":37},"geometry":{"type":"Point","coordinates":[-91.86,29.405]}},{"type":"Feature","properties":{"n":40},"geometry":{"type":"Point","coordinates":[-97.005,28.12]}},{"type":"Feature","properties":{"n":249},"geometry":{"type":"Point","coordinates":[-89.545,29.29]}},{"type":"Feature","properties":{"n":1},"geometry":{"type":"Point","coordinates":[-90.5,29.415]}},{"type":"Feature","properties":{"n":174},"geometry":{"type":"Point","coordinates":[-90.54,29.37]}},{"type":"Feature","properties":{"n":206},"geometry":{"type":"Point","coordinates":[-90.74,29.235]}},{"type":"Feature","properties":{"n":523},"geometry":{"type":"Point","coordinates":[-89.33,29.96]}},{"type":"Feature","properties":{"n":425},"geometry":{"type":"Point","coordinates":[-94.705,29.465]}},{"type":"Feature","properties":{"n":222},"geometry":{"type":"Point","coordinates":[-89.325,29.825]}},{"type":"Feature","properties":{"n":294},"geometry":{"type":"Point","coordinates":[-91.91,29.49]}},{"type":"Feature","properties":{"n":115},"geometry":{"type":"Point","coordinates":[-90.835,29.11]}},{"type":"Feature","properties":{"n":246},"geometry":{"type":"Point","coordinates":[-96.78,28.335]}},{"type":"Feature","properties":{"n":805},"geometry":{"type":"Point","coordinates":[-89.67,29.39]}},{"type":"Feature","properties":{"n":110},"geometry":{"type":"Point","coordinates":[-92.045,29.565]}},{"type":"Feature","properties":{"n":14},"geometry":{"type":"Point","coordinates":[-90.625,29.315]}},{"type":"Feature","properties":{"n":10},"geometry":{"type":"Point","coordinates":[-90.64,29.195]}},{"type":"Feature","properties":{"n":331},"geometry":{"type":"Point","coordinates":[-90.435,29.345]}},{"type":"Feature","properties":{"n":11},"geometry":{"type":"Point","coordinates":[-89.74,29.41]}},{"type":"Feature","properties":{"n":283},"geometry":{"type":"Point","coordinates":[-94.81,29.525]}},{"type":"Feature","properties":{"n":620},"geometry":{"type":"Point","coordinates":[-94.715,29.465]}},{"type":"Feature","properties":{"n":229},"geometry":{"type":"Point","coordinates":[-90.86,29.26]}},{"type":"Feature","properties":{"n":183},"geometry":{"type":"Point","coordinates":[-90.72,29.175]}},{"type":"Feature","properties":{"n":159},"geometry":{"type":"Point","coordinates":[-90.415,29.365]}},{"type":"Feature","properties":{"n":198},"geometry":{"type":"Point","coordinates":[-89.505,29.31]}},{"type":"Feature","properties":{"n":221},"geometry":{"type":"Point","coordinates":[-76.085,38.245]}},{"type":"Feature","properties":{"n":282},"geometry":{"type":"Point","coordinates":[-96.72,28.275]}},{"type":"Feature","properties":{"n":69},"geometry":{"type":"Point","coordinates":[-90.975,29.31]}},{"type":"Feature","properties":{"n":23},"geometry":{"type":"Point","coordinates":[-90.315,29.33]}},{"type":"Feature","properties":{"n":301},"geometry":{"type":"Point","coordinates":[-89.235,29.99]}},{"type":"Feature","properties":{"n":6},"geometry":{"type":"Point","coordinates":[-89.9,29.505]}},{"type":"Feature","properties":{"n":10},"geometry":{"type":"Point","coordinates":[-90.675,29.32]}},{"type":"Feature","properties":{"n":311},"geometry":{"type":"Point","coordinates":[-89.4,29.815]}},{"type":"Feature","properties":{"n":7},"geometry":{"type":"Point","coordinates":[-96.575,28.31]}},{"type":"Feature","properties":{"n":830},"geometry":{"type":"Point","coordinates":[-76.18,38.7]}},{"type":"Feature","properties":{"n":10},"geometry":{"type":"Point","coordinates":[-90.135,29.365]}},{"type":"Feature","properties":{"n":46},"geometry":{"type":"Point","coordinates":[-90.62,29.275]}},{"type":"Feature","properties":{"n":116},"geometry":{"type":"Point","coordinates":[-94.79,29.545]}},{"type":"Feature","properties":{"n":179},"geometry":{"type":"Point","coordinates":[-94.84,29.48]}},{"type":"Feature","properties":{"n":3},"geometry":{"type":"Point","coordinates":[-90.875,29.195]}},{"type":"Feature","properties":{"n":39},"geometry":{"type":"Point","coordinates":[-90.58,29.35]}},{"type":"Feature","properties":{"n":601},"geometry":{"type":"Point","coordinates":[-90.71,29.21]}},{"type":"Feature","properties":{"n":81},"geometry":{"type":"Point","coordinates":[-90.415,29.26]}},{"type":"Feature","properties":{"n":2},"geometry":{"type":"Point","coordinates":[-89.525,29.235]}},{"type":"Feature","properties":{"n":1},"geometry":{"type":"Point","coordinates":[-89.49,29.725]}},{"type":"Feature","properties":{"n":19},"geometry":{"type":"Point","coordinates":[-90.955,29.275]}},{"type":"Feature","properties":{"n":20},"geometry":{"type":"Point","coordinates":[-90.62,29.22]}},{"type":"Feature","properties":{"n":18},"geometry":{"type":"Point","coordinates":[-91.855,29.44]}},{"type":"Feature","properties":{"n":376},"geometry":{"type":"Point","coordinates":[-89.24,29.955]}},{"type":"Feature","properties":{"n":21},"geometry":{"type":"Point","coordinates":[-90.545,29.285]}},{"type":"Feature","properties":{"n":119},"geometry":{"type":"Point","coordinates":[-89.245,30.115]}},{"type":"Feature","properties":{"n":263},"geometry":{"type":"Point","coordinates":[-89.355,29.9]}},{"type":"Feature","properties":{"n":25},"geometry":{"type":"Point","coordinates":[-91.875,29.49]}},{"type":"Feature","properties":{"n":353},"geometry":{"type":"Point","coordinates":[-89.315,29.93]}},{"type":"Feature","properties":{"n":72},"geometry":{"type":"Point","coordinates":[-89.47,29.745]}},{"type":"Feature","properties":{"n":173},"geometry":{"type":"Point","coordinates":[-89.965,29.435]}},{"type":"Feature","properties":{"n":241},"geometry":{"type":"Point","coordinates":[-89.7,29.32]}},{"type":"Feature","properties":{"n":103},"geometry":{"type":"Point","coordinates":[-91.885,29.5]}},{"type":"Feature","properties":{"n":197},"geometry":{"type":"Point","coordinates":[-89.525,29.285]}},{"type":"Feature","properties":{"n":6},"geometry":{"type":"Point","coordinates":[-90.575,29.28]}},{"type":"Feature","properties":{"n":22},"geometry":{"type":"Point","coordinates":[-89.475,29.3]}},{"type":"Feature","properties":{"n":28},"geometry":{"type":"Point","coordinates":[-89.71,29.445]}},{"type":"Feature","properties":{"n":2},"geometry":{"type":"Point","coordinates":[-90.69,29.365]}},{"type":"Feature","properties":{"n":280},"geometry":{"type":"Point","coordinates":[-89.525,29.29]}},{"type":"Feature","properties":{"n":217},"geometry":{"type":"Point","coordinates":[-90.705,29.245]}},{"type":"Feature","properties":{"n":222},"geometry":{"type":"Point","coordinates":[-89.73,29.345]}},{"type":"Feature","properties":{"n":196},"geometry":{"type":"Point","coordinates":[-89.24,30.035]}},{"type":"Feature","properties":{"n":81},"geometry":{"type":"Point","coordinates":[-89.455,29.215]}},{"type":"Feature","properties":{"n":55},"geometry":{"type":"Point","coordinates":[-96.715,28.265]}},{"type":"Feature","properties":{"n":14},"geometry":{"type":"Point","coordinates":[-89.26,30.075]}},{"type":"Feature","properties":{"n":276},"geometry":{"type":"Point","coordinates":[-90.775,29.22]}},{"type":"Feature","properties":{"n":22},"geometry":{"type":"Point","coordinates":[-89.835,29.44]}},{"type":"Feature","properties":{"n":333},"geometry":{"type":"Point","coordinates":[-89.55,29.29]}},{"type":"Feature","properties":{"n":96},"geometry":{"type":"Point","coordinates":[-89.36,29.835]}},{"type":"Feature","properties":{"n":139},"geometry":{"type":"Point","coordinates":[-89.68,29.33]}},{"type":"Feature","properties":{"n":192},"geometry":{"type":"Point","coordinates":[-89.46,29.79]}},{"type":"Feature","properties":{"n":121},"geometry":{"type":"Point","coordinates":[-90.725,29.175]}},{"type":"Feature","properties":{"n":295},"geometry":{"type":"Point","coordinates":[-89.975,29.43]}},{"type":"Feature","properties":{"n":150},"geometry":{"type":"Point","coordinates":[-90.8,29.215]}},{"type":"Feature","properties":{"n":363},"geometry":{"type":"Point","coordinates":[-91.82,29.445]}},{"type":"Feature","properties":{"n":227},"geometry":{"type":"Point","coordinates":[-90.6,29.29]}},{"type":"Feature","properties":{"n":223},"geometry":{"type":"Point","coordinates":[-89.3,29.84]}},{"type":"Feature","properties":{"n":85},"geometry":{"type":"Point","coordinates":[-91.845,29.395]}},{"type":"Feature","properties":{"n":19},"geometry":{"type":"Point","coordinates":[-90.56,29.35]}},{"type":"Feature","properties":{"n":2},"geometry":{"type":"Point","coordinates":[-89.67,29.405]}},{"type":"Feature","properties":{"n":207},"geometry":{"type":"Point","coordinates":[-90.2,29.3]}},{"type":"Feature","properties":{"n":112},"geometry":{"type":"Point","coordinates":[-89.495,29.825]}},{"type":"Feature","properties":{"n":61},"geometry":{"type":"Point","coordinates":[-89.36,29.89]}},{"type":"Feature","properties":{"n":49},"geometry":{"type":"Point","coordinates":[-90.06,29.445]}},{"type":"Feature","properties":{"n":111},"geometry":{"type":"Point","coordinates":[-89.625,29.42]}},{"type":"Feature","properties":{"n":216},"geometry":{"type":"Point","coordinates":[-89.35,29.845]}},{"type":"Feature","properties":{"n":139},"geometry":{"type":"Point","coordinates":[-90.675,29.27]}},{"type":"Feature","properties":{"n":3},"geometry":{"type":"Point","coordinates":[-89.47,29.735]}},{"type":"Feature","properties":{"n":378},"geometry":{"type":"Point","coordinates":[-90.655,29.34]}},{"type":"Feature","properties":{"n":593},"geometry":{"type":"Point","coordinates":[-89.97,29.445]}},{"type":"Feature","properties":{"n":2185},"geometry":{"type":"Point","coordinates":[-89.62,29.39]}},{"type":"Feature","properties":{"n":2},"geometry":{"type":"Point","coordinates":[-90.28,29.25]}},{"type":"Feature","properties":{"n":42},"geometry":{"type":"Point","coordinates":[-89.485,29.865]}},{"type":"Feature","properties":{"n":194},"geometry":{"type":"Point","coordinates":[-89.245,30.105]}},{"type":"Feature","properties":{"n":9},"geometry":{"type":"Point","coordinates":[-90.98,29.265]}},{"type":"Feature","properties":{"n":120},"geometry":{"type":"Point","coordinates":[-89.81,29.42]}},{"type":"Feature","properties":{"n":23},"geometry":{"type":"Point","coordinates":[-89.545,29.705]}},{"type":"Feature","properties":{"n":53},"geometry":{"type":"Point","coordinates":[-90.485,29.355]}},{"type":"Feature","properties":{"n":122},"geometry":{"type":"Point","coordinates":[-90.725,29.15]}},{"type":"Feature","properties":{"n":32},"geometry":{"type":"Point","coordinates":[-90.66,29.185]}},{"type":"Feature","properties":{"n":1064},"geometry":{"type":"Point","coordinates":[-89.91,29.47]}},{"type":"Feature","properties":{"n":22},"geometry":{"type":"Point","coordinates":[-90.415,29.315]}},{"type":"Feature","properties":{"n":49},"geometry":{"type":"Point","coordinates":[-91.975,29.52]}},{"type":"Feature","properties":{"n":114},"geometry":{"type":"Point","coordinates":[-90.765,29.145]}},{"type":"Feature","properties":{"n":96},"geometry":{"type":"Point","coordinates":[-89.375,29.99]}},{"type":"Feature","properties":{"n":4},"geometry":{"type":"Point","coordinates":[-96.9,28.12]}},{"type":"Feature","properties":{"n":20},"geometry":{"type":"Point","coordinates":[-89.3,29.96]}},{"type":"Feature","properties":{"n":172},"geometry":{"type":"Point","coordinates":[-90.835,29.265]}},{"type":"Feature","properties":{"n":52},"geometry":{"type":"Point","coordinates":[-89.225,29.965]}},{"type":"Feature","properties":{"n":9},"geometry":{"type":"Point","coordinates":[-89.325,30.03]}},{"type":"Feature","properties":{"n":349},"geometry":{"type":"Point","coordinates":[-90.76,29.205]}},{"type":"Feature","properties":{"n":24},"geometry":{"type":"Point","coordinates":[-89.505,30.015]}},{"type":"Feature","properties":{"n":9},"geometry":{"type":"Point","coordinates":[-89.7,29.405]}},{"type":"Feature","properties":{"n":17},"geometry":{"type":"Point","coordinates":[-96.94,28.065]}},{"type":"Feature","properties":{"n":21},"geometry":{"type":"Point","coordinates":[-90.805,29.225]}},{"type":"Feature","properties":{"n":319},"geometry":{"type":"Point","coordinates":[-90.74,29.245]}},{"type":"Feature","properties":{"n":139},"geometry":{"type":"Point","coordinates":[-90.605,29.35]}},{"type":"Feature","properties":{"n":127},"geometry":{"type":"Point","coordinates":[-90.535,29.39]}},{"type":"Feature","properties":{"n":1},"geometry":{"type":"Point","coordinates":[-89.275,30.03]}},{"type":"Feature","properties":{"n":416},"geometry":{"type":"Point","coordinates":[-90.6,29.26]}},{"type":"Feature","properties":{"n":384},"geometry":{"type":"Point","coordinates":[-90.855,29.225]}},{"type":"Feature","properties":{"n":211},"geometry":{"type":"Point","coordinates":[-90.18,29.285]}},{"type":"Feature","properties":{"n":177},"geometry":{"type":"Point","coordinates":[-90.835,29.19]}},{"type":"Feature","properties":{"n":6},"geometry":{"type":"Point","coordinates":[-90.63,29.255]}},{"type":"Feature","properties":{"n":3},"geometry":{"type":"Point","coordinates":[-89.77,29.42]}},{"type":"Feature","properties":{"n":46},"geometry":{"type":"Point","coordinates":[-91.97,29.525]}},{"type":"Feature","properties":{"n":39},"geometry":{"type":"Point","coordinates":[-92.08,29.585]}},{"type":"Feature","properties":{"n":203},"geometry":{"type":"Point","coordinates":[-89.235,30.015]}},{"type":"Feature","properties":{"n":221},"geometry":{"type":"Point","coordinates":[-90.7,29.235]}},{"type":"Feature","properties":{"n":65},"geometry":{"type":"Point","coordinates":[-89.56,29.735]}},{"type":"Feature","properties":{"n":196},"geometry":{"type":"Point","coordinates":[-89.585,29.35]}},{"type":"Feature","properties":{"n":47},"geometry":{"type":"Point","coordinates":[-90.615,29.235]}},{"type":"Feature","properties":{"n":203},"geometry":{"type":"Point","coordinates":[-90.745,29.26]}},{"type":"Feature","properties":{"n":299},"geometry":{"type":"Point","coordinates":[-90.835,29.17]}},{"type":"Feature","properties":{"n":30},"geometry":{"type":"Point","coordinates":[-96.76,28.375]}},{"type":"Feature","properties":{"n":193},"geometry":{"type":"Point","coordinates":[-89.675,29.385]}},{"type":"Feature","properties":{"n":75},"geometry":{"type":"Point","coordinates":[-90.26,29.27]}},{"type":"Feature","properties":{"n":25},"geometry":{"type":"Point","coordinates":[-89.48,29.995]}},{"type":"Feature","properties":{"n":3},"geometry":{"type":"Point","coordinates":[-89.74,29.425]}},{"type":"Feature","properties":{"n":520},"geometry":{"type":"Point","coordinates":[-97.035,28.145]}},{"type":"Feature","properties":{"n":200},"geometry":{"type":"Point","coordinates":[-94.775,29.5]}},{"type":"Feature","properties":{"n":47},"geometry":{"type":"Point","coordinates":[-90.995,29.24]}},{"type":"Feature","properties":{"n":820},"geometry":{"type":"Point","coordinates":[-89.595,29.33]}},{"type":"Feature","properties":{"n":85},"geometry":{"type":"Point","coordinates":[-89.98,29.48]}},{"type":"Feature","properties":{"n":2},"geometry":{"type":"Point","coordinates":[-90.57,29.295]}},{"type":"Feature","properties":{"n":966},"geometry":{"type":"Point","coordinates":[-89.43,29.76]}},{"type":"Feature","properties":{"n":8},"geometry":{"type":"Point","coordinates":[-89.695,29.335]}},{"type":"Feature","properties":{"n":279},"geometry":{"type":"Point","coordinates":[-90.705,29.275]}},{"type":"Feature","properties":{"n":41},"geometry":{"type":"Point","coordinates":[-90.685,29.15]}},{"type":"Feature","properties":{"n":297},"geometry":{"type":"Point","coordinates":[-90.69,29.195]}},{"type":"Feature","properties":{"n":18},"geometry":{"type":"Point","coordinates":[-91.905,29.465]}},{"type":"Feature","properties":{"n":47},"geometry":{"type":"Point","coordinates":[-89.65,29.305]}},{"type":"Feature","properties":{"n":438},"geometry":{"type":"Point","coordinates":[-90.235,29.28]}},{"type":"Feature","properties":{"n":265},"geometry":{"type":"Point","coordinates":[-90.77,29.14]}},{"type":"Feature","properties":{"n":413},"geometry":{"type":"Point","coordinates":[-90.75,29.235]}},{"type":"Feature","properties":{"n":251},"geometry":{"type":"Point","coordinates":[-89.39,29.84]}},{"type":"Feature","properties":{"n":481},"geometry":{"type":"Point","coordinates":[-75.84,38.245]}},{"type":"Feature","properties":{"n":27},"geometry":{"type":"Point","coordinates":[-90.58,29.37]}},{"type":"Feature","properties":{"n":29},"geometry":{"type":"Point","coordinates":[-90.685,29.36]}},{"type":"Feature","properties":{"n":188},"geometry":{"type":"Point","coordinates":[-90.725,29.25]}},{"type":"Feature","properties":{"n":78},"geometry":{"type":"Point","coordinates":[-90.73,29.22]}},{"type":"Feature","properties":{"n":210},"geometry":{"type":"Point","coordinates":[-91.835,29.435]}},{"type":"Feature","properties":{"n":16},"geometry":{"type":"Point","coordinates":[-89.26,30.105]}},{"type":"Feature","properties":{"n":302},"geometry":{"type":"Point","coordinates":[-90.25,29.285]}},{"type":"Feature","properties":{"n":175},"geometry":{"type":"Point","coordinates":[-89.505,29.785]}},{"type":"Feature","properties":{"n":24},"geometry":{"type":"Point","coordinates":[-89.565,29.7]}},{"type":"Feature","properties":{"n":1064},"geometry":{"type":"Point","coordinates":[-89.365,29.995]}},{"type":"Feature","properties":{"n":26},"geometry":{"type":"Point","coordinates":[-91.0,29.245]}},{"type":"Feature","properties":{"n":194},"geometry":{"type":"Point","coordinates":[-89.445,29.83]}},{"type":"Feature","properties":{"n":183},"geometry":{"type":"Point","coordinates":[-89.39,29.81]}},{"type":"Feature","properties":{"n":22},"geometry":{"type":"Point","coordinates":[-90.59,29.37]}},{"type":"Feature","properties":{"n":53},"geometry":{"type":"Point","coordinates":[-89.27,30.0]}},{"type":"Feature","properties":{"n":1351},"geometry":{"type":"Point","coordinates":[-75.94,38.295]}},{"type":"Feature","properties":{"n":296},"geometry":{"type":"Point","coordinates":[-90.675,29.21]}},{"type":"Feature","properties":{"n":159},"geometry":{"type":"Point","coordinates":[-89.565,29.675]}},{"type":"Feature","properties":{"n":36},"geometry":{"type":"Point","coordinates":[-90.945,29.17]}},{"type":"Feature","properties":{"n":214},"geometry":{"type":"Point","coordinates":[-92.05,29.57]}},{"type":"Feature","properties":{"n":13},"geometry":{"type":"Point","coordinates":[-89.695,29.405]}},{"type":"Feature","properties":{"n":125},"geometry":{"type":"Point","coordinates":[-90.845,29.105]}},{"type":"Feature","properties":{"n":26},"geometry":{"type":"Point","coordinates":[-90.66,29.18]}},{"type":"Feature","properties":{"n":877},"geometry":{"type":"Point","coordinates":[-89.585,29.285]}},{"type":"Feature","properties":{"n":639},"geometry":{"type":"Point","coordinates":[-89.71,29.315]}},{"type":"Feature","properties":{"n":392},"geometry":{"type":"Point","coordinates":[-90.2,29.27]}},{"type":"Feature","properties":{"n":203},"geometry":{"type":"Point","coordinates":[-90.76,29.23]}},{"type":"Feature","properties":{"n":120},"geometry":{"type":"Point","coordinates":[-89.7,29.33]}},{"type":"Feature","properties":{"n":199},"geometry":{"type":"Point","coordinates":[-90.755,29.245]}},{"type":"Feature","properties":{"n":200},"geometry":{"type":"Point","coordinates":[-90.675,29.29]}},{"type":"Feature","properties":{"n":123},"geometry":{"type":"Point","coordinates":[-90.015,29.43]}},{"type":"Feature","properties":{"n":51},"geometry":{"type":"Point","coordinates":[-89.47,29.75]}},{"type":"Feature","properties":{"n":4},"geometry":{"type":"Point","coordinates":[-90.575,29.245]}},{"type":"Feature","properties":{"n":131},"geometry":{"type":"Point","coordinates":[-89.565,29.36]}},{"type":"Feature","properties":{"n":303},"geometry":{"type":"Point","coordinates":[-89.54,29.265]}},{"type":"Feature","properties":{"n":227},"geometry":{"type":"Point","coordinates":[-90.605,29.26]}},{"type":"Feature","properties":{"n":112},"geometry":{"type":"Point","coordinates":[-89.345,29.905]}},{"type":"Feature","properties":{"n":32},"geometry":{"type":"Point","coordinates":[-90.71,29.22]}},{"type":"Feature","properties":{"n":171},"geometry":{"type":"Point","coordinates":[-91.825,29.47]}},{"type":"Feature","properties":{"n":509},"geometry":{"type":"Point","coordinates":[-89.24,29.975]}},{"type":"Feature","properties":{"n":291},"geometry":{"type":"Point","coordinates":[-89.625,29.395]}},{"type":"Feature","properties":{"n":489},"geometry":{"type":"Point","coordinates":[-90.695,29.23]}},{"type":"Feature","properties":{"n":223},"geometry":{"type":"Point","coordinates":[-89.305,29.965]}},{"type":"Feature","properties":{"n":2},"geometry":{"type":"Point","coordinates":[-91.915,29.515]}},{"type":"Feature","properties":{"n":291},"geometry":{"type":"Point","coordinates":[-89.725,29.31]}},{"type":"Feature","properties":{"n":237},"geometry":{"type":"Point","coordinates":[-89.545,29.275]}},{"type":"Feature","properties":{"n":65},"geometry":{"type":"Point","coordinates":[-90.605,29.335]}},{"type":"Feature","properties":{"n":427},"geometry":{"type":"Point","coordinates":[-89.31,29.98]}},{"type":"Feature","properties":{"n":53},"geometry":{"type":"Point","coordinates":[-89.545,29.815]}},{"type":"Feature","properties":{"n":594},"geometry":{"type":"Point","coordinates":[-91.93,29.48]}},{"type":"Feature","properties":{"n":486},"geometry":{"type":"Point","coordinates":[-89.69,29.425]}},{"type":"Feature","properties":{"n":1},"geometry":{"type":"Point","coordinates":[-89.625,29.715]}},{"type":"Feature","properties":{"n":78},"geometry":{"type":"Point","coordinates":[-89.51,29.715]}},{"type":"Feature","properties":{"n":69},"geometry":{"type":"Point","coordinates":[-90.78,29.14]}},{"type":"Feature","properties":{"n":49},"geometry":{"type":"Point","coordinates":[-90.69,29.15]}},{"type":"Feature","properties":{"n":3593},"geometry":{"type":"Point","coordinates":[-89.615,29.36]}},{"type":"Feature","properties":{"n":64},"geometry":{"type":"Point","coordinates":[-89.925,29.49]}},{"type":"Feature","properties":{"n":729},"geometry":{"type":"Point","coordinates":[-89.335,29.99]}},{"type":"Feature","properties":{"n":675},"geometry":{"type":"Point","coordinates":[-89.275,29.945]}},{"type":"Feature","properties":{"n":36},"geometry":{"type":"Point","coordinates":[-91.91,29.465]}},{"type":"Feature","properties":{"n":565},"geometry":{"type":"Point","coordinates":[-75.835,38.255]}},{"type":"Feature","properties":{"n":113},"geometry":{"type":"Point","coordinates":[-90.055,29.375]}},{"type":"Feature","properties":{"n":16},"geometry":{"type":"Point","coordinates":[-90.675,29.255]}},{"type":"Feature","properties":{"n":61},"geometry":{"type":"Point","coordinates":[-89.72,29.32]}},{"type":"Feature","properties":{"n":44},"geometry":{"type":"Point","coordinates":[-90.64,29.22]}},{"type":"Feature","properties":{"n":377},"geometry":{"type":"Point","coordinates":[-89.53,29.33]}},{"type":"Feature","properties":{"n":100},"geometry":{"type":"Point","coordinates":[-75.92,38.285]}},{"type":"Feature","properties":{"n":153},"geometry":{"type":"Point","coordinates":[-89.685,29.325]}},{"type":"Feature","properties":{"n":21},"geometry":{"type":"Point","coordinates":[-90.025,29.47]}},{"type":"Feature","properties":{"n":541},"geometry":{"type":"Point","coordinates":[-89.34,29.955]}},{"type":"Feature","properties":{"n":11},"geometry":{"type":"Point","coordinates":[-90.965,29.225]}},{"type":"Feature","properties":{"n":351},"geometry":{"type":"Point","coordinates":[-89.29,29.85]}},{"type":"Feature","properties":{"n":118},"geometry":{"type":"Point","coordinates":[-90.755,29.19]}},{"type":"Feature","properties":{"n":11},"geometry":{"type":"Point","coordinates":[-90.42,29.37]}},{"type":"Feature","properties":{"n":176},"geometry":{"type":"Point","coordinates":[-89.315,29.965]}},{"type":"Feature","properties":{"n":62},"geometry":{"type":"Point","coordinates":[-90.76,29.24]}},{"type":"Feature","properties":{"n":25},"geometry":{"type":"Point","coordinates":[-90.08,29.45]}},{"type":"Feature","properties":{"n":70},"geometry":{"type":"Point","coordinates":[-89.6,29.745]}},{"type":"Feature","properties":{"n":201},"geometry":{"type":"Point","coordinates":[-90.675,29.285]}},{"type":"Feature","properties":{"n":193},"geometry":{"type":"Point","coordinates":[-89.505,29.265]}},{"type":"Feature","properties":{"n":105},"geometry":{"type":"Point","coordinates":[-90.41,29.315]}},{"type":"Feature","properties":{"n":20},"geometry":{"type":"Point","coordinates":[-90.56,29.42]}},{"type":"Feature","properties":{"n":297},"geometry":{"type":"Point","coordinates":[-89.415,29.82]}},{"type":"Feature","properties":{"n":147},"geometry":{"type":"Point","coordinates":[-89.515,29.28]}},{"type":"Feature","properties":{"n":27},"geometry":{"type":"Point","coordinates":[-90.25,29.265]}},{"type":"Feature","properties":{"n":854},"geometry":{"type":"Point","coordinates":[-90.825,29.2]}},{"type":"Feature","properties":{"n":55},"geometry":{"type":"Point","coordinates":[-90.39,29.36]}},{"type":"Feature","properties":{"n":412},"geometry":{"type":"Point","coordinates":[-89.67,29.355]}},{"type":"Feature","properties":{"n":182},"geometry":{"type":"Point","coordinates":[-90.005,29.415]}},{"type":"Feature","properties":{"n":43},"geometry":{"type":"Point","coordinates":[-90.11,29.375]}},{"type":"Feature","properties":{"n":90},"geometry":{"type":"Point","coordinates":[-90.935,29.26]}},{"type":"Feature","properties":{"n":22},"geometry":{"type":"Point","coordinates":[-76.0,38.325]}},{"type":"Feature","properties":{"n":48},"geometry":{"type":"Point","coordinates":[-90.96,29.18]}},{"type":"Feature","properties":{"n":245},"geometry":{"type":"Point","coordinates":[-90.815,29.23]}},{"type":"Feature","properties":{"n":290},"geometry":{"type":"Point","coordinates":[-91.925,29.49]}},{"type":"Feature","properties":{"n":560},"geometry":{"type":"Point","coordinates":[-90.275,29.275]}},{"type":"Feature","properties":{"n":276},"geometry":{"type":"Point","coordinates":[-89.545,29.26]}},{"type":"Feature","properties":{"n":133},"geometry":{"type":"Point","coordinates":[-89.54,29.275]}},{"type":"Feature","properties":{"n":439},"geometry":{"type":"Point","coordinates":[-90.73,29.26]}},{"type":"Feature","properties":{"n":321},"geometry":{"type":"Point","coordinates":[-90.235,29.275]}},{"type":"Feature","properties":{"n":74},"geometry":{"type":"Point","coordinates":[-89.99,29.47]}},{"type":"Feature","properties":{"n":33},"geometry":{"type":"Point","coordinates":[-90.535,29.215]}},{"type":"Feature","properties":{"n":43},"geometry":{"type":"Point","coordinates":[-89.735,29.385]}},{"type":"Feature","properties":{"n":364},"geometry":{"type":"Point","coordinates":[-90.835,29.255]}},{"type":"Feature","properties":{"n":4},"geometry":{"type":"Point","coordinates":[-90.3,29.245]}},{"type":"Feature","properties":{"n":632},"geometry":{"type":"Point","coordinates":[-90.535,29.395]}},{"type":"Feature","properties":{"n":119},"geometry":{"type":"Point","coordinates":[-89.7,29.41]}},{"type":"Feature","properties":{"n":20},"geometry":{"type":"Point","coordinates":[-89.725,29.385]}},{"type":"Feature","properties":{"n":31},"geometry":{"type":"Point","coordinates":[-89.31,30.04]}},{"type":"Feature","properties":{"n":229},"geometry":{"type":"Point","coordinates":[-92.03,29.55]}},{"type":"Feature","properties":{"n":520},"geometry":{"type":"Point","coordinates":[-90.69,29.225]}},{"type":"Feature","properties":{"n":166},"geometry":{"type":"Point","coordinates":[-90.43,29.4]}},{"type":"Feature","properties":{"n":60},"geometry":{"type":"Point","coordinates":[-91.86,29.495]}},{"type":"Feature","properties":{"n":137},"geometry":{"type":"Point","coordinates":[-90.695,29.19]}},{"type":"Feature","properties":{"n":21},"geometry":{"type":"Point","coordinates":[-89.485,29.855]}},{"type":"Feature","properties":{"n":1},"geometry":{"type":"Point","coordinates":[-96.905,28.125]}},{"type":"Feature","properties":{"n":130},"geometry":{"type":"Point","coordinates":[-90.3,29.38]}},{"type":"Feature","properties":{"n":125},"geometry":{"type":"Point","coordinates":[-90.71,29.23]}},{"type":"Feature","properties":{"n":3},"geometry":{"type":"Point","coordinates":[-90.695,29.37]}},{"type":"Feature","properties":{"n":126},"geometry":{"type":"Point","coordinates":[-90.555,29.36]}},{"type":"Feature","properties":{"n":452},"geometry":{"type":"Point","coordinates":[-90.175,29.295]}},{"type":"Feature","properties":{"n":273},"geometry":{"type":"Point","coordinates":[-89.255,30.0]}},{"type":"Feature","properties":{"n":151},"geometry":{"type":"Point","coordinates":[-89.465,29.97]}},{"type":"Feature","properties":{"n":245},"geometry":{"type":"Point","coordinates":[-89.705,29.365]}},{"type":"Feature","properties":{"n":138},"geometry":{"type":"Point","coordinates":[-89.52,29.315]}},{"type":"Feature","properties":{"n":342},"geometry":{"type":"Point","coordinates":[-89.365,29.965]}},{"type":"Feature","properties":{"n":605},"geometry":{"type":"Point","coordinates":[-89.655,29.36]}},{"type":"Feature","properties":{"n":178},"geometry":{"type":"Point","coordinates":[-76.07,38.225]}},{"type":"Feature","properties":{"n":62},"geometry":{"type":"Point","coordinates":[-90.48,29.33]}},{"type":"Feature","properties":{"n":112},"geometry":{"type":"Point","coordinates":[-90.54,29.36]}},{"type":"Feature","properties":{"n":6},"geometry":{"type":"Point","coordinates":[-90.515,29.235]}},{"type":"Feature","properties":{"n":57},"geometry":{"type":"Point","coordinates":[-89.23,29.98]}},{"type":"Feature","properties":{"n":649},"geometry":{"type":"Point","coordinates":[-89.645,29.39]}},{"type":"Feature","properties":{"n":52},"geometry":{"type":"Point","coordinates":[-75.93,38.115]}},{"type":"Feature","properties":{"n":13},"geometry":{"type":"Point","coordinates":[-90.405,29.255]}},{"type":"Feature","properties":{"n":1},"geometry":{"type":"Point","coordinates":[-76.03,38.575]}},{"type":"Feature","properties":{"n":46},"geometry":{"type":"Point","coordinates":[-89.355,29.895]}},{"type":"Feature","properties":{"n":380},"geometry":{"type":"Point","coordinates":[-90.69,29.305]}},{"type":"Feature","properties":{"n":1},"geometry":{"type":"Point","coordinates":[-90.675,29.145]}},{"type":"Feature","properties":{"n":581},"geometry":{"type":"Point","coordinates":[-94.845,29.49]}},{"type":"Feature","properties":{"n":82},"geometry":{"type":"Point","coordinates":[-89.67,29.34]}},{"type":"Feature","properties":{"n":30},"geometry":{"type":"Point","coordinates":[-89.58,30.0]}},{"type":"Feature","properties":{"n":151},"geometry":{"type":"Point","coordinates":[-94.875,29.455]}},{"type":"Feature","properties":{"n":485},"geometry":{"type":"Point","coordinates":[-90.875,29.205]}},{"type":"Feature","properties":{"n":80},"geometry":{"type":"Point","coordinates":[-89.405,29.91]}},{"type":"Feature","properties":{"n":1},"geometry":{"type":"Point","coordinates":[-89.505,29.775]}},{"type":"Feature","properties":{"n":246},"geometry":{"type":"Point","coordinates":[-89.53,29.295]}},{"type":"Feature","properties":{"n":216},"geometry":{"type":"Point","coordinates":[-89.37,29.825]}},{"type":"Feature","properties":{"n":145},"geometry":{"type":"Point","coordinates":[-90.82,29.125]}},{"type":"Feature","properties":{"n":315},"geometry":{"type":"Point","coordinates":[-89.64,29.32]}},{"type":"Feature","properties":{"n":75},"geometry":{"type":"Point","coordinates":[-90.41,29.365]}},{"type":"Feature","properties":{"n":78},"geometry":{"type":"Point","coordinates":[-89.61,29.295]}},{"type":"Feature","properties":{"n":97},"geometry":{"type":"Point","coordinates":[-90.505,29.345]}},{"type":"Feature","properties":{"n":17},"geometry":{"type":"Point","coordinates":[-96.945,28.09]}},{"type":"Feature","properties":{"n":195},"geometry":{"type":"Point","coordinates":[-89.675,29.42]}},{"type":"Feature","properties":{"n":130},"geometry":{"type":"Point","coordinates":[-94.86,29.49]}},{"type":"Feature","properties":{"n":324},"geometry":{"type":"Point","coordinates":[-90.71,29.245]}},{"type":"Feature","properties":{"n":158},"geometry":{"type":"Point","coordinates":[-91.85,29.475]}},{"type":"Feature","properties":{"n":81},"geometry":{"type":"Point","coordinates":[-90.37,29.36]}},{"type":"Feature","properties":{"n":258},"geometry":{"type":"Point","coordinates":[-90.74,29.265]}},{"type":"Feature","properties":{"n":98},"geometry":{"type":"Point","coordinates":[-94.895,29.495]}},{"type":"Feature","properties":{"n":8},"geometry":{"type":"Point","coordinates":[-90.81,29.18]}},{"type":"Feature","properties":{"n":41},"geometry":{"type":"Point","coordinates":[-89.645,29.725]}},{"type":"Feature","properties":{"n":369},"geometry":{"type":"Point","coordinates":[-89.3,29.865]}},{"type":"Feature","properties":{"n":837},"geometry":{"type":"Point","coordinates":[-89.985,29.445]}},{"type":"Feature","properties":{"n":425},"geometry":{"type":"Point","coordinates":[-89.54,29.7]}},{"type":"Feature","properties":{"n":8},"geometry":{"type":"Point","coordinates":[-89.455,29.97]}},{"type":"Feature","properties":{"n":297},"geometry":{"type":"Point","coordinates":[-90.185,29.275]}},{"type":"Feature","properties":{"n":35},"geometry":{"type":"Point","coordinates":[-89.44,29.815]}},{"type":"Feature","properties":{"n":507},"geometry":{"type":"Point","coordinates":[-89.73,29.35]}},{"type":"Feature","properties":{"n":303},"geometry":{"type":"Point","coordinates":[-90.68,29.3]}},{"type":"Feature","properties":{"n":389},"geometry":{"type":"Point","coordinates":[-90.87,29.21]}},{"type":"Feature","properties":{"n":45},"geometry":{"type":"Point","coordinates":[-89.995,29.395]}},{"type":"Feature","properties":{"n":120},"geometry":{"type":"Point","coordinates":[-90.65,29.385]}},{"type":"Feature","properties":{"n":21},"geometry":{"type":"Point","coordinates":[-90.66,29.235]}},{"type":"Feature","properties":{"n":89},"geometry":{"type":"Point","coordinates":[-89.41,29.975]}},{"type":"Feature","properties":{"n":14},"geometry":{"type":"Point","coordinates":[-91.98,29.515]}},{"type":"Feature","properties":{"n":5},"geometry":{"type":"Point","coordinates":[-89.225,29.96]}},{"type":"Feature","properties":{"n":148},"geometry":{"type":"Point","coordinates":[-96.71,28.225]}},{"type":"Feature","properties":{"n":119},"geometry":{"type":"Point","coordinates":[-90.8,29.185]}},{"type":"Feature","properties":{"n":16},"geometry":{"type":"Point","coordinates":[-89.87,29.425]}},{"type":"Feature","properties":{"n":20},"geometry":{"type":"Point","coordinates":[-90.575,29.275]}},{"type":"Feature","properties":{"n":1057},"geometry":{"type":"Point","coordinates":[-89.595,29.32]}},{"type":"Feature","properties":{"n":70},"geometry":{"type":"Point","coordinates":[-89.93,29.455]}},{"type":"Feature","properties":{"n":11},"geometry":{"type":"Point","coordinates":[-75.84,38.26]}},{"type":"Feature","properties":{"n":82},"geometry":{"type":"Point","coordinates":[-90.405,29.265]}},{"type":"Feature","properties":{"n":5},"geometry":{"type":"Point","coordinates":[-89.83,30.03]}},{"type":"Feature","properties":{"n":452},"geometry":{"type":"Point","coordinates":[-91.9,29.48]}},{"type":"Feature","properties":{"n":17},"geometry":{"type":"Point","coordinates":[-90.43,29.37]}},{"type":"Feature","properties":{"n":24},"geometry":{"type":"Point","coordinates":[-89.53,29.325]}},{"type":"Feature","properties":{"n":317},"geometry":{"type":"Point","coordinates":[-89.3,29.97]}},{"type":"Feature","properties":{"n":54},"geometry":{"type":"Point","coordinates":[-89.565,29.665]}},{"type":"Feature","properties":{"n":607},"geometry":{"type":"Point","coordinates":[-89.335,29.915]}},{"type":"Feature","properties":{"n":151},"geometry":{"type":"Point","coordinates":[-90.65,29.25]}},{"type":"Feature","properties":{"n":1},"geometry":{"type":"Point","coordinates":[-89.395,30.005]}},{"type":"Feature","properties":{"n":19},"geometry":{"type":"Point","coordinates":[-91.87,29.505]}},{"type":"Feature","properties":{"n":273},"geometry":{"type":"Point","coordinates":[-75.865,38.23]}},{"type":"Feature","properties":{"n":13},"geometry":{"type":"Point","coordinates":[-89.225,29.985]}},{"type":"Feature","properties":{"n":385},"geometry":{"type":"Point","coordinates":[-94.86,29.515]}},{"type":"Feature","properties":{"n":569},"geometry":{"type":"Point","coordinates":[-89.365,29.835]}},{"type":"Feature","properties":{"n":1},"geometry":{"type":"Point","coordinates":[-89.985,29.46]}},{"type":"Feature","properties":{"n":89},"geometry":{"type":"Point","coordinates":[-89.85,29.485]}},{"type":"Feature","properties":{"n":28},"geometry":{"type":"Point","coordinates":[-89.68,29.325]}},{"type":"Feature","properties":{"n":384},"geometry":{"type":"Point","coordinates":[-89.44,29.76]}},{"type":"Feature","properties":{"n":173},"geometry":{"type":"Point","coordinates":[-96.995,28.11]}},{"type":"Feature","properties":{"n":2},"geometry":{"type":"Point","coordinates":[-89.31,29.86]}},{"type":"Feature","properties":{"n":39},"geometry":{"type":"Point","coordinates":[-90.445,29.27]}},{"type":"Feature","properties":{"n":21},"geometry":{"type":"Point","coordinates":[-90.655,29.14]}},{"type":"Feature","properties":{"n":34},"geometry":{"type":"Point","coordinates":[-90.415,29.265]}},{"type":"Feature","properties":{"n":62},"geometry":{"type":"Point","coordinates":[-90.685,29.16]}},{"type":"Feature","properties":{"n":263},"geometry":{"type":"Point","coordinates":[-90.455,29.385]}},{"type":"Feature","properties":{"n":59},"geometry":{"type":"Point","coordinates":[-89.81,29.425]}},{"type":"Feature","properties":{"n":141},"geometry":{"type":"Point","coordinates":[-96.48,28.605]}},{"type":"Feature","properties":{"n":521},"geometry":{"type":"Point","coordinates":[-89.305,29.995]}},{"type":"Feature","properties":{"n":74},"geometry":{"type":"Point","coordinates":[-89.735,29.34]}},{"type":"Feature","properties":{"n":15},"geometry":{"type":"Point","coordinates":[-89.485,29.785]}},{"type":"Feature","properties":{"n":54},"geometry":{"type":"Point","coordinates":[-90.685,29.345]}},{"type":"Feature","properties":{"n":77},"geometry":{"type":"Point","coordinates":[-89.42,29.77]}},{"type":"Feature","properties":{"n":30},"geometry":{"type":"Point","coordinates":[-89.475,29.27]}},{"type":"Feature","properties":{"n":411},"geometry":{"type":"Point","coordinates":[-90.675,29.225]}},{"type":"Feature","properties":{"n":482},"geometry":{"type":"Point","coordinates":[-94.74,29.48]}},{"type":"Feature","properties":{"n":41},"geometry":{"type":"Point","coordinates":[-89.41,29.98]}},{"type":"Feature","properties":{"n":177},"geometry":{"type":"Point","coordinates":[-89.245,29.96]}},{"type":"Feature","properties":{"n":432},"geometry":{"type":"Point","coordinates":[-90.46,29.375]}},{"type":"Feature","properties":{"n":919},"geometry":{"type":"Point","coordinates":[-89.575,29.265]}},{"type":"Feature","properties":{"n":506},"geometry":{"type":"Point","coordinates":[-90.785,29.15]}},{"type":"Feature","properties":{"n":4},"geometry":{"type":"Point","coordinates":[-94.7,29.515]}},{"type":"Feature","properties":{"n":66},"geometry":{"type":"Point","coordinates":[-90.96,29.29]}},{"type":"Feature","properties":{"n":163},"geometry":{"type":"Point","coordinates":[-89.24,30.11]}},{"type":"Feature","properties":{"n":263},"geometry":{"type":"Point","coordinates":[-90.8,29.17]}},{"type":"Feature","properties":{"n":97},"geometry":{"type":"Point","coordinates":[-89.975,29.46]}},{"type":"Feature","properties":{"n":395},"geometry":{"type":"Point","coordinates":[-90.72,29.24]}},{"type":"Feature","properties":{"n":38},"geometry":{"type":"Point","coordinates":[-90.65,29.36]}},{"type":"Feature","properties":{"n":37},"geometry":{"type":"Point","coordinates":[-96.615,28.295]}},{"type":"Feature","properties":{"n":2045},"geometry":{"type":"Point","coordinates":[-75.87,38.24]}},{"type":"Feature","properties":{"n":260},"geometry":{"type":"Point","coordinates":[-90.67,29.355]}},{"type":"Feature","properties":{"n":168},"geometry":{"type":"Point","coordinates":[-94.81,29.54]}},{"type":"Feature","properties":{"n":12},"geometry":{"type":"Point","coordinates":[-90.55,29.285]}},{"type":"Feature","properties":{"n":21},"geometry":{"type":"Point","coordinates":[-96.585,28.31]}},{"type":"Feature","properties":{"n":58},"geometry":{"type":"Point","coordinates":[-90.385,29.37]}},{"type":"Feature","properties":{"n":616},"geometry":{"type":"Point","coordinates":[-90.785,29.175]}},{"type":"Feature","properties":{"n":41},"geometry":{"type":"Point","coordinates":[-90.6,29.235]}},{"type":"Feature","properties":{"n":33},"geometry":{"type":"Point","coordinates":[-89.325,29.91]}},{"type":"Feature","properties":{"n":370},"geometry":{"type":"Point","coordinates":[-90.79,29.165]}},{"type":"Feature","properties":{"n":2},"geometry":{"type":"Point","coordinates":[-90.985,29.25]}},{"type":"Feature","properties":{"n":182},"geometry":{"type":"Point","coordinates":[-90.85,29.22]}},{"type":"Feature","properties":{"n":39},"geometry":{"type":"Point","coordinates":[-91.945,29.5]}},{"type":"Feature","properties":{"n":209},"geometry":{"type":"Point","coordinates":[-90.46,29.41]}},{"type":"Feature","properties":{"n":252},"geometry":{"type":"Point","coordinates":[-90.825,29.205]}},{"type":"Feature","properties":{"n":49},"geometry":{"type":"Point","coordinates":[-89.685,29.38]}},{"type":"Feature","properties":{"n":20},"geometry":{"type":"Point","coordinates":[-95.04,29.515]}},{"type":"Feature","properties":{"n":74},"geometry":{"type":"Point","coordinates":[-89.65,29.365]}},{"type":"Feature","properties":{"n":28},"geometry":{"type":"Point","coordinates":[-90.61,29.215]}},{"type":"Feature","properties":{"n":397},"geometry":{"type":"Point","coordinates":[-89.5,29.715]}},{"type":"Feature","properties":{"n":13},"geometry":{"type":"Point","coordinates":[-89.885,29.495]}},{"type":"Feature","properties":{"n":40},"geometry":{"type":"Point","coordinates":[-90.325,29.345]}},{"type":"Feature","properties":{"n":319},"geometry":{"type":"Point","coordinates":[-96.66,28.25]}},{"type":"Feature","properties":{"n":432},"geometry":{"type":"Point","coordinates":[-89.705,29.355]}},{"type":"Feature","properties":{"n":1108},"geometry":{"type":"Point","coordinates":[-75.995,38.315]}},{"type":"Feature","properties":{"n":6},"geometry":{"type":"Point","coordinates":[-91.86,29.505]}},{"type":"Feature","properties":{"n":99},"geometry":{"type":"Point","coordinates":[-89.62,29.415]}},{"type":"Feature","properties":{"n":262},"geometry":{"type":"Point","coordinates":[-89.535,29.305]}},{"type":"Feature","properties":{"n":399},"geometry":{"type":"Point","coordinates":[-92.055,29.55]}},{"type":"Feature","properties":{"n":187},"geometry":{"type":"Point","coordinates":[-90.49,29.345]}},{"type":"Feature","properties":{"n":126},"geometry":{"type":"Point","coordinates":[-94.875,29.43]}},{"type":"Feature","properties":{"n":8},"geometry":{"type":"Point","coordinates":[-90.715,29.25]}},{"type":"Feature","properties":{"n":124},"geometry":{"type":"Point","coordinates":[-91.84,29.425]}},{"type":"Feature","properties":{"n":104},"geometry":{"type":"Point","coordinates":[-89.34,29.82]}},{"type":"Feature","properties":{"n":145},"geometry":{"type":"Point","coordinates":[-90.77,29.165]}},{"type":"Feature","properties":{"n":148},"geometry":{"type":"Point","coordinates":[-90.59,29.255]}},{"type":"Feature","properties":{"n":254},"geometry":{"type":"Point","coordinates":[-90.265,29.295]}},{"type":"Feature","properties":{"n":338},"geometry":{"type":"Point","coordinates":[-90.71,29.18]}},{"type":"Feature","properties":{"n":84},"geometry":{"type":"Point","coordinates":[-89.94,29.445]}},{"type":"Feature","properties":{"n":239},"geometry":{"type":"Point","coordinates":[-89.315,29.985]}},{"type":"Feature","properties":{"n":297},"geometry":{"type":"Point","coordinates":[-89.76,29.34]}},{"type":"Feature","properties":{"n":255},"geometry":{"type":"Point","coordinates":[-94.805,29.53]}},{"type":"Feature","properties":{"n":1},"geometry":{"type":"Point","coordinates":[-90.6,29.225]}},{"type":"Feature","properties":{"n":3},"geometry":{"type":"Point","coordinates":[-90.12,29.365]}},{"type":"Feature","properties":{"n":129},"geometry":{"type":"Point","coordinates":[-91.83,29.425]}},{"type":"Feature","properties":{"n":692},"geometry":{"type":"Point","coordinates":[-75.875,38.24]}},{"type":"Feature","properties":{"n":67},"geometry":{"type":"Point","coordinates":[-89.995,29.41]}},{"type":"Feature","properties":{"n":46},"geometry":{"type":"Point","coordinates":[-90.28,29.29]}},{"type":"Feature","properties":{"n":355},"geometry":{"type":"Point","coordinates":[-90.725,29.24]}},{"type":"Feature","properties":{"n":20},"geometry":{"type":"Point","coordinates":[-89.52,29.33]}},{"type":"Feature","properties":{"n":2},"geometry":{"type":"Point","coordinates":[-96.665,28.27]}},{"type":"Feature","properties":{"n":31},"geometry":{"type":"Point","coordinates":[-90.56,29.225]}},{"type":"Feature","properties":{"n":139},"geometry":{"type":"Point","coordinates":[-90.67,29.19]}},{"type":"Feature","properties":{"n":10},"geometry":{"type":"Point","coordinates":[-90.735,29.13]}},{"type":"Feature","properties":{"n":144},"geometry":{"type":"Point","coordinates":[-90.865,29.105]}},{"type":"Feature","properties":{"n":245},"geometry":{"type":"Point","coordinates":[-90.24,29.285]}},{"type":"Feature","properties":{"n":44},"geometry":{"type":"Point","coordinates":[-97.04,28.145]}},{"type":"Feature","properties":{"n":189},"geometry":{"type":"Point","coordinates":[-90.475,29.4]}},{"type":"Feature","properties":{"n":626},"geometry":{"type":"Point","coordinates":[-89.965,29.475]}},{"type":"Feature","properties":{"n":15},"geometry":{"type":"Point","coordinates":[-94.71,29.455]}},{"type":"Feature","properties":{"n":89},"geometry":{"type":"Point","coordinates":[-89.78,29.455]}},{"type":"Feature","properties":{"n":4},"geometry":{"type":"Point","coordinates":[-96.505,28.6]}},{"type":"Feature","properties":{"n":151},"geometry":{"type":"Point","coordinates":[-89.63,29.405]}},{"type":"Feature","properties":{"n":1},"geometry":{"type":"Point","coordinates":[-89.8,29.425]}},{"type":"Feature","properties":{"n":472},"geometry":{"type":"Point","coordinates":[-92.065,29.565]}},{"type":"Feature","properties":{"n":61},"geometry":{"type":"Point","coordinates":[-90.41,29.26]}},{"type":"Feature","properties":{"n":373},"geometry":{"type":"Point","coordinates":[-91.82,29.475]}},{"type":"Feature","properties":{"n":60},"geometry":{"type":"Point","coordinates":[-90.485,29.285]}},{"type":"Feature","properties":{"n":1077},"geometry":{"type":"Point","coordinates":[-89.68,29.365]}},{"type":"Feature","properties":{"n":86},"geometry":{"type":"Point","coordinates":[-89.755,29.39]}},{"type":"Feature","properties":{"n":150},"geometry":{"type":"Point","coordinates":[-89.645,29.33]}},{"type":"Feature","properties":{"n":92},"geometry":{"type":"Point","coordinates":[-89.465,29.98]}},{"type":"Feature","properties":{"n":513},"geometry":{"type":"Point","coordinates":[-89.25,29.93]}},{"type":"Feature","properties":{"n":437},"geometry":{"type":"Point","coordinates":[-89.565,29.695]}},{"type":"Feature","properties":{"n":834},"geometry":{"type":"Point","coordinates":[-89.61,29.345]}},{"type":"Feature","properties":{"n":1},"geometry":{"type":"Point","coordinates":[-96.985,28.07]}},{"type":"Feature","properties":{"n":18},"geometry":{"type":"Point","coordinates":[-90.645,29.38]}},{"type":"Feature","properties":{"n":157},"geometry":{"type":"Point","coordinates":[-90.52,29.35]}},{"type":"Feature","properties":{"n":452},"geometry":{"type":"Point","coordinates":[-89.54,29.695]}},{"type":"Feature","properties":{"n":35},"geometry":{"type":"Point","coordinates":[-91.89,29.465]}},{"type":"Feature","properties":{"n":44},"geometry":{"type":"Point","coordinates":[-91.855,29.395]}},{"type":"Feature","properties":{"n":514},"geometry":{"type":"Point","coordinates":[-90.325,29.38]}},{"type":"Feature","properties":{"n":17},"geometry":{"type":"Point","coordinates":[-90.65,29.39]}},{"type":"Feature","properties":{"n":177},"geometry":{"type":"Point","coordinates":[-89.625,29.335]}},{"type":"Feature","properties":{"n":467},"geometry":{"type":"Point","coordinates":[-89.71,29.405]}},{"type":"Feature","properties":{"n":343},"geometry":{"type":"Point","coordinates":[-89.575,29.275]}},{"type":"Feature","properties":{"n":26},"geometry":{"type":"Point","coordinates":[-90.835,29.28]}},{"type":"Feature","properties":{"n":51},"geometry":{"type":"Point","coordinates":[-90.38,29.35]}},{"type":"Feature","properties":{"n":155},"geometry":{"type":"Point","coordinates":[-89.585,29.305]}},{"type":"Feature","properties":{"n":196},"geometry":{"type":"Point","coordinates":[-89.62,29.325]}},{"type":"Feature","properties":{"n":47},"geometry":{"type":"Point","coordinates":[-89.66,29.43]}},{"type":"Feature","properties":{"n":657},"geometry":{"type":"Point","coordinates":[-89.715,29.35]}},{"type":"Feature","properties":{"n":311},"geometry":{"type":"Point","coordinates":[-90.435,29.4]}},{"type":"Feature","properties":{"n":186},"geometry":{"type":"Point","coordinates":[-89.25,30.045]}},{"type":"Feature","properties":{"n":526},"geometry":{"type":"Point","coordinates":[-92.075,29.575]}},{"type":"Feature","properties":{"n":30},"geometry":{"type":"Point","coordinates":[-90.54,29.31]}},{"type":"Feature","properties":{"n":418},"geometry":{"type":"Point","coordinates":[-89.675,29.415]}},{"type":"Feature","properties":{"n":26},"geometry":{"type":"Point","coordinates":[-91.155,29.26]}},{"type":"Feature","properties":{"n":402},"geometry":{"type":"Point","coordinates":[-89.565,29.67]}},{"type":"Feature","properties":{"n":111},"geometry":{"type":"Point","coordinates":[-89.395,29.915]}},{"type":"Feature","properties":{"n":318},"geometry":{"type":"Point","coordinates":[-90.53,29.345]}},{"type":"Feature","properties":{"n":1},"geometry":{"type":"Point","coordinates":[-89.43,30.035]}},{"type":"Feature","properties":{"n":382},"geometry":{"type":"Point","coordinates":[-89.575,29.34]}},{"type":"Feature","properties":{"n":35},"geometry":{"type":"Point","coordinates":[-96.96,28.055]}},{"type":"Feature","properties":{"n":134},"geometry":{"type":"Point","coordinates":[-90.69,29.14]}},{"type":"Feature","properties":{"n":820},"geometry":{"type":"Point","coordinates":[-90.555,29.37]}},{"type":"Feature","properties":{"n":58},"geometry":{"type":"Point","coordinates":[-89.425,29.795]}},{"type":"Feature","properties":{"n":31},"geometry":{"type":"Point","coordinates":[-96.475,28.615]}},{"type":"Feature","properties":{"n":223},"geometry":{"type":"Point","coordinates":[-89.265,29.975]}},{"type":"Feature","properties":{"n":140},"geometry":{"type":"Point","coordinates":[-89.475,29.77]}},{"type":"Feature","properties":{"n":350},"geometry":{"type":"Point","coordinates":[-90.685,29.3]}},{"type":"Feature","properties":{"n":340},"geometry":{"type":"Point","coordinates":[-92.085,29.58]}},{"type":"Feature","properties":{"n":1},"geometry":{"type":"Point","coordinates":[-89.42,29.885]}},{"type":"Feature","properties":{"n":175},"geometry":{"type":"Point","coordinates":[-89.345,29.85]}},{"type":"Feature","properties":{"n":162},"geometry":{"type":"Point","coordinates":[-76.02,38.31]}},{"type":"Feature","properties":{"n":344},"geometry":{"type":"Point","coordinates":[-90.51,29.32]}},{"type":"Feature","properties":{"n":2},"geometry":{"type":"Point","coordinates":[-89.845,29.425]}},{"type":"Feature","properties":{"n":246},"geometry":{"type":"Point","coordinates":[-90.205,29.3]}},{"type":"Feature","properties":{"n":599},"geometry":{"type":"Point","coordinates":[-89.3,29.85]}},{"type":"Feature","properties":{"n":35},"geometry":{"type":"Point","coordinates":[-90.675,29.24]}},{"type":"Feature","properties":{"n":9},"geometry":{"type":"Point","coordinates":[-89.6,29.695]}},{"type":"Feature","properties":{"n":239},"geometry":{"type":"Point","coordinates":[-89.33,29.84]}},{"type":"Feature","properties":{"n":154},"geometry":{"type":"Point","coordinates":[-90.62,29.28]}},{"type":"Feature","properties":{"n":36},"geometry":{"type":"Point","coordinates":[-90.01,29.385]}},{"type":"Feature","properties":{"n":44},"geometry":{"type":"Point","coordinates":[-89.51,29.235]}},{"type":"Feature","properties":{"n":101},"geometry":{"type":"Point","coordinates":[-97.095,28.13]}},{"type":"Feature","properties":{"n":181},"geometry":{"type":"Point","coordinates":[-90.825,29.195]}},{"type":"Feature","properties":{"n":419},"geometry":{"type":"Point","coordinates":[-90.68,29.18]}},{"type":"Feature","properties":{"n":466},"geometry":{"type":"Point","coordinates":[-89.66,29.38]}},{"type":"Feature","properties":{"n":295},"geometry":{"type":"Point","coordinates":[-89.705,29.425]}},{"type":"Feature","properties":{"n":393},"geometry":{"type":"Point","coordinates":[-89.815,29.37]}},{"type":"Feature","properties":{"n":46},"geometry":{"type":"Point","coordinates":[-90.88,29.105]}},{"type":"Feature","properties":{"n":57},"geometry":{"type":"Point","coordinates":[-89.76,29.325]}},{"type":"Feature","properties":{"n":29},"geometry":{"type":"Point","coordinates":[-90.77,29.205]}},{"type":"Feature","properties":{"n":2},"geometry":{"type":"Point","coordinates":[-91.81,29.46]}},{"type":"Feature","properties":{"n":334},"geometry":{"type":"Point","coordinates":[-90.7,29.17]}},{"type":"Feature","properties":{"n":8},"geometry":{"type":"Point","coordinates":[-89.52,29.83]}},{"type":"Feature","properties":{"n":310},"geometry":{"type":"Point","coordinates":[-89.715,29.365]}},{"type":"Feature","properties":{"n":136},"geometry":{"type":"Point","coordinates":[-92.11,29.575]}},{"type":"Feature","properties":{"n":116},"geometry":{"type":"Point","coordinates":[-89.555,29.68]}},{"type":"Feature","properties":{"n":159},"geometry":{"type":"Point","coordinates":[-89.295,29.92]}},{"type":"Feature","properties":{"n":49},"geometry":{"type":"Point","coordinates":[-89.285,29.97]}},{"type":"Feature","properties":{"n":65},"geometry":{"type":"Point","coordinates":[-91.965,29.525]}},{"type":"Feature","properties":{"n":308},"geometry":{"type":"Point","coordinates":[-89.61,29.35]}},{"type":"Feature","properties":{"n":296},"geometry":{"type":"Point","coordinates":[-89.5,29.285]}},{"type":"Feature","properties":{"n":10},"geometry":{"type":"Point","coordinates":[-94.795,29.555]}},{"type":"Feature","properties":{"n":9},"geometry":{"type":"Point","coordinates":[-97.125,28.135]}},{"type":"Feature","properties":{"n":95},"geometry":{"type":"Point","coordinates":[-90.43,29.33]}},{"type":"Feature","properties":{"n":48},"geometry":{"type":"Point","coordinates":[-89.825,29.405]}},{"type":"Feature","properties":{"n":45},"geometry":{"type":"Point","coordinates":[-89.69,29.39]}},{"type":"Feature","properties":{"n":7},"geometry":{"type":"Point","coordinates":[-90.81,29.225]}},{"type":"Feature","properties":{"n":752},"geometry":{"type":"Point","coordinates":[-89.845,29.44]}},{"type":"Feature","properties":{"n":61},"geometry":{"type":"Point","coordinates":[-90.66,29.195]}},{"type":"Feature","properties":{"n":242},"geometry":{"type":"Point","coordinates":[-89.49,29.815]}},{"type":"Feature","properties":{"n":584},"geometry":{"type":"Point","coordinates":[-89.285,29.985]}},{"type":"Feature","properties":{"n":188},"geometry":{"type":"Point","coordinates":[-89.45,29.83]}},{"type":"Feature","properties":{"n":20},"geometry":{"type":"Point","coordinates":[-89.69,29.44]}},{"type":"Feature","properties":{"n":128},"geometry":{"type":"Point","coordinates":[-90.875,29.265]}},{"type":"Feature","properties":{"n":310},"geometry":{"type":"Point","coordinates":[-89.4,29.965]}},{"type":"Feature","properties":{"n":7},"geometry":{"type":"Point","coordinates":[-96.64,28.685]}},{"type":"Feature","properties":{"n":390},"geometry":{"type":"Point","coordinates":[-89.46,29.76]}},{"type":"Feature","properties":{"n":197},"geometry":{"type":"Point","coordinates":[-90.195,29.3]}},{"type":"Feature","properties":{"n":218},"geometry":{"type":"Point","coordinates":[-89.35,29.925]}},{"type":"Feature","properties":{"n":44},"geometry":{"type":"Point","coordinates":[-91.86,29.41]}},{"type":"Feature","properties":{"n":36},"geometry":{"type":"Point","coordinates":[-90.58,29.265]}},{"type":"Feature","properties":{"n":1},"geometry":{"type":"Point","coordinates":[-90.605,29.22]}},{"type":"Feature","properties":{"n":1002},"geometry":{"type":"Point","coordinates":[-89.44,29.735]}},{"type":"Feature","properties":{"n":11},"geometry":{"type":"Point","coordinates":[-89.98,29.895]}},{"type":"Feature","properties":{"n":283},"geometry":{"type":"Point","coordinates":[-89.415,29.815]}},{"type":"Feature","properties":{"n":209},"geometry":{"type":"Point","coordinates":[-89.365,29.955]}},{"type":"Feature","properties":{"n":980},"geometry":{"type":"Point","coordinates":[-89.31,29.9]}},{"type":"Feature","properties":{"n":102},"geometry":{"type":"Point","coordinates":[-89.45,29.795]}},{"type":"Feature","properties":{"n":4},"geometry":{"type":"Point","coordinates":[-89.5,29.275]}},{"type":"Feature","properties":{"n":107},"geometry":{"type":"Point","coordinates":[-90.995,29.2]}},{"type":"Feature","properties":{"n":184},"geometry":{"type":"Point","coordinates":[-89.555,29.33]}},{"type":"Feature","properties":{"n":44},"geometry":{"type":"Point","coordinates":[-90.85,29.185]}},{"type":"Feature","properties":{"n":180},"geometry":{"type":"Point","coordinates":[-96.985,28.075]}},{"type":"Feature","properties":{"n":92},"geometry":{"type":"Point","coordinates":[-89.585,29.255]}},{"type":"Feature","properties":{"n":1},"geometry":{"type":"Point","coordinates":[-89.425,29.915]}},{"type":"Feature","properties":{"n":1},"geometry":{"type":"Point","coordinates":[-90.53,29.235]}},{"type":"Feature","properties":{"n":1232},"geometry":{"type":"Point","coordinates":[-89.585,29.355]}},{"type":"Feature","properties":{"n":77},"geometry":{"type":"Point","coordinates":[-91.835,29.47]}},{"type":"Feature","properties":{"n":155},"geometry":{"type":"Point","coordinates":[-89.415,29.91]}},{"type":"Feature","properties":{"n":16},"geometry":{"type":"Point","coordinates":[-92.035,29.565]}},{"type":"Feature","properties":{"n":381},"geometry":{"type":"Point","coordinates":[-90.595,29.32]}},{"type":"Feature","properties":{"n":9},"geometry":{"type":"Point","coordinates":[-89.28,29.915]}},{"type":"Feature","properties":{"n":1},"geometry":{"type":"Point","coordinates":[-90.115,29.67]}},{"type":"Feature","properties":{"n":65},"geometry":{"type":"Point","coordinates":[-89.46,29.73]}},{"type":"Feature","properties":{"n":1674},"geometry":{"type":"Point","coordinates":[-75.96,38.165]}},{"type":"Feature","properties":{"n":88},"geometry":{"type":"Point","coordinates":[-90.585,29.34]}},{"type":"Feature","properties":{"n":367},"geometry":{"type":"Point","coordinates":[-90.78,29.165]}},{"type":"Feature","properties":{"n":8},"geometry":{"type":"Point","coordinates":[-92.005,29.54]}},{"type":"Feature","properties":{"n":696},"geometry":{"type":"Point","coordinates":[-94.935,29.25]}},{"type":"Feature","properties":{"n":314},"geometry":{"type":"Point","coordinates":[-89.23,29.975]}},{"type":"Feature","properties":{"n":75},"geometry":{"type":"Point","coordinates":[-89.635,29.315]}},{"type":"Feature","properties":{"n":990},"geometry":{"type":"Point","coordinates":[-89.36,29.94]}},{"type":"Feature","properties":{"n":25},"geometry":{"type":"Point","coordinates":[-97.065,28.145]}},{"type":"Feature","properties":{"n":57},"geometry":{"type":"Point","coordinates":[-94.7,29.525]}},{"type":"Feature","properties":{"n":52},"geometry":{"type":"Point","coordinates":[-97.045,28.16]}},{"type":"Feature","properties":{"n":52},"geometry":{"type":"Point","coordinates":[-89.54,29.285]}},{"type":"Feature","properties":{"n":396},"geometry":{"type":"Point","coordinates":[-89.43,29.98]}},{"type":"Feature","properties":{"n":76},"geometry":{"type":"Point","coordinates":[-90.65,29.225]}},{"type":"Feature","properties":{"n":244},"geometry":{"type":"Point","coordinates":[-90.21,29.3]}},{"type":"Feature","properties":{"n":18},"geometry":{"type":"Point","coordinates":[-89.295,30.045]}},{"type":"Feature","properties":{"n":511},"geometry":{"type":"Point","coordinates":[-90.82,29.225]}},{"type":"Feature","properties":{"n":11},"geometry":{"type":"Point","coordinates":[-90.565,29.415]}},{"type":"Feature","properties":{"n":127},"geometry":{"type":"Point","coordinates":[-89.71,29.455]}},{"type":"Feature","properties":{"n":15},"geometry":{"type":"Point","coordinates":[-90.91,29.175]}},{"type":"Feature","properties":{"n":151},"geometry":{"type":"Point","coordinates":[-90.965,29.29]}},{"type":"Feature","properties":{"n":3},"geometry":{"type":"Point","coordinates":[-96.715,28.34]}},{"type":"Feature","properties":{"n":51},"geometry":{"type":"Point","coordinates":[-89.64,29.36]}},{"type":"Feature","properties":{"n":29},"geometry":{"type":"Point","coordinates":[-89.695,29.455]}},{"type":"Feature","properties":{"n":226},"geometry":{"type":"Point","coordinates":[-90.87,29.245]}},{"type":"Feature","properties":{"n":39},"geometry":{"type":"Point","coordinates":[-89.53,29.705]}},{"type":"Feature","properties":{"n":153},"geometry":{"type":"Point","coordinates":[-90.425,29.265]}},{"type":"Feature","properties":{"n":2},"geometry":{"type":"Point","coordinates":[-91.12,29.255]}},{"type":"Feature","properties":{"n":171},"geometry":{"type":"Point","coordinates":[-90.73,29.15]}},{"type":"Feature","properties":{"n":23},"geometry":{"type":"Point","coordinates":[-89.98,29.455]}},{"type":"Feature","properties":{"n":26},"geometry":{"type":"Point","coordinates":[-89.915,29.48]}},{"type":"Feature","properties":{"n":37},"geometry":{"type":"Point","coordinates":[-90.565,29.235]}},{"type":"Feature","properties":{"n":57},"geometry":{"type":"Point","coordinates":[-89.24,29.945]}},{"type":"Feature","properties":{"n":13},"geometry":{"type":"Point","coordinates":[-90.86,29.085]}},{"type":"Feature","properties":{"n":647},"geometry":{"type":"Point","coordinates":[-90.7,29.195]}},{"type":"Feature","properties":{"n":79},"geometry":{"type":"Point","coordinates":[-89.405,30.03]}},{"type":"Feature","properties":{"n":20},"geometry":{"type":"Point","coordinates":[-90.67,29.375]}},{"type":"Feature","properties":{"n":186},"geometry":{"type":"Point","coordinates":[-90.575,29.335]}},{"type":"Feature","properties":{"n":6},"geometry":{"type":"Point","coordinates":[-96.505,28.605]}},{"type":"Feature","properties":{"n":3},"geometry":{"type":"Point","coordinates":[-96.48,28.6]}},{"type":"Feature","properties":{"n":120},"geometry":{"type":"Point","coordinates":[-91.835,29.465]}},{"type":"Feature","properties":{"n":244},"geometry":{"type":"Point","coordinates":[-89.56,29.71]}},{"type":"Feature","properties":{"n":163},"geometry":{"type":"Point","coordinates":[-89.56,29.295]}},{"type":"Feature","properties":{"n":119},"geometry":{"type":"Point","coordinates":[-90.74,29.15]}},{"type":"Feature","properties":{"n":177},"geometry":{"type":"Point","coordinates":[-91.83,29.445]}},{"type":"Feature","properties":{"n":686},"geometry":{"type":"Point","coordinates":[-76.0,38.33]}},{"type":"Feature","properties":{"n":55},"geometry":{"type":"Point","coordinates":[-90.57,29.33]}},{"type":"Feature","properties":{"n":63},"geometry":{"type":"Point","coordinates":[-89.68,29.445]}},{"type":"Feature","properties":{"n":228},"geometry":{"type":"Point","coordinates":[-89.36,29.925]}},{"type":"Feature","properties":{"n":217},"geometry":{"type":"Point","coordinates":[-90.805,29.13]}},{"type":"Feature","properties":{"n":634},"geometry":{"type":"Point","coordinates":[-96.775,28.33]}},{"type":"Feature","properties":{"n":70},"geometry":{"type":"Point","coordinates":[-89.34,29.975]}},{"type":"Feature","properties":{"n":586},"geometry":{"type":"Point","coordinates":[-97.0,28.115]}},{"type":"Feature","properties":{"n":229},"geometry":{"type":"Point","coordinates":[-89.55,29.3]}},{"type":"Feature","properties":{"n":17},"geometry":{"type":"Point","coordinates":[-92.07,29.585]}},{"type":"Feature","properties":{"n":70},"geometry":{"type":"Point","coordinates":[-92.015,29.545]}},{"type":"Feature","properties":{"n":300},"geometry":{"type":"Point","coordinates":[-89.34,29.9]}},{"type":"Feature","properties":{"n":445},"geometry":{"type":"Point","coordinates":[-90.695,29.24]}},{"type":"Feature","properties":{"n":204},"geometry":{"type":"Point","coordinates":[-90.675,29.35]}},{"type":"Feature","properties":{"n":655},"geometry":{"type":"Point","coordinates":[-89.92,29.47]}},{"type":"Feature","properties":{"n":3},"geometry":{"type":"Point","coordinates":[-91.945,29.53]}},{"type":"Feature","properties":{"n":1087},"geometry":{"type":"Point","coordinates":[-89.58,29.335]}},{"type":"Feature","properties":{"n":363},"geometry":{"type":"Point","coordinates":[-89.23,29.95]}},{"type":"Feature","properties":{"n":594},"geometry":{"type":"Point","coordinates":[-75.955,38.17]}},{"type":"Feature","properties":{"n":287},"geometry":{"type":"Point","coordinates":[-90.195,29.28]}},{"type":"Feature","properties":{"n":76},"geometry":{"type":"Point","coordinates":[-92.025,29.56]}},{"type":"Feature","properties":{"n":51},"geometry":{"type":"Point","coordinates":[-90.095,29.37]}},{"type":"Feature","properties":{"n":107},"geometry":{"type":"Point","coordinates":[-90.86,29.265]}},{"type":"Feature","properties":{"n":275},"geometry":{"type":"Point","coordinates":[-90.745,29.24]}},{"type":"Feature","properties":{"n":333},"geometry":{"type":"Point","coordinates":[-89.5,29.785]}},{"type":"Feature","properties":{"n":194},"geometry":{"type":"Point","coordinates":[-92.015,29.525]}},{"type":"Feature","properties":{"n":13},"geometry":{"type":"Point","coordinates":[-91.95,29.5]}},{"type":"Feature","properties":{"n":1},"geometry":{"type":"Point","coordinates":[-96.955,28.08]}},{"type":"Feature","properties":{"n":21},"geometry":{"type":"Point","coordinates":[-91.96,29.525]}},{"type":"Feature","properties":{"n":215},"geometry":{"type":"Point","coordinates":[-90.71,29.155]}},{"type":"Feature","properties":{"n":121},"geometry":{"type":"Point","coordinates":[-89.775,29.41]}},{"type":"Feature","properties":{"n":112},"geometry":{"type":"Point","coordinates":[-94.805,29.52]}},{"type":"Feature","properties":{"n":4},"geometry":{"type":"Point","coordinates":[-91.915,29.52]}},{"type":"Feature","properties":{"n":85},"geometry":{"type":"Point","coordinates":[-94.855,29.515]}},{"type":"Feature","properties":{"n":208},"geometry":{"type":"Point","coordinates":[-90.6,29.25]}},{"type":"Feature","properties":{"n":6},"geometry":{"type":"Point","coordinates":[-94.89,29.43]}},{"type":"Feature","properties":{"n":290},"geometry":{"type":"Point","coordinates":[-89.505,29.71]}},{"type":"Feature","properties":{"n":43},"geometry":{"type":"Point","coordinates":[-90.605,29.295]}},{"type":"Feature","properties":{"n":26},"geometry":{"type":"Point","coordinates":[-89.53,29.265]}},{"type":"Feature","properties":{"n":32},"geometry":{"type":"Point","coordinates":[-90.45,29.27]}},{"type":"Feature","properties":{"n":171},"geometry":{"type":"Point","coordinates":[-90.695,29.21]}},{"type":"Feature","properties":{"n":180},"geometry":{"type":"Point","coordinates":[-89.295,29.94]}},{"type":"Feature","properties":{"n":68},"geometry":{"type":"Point","coordinates":[-89.57,29.74]}},{"type":"Feature","properties":{"n":35},"geometry":{"type":"Point","coordinates":[-90.815,29.215]}},{"type":"Feature","properties":{"n":18},"geometry":{"type":"Point","coordinates":[-89.63,29.365]}},{"type":"Feature","properties":{"n":687},"geometry":{"type":"Point","coordinates":[-90.685,29.275]}},{"type":"Feature","properties":{"n":26},"geometry":{"type":"Point","coordinates":[-89.57,29.71]}},{"type":"Feature","properties":{"n":1},"geometry":{"type":"Point","coordinates":[-96.67,28.255]}},{"type":"Feature","properties":{"n":2},"geometry":{"type":"Point","coordinates":[-89.505,29.705]}},{"type":"Feature","properties":{"n":56},"geometry":{"type":"Point","coordinates":[-92.01,29.525]}},{"type":"Feature","properties":{"n":26},"geometry":{"type":"Point","coordinates":[-90.11,29.345]}},{"type":"Feature","properties":{"n":73},"geometry":{"type":"Point","coordinates":[-89.745,29.49]}},{"type":"Feature","properties":{"n":30},"geometry":{"type":"Point","coordinates":[-90.85,29.165]}},{"type":"Feature","properties":{"n":554},"geometry":{"type":"Point","coordinates":[-89.65,29.38]}},{"type":"Feature","properties":{"n":244},"geometry":{"type":"Point","coordinates":[-90.475,29.375]}},{"type":"Feature","properties":{"n":18},"geometry":{"type":"Point","coordinates":[-89.6,29.27]}},{"type":"Feature","properties":{"n":2227},"geometry":{"type":"Point","coordinates":[-76.1,38.245]}},{"type":"Feature","properties":{"n":100},"geometry":{"type":"Point","coordinates":[-90.755,29.145]}},{"type":"Feature","properties":{"n":17},"geometry":{"type":"Point","coordinates":[-90.845,29.135]}},{"type":"Feature","properties":{"n":334},"geometry":{"type":"Point","coordinates":[-89.68,29.395]}},{"type":"Feature","properties":{"n":5},"geometry":{"type":"Point","coordinates":[-90.285,29.24]}},{"type":"Feature","properties":{"n":510},"geometry":{"type":"Point","coordinates":[-89.66,29.385]}},{"type":"Feature","properties":{"n":4},"geometry":{"type":"Point","coordinates":[-90.535,29.28]}},{"type":"Feature","properties":{"n":13},"geometry":{"type":"Point","coordinates":[-96.76,28.33]}},{"type":"Feature","properties":{"n":402},"geometry":{"type":"Point","coordinates":[-89.975,29.48]}},{"type":"Feature","properties":{"n":292},"geometry":{"type":"Point","coordinates":[-89.385,29.84]}},{"type":"Feature","properties":{"n":377},"geometry":{"type":"Point","coordinates":[-91.895,29.475]}},{"type":"Feature","properties":{"n":264},"geometry":{"type":"Point","coordinates":[-89.395,29.82]}},{"type":"Feature","properties":{"n":6},"geometry":{"type":"Point","coordinates":[-90.815,29.17]}},{"type":"Feature","properties":{"n":158},"geometry":{"type":"Point","coordinates":[-89.5,29.71]}},{"type":"Feature","properties":{"n":216},"geometry":{"type":"Point","coordinates":[-90.57,29.375]}},{"type":"Feature","properties":{"n":82},"geometry":{"type":"Point","coordinates":[-90.43,29.36]}},{"type":"Feature","properties":{"n":38},"geometry":{"type":"Point","coordinates":[-89.235,30.11]}},{"type":"Feature","properties":{"n":252},"geometry":{"type":"Point","coordinates":[-89.295,29.995]}},{"type":"Feature","properties":{"n":73},"geometry":{"type":"Point","coordinates":[-90.62,29.255]}},{"type":"Feature","properties":{"n":288},"geometry":{"type":"Point","coordinates":[-90.715,29.31]}},{"type":"Feature","properties":{"n":264},"geometry":{"type":"Point","coordinates":[-89.435,29.975]}},{"type":"Feature","properties":{"n":12},"geometry":{"type":"Point","coordinates":[-89.59,29.255]}},{"type":"Feature","properties":{"n":3168},"geometry":{"type":"Point","coordinates":[-89.62,29.385]}},{"type":"Feature","properties":{"n":422},"geometry":{"type":"Point","coordinates":[-89.245,29.965]}},{"type":"Feature","properties":{"n":8},"geometry":{"type":"Point","coordinates":[-94.89,29.435]}},{"type":"Feature","properties":{"n":423},"geometry":{"type":"Point","coordinates":[-94.875,29.615]}},{"type":"Feature","properties":{"n":497},"geometry":{"type":"Point","coordinates":[-89.535,29.345]}},{"type":"Feature","properties":{"n":286},"geometry":{"type":"Point","coordinates":[-90.73,29.17]}},{"type":"Feature","properties":{"n":3},"geometry":{"type":"Point","coordinates":[-90.65,29.165]}},{"type":"Feature","properties":{"n":70},"geometry":{"type":"Point","coordinates":[-90.565,29.32]}},{"type":"Feature","properties":{"n":260},"geometry":{"type":"Point","coordinates":[-90.615,29.345]}},{"type":"Feature","properties":{"n":701},"geometry":{"type":"Point","coordinates":[-89.58,29.33]}},{"type":"Feature","properties":{"n":954},"geometry":{"type":"Point","coordinates":[-89.635,29.375]}},{"type":"Feature","properties":{"n":95},"geometry":{"type":"Point","coordinates":[-92.085,29.585]}},{"type":"Feature","properties":{"n":460},"geometry":{"type":"Point","coordinates":[-91.925,29.48]}},{"type":"Feature","properties":{"n":3},"geometry":{"type":"Point","coordinates":[-89.9,29.53]}},{"type":"Feature","properties":{"n":765},"geometry":{"type":"Point","coordinates":[-89.72,29.355]}},{"type":"Feature","properties":{"n":96},"geometry":{"type":"Point","coordinates":[-91.85,29.39]}},{"type":"Feature","properties":{"n":36},"geometry":{"type":"Point","coordinates":[-89.415,30.04]}},{"type":"Feature","properties":{"n":1801},"geometry":{"type":"Point","coordinates":[-89.68,29.37]}},{"type":"Feature","properties":{"n":479},"geometry":{"type":"Point","coordinates":[-91.855,29.415]}},{"type":"Feature","properties":{"n":35},"geometry":{"type":"Point","coordinates":[-90.63,29.28]}},{"type":"Feature","properties":{"n":706},"geometry":{"type":"Point","coordinates":[-89.7,29.43]}},{"type":"Feature","properties":{"n":1},"geometry":{"type":"Point","coordinates":[-89.83,29.45]}},{"type":"Feature","properties":{"n":841},"geometry":{"type":"Point","coordinates":[-94.695,29.525]}},{"type":"Feature","properties":{"n":194},"geometry":{"type":"Point","coordinates":[-89.265,30.025]}},{"type":"Feature","properties":{"n":55},"geometry":{"type":"Point","coordinates":[-90.215,29.275]}},{"type":"Feature","properties":{"n":1},"geometry":{"type":"Point","coordinates":[-90.825,29.215]}},{"type":"Feature","properties":{"n":12},"geometry":{"type":"Point","coordinates":[-89.715,29.465]}},{"type":"Feature","properties":{"n":23},"geometry":{"type":"Point","coordinates":[-90.67,29.17]}},{"type":"Feature","properties":{"n":87},"geometry":{"type":"Point","coordinates":[-89.665,29.315]}},{"type":"Feature","properties":{"n":20},"geometry":{"type":"Point","coordinates":[-90.63,29.23]}},{"type":"Feature","properties":{"n":131},"geometry":{"type":"Point","coordinates":[-89.325,29.905]}},{"type":"Feature","properties":{"n":30},"geometry":{"type":"Point","coordinates":[-91.9,29.46]}},{"type":"Feature","properties":{"n":101},"geometry":{"type":"Point","coordinates":[-89.435,29.98]}},{"type":"Feature","properties":{"n":4},"geometry":{"type":"Point","coordinates":[-96.675,28.27]}},{"type":"Feature","properties":{"n":186},"geometry":{"type":"Point","coordinates":[-89.365,29.83]}},{"type":"Feature","properties":{"n":60},"geometry":{"type":"Point","coordinates":[-90.575,29.35]}},{"type":"Feature","properties":{"n":714},"geometry":{"type":"Point","coordinates":[-92.07,29.575]}},{"type":"Feature","properties":{"n":98},"geometry":{"type":"Point","coordinates":[-90.75,29.125]}},{"type":"Feature","properties":{"n":6},"geometry":{"type":"Point","coordinates":[-90.725,29.09]}},{"type":"Feature","properties":{"n":19},"geometry":{"type":"Point","coordinates":[-90.23,29.28]}},{"type":"Feature","properties":{"n":562},"geometry":{"type":"Point","coordinates":[-90.595,29.325]}},{"type":"Feature","properties":{"n":441},"geometry":{"type":"Point","coordinates":[-89.93,29.45]}},{"type":"Feature","properties":{"n":313},"geometry":{"type":"Point","coordinates":[-90.01,29.475]}},{"type":"Feature","properties":{"n":207},"geometry":{"type":"Point","coordinates":[-89.515,29.245]}},{"type":"Feature","properties":{"n":84},"geometry":{"type":"Point","coordinates":[-89.365,29.97]}},{"type":"Feature","properties":{"n":28},"geometry":{"type":"Point","coordinates":[-89.87,29.43]}},{"type":"Feature","properties":{"n":9},"geometry":{"type":"Point","coordinates":[-96.61,28.7]}},{"type":"Feature","properties":{"n":33},"geometry":{"type":"Point","coordinates":[-90.705,29.28]}},{"type":"Feature","properties":{"n":27},"geometry":{"type":"Point","coordinates":[-90.74,29.155]}},{"type":"Feature","properties":{"n":70},"geometry":{"type":"Point","coordinates":[-89.31,30.045]}},{"type":"Feature","properties":{"n":603},"geometry":{"type":"Point","coordinates":[-89.99,29.445]}},{"type":"Feature","properties":{"n":791},"geometry":{"type":"Point","coordinates":[-75.87,38.205]}},{"type":"Feature","properties":{"n":17},"geometry":{"type":"Point","coordinates":[-90.74,29.1]}},{"type":"Feature","properties":{"n":72},"geometry":{"type":"Point","coordinates":[-89.86,29.435]}},{"type":"Feature","properties":{"n":163},"geometry":{"type":"Point","coordinates":[-90.78,29.2]}},{"type":"Feature","properties":{"n":665},"geometry":{"type":"Point","coordinates":[-94.755,29.475]}},{"type":"Feature","properties":{"n":2},"geometry":{"type":"Point","coordinates":[-94.655,29.49]}},{"type":"Feature","properties":{"n":513},"geometry":{"type":"Point","coordinates":[-89.605,29.32]}},{"type":"Feature","properties":{"n":7},"geometry":{"type":"Point","coordinates":[-89.64,29.33]}},{"type":"Feature","properties":{"n":2},"geometry":{"type":"Point","coordinates":[-90.45,29.35]}},{"type":"Feature","properties":{"n":113},"geometry":{"type":"Point","coordinates":[-90.66,29.35]}},{"type":"Feature","properties":{"n":15},"geometry":{"type":"Point","coordinates":[-89.73,29.375]}},{"type":"Feature","properties":{"n":36},"geometry":{"type":"Point","coordinates":[-90.61,29.245]}},{"type":"Feature","properties":{"n":1},"geometry":{"type":"Point","coordinates":[-89.815,29.87]}},{"type":"Feature","properties":{"n":41},"geometry":{"type":"Point","coordinates":[-94.87,29.61]}},{"type":"Feature","properties":{"n":17},"geometry":{"type":"Point","coordinates":[-90.84,29.285]}},{"type":"Feature","properties":{"n":186},"geometry":{"type":"Point","coordinates":[-90.45,29.325]}},{"type":"Feature","properties":{"n":60},"geometry":{"type":"Point","coordinates":[-89.775,29.455]}},{"type":"Feature","properties":{"n":402},"geometry":{"type":"Point","coordinates":[-89.505,29.78]}},{"type":"Feature","properties":{"n":5},"geometry":{"type":"Point","coordinates":[-90.685,29.335]}},{"type":"Feature","properties":{"n":59},"geometry":{"type":"Point","coordinates":[-90.96,29.3]}},{"type":"Feature","properties":{"n":501},"geometry":{"type":"Point","coordinates":[-97.005,28.115]}},{"type":"Feature","properties":{"n":1729},"geometry":{"type":"Point","coordinates":[-89.625,29.39]}},{"type":"Feature","properties":{"n":3},"geometry":{"type":"Point","coordinates":[-89.495,30.0]}},{"type":"Feature","properties":{"n":168},"geometry":{"type":"Point","coordinates":[-89.25,30.035]}},{"type":"Feature","properties":{"n":284},"geometry":{"type":"Point","coordinates":[-89.575,29.255]}},{"type":"Feature","properties":{"n":36},"geometry":{"type":"Point","coordinates":[-96.635,28.68]}},{"type":"Feature","properties":{"n":1},"geometry":{"type":"Point","coordinates":[-95.015,29.545]}},{"type":"Feature","properties":{"n":777},"geometry":{"type":"Point","coordinates":[-89.38,29.955]}},{"type":"Feature","properties":{"n":532},"geometry":{"type":"Point","coordinates":[-90.595,29.335]}},{"type":"Feature","properties":{"n":108},"geometry":{"type":"Point","coordinates":[-90.41,29.375]}},{"type":"Feature","properties":{"n":61},"geometry":{"type":"Point","coordinates":[-90.51,29.37]}},{"type":"Feature","properties":{"n":794},"geometry":{"type":"Point","coordinates":[-89.665,29.355]}},{"type":"Feature","properties":{"n":6},"geometry":{"type":"Point","coordinates":[-91.86,29.4]}},{"type":"Feature","properties":{"n":1411},"geometry":{"type":"Point","coordinates":[-89.6,29.355]}},{"type":"Feature","properties":{"n":681},"geometry":{"type":"Point","coordinates":[-97.015,28.11]}},{"type":"Feature","properties":{"n":77},"geometry":{"type":"Point","coordinates":[-90.87,29.11]}},{"type":"Feature","properties":{"n":332},"geometry":{"type":"Point","coordinates":[-89.595,29.27]}},{"type":"Feature","properties":{"n":10},"geometry":{"type":"Point","coordinates":[-90.545,29.23]}},{"type":"Feature","properties":{"n":263},"geometry":{"type":"Point","coordinates":[-90.745,29.125]}},{"type":"Feature","properties":{"n":149},"geometry":{"type":"Point","coordinates":[-89.615,29.935]}},{"type":"Feature","properties":{"n":177},"geometry":{"type":"Point","coordinates":[-89.695,29.365]}},{"type":"Feature","properties":{"n":178},"geometry":{"type":"Point","coordinates":[-90.615,29.27]}},{"type":"Feature","properties":{"n":14},"geometry":{"type":"Point","coordinates":[-90.66,29.33]}},{"type":"Feature","properties":{"n":655},"geometry":{"type":"Point","coordinates":[-89.315,29.83]}},{"type":"Feature","properties":{"n":16},"geometry":{"type":"Point","coordinates":[-90.565,29.325]}},{"type":"Feature","properties":{"n":60},"geometry":{"type":"Point","coordinates":[-91.12,29.29]}},{"type":"Feature","properties":{"n":2841},"geometry":{"type":"Point","coordinates":[-89.645,29.395]}},{"type":"Feature","properties":{"n":29},"geometry":{"type":"Point","coordinates":[-89.57,29.67]}},{"type":"Feature","properties":{"n":83},"geometry":{"type":"Point","coordinates":[-90.69,29.17]}},{"type":"Feature","properties":{"n":3},"geometry":{"type":"Point","coordinates":[-89.63,29.935]}},{"type":"Feature","properties":{"n":1},"geometry":{"type":"Point","coordinates":[-90.64,29.27]}},{"type":"Feature","properties":{"n":214},"geometry":{"type":"Point","coordinates":[-89.28,30.005]}},{"type":"Feature","properties":{"n":137},"geometry":{"type":"Point","coordinates":[-90.755,29.265]}},{"type":"Feature","properties":{"n":1},"geometry":{"type":"Point","coordinates":[-89.605,29.39]}},{"type":"Feature","properties":{"n":72},"geometry":{"type":"Point","coordinates":[-90.66,29.27]}},{"type":"Feature","properties":{"n":127},"geometry":{"type":"Point","coordinates":[-96.955,28.055]}},{"type":"Feature","properties":{"n":413},"geometry":{"type":"Point","coordinates":[-90.45,29.345]}},{"type":"Feature","properties":{"n":313},"geometry":{"type":"Point","coordinates":[-89.37,29.985]}},{"type":"Feature","properties":{"n":1},"geometry":{"type":"Point","coordinates":[-90.645,29.275]}},{"type":"Feature","properties":{"n":1},"geometry":{"type":"Point","coordinates":[-90.825,29.16]}},{"type":"Feature","properties":{"n":31},"geometry":{"type":"Point","coordinates":[-89.81,29.395]}},{"type":"Feature","properties":{"n":13},"geometry":{"type":"Point","coordinates":[-89.505,29.82]}},{"type":"Feature","properties":{"n":83},"geometry":{"type":"Point","coordinates":[-89.625,29.365]}},{"type":"Feature","properties":{"n":19},"geometry":{"type":"Point","coordinates":[-90.695,29.14]}},{"type":"Feature","properties":{"n":94},"geometry":{"type":"Point","coordinates":[-91.855,29.47]}},{"type":"Feature","properties":{"n":6},"geometry":{"type":"Point","coordinates":[-89.65,29.745]}},{"type":"Feature","properties":{"n":11},"geometry":{"type":"Point","coordinates":[-90.715,29.26]}},{"type":"Feature","properties":{"n":662},"geometry":{"type":"Point","coordinates":[-89.355,29.94]}},{"type":"Feature","properties":{"n":9},"geometry":{"type":"Point","coordinates":[-91.135,29.26]}},{"type":"Feature","properties":{"n":13},"geometry":{"type":"Point","coordinates":[-90.99,29.245]}},{"type":"Feature","properties":{"n":2},"geometry":{"type":"Point","coordinates":[-90.72,29.195]}},{"type":"Feature","properties":{"n":18},"geometry":{"type":"Point","coordinates":[-96.71,28.22]}},{"type":"Feature","properties":{"n":275},"geometry":{"type":"Point","coordinates":[-89.425,29.99]}},{"type":"Feature","properties":{"n":51},"geometry":{"type":"Point","coordinates":[-89.53,29.29]}},{"type":"Feature","properties":{"n":30},"geometry":{"type":"Point","coordinates":[-94.87,29.44]}},{"type":"Feature","properties":{"n":159},"geometry":{"type":"Point","coordinates":[-89.43,29.975]}},{"type":"Feature","properties":{"n":101},"geometry":{"type":"Point","coordinates":[-89.65,29.375]}},{"type":"Feature","properties":{"n":13},"geometry":{"type":"Point","coordinates":[-90.565,29.3]}},{"type":"Feature","properties":{"n":260},"geometry":{"type":"Point","coordinates":[-89.405,30.025]}},{"type":"Feature","properties":{"n":101},"geometry":{"type":"Point","coordinates":[-94.795,29.485]}},{"type":"Feature","properties":{"n":18},"geometry":{"type":"Point","coordinates":[-90.555,29.345]}},{"type":"Feature","properties":{"n":445},"geometry":{"type":"Point","coordinates":[-90.655,29.335]}},{"type":"Feature","properties":{"n":257},"geometry":{"type":"Point","coordinates":[-96.725,28.33]}},{"type":"Feature","properties":{"n":76},"geometry":{"type":"Point","coordinates":[-90.935,29.3]}},{"type":"Feature","properties":{"n":165},"geometry":{"type":"Point","coordinates":[-94.795,29.52]}},{"type":"Feature","properties":{"n":97},"geometry":{"type":"Point","coordinates":[-90.59,29.27]}},{"type":"Feature","properties":{"n":3},"geometry":{"type":"Point","coordinates":[-75.865,38.205]}},{"type":"Feature","properties":{"n":59},"geometry":{"type":"Point","coordinates":[-90.835,29.25]}},{"type":"Feature","properties":{"n":124},"geometry":{"type":"Point","coordinates":[-90.425,29.26]}},{"type":"Feature","properties":{"n":15},"geometry":{"type":"Point","coordinates":[-90.84,29.15]}},{"type":"Feature","properties":{"n":163},"geometry":{"type":"Point","coordinates":[-90.72,29.25]}},{"type":"Feature","properties":{"n":181},"geometry":{"type":"Point","coordinates":[-89.725,29.42]}},{"type":"Feature","properties":{"n":420},"geometry":{"type":"Point","coordinates":[-89.285,29.995]}},{"type":"Feature","properties":{"n":78},"geometry":{"type":"Point","coordinates":[-90.65,29.37]}},{"type":"Feature","properties":{"n":164},"geometry":{"type":"Point","coordinates":[-90.66,29.24]}},{"type":"Feature","properties":{"n":114},"geometry":{"type":"Point","coordinates":[-89.38,29.97]}},{"type":"Feature","properties":{"n":309},"geometry":{"type":"Point","coordinates":[-90.68,29.285]}},{"type":"Feature","properties":{"n":124},"geometry":{"type":"Point","coordinates":[-89.705,29.375]}},{"type":"Feature","properties":{"n":53},"geometry":{"type":"Point","coordinates":[-89.49,29.78]}},{"type":"Feature","properties":{"n":13},"geometry":{"type":"Point","coordinates":[-96.735,28.38]}},{"type":"Feature","properties":{"n":366},"geometry":{"type":"Point","coordinates":[-89.345,29.87]}},{"type":"Feature","properties":{"n":95},"geometry":{"type":"Point","coordinates":[-89.34,29.85]}},{"type":"Feature","properties":{"n":159},"geometry":{"type":"Point","coordinates":[-90.945,29.27]}},{"type":"Feature","properties":{"n":179},"geometry":{"type":"Point","coordinates":[-89.875,29.435]}},{"type":"Feature","properties":{"n":75},"geometry":{"type":"Point","coordinates":[-89.59,29.36]}},{"type":"Feature","properties":{"n":11},"geometry":{"type":"Point","coordinates":[-89.565,29.735]}},{"type":"Feature","properties":{"n":31},"geometry":{"type":"Point","coordinates":[-90.595,29.31]}},{"type":"Feature","properties":{"n":6},"geometry":{"type":"Point","coordinates":[-90.52,29.415]}},{"type":"Feature","properties":{"n":319},"geometry":{"type":"Point","coordinates":[-90.46,29.38]}},{"type":"Feature","properties":{"n":59},"geometry":{"type":"Point","coordinates":[-90.605,29.275]}},{"type":"Feature","properties":{"n":30},"geometry":{"type":"Point","coordinates":[-76.075,38.24]}},{"type":"Feature","properties":{"n":18},"geometry":{"type":"Point","coordinates":[-90.865,29.275]}},{"type":"Feature","properties":{"n":34},"geometry":{"type":"Point","coordinates":[-89.29,29.95]}},{"type":"Feature","properties":{"n":9},"geometry":{"type":"Point","coordinates":[-89.96,29.485]}},{"type":"Feature","properties":{"n":215},"geometry":{"type":"Point","coordinates":[-89.565,29.69]}},{"type":"Feature","properties":{"n":72},"geometry":{"type":"Point","coordinates":[-90.52,29.365]}},{"type":"Feature","properties":{"n":413},"geometry":{"type":"Point","coordinates":[-89.3,29.845]}},{"type":"Feature","properties":{"n":145},"geometry":{"type":"Point","coordinates":[-89.6,29.725]}},{"type":"Feature","properties":{"n":39},"geometry":{"type":"Point","coordinates":[-89.235,30.105]}},{"type":"Feature","properties":{"n":17},"geometry":{"type":"Point","coordinates":[-90.41,29.275]}},{"type":"Feature","properties":{"n":40},"geometry":{"type":"Point","coordinates":[-94.69,29.465]}},{"type":"Feature","properties":{"n":98},"geometry":{"type":"Point","coordinates":[-91.85,29.425]}},{"type":"Feature","properties":{"n":100},"geometry":{"type":"Point","coordinates":[-90.295,29.27]}},{"type":"Feature","properties":{"n":248},"geometry":{"type":"Point","coordinates":[-90.705,29.16]}},{"type":"Feature","properties":{"n":113},"geometry":{"type":"Point","coordinates":[-89.305,30.035]}},{"type":"Feature","properties":{"n":304},"geometry":{"type":"Point","coordinates":[-89.52,29.82]}},{"type":"Feature","properties":{"n":30},"geometry":{"type":"Point","coordinates":[-89.77,29.54]}},{"type":"Feature","properties":{"n":87},"geometry":{"type":"Point","coordinates":[-90.55,29.395]}},{"type":"Feature","properties":{"n":487},"geometry":{"type":"Point","coordinates":[-89.715,29.48]}},{"type":"Feature","properties":{"n":77},"geometry":{"type":"Point","coordinates":[-89.42,29.985]}},{"type":"Feature","properties":{"n":68},"geometry":{"type":"Point","coordinates":[-92.065,29.55]}},{"type":"Feature","properties":{"n":683},"geometry":{"type":"Point","coordinates":[-89.23,29.96]}},{"type":"Feature","properties":{"n":89},"geometry":{"type":"Point","coordinates":[-89.91,29.515]}},{"type":"Feature","properties":{"n":1},"geometry":{"type":"Point","coordinates":[-90.66,29.52]}},{"type":"Feature","properties":{"n":44},"geometry":{"type":"Point","coordinates":[-89.94,29.48]}},{"type":"Feature","properties":{"n":75},"geometry":{"type":"Point","coordinates":[-90.745,29.165]}},{"type":"Feature","properties":{"n":208},"geometry":{"type":"Point","coordinates":[-91.99,29.505]}},{"type":"Feature","properties":{"n":1005},"geometry":{"type":"Point","coordinates":[-89.305,29.935]}},{"type":"Feature","properties":{"n":431},"geometry":{"type":"Point","coordinates":[-89.59,29.99]}},{"type":"Feature","properties":{"n":43},"geometry":{"type":"Point","coordinates":[-97.01,28.115]}},{"type":"Feature","properties":{"n":677},"geometry":{"type":"Point","coordinates":[-89.97,29.43]}},{"type":"Feature","properties":{"n":7},"geometry":{"type":"Point","coordinates":[-97.01,28.065]}},{"type":"Feature","properties":{"n":16},"geometry":{"type":"Point","coordinates":[-90.55,29.31]}},{"type":"Feature","properties":{"n":167},"geometry":{"type":"Point","coordinates":[-90.68,29.225]}},{"type":"Feature","properties":{"n":354},"geometry":{"type":"Point","coordinates":[-89.57,29.73]}},{"type":"Feature","properties":{"n":6},"geometry":{"type":"Point","coordinates":[-89.865,29.44]}},{"type":"Feature","properties":{"n":472},"geometry":{"type":"Point","coordinates":[-89.725,29.35]}},{"type":"Feature","properties":{"n":21},"geometry":{"type":"Point","coordinates":[-89.505,29.76]}},{"type":"Feature","properties":{"n":112},"geometry":{"type":"Point","coordinates":[-89.375,30.02]}},{"type":"Feature","properties":{"n":65},"geometry":{"type":"Point","coordinates":[-92.01,29.54]}},{"type":"Feature","properties":{"n":217},"geometry":{"type":"Point","coordinates":[-90.855,29.09]}},{"type":"Feature","properties":{"n":15},"geometry":{"type":"Point","coordinates":[-90.645,29.215]}},{"type":"Feature","properties":{"n":247},"geometry":{"type":"Point","coordinates":[-89.64,29.39]}},{"type":"Feature","properties":{"n":23},"geometry":{"type":"Point","coordinates":[-89.335,29.855]}},{"type":"Feature","properties":{"n":377},"geometry":{"type":"Point","coordinates":[-89.46,29.735]}},{"type":"Feature","properties":{"n":362},"geometry":{"type":"Point","coordinates":[-89.985,29.45]}},{"type":"Feature","properties":{"n":114},"geometry":{"type":"Point","coordinates":[-92.025,29.545]}},{"type":"Feature","properties":{"n":449},"geometry":{"type":"Point","coordinates":[-89.335,29.985]}},{"type":"Feature","properties":{"n":57},"geometry":{"type":"Point","coordinates":[-89.285,29.85]}},{"type":"Feature","properties":{"n":40},"geometry":{"type":"Point","coordinates":[-90.545,29.22]}},{"type":"Feature","properties":{"n":131},"geometry":{"type":"Point","coordinates":[-89.27,30.01]}},{"type":"Feature","properties":{"n":190},"geometry":{"type":"Point","coordinates":[-89.535,29.7]}},{"type":"Feature","properties":{"n":440},"geometry":{"type":"Point","coordinates":[-89.605,29.315]}},{"type":"Feature","properties":{"n":5},"geometry":{"type":"Point","coordinates":[-90.08,29.37]}},{"type":"Feature","properties":{"n":173},"geometry":{"type":"Point","coordinates":[-89.355,29.915]}},{"type":"Feature","properties":{"n":9},"geometry":{"type":"Point","coordinates":[-96.675,28.275]}},{"type":"Feature","properties":{"n":417},"geometry":{"type":"Point","coordinates":[-90.76,29.175]}},{"type":"Feature","properties":{"n":153},"geometry":{"type":"Point","coordinates":[-90.575,29.32]}},{"type":"Feature","properties":{"n":426},"geometry":{"type":"Point","coordinates":[-89.24,30.015]}},{"type":"Feature","properties":{"n":1165},"geometry":{"type":"Point","coordinates":[-89.38,30.025]}},{"type":"Feature","properties":{"n":83},"geometry":{"type":"Point","coordinates":[-89.92,29.46]}},{"type":"Feature","properties":{"n":140},"geometry":{"type":"Point","coordinates":[-75.845,38.22]}},{"type":"Feature","properties":{"n":3},"geometry":{"type":"Point","coordinates":[-89.965,29.325]}},{"type":"Feature","properties":{"n":4},"geometry":{"type":"Point","coordinates":[-89.755,29.415]}},{"type":"Feature","properties":{"n":215},"geometry":{"type":"Point","coordinates":[-90.595,29.245]}},{"type":"Feature","properties":{"n":168},"geometry":{"type":"Point","coordinates":[-89.385,29.955]}},{"type":"Feature","properties":{"n":264},"geometry":{"type":"Point","coordinates":[-89.23,29.995]}},{"type":"Feature","properties":{"n":328},"geometry":{"type":"Point","coordinates":[-89.72,29.44]}},{"type":"Feature","properties":{"n":191},"geometry":{"type":"Point","coordinates":[-90.27,29.28]}},{"type":"Feature","properties":{"n":1},"geometry":{"type":"Point","coordinates":[-90.54,29.29]}},{"type":"Feature","properties":{"n":45},"geometry":{"type":"Point","coordinates":[-75.925,38.31]}},{"type":"Feature","properties":{"n":118},"geometry":{"type":"Point","coordinates":[-89.635,29.925]}},{"type":"Feature","properties":{"n":89},"geometry":{"type":"Point","coordinates":[-90.425,29.375]}},{"type":"Feature","properties":{"n":78},"geometry":{"type":"Point","coordinates":[-89.37,29.8]}},{"type":"Feature","properties":{"n":30},"geometry":{"type":"Point","coordinates":[-89.375,29.8]}},{"type":"Feature","properties":{"n":640},"geometry":{"type":"Point","coordinates":[-89.36,29.84]}},{"type":"Feature","properties":{"n":35},"geometry":{"type":"Point","coordinates":[-89.745,29.455]}},{"type":"Feature","properties":{"n":19},"geometry":{"type":"Point","coordinates":[-90.675,29.305]}},{"type":"Feature","properties":{"n":308},"geometry":{"type":"Point","coordinates":[-90.735,29.185]}},{"type":"Feature","properties":{"n":33},"geometry":{"type":"Point","coordinates":[-89.555,29.72]}},{"type":"Feature","properties":{"n":200},"geometry":{"type":"Point","coordinates":[-75.93,38.265]}},{"type":"Feature","properties":{"n":398},"geometry":{"type":"Point","coordinates":[-90.57,29.31]}},{"type":"Feature","properties":{"n":17},"geometry":{"type":"Point","coordinates":[-90.53,29.23]}},{"type":"Feature","properties":{"n":299},"geometry":{"type":"Point","coordinates":[-89.42,29.875]}},{"type":"Feature","properties":{"n":11},"geometry":{"type":"Point","coordinates":[-90.54,29.41]}},{"type":"Feature","properties":{"n":788},"geometry":{"type":"Point","coordinates":[-94.93,29.255]}},{"type":"Feature","properties":{"n":21},"geometry":{"type":"Point","coordinates":[-89.66,29.395]}},{"type":"Feature","properties":{"n":378},"geometry":{"type":"Point","coordinates":[-90.345,29.33]}},{"type":"Feature","properties":{"n":20},"geometry":{"type":"Point","coordinates":[-89.99,29.39]}},{"type":"Feature","properties":{"n":153},"geometry":{"type":"Point","coordinates":[-90.86,29.22]}},{"type":"Feature","properties":{"n":147},"geometry":{"type":"Point","coordinates":[-90.995,29.195]}},{"type":"Feature","properties":{"n":36},"geometry":{"type":"Point","coordinates":[-90.715,29.23]}},{"type":"Feature","properties":{"n":738},"geometry":{"type":"Point","coordinates":[-89.345,29.885]}},{"type":"Feature","properties":{"n":13},"geometry":{"type":"Point","coordinates":[-89.645,29.6]}},{"type":"Feature","properties":{"n":33},"geometry":{"type":"Point","coordinates":[-90.865,29.215]}},{"type":"Feature","properties":{"n":1},"geometry":{"type":"Point","coordinates":[-89.63,30.525]}},{"type":"Feature","properties":{"n":42},"geometry":{"type":"Point","coordinates":[-89.65,29.71]}},{"type":"Feature","properties":{"n":187},"geometry":{"type":"Point","coordinates":[-94.665,29.495]}},{"type":"Feature","properties":{"n":5},"geometry":{"type":"Point","coordinates":[-90.805,29.15]}},{"type":"Feature","properties":{"n":97},"geometry":{"type":"Point","coordinates":[-91.905,29.5]}},{"type":"Feature","properties":{"n":339},"geometry":{"type":"Point","coordinates":[-90.625,29.32]}},{"type":"Feature","properties":{"n":2},"geometry":{"type":"Point","coordinates":[-90.08,29.375]}},{"type":"Feature","properties":{"n":64},"geometry":{"type":"Point","coordinates":[-90.42,29.375]}},{"type":"Feature","properties":{"n":215},"geometry":{"type":"Point","coordinates":[-94.89,29.49]}},{"type":"Feature","properties":{"n":246},"geometry":{"type":"Point","coordinates":[-90.815,29.14]}},{"type":"Feature","properties":{"n":457},"geometry":{"type":"Point","coordinates":[-90.72,29.23]}},{"type":"Feature","properties":{"n":11},"geometry":{"type":"Point","coordinates":[-94.77,29.505]}},{"type":"Feature","properties":{"n":18},"geometry":{"type":"Point","coordinates":[-90.84,29.165]}},{"type":"Feature","properties":{"n":17},"geometry":{"type":"Point","coordinates":[-90.215,29.305]}},{"type":"Feature","properties":{"n":9},"geometry":{"type":"Point","coordinates":[-90.78,29.195]}},{"type":"Feature","properties":{"n":47},"geometry":{"type":"Point","coordinates":[-91.85,29.49]}},{"type":"Feature","properties":{"n":12},"geometry":{"type":"Point","coordinates":[-90.82,29.175]}},{"type":"Feature","properties":{"n":3},"geometry":{"type":"Point","coordinates":[-96.98,28.07]}},{"type":"Feature","properties":{"n":255},"geometry":{"type":"Point","coordinates":[-89.645,29.3]}},{"type":"Feature","properties":{"n":480},"geometry":{"type":"Point","coordinates":[-96.705,28.24]}},{"type":"Feature","properties":{"n":445},"geometry":{"type":"Point","coordinates":[-89.375,29.835]}},{"type":"Feature","properties":{"n":1208},"geometry":{"type":"Point","coordinates":[-76.08,38.24]}},{"type":"Feature","properties":{"n":1},"geometry":{"type":"Point","coordinates":[-94.9,29.465]}},{"type":"Feature","properties":{"n":426},"geometry":{"type":"Point","coordinates":[-89.755,29.4]}},{"type":"Feature","properties":{"n":242},"geometry":{"type":"Point","coordinates":[-90.415,29.37]}},{"type":"Feature","properties":{"n":41},"geometry":{"type":"Point","coordinates":[-90.96,29.175]}},{"type":"Feature","properties":{"n":11},"geometry":{"type":"Point","coordinates":[-89.455,29.815]}},{"type":"Feature","properties":{"n":52},"geometry":{"type":"Point","coordinates":[-91.97,29.52]}},{"type":"Feature","properties":{"n":130},"geometry":{"type":"Point","coordinates":[-91.145,29.26]}},{"type":"Feature","properties":{"n":68},"geometry":{"type":"Point","coordinates":[-90.24,29.275]}},{"type":"Feature","properties":{"n":47},"geometry":{"type":"Point","coordinates":[-89.505,29.24]}},{"type":"Feature","properties":{"n":19},"geometry":{"type":"Point","coordinates":[-90.68,29.135]}},{"type":"Feature","properties":{"n":244},"geometry":{"type":"Point","coordinates":[-91.91,29.48]}},{"type":"Feature","properties":{"n":12},"geometry":{"type":"Point","coordinates":[-95.02,29.545]}},{"type":"Feature","properties":{"n":213},"geometry":{"type":"Point","coordinates":[-76.2,38.745]}},{"type":"Feature","properties":{"n":4},"geometry":{"type":"Point","coordinates":[-90.55,29.3]}},{"type":"Feature","properties":{"n":50},"geometry":{"type":"Point","coordinates":[-89.46,29.815]}},{"type":"Feature","properties":{"n":1024},"geometry":{"type":"Point","coordinates":[-89.765,29.48]}},{"type":"Feature","properties":{"n":59},"geometry":{"type":"Point","coordinates":[-90.93,29.3]}},{"type":"Feature","properties":{"n":81},"geometry":{"type":"Point","coordinates":[-90.415,29.385]}},{"type":"Feature","properties":{"n":155},"geometry":{"type":"Point","coordinates":[-90.975,29.285]}},{"type":"Feature","properties":{"n":207},"geometry":{"type":"Point","coordinates":[-89.32,29.835]}},{"type":"Feature","properties":{"n":514},"geometry":{"type":"Point","coordinates":[-96.725,28.325]}},{"type":"Feature","properties":{"n":1},"geometry":{"type":"Point","coordinates":[-89.29,30.005]}},{"type":"Feature","properties":{"n":2},"geometry":{"type":"Point","coordinates":[-90.58,29.26]}},{"type":"Feature","properties":{"n":127},"geometry":{"type":"Point","coordinates":[-90.55,29.34]}},{"type":"Feature","properties":{"n":15},"geometry":{"type":"Point","coordinates":[-90.58,29.375]}},{"type":"Feature","properties":{"n":94},"geometry":{"type":"Point","coordinates":[-89.315,29.875]}},{"type":"Feature","properties":{"n":192},"geometry":{"type":"Point","coordinates":[-94.71,29.48]}},{"type":"Feature","properties":{"n":32},"geometry":{"type":"Point","coordinates":[-89.625,29.72]}},{"type":"Feature","properties":{"n":197},"geometry":{"type":"Point","coordinates":[-90.61,29.26]}},{"type":"Feature","properties":{"n":5},"geometry":{"type":"Point","coordinates":[-90.855,29.135]}},{"type":"Feature","properties":{"n":124},"geometry":{"type":"Point","coordinates":[-89.33,29.825]}},{"type":"Feature","properties":{"n":17},"geometry":{"type":"Point","coordinates":[-89.645,29.595]}},{"type":"Feature","properties":{"n":88},"geometry":{"type":"Point","coordinates":[-90.69,29.18]}},{"type":"Feature","properties":{"n":68},"geometry":{"type":"Point","coordinates":[-90.22,29.29]}},{"type":"Feature","properties":{"n":13},"geometry":{"type":"Point","coordinates":[-90.53,29.385]}},{"type":"Feature","properties":{"n":38},"geometry":{"type":"Point","coordinates":[-89.39,29.94]}},{"type":"Feature","properties":{"n":65},"geometry":{"type":"Point","coordinates":[-89.385,29.89]}},{"type":"Feature","properties":{"n":113},"geometry":{"type":"Point","coordinates":[-90.935,29.27]}},{"type":"Feature","properties":{"n":26},"geometry":{"type":"Point","coordinates":[-90.96,29.28]}},{"type":"Feature","properties":{"n":75},"geometry":{"type":"Point","coordinates":[-89.715,29.47]}},{"type":"Feature","properties":{"n":55},"geometry":{"type":"Point","coordinates":[-89.99,29.465]}},{"type":"Feature","properties":{"n":130},"geometry":{"type":"Point","coordinates":[-94.905,29.53]}},{"type":"Feature","properties":{"n":281},"geometry":{"type":"Point","coordinates":[-90.7,29.165]}},{"type":"Feature","properties":{"n":99},"geometry":{"type":"Point","coordinates":[-89.63,29.4]}},{"type":"Feature","properties":{"n":180},"geometry":{"type":"Point","coordinates":[-90.265,29.26]}},{"type":"Feature","properties":{"n":17},"geometry":{"type":"Point","coordinates":[-90.8,29.14]}},{"type":"Feature","properties":{"n":1771},"geometry":{"type":"Point","coordinates":[-89.245,29.99]}},{"type":"Feature","properties":{"n":131},"geometry":{"type":"Point","coordinates":[-92.1,29.57]}},{"type":"Feature","properties":{"n":45},"geometry":{"type":"Point","coordinates":[-89.225,30.105]}},{"type":"Feature","properties":{"n":548},"geometry":{"type":"Point","coordinates":[-89.305,29.94]}},{"type":"Feature","properties":{"n":255},"geometry":{"type":"Point","coordinates":[-89.74,29.315]}},{"type":"Feature","properties":{"n":80},"geometry":{"type":"Point","coordinates":[-90.5,29.34]}},{"type":"Feature","properties":{"n":311},"geometry":{"type":"Point","coordinates":[-90.445,29.38]}},{"type":"Feature","properties":{"n":352},"geometry":{"type":"Point","coordinates":[-89.425,29.74]}},{"type":"Feature","properties":{"n":82},"geometry":{"type":"Point","coordinates":[-90.505,29.375]}},{"type":"Feature","properties":{"n":42},"geometry":{"type":"Point","coordinates":[-89.84,29.45]}},{"type":"Feature","properties":{"n":157},"geometry":{"type":"Point","coordinates":[-89.54,29.71]}},{"type":"Feature","properties":{"n":727},"geometry":{"type":"Point","coordinates":[-75.925,38.315]}},{"type":"Feature","properties":{"n":213},"geometry":{"type":"Point","coordinates":[-89.5,29.315]}},{"type":"Feature","properties":{"n":477},"geometry":{"type":"Point","coordinates":[-91.89,29.485]}},{"type":"Feature","properties":{"n":43},"geometry":{"type":"Point","coordinates":[-89.345,29.95]}},{"type":"Feature","properties":{"n":15},"geometry":{"type":"Point","coordinates":[-90.555,29.215]}},{"type":"Feature","properties":{"n":32},"geometry":{"type":"Point","coordinates":[-89.75,29.485]}},{"type":"Feature","properties":{"n":53},"geometry":{"type":"Point","coordinates":[-90.7,29.21]}},{"type":"Feature","properties":{"n":71},"geometry":{"type":"Point","coordinates":[-96.715,28.355]}},{"type":"Feature","properties":{"n":168},"geometry":{"type":"Point","coordinates":[-90.53,29.395]}},{"type":"Feature","properties":{"n":103},"geometry":{"type":"Point","coordinates":[-90.67,29.335]}},{"type":"Feature","properties":{"n":57},"geometry":{"type":"Point","coordinates":[-90.765,29.175]}},{"type":"Feature","properties":{"n":194},"geometry":{"type":"Point","coordinates":[-90.775,29.235]}},{"type":"Feature","properties":{"n":401},"geometry":{"type":"Point","coordinates":[-90.465,29.38]}},{"type":"Feature","properties":{"n":27},"geometry":{"type":"Point","coordinates":[-90.15,29.365]}},{"type":"Feature","properties":{"n":267},"geometry":{"type":"Point","coordinates":[-75.865,38.22]}},{"type":"Feature","properties":{"n":337},"geometry":{"type":"Point","coordinates":[-89.525,29.28]}},{"type":"Feature","properties":{"n":115},"geometry":{"type":"Point","coordinates":[-90.385,29.36]}},{"type":"Feature","properties":{"n":20},"geometry":{"type":"Point","coordinates":[-89.965,29.43]}},{"type":"Feature","properties":{"n":94},"geometry":{"type":"Point","coordinates":[-90.85,29.265]}},{"type":"Feature","properties":{"n":4},"geometry":{"type":"Point","coordinates":[-89.435,29.93]}},{"type":"Feature","properties":{"n":72},"geometry":{"type":"Point","coordinates":[-96.73,28.29]}},{"type":"Feature","properties":{"n":4},"geometry":{"type":"Point","coordinates":[-89.365,29.8]}},{"type":"Feature","properties":{"n":242},"geometry":{"type":"Point","coordinates":[-89.295,29.975]}},{"type":"Feature","properties":{"n":81},"geometry":{"type":"Point","coordinates":[-91.165,29.27]}},{"type":"Feature","properties":{"n":50},"geometry":{"type":"Point","coordinates":[-96.72,28.335]}},{"type":"Feature","properties":{"n":101},"geometry":{"type":"Point","coordinates":[-89.58,29.34]}},{"type":"Feature","properties":{"n":208},"geometry":{"type":"Point","coordinates":[-90.45,29.39]}},{"type":"Feature","properties":{"n":101},"geometry":{"type":"Point","coordinates":[-89.655,29.39]}},{"type":"Feature","properties":{"n":1},"geometry":{"type":"Point","coordinates":[-90.76,29.6]}},{"type":"Feature","properties":{"n":54},"geometry":{"type":"Point","coordinates":[-90.8,29.125]}},{"type":"Feature","properties":{"n":62},"geometry":{"type":"Point","coordinates":[-90.81,29.22]}},{"type":"Feature","properties":{"n":1069},"geometry":{"type":"Point","coordinates":[-89.6,29.335]}},{"type":"Feature","properties":{"n":403},"geometry":{"type":"Point","coordinates":[-91.94,29.525]}},{"type":"Feature","properties":{"n":104},"geometry":{"type":"Point","coordinates":[-90.06,29.38]}},{"type":"Feature","properties":{"n":68},"geometry":{"type":"Point","coordinates":[-90.595,29.3]}},{"type":"Feature","properties":{"n":478},"geometry":{"type":"Point","coordinates":[-96.52,28.605]}},{"type":"Feature","properties":{"n":132},"geometry":{"type":"Point","coordinates":[-91.845,29.44]}},{"type":"Feature","properties":{"n":196},"geometry":{"type":"Point","coordinates":[-89.495,29.76]}},{"type":"Feature","properties":{"n":1},"geometry":{"type":"Point","coordinates":[-96.655,28.25]}},{"type":"Feature","properties":{"n":273},"geometry":{"type":"Point","coordinates":[-90.835,29.125]}},{"type":"Feature","properties":{"n":66},"geometry":{"type":"Point","coordinates":[-76.08,38.245]}},{"type":"Feature","properties":{"n":118},"geometry":{"type":"Point","coordinates":[-90.525,29.395]}},{"type":"Feature","properties":{"n":376},"geometry":{"type":"Point","coordinates":[-90.205,29.29]}},{"type":"Feature","properties":{"n":313},"geometry":{"type":"Point","coordinates":[-89.57,29.325]}},{"type":"Feature","properties":{"n":232},"geometry":{"type":"Point","coordinates":[-92.1,29.585]}},{"type":"Feature","properties":{"n":48},"geometry":{"type":"Point","coordinates":[-94.875,29.505]}},{"type":"Feature","properties":{"n":91},"geometry":{"type":"Point","coordinates":[-90.76,29.14]}},{"type":"Feature","properties":{"n":131},"geometry":{"type":"Point","coordinates":[-96.73,28.325]}},{"type":"Feature","properties":{"n":41},"geometry":{"type":"Point","coordinates":[-89.575,29.685]}},{"type":"Feature","properties":{"n":58},"geometry":{"type":"Point","coordinates":[-91.12,29.26]}},{"type":"Feature","properties":{"n":50},"geometry":{"type":"Point","coordinates":[-89.73,29.435]}},{"type":"Feature","properties":{"n":229},"geometry":{"type":"Point","coordinates":[-89.335,29.925]}},{"type":"Feature","properties":{"n":219},"geometry":{"type":"Point","coordinates":[-90.695,29.3]}},{"type":"Feature","properties":{"n":31},"geometry":{"type":"Point","coordinates":[-90.395,29.355]}},{"type":"Feature","properties":{"n":187},"geometry":{"type":"Point","coordinates":[-90.225,29.295]}},{"type":"Feature","properties":{"n":493},"geometry":{"type":"Point","coordinates":[-94.755,29.48]}},{"type":"Feature","properties":{"n":115},"geometry":{"type":"Point","coordinates":[-90.385,29.34]}},{"type":"Feature","properties":{"n":34},"geometry":{"type":"Point","coordinates":[-89.59,29.275]}},{"type":"Feature","properties":{"n":357},"geometry":{"type":"Point","coordinates":[-92.095,29.575]}},{"type":"Feature","properties":{"n":408},"geometry":{"type":"Point","coordinates":[-89.585,29.3]}},{"type":"Feature","properties":{"n":118},"geometry":{"type":"Point","coordinates":[-90.57,29.36]}},{"type":"Feature","properties":{"n":756},"geometry":{"type":"Point","coordinates":[-76.1,38.25]}},{"type":"Feature","properties":{"n":163},"geometry":{"type":"Point","coordinates":[-92.105,29.57]}},{"type":"Feature","properties":{"n":91},"geometry":{"type":"Point","coordinates":[-90.53,29.375]}},{"type":"Feature","properties":{"n":16},"geometry":{"type":"Point","coordinates":[-90.56,29.405]}},{"type":"Feature","properties":{"n":117},"geometry":{"type":"Point","coordinates":[-90.68,29.2]}},{"type":"Feature","properties":{"n":4},"geometry":{"type":"Point","coordinates":[-89.405,29.98]}},{"type":"Feature","properties":{"n":153},"geometry":{"type":"Point","coordinates":[-90.785,29.185]}},{"type":"Feature","properties":{"n":28},"geometry":{"type":"Point","coordinates":[-89.825,30.035]}},{"type":"Feature","properties":{"n":337},"geometry":{"type":"Point","coordinates":[-90.765,29.2]}},{"type":"Feature","properties":{"n":474},"geometry":{"type":"Point","coordinates":[-89.665,29.375]}},{"type":"Feature","properties":{"n":2},"geometry":{"type":"Point","coordinates":[-89.55,29.745]}},{"type":"Feature","properties":{"n":368},"geometry":{"type":"Point","coordinates":[-89.615,29.33]}},{"type":"Feature","properties":{"n":14},"geometry":{"type":"Point","coordinates":[-89.32,29.83]}},{"type":"Feature","properties":{"n":44},"geometry":{"type":"Point","coordinates":[-89.82,29.415]}},{"type":"Feature","properties":{"n":200},"geometry":{"type":"Point","coordinates":[-91.88,29.495]}},{"type":"Feature","properties":{"n":116},"geometry":{"type":"Point","coordinates":[-91.935,29.475]}},{"type":"Feature","properties":{"n":42},"geometry":{"type":"Point","coordinates":[-89.49,29.225]}},{"type":"Feature","properties":{"n":214},"geometry":{"type":"Point","coordinates":[-90.66,29.22]}},{"type":"Feature","properties":{"n":73},"geometry":{"type":"Point","coordinates":[-89.285,29.95]}},{"type":"Feature","properties":{"n":109},"geometry":{"type":"Point","coordinates":[-92.065,29.56]}},{"type":"Feature","properties":{"n":267},"geometry":{"type":"Point","coordinates":[-89.255,29.935]}},{"type":"Feature","properties":{"n":368},"geometry":{"type":"Point","coordinates":[-89.255,30.05]}},{"type":"Feature","properties":{"n":218},"geometry":{"type":"Point","coordinates":[-89.675,29.4]}},{"type":"Feature","properties":{"n":98},"geometry":{"type":"Point","coordinates":[-89.46,29.98]}},{"type":"Feature","properties":{"n":117},"geometry":{"type":"Point","coordinates":[-90.83,29.22]}},{"type":"Feature","properties":{"n":11},"geometry":{"type":"Point","coordinates":[-90.295,29.25]}},{"type":"Feature","properties":{"n":591},"geometry":{"type":"Point","coordinates":[-96.715,28.25]}},{"type":"Feature","properties":{"n":43},"geometry":{"type":"Point","coordinates":[-89.665,29.35]}},{"type":"Feature","properties":{"n":523},"geometry":{"type":"Point","coordinates":[-89.405,29.915]}},{"type":"Feature","properties":{"n":4},"geometry":{"type":"Point","coordinates":[-89.83,30.035]}},{"type":"Feature","properties":{"n":159},"geometry":{"type":"Point","coordinates":[-90.8,29.13]}},{"type":"Feature","properties":{"n":1},"geometry":{"type":"Point","coordinates":[-89.33,29.865]}},{"type":"Feature","properties":{"n":109},"geometry":{"type":"Point","coordinates":[-90.515,29.365]}},{"type":"Feature","properties":{"n":59},"geometry":{"type":"Point","coordinates":[-96.965,28.065]}},{"type":"Feature","properties":{"n":209},"geometry":{"type":"Point","coordinates":[-89.82,29.465]}},{"type":"Feature","properties":{"n":293},"geometry":{"type":"Point","coordinates":[-90.355,29.33]}},{"type":"Feature","properties":{"n":192},"geometry":{"type":"Point","coordinates":[-89.32,30.0]}},{"type":"Feature","properties":{"n":1},"geometry":{"type":"Point","coordinates":[-89.41,29.97]}},{"type":"Feature","properties":{"n":1},"geometry":{"type":"Point","coordinates":[-90.515,29.385]}},{"type":"Feature","properties":{"n":84},"geometry":{"type":"Point","coordinates":[-89.31,29.96]}},{"type":"Feature","properties":{"n":1},"geometry":{"type":"Point","coordinates":[-91.765,29.395]}},{"type":"Feature","properties":{"n":16},"geometry":{"type":"Point","coordinates":[-91.94,29.505]}},{"type":"Feature","properties":{"n":37},"geometry":{"type":"Point","coordinates":[-89.98,29.46]}},{"type":"Feature","properties":{"n":1},"geometry":{"type":"Point","coordinates":[-90.75,29.095]}},{"type":"Feature","properties":{"n":13},"geometry":{"type":"Point","coordinates":[-90.39,29.355]}},{"type":"Feature","properties":{"n":190},"geometry":{"type":"Point","coordinates":[-89.515,29.295]}},{"type":"Feature","properties":{"n":59},"geometry":{"type":"Point","coordinates":[-89.635,29.715]}},{"type":"Feature","properties":{"n":1317},"geometry":{"type":"Point","coordinates":[-89.565,29.265]}},{"type":"Feature","properties":{"n":198},"geometry":{"type":"Point","coordinates":[-91.895,29.5]}},{"type":"Feature","properties":{"n":257},"geometry":{"type":"Point","coordinates":[-91.925,29.495]}},{"type":"Feature","properties":{"n":271},"geometry":{"type":"Point","coordinates":[-90.625,29.265]}},{"type":"Feature","properties":{"n":274},"geometry":{"type":"Point","coordinates":[-89.595,29.99]}},{"type":"Feature","properties":{"n":1},"geometry":{"type":"Point","coordinates":[-91.9,29.505]}},{"type":"Feature","properties":{"n":325},"geometry":{"type":"Point","coordinates":[-89.725,29.44]}},{"type":"Feature","properties":{"n":1},"geometry":{"type":"Point","coordinates":[-90.68,29.315]}},{"type":"Feature","properties":{"n":101},"geometry":{"type":"Point","coordinates":[-90.77,29.155]}},{"type":"Feature","properties":{"n":20},"geometry":{"type":"Point","coordinates":[-90.405,29.385]}},{"type":"Feature","properties":{"n":76},"geometry":{"type":"Point","coordinates":[-89.98,29.49]}},{"type":"Feature","properties":{"n":98},"geometry":{"type":"Point","coordinates":[-94.94,29.245]}},{"type":"Feature","properties":{"n":20},"geometry":{"type":"Point","coordinates":[-89.475,29.825]}},{"type":"Feature","properties":{"n":1},"geometry":{"type":"Point","coordinates":[-96.73,28.335]}},{"type":"Feature","properties":{"n":144},"geometry":{"type":"Point","coordinates":[-96.995,28.115]}},{"type":"Feature","properties":{"n":97},"geometry":{"type":"Point","coordinates":[-90.42,29.265]}},{"type":"Feature","properties":{"n":598},"geometry":{"type":"Point","coordinates":[-89.435,29.755]}},{"type":"Feature","properties":{"n":146},"geometry":{"type":"Point","coordinates":[-89.57,29.295]}},{"type":"Feature","properties":{"n":437},"geometry":{"type":"Point","coordinates":[-89.29,29.92]}},{"type":"Feature","properties":{"n":697},"geometry":{"type":"Point","coordinates":[-90.35,29.33]}},{"type":"Feature","properties":{"n":166},"geometry":{"type":"Point","coordinates":[-89.61,29.365]}},{"type":"Feature","properties":{"n":9},"geometry":{"type":"Point","coordinates":[-90.855,29.275]}},{"type":"Feature","properties":{"n":645},"geometry":{"type":"Point","coordinates":[-89.25,29.99]}},{"type":"Feature","properties":{"n":110},"geometry":{"type":"Point","coordinates":[-89.485,29.815]}},{"type":"Feature","properties":{"n":8},"geometry":{"type":"Point","coordinates":[-90.26,29.255]}},{"type":"Feature","properties":{"n":395},"geometry":{"type":"Point","coordinates":[-89.755,29.34]}},{"type":"Feature","properties":{"n":635},"geometry":{"type":"Point","coordinates":[-89.27,30.025]}},{"type":"Feature","properties":{"n":22},"geometry":{"type":"Point","coordinates":[-89.68,29.315]}},{"type":"Feature","properties":{"n":181},"geometry":{"type":"Point","coordinates":[-92.045,29.56]}},{"type":"Feature","properties":{"n":56},"geometry":{"type":"Point","coordinates":[-90.67,29.21]}},{"type":"Feature","properties":{"n":11},"geometry":{"type":"Point","coordinates":[-94.88,29.48]}},{"type":"Feature","properties":{"n":8},"geometry":{"type":"Point","coordinates":[-90.49,29.4]}},{"type":"Feature","properties":{"n":5},"geometry":{"type":"Point","coordinates":[-90.41,29.36]}},{"type":"Feature","properties":{"n":13},"geometry":{"type":"Point","coordinates":[-90.555,29.23]}},{"type":"Feature","properties":{"n":121},"geometry":{"type":"Point","coordinates":[-90.695,29.275]}},{"type":"Feature","properties":{"n":37},"geometry":{"type":"Point","coordinates":[-89.47,29.985]}},{"type":"Feature","properties":{"n":327},"geometry":{"type":"Point","coordinates":[-96.94,28.09]}},{"type":"Feature","properties":{"n":205},"geometry":{"type":"Point","coordinates":[-89.385,29.82]}},{"type":"Feature","properties":{"n":110},"geometry":{"type":"Point","coordinates":[-96.935,28.095]}},{"type":"Feature","properties":{"n":480},"geometry":{"type":"Point","coordinates":[-89.295,29.985]}},{"type":"Feature","properties":{"n":141},"geometry":{"type":"Point","coordinates":[-89.49,30.005]}},{"type":"Feature","properties":{"n":7},"geometry":{"type":"Point","coordinates":[-90.315,29.27]}},{"type":"Feature","properties":{"n":255},"geometry":{"type":"Point","coordinates":[-94.79,29.53]}},{"type":"Feature","properties":{"n":434},"geometry":{"type":"Point","coordinates":[-90.275,29.28]}},{"type":"Feature","properties":{"n":638},"geometry":{"type":"Point","coordinates":[-89.69,29.46]}},{"type":"Feature","properties":{"n":35},"geometry":{"type":"Point","coordinates":[-89.305,29.92]}},{"type":"Feature","properties":{"n":114},"geometry":{"type":"Point","coordinates":[-89.51,29.245]}},{"type":"Feature","properties":{"n":222},"geometry":{"type":"Point","coordinates":[-89.81,29.37]}},{"type":"Feature","properties":{"n":3},"geometry":{"type":"Point","coordinates":[-90.7,29.415]}},{"type":"Feature","properties":{"n":30},"geometry":{"type":"Point","coordinates":[-90.03,29.46]}},{"type":"Feature","properties":{"n":1103},"geometry":{"type":"Point","coordinates":[-89.615,29.35]}},{"type":"Feature","properties":{"n":118},"geometry":{"type":"Point","coordinates":[-89.535,29.71]}},{"type":"Feature","properties":{"n":47},"geometry":{"type":"Point","coordinates":[-89.475,29.82]}},{"type":"Feature","properties":{"n":213},"geometry":{"type":"Point","coordinates":[-89.24,29.95]}},{"type":"Feature","properties":{"n":103},"geometry":{"type":"Point","coordinates":[-90.675,29.18]}},{"type":"Feature","properties":{"n":189},"geometry":{"type":"Point","coordinates":[-94.835,29.495]}},{"type":"Feature","properties":{"n":27},"geometry":{"type":"Point","coordinates":[-91.16,29.24]}},{"type":"Feature","properties":{"n":69},"geometry":{"type":"Point","coordinates":[-90.625,29.27]}},{"type":"Feature","properties":{"n":66},"geometry":{"type":"Point","coordinates":[-89.555,29.255]}},{"type":"Feature","properties":{"n":45},"geometry":{"type":"Point","coordinates":[-90.275,29.29]}},{"type":"Feature","properties":{"n":36},"geometry":{"type":"Point","coordinates":[-90.315,29.395]}},{"type":"Feature","properties":{"n":111},"geometry":{"type":"Point","coordinates":[-89.72,29.4]}},{"type":"Feature","properties":{"n":37},"geometry":{"type":"Point","coordinates":[-96.93,28.095]}},{"type":"Feature","properties":{"n":538},"geometry":{"type":"Point","coordinates":[-90.31,29.38]}},{"type":"Feature","properties":{"n":340},"geometry":{"type":"Point","coordinates":[-90.47,29.385]}},{"type":"Feature","properties":{"n":5},"geometry":{"type":"Point","coordinates":[-89.315,29.89]}},{"type":"Feature","properties":{"n":304},"geometry":{"type":"Point","coordinates":[-90.74,29.255]}},{"type":"Feature","properties":{"n":513},"geometry":{"type":"Point","coordinates":[-89.435,29.73]}},{"type":"Feature","properties":{"n":115},"geometry":{"type":"Point","coordinates":[-90.79,29.15]}},{"type":"Feature","properties":{"n":76},"geometry":{"type":"Point","coordinates":[-90.395,29.335]}},{"type":"Feature","properties":{"n":46},"geometry":{"type":"Point","coordinates":[-89.7,29.45]}},{"type":"Feature","properties":{"n":210},"geometry":{"type":"Point","coordinates":[-90.835,29.21]}},{"type":"Feature","properties":{"n":85},"geometry":{"type":"Point","coordinates":[-89.42,29.795]}},{"type":"Feature","properties":{"n":1},"geometry":{"type":"Point","coordinates":[-90.805,29.22]}},{"type":"Feature","properties":{"n":64},"geometry":{"type":"Point","coordinates":[-89.5,29.78]}},{"type":"Feature","properties":{"n":250},"geometry":{"type":"Point","coordinates":[-76.145,38.725]}},{"type":"Feature","properties":{"n":81},"geometry":{"type":"Point","coordinates":[-89.41,29.84]}},{"type":"Feature","properties":{"n":222},"geometry":{"type":"Point","coordinates":[-90.8,29.175]}},{"type":"Feature","properties":{"n":254},"geometry":{"type":"Point","coordinates":[-94.885,29.5]}},{"type":"Feature","properties":{"n":710},"geometry":{"type":"Point","coordinates":[-89.32,29.9]}},{"type":"Feature","properties":{"n":626},"geometry":{"type":"Point","coordinates":[-76.135,38.735]}},{"type":"Feature","properties":{"n":156},"geometry":{"type":"Point","coordinates":[-89.635,29.41]}},{"type":"Feature","properties":{"n":103},"geometry":{"type":"Point","coordinates":[-90.43,29.38]}},{"type":"Feature","properties":{"n":7},"geometry":{"type":"Point","coordinates":[-89.515,29.78]}},{"type":"Feature","properties":{"n":700},"geometry":{"type":"Point","coordinates":[-90.725,29.17]}},{"type":"Feature","properties":{"n":382},"geometry":{"type":"Point","coordinates":[-90.705,29.255]}},{"type":"Feature","properties":{"n":112},"geometry":{"type":"Point","coordinates":[-96.765,28.34]}},{"type":"Feature","properties":{"n":187},"geometry":{"type":"Point","coordinates":[-89.665,29.42]}},{"type":"Feature","properties":{"n":114},"geometry":{"type":"Point","coordinates":[-90.805,29.135]}},{"type":"Feature","properties":{"n":1},"geometry":{"type":"Point","coordinates":[-89.99,29.415]}},{"type":"Feature","properties":{"n":105},"geometry":{"type":"Point","coordinates":[-90.015,29.4]}},{"type":"Feature","properties":{"n":53},"geometry":{"type":"Point","coordinates":[-90.175,29.305]}},{"type":"Feature","properties":{"n":4},"geometry":{"type":"Point","coordinates":[-90.815,29.165]}},{"type":"Feature","properties":{"n":306},"geometry":{"type":"Point","coordinates":[-89.335,29.955]}},{"type":"Feature","properties":{"n":349},"geometry":{"type":"Point","coordinates":[-76.205,38.735]}},{"type":"Feature","properties":{"n":8},"geometry":{"type":"Point","coordinates":[-90.65,29.175]}},{"type":"Feature","properties":{"n":164},"geometry":{"type":"Point","coordinates":[-90.74,29.26]}},{"type":"Feature","properties":{"n":519},"geometry":{"type":"Point","coordinates":[-89.295,29.85]}},{"type":"Feature","properties":{"n":8},"geometry":{"type":"Point","coordinates":[-90.645,29.255]}},{"type":"Feature","properties":{"n":7},"geometry":{"type":"Point","coordinates":[-90.935,29.185]}},{"type":"Feature","properties":{"n":45},"geometry":{"type":"Point","coordinates":[-89.8,29.415]}},{"type":"Feature","properties":{"n":330},"geometry":{"type":"Point","coordinates":[-94.705,29.455]}},{"type":"Feature","properties":{"n":8},"geometry":{"type":"Point","coordinates":[-90.635,29.21]}},{"type":"Feature","properties":{"n":4},"geometry":{"type":"Point","coordinates":[-91.905,29.47]}},{"type":"Feature","properties":{"n":63},"geometry":{"type":"Point","coordinates":[-89.465,29.965]}},{"type":"Feature","properties":{"n":9},"geometry":{"type":"Point","coordinates":[-89.93,29.435]}},{"type":"Feature","properties":{"n":71},"geometry":{"type":"Point","coordinates":[-89.825,29.455]}},{"type":"Feature","properties":{"n":165},"geometry":{"type":"Point","coordinates":[-89.7,29.34]}},{"type":"Feature","properties":{"n":96},"geometry":{"type":"Point","coordinates":[-90.655,29.235]}},{"type":"Feature","properties":{"n":25},"geometry":{"type":"Point","coordinates":[-90.585,29.36]}},{"type":"Feature","properties":{"n":55},"geometry":{"type":"Point","coordinates":[-89.63,29.71]}},{"type":"Feature","properties":{"n":899},"geometry":{"type":"Point","coordinates":[-89.57,29.27]}},{"type":"Feature","properties":{"n":248},"geometry":{"type":"Point","coordinates":[-90.495,29.345]}},{"type":"Feature","properties":{"n":99},"geometry":{"type":"Point","coordinates":[-90.68,29.33]}},{"type":"Feature","properties":{"n":294},"geometry":{"type":"Point","coordinates":[-76.005,38.315]}},{"type":"Feature","properties":{"n":77},"geometry":{"type":"Point","coordinates":[-91.86,29.49]}},{"type":"Feature","properties":{"n":2},"geometry":{"type":"Point","coordinates":[-90.075,29.455]}},{"type":"Feature","properties":{"n":1},"geometry":{"type":"Point","coordinates":[-90.665,29.26]}},{"type":"Feature","properties":{"n":3},"geometry":{"type":"Point","coordinates":[-92.225,29.535]}},{"type":"Feature","properties":{"n":67},"geometry":{"type":"Point","coordinates":[-91.98,29.525]}},{"type":"Feature","properties":{"n":215},"geometry":{"type":"Point","coordinates":[-89.71,29.325]}},{"type":"Feature","properties":{"n":18},"geometry":{"type":"Point","coordinates":[-90.65,29.355]}},{"type":"Feature","properties":{"n":500},"geometry":{"type":"Point","coordinates":[-89.39,29.815]}},{"type":"Feature","properties":{"n":593},"geometry":{"type":"Point","coordinates":[-92.04,29.55]}},{"type":"Feature","properties":{"n":57},"geometry":{"type":"Point","coordinates":[-89.51,29.775]}},{"type":"Feature","properties":{"n":8},"geometry":{"type":"Point","coordinates":[-90.56,29.39]}},{"type":"Feature","properties":{"n":415},"geometry":{"type":"Point","coordinates":[-90.735,29.27]}},{"type":"Feature","properties":{"n":297},"geometry":{"type":"Point","coordinates":[-89.695,29.43]}},{"type":"Feature","properties":{"n":193},"geometry":{"type":"Point","coordinates":[-89.49,29.795]}},{"type":"Feature","properties":{"n":4},"geometry":{"type":"Point","coordinates":[-89.93,29.43]}},{"type":"Feature","properties":{"n":49},"geometry":{"type":"Point","coordinates":[-91.95,29.495]}},{"type":"Feature","properties":{"n":111},"geometry":{"type":"Point","coordinates":[-90.42,29.38]}},{"type":"Feature","properties":{"n":212},"geometry":{"type":"Point","coordinates":[-91.015,29.2]}},{"type":"Feature","properties":{"n":181},"geometry":{"type":"Point","coordinates":[-89.53,29.28]}},{"type":"Feature","properties":{"n":13},"geometry":{"type":"Point","coordinates":[-89.68,29.385]}},{"type":"Feature","properties":{"n":20},"geometry":{"type":"Point","coordinates":[-89.97,29.335]}},{"type":"Feature","properties":{"n":562},"geometry":{"type":"Point","coordinates":[-89.78,29.41]}},{"type":"Feature","properties":{"n":247},"geometry":{"type":"Point","coordinates":[-90.665,29.28]}},{"type":"Feature","properties":{"n":36},"geometry":{"type":"Point","coordinates":[-89.715,29.36]}},{"type":"Feature","properties":{"n":33},"geometry":{"type":"Point","coordinates":[-90.505,29.37]}},{"type":"Feature","properties":{"n":627},"geometry":{"type":"Point","coordinates":[-94.76,29.48]}},{"type":"Feature","properties":{"n":34},"geometry":{"type":"Point","coordinates":[-90.84,29.11]}},{"type":"Feature","properties":{"n":483},"geometry":{"type":"Point","coordinates":[-90.59,29.33]}},{"type":"Feature","properties":{"n":4},"geometry":{"type":"Point","coordinates":[-92.125,29.585]}},{"type":"Feature","properties":{"n":29},"geometry":{"type":"Point","coordinates":[-97.05,28.16]}},{"type":"Feature","properties":{"n":89},"geometry":{"type":"Point","coordinates":[-89.38,30.035]}},{"type":"Feature","properties":{"n":291},"geometry":{"type":"Point","coordinates":[-91.9,29.5]}},{"type":"Feature","properties":{"n":401},"geometry":{"type":"Point","coordinates":[-90.69,29.23]}},{"type":"Feature","properties":{"n":28},"geometry":{"type":"Point","coordinates":[-90.12,29.36]}},{"type":"Feature","properties":{"n":1},"geometry":{"type":"Point","coordinates":[-94.935,29.445]}},{"type":"Feature","properties":{"n":30},"geometry":{"type":"Point","coordinates":[-89.77,29.51]}},{"type":"Feature","properties":{"n":99},"geometry":{"type":"Point","coordinates":[-89.575,29.705]}},{"type":"Feature","properties":{"n":460},"geometry":{"type":"Point","coordinates":[-92.08,29.58]}},{"type":"Feature","properties":{"n":408},"geometry":{"type":"Point","coordinates":[-89.74,29.33]}},{"type":"Feature","properties":{"n":69},"geometry":{"type":"Point","coordinates":[-90.44,29.33]}},{"type":"Feature","properties":{"n":117},"geometry":{"type":"Point","coordinates":[-89.325,29.965]}},{"type":"Feature","properties":{"n":427},"geometry":{"type":"Point","coordinates":[-89.975,29.485]}},{"type":"Feature","properties":{"n":33},"geometry":{"type":"Point","coordinates":[-89.81,29.455]}},{"type":"Feature","properties":{"n":745},"geometry":{"type":"Point","coordinates":[-90.725,29.235]}},{"type":"Feature","properties":{"n":376},"geometry":{"type":"Point","coordinates":[-92.055,29.565]}},{"type":"Feature","properties":{"n":159},"geometry":{"type":"Point","coordinates":[-89.265,29.985]}},{"type":"Feature","properties":{"n":224},"geometry":{"type":"Point","coordinates":[-90.48,29.35]}},{"type":"Feature","properties":{"n":945},"geometry":{"type":"Point","coordinates":[-89.57,29.265]}},{"type":"Feature","properties":{"n":196},"geometry":{"type":"Point","coordinates":[-89.58,29.75]}},{"type":"Feature","properties":{"n":207},"geometry":{"type":"Point","coordinates":[-90.205,29.295]}},{"type":"Feature","properties":{"n":17},"geometry":{"type":"Point","coordinates":[-90.56,29.21]}},{"type":"Feature","properties":{"n":73},"geometry":{"type":"Point","coordinates":[-89.66,29.36]}},{"type":"Feature","properties":{"n":1},"geometry":{"type":"Point","coordinates":[-89.435,29.79]}},{"type":"Feature","properties":{"n":187},"geometry":{"type":"Point","coordinates":[-89.32,29.84]}},{"type":"Feature","properties":{"n":239},"geometry":{"type":"Point","coordinates":[-89.62,29.93]}},{"type":"Feature","properties":{"n":53},"geometry":{"type":"Point","coordinates":[-90.97,29.175]}},{"type":"Feature","properties":{"n":280},"geometry":{"type":"Point","coordinates":[-90.35,29.335]}},{"type":"Feature","properties":{"n":293},"geometry":{"type":"Point","coordinates":[-90.6,29.285]}},{"type":"Feature","properties":{"n":48},"geometry":{"type":"Point","coordinates":[-90.79,29.14]}},{"type":"Feature","properties":{"n":758},"geometry":{"type":"Point","coordinates":[-89.705,29.465]}},{"type":"Feature","properties":{"n":13},"geometry":{"type":"Point","coordinates":[-91.945,29.515]}},{"type":"Feature","properties":{"n":2},"geometry":{"type":"Point","coordinates":[-91.865,29.48]}},{"type":"Feature","properties":{"n":228},"geometry":{"type":"Point","coordinates":[-90.735,29.235]}},{"type":"Feature","properties":{"n":179},"geometry":{"type":"Point","coordinates":[-89.365,29.985]}},{"type":"Feature","properties":{"n":197},"geometry":{"type":"Point","coordinates":[-97.005,28.095]}},{"type":"Feature","properties":{"n":509},"geometry":{"type":"Point","coordinates":[-89.255,29.995]}},{"type":"Feature","properties":{"n":126},"geometry":{"type":"Point","coordinates":[-90.565,29.38]}},{"type":"Feature","properties":{"n":303},"geometry":{"type":"Point","coordinates":[-89.755,29.395]}},{"type":"Feature","properties":{"n":137},"geometry":{"type":"Point","coordinates":[-90.725,29.19]}},{"type":"Feature","properties":{"n":8},"geometry":{"type":"Point","coordinates":[-90.69,29.31]}},{"type":"Feature","properties":{"n":120},"geometry":{"type":"Point","coordinates":[-89.43,29.815]}},{"type":"Feature","properties":{"n":69},"geometry":{"type":"Point","coordinates":[-90.695,29.295]}},{"type":"Feature","properties":{"n":312},"geometry":{"type":"Point","coordinates":[-89.25,29.97]}},{"type":"Feature","properties":{"n":600},"geometry":{"type":"Point","coordinates":[-89.33,29.895]}},{"type":"Feature","properties":{"n":134},"geometry":{"type":"Point","coordinates":[-89.575,30.005]}},{"type":"Feature","properties":{"n":51},"geometry":{"type":"Point","coordinates":[-90.4,29.37]}},{"type":"Feature","properties":{"n":603},"geometry":{"type":"Point","coordinates":[-90.695,29.29]}},{"type":"Feature","properties":{"n":42},"geometry":{"type":"Point","coordinates":[-89.455,29.705]}},{"type":"Feature","properties":{"n":794},"geometry":{"type":"Point","coordinates":[-90.855,29.215]}},{"type":"Feature","properties":{"n":351},"geometry":{"type":"Point","coordinates":[-90.685,29.19]}},{"type":"Feature","properties":{"n":173},"geometry":{"type":"Point","coordinates":[-89.575,29.305]}},{"type":"Feature","properties":{"n":39},"geometry":{"type":"Point","coordinates":[-97.08,28.14]}},{"type":"Feature","properties":{"n":325},"geometry":{"type":"Point","coordinates":[-89.68,29.345]}},{"type":"Feature","properties":{"n":141},"geometry":{"type":"Point","coordinates":[-89.43,29.805]}},{"type":"Feature","properties":{"n":445},"geometry":{"type":"Point","coordinates":[-89.305,29.99]}},{"type":"Feature","properties":{"n":112},"geometry":{"type":"Point","coordinates":[-90.705,29.135]}},{"type":"Feature","properties":{"n":240},"geometry":{"type":"Point","coordinates":[-94.875,29.435]}},{"type":"Feature","properties":{"n":373},"geometry":{"type":"Point","coordinates":[-91.89,29.49]}},{"type":"Feature","properties":{"n":12},"geometry":{"type":"Point","coordinates":[-90.685,29.365]}},{"type":"Feature","properties":{"n":322},"geometry":{"type":"Point","coordinates":[-89.665,29.305]}},{"type":"Feature","properties":{"n":1171},"geometry":{"type":"Point","coordinates":[-90.745,29.18]}},{"type":"Feature","properties":{"n":54},"geometry":{"type":"Point","coordinates":[-91.91,29.46]}},{"type":"Feature","properties":{"n":181},"geometry":{"type":"Point","coordinates":[-89.49,29.82]}},{"type":"Feature","properties":{"n":21},"geometry":{"type":"Point","coordinates":[-89.575,29.73]}},{"type":"Feature","properties":{"n":1},"geometry":{"type":"Point","coordinates":[-89.48,29.225]}},{"type":"Feature","properties":{"n":256},"geometry":{"type":"Point","coordinates":[-90.43,29.345]}},{"type":"Feature","properties":{"n":84},"geometry":{"type":"Point","coordinates":[-92.015,29.54]}},{"type":"Feature","properties":{"n":83},"geometry":{"type":"Point","coordinates":[-89.315,30.0]}},{"type":"Feature","properties":{"n":1035},"geometry":{"type":"Point","coordinates":[-89.32,29.915]}},{"type":"Feature","properties":{"n":41},"geometry":{"type":"Point","coordinates":[-89.31,29.835]}},{"type":"Feature","properties":{"n":27},"geometry":{"type":"Point","coordinates":[-89.35,29.885]}},{"type":"Feature","properties":{"n":20},"geometry":{"type":"Point","coordinates":[-90.64,29.245]}},{"type":"Feature","properties":{"n":49},"geometry":{"type":"Point","coordinates":[-90.425,29.385]}},{"type":"Feature","properties":{"n":320},"geometry":{"type":"Point","coordinates":[-90.865,29.23]}},{"type":"Feature","properties":{"n":290},"geometry":{"type":"Point","coordinates":[-89.25,30.025]}},{"type":"Feature","properties":{"n":106},"geometry":{"type":"Point","coordinates":[-90.5,29.38]}},{"type":"Feature","properties":{"n":49},"geometry":{"type":"Point","coordinates":[-90.535,29.41]}},{"type":"Feature","properties":{"n":358},"geometry":{"type":"Point","coordinates":[-89.97,29.49]}},{"type":"Feature","properties":{"n":24},"geometry":{"type":"Point","coordinates":[-90.62,29.21]}},{"type":"Feature","properties":{"n":54},"geometry":{"type":"Point","coordinates":[-92.045,29.57]}},{"type":"Feature","properties":{"n":138},"geometry":{"type":"Point","coordinates":[-89.54,29.815]}},{"type":"Feature","properties":{"n":2},"geometry":{"type":"Point","coordinates":[-90.015,29.375]}},{"type":"Feature","properties":{"n":5},"geometry":{"type":"Point","coordinates":[-97.025,28.145]}},{"type":"Feature","properties":{"n":406},"geometry":{"type":"Point","coordinates":[-90.74,29.18]}},{"type":"Feature","properties":{"n":398},"geometry":{"type":"Point","coordinates":[-90.94,29.185]}},{"type":"Feature","properties":{"n":10},"geometry":{"type":"Point","coordinates":[-91.94,29.47]}},{"type":"Feature","properties":{"n":11},"geometry":{"type":"Point","coordinates":[-89.485,29.285]}},{"type":"Feature","properties":{"n":45},"geometry":{"type":"Point","coordinates":[-89.6,29.28]}},{"type":"Feature","properties":{"n":6},"geometry":{"type":"Point","coordinates":[-97.045,28.14]}},{"type":"Feature","properties":{"n":49},"geometry":{"type":"Point","coordinates":[-90.785,29.155]}},{"type":"Feature","properties":{"n":291},"geometry":{"type":"Point","coordinates":[-90.675,29.28]}},{"type":"Feature","properties":{"n":213},"geometry":{"type":"Point","coordinates":[-89.24,30.0]}},{"type":"Feature","properties":{"n":98},"geometry":{"type":"Point","coordinates":[-89.56,29.36]}},{"type":"Feature","properties":{"n":311},"geometry":{"type":"Point","coordinates":[-94.8,29.535]}},{"type":"Feature","properties":{"n":3},"geometry":{"type":"Point","coordinates":[-89.28,29.92]}},{"type":"Feature","properties":{"n":37},"geometry":{"type":"Point","coordinates":[-90.7,29.28]}},{"type":"Feature","properties":{"n":367},"geometry":{"type":"Point","coordinates":[-76.125,38.71]}},{"type":"Feature","properties":{"n":17},"geometry":{"type":"Point","coordinates":[-90.555,29.235]}},{"type":"Feature","properties":{"n":610},"geometry":{"type":"Point","coordinates":[-89.295,29.88]}},{"type":"Feature","properties":{"n":2},"geometry":{"type":"Point","coordinates":[-96.965,28.07]}},{"type":"Feature","properties":{"n":77},"geometry":{"type":"Point","coordinates":[-91.845,29.435]}},{"type":"Feature","properties":{"n":50},"geometry":{"type":"Point","coordinates":[-90.58,29.365]}},{"type":"Feature","properties":{"n":349},"geometry":{"type":"Point","coordinates":[-89.675,29.39]}},{"type":"Feature","properties":{"n":8},"geometry":{"type":"Point","coordinates":[-90.72,29.095]}},{"type":"Feature","properties":{"n":291},"geometry":{"type":"Point","coordinates":[-94.805,29.545]}},{"type":"Feature","properties":{"n":21},"geometry":{"type":"Point","coordinates":[-90.855,29.265]}},{"type":"Feature","properties":{"n":77},"geometry":{"type":"Point","coordinates":[-94.865,29.475]}},{"type":"Feature","properties":{"n":87},"geometry":{"type":"Point","coordinates":[-89.275,29.955]}},{"type":"Feature","properties":{"n":145},"geometry":{"type":"Point","coordinates":[-90.79,29.125]}},{"type":"Feature","properties":{"n":719},"geometry":{"type":"Point","coordinates":[-96.71,28.245]}},{"type":"Feature","properties":{"n":2},"geometry":{"type":"Point","coordinates":[-90.615,29.355]}},{"type":"Feature","properties":{"n":234},"geometry":{"type":"Point","coordinates":[-89.51,29.28]}},{"type":"Feature","properties":{"n":33},"geometry":{"type":"Point","coordinates":[-90.495,29.28]}},{"type":"Feature","properties":{"n":11},"geometry":{"type":"Point","coordinates":[-89.85,29.43]}},{"type":"Feature","properties":{"n":66},"geometry":{"type":"Point","coordinates":[-89.815,29.395]}},{"type":"Feature","properties":{"n":96},"geometry":{"type":"Point","coordinates":[-90.01,29.41]}},{"type":"Feature","properties":{"n":159},"geometry":{"type":"Point","coordinates":[-89.4,29.825]}},{"type":"Feature","properties":{"n":715},"geometry":{"type":"Point","coordinates":[-75.92,38.32]}},{"type":"Feature","properties":{"n":135},"geometry":{"type":"Point","coordinates":[-89.485,29.295]}},{"type":"Feature","properties":{"n":89},"geometry":{"type":"Point","coordinates":[-90.285,29.29]}},{"type":"Feature","properties":{"n":122},"geometry":{"type":"Point","coordinates":[-89.685,29.34]}},{"type":"Feature","properties":{"n":606},"geometry":{"type":"Point","coordinates":[-89.72,29.33]}},{"type":"Feature","properties":{"n":37},"geometry":{"type":"Point","coordinates":[-90.68,29.17]}},{"type":"Feature","properties":{"n":193},"geometry":{"type":"Point","coordinates":[-92.03,29.545]}},{"type":"Feature","properties":{"n":6},"geometry":{"type":"Point","coordinates":[-90.665,29.135]}},{"type":"Feature","properties":{"n":220},"geometry":{"type":"Point","coordinates":[-89.23,30.0]}},{"type":"Feature","properties":{"n":108},"geometry":{"type":"Point","coordinates":[-90.88,29.11]}},{"type":"Feature","properties":{"n":8},"geometry":{"type":"Point","coordinates":[-94.895,29.49]}},{"type":"Feature","properties":{"n":19},"geometry":{"type":"Point","coordinates":[-89.265,29.95]}},{"type":"Feature","properties":{"n":487},"geometry":{"type":"Point","coordinates":[-89.505,29.715]}},{"type":"Feature","properties":{"n":51},"geometry":{"type":"Point","coordinates":[-90.1,29.365]}},{"type":"Feature","properties":{"n":228},"geometry":{"type":"Point","coordinates":[-76.2,38.75]}},{"type":"Feature","properties":{"n":428},"geometry":{"type":"Point","coordinates":[-89.34,29.915]}},{"type":"Feature","properties":{"n":7},"geometry":{"type":"Point","coordinates":[-89.495,29.79]}},{"type":"Feature","properties":{"n":268},"geometry":{"type":"Point","coordinates":[-89.84,29.44]}},{"type":"Feature","properties":{"n":390},"geometry":{"type":"Point","coordinates":[-90.71,29.235]}},{"type":"Feature","properties":{"n":1},"geometry":{"type":"Point","coordinates":[-91.56,29.395]}},{"type":"Feature","properties":{"n":40},"geometry":{"type":"Point","coordinates":[-90.945,29.18]}},{"type":"Feature","properties":{"n":37},"geometry":{"type":"Point","coordinates":[-89.535,29.85]}},{"type":"Feature","properties":{"n":476},"geometry":{"type":"Point","coordinates":[-89.64,29.335]}},{"type":"Feature","properties":{"n":28},"geometry":{"type":"Point","coordinates":[-89.515,29.23]}},{"type":"Feature","properties":{"n":52},"geometry":{"type":"Point","coordinates":[-90.66,29.37]}},{"type":"Feature","properties":{"n":284},"geometry":{"type":"Point","coordinates":[-89.645,29.71]}},{"type":"Feature","properties":{"n":5},"geometry":{"type":"Point","coordinates":[-96.73,28.285]}},{"type":"Feature","properties":{"n":61},"geometry":{"type":"Point","coordinates":[-90.555,29.35]}},{"type":"Feature","properties":{"n":285},"geometry":{"type":"Point","coordinates":[-89.43,29.99]}},{"type":"Feature","properties":{"n":223},"geometry":{"type":"Point","coordinates":[-75.91,38.29]}},{"type":"Feature","properties":{"n":287},"geometry":{"type":"Point","coordinates":[-90.675,29.23]}},{"type":"Feature","properties":{"n":181},"geometry":{"type":"Point","coordinates":[-92.1,29.565]}},{"type":"Feature","properties":{"n":169},"geometry":{"type":"Point","coordinates":[-90.735,29.205]}},{"type":"Feature","properties":{"n":258},"geometry":{"type":"Point","coordinates":[-90.83,29.135]}},{"type":"Feature","properties":{"n":318},"geometry":{"type":"Point","coordinates":[-89.265,30.03]}},{"type":"Feature","properties":{"n":19},"geometry":{"type":"Point","coordinates":[-96.935,28.1]}},{"type":"Feature","properties":{"n":118},"geometry":{"type":"Point","coordinates":[-89.23,29.99]}},{"type":"Feature","properties":{"n":319},"geometry":{"type":"Point","coordinates":[-90.875,29.2]}},{"type":"Feature","properties":{"n":95},"geometry":{"type":"Point","coordinates":[-89.225,30.02]}},{"type":"Feature","properties":{"n":260},"geometry":{"type":"Point","coordinates":[-89.705,29.415]}},{"type":"Feature","properties":{"n":43},"geometry":{"type":"Point","coordinates":[-90.045,29.475]}},{"type":"Feature","properties":{"n":571},"geometry":{"type":"Point","coordinates":[-75.93,38.275]}},{"type":"Feature","properties":{"n":50},"geometry":{"type":"Point","coordinates":[-89.505,29.235]}},{"type":"Feature","properties":{"n":5},"geometry":{"type":"Point","coordinates":[-89.525,29.325]}},{"type":"Feature","properties":{"n":223},"geometry":{"type":"Point","coordinates":[-92.04,29.56]}},{"type":"Feature","properties":{"n":246},"geometry":{"type":"Point","coordinates":[-94.74,29.52]}},{"type":"Feature","properties":{"n":806},"geometry":{"type":"Point","coordinates":[-90.85,29.21]}},{"type":"Feature","properties":{"n":500},"geometry":{"type":"Point","coordinates":[-89.255,30.01]}},{"type":"Feature","properties":{"n":482},"geometry":{"type":"Point","coordinates":[-89.57,29.285]}},{"type":"Feature","properties":{"n":9},"geometry":{"type":"Point","coordinates":[-89.47,29.84]}},{"type":"Feature","properties":{"n":217},"geometry":{"type":"Point","coordinates":[-90.83,29.27]}},{"type":"Feature","properties":{"n":61},"geometry":{"type":"Point","coordinates":[-94.895,29.505]}},{"type":"Feature","properties":{"n":85},"geometry":{"type":"Point","coordinates":[-89.545,29.3]}},{"type":"Feature","properties":{"n":671},"geometry":{"type":"Point","coordinates":[-90.695,29.22]}},{"type":"Feature","properties":{"n":4},"geometry":{"type":"Point","coordinates":[-96.635,28.675]}},{"type":"Feature","properties":{"n":320},"geometry":{"type":"Point","coordinates":[-90.71,29.26]}},{"type":"Feature","properties":{"n":66},"geometry":{"type":"Point","coordinates":[-90.43,29.365]}},{"type":"Feature","properties":{"n":176},"geometry":{"type":"Point","coordinates":[-89.555,29.73]}},{"type":"Feature","properties":{"n":63},"geometry":{"type":"Point","coordinates":[-89.7,29.39]}},{"type":"Feature","properties":{"n":166},"geometry":{"type":"Point","coordinates":[-90.565,29.36]}},{"type":"Feature","properties":{"n":21},"geometry":{"type":"Point","coordinates":[-91.01,29.245]}},{"type":"Feature","properties":{"n":43},"geometry":{"type":"Point","coordinates":[-89.44,29.97]}},{"type":"Feature","properties":{"n":61},"geometry":{"type":"Point","coordinates":[-90.4,29.3]}},{"type":"Feature","properties":{"n":1089},"geometry":{"type":"Point","coordinates":[-76.22,38.77]}},{"type":"Feature","properties":{"n":628},"geometry":{"type":"Point","coordinates":[-89.365,29.845]}},{"type":"Feature","properties":{"n":498},"geometry":{"type":"Point","coordinates":[-89.71,29.385]}},{"type":"Feature","properties":{"n":57},"geometry":{"type":"Point","coordinates":[-90.69,29.145]}},{"type":"Feature","properties":{"n":43},"geometry":{"type":"Point","coordinates":[-89.53,29.695]}},{"type":"Feature","properties":{"n":709},"geometry":{"type":"Point","coordinates":[-90.73,29.2]}},{"type":"Feature","properties":{"n":334},"geometry":{"type":"Point","coordinates":[-89.24,30.03]}},{"type":"Feature","properties":{"n":1733},"geometry":{"type":"Point","coordinates":[-76.065,38.23]}},{"type":"Feature","properties":{"n":45},"geometry":{"type":"Point","coordinates":[-90.79,29.135]}},{"type":"Feature","properties":{"n":212},"geometry":{"type":"Point","coordinates":[-89.745,29.325]}},{"type":"Feature","properties":{"n":32},"geometry":{"type":"Point","coordinates":[-92.105,29.56]}},{"type":"Feature","properties":{"n":5},"geometry":{"type":"Point","coordinates":[-91.845,29.39]}},{"type":"Feature","properties":{"n":39},"geometry":{"type":"Point","coordinates":[-90.87,29.25]}},{"type":"Feature","properties":{"n":122},"geometry":{"type":"Point","coordinates":[-90.81,29.13]}},{"type":"Feature","properties":{"n":44},"geometry":{"type":"Point","coordinates":[-90.125,29.345]}},{"type":"Feature","properties":{"n":15},"geometry":{"type":"Point","coordinates":[-89.335,29.85]}},{"type":"Feature","properties":{"n":302},"geometry":{"type":"Point","coordinates":[-90.87,29.095]}},{"type":"Feature","properties":{"n":501},"geometry":{"type":"Point","coordinates":[-90.745,29.2]}},{"type":"Feature","properties":{"n":148},"geometry":{"type":"Point","coordinates":[-89.915,29.44]}},{"type":"Feature","properties":{"n":15},"geometry":{"type":"Point","coordinates":[-96.715,28.345]}},{"type":"Feature","properties":{"n":164},"geometry":{"type":"Point","coordinates":[-89.585,29.31]}},{"type":"Feature","properties":{"n":4},"geometry":{"type":"Point","coordinates":[-94.715,29.49]}},{"type":"Feature","properties":{"n":5},"geometry":{"type":"Point","coordinates":[-91.095,29.26]}},{"type":"Feature","properties":{"n":843},"geometry":{"type":"Point","coordinates":[-89.76,29.475]}},{"type":"Feature","properties":{"n":9},"geometry":{"type":"Point","coordinates":[-89.44,29.93]}},{"type":"Feature","properties":{"n":152},"geometry":{"type":"Point","coordinates":[-90.695,29.25]}},{"type":"Feature","properties":{"n":28},"geometry":{"type":"Point","coordinates":[-90.715,29.215]}},{"type":"Feature","properties":{"n":145},"geometry":{"type":"Point","coordinates":[-89.51,29.78]}},{"type":"Feature","properties":{"n":104},"geometry":{"type":"Point","coordinates":[-90.535,29.345]}},{"type":"Feature","properties":{"n":10},"geometry":{"type":"Point","coordinates":[-90.71,29.105]}},{"type":"Feature","properties":{"n":346},"geometry":{"type":"Point","coordinates":[-90.25,29.3]}},{"type":"Feature","properties":{"n":251},"geometry":{"type":"Point","coordinates":[-92.105,29.575]}},{"type":"Feature","properties":{"n":28},"geometry":{"type":"Point","coordinates":[-91.13,29.27]}},{"type":"Feature","properties":{"n":706},"geometry":{"type":"Point","coordinates":[-90.755,29.23]}},{"type":"Feature","properties":{"n":226},"geometry":{"type":"Point","coordinates":[-89.46,29.745]}},{"type":"Feature","properties":{"n":11},"geometry":{"type":"Point","coordinates":[-90.815,29.135]}},{"type":"Feature","properties":{"n":227},"geometry":{"type":"Point","coordinates":[-89.98,29.42]}},{"type":"Feature","properties":{"n":17},"geometry":{"type":"Point","coordinates":[-90.635,29.215]}},{"type":"Feature","properties":{"n":23},"geometry":{"type":"Point","coordinates":[-90.57,29.225]}},{"type":"Feature","properties":{"n":1},"geometry":{"type":"Point","coordinates":[-89.495,29.77]}},{"type":"Feature","properties":{"n":186},"geometry":{"type":"Point","coordinates":[-90.675,29.235]}},{"type":"Feature","properties":{"n":64},"geometry":{"type":"Point","coordinates":[-90.71,29.13]}},{"type":"Feature","properties":{"n":5},"geometry":{"type":"Point","coordinates":[-89.785,29.41]}},{"type":"Feature","properties":{"n":6},"geometry":{"type":"Point","coordinates":[-89.375,30.035]}},{"type":"Feature","properties":{"n":694},"geometry":{"type":"Point","coordinates":[-89.235,29.95]}},{"type":"Feature","properties":{"n":128},"geometry":{"type":"Point","coordinates":[-97.035,28.155]}},{"type":"Feature","properties":{"n":53},"geometry":{"type":"Point","coordinates":[-90.835,29.14]}},{"type":"Feature","properties":{"n":45},"geometry":{"type":"Point","coordinates":[-89.855,29.475]}},{"type":"Feature","properties":{"n":51},"geometry":{"type":"Point","coordinates":[-92.04,29.57]}},{"type":"Feature","properties":{"n":326},"geometry":{"type":"Point","coordinates":[-91.895,29.465]}},{"type":"Feature","properties":{"n":285},"geometry":{"type":"Point","coordinates":[-94.72,29.53]}},{"type":"Feature","properties":{"n":336},"geometry":{"type":"Point","coordinates":[-94.72,29.49]}},{"type":"Feature","properties":{"n":189},"geometry":{"type":"Point","coordinates":[-91.145,29.255]}},{"type":"Feature","properties":{"n":6},"geometry":{"type":"Point","coordinates":[-90.515,29.415]}},{"type":"Feature","properties":{"n":14},"geometry":{"type":"Point","coordinates":[-90.56,29.345]}},{"type":"Feature","properties":{"n":690},"geometry":{"type":"Point","coordinates":[-89.985,29.44]}},{"type":"Feature","properties":{"n":2},"geometry":{"type":"Point","coordinates":[-89.475,29.81]}},{"type":"Feature","properties":{"n":204},"geometry":{"type":"Point","coordinates":[-96.72,28.265]}},{"type":"Feature","properties":{"n":4},"geometry":{"type":"Point","coordinates":[-89.225,29.98]}},{"type":"Feature","properties":{"n":176},"geometry":{"type":"Point","coordinates":[-94.665,29.5]}},{"type":"Feature","properties":{"n":201},"geometry":{"type":"Point","coordinates":[-89.21,30.065]}},{"type":"Feature","properties":{"n":190},"geometry":{"type":"Point","coordinates":[-89.995,29.44]}},{"type":"Feature","properties":{"n":118},"geometry":{"type":"Point","coordinates":[-90.43,29.39]}},{"type":"Feature","properties":{"n":139},"geometry":{"type":"Point","coordinates":[-89.62,29.365]}},{"type":"Feature","properties":{"n":323},"geometry":{"type":"Point","coordinates":[-89.975,29.495]}},{"type":"Feature","properties":{"n":274},"geometry":{"type":"Point","coordinates":[-89.515,29.83]}},{"type":"Feature","properties":{"n":1691},"geometry":{"type":"Point","coordinates":[-75.84,38.25]}},{"type":"Feature","properties":{"n":180},"geometry":{"type":"Point","coordinates":[-89.345,29.855]}},{"type":"Feature","properties":{"n":889},"geometry":{"type":"Point","coordinates":[-89.265,29.99]}},{"type":"Feature","properties":{"n":2},"geometry":{"type":"Point","coordinates":[-90.805,29.21]}},{"type":"Feature","properties":{"n":975},"geometry":{"type":"Point","coordinates":[-90.75,29.215]}},{"type":"Feature","properties":{"n":696},"geometry":{"type":"Point","coordinates":[-89.67,29.415]}},{"type":"Feature","properties":{"n":23},"geometry":{"type":"Point","coordinates":[-90.475,29.345]}},{"type":"Feature","properties":{"n":775},"geometry":{"type":"Point","coordinates":[-89.695,29.425]}},{"type":"Feature","properties":{"n":183},"geometry":{"type":"Point","coordinates":[-89.765,29.505]}},{"type":"Feature","properties":{"n":714},"geometry":{"type":"Point","coordinates":[-75.865,38.21]}},{"type":"Feature","properties":{"n":535},"geometry":{"type":"Point","coordinates":[-90.45,29.4]}},{"type":"Feature","properties":{"n":502},"geometry":{"type":"Point","coordinates":[-90.67,29.28]}},{"type":"Feature","properties":{"n":265},"geometry":{"type":"Point","coordinates":[-89.315,29.995]}},{"type":"Feature","properties":{"n":26},"geometry":{"type":"Point","coordinates":[-89.69,29.405]}},{"type":"Feature","properties":{"n":283},"geometry":{"type":"Point","coordinates":[-89.56,29.69]}},{"type":"Feature","properties":{"n":1},"geometry":{"type":"Point","coordinates":[-89.375,29.9]}},{"type":"Feature","properties":{"n":37},"geometry":{"type":"Point","coordinates":[-90.59,29.24]}},{"type":"Feature","properties":{"n":564},"geometry":{"type":"Point","coordinates":[-89.24,29.98]}},{"type":"Feature","properties":{"n":321},"geometry":{"type":"Point","coordinates":[-90.2,29.275]}},{"type":"Feature","properties":{"n":437},"geometry":{"type":"Point","coordinates":[-89.735,29.33]}},{"type":"Feature","properties":{"n":165},"geometry":{"type":"Point","coordinates":[-90.205,29.28]}},{"type":"Feature","properties":{"n":2},"geometry":{"type":"Point","coordinates":[-90.51,29.23]}},{"type":"Feature","properties":{"n":10},"geometry":{"type":"Point","coordinates":[-90.555,29.31]}},{"type":"Feature","properties":{"n":139},"geometry":{"type":"Point","coordinates":[-90.62,29.26]}},{"type":"Feature","properties":{"n":273},"geometry":{"type":"Point","coordinates":[-89.38,29.835]}},{"type":"Feature","properties":{"n":341},"geometry":{"type":"Point","coordinates":[-94.815,29.52]}},{"type":"Feature","properties":{"n":365},"geometry":{"type":"Point","coordinates":[-89.29,29.995]}},{"type":"Feature","properties":{"n":2},"geometry":{"type":"Point","coordinates":[-90.925,29.155]}},{"type":"Feature","properties":{"n":44},"geometry":{"type":"Point","coordinates":[-89.48,29.755]}},{"type":"Feature","properties":{"n":124},"geometry":{"type":"Point","coordinates":[-89.415,29.85]}},{"type":"Feature","properties":{"n":433},"geometry":{"type":"Point","coordinates":[-89.575,29.285]}},{"type":"Feature","properties":{"n":490},"geometry":{"type":"Point","coordinates":[-90.705,29.27]}},{"type":"Feature","properties":{"n":57},"geometry":{"type":"Point","coordinates":[-89.44,29.795]}},{"type":"Feature","properties":{"n":146},"geometry":{"type":"Point","coordinates":[-90.255,29.28]}},{"type":"Feature","properties":{"n":799},"geometry":{"type":"Point","coordinates":[-89.91,29.495]}},{"type":"Feature","properties":{"n":231},"geometry":{"type":"Point","coordinates":[-75.885,38.22]}},{"type":"Feature","properties":{"n":3},"geometry":{"type":"Point","coordinates":[-89.62,29.94]}},{"type":"Feature","properties":{"n":13},"geometry":{"type":"Point","coordinates":[-90.2,29.305]}},{"type":"Feature","properties":{"n":645},"geometry":{"type":"Point","coordinates":[-90.255,29.29]}},{"type":"Feature","properties":{"n":128},"geometry":{"type":"Point","coordinates":[-90.525,29.35]}},{"type":"Feature","properties":{"n":78},"geometry":{"type":"Point","coordinates":[-90.805,29.17]}},{"type":"Feature","properties":{"n":284},"geometry":{"type":"Point","coordinates":[-89.325,29.93]}},{"type":"Feature","properties":{"n":341},"geometry":{"type":"Point","coordinates":[-90.735,29.225]}},{"type":"Feature","properties":{"n":350},"geometry":{"type":"Point","coordinates":[-89.34,29.89]}},{"type":"Feature","properties":{"n":146},"geometry":{"type":"Point","coordinates":[-75.87,38.23]}},{"type":"Feature","properties":{"n":40},"geometry":{"type":"Point","coordinates":[-90.325,29.29]}},{"type":"Feature","properties":{"n":13},"geometry":{"type":"Point","coordinates":[-90.965,29.285]}},{"type":"Feature","properties":{"n":4},"geometry":{"type":"Point","coordinates":[-89.66,29.605]}},{"type":"Feature","properties":{"n":19},"geometry":{"type":"Point","coordinates":[-90.05,29.46]}},{"type":"Feature","properties":{"n":111},"geometry":{"type":"Point","coordinates":[-90.715,29.245]}},{"type":"Feature","properties":{"n":83},"geometry":{"type":"Point","coordinates":[-90.67,29.4]}},{"type":"Feature","properties":{"n":44},"geometry":{"type":"Point","coordinates":[-90.485,29.4]}},{"type":"Feature","properties":{"n":429},"geometry":{"type":"Point","coordinates":[-89.555,29.345]}},{"type":"Feature","properties":{"n":318},"geometry":{"type":"Point","coordinates":[-91.935,29.49]}},{"type":"Feature","properties":{"n":437},"geometry":{"type":"Point","coordinates":[-90.44,29.38]}},{"type":"Feature","properties":{"n":23},"geometry":{"type":"Point","coordinates":[-94.685,29.53]}},{"type":"Feature","properties":{"n":436},"geometry":{"type":"Point","coordinates":[-89.87,29.445]}},{"type":"Feature","properties":{"n":557},"geometry":{"type":"Point","coordinates":[-89.235,29.96]}},{"type":"Feature","properties":{"n":36},"geometry":{"type":"Point","coordinates":[-90.59,29.36]}},{"type":"Feature","properties":{"n":4},"geometry":{"type":"Point","coordinates":[-90.645,29.19]}},{"type":"Feature","properties":{"n":278},"geometry":{"type":"Point","coordinates":[-89.505,29.26]}},{"type":"Feature","properties":{"n":632},"geometry":{"type":"Point","coordinates":[-89.605,29.325]}},{"type":"Feature","properties":{"n":34},"geometry":{"type":"Point","coordinates":[-89.26,30.015]}},{"type":"Feature","properties":{"n":434},"geometry":{"type":"Point","coordinates":[-75.84,38.255]}},{"type":"Feature","properties":{"n":47},"geometry":{"type":"Point","coordinates":[-89.965,29.49]}},{"type":"Feature","properties":{"n":2},"geometry":{"type":"Point","coordinates":[-97.0,28.065]}},{"type":"Feature","properties":{"n":1},"geometry":{"type":"Point","coordinates":[-89.415,29.78]}},{"type":"Feature","properties":{"n":1801},"geometry":{"type":"Point","coordinates":[-76.015,38.315]}},{"type":"Feature","properties":{"n":350},"geometry":{"type":"Point","coordinates":[-90.76,29.185]}},{"type":"Feature","properties":{"n":673},"geometry":{"type":"Point","coordinates":[-90.76,29.2]}},{"type":"Feature","properties":{"n":28},"geometry":{"type":"Point","coordinates":[-90.77,29.19]}},{"type":"Feature","properties":{"n":290},"geometry":{"type":"Point","coordinates":[-89.64,29.71]}},{"type":"Feature","properties":{"n":135},"geometry":{"type":"Point","coordinates":[-89.335,29.89]}},{"type":"Feature","properties":{"n":9},"geometry":{"type":"Point","coordinates":[-91.85,29.435]}},{"type":"Feature","properties":{"n":543},"geometry":{"type":"Point","coordinates":[-90.79,29.17]}},{"type":"Feature","properties":{"n":321},"geometry":{"type":"Point","coordinates":[-89.39,29.97]}},{"type":"Feature","properties":{"n":3},"geometry":{"type":"Point","coordinates":[-76.13,38.6]}},{"type":"Feature","properties":{"n":198},"geometry":{"type":"Point","coordinates":[-90.79,29.18]}},{"type":"Feature","properties":{"n":233},"geometry":{"type":"Point","coordinates":[-89.91,29.5]}},{"type":"Feature","properties":{"n":414},"geometry":{"type":"Point","coordinates":[-94.835,29.48]}},{"type":"Feature","properties":{"n":75},"geometry":{"type":"Point","coordinates":[-89.76,29.47]}},{"type":"Feature","properties":{"n":258},"geometry":{"type":"Point","coordinates":[-90.29,29.255]}},{"type":"Feature","properties":{"n":54},"geometry":{"type":"Point","coordinates":[-89.215,30.11]}},{"type":"Feature","properties":{"n":202},"geometry":{"type":"Point","coordinates":[-89.51,29.31]}},{"type":"Feature","properties":{"n":2},"geometry":{"type":"Point","coordinates":[-89.615,29.71]}},{"type":"Feature","properties":{"n":1275},"geometry":{"type":"Point","coordinates":[-89.295,29.845]}},{"type":"Feature","properties":{"n":2},"geometry":{"type":"Point","coordinates":[-89.965,29.33]}},{"type":"Feature","properties":{"n":95},"geometry":{"type":"Point","coordinates":[-90.225,29.275]}},{"type":"Feature","properties":{"n":61},"geometry":{"type":"Point","coordinates":[-90.765,29.185]}},{"type":"Feature","properties":{"n":71},"geometry":{"type":"Point","coordinates":[-89.59,29.685]}},{"type":"Feature","properties":{"n":358},"geometry":{"type":"Point","coordinates":[-94.7,29.465]}},{"type":"Feature","properties":{"n":8},"geometry":{"type":"Point","coordinates":[-89.97,29.5]}},{"type":"Feature","properties":{"n":251},"geometry":{"type":"Point","coordinates":[-89.625,29.32]}},{"type":"Feature","properties":{"n":444},"geometry":{"type":"Point","coordinates":[-90.24,29.29]}},{"type":"Feature","properties":{"n":256},"geometry":{"type":"Point","coordinates":[-89.935,29.48]}},{"type":"Feature","properties":{"n":444},"geometry":{"type":"Point","coordinates":[-89.375,29.96]}},{"type":"Feature","properties":{"n":1},"geometry":{"type":"Point","coordinates":[-90.755,29.12]}},{"type":"Feature","properties":{"n":135},"geometry":{"type":"Point","coordinates":[-91.85,29.42]}},{"type":"Feature","properties":{"n":658},"geometry":{"type":"Point","coordinates":[-89.455,29.73]}},{"type":"Feature","properties":{"n":178},"geometry":{"type":"Point","coordinates":[-94.66,29.51]}},{"type":"Feature","properties":{"n":163},"geometry":{"type":"Point","coordinates":[-89.32,29.825]}},{"type":"Feature","properties":{"n":200},"geometry":{"type":"Point","coordinates":[-90.605,29.31]}},{"type":"Feature","properties":{"n":233},"geometry":{"type":"Point","coordinates":[-89.295,30.04]}},{"type":"Feature","properties":{"n":60},"geometry":{"type":"Point","coordinates":[-90.055,29.42]}},{"type":"Feature","properties":{"n":5},"geometry":{"type":"Point","coordinates":[-89.86,29.345]}},{"type":"Feature","properties":{"n":931},"geometry":{"type":"Point","coordinates":[-76.13,38.735]}},{"type":"Feature","properties":{"n":184},"geometry":{"type":"Point","coordinates":[-90.59,29.26]}},{"type":"Feature","properties":{"n":6},"geometry":{"type":"Point","coordinates":[-89.835,30.025]}},{"type":"Feature","properties":{"n":175},"geometry":{"type":"Point","coordinates":[-89.98,29.45]}},{"type":"Feature","properties":{"n":316},"geometry":{"type":"Point","coordinates":[-90.33,29.39]}},{"type":"Feature","properties":{"n":576},"geometry":{"type":"Point","coordinates":[-92.065,29.575]}},{"type":"Feature","properties":{"n":87},"geometry":{"type":"Point","coordinates":[-89.72,29.325]}},{"type":"Feature","properties":{"n":13},"geometry":{"type":"Point","coordinates":[-89.915,29.475]}},{"type":"Feature","properties":{"n":35},"geometry":{"type":"Point","coordinates":[-96.615,28.29]}},{"type":"Feature","properties":{"n":56},"geometry":{"type":"Point","coordinates":[-89.96,29.435]}},{"type":"Feature","properties":{"n":224},"geometry":{"type":"Point","coordinates":[-90.655,29.195]}},{"type":"Feature","properties":{"n":110},"geometry":{"type":"Point","coordinates":[-89.37,29.97]}},{"type":"Feature","properties":{"n":400},"geometry":{"type":"Point","coordinates":[-90.615,29.305]}},{"type":"Feature","properties":{"n":316},"geometry":{"type":"Point","coordinates":[-90.615,29.28]}},{"type":"Feature","properties":{"n":72},"geometry":{"type":"Point","coordinates":[-89.545,29.81]}},{"type":"Feature","properties":{"n":46},"geometry":{"type":"Point","coordinates":[-89.58,29.735]}},{"type":"Feature","properties":{"n":158},"geometry":{"type":"Point","coordinates":[-90.035,29.385]}},{"type":"Feature","properties":{"n":60},"geometry":{"type":"Point","coordinates":[-89.535,29.685]}},{"type":"Feature","properties":{"n":1006},"geometry":{"type":"Point","coordinates":[-90.75,29.2]}},{"type":"Feature","properties":{"n":70},"geometry":{"type":"Point","coordinates":[-89.235,29.975]}},{"type":"Feature","properties":{"n":493},"geometry":{"type":"Point","coordinates":[-89.3,29.99]}},{"type":"Feature","properties":{"n":395},"geometry":{"type":"Point","coordinates":[-89.685,29.35]}},{"type":"Feature","properties":{"n":1215},"geometry":{"type":"Point","coordinates":[-89.75,29.315]}},{"type":"Feature","properties":{"n":103},"geometry":{"type":"Point","coordinates":[-89.415,29.825]}},{"type":"Feature","properties":{"n":101},"geometry":{"type":"Point","coordinates":[-89.715,29.43]}},{"type":"Feature","properties":{"n":37},"geometry":{"type":"Point","coordinates":[-90.805,29.145]}},{"type":"Feature","properties":{"n":34},"geometry":{"type":"Point","coordinates":[-75.91,38.305]}},{"type":"Feature","properties":{"n":339},"geometry":{"type":"Point","coordinates":[-91.93,29.495]}},{"type":"Feature","properties":{"n":334},"geometry":{"type":"Point","coordinates":[-96.7,28.225]}},{"type":"Feature","properties":{"n":26},"geometry":{"type":"Point","coordinates":[-89.93,29.48]}},{"type":"Feature","properties":{"n":3},"geometry":{"type":"Point","coordinates":[-90.82,29.19]}},{"type":"Feature","properties":{"n":37},"geometry":{"type":"Point","coordinates":[-94.865,29.515]}},{"type":"Feature","properties":{"n":30},"geometry":{"type":"Point","coordinates":[-90.255,29.265]}},{"type":"Feature","properties":{"n":230},"geometry":{"type":"Point","coordinates":[-94.9,29.48]}},{"type":"Feature","properties":{"n":89},"geometry":{"type":"Point","coordinates":[-89.895,29.515]}},{"type":"Feature","properties":{"n":232},"geometry":{"type":"Point","coordinates":[-90.575,29.31]}},{"type":"Feature","properties":{"n":285},"geometry":{"type":"Point","coordinates":[-90.65,29.205]}},{"type":"Feature","properties":{"n":323},"geometry":{"type":"Point","coordinates":[-90.65,29.22]}},{"type":"Feature","properties":{"n":9},"geometry":{"type":"Point","coordinates":[-89.31,29.87]}},{"type":"Feature","properties":{"n":150},"geometry":{"type":"Point","coordinates":[-90.44,29.41]}},{"type":"Feature","properties":{"n":191},"geometry":{"type":"Point","coordinates":[-91.92,29.495]}},{"type":"Feature","properties":{"n":56},"geometry":{"type":"Point","coordinates":[-90.005,29.385]}},{"type":"Feature","properties":{"n":33},"geometry":{"type":"Point","coordinates":[-96.765,28.38]}},{"type":"Feature","properties":{"n":8},"geometry":{"type":"Point","coordinates":[-90.42,29.27]}},{"type":"Feature","properties":{"n":72},"geometry":{"type":"Point","coordinates":[-75.92,38.315]}},{"type":"Feature","properties":{"n":50},"geometry":{"type":"Point","coordinates":[-90.005,29.38]}},{"type":"Feature","properties":{"n":20},"geometry":{"type":"Point","coordinates":[-90.54,29.285]}},{"type":"Feature","properties":{"n":395},"geometry":{"type":"Point","coordinates":[-90.7,29.24]}},{"type":"Feature","properties":{"n":216},"geometry":{"type":"Point","coordinates":[-89.52,29.265]}},{"type":"Feature","properties":{"n":315},"geometry":{"type":"Point","coordinates":[-89.355,29.92]}},{"type":"Feature","properties":{"n":309},"geometry":{"type":"Point","coordinates":[-97.0,28.11]}},{"type":"Feature","properties":{"n":179},"geometry":{"type":"Point","coordinates":[-89.92,29.44]}},{"type":"Feature","properties":{"n":114},"geometry":{"type":"Point","coordinates":[-90.45,29.385]}},{"type":"Feature","properties":{"n":723},"geometry":{"type":"Point","coordinates":[-89.31,29.975]}},{"type":"Feature","properties":{"n":40},"geometry":{"type":"Point","coordinates":[-89.515,29.325]}},{"type":"Feature","properties":{"n":9},"geometry":{"type":"Point","coordinates":[-89.725,29.375]}},{"type":"Feature","properties":{"n":68},"geometry":{"type":"Point","coordinates":[-89.53,29.865]}},{"type":"Feature","properties":{"n":320},"geometry":{"type":"Point","coordinates":[-90.61,29.3]}},{"type":"Feature","properties":{"n":133},"geometry":{"type":"Point","coordinates":[-89.32,29.975]}},{"type":"Feature","properties":{"n":165},"geometry":{"type":"Point","coordinates":[-89.27,29.995]}},{"type":"Feature","properties":{"n":215},"geometry":{"type":"Point","coordinates":[-90.515,29.36]}},{"type":"Feature","properties":{"n":29},"geometry":{"type":"Point","coordinates":[-89.555,29.69]}},{"type":"Feature","properties":{"n":288},"geometry":{"type":"Point","coordinates":[-89.435,29.985]}},{"type":"Feature","properties":{"n":51},"geometry":{"type":"Point","coordinates":[-76.15,38.725]}},{"type":"Feature","properties":{"n":342},"geometry":{"type":"Point","coordinates":[-89.7,29.36]}},{"type":"Feature","properties":{"n":1092},"geometry":{"type":"Point","coordinates":[-75.935,38.285]}},{"type":"Feature","properties":{"n":260},"geometry":{"type":"Point","coordinates":[-90.215,29.29]}},{"type":"Feature","properties":{"n":1},"geometry":{"type":"Point","coordinates":[-90.765,29.215]}},{"type":"Feature","properties":{"n":44},"geometry":{"type":"Point","coordinates":[-90.4,29.38]}},{"type":"Feature","properties":{"n":22},"geometry":{"type":"Point","coordinates":[-89.475,29.265]}},{"type":"Feature","properties":{"n":33},"geometry":{"type":"Point","coordinates":[-89.635,29.93]}},{"type":"Feature","properties":{"n":37},"geometry":{"type":"Point","coordinates":[-90.75,29.14]}},{"type":"Feature","properties":{"n":193},"geometry":{"type":"Point","coordinates":[-89.62,29.32]}},{"type":"Feature","properties":{"n":367},"geometry":{"type":"Point","coordinates":[-90.8,29.165]}},{"type":"Feature","properties":{"n":131},"geometry":{"type":"Point","coordinates":[-89.305,29.905]}},{"type":"Feature","properties":{"n":550},"geometry":{"type":"Point","coordinates":[-89.365,29.925]}},{"type":"Feature","properties":{"n":241},"geometry":{"type":"Point","coordinates":[-97.02,28.115]}},{"type":"Feature","properties":{"n":389},"geometry":{"type":"Point","coordinates":[-89.63,29.37]}},{"type":"Feature","properties":{"n":7},"geometry":{"type":"Point","coordinates":[-90.895,29.21]}},{"type":"Feature","properties":{"n":128},"geometry":{"type":"Point","coordinates":[-90.595,29.34]}},{"type":"Feature","properties":{"n":3},"geometry":{"type":"Point","coordinates":[-89.715,29.5]}},{"type":"Feature","properties":{"n":75},"geometry":{"type":"Point","coordinates":[-90.855,29.085]}},{"type":"Feature","properties":{"n":356},"geometry":{"type":"Point","coordinates":[-90.715,29.17]}},{"type":"Feature","properties":{"n":426},"geometry":{"type":"Point","coordinates":[-94.875,29.495]}},{"type":"Feature","properties":{"n":172},"geometry":{"type":"Point","coordinates":[-89.625,29.375]}},{"type":"Feature","properties":{"n":85},"geometry":{"type":"Point","coordinates":[-89.655,29.37]}},{"type":"Feature","properties":{"n":108},"geometry":{"type":"Point","coordinates":[-89.625,29.74]}},{"type":"Feature","properties":{"n":419},"geometry":{"type":"Point","coordinates":[-89.365,29.935]}},{"type":"Feature","properties":{"n":361},"geometry":{"type":"Point","coordinates":[-89.325,29.98]}},{"type":"Feature","properties":{"n":135},"geometry":{"type":"Point","coordinates":[-89.46,29.97]}},{"type":"Feature","properties":{"n":375},"geometry":{"type":"Point","coordinates":[-89.245,30.025]}},{"type":"Feature","properties":{"n":39},"geometry":{"type":"Point","coordinates":[-89.435,29.85]}},{"type":"Feature","properties":{"n":19},"geometry":{"type":"Point","coordinates":[-90.395,29.365]}},{"type":"Feature","properties":{"n":1},"geometry":{"type":"Point","coordinates":[-89.995,29.715]}},{"type":"Feature","properties":{"n":283},"geometry":{"type":"Point","coordinates":[-89.655,29.375]}},{"type":"Feature","properties":{"n":71},"geometry":{"type":"Point","coordinates":[-89.475,29.29]}},{"type":"Feature","properties":{"n":7},"geometry":{"type":"Point","coordinates":[-90.77,29.13]}},{"type":"Feature","properties":{"n":336},"geometry":{"type":"Point","coordinates":[-89.295,29.865]}},{"type":"Feature","properties":{"n":521},"geometry":{"type":"Point","coordinates":[-94.715,29.48]}},{"type":"Feature","properties":{"n":90},"geometry":{"type":"Point","coordinates":[-89.435,29.825]}},{"type":"Feature","properties":{"n":410},"geometry":{"type":"Point","coordinates":[-89.34,29.91]}},{"type":"Feature","properties":{"n":279},"geometry":{"type":"Point","coordinates":[-89.3,29.975]}},{"type":"Feature","properties":{"n":28},"geometry":{"type":"Point","coordinates":[-90.85,29.17]}},{"type":"Feature","properties":{"n":599},"geometry":{"type":"Point","coordinates":[-89.355,29.985]}},{"type":"Feature","properties":{"n":52},"geometry":{"type":"Point","coordinates":[-91.86,29.5]}},{"type":"Feature","properties":{"n":11},"geometry":{"type":"Point","coordinates":[-89.8,29.495]}},{"type":"Feature","properties":{"n":21},"geometry":{"type":"Point","coordinates":[-90.615,29.21]}},{"type":"Feature","properties":{"n":14},"geometry":{"type":"Point","coordinates":[-91.945,29.49]}},{"type":"Feature","properties":{"n":8},"geometry":{"type":"Point","coordinates":[-94.71,29.52]}},{"type":"Feature","properties":{"n":147},"geometry":{"type":"Point","coordinates":[-90.61,29.25]}},{"type":"Feature","properties":{"n":575},"geometry":{"type":"Point","coordinates":[-90.47,29.38]}},{"type":"Feature","properties":{"n":76},"geometry":{"type":"Point","coordinates":[-89.79,29.47]}},{"type":"Feature","properties":{"n":1152},"geometry":{"type":"Point","coordinates":[-89.52,29.825]}},{"type":"Feature","properties":{"n":297},"geometry":{"type":"Point","coordinates":[-89.525,29.3]}},{"type":"Feature","properties":{"n":13},"geometry":{"type":"Point","coordinates":[-89.845,30.015]}},{"type":"Feature","properties":{"n":24},"geometry":{"type":"Point","coordinates":[-90.55,29.315]}},{"type":"Feature","properties":{"n":19},"geometry":{"type":"Point","coordinates":[-89.45,29.705]}},{"type":"Feature","properties":{"n":57},"geometry":{"type":"Point","coordinates":[-90.525,29.34]}},{"type":"Feature","properties":{"n":4},"geometry":{"type":"Point","coordinates":[-91.86,29.46]}},{"type":"Feature","properties":{"n":41},"geometry":{"type":"Point","coordinates":[-90.625,29.28]}},{"type":"Feature","properties":{"n":7},"geometry":{"type":"Point","coordinates":[-75.86,38.22]}},{"type":"Feature","properties":{"n":46},"geometry":{"type":"Point","coordinates":[-90.465,29.365]}},{"type":"Feature","properties":{"n":319},"geometry":{"type":"Point","coordinates":[-94.76,29.47]}},{"type":"Feature","properties":{"n":425},"geometry":{"type":"Point","coordinates":[-96.725,28.32]}},{"type":"Feature","properties":{"n":115},"geometry":{"type":"Point","coordinates":[-89.615,29.355]}},{"type":"Feature","properties":{"n":16},"geometry":{"type":"Point","coordinates":[-90.575,29.235]}},{"type":"Feature","properties":{"n":167},"geometry":{"type":"Point","coordinates":[-91.89,29.495]}},{"type":"Feature","properties":{"n":1},"geometry":{"type":"Point","coordinates":[-89.795,29.41]}},{"type":"Feature","properties":{"n":358},"geometry":{"type":"Point","coordinates":[-89.545,29.255]}},{"type":"Feature","properties":{"n":41},"geometry":{"type":"Point","coordinates":[-96.525,28.605]}},{"type":"Feature","properties":{"n":550},"geometry":{"type":"Point","coordinates":[-94.715,29.47]}},{"type":"Feature","properties":{"n":27},"geometry":{"type":"Point","coordinates":[-89.455,29.695]}},{"type":"Feature","properties":{"n":3},"geometry":{"type":"Point","coordinates":[-91.945,29.48]}},{"type":"Feature","properties":{"n":196},"geometry":{"type":"Point","coordinates":[-90.375,29.37]}},{"type":"Feature","properties":{"n":727},"geometry":{"type":"Point","coordinates":[-89.55,29.315]}},{"type":"Feature","properties":{"n":208},"geometry":{"type":"Point","coordinates":[-89.47,29.27]}},{"type":"Feature","properties":{"n":834},"geometry":{"type":"Point","coordinates":[-89.58,29.36]}},{"type":"Feature","properties":{"n":150},"geometry":{"type":"Point","coordinates":[-90.79,29.195]}},{"type":"Feature","properties":{"n":110},"geometry":{"type":"Point","coordinates":[-94.745,29.47]}},{"type":"Feature","properties":{"n":81},"geometry":{"type":"Point","coordinates":[-89.465,29.815]}},{"type":"Feature","properties":{"n":54},"geometry":{"type":"Point","coordinates":[-89.4,29.905]}},{"type":"Feature","properties":{"n":409},"geometry":{"type":"Point","coordinates":[-89.6,29.37]}},{"type":"Feature","properties":{"n":1426},"geometry":{"type":"Point","coordinates":[-89.55,29.335]}},{"type":"Feature","properties":{"n":234},"geometry":{"type":"Point","coordinates":[-89.51,29.27]}},{"type":"Feature","properties":{"n":17},"geometry":{"type":"Point","coordinates":[-96.715,28.27]}},{"type":"Feature","properties":{"n":868},"geometry":{"type":"Point","coordinates":[-89.25,30.09]}},{"type":"Feature","properties":{"n":470},"geometry":{"type":"Point","coordinates":[-89.3,29.98]}},{"type":"Feature","properties":{"n":37},"geometry":{"type":"Point","coordinates":[-89.385,29.805]}},{"type":"Feature","properties":{"n":1},"geometry":{"type":"Point","coordinates":[-97.025,28.165]}},{"type":"Feature","properties":{"n":285},"geometry":{"type":"Point","coordinates":[-76.15,38.72]}},{"type":"Feature","properties":{"n":608},"geometry":{"type":"Point","coordinates":[-94.795,29.525]}},{"type":"Feature","properties":{"n":429},"geometry":{"type":"Point","coordinates":[-94.71,29.53]}},{"type":"Feature","properties":{"n":285},"geometry":{"type":"Point","coordinates":[-89.435,29.775]}},{"type":"Feature","properties":{"n":360},"geometry":{"type":"Point","coordinates":[-90.56,29.365]}},{"type":"Feature","properties":{"n":54},"geometry":{"type":"Point","coordinates":[-89.28,29.935]}},{"type":"Feature","properties":{"n":101},"geometry":{"type":"Point","coordinates":[-90.855,29.245]}},{"type":"Feature","properties":{"n":468},"geometry":{"type":"Point","coordinates":[-89.74,29.435]}},{"type":"Feature","properties":{"n":7},"geometry":{"type":"Point","coordinates":[-94.805,29.49]}},{"type":"Feature","properties":{"n":220},"geometry":{"type":"Point","coordinates":[-90.595,29.25]}},{"type":"Feature","properties":{"n":123},"geometry":{"type":"Point","coordinates":[-90.56,29.305]}},{"type":"Feature","properties":{"n":254},"geometry":{"type":"Point","coordinates":[-90.675,29.36]}},{"type":"Feature","properties":{"n":42},"geometry":{"type":"Point","coordinates":[-90.435,29.37]}},{"type":"Feature","properties":{"n":439},"geometry":{"type":"Point","coordinates":[-90.71,29.19]}},{"type":"Feature","properties":{"n":783},"geometry":{"type":"Point","coordinates":[-90.745,29.175]}},{"type":"Feature","properties":{"n":738},"geometry":{"type":"Point","coordinates":[-89.325,29.9]}},{"type":"Feature","properties":{"n":29},"geometry":{"type":"Point","coordinates":[-90.97,29.275]}},{"type":"Feature","properties":{"n":139},"geometry":{"type":"Point","coordinates":[-90.465,29.425]}},{"type":"Feature","properties":{"n":48},"geometry":{"type":"Point","coordinates":[-90.475,29.33]}},{"type":"Feature","properties":{"n":25},"geometry":{"type":"Point","coordinates":[-89.86,29.34]}},{"type":"Feature","properties":{"n":11},"geometry":{"type":"Point","coordinates":[-90.645,29.235]}},{"type":"Feature","properties":{"n":159},"geometry":{"type":"Point","coordinates":[-89.3,29.835]}},{"type":"Feature","properties":{"n":42},"geometry":{"type":"Point","coordinates":[-90.68,29.25]}},{"type":"Feature","properties":{"n":394},"geometry":{"type":"Point","coordinates":[-89.32,29.995]}},{"type":"Feature","properties":{"n":2},"geometry":{"type":"Point","coordinates":[-97.11,28.135]}},{"type":"Feature","properties":{"n":142},"geometry":{"type":"Point","coordinates":[-89.61,29.735]}},{"type":"Feature","properties":{"n":115},"geometry":{"type":"Point","coordinates":[-90.675,29.3]}},{"type":"Feature","properties":{"n":77},"geometry":{"type":"Point","coordinates":[-92.07,29.565]}},{"type":"Feature","properties":{"n":164},"geometry":{"type":"Point","coordinates":[-91.835,29.46]}},{"type":"Feature","properties":{"n":139},"geometry":{"type":"Point","coordinates":[-89.66,29.4]}},{"type":"Feature","properties":{"n":387},"geometry":{"type":"Point","coordinates":[-89.615,29.39]}},{"type":"Feature","properties":{"n":344},"geometry":{"type":"Point","coordinates":[-90.7,29.16]}},{"type":"Feature","properties":{"n":591},"geometry":{"type":"Point","coordinates":[-89.595,29.34]}},{"type":"Feature","properties":{"n":387},"geometry":{"type":"Point","coordinates":[-90.7,29.18]}},{"type":"Feature","properties":{"n":452},"geometry":{"type":"Point","coordinates":[-76.005,38.34]}},{"type":"Feature","properties":{"n":289},"geometry":{"type":"Point","coordinates":[-90.785,29.21]}},{"type":"Feature","properties":{"n":41},"geometry":{"type":"Point","coordinates":[-90.83,29.15]}},{"type":"Feature","properties":{"n":100},"geometry":{"type":"Point","coordinates":[-89.425,29.825]}},{"type":"Feature","properties":{"n":463},"geometry":{"type":"Point","coordinates":[-90.845,29.115]}},{"type":"Feature","properties":{"n":28},"geometry":{"type":"Point","coordinates":[-90.605,29.24]}},{"type":"Feature","properties":{"n":78},"geometry":{"type":"Point","coordinates":[-90.18,29.305]}},{"type":"Feature","properties":{"n":166},"geometry":{"type":"Point","coordinates":[-92.055,29.54]}},{"type":"Feature","properties":{"n":33},"geometry":{"type":"Point","coordinates":[-96.945,28.06]}},{"type":"Feature","properties":{"n":608},"geometry":{"type":"Point","coordinates":[-90.32,29.385]}},{"type":"Feature","properties":{"n":43},"geometry":{"type":"Point","coordinates":[-90.57,29.38]}},{"type":"Feature","properties":{"n":110},"geometry":{"type":"Point","coordinates":[-90.755,29.255]}},{"type":"Feature","properties":{"n":3},"geometry":{"type":"Point","coordinates":[-90.875,29.22]}},{"type":"Feature","properties":{"n":203},"geometry":{"type":"Point","coordinates":[-90.09,29.375]}},{"type":"Feature","properties":{"n":177},"geometry":{"type":"Point","coordinates":[-94.885,29.49]}},{"type":"Feature","properties":{"n":3},"geometry":{"type":"Point","coordinates":[-90.355,29.325]}},{"type":"Feature","properties":{"n":54},"geometry":{"type":"Point","coordinates":[-90.27,29.285]}},{"type":"Feature","properties":{"n":136},"geometry":{"type":"Point","coordinates":[-90.575,29.34]}},{"type":"Feature","properties":{"n":423},"geometry":{"type":"Point","coordinates":[-89.715,29.345]}},{"type":"Feature","properties":{"n":318},"geometry":{"type":"Point","coordinates":[-89.59,29.985]}},{"type":"Feature","properties":{"n":61},"geometry":{"type":"Point","coordinates":[-89.765,29.455]}},{"type":"Feature","properties":{"n":50},"geometry":{"type":"Point","coordinates":[-90.48,29.285]}},{"type":"Feature","properties":{"n":121},"geometry":{"type":"Point","coordinates":[-89.53,29.71]}},{"type":"Feature","properties":{"n":213},"geometry":{"type":"Point","coordinates":[-91.825,29.445]}},{"type":"Feature","properties":{"n":42},"geometry":{"type":"Point","coordinates":[-91.99,29.52]}},{"type":"Feature","properties":{"n":38},"geometry":{"type":"Point","coordinates":[-89.575,29.365]}},{"type":"Feature","properties":{"n":744},"geometry":{"type":"Point","coordinates":[-90.675,29.205]}},{"type":"Feature","properties":{"n":296},"geometry":{"type":"Point","coordinates":[-90.2,29.29]}},{"type":"Feature","properties":{"n":18},"geometry":{"type":"Point","coordinates":[-89.49,29.77]}},{"type":"Feature","properties":{"n":47},"geometry":{"type":"Point","coordinates":[-89.555,29.34]}},{"type":"Feature","properties":{"n":61},"geometry":{"type":"Point","coordinates":[-89.29,29.96]}},{"type":"Feature","properties":{"n":6},"geometry":{"type":"Point","coordinates":[-90.52,29.42]}},{"type":"Feature","properties":{"n":93},"geometry":{"type":"Point","coordinates":[-89.285,29.965]}},{"type":"Feature","properties":{"n":86},"geometry":{"type":"Point","coordinates":[-89.62,29.715]}},{"type":"Feature","properties":{"n":1},"geometry":{"type":"Point","coordinates":[-90.4,29.335]}},{"type":"Feature","properties":{"n":58},"geometry":{"type":"Point","coordinates":[-90.28,29.3]}},{"type":"Feature","properties":{"n":809},"geometry":{"type":"Point","coordinates":[-90.155,29.375]}},{"type":"Feature","properties":{"n":334},"geometry":{"type":"Point","coordinates":[-89.705,29.36]}},{"type":"Feature","properties":{"n":582},"geometry":{"type":"Point","coordinates":[-90.77,29.25]}},{"type":"Feature","properties":{"n":484},"geometry":{"type":"Point","coordinates":[-89.3,29.905]}},{"type":"Feature","properties":{"n":85},"geometry":{"type":"Point","coordinates":[-89.695,29.41]}},{"type":"Feature","properties":{"n":9},"geometry":{"type":"Point","coordinates":[-89.59,29.72]}},{"type":"Feature","properties":{"n":21},"geometry":{"type":"Point","coordinates":[-90.835,29.165]}},{"type":"Feature","properties":{"n":167},"geometry":{"type":"Point","coordinates":[-89.755,29.455]}},{"type":"Feature","properties":{"n":1521},"geometry":{"type":"Point","coordinates":[-75.86,38.245]}},{"type":"Feature","properties":{"n":47},"geometry":{"type":"Point","coordinates":[-90.83,29.155]}},{"type":"Feature","properties":{"n":17},"geometry":{"type":"Point","coordinates":[-90.105,29.375]}},{"type":"Feature","properties":{"n":368},"geometry":{"type":"Point","coordinates":[-89.68,29.4]}},{"type":"Feature","properties":{"n":113},"geometry":{"type":"Point","coordinates":[-90.275,29.295]}},{"type":"Feature","properties":{"n":18},"geometry":{"type":"Point","coordinates":[-90.515,29.31]}},{"type":"Feature","properties":{"n":372},"geometry":{"type":"Point","coordinates":[-89.635,29.39]}},{"type":"Feature","properties":{"n":3},"geometry":{"type":"Point","coordinates":[-91.815,29.45]}},{"type":"Feature","properties":{"n":57},"geometry":{"type":"Point","coordinates":[-90.93,29.305]}},{"type":"Feature","properties":{"n":545},"geometry":{"type":"Point","coordinates":[-89.975,29.475]}},{"type":"Feature","properties":{"n":94},"geometry":{"type":"Point","coordinates":[-90.85,29.26]}},{"type":"Feature","properties":{"n":227},"geometry":{"type":"Point","coordinates":[-89.515,29.27]}},{"type":"Feature","properties":{"n":84},"geometry":{"type":"Point","coordinates":[-89.385,29.925]}},{"type":"Feature","properties":{"n":103},"geometry":{"type":"Point","coordinates":[-89.49,29.285]}},{"type":"Feature","properties":{"n":188},"geometry":{"type":"Point","coordinates":[-89.33,30.0]}},{"type":"Feature","properties":{"n":170},"geometry":{"type":"Point","coordinates":[-90.59,29.345]}},{"type":"Feature","properties":{"n":214},"geometry":{"type":"Point","coordinates":[-89.46,29.75]}},{"type":"Feature","properties":{"n":27},"geometry":{"type":"Point","coordinates":[-91.925,29.525]}},{"type":"Feature","properties":{"n":861},"geometry":{"type":"Point","coordinates":[-89.365,29.99]}},{"type":"Feature","properties":{"n":222},"geometry":{"type":"Point","coordinates":[-89.35,29.85]}},{"type":"Feature","properties":{"n":36},"geometry":{"type":"Point","coordinates":[-90.87,29.215]}},{"type":"Feature","properties":{"n":1},"geometry":{"type":"Point","coordinates":[-89.425,29.79]}},{"type":"Feature","properties":{"n":265},"geometry":{"type":"Point","coordinates":[-89.57,29.69]}},{"type":"Feature","properties":{"n":451},"geometry":{"type":"Point","coordinates":[-89.525,29.33]}},{"type":"Feature","properties":{"n":79},"geometry":{"type":"Point","coordinates":[-90.795,29.145]}},{"type":"Feature","properties":{"n":647},"geometry":{"type":"Point","coordinates":[-90.86,29.205]}},{"type":"Feature","properties":{"n":16},"geometry":{"type":"Point","coordinates":[-89.49,29.76]}},{"type":"Feature","properties":{"n":171},"geometry":{"type":"Point","coordinates":[-89.265,29.995]}},{"type":"Feature","properties":{"n":367},"geometry":{"type":"Point","coordinates":[-89.435,29.76]}},{"type":"Feature","properties":{"n":9},"geometry":{"type":"Point","coordinates":[-89.62,29.925]}},{"type":"Feature","properties":{"n":452},"geometry":{"type":"Point","coordinates":[-89.665,29.435]}},{"type":"Feature","properties":{"n":285},"geometry":{"type":"Point","coordinates":[-90.2,29.285]}},{"type":"Feature","properties":{"n":1034},"geometry":{"type":"Point","coordinates":[-89.605,29.285]}},{"type":"Feature","properties":{"n":294},"geometry":{"type":"Point","coordinates":[-90.775,29.24]}},{"type":"Feature","properties":{"n":35},"geometry":{"type":"Point","coordinates":[-90.97,29.29]}},{"type":"Feature","properties":{"n":354},"geometry":{"type":"Point","coordinates":[-90.855,29.23]}},{"type":"Feature","properties":{"n":43},"geometry":{"type":"Point","coordinates":[-95.02,29.515]}},{"type":"Feature","properties":{"n":246},"geometry":{"type":"Point","coordinates":[-90.6,29.33]}},{"type":"Feature","properties":{"n":17},"geometry":{"type":"Point","coordinates":[-90.67,29.205]}},{"type":"Feature","properties":{"n":65},"geometry":{"type":"Point","coordinates":[-89.9,29.515]}},{"type":"Feature","properties":{"n":187},"geometry":{"type":"Point","coordinates":[-90.44,29.405]}},{"type":"Feature","properties":{"n":130},"geometry":{"type":"Point","coordinates":[-90.17,29.3]}},{"type":"Feature","properties":{"n":27},"geometry":{"type":"Point","coordinates":[-89.425,29.9]}},{"type":"Feature","properties":{"n":20},"geometry":{"type":"Point","coordinates":[-89.375,29.845]}},{"type":"Feature","properties":{"n":1},"geometry":{"type":"Point","coordinates":[-94.925,29.47]}},{"type":"Feature","properties":{"n":181},"geometry":{"type":"Point","coordinates":[-90.765,29.235]}},{"type":"Feature","properties":{"n":97},"geometry":{"type":"Point","coordinates":[-89.705,29.38]}},{"type":"Feature","properties":{"n":139},"geometry":{"type":"Point","coordinates":[-89.68,29.335]}},{"type":"Feature","properties":{"n":265},"geometry":{"type":"Point","coordinates":[-94.9,29.505]}},{"type":"Feature","properties":{"n":67},"geometry":{"type":"Point","coordinates":[-90.635,29.325]}},{"type":"Feature","properties":{"n":167},"geometry":{"type":"Point","coordinates":[-90.94,29.27]}},{"type":"Feature","properties":{"n":65},"geometry":{"type":"Point","coordinates":[-90.845,29.1]}},{"type":"Feature","properties":{"n":1},"geometry":{"type":"Point","coordinates":[-89.515,29.795]}},{"type":"Feature","properties":{"n":5},"geometry":{"type":"Point","coordinates":[-89.855,29.44]}},{"type":"Feature","properties":{"n":74},"geometry":{"type":"Point","coordinates":[-91.155,29.245]}},{"type":"Feature","properties":{"n":806},"geometry":{"type":"Point","coordinates":[-89.59,29.32]}},{"type":"Feature","properties":{"n":284},"geometry":{"type":"Point","coordinates":[-89.405,29.81]}},{"type":"Feature","properties":{"n":39},"geometry":{"type":"Point","coordinates":[-89.46,29.755]}},{"type":"Feature","properties":{"n":248},"geometry":{"type":"Point","coordinates":[-89.52,29.31]}},{"type":"Feature","properties":{"n":196},"geometry":{"type":"Point","coordinates":[-89.55,29.695]}},{"type":"Feature","properties":{"n":113},"geometry":{"type":"Point","coordinates":[-91.93,29.525]}},{"type":"Feature","properties":{"n":316},"geometry":{"type":"Point","coordinates":[-89.395,29.97]}},{"type":"Feature","properties":{"n":732},"geometry":{"type":"Point","coordinates":[-89.58,29.32]}},{"type":"Feature","properties":{"n":396},"geometry":{"type":"Point","coordinates":[-94.885,29.515]}},{"type":"Feature","properties":{"n":37},"geometry":{"type":"Point","coordinates":[-90.805,29.175]}},{"type":"Feature","properties":{"n":85},"geometry":{"type":"Point","coordinates":[-94.87,29.455]}},{"type":"Feature","properties":{"n":372},"geometry":{"type":"Point","coordinates":[-89.32,29.865]}},{"type":"Feature","properties":{"n":46},"geometry":{"type":"Point","coordinates":[-90.99,29.26]}},{"type":"Feature","properties":{"n":6},"geometry":{"type":"Point","coordinates":[-89.455,29.98]}},{"type":"Feature","properties":{"n":264},"geometry":{"type":"Point","coordinates":[-89.335,29.835]}},{"type":"Feature","properties":{"n":261},"geometry":{"type":"Point","coordinates":[-90.33,29.375]}},{"type":"Feature","properties":{"n":280},"geometry":{"type":"Point","coordinates":[-89.685,29.44]}},{"type":"Feature","properties":{"n":411},"geometry":{"type":"Point","coordinates":[-89.6,29.305]}},{"type":"Feature","properties":{"n":121},"geometry":{"type":"Point","coordinates":[-89.395,30.0]}},{"type":"Feature","properties":{"n":94},"geometry":{"type":"Point","coordinates":[-90.73,29.265]}},{"type":"Feature","properties":{"n":420},"geometry":{"type":"Point","coordinates":[-94.9,29.485]}},{"type":"Feature","properties":{"n":427},"geometry":{"type":"Point","coordinates":[-89.635,29.355]}},{"type":"Feature","properties":{"n":254},"geometry":{"type":"Point","coordinates":[-89.345,29.98]}},{"type":"Feature","properties":{"n":19},"geometry":{"type":"Point","coordinates":[-90.615,29.22]}},{"type":"Feature","properties":{"n":75},"geometry":{"type":"Point","coordinates":[-90.61,29.28]}},{"type":"Feature","properties":{"n":29},"geometry":{"type":"Point","coordinates":[-90.11,29.35]}},{"type":"Feature","properties":{"n":94},"geometry":{"type":"Point","coordinates":[-89.9,29.51]}},{"type":"Feature","properties":{"n":273},"geometry":{"type":"Point","coordinates":[-89.455,29.74]}},{"type":"Feature","properties":{"n":220},"geometry":{"type":"Point","coordinates":[-90.71,29.15]}},{"type":"Feature","properties":{"n":79},"geometry":{"type":"Point","coordinates":[-90.7,29.145]}},{"type":"Feature","properties":{"n":98},"geometry":{"type":"Point","coordinates":[-90.605,29.345]}},{"type":"Feature","properties":{"n":17},"geometry":{"type":"Point","coordinates":[-90.975,29.255]}},{"type":"Feature","properties":{"n":24},"geometry":{"type":"Point","coordinates":[-89.425,29.73]}},{"type":"Feature","properties":{"n":2},"geometry":{"type":"Point","coordinates":[-90.65,29.145]}},{"type":"Feature","properties":{"n":338},"geometry":{"type":"Point","coordinates":[-90.455,29.415]}},{"type":"Feature","properties":{"n":506},"geometry":{"type":"Point","coordinates":[-90.705,29.17]}},{"type":"Feature","properties":{"n":359},"geometry":{"type":"Point","coordinates":[-89.305,30.0]}},{"type":"Feature","properties":{"n":338},"geometry":{"type":"Point","coordinates":[-90.745,29.255]}},{"type":"Feature","properties":{"n":388},"geometry":{"type":"Point","coordinates":[-94.715,29.525]}},{"type":"Feature","properties":{"n":147},"geometry":{"type":"Point","coordinates":[-89.765,29.51]}},{"type":"Feature","properties":{"n":254},"geometry":{"type":"Point","coordinates":[-90.86,29.1]}},{"type":"Feature","properties":{"n":5},"geometry":{"type":"Point","coordinates":[-89.85,30.015]}},{"type":"Feature","properties":{"n":391},"geometry":{"type":"Point","coordinates":[-90.76,29.155]}},{"type":"Feature","properties":{"n":966},"geometry":{"type":"Point","coordinates":[-89.31,29.945]}},{"type":"Feature","properties":{"n":8},"geometry":{"type":"Point","coordinates":[-90.495,29.41]}},{"type":"Feature","properties":{"n":2},"geometry":{"type":"Point","coordinates":[-89.735,29.39]}},{"type":"Feature","properties":{"n":217},"geometry":{"type":"Point","coordinates":[-90.54,29.34]}},{"type":"Feature","properties":{"n":406},"geometry":{"type":"Point","coordinates":[-90.0,29.465]}},{"type":"Feature","properties":{"n":414},"geometry":{"type":"Point","coordinates":[-89.425,29.985]}},{"type":"Feature","properties":{"n":16},"geometry":{"type":"Point","coordinates":[-89.975,29.5]}},{"type":"Feature","properties":{"n":193},"geometry":{"type":"Point","coordinates":[-89.58,29.31]}},{"type":"Feature","properties":{"n":295},"geometry":{"type":"Point","coordinates":[-90.765,29.25]}},{"type":"Feature","properties":{"n":103},"geometry":{"type":"Point","coordinates":[-90.66,29.355]}},{"type":"Feature","properties":{"n":226},"geometry":{"type":"Point","coordinates":[-89.255,30.04]}},{"type":"Feature","properties":{"n":13},"geometry":{"type":"Point","coordinates":[-89.65,29.74]}},{"type":"Feature","properties":{"n":1},"geometry":{"type":"Point","coordinates":[-89.36,29.9]}},{"type":"Feature","properties":{"n":419},"geometry":{"type":"Point","coordinates":[-90.545,29.38]}},{"type":"Feature","properties":{"n":10},"geometry":{"type":"Point","coordinates":[-90.515,29.355]}},{"type":"Feature","properties":{"n":100},"geometry":{"type":"Point","coordinates":[-90.01,29.43]}},{"type":"Feature","properties":{"n":198},"geometry":{"type":"Point","coordinates":[-89.56,29.29]}},{"type":"Feature","properties":{"n":156},"geometry":{"type":"Point","coordinates":[-89.38,29.815]}},{"type":"Feature","properties":{"n":202},"geometry":{"type":"Point","coordinates":[-92.035,29.535]}},{"type":"Feature","properties":{"n":52},"geometry":{"type":"Point","coordinates":[-90.845,29.185]}},{"type":"Feature","properties":{"n":125},"geometry":{"type":"Point","coordinates":[-90.655,29.2]}},{"type":"Feature","properties":{"n":115},"geometry":{"type":"Point","coordinates":[-89.98,29.43]}},{"type":"Feature","properties":{"n":144},"geometry":{"type":"Point","coordinates":[-94.8,29.545]}},{"type":"Feature","properties":{"n":276},"geometry":{"type":"Point","coordinates":[-90.695,29.235]}},{"type":"Feature","properties":{"n":41},"geometry":{"type":"Point","coordinates":[-91.905,29.46]}},{"type":"Feature","properties":{"n":57},"geometry":{"type":"Point","coordinates":[-90.04,29.475]}},{"type":"Feature","properties":{"n":71},"geometry":{"type":"Point","coordinates":[-90.425,29.395]}},{"type":"Feature","properties":{"n":115},"geometry":{"type":"Point","coordinates":[-89.235,30.03]}},{"type":"Feature","properties":{"n":40},"geometry":{"type":"Point","coordinates":[-89.44,29.78]}},{"type":"Feature","properties":{"n":693},"geometry":{"type":"Point","coordinates":[-75.955,38.165]}},{"type":"Feature","properties":{"n":231},"geometry":{"type":"Point","coordinates":[-89.885,29.5]}},{"type":"Feature","properties":{"n":20},"geometry":{"type":"Point","coordinates":[-90.63,29.22]}},{"type":"Feature","properties":{"n":108},"geometry":{"type":"Point","coordinates":[-90.755,29.27]}},{"type":"Feature","properties":{"n":847},"geometry":{"type":"Point","coordinates":[-90.45,29.405]}},{"type":"Feature","properties":{"n":63},"geometry":{"type":"Point","coordinates":[-91.115,29.29]}},{"type":"Feature","properties":{"n":311},"geometry":{"type":"Point","coordinates":[-89.705,29.345]}},{"type":"Feature","properties":{"n":148},"geometry":{"type":"Point","coordinates":[-91.92,29.505]}},{"type":"Feature","properties":{"n":276},"geometry":{"type":"Point","coordinates":[-91.915,29.495]}},{"type":"Feature","properties":{"n":37},"geometry":{"type":"Point","coordinates":[-89.925,29.45]}},{"type":"Feature","properties":{"n":1096},"geometry":{"type":"Point","coordinates":[-90.835,29.2]}},{"type":"Feature","properties":{"n":30},"geometry":{"type":"Point","coordinates":[-75.94,38.25]}},{"type":"Feature","properties":{"n":158},"geometry":{"type":"Point","coordinates":[-89.335,29.945]}},{"type":"Feature","properties":{"n":7},"geometry":{"type":"Point","coordinates":[-89.88,29.875]}},{"type":"Feature","properties":{"n":124},"geometry":{"type":"Point","coordinates":[-90.4,29.375]}},{"type":"Feature","properties":{"n":551},"geometry":{"type":"Point","coordinates":[-90.795,29.175]}},{"type":"Feature","properties":{"n":614},"geometry":{"type":"Point","coordinates":[-89.585,29.325]}},{"type":"Feature","properties":{"n":79},"geometry":{"type":"Point","coordinates":[-90.945,29.28]}},{"type":"Feature","properties":{"n":358},"geometry":{"type":"Point","coordinates":[-90.795,29.13]}},{"type":"Feature","properties":{"n":7},"geometry":{"type":"Point","coordinates":[-90.305,29.385]}},{"type":"Feature","properties":{"n":326},"geometry":{"type":"Point","coordinates":[-89.52,29.255]}},{"type":"Feature","properties":{"n":179},"geometry":{"type":"Point","coordinates":[-90.42,29.26]}},{"type":"Feature","properties":{"n":543},"geometry":{"type":"Point","coordinates":[-92.04,29.555]}},{"type":"Feature","properties":{"n":1},"geometry":{"type":"Point","coordinates":[-90.745,29.09]}},{"type":"Feature","properties":{"n":270},"geometry":{"type":"Point","coordinates":[-89.385,29.92]}},{"type":"Feature","properties":{"n":260},"geometry":{"type":"Point","coordinates":[-89.54,29.69]}},{"type":"Feature","properties":{"n":218},"geometry":{"type":"Point","coordinates":[-90.6,29.27]}},{"type":"Feature","properties":{"n":42},"geometry":{"type":"Point","coordinates":[-90.495,29.285]}},{"type":"Feature","properties":{"n":467},"geometry":{"type":"Point","coordinates":[-89.755,29.315]}},{"type":"Feature","properties":{"n":389},"geometry":{"type":"Point","coordinates":[-90.565,29.31]}},{"type":"Feature","properties":{"n":178},"geometry":{"type":"Point","coordinates":[-89.46,29.835]}},{"type":"Feature","properties":{"n":1},"geometry":{"type":"Point","coordinates":[-90.515,29.22]}},{"type":"Feature","properties":{"n":1472},"geometry":{"type":"Point","coordinates":[-89.62,29.355]}},{"type":"Feature","properties":{"n":483},"geometry":{"type":"Point","coordinates":[-75.915,38.285]}},{"type":"Feature","properties":{"n":258},"geometry":{"type":"Point","coordinates":[-89.325,29.92]}},{"type":"Feature","properties":{"n":61},"geometry":{"type":"Point","coordinates":[-89.625,29.415]}},{"type":"Feature","properties":{"n":1273},"geometry":{"type":"Point","coordinates":[-75.935,38.28]}},{"type":"Feature","properties":{"n":65},"geometry":{"type":"Point","coordinates":[-89.385,29.83]}},{"type":"Feature","properties":{"n":132},"geometry":{"type":"Point","coordinates":[-89.575,29.75]}},{"type":"Feature","properties":{"n":6},"geometry":{"type":"Point","coordinates":[-89.765,29.45]}},{"type":"Feature","properties":{"n":2},"geometry":{"type":"Point","coordinates":[-90.63,29.33]}},{"type":"Feature","properties":{"n":534},"geometry":{"type":"Point","coordinates":[-90.775,29.165]}},{"type":"Feature","properties":{"n":1},"geometry":{"type":"Point","coordinates":[-95.04,29.505]}},{"type":"Feature","properties":{"n":1049},"geometry":{"type":"Point","coordinates":[-89.69,29.375]}},{"type":"Feature","properties":{"n":112},"geometry":{"type":"Point","coordinates":[-92.03,29.555]}},{"type":"Feature","properties":{"n":2},"geometry":{"type":"Point","coordinates":[-90.745,29.225]}},{"type":"Feature","properties":{"n":186},"geometry":{"type":"Point","coordinates":[-89.575,29.725]}},{"type":"Feature","properties":{"n":128},"geometry":{"type":"Point","coordinates":[-89.475,29.76]}},{"type":"Feature","properties":{"n":1},"geometry":{"type":"Point","coordinates":[-94.76,29.535]}},{"type":"Feature","properties":{"n":28},"geometry":{"type":"Point","coordinates":[-90.85,29.27]}},{"type":"Feature","properties":{"n":28},"geometry":{"type":"Point","coordinates":[-89.735,29.365]}},{"type":"Feature","properties":{"n":464},"geometry":{"type":"Point","coordinates":[-89.415,29.875]}},{"type":"Feature","properties":{"n":45},"geometry":{"type":"Point","coordinates":[-90.845,29.245]}},{"type":"Feature","properties":{"n":73},"geometry":{"type":"Point","coordinates":[-89.71,29.48]}},{"type":"Feature","properties":{"n":251},"geometry":{"type":"Point","coordinates":[-89.9,29.52]}},{"type":"Feature","properties":{"n":486},"geometry":{"type":"Point","coordinates":[-92.115,29.585]}}]}