{"type":"FeatureCollection","name":"lease_30260_bedding","features":[{"type":"Feature","properties":{"d":"2025-05-18","material":"Limestone"},"geometry":{"type":"MultiLineString","coordinates":[[[-89.358322,29.994893],[-89.358417,29.994798],[-89.358429,29.994766],[-89.358428,29.994731],[-89.35842,29.9947],[-89.358404,29.994672],[-89.358376,29.994642],[-89.35834,29.994609],[-89.358304,29.994581],[-89.358263,29.994552],[-89.358217,29.994526],[-89.35817,29.9945],[-89.358129,29.994473],[-89.358085,29.994446],[-89.358038,29.994419],[-89.357993,29.994386],[-89.35795,29.994356],[-89.357905,29.994326],[-89.357865,29.994296],[-89.357827,29.994266],[-89.357792,29.994237],[-89.357759,29.994205],[-89.357727,29.994173],[-89.357696,29.994141],[-89.357661,29.994105],[-89.357628,29.99407],[-89.357599,29.994032],[-89.357571,29.993992],[-89.357552,29.993954],[-89.35755,29.993914],[-89.357558,29.993876],[-89.357576,29.993843],[-89.357609,29.993817],[-89.357647,29.993801],[-89.357688,29.993797],[-89.35773,29.993804],[-89.35777,29.993819],[-89.3578,29.993845],[-89.35782,29.993876],[-89.357832,29.993904],[-89.357832,29.993934],[-89.357827,29.993965],[-89.357811,29.993994],[-89.357788,29.994019],[-89.357761,29.994036],[-89.35773,29.994049],[-89.357696,29.994056],[-89.357659,29.994053],[-89.35762,29.994043],[-89.357587,29.994029],[-89.357555,29.994013],[-89.357527,29.993995],[-89.357502,29.993976],[-89.357484,29.993953],[-89.357471,29.993928],[-89.357465,29.993897],[-89.35747,29.99387],[-89.35748,29.993842],[-89.357506,29.993812],[-89.357533,29.993795],[-89.357568,29.993782],[-89.357609,29.993775],[-89.357649,29.993773],[-89.35769,29.993775],[-89.357729,29.993785],[-89.357765,29.993801],[-89.357792,29.993821],[-89.357809,29.993847],[-89.357825,29.993873],[-89.357832,29.9939],[-89.357828,29.993939],[-89.357818,29.99397],[-89.357802,29.993996],[-89.357783,29.994019],[-89.357759,29.994036],[-89.357729,29.994047],[-89.357681,29.994053],[-89.357648,29.994051],[-89.357617,29.994043],[-89.357578,29.994025],[-89.35756,29.994003],[-89.357536,29.993973],[-89.357528,29.993934],[-89.357525,29.993903],[-89.357526,29.993867],[-89.357531,29.993837],[-89.357539,29.993804],[-89.357556,29.993776],[-89.357578,29.993754],[-89.35761,29.993738],[-89.35764,29.99373],[-89.35768,29.993725],[-89.357719,29.993721],[-89.357756,29.993733],[-89.357794,29.993746],[-89.35783,29.993763],[-89.357867,29.993782],[-89.357894,29.993805],[-89.357916,29.993835],[-89.357937,29.993862],[-89.357947,29.993896],[-89.357953,29.993929],[-89.357948,29.993965],[-89.357942,29.994],[-89.35793,29.994034],[-89.35791,29.994068],[-89.357889,29.994098],[-89.357864,29.994123],[-89.357833,29.994143],[-89.357797,29.994159],[-89.357762,29.994176],[-89.357732,29.994188],[-89.357695,29.994191],[-89.357659,29.994192],[-89.357624,29.994188],[-89.357588,29.99418],[-89.357558,29.994167],[-89.357529,29.99415],[-89.357503,29.994131],[-89.357482,29.994109],[-89.357463,29.994081],[-89.357445,29.994054],[-89.357437,29.994022],[-89.35743,29.993993],[-89.35743,29.993958],[-89.357434,29.993925],[-89.357445,29.993893],[-89.357456,29.993861],[-89.357475,29.993827],[-89.357501,29.993799],[-89.35753,29.993777],[-89.357567,29.993759],[-89.357605,29.993748],[-89.357645,29.993744],[-89.357686,29.993744],[-89.35773,29.993752],[-89.357771,29.993767],[-89.357813,29.993785],[-89.357855,29.993806],[-89.357894,29.993828],[-89.357923,29.993855],[-89.357947,29.993888],[-89.357965,29.993923],[-89.357973,29.993958],[-89.357976,29.993992],[-89.357971,29.994027],[-89.35796,29.99406],[-89.357942,29.994092],[-89.357916,29.994119],[-89.357889,29.99414],[-89.357861,29.994157],[-89.357827,29.994171],[-89.357791,29.99418],[-89.357749,29.994188],[-89.357707,29.99419],[-89.357667,29.994188],[-89.357635,29.994183],[-89.3576,29.99417],[-89.35757,29.994154],[-89.357537,29.994136],[-89.357516,29.994113],[-89.357491,29.994077],[-89.357475,29.994049],[-89.357466,29.994017],[-89.357458,29.993984],[-89.357454,29.993952],[-89.357455,29.993916],[-89.357462,29.993881],[-89.357474,29.993846],[-89.357491,29.993814],[-89.357513,29.993785],[-89.35754,29.993763],[-89.35757,29.993744],[-89.357607,29.993733],[-89.357646,29.993729],[-89.357686,29.993728],[-89.357727,29.993736],[-89.357767,29.993747],[-89.357804,29.993765],[-89.357839,29.993786],[-89.357864,29.993814],[-89.357887,29.993845],[-89.357905,29.993878],[-89.357914,29.993912],[-89.357915,29.993946],[-89.357914,29.993981],[-89.357904,29.994018],[-89.357894,29.994051],[-89.357874,29.994083],[-89.357849,29.99411],[-89.35782,29.994136],[-89.357788,29.994156],[-89.357751,29.994171],[-89.357715,29.994183],[-89.357677,29.994188],[-89.35764,29.994188],[-89.357601,29.994181],[-89.357564,29.994169],[-89.357533,29.994156],[-89.357503,29.99414],[-89.357479,29.994119],[-89.357452,29.994098],[-89.357436,29.994071],[-89.357426,29.994042],[-89.357421,29.99401],[-89.357422,29.99398],[-89.357427,29.993948],[-89.357439,29.993912],[-89.357455,29.99388],[-89.357476,29.99385],[-89.3575,29.993822],[-89.357525,29.993796],[-89.357561,29.993778],[-89.357598,29.99377],[-89.357638,29.993768],[-89.357679,29.993776],[-89.357718,29.993788],[-89.357753,29.993802],[-89.357786,29.993821],[-89.357815,29.993845],[-89.357838,29.993876],[-89.357848,29.993908],[-89.357853,29.993942],[-89.357852,29.993976],[-89.357845,29.994012],[-89.357833,29.994047],[-89.357816,29.994077],[-89.357794,29.994108],[-89.35777,29.994132],[-89.357743,29.99415],[-89.35771,29.994165],[-89.357673,29.994176],[-89.357637,29.994182],[-89.357601,29.994179],[-89.357566,29.994171],[-89.357535,29.994157],[-89.357505,29.994142],[-89.357477,29.994127],[-89.357451,29.994107],[-89.357433,29.994082],[-89.357422,29.994053],[-89.35741,29.994026],[-89.357405,29.993996],[-89.357404,29.993965],[-89.357409,29.993933],[-89.35742,29.993901],[-89.357433,29.99387],[-89.357447,29.99384],[-89.357467,29.993809],[-89.357492,29.993781],[-89.357523,29.993755],[-89.357559,29.993732],[-89.357601,29.993714],[-89.35764,29.9937],[-89.357685,29.993698],[-89.357727,29.993701],[-89.357766,29.993712],[-89.3578,29.993725],[-89.357829,29.993744],[-89.357854,29.993765],[-89.357874,29.993792],[-89.357889,29.993823],[-89.357894,29.993856],[-89.357892,29.993891],[-89.357885,29.993923],[-89.357873,29.993955],[-89.357856,29.993988],[-89.357833,29.994018],[-89.357808,29.994043],[-89.357776,29.994059],[-89.357742,29.994074],[-89.357708,29.994088],[-89.357668,29.994097],[-89.357631,29.9941],[-89.357595,29.994098],[-89.357557,29.994088],[-89.357524,29.994076],[-89.357491,29.994063],[-89.357461,29.994044],[-89.357436,29.994021],[-89.357417,29.993996],[-89.3574,29.993969],[-89.357388,29.993944],[-89.35739,29.993905],[-89.357398,29.993876],[-89.357408,29.993846],[-89.357425,29.993818],[-89.357449,29.993788],[-89.35748,29.993763],[-89.357515,29.993745],[-89.357553,29.993728],[-89.357593,29.993722],[-89.357635,29.993722],[-89.357679,29.993729],[-89.357724,29.993739],[-89.357766,29.993756],[-89.357805,29.993777],[-89.357846,29.993803],[-89.357881,29.993828],[-89.357906,29.993854],[-89.357929,29.993884],[-89.357943,29.993916],[-89.357951,29.993949],[-89.357949,29.993985],[-89.357941,29.99402],[-89.357925,29.994054],[-89.357907,29.994083],[-89.35788,29.994108],[-89.357851,29.994129],[-89.357817,29.994144],[-89.357783,29.994156],[-89.357747,29.994161],[-89.357712,29.994158],[-89.357677,29.994151],[-89.357644,29.99414],[-89.357601,29.994118],[-89.357572,29.994103],[-89.357546,29.994085],[-89.357522,29.994063],[-89.357504,29.994036],[-89.357489,29.994005],[-89.357476,29.993976],[-89.357467,29.993944],[-89.357466,29.993913],[-89.357469,29.993881],[-89.35748,29.99385],[-89.357493,29.993817],[-89.357513,29.993789],[-89.357541,29.993761],[-89.357574,29.993739],[-89.357612,29.993724],[-89.357648,29.993716],[-89.357687,29.993711],[-89.357724,29.993712],[-89.357768,29.993721],[-89.35781,29.993735],[-89.357845,29.993754],[-89.357873,29.993776],[-89.357903,29.993801],[-89.357925,29.993829],[-89.357939,29.99386],[-89.357948,29.993891],[-89.35795,29.993925],[-89.357946,29.993957],[-89.357941,29.993996],[-89.357932,29.99403],[-89.357911,29.994063],[-89.357888,29.994093],[-89.357861,29.994119],[-89.357833,29.99414],[-89.3578,29.994154],[-89.357764,29.994164],[-89.357729,29.994175],[-89.35769,29.994179],[-89.357651,29.994178],[-89.357611,29.994172],[-89.357565,29.994159],[-89.357519,29.994144],[-89.357484,29.994118],[-89.357456,29.994081],[-89.357444,29.994042],[-89.357446,29.994002],[-89.357462,29.993962],[-89.35749,29.993928],[-89.357536,29.993904],[-89.357596,29.993889],[-89.357656,29.993894],[-89.357685,29.993904],[-89.357728,29.993937],[-89.35775,29.993985],[-89.357742,29.994036],[-89.357728,29.994061],[-89.357687,29.994101],[-89.357658,29.994115],[-89.357628,29.994126],[-89.357596,29.994133],[-89.357564,29.994132],[-89.357532,29.994127],[-89.3575,29.994119],[-89.35745,29.994102],[-89.357411,29.994088],[-89.357379,29.994076],[-89.357339,29.994062],[-89.357305,29.994053],[-89.357274,29.994056],[-89.357283,29.994086],[-89.357305,29.994106],[-89.357335,29.994127],[-89.35737,29.994145],[-89.357406,29.994163],[-89.357441,29.99418],[-89.357474,29.994196],[-89.357502,29.99421],[-89.35754,29.994229],[-89.357581,29.994249],[-89.357623,29.994268],[-89.357667,29.994289],[-89.357708,29.994303],[-89.357752,29.99432],[-89.357798,29.99433],[-89.357842,29.994343],[-89.357885,29.994353],[-89.35792,29.994365],[-89.357954,29.994368],[-89.35799,29.99437],[-89.358023,29.994367],[-89.358058,29.994361],[-89.35809,29.994353],[-89.358125,29.994344],[-89.358158,29.99433],[-89.358185,29.994315],[-89.358219,29.994299],[-89.358249,29.99428],[-89.358273,29.994259]]]}},{"type":"Feature","properties":{"d":"2025-05-18","material":"Limestone"},"geometry":{"type":"MultiLineString","coordinates":[[[-89.357667,29.993765],[-89.357788,29.993757],[-89.357823,29.993769],[-89.357854,29.993785],[-89.357881,29.993806],[-89.357907,29.993829],[-89.357928,29.993855],[-89.357947,29.993886],[-89.357962,29.993916],[-89.357972,29.993947],[-89.357979,29.993979],[-89.357981,29.994013],[-89.357982,29.994049],[-89.35798,29.994081],[-89.35798,29.994114],[-89.357981,29.994149],[-89.357982,29.994183],[-89.357984,29.994217],[-89.357984,29.994252],[-89.357988,29.994286],[-89.357994,29.994317],[-89.358001,29.994347],[-89.358007,29.994374],[-89.358011,29.994401],[-89.357999,29.994452],[-89.357986,29.994478],[-89.35797,29.994502],[-89.357928,29.994535],[-89.35788,29.994554],[-89.357834,29.994559],[-89.357788,29.994546],[-89.357752,29.994522],[-89.357726,29.994488],[-89.35772,29.994448],[-89.357733,29.994405],[-89.357761,29.994369],[-89.357804,29.994339],[-89.357857,29.994324],[-89.357918,29.994327],[-89.357949,29.994335],[-89.358003,29.994358],[-89.358044,29.994397],[-89.358069,29.994444],[-89.358077,29.994492],[-89.358066,29.994536],[-89.35804,29.994576],[-89.358002,29.994605],[-89.357956,29.99462],[-89.357909,29.994621],[-89.357863,29.994606],[-89.35783,29.994578],[-89.357805,29.994541],[-89.357793,29.994495],[-89.357801,29.994449],[-89.357825,29.994405],[-89.357863,29.99437],[-89.357913,29.99434],[-89.35797,29.994327],[-89.358029,29.99433],[-89.358089,29.994344],[-89.358117,29.994356],[-89.358145,29.994369],[-89.358189,29.994407],[-89.358208,29.994428],[-89.358225,29.994452],[-89.358239,29.994479],[-89.358248,29.994506],[-89.358253,29.994533],[-89.358253,29.994585],[-89.358247,29.994612],[-89.358225,29.994661],[-89.358208,29.994684],[-89.358188,29.994704],[-89.358142,29.994734],[-89.358089,29.994754],[-89.358035,29.994764],[-89.35798,29.994762],[-89.357927,29.994747],[-89.357881,29.99472],[-89.357859,29.9947],[-89.357822,29.994659],[-89.357793,29.994616],[-89.357781,29.994591],[-89.357763,29.994541],[-89.357759,29.994512],[-89.357758,29.994483],[-89.357758,29.994455],[-89.357763,29.994427],[-89.357769,29.994399],[-89.357779,29.994372],[-89.357794,29.994348],[-89.357811,29.994324],[-89.357829,29.994301],[-89.357852,29.99428],[-89.357877,29.994263],[-89.357904,29.994249],[-89.357961,29.994232],[-89.357993,29.994228],[-89.358049,29.994232],[-89.358103,29.994253],[-89.358144,29.994289],[-89.35817,29.994331],[-89.358174,29.994377],[-89.358159,29.994419],[-89.358126,29.994455],[-89.358081,29.994483],[-89.358025,29.994504],[-89.357965,29.994518],[-89.357906,29.994518],[-89.357875,29.994516],[-89.357844,29.994513],[-89.357813,29.994508],[-89.357782,29.994503],[-89.357749,29.994497],[-89.357717,29.994491],[-89.357686,29.994482],[-89.357655,29.994475],[-89.357604,29.99445],[-89.357566,29.994417],[-89.35754,29.994376],[-89.357526,29.994328],[-89.357531,29.994281],[-89.357555,29.994238],[-89.357593,29.994205],[-89.357644,29.994179],[-89.3577,29.994169],[-89.35776,29.994173],[-89.357819,29.994196],[-89.357846,29.994211],[-89.357872,29.994229],[-89.357897,29.994251],[-89.357919,29.994273],[-89.357937,29.994296],[-89.357954,29.994322],[-89.357967,29.994348],[-89.357977,29.994376],[-89.357985,29.994405],[-89.35799,29.994436],[-89.357992,29.994466],[-89.357988,29.994521],[-89.357969,29.99457],[-89.357938,29.994609],[-89.357895,29.994641],[-89.357844,29.994658],[-89.357791,29.994656],[-89.357745,29.994642],[-89.357706,29.994612],[-89.357683,29.994574],[-89.357676,29.994531],[-89.357689,29.994487],[-89.357716,29.994441],[-89.357752,29.994398],[-89.357773,29.994377],[-89.357795,29.994357],[-89.357819,29.994337],[-89.357847,29.994319],[-89.357875,29.994304],[-89.357933,29.994283],[-89.357964,29.994277],[-89.358022,29.994278],[-89.358078,29.994293],[-89.358121,29.994323],[-89.358148,29.994366],[-89.35816,29.994411],[-89.358155,29.994456],[-89.358135,29.994499],[-89.358102,29.994532],[-89.358062,29.994552],[-89.358022,29.994562],[-89.357983,29.994562],[-89.357946,29.994554],[-89.357915,29.994541],[-89.357893,29.99452],[-89.357879,29.994493],[-89.357874,29.994463],[-89.357879,29.994434],[-89.357892,29.994409],[-89.357917,29.994388],[-89.35795,29.994374],[-89.357987,29.994366],[-89.358027,29.994368],[-89.358069,29.99438],[-89.358105,29.994401],[-89.358132,29.994429],[-89.358153,29.994463],[-89.358163,29.9945],[-89.358162,29.994536],[-89.35815,29.994571],[-89.358133,29.994599],[-89.358108,29.994625],[-89.358078,29.994641],[-89.358045,29.994655],[-89.358009,29.994658],[-89.357973,29.994655],[-89.35794,29.994642],[-89.357911,29.994619],[-89.357883,29.994594],[-89.357862,29.994565],[-89.357845,29.994529],[-89.357834,29.994492],[-89.357829,29.994452],[-89.357829,29.994411],[-89.357837,29.994372],[-89.357853,29.99434],[-89.35788,29.994316],[-89.357916,29.9943],[-89.357955,29.994293],[-89.357994,29.994293],[-89.358036,29.994303],[-89.358071,29.994322],[-89.358099,29.994351],[-89.35812,29.994387],[-89.35813,29.994422],[-89.35813,29.994458],[-89.358117,29.994496],[-89.358099,29.994527],[-89.358073,29.994556],[-89.358041,29.994579],[-89.358013,29.994599],[-89.357982,29.994614],[-89.357953,29.994625],[-89.357908,29.994635],[-89.357865,29.994636],[-89.357833,29.994632],[-89.357791,29.994622],[-89.357752,29.994599],[-89.35773,29.99458],[-89.357699,29.99455],[-89.357682,29.994528],[-89.357667,29.994502],[-89.357659,29.994472],[-89.357654,29.994443],[-89.357651,29.994412],[-89.357649,29.994378],[-89.357644,29.994345],[-89.357638,29.994312],[-89.357634,29.994281],[-89.357631,29.994248],[-89.357633,29.994218],[-89.357633,29.994186],[-89.357639,29.994155],[-89.357648,29.994122],[-89.357658,29.994091],[-89.357673,29.994062],[-89.357693,29.994034],[-89.357712,29.994005],[-89.357724,29.993975],[-89.357728,29.993947],[-89.357726,29.993919],[-89.357713,29.993881],[-89.357686,29.99385],[-89.357649,29.993834],[-89.35761,29.993827],[-89.357566,29.993838],[-89.357529,29.993863],[-89.357507,29.993887],[-89.357493,29.993916],[-89.357487,29.993952],[-89.357489,29.993981],[-89.357495,29.994009],[-89.357508,29.994034],[-89.357527,29.99406],[-89.357538,29.994086],[-89.357556,29.99406],[-89.357572,29.994035],[-89.357593,29.994012],[-89.357612,29.99399],[-89.357635,29.99397],[-89.357664,29.993955],[-89.357694,29.993962],[-89.357715,29.993989],[-89.357735,29.994009],[-89.357756,29.994032],[-89.357766,29.994002],[-89.357767,29.993973],[-89.357772,29.993945],[-89.357777,29.993918],[-89.357808,29.993922],[-89.357841,29.993928],[-89.357864,29.993949],[-89.357891,29.993963],[-89.357917,29.993981],[-89.357947,29.993991],[-89.357916,29.993992],[-89.357908,29.993962],[-89.35791,29.993935],[-89.357912,29.993903],[-89.357915,29.993874],[-89.357913,29.993843],[-89.35791,29.993815],[-89.357898,29.993789],[-89.357885,29.993761],[-89.357865,29.993737],[-89.35783,29.993735],[-89.357798,29.993739],[-89.357766,29.993742],[-89.357735,29.993734],[-89.357707,29.993722],[-89.357708,29.99375],[-89.357724,29.993773],[-89.357747,29.993798],[-89.357762,29.993826],[-89.357778,29.993853],[-89.357793,29.993879],[-89.357808,29.993904],[-89.357836,29.993922],[-89.357862,29.993938],[-89.35783,29.993943],[-89.357799,29.993933],[-89.357767,29.993924],[-89.357733,29.99391],[-89.357698,29.993894],[-89.357665,29.993887],[-89.357634,29.993879],[-89.357608,29.99386],[-89.357583,29.993842],[-89.357559,29.99382],[-89.357538,29.993797],[-89.357503,29.993784],[-89.35747,29.993781],[-89.357432,29.993781],[-89.357396,29.993784],[-89.35736,29.993786],[-89.357327,29.993791],[-89.357294,29.993795],[-89.357297,29.993823],[-89.357319,29.993846],[-89.357339,29.993868],[-89.357361,29.993893],[-89.357384,29.993918],[-89.357406,29.99394],[-89.357428,29.993962],[-89.357447,29.993986],[-89.357463,29.99401],[-89.357487,29.994037],[-89.357506,29.994065],[-89.357529,29.994091],[-89.357551,29.994116],[-89.357571,29.994141],[-89.357594,29.994165],[-89.357616,29.994191],[-89.357638,29.994216],[-89.357658,29.994241],[-89.357674,29.994265],[-89.357697,29.994291],[-89.357714,29.994318],[-89.35773,29.994343],[-89.357754,29.994361],[-89.357781,29.994378],[-89.357789,29.994407],[-89.357782,29.994434],[-89.357758,29.994452],[-89.357734,29.994472],[-89.357726,29.994498],[-89.357741,29.994527],[-89.357776,29.994553],[-89.357812,29.994572],[-89.357862,29.994588],[-89.357918,29.9946],[-89.35797,29.994604],[-89.358023,29.994601],[-89.358073,29.994583],[-89.358115,29.994554],[-89.358148,29.994517],[-89.358171,29.994475],[-89.358185,29.994429],[-89.35819,29.994383],[-89.358186,29.994337],[-89.358182,29.994298],[-89.358173,29.994261],[-89.358162,29.994226],[-89.358148,29.994193],[-89.358138,29.994165],[-89.358119,29.994136],[-89.358099,29.994108],[-89.358075,29.994084],[-89.358046,29.994064],[-89.358014,29.994044],[-89.357981,29.994036],[-89.357934,29.994023],[-89.357898,29.994019],[-89.357864,29.994015],[-89.357828,29.994016],[-89.357794,29.994019],[-89.357758,29.994025],[-89.35772,29.994033],[-89.357685,29.994043],[-89.357648,29.994058],[-89.357614,29.994078],[-89.357584,29.994101],[-89.357553,29.994126],[-89.357524,29.994154],[-89.357501,29.994183],[-89.357478,29.994214],[-89.35746,29.994249],[-89.357443,29.994284],[-89.357427,29.994321],[-89.357412,29.994355],[-89.357406,29.994393],[-89.357402,29.994429],[-89.3574,29.994466],[-89.357398,29.994503],[-89.357399,29.994547],[-89.357408,29.994583],[-89.357423,29.994621],[-89.357439,29.994655],[-89.357461,29.994691],[-89.357483,29.994725],[-89.35751,29.994756],[-89.35754,29.994785],[-89.357577,29.994812],[-89.357609,29.994836],[-89.357645,29.994857],[-89.357682,29.994876],[-89.357723,29.994891],[-89.357766,29.994903],[-89.357808,29.994917],[-89.357849,29.994922],[-89.357893,29.994926],[-89.357938,29.994924],[-89.357983,29.994921],[-89.358024,29.994916],[-89.358066,29.99491],[-89.358104,29.994903],[-89.358142,29.994891],[-89.358176,29.994875],[-89.358207,29.994853],[-89.358235,29.994832],[-89.358261,29.994809],[-89.358279,29.994786],[-89.358294,29.994748],[-89.358307,29.994713],[-89.358313,29.994674],[-89.358315,29.994635],[-89.358313,29.994606],[-89.358307,29.994576],[-89.358298,29.994545],[-89.358287,29.99451],[-89.358281,29.994478],[-89.358272,29.994448],[-89.358264,29.994419],[-89.358256,29.994389],[-89.358243,29.99436],[-89.35823,29.994332],[-89.358216,29.994302],[-89.3582,29.994272],[-89.358182,29.994242],[-89.358164,29.994213],[-89.358149,29.994185],[-89.358128,29.994156],[-89.358103,29.994128],[-89.358084,29.994101],[-89.358061,29.994075],[-89.358038,29.99405],[-89.35801,29.994026],[-89.357979,29.994003],[-89.357949,29.993986],[-89.357919,29.993969],[-89.357891,29.993955],[-89.357859,29.993942],[-89.357826,29.993934],[-89.357792,29.993928],[-89.357755,29.993926],[-89.35772,29.993925],[-89.357688,29.99393],[-89.357652,29.993944],[-89.357619,29.993968],[-89.357597,29.993995],[-89.357579,29.994019],[-89.357563,29.994046],[-89.357566,29.994079],[-89.357568,29.99411],[-89.357575,29.994145],[-89.357584,29.994174],[-89.3576,29.9942],[-89.357621,29.994225],[-89.357658,29.994249],[-89.357693,29.99427],[-89.357727,29.994292],[-89.35776,29.994321],[-89.35779,29.994348],[-89.357818,29.994385],[-89.357842,29.994425],[-89.357864,29.994464],[-89.357883,29.994504],[-89.357903,29.99455],[-89.357916,29.994593],[-89.357925,29.994636],[-89.357931,29.994679],[-89.357935,29.994724],[-89.357943,29.99477],[-89.357947,29.994817],[-89.357948,29.994864],[-89.357952,29.994909],[-89.357965,29.994952],[-89.357985,29.994992],[-89.358013,29.995028],[-89.358045,29.995056],[-89.358082,29.995078],[-89.358122,29.995093],[-89.358164,29.995101],[-89.35821,29.995105],[-89.358254,29.995102],[-89.358295,29.995093],[-89.358334,29.995079],[-89.358369,29.995057],[-89.358396,29.995032],[-89.358414,29.995001],[-89.358433,29.994972],[-89.358442,29.994937],[-89.358451,29.994903],[-89.358457,29.994866],[-89.358461,29.994827],[-89.358462,29.994788],[-89.358464,29.994748],[-89.358462,29.994707],[-89.358463,29.994669],[-89.358464,29.994625],[-89.358468,29.99458],[-89.358475,29.994535],[-89.358477,29.994494],[-89.358485,29.994456]]]}},{"type":"Feature","properties":{"d":"2025-05-19","material":"Limestone"},"geometry":{"type":"MultiLineString","coordinates":[[[-89.358602,29.994604],[-89.358182,29.994896],[-89.358137,29.994892],[-89.358095,29.994884],[-89.358056,29.994871],[-89.358024,29.994846],[-89.358,29.994816],[-89.357984,29.994786],[-89.357979,29.994752],[-89.357987,29.994713],[-89.358005,29.994678],[-89.358034,29.994652],[-89.358072,29.994634],[-89.358113,29.994622],[-89.358153,29.994623],[-89.358196,29.99463],[-89.358236,29.994654],[-89.358272,29.994678],[-89.358299,29.994708],[-89.358316,29.994741],[-89.358322,29.994777],[-89.358318,29.994811],[-89.358304,29.994849],[-89.358278,29.99488],[-89.358248,29.994905],[-89.358213,29.994917],[-89.358179,29.994925],[-89.358145,29.994921],[-89.358109,29.994912],[-89.358077,29.994898],[-89.358045,29.994879],[-89.358025,29.99485],[-89.358012,29.99482],[-89.358013,29.994787],[-89.358023,29.994753],[-89.358044,29.994722],[-89.358075,29.994693],[-89.358113,29.99467],[-89.358159,29.994652],[-89.358201,29.994642],[-89.358251,29.994643],[-89.358298,29.994652],[-89.358341,29.994667],[-89.358384,29.994692],[-89.358421,29.994722],[-89.35845,29.994753],[-89.358473,29.994788],[-89.358483,29.994829],[-89.358482,29.994864],[-89.358472,29.994901],[-89.358459,29.994937],[-89.358422,29.994969],[-89.358386,29.994996],[-89.358349,29.995014],[-89.358311,29.995024],[-89.358272,29.995028],[-89.358236,29.995024],[-89.358197,29.995017],[-89.358161,29.995001],[-89.35813,29.99498],[-89.358106,29.994948],[-89.358088,29.994917],[-89.35808,29.994888],[-89.358084,29.994856],[-89.3581,29.99482],[-89.358123,29.99479],[-89.358152,29.994764],[-89.358193,29.99475],[-89.358238,29.99474],[-89.358289,29.994738],[-89.358332,29.994741],[-89.358375,29.994753],[-89.358419,29.994776],[-89.35845,29.994805],[-89.358478,29.994837],[-89.358493,29.994875],[-89.358495,29.994918],[-89.358494,29.994954],[-89.358481,29.994992],[-89.358457,29.99503],[-89.358426,29.995062],[-89.358389,29.995088],[-89.358352,29.995099],[-89.358311,29.995105],[-89.358272,29.995107],[-89.358235,29.995101],[-89.358195,29.995091],[-89.358149,29.995078],[-89.358104,29.995065],[-89.35806,29.995045],[-89.358013,29.995031],[-89.357969,29.995006],[-89.357927,29.994978],[-89.357886,29.994948],[-89.357846,29.99492],[-89.357809,29.994892],[-89.357778,29.99486],[-89.357757,29.994822],[-89.357739,29.994781],[-89.357729,29.994743],[-89.357735,29.994708],[-89.357743,29.994669],[-89.357766,29.994639],[-89.3578,29.994616],[-89.357838,29.994602],[-89.357882,29.99459],[-89.357931,29.994587],[-89.357979,29.99459],[-89.358024,29.994602],[-89.358074,29.994622],[-89.358124,29.994647],[-89.358158,29.994682],[-89.358191,29.994717],[-89.358212,29.994761],[-89.35823,29.994801],[-89.358239,29.99484],[-89.358238,29.994879],[-89.358232,29.994921],[-89.358212,29.994964],[-89.358191,29.994998],[-89.358159,29.995035],[-89.358127,29.99506],[-89.358087,29.995079],[-89.358043,29.995092],[-89.358002,29.995097],[-89.357963,29.995094],[-89.357927,29.995086],[-89.357893,29.995069],[-89.35786,29.995052],[-89.357834,29.995026],[-89.357822,29.994992],[-89.357812,29.994954],[-89.357814,29.99492],[-89.357821,29.99488],[-89.357835,29.99484],[-89.357854,29.994797],[-89.35788,29.994758],[-89.357917,29.994725],[-89.357953,29.994692],[-89.357992,29.994667],[-89.35804,29.994646],[-89.358089,29.994636],[-89.358139,29.994628],[-89.358184,29.994629],[-89.35823,29.994638],[-89.358275,29.994659],[-89.358315,29.994685],[-89.358349,29.994718],[-89.358374,29.994758],[-89.358391,29.994793],[-89.358405,29.994834],[-89.358402,29.994873],[-89.358394,29.994917],[-89.358379,29.994958],[-89.358356,29.994996],[-89.358322,29.995027],[-89.358287,29.995047],[-89.358248,29.995063],[-89.358208,29.995073],[-89.358161,29.995082],[-89.358119,29.995078],[-89.358076,29.99507],[-89.358033,29.995056],[-89.357995,29.995034],[-89.357961,29.99501],[-89.357943,29.99498],[-89.357928,29.994947],[-89.357922,29.994908],[-89.357928,29.994875],[-89.357941,29.994834],[-89.357967,29.9948],[-89.357999,29.994773],[-89.35804,29.994751],[-89.358085,29.994738],[-89.358132,29.994731],[-89.358183,29.994736],[-89.358228,29.994745],[-89.358271,29.994764],[-89.358309,29.994792],[-89.35834,29.994824],[-89.358362,29.994862],[-89.358383,29.994899],[-89.358391,29.994942],[-89.358389,29.994987],[-89.358378,29.995027],[-89.358361,29.995067],[-89.358335,29.995102],[-89.358306,29.995129],[-89.358269,29.995148],[-89.358228,29.995158],[-89.358188,29.995167],[-89.358146,29.995168],[-89.358101,29.99517],[-89.358057,29.995166],[-89.358018,29.995151],[-89.357978,29.995131],[-89.35794,29.995104],[-89.357905,29.995074],[-89.357881,29.995039],[-89.357866,29.995002],[-89.357852,29.994965],[-89.357845,29.994927],[-89.357839,29.99488],[-89.357837,29.994836],[-89.357849,29.994796],[-89.357867,29.994752],[-89.357893,29.994717],[-89.357927,29.99468],[-89.357963,29.994643],[-89.358,29.994613],[-89.358045,29.994592],[-89.358094,29.994581],[-89.358141,29.994571],[-89.358191,29.994573],[-89.358243,29.994583],[-89.358293,29.994594],[-89.358343,29.994619],[-89.358374,29.994653],[-89.358404,29.994687],[-89.358427,29.994727],[-89.358444,29.994762],[-89.358446,29.994803],[-89.358443,29.994844],[-89.35843,29.994886],[-89.358413,29.994932],[-89.358388,29.994965],[-89.358351,29.99499],[-89.358314,29.995012],[-89.358274,29.995032],[-89.358232,29.995044],[-89.358191,29.995049],[-89.358146,29.995048],[-89.358105,29.995044],[-89.358061,29.995033],[-89.358021,29.995021],[-89.357981,29.995],[-89.357938,29.994975],[-89.357902,29.994953],[-89.357875,29.99492],[-89.357851,29.994883],[-89.357837,29.994845],[-89.357828,29.994806],[-89.357828,29.994766],[-89.357839,29.994728],[-89.357854,29.994687],[-89.357881,29.994654],[-89.357911,29.99462],[-89.357953,29.994598],[-89.357998,29.994583],[-89.358046,29.994578],[-89.358097,29.994578],[-89.358142,29.99459],[-89.358187,29.994608],[-89.358223,29.994642],[-89.358257,29.994679],[-89.358285,29.994724],[-89.358305,29.994762],[-89.358322,29.994801],[-89.358327,29.99484],[-89.358324,29.994884],[-89.358306,29.994929],[-89.358285,29.994965],[-89.358259,29.994997],[-89.358225,29.995027],[-89.358179,29.99505],[-89.358136,29.995067],[-89.3581,29.995079],[-89.358053,29.995085],[-89.358004,29.995085],[-89.35796,29.995084],[-89.357914,29.995072],[-89.357872,29.995058],[-89.357833,29.995043],[-89.357798,29.99502],[-89.357766,29.994997],[-89.357739,29.994963],[-89.35772,29.994929],[-89.357709,29.994897],[-89.357701,29.994861],[-89.357705,29.994818],[-89.357716,29.994774],[-89.357729,29.994735],[-89.357751,29.994696],[-89.35779,29.994664],[-89.357829,29.994635],[-89.357868,29.994609],[-89.357917,29.994597],[-89.357965,29.994592],[-89.358023,29.99459],[-89.358076,29.994596],[-89.358128,29.994607],[-89.358175,29.99463],[-89.358217,29.994662],[-89.358258,29.994698],[-89.358291,29.994735],[-89.358322,29.994774],[-89.358339,29.994814],[-89.358347,29.99486],[-89.358345,29.994901],[-89.358331,29.994951],[-89.358313,29.994992],[-89.358289,29.995029],[-89.358256,29.995061],[-89.358223,29.995088],[-89.358176,29.995113],[-89.358136,29.99513],[-89.35809,29.995138],[-89.358044,29.995137],[-89.357999,29.995129],[-89.357959,29.995118],[-89.357922,29.9951],[-89.357887,29.995078],[-89.357858,29.995057],[-89.357831,29.995027],[-89.357815,29.994999],[-89.357804,29.99496],[-89.3578,29.994919],[-89.357805,29.994879],[-89.35782,29.994835],[-89.357841,29.994804],[-89.357872,29.99477],[-89.357907,29.994736],[-89.357948,29.994713],[-89.357992,29.994695],[-89.35804,29.994691],[-89.358089,29.994692],[-89.358138,29.994698],[-89.358184,29.994714],[-89.358228,29.994746],[-89.358257,29.994771],[-89.358279,29.994802],[-89.358294,29.99483],[-89.358302,29.994861],[-89.358301,29.99489],[-89.358291,29.994918],[-89.358266,29.994942],[-89.358233,29.994964],[-89.358198,29.99497],[-89.358161,29.994967],[-89.358122,29.994961],[-89.358088,29.994939],[-89.358058,29.994917],[-89.35804,29.994884],[-89.358029,29.994851],[-89.35803,29.994809],[-89.358042,29.994773],[-89.358073,29.99474],[-89.358121,29.994709],[-89.358173,29.99469],[-89.358221,29.99468],[-89.358272,29.99468],[-89.358323,29.994691],[-89.358367,29.994716],[-89.358397,29.994754],[-89.358423,29.9948],[-89.358438,29.994839],[-89.358434,29.994882],[-89.358421,29.994919],[-89.358399,29.994949],[-89.358358,29.994973],[-89.358317,29.994988],[-89.358271,29.995001],[-89.358223,29.995004],[-89.358174,29.994998],[-89.358126,29.994986],[-89.358082,29.994973],[-89.358042,29.994951],[-89.358007,29.994927],[-89.357979,29.994889],[-89.35796,29.994852],[-89.357957,29.994812],[-89.35796,29.994773],[-89.357977,29.99473],[-89.357988,29.994705],[-89.358012,29.994661],[-89.35805,29.994627],[-89.358091,29.994599],[-89.35814,29.994588],[-89.358192,29.994585],[-89.358239,29.994598],[-89.358279,29.994629],[-89.358307,29.994669],[-89.358323,29.994709],[-89.358329,29.99475],[-89.358328,29.994799],[-89.358316,29.994844],[-89.358293,29.994882],[-89.358257,29.994914],[-89.358213,29.994939],[-89.358172,29.994944],[-89.358124,29.994947],[-89.35809,29.994933],[-89.358055,29.994917],[-89.358027,29.994888],[-89.358005,29.994845],[-89.35799,29.994806],[-89.357989,29.994769],[-89.357995,29.994728],[-89.358013,29.99469],[-89.358041,29.994654],[-89.358079,29.994629],[-89.358123,29.994621],[-89.358176,29.994625],[-89.35822,29.994644],[-89.358248,29.994661],[-89.358289,29.994701],[-89.358312,29.994738],[-89.358328,29.994773],[-89.358324,29.994807],[-89.358313,29.994845],[-89.358292,29.99489],[-89.358257,29.994926],[-89.358208,29.994948],[-89.358167,29.994962],[-89.358119,29.994971],[-89.358071,29.994965],[-89.358026,29.994954],[-89.357989,29.994938],[-89.357962,29.99491],[-89.357942,29.99487],[-89.35793,29.994828],[-89.357927,29.994791],[-89.357935,29.994744],[-89.357956,29.994704],[-89.357987,29.99467],[-89.358027,29.994641],[-89.358077,29.994623],[-89.358126,29.994611],[-89.358184,29.994611],[-89.35824,29.994618],[-89.358285,29.994633],[-89.358316,29.994651],[-89.35834,29.994671],[-89.358373,29.994713],[-89.358391,29.994736],[-89.358411,29.994775],[-89.358424,29.994817],[-89.358423,29.994863],[-89.358407,29.994907],[-89.358383,29.994952],[-89.358348,29.994989]]]}},{"type":"Feature","properties":{"d":"2025-05-19","material":"Limestone"},"geometry":{"type":"MultiLineString","coordinates":[[[-89.357801,29.994835],[-89.357815,29.994901],[-89.357834,29.994939],[-89.357849,29.994965],[-89.357867,29.994989],[-89.35789,29.99501],[-89.35791,29.995031],[-89.357938,29.995062],[-89.357966,29.99509],[-89.357984,29.995114],[-89.358012,29.995142],[-89.358038,29.995175],[-89.358065,29.995204],[-89.35809,29.995228],[-89.358121,29.995252],[-89.358146,29.995268],[-89.358177,29.99528],[-89.358213,29.995284],[-89.358247,29.995288],[-89.358277,29.995298],[-89.358308,29.995303],[-89.358348,29.995312],[-89.358395,29.995299],[-89.358427,29.99527],[-89.358449,29.995239],[-89.358458,29.99521],[-89.35846,29.99518],[-89.358453,29.995153],[-89.358438,29.995123],[-89.358416,29.995101],[-89.358382,29.995093],[-89.358349,29.995103],[-89.358321,29.995116],[-89.358292,29.995142],[-89.358272,29.995174],[-89.358259,29.995209],[-89.358254,29.995246],[-89.358254,29.995285],[-89.358256,29.995325],[-89.358267,29.995365],[-89.358288,29.995399],[-89.358314,29.995433],[-89.358348,29.995455],[-89.358383,29.995475],[-89.358427,29.995488],[-89.35847,29.995489],[-89.358512,29.995483],[-89.358549,29.995472],[-89.358582,29.995458],[-89.358611,29.995438],[-89.358636,29.995411],[-89.358651,29.995382],[-89.358659,29.995352],[-89.358657,29.995323],[-89.358652,29.995292],[-89.35864,29.995261],[-89.358621,29.995235],[-89.358598,29.99521],[-89.358576,29.995183],[-89.35855,29.995156],[-89.358521,29.995129],[-89.358488,29.995109],[-89.358452,29.995089],[-89.358415,29.995073],[-89.358382,29.995057],[-89.358345,29.995044],[-89.358303,29.995029],[-89.358261,29.995016],[-89.35822,29.995004],[-89.358184,29.994986],[-89.35815,29.994967],[-89.358119,29.994947],[-89.358094,29.994924],[-89.358071,29.994896],[-89.358053,29.994869],[-89.358039,29.994842],[-89.358032,29.994814],[-89.358032,29.994785],[-89.358036,29.994755],[-89.358052,29.994717],[-89.358084,29.994687],[-89.358112,29.994671],[-89.358147,29.994661],[-89.358181,29.994655],[-89.358218,29.994656],[-89.358256,29.994662],[-89.358294,29.994673],[-89.358329,29.994692],[-89.358356,29.994717],[-89.358381,29.994746],[-89.358398,29.994775],[-89.358406,29.994803],[-89.35841,29.994835],[-89.358408,29.994868],[-89.358401,29.994899],[-89.358392,29.994931],[-89.358376,29.994958],[-89.358353,29.994979],[-89.358323,29.994996],[-89.358292,29.995008],[-89.358263,29.995018],[-89.358232,29.995027],[-89.358263,29.995052],[-89.358296,29.995071],[-89.358331,29.995086],[-89.358362,29.995098],[-89.358381,29.995122],[-89.35837,29.995148],[-89.358358,29.995173],[-89.35836,29.995201],[-89.35838,29.995222],[-89.358405,29.995239],[-89.358429,29.99526],[-89.358447,29.995284],[-89.35846,29.995311],[-89.358463,29.99534],[-89.358466,29.995368],[-89.358475,29.995397],[-89.358456,29.995422],[-89.358422,29.995423],[-89.358439,29.995392],[-89.358447,29.995352],[-89.358441,29.995323],[-89.358424,29.995296],[-89.358398,29.995272],[-89.35837,29.995251],[-89.358345,29.995233],[-89.358321,29.995215],[-89.358292,29.995186],[-89.358273,29.995152],[-89.358266,29.995116],[-89.358273,29.99508],[-89.358287,29.995055],[-89.358312,29.995028],[-89.35835,29.995006],[-89.358396,29.99499],[-89.358448,29.994988],[-89.358495,29.994993],[-89.358533,29.995004],[-89.358567,29.995017],[-89.358593,29.995039],[-89.358612,29.995068],[-89.358625,29.995099],[-89.358634,29.995134],[-89.358639,29.995173],[-89.358639,29.995212],[-89.358634,29.995254],[-89.358623,29.995296],[-89.358609,29.995337],[-89.358585,29.995375],[-89.35856,29.995408],[-89.358533,29.995435],[-89.358501,29.995457],[-89.358463,29.995473],[-89.358427,29.995478],[-89.358392,29.995474],[-89.35836,29.995464],[-89.358328,29.99545],[-89.358301,29.995427],[-89.358279,29.995401],[-89.358265,29.99537],[-89.358256,29.995335],[-89.358254,29.995303],[-89.358264,29.995269],[-89.358283,29.99524],[-89.358312,29.995218],[-89.358345,29.995199],[-89.358384,29.99519],[-89.358426,29.995186],[-89.358472,29.995191],[-89.358515,29.995208],[-89.358555,29.995232],[-89.358586,29.995261],[-89.358607,29.995293],[-89.358618,29.995329],[-89.358617,29.995366],[-89.35861,29.995403],[-89.358596,29.995436],[-89.358579,29.995462],[-89.358553,29.995479],[-89.35852,29.995494],[-89.358484,29.995501],[-89.35845,29.995498],[-89.358415,29.99549],[-89.358383,29.995476],[-89.35835,29.995456],[-89.358318,29.995434],[-89.358295,29.995407],[-89.358276,29.995377],[-89.358265,29.995344],[-89.35826,29.995311],[-89.358264,29.995278],[-89.358278,29.99525],[-89.3583,29.995222],[-89.358328,29.995199],[-89.358362,29.995183],[-89.358403,29.995176],[-89.358444,29.99518],[-89.358487,29.995189],[-89.35853,29.995202],[-89.358573,29.99522],[-89.358612,29.995245],[-89.358649,29.995276],[-89.358677,29.995309],[-89.3587,29.995344],[-89.358715,29.995378],[-89.358718,29.995411],[-89.358712,29.995439],[-89.358698,29.995464],[-89.358681,29.995487],[-89.358645,29.995511],[-89.35861,29.995521],[-89.358575,29.995528],[-89.358538,29.995532],[-89.358494,29.99553],[-89.358454,29.995523],[-89.358413,29.995517],[-89.358371,29.995507],[-89.358333,29.995491],[-89.358293,29.995474],[-89.35826,29.995455],[-89.358234,29.995431],[-89.358213,29.995409],[-89.358199,29.995375],[-89.358197,29.995338],[-89.358204,29.995311],[-89.358223,29.995277],[-89.358247,29.995247],[-89.358281,29.995223],[-89.358321,29.995201],[-89.358368,29.995186],[-89.358417,29.995175],[-89.358468,29.995175],[-89.358521,29.995183],[-89.358573,29.995199],[-89.358619,29.995221],[-89.35866,29.99525],[-89.358699,29.995284],[-89.358731,29.995318],[-89.358757,29.99536],[-89.358772,29.995401],[-89.358774,29.995442],[-89.358764,29.995479],[-89.358753,29.995514],[-89.358733,29.995543],[-89.358704,29.995569],[-89.358669,29.995585],[-89.358633,29.995596],[-89.358593,29.995597],[-89.358552,29.99559],[-89.358512,29.99558],[-89.358473,29.995564],[-89.358432,29.995543],[-89.358396,29.99552],[-89.358363,29.995494],[-89.358331,29.995464],[-89.358307,29.99543],[-89.358287,29.995405],[-89.358282,29.995377],[-89.358279,29.995345],[-89.358285,29.99531],[-89.3583,29.995274],[-89.358324,29.995242],[-89.358356,29.995213],[-89.358397,29.995195],[-89.35844,29.995185],[-89.358485,29.995179],[-89.358534,29.995183],[-89.358581,29.995194],[-89.358623,29.995206],[-89.358655,29.995223],[-89.35869,29.995245],[-89.358723,29.995273],[-89.358752,29.995304],[-89.358766,29.99534],[-89.358783,29.995384],[-89.358787,29.995422],[-89.358783,29.995464],[-89.358766,29.995498],[-89.358749,29.995526],[-89.358718,29.995554],[-89.358691,29.995576],[-89.358662,29.995597],[-89.358623,29.995605],[-89.35859,29.995607],[-89.358555,29.995603],[-89.358513,29.995593],[-89.358473,29.995581],[-89.358427,29.995565],[-89.358385,29.99555],[-89.358344,29.995528],[-89.358315,29.995504],[-89.358284,29.995477],[-89.358263,29.995447],[-89.358248,29.995421],[-89.358244,29.995391],[-89.358245,29.99536],[-89.358245,29.995328],[-89.358257,29.995295],[-89.358278,29.995263],[-89.358302,29.995242],[-89.358334,29.995228],[-89.358376,29.995218],[-89.358419,29.995215],[-89.358461,29.995225],[-89.358502,29.995241],[-89.358535,29.995264],[-89.358562,29.99529],[-89.358587,29.995323],[-89.358603,29.995362],[-89.358611,29.9954],[-89.358612,29.995435],[-89.358604,29.995472],[-89.358593,29.995504],[-89.35857,29.995535],[-89.358538,29.995564],[-89.358507,29.995583],[-89.358474,29.995598],[-89.358439,29.99561],[-89.358402,29.995614],[-89.358368,29.99561],[-89.358336,29.995599],[-89.358308,29.995582],[-89.358279,29.99556],[-89.358258,29.995539],[-89.358241,29.995515],[-89.358229,29.995485],[-89.358223,29.995449],[-89.358226,29.995411],[-89.358234,29.99537],[-89.358245,29.995331],[-89.358266,29.995295],[-89.358291,29.995262],[-89.358326,29.995238],[-89.358366,29.995225],[-89.358407,29.995206],[-89.358456,29.995202],[-89.358507,29.995205],[-89.358556,29.995219],[-89.358603,29.995233],[-89.35864,29.995253],[-89.358681,29.995278],[-89.358708,29.995308],[-89.358721,29.995338],[-89.358724,29.995371],[-89.358719,29.995405],[-89.358709,29.995436],[-89.358691,29.995466],[-89.358668,29.995491],[-89.358638,29.995514],[-89.358602,29.995533],[-89.358564,29.995537],[-89.358527,29.995544],[-89.358489,29.995542],[-89.358446,29.995536],[-89.358406,29.995528],[-89.358371,29.995513],[-89.358338,29.995497],[-89.358303,29.995477],[-89.358271,29.995453],[-89.358247,29.995429],[-89.358229,29.995397],[-89.358219,29.995362],[-89.358222,29.995329],[-89.358229,29.995296],[-89.358244,29.995271],[-89.358268,29.995249],[-89.358298,29.995229],[-89.358334,29.995213],[-89.358375,29.995202],[-89.358418,29.995199],[-89.358469,29.995193],[-89.358521,29.9952],[-89.35857,29.995209],[-89.358606,29.995229],[-89.358641,29.995249],[-89.358676,29.995276],[-89.358698,29.995311],[-89.358712,29.995344],[-89.358716,29.995375],[-89.358716,29.995409],[-89.35871,29.995444],[-89.358695,29.995473],[-89.358672,29.995499],[-89.358646,29.99552],[-89.358615,29.995536],[-89.358583,29.995545],[-89.358552,29.995549],[-89.358518,29.995549],[-89.358483,29.995541],[-89.358448,29.995527],[-89.358413,29.995508],[-89.358389,29.995488],[-89.358361,29.995466],[-89.358332,29.995437],[-89.35831,29.995396],[-89.358298,29.995362],[-89.358294,29.995334],[-89.358297,29.995299],[-89.358312,29.995267],[-89.358332,29.995243],[-89.358361,29.995223],[-89.358392,29.995211],[-89.358433,29.995207],[-89.358481,29.995208],[-89.358527,29.995218],[-89.358565,29.995222],[-89.358601,29.995236],[-89.358639,29.995261],[-89.358668,29.995293],[-89.358684,29.995326],[-89.358696,29.995361],[-89.358694,29.995396],[-89.358691,29.995429],[-89.358677,29.99546],[-89.358652,29.995485],[-89.358623,29.99551],[-89.358595,29.99553],[-89.358564,29.995546],[-89.35853,29.995555],[-89.358493,29.995553],[-89.358459,29.995552],[-89.358422,29.99555],[-89.358382,29.995541],[-89.35835,29.995532],[-89.358324,29.995515],[-89.358292,29.995494],[-89.358265,29.995473],[-89.358245,29.995445],[-89.358232,29.995416],[-89.358221,29.995385],[-89.358215,29.995352],[-89.35822,29.995321],[-89.358224,29.995289],[-89.358237,29.995253],[-89.358261,29.995222],[-89.358289,29.995193],[-89.358323,29.995169],[-89.358368,29.995158],[-89.358408,29.995151],[-89.358459,29.995154],[-89.358508,29.995159],[-89.35856,29.995175],[-89.358602,29.995196],[-89.358642,29.995219],[-89.358671,29.995248],[-89.358697,29.995283],[-89.35871,29.995322],[-89.358713,29.995361],[-89.358708,29.995394],[-89.358699,29.99543],[-89.358685,29.995465],[-89.358658,29.995492],[-89.358632,29.995515],[-89.358601,29.995535],[-89.358567,29.995549],[-89.358529,29.995556],[-89.358492,29.995558],[-89.358458,29.995555],[-89.358427,29.995545],[-89.358392,29.995531],[-89.358361,29.995513],[-89.358329,29.99549],[-89.358298,29.995465],[-89.358276,29.995442],[-89.358259,29.995416],[-89.358249,29.995389],[-89.358241,29.995357],[-89.358239,29.995321],[-89.35824,29.99529],[-89.358249,29.995262],[-89.358268,29.995235],[-89.358296,29.995216],[-89.358342,29.995206],[-89.358384,29.995214],[-89.358423,29.995222],[-89.358458,29.995241],[-89.358493,29.995265],[-89.35852,29.995293],[-89.358537,29.995325],[-89.358543,29.99536],[-89.35855,29.995403],[-89.358539,29.99544],[-89.358524,29.995479],[-89.358503,29.995515],[-89.35847,29.995544],[-89.358444,29.99557],[-89.358409,29.995584],[-89.358371,29.995598],[-89.358339,29.995602],[-89.358292,29.995605],[-89.358247,29.995605],[-89.358207,29.995597],[-89.358168,29.99558],[-89.358134,29.995569],[-89.358098,29.995557],[-89.358065,29.995552],[-89.358031,29.995551],[-89.358029,29.995579],[-89.358048,29.995601],[-89.358078,29.995624],[-89.358105,29.995639],[-89.358142,29.995658],[-89.358175,29.995671],[-89.358206,29.995678],[-89.358251,29.995694],[-89.358288,29.995709],[-89.358333,29.995721],[-89.358377,29.995734],[-89.358424,29.995753],[-89.35847,29.99576],[-89.358515,29.995774],[-89.358561,29.995789],[-89.35861,29.995801],[-89.35866,29.99581],[-89.358707,29.995816],[-89.35875,29.995816],[-89.358798,29.995812],[-89.358837,29.995802],[-89.358875,29.995795],[-89.358909,29.995778],[-89.358949,29.995765],[-89.358981,29.995751],[-89.359011,29.995719],[-89.359033,29.995697],[-89.359061,29.995667],[-89.359081,29.99564],[-89.3591,29.995618],[-89.359118,29.995597],[-89.359136,29.995572],[-89.359147,29.995543],[-89.359154,29.995512],[-89.359157,29.995484],[-89.359161,29.99545],[-89.359164,29.995417],[-89.359164,29.995386],[-89.359164,29.995358],[-89.359154,29.995331],[-89.359154,29.995295],[-89.359143,29.995265],[-89.35913,29.995238],[-89.359114,29.995204],[-89.3591,29.995175],[-89.359083,29.995146],[-89.359054,29.995127],[-89.359017,29.995103],[-89.358986,29.99509],[-89.358958,29.995076],[-89.358971,29.995112],[-89.358963,29.995156],[-89.358934,29.995193],[-89.358877,29.995213],[-89.358822,29.995212],[-89.358774,29.9952],[-89.358735,29.995183],[-89.358706,29.995164],[-89.358687,29.99514],[-89.358671,29.995108],[-89.358667,29.995073],[-89.358683,29.995049],[-89.358704,29.995024],[-89.358734,29.995007]]]}},{"type":"Feature","properties":{"d":"2025-05-19","material":"Limestone"},"geometry":{"type":"MultiLineString","coordinates":[[[-89.358455,29.994454],[-89.358346,29.993772],[-89.358391,29.993747],[-89.358439,29.993738],[-89.358485,29.993737],[-89.358529,29.99375],[-89.358569,29.993773],[-89.358597,29.993805],[-89.358612,29.993842],[-89.358619,29.99388],[-89.358613,29.993915],[-89.358597,29.993945],[-89.358569,29.99397],[-89.358535,29.993991],[-89.358496,29.994004],[-89.358451,29.994017],[-89.358409,29.99402],[-89.358368,29.994019],[-89.358331,29.994013],[-89.358298,29.993995],[-89.358271,29.99397],[-89.358248,29.993939],[-89.35823,29.993905],[-89.358224,29.993868],[-89.358225,29.993828],[-89.358235,29.993787],[-89.358257,29.99375],[-89.358287,29.993723],[-89.358331,29.993703],[-89.358379,29.993694],[-89.358428,29.993691],[-89.358479,29.993697],[-89.358527,29.993717],[-89.35857,29.993749],[-89.358598,29.993786],[-89.35861,29.993827],[-89.358616,29.993869],[-89.358615,29.993908],[-89.358602,29.993943],[-89.358577,29.993974],[-89.358544,29.994001],[-89.358506,29.994018],[-89.358465,29.994031],[-89.358419,29.99404],[-89.358375,29.994046],[-89.358323,29.994039],[-89.358279,29.994027],[-89.358236,29.994011],[-89.358194,29.993993],[-89.358147,29.993977],[-89.358102,29.993955],[-89.358054,29.993932],[-89.358006,29.993911],[-89.357965,29.993885],[-89.357929,29.993858],[-89.357898,29.993825],[-89.357875,29.993792],[-89.357868,29.993755],[-89.35787,29.993714],[-89.357883,29.993671],[-89.357906,29.993634],[-89.357935,29.993603],[-89.357973,29.993577],[-89.358021,29.993563],[-89.358076,29.993552],[-89.358136,29.993554],[-89.358194,29.993565],[-89.358251,29.99358],[-89.358304,29.993603],[-89.358331,29.993617],[-89.358383,29.993648],[-89.358425,29.993686],[-89.358453,29.993731],[-89.358468,29.993774],[-89.35847,29.993817],[-89.358466,29.993857],[-89.358453,29.993895],[-89.358428,29.993928],[-89.358392,29.993957],[-89.358351,29.993983],[-89.358306,29.994005],[-89.358261,29.994018],[-89.358214,29.994026],[-89.358171,29.99403],[-89.358123,29.99403],[-89.358078,29.994022],[-89.358032,29.994011],[-89.357992,29.993996],[-89.357956,29.993972],[-89.357929,29.993944],[-89.357907,29.993906],[-89.357899,29.993868],[-89.357897,29.99383],[-89.357911,29.993794],[-89.357934,29.993759],[-89.357968,29.993728],[-89.358014,29.993705],[-89.358064,29.993691],[-89.358116,29.993681],[-89.358171,29.993673],[-89.358226,29.993676],[-89.358284,29.993685],[-89.358338,29.993705],[-89.358385,29.993734],[-89.358422,29.99377],[-89.358443,29.993814],[-89.35845,29.993857],[-89.358446,29.9939],[-89.358434,29.993939],[-89.358409,29.993969],[-89.358377,29.993993],[-89.358338,29.994011],[-89.358292,29.994021],[-89.358247,29.994027],[-89.358204,29.994028],[-89.35816,29.994028],[-89.358115,29.994026],[-89.358063,29.994018],[-89.358019,29.994005],[-89.357974,29.99399],[-89.35793,29.993972],[-89.35789,29.993947],[-89.357859,29.993917],[-89.357837,29.993881],[-89.357825,29.993844],[-89.357821,29.993805],[-89.357831,29.993767],[-89.357848,29.993729],[-89.35788,29.993693],[-89.357919,29.993666],[-89.357967,29.993647],[-89.358023,29.993633],[-89.358079,29.993622],[-89.358137,29.993625],[-89.358192,29.993637],[-89.358242,29.993661],[-89.35829,29.993692],[-89.358332,29.993729],[-89.358351,29.99375],[-89.35837,29.993772],[-89.3584,29.993819],[-89.358419,29.993867],[-89.358425,29.993915],[-89.358423,29.993961],[-89.358412,29.994005],[-89.358388,29.99404],[-89.358355,29.99407],[-89.358317,29.994095],[-89.358275,29.994116],[-89.358231,29.994128],[-89.358188,29.994134],[-89.358142,29.994133],[-89.358096,29.994127],[-89.358055,29.994116],[-89.358016,29.994099],[-89.357978,29.994078],[-89.357941,29.994052],[-89.357914,29.994019],[-89.357898,29.993983],[-89.357891,29.993945],[-89.357891,29.993907],[-89.357898,29.993874],[-89.357917,29.993835],[-89.357947,29.9938],[-89.357987,29.99377],[-89.358033,29.993749],[-89.358089,29.993732],[-89.35815,29.993724],[-89.358207,29.993719],[-89.358266,29.993721],[-89.358297,29.993726],[-89.35835,29.993744],[-89.358401,29.99377],[-89.358445,29.993803],[-89.358483,29.993843],[-89.358506,29.993885],[-89.358518,29.993929],[-89.358518,29.99397],[-89.358509,29.99401],[-89.358488,29.994044],[-89.358456,29.994071],[-89.358421,29.994092],[-89.358378,29.994105],[-89.358334,29.99411],[-89.358287,29.994109],[-89.358248,29.994101],[-89.358206,29.994087],[-89.358167,29.994066],[-89.358127,29.994044],[-89.358088,29.994019],[-89.35805,29.993989],[-89.358017,29.993956],[-89.357987,29.99392],[-89.357962,29.993879],[-89.357949,29.993837],[-89.357945,29.993794],[-89.357953,29.993755],[-89.357972,29.993718],[-89.358003,29.993685],[-89.358042,29.993662],[-89.358089,29.993645],[-89.358142,29.993637],[-89.358197,29.993637],[-89.358253,29.99365],[-89.358301,29.993671],[-89.358347,29.993699],[-89.358387,29.99373],[-89.358423,29.993764],[-89.35845,29.993805],[-89.358473,29.993852],[-89.358482,29.993904],[-89.358493,29.993955],[-89.35849,29.994006],[-89.358477,29.994056],[-89.358463,29.994105],[-89.358445,29.994154],[-89.358417,29.994195],[-89.358383,29.994232],[-89.358344,29.99426],[-89.358304,29.99428],[-89.358261,29.99429],[-89.358218,29.994289],[-89.358177,29.99428],[-89.358138,29.994267],[-89.358098,29.994249],[-89.358063,29.994225],[-89.358029,29.994198],[-89.358002,29.994164],[-89.357979,29.994129],[-89.357962,29.994088],[-89.357955,29.994046],[-89.357957,29.994009],[-89.357969,29.993971],[-89.357988,29.993933],[-89.358012,29.993895],[-89.358049,29.993862],[-89.358092,29.993837],[-89.358144,29.993815],[-89.358197,29.993801],[-89.358255,29.993799],[-89.358309,29.993806],[-89.358356,29.993824],[-89.358394,29.993847],[-89.358425,29.993881],[-89.358442,29.993923],[-89.358444,29.993969],[-89.358437,29.994014],[-89.358416,29.994051],[-89.358379,29.994078],[-89.358341,29.994094],[-89.358298,29.994098],[-89.358256,29.994091],[-89.358212,29.994072],[-89.358173,29.994043],[-89.358132,29.994009],[-89.358102,29.993976],[-89.358075,29.993944],[-89.35805,29.993911],[-89.358028,29.993881],[-89.358011,29.993853],[-89.358,29.993825],[-89.357994,29.993785],[-89.358,29.993744],[-89.358011,29.993719],[-89.358022,29.993693],[-89.358051,29.993668],[-89.358082,29.993646],[-89.358111,29.993636],[-89.358143,29.993633],[-89.358179,29.993632],[-89.358182,29.993663],[-89.358177,29.993694],[-89.358183,29.993722],[-89.358146,29.993725],[-89.358118,29.993695],[-89.358106,29.99366],[-89.358098,29.993623],[-89.358093,29.993588],[-89.358091,29.993559],[-89.358107,29.993524],[-89.358126,29.9935],[-89.358155,29.993476],[-89.358188,29.993455],[-89.358224,29.993436],[-89.358252,29.993425],[-89.358293,29.993418],[-89.358323,29.993411],[-89.358366,29.993406],[-89.3584,29.993404],[-89.358435,29.9934],[-89.358467,29.993402],[-89.358507,29.993401],[-89.358533,29.993417],[-89.358535,29.993449],[-89.358504,29.993478],[-89.35846,29.993488],[-89.358405,29.993485],[-89.358365,29.993471],[-89.358331,29.993458],[-89.3583,29.993452],[-89.358271,29.99344],[-89.35824,29.993428],[-89.358218,29.993403],[-89.358216,29.99337],[-89.358239,29.993348],[-89.358273,29.993336],[-89.358305,29.993336],[-89.35834,29.993339],[-89.358382,29.993341],[-89.358418,29.993344],[-89.358461,29.99335],[-89.358503,29.993356],[-89.358544,29.993367],[-89.358582,29.99338],[-89.358622,29.993396],[-89.35866,29.993415],[-89.358697,29.993438],[-89.358721,29.99346],[-89.358751,29.993488],[-89.358774,29.993513],[-89.358799,29.993543],[-89.358817,29.993569],[-89.358834,29.993596],[-89.358846,29.993627],[-89.358853,29.993659],[-89.358861,29.99369],[-89.358864,29.993721],[-89.358866,29.993754],[-89.358867,29.993787],[-89.358866,29.993817],[-89.358864,29.993844],[-89.358861,29.993871],[-89.358856,29.993907],[-89.358847,29.993945],[-89.358827,29.993977],[-89.358808,29.994006],[-89.358786,29.994038],[-89.358765,29.994058],[-89.358736,29.994083],[-89.358712,29.994101],[-89.358678,29.994125],[-89.358654,29.994143],[-89.358625,29.994164],[-89.358587,29.994183],[-89.358547,29.994198],[-89.358505,29.994206],[-89.358465,29.994203],[-89.358426,29.994203],[-89.35838,29.994197],[-89.358335,29.994188],[-89.358296,29.994176],[-89.35826,29.994166],[-89.358227,29.994148],[-89.3582,29.994131],[-89.358167,29.994107],[-89.358146,29.994082],[-89.358127,29.994048],[-89.358116,29.994022],[-89.358105,29.993995],[-89.358096,29.993968],[-89.358087,29.993941],[-89.358081,29.993904],[-89.358074,29.99387],[-89.358069,29.99384],[-89.358067,29.993811],[-89.358074,29.99378],[-89.358086,29.993755],[-89.358101,29.993727],[-89.358123,29.993702],[-89.358153,29.993685],[-89.358179,29.99366],[-89.358207,29.993636],[-89.358234,29.993616],[-89.358265,29.993597],[-89.358295,29.993579],[-89.35833,29.993567],[-89.358367,29.993567],[-89.358402,29.993568],[-89.358437,29.993574],[-89.358472,29.993583],[-89.358503,29.993589],[-89.358535,29.993599],[-89.358566,29.993607],[-89.358602,29.993617],[-89.358633,29.993621],[-89.358677,29.993625],[-89.358719,29.993616],[-89.358759,29.993596],[-89.358796,29.993565],[-89.35882,29.993531],[-89.358837,29.993497],[-89.35884,29.993461],[-89.358828,29.993425],[-89.358802,29.993392],[-89.358768,29.993371],[-89.358728,29.99336],[-89.358695,29.993355],[-89.358653,29.993357],[-89.358619,29.993363],[-89.358589,29.993382],[-89.358565,29.993402],[-89.358541,29.993426],[-89.35852,29.993452],[-89.358506,29.993481],[-89.358497,29.993507],[-89.358492,29.993535],[-89.358499,29.993563],[-89.358507,29.993596],[-89.358513,29.993623],[-89.35852,29.993654],[-89.358526,29.993687],[-89.358531,29.993715],[-89.35854,29.993745],[-89.358557,29.99377],[-89.358589,29.99377],[-89.358604,29.993744],[-89.358632,29.993728],[-89.358667,29.993729],[-89.358698,29.993749],[-89.358725,29.993766],[-89.358751,29.993786]]]}},{"type":"Feature","properties":{"d":"2025-05-19","material":"Limestone"},"geometry":{"type":"MultiLineString","coordinates":[[[-89.358677,29.994149],[-89.358596,29.99418],[-89.358558,29.994194],[-89.35852,29.9942],[-89.358484,29.994199],[-89.358453,29.994192],[-89.358417,29.994178],[-89.358397,29.99415],[-89.358393,29.994113],[-89.358399,29.994085],[-89.358404,29.994055],[-89.358418,29.994029],[-89.358437,29.994005],[-89.358463,29.993987],[-89.358495,29.993974],[-89.358533,29.993967],[-89.358572,29.993968],[-89.35861,29.99398],[-89.358646,29.994],[-89.358674,29.994029],[-89.358689,29.99406],[-89.35869,29.994092],[-89.358677,29.994124],[-89.358659,29.994152],[-89.358632,29.994171],[-89.358598,29.994183],[-89.358562,29.994184],[-89.358524,29.994178],[-89.358488,29.994166],[-89.358448,29.994147],[-89.358411,29.994123],[-89.358378,29.994092],[-89.358342,29.994063],[-89.358306,29.994036],[-89.358269,29.994005],[-89.358237,29.993973],[-89.358218,29.993945],[-89.358202,29.993918],[-89.358193,29.993892],[-89.358192,29.993859],[-89.358202,29.993831],[-89.358231,29.993811],[-89.358264,29.9938],[-89.3583,29.993794],[-89.358342,29.993789],[-89.358385,29.993794],[-89.358428,29.993807],[-89.358464,29.993827],[-89.358494,29.993853],[-89.358514,29.993881],[-89.358525,29.993913],[-89.358532,29.993945],[-89.358526,29.993978],[-89.358514,29.994008],[-89.358494,29.994032],[-89.35847,29.994052],[-89.358439,29.994067],[-89.358406,29.994079],[-89.358373,29.994089],[-89.358331,29.994094],[-89.358291,29.994087],[-89.358264,29.994065],[-89.358254,29.994034],[-89.358264,29.993992],[-89.358301,29.993961],[-89.358354,29.993946],[-89.358388,29.993946],[-89.35842,29.993953],[-89.358453,29.993963],[-89.358484,29.993974],[-89.358517,29.993983],[-89.358548,29.993996],[-89.358577,29.994011],[-89.358604,29.994027],[-89.358655,29.994055],[-89.358681,29.994072],[-89.358724,29.994106],[-89.358764,29.994146],[-89.358796,29.994188],[-89.35882,29.994236],[-89.358833,29.994281],[-89.358834,29.994322],[-89.358828,29.994363],[-89.358814,29.994399],[-89.358796,29.994433],[-89.358776,29.99446],[-89.358753,29.994484],[-89.358726,29.994502],[-89.358694,29.994516],[-89.358653,29.994526],[-89.358603,29.99453],[-89.358559,29.994529],[-89.358523,29.994525],[-89.358493,29.994512],[-89.358466,29.994498],[-89.358438,29.994477],[-89.358415,29.994457],[-89.358395,29.994433],[-89.358375,29.994396],[-89.358374,29.994367],[-89.358376,29.994337],[-89.358388,29.994307],[-89.358407,29.99428],[-89.358433,29.994254],[-89.358468,29.994237],[-89.3585,29.994219],[-89.358538,29.994213],[-89.358584,29.994207],[-89.35863,29.99421],[-89.358683,29.994222],[-89.358713,29.994232],[-89.358741,29.994249],[-89.358767,29.994268],[-89.358787,29.994289],[-89.358802,29.994314],[-89.358812,29.99434],[-89.358815,29.994367],[-89.358803,29.994419],[-89.358776,29.99446],[-89.358749,29.994494],[-89.35872,29.994521],[-89.358688,29.994546],[-89.358646,29.994566],[-89.358605,29.994579],[-89.358559,29.994585],[-89.358513,29.994589],[-89.358472,29.994592],[-89.358431,29.994589],[-89.358394,29.994584],[-89.358361,29.99458],[-89.358326,29.994569],[-89.35829,29.99455],[-89.358252,29.994526],[-89.358219,29.994496],[-89.358194,29.994469],[-89.358172,29.994437],[-89.358156,29.994401],[-89.358144,29.994368],[-89.358147,29.994332],[-89.358156,29.994298],[-89.358175,29.994265],[-89.358199,29.994237],[-89.358228,29.994206],[-89.358264,29.99418],[-89.358299,29.99416],[-89.358339,29.994145],[-89.35838,29.994136],[-89.358425,29.994125],[-89.358475,29.994121],[-89.358527,29.994124],[-89.35858,29.994132],[-89.358632,29.994144],[-89.358682,29.99416],[-89.358727,29.994177],[-89.358767,29.994204],[-89.358794,29.994232],[-89.358821,29.994265],[-89.358836,29.994294],[-89.358844,29.994326],[-89.358844,29.99436],[-89.358836,29.994398],[-89.358821,29.99444],[-89.358803,29.994482],[-89.358772,29.994526],[-89.358746,29.994562],[-89.358717,29.994597],[-89.358688,29.994631],[-89.35866,29.994663],[-89.358624,29.994694],[-89.358588,29.99471],[-89.358552,29.99472],[-89.358518,29.994724],[-89.358481,29.994724],[-89.35845,29.994719],[-89.358418,29.994706],[-89.358386,29.994688],[-89.358357,29.994666],[-89.358334,29.99464],[-89.358309,29.994613],[-89.358294,29.994588],[-89.358287,29.994552],[-89.358292,29.994524],[-89.358307,29.994492],[-89.35833,29.994466],[-89.358359,29.994446],[-89.358397,29.994431],[-89.358443,29.994419],[-89.358489,29.994416],[-89.358539,29.994415],[-89.358592,29.994417],[-89.358645,29.994416],[-89.358699,29.99441],[-89.358747,29.9944],[-89.358791,29.994378],[-89.358833,29.99435],[-89.358868,29.994312],[-89.358891,29.99427],[-89.358895,29.994222],[-89.358883,29.994178],[-89.358852,29.99414],[-89.358808,29.994119],[-89.35876,29.994114],[-89.358719,29.994122],[-89.358678,29.994141],[-89.358642,29.994165],[-89.358609,29.994195],[-89.358575,29.994232],[-89.358543,29.99427],[-89.35852,29.994311],[-89.358502,29.994356],[-89.358499,29.994401],[-89.358505,29.994444],[-89.358526,29.994489],[-89.358562,29.99453],[-89.358605,29.99456],[-89.35865,29.994582],[-89.3587,29.994593],[-89.358756,29.994595],[-89.358787,29.99459],[-89.358818,29.994583],[-89.358871,29.99456],[-89.358915,29.994526],[-89.358943,29.994485],[-89.358959,29.994438],[-89.358962,29.994396],[-89.358954,29.994356],[-89.35894,29.994319],[-89.358919,29.994291],[-89.358897,29.994264],[-89.358865,29.994239],[-89.358835,29.994223],[-89.358799,29.994209],[-89.358762,29.994199],[-89.358719,29.994193],[-89.358673,29.994196],[-89.358629,29.994203],[-89.358589,29.994215],[-89.358548,29.994237],[-89.358511,29.994264],[-89.358483,29.994294],[-89.35846,29.994332],[-89.358446,29.994371],[-89.358441,29.994414],[-89.358445,29.994458],[-89.358458,29.9945],[-89.358476,29.994542],[-89.358507,29.994581],[-89.358546,29.994613],[-89.358589,29.994641],[-89.358635,29.99466],[-89.358676,29.994669],[-89.358726,29.994671],[-89.358777,29.994669],[-89.358825,29.994657],[-89.358871,29.994643],[-89.35891,29.994624],[-89.358944,29.994593],[-89.358976,29.994551],[-89.358989,29.994499],[-89.358989,29.994471],[-89.358981,29.994422],[-89.358969,29.994396],[-89.358949,29.994354],[-89.358929,29.994326],[-89.358907,29.994304],[-89.358881,29.994278],[-89.35885,29.994257],[-89.358821,29.99424],[-89.358789,29.994227],[-89.358756,29.99421],[-89.358732,29.994192],[-89.358705,29.994171],[-89.358976,29.994146],[-89.358978,29.994189],[-89.358968,29.994233],[-89.358952,29.994277],[-89.358932,29.994322],[-89.358904,29.994364],[-89.358869,29.994404],[-89.358831,29.994438],[-89.358787,29.994465],[-89.358744,29.994489],[-89.358706,29.994505],[-89.358675,29.994522],[-89.358645,29.994531],[-89.358616,29.99454],[-89.358578,29.994551],[-89.358534,29.994552],[-89.358499,29.994544],[-89.358472,29.994528],[-89.358445,29.994511],[-89.358424,29.994481],[-89.358409,29.994456],[-89.358396,29.99443],[-89.3584,29.994402],[-89.358415,29.994427],[-89.35839,29.994444]]]}},{"type":"Feature","properties":{"d":"2025-05-19","material":"Limestone"},"geometry":{"type":"MultiLineString","coordinates":[[[-89.359238,29.994716],[-89.358814,29.994706],[-89.35878,29.994714],[-89.358746,29.994721],[-89.358713,29.994734],[-89.358682,29.994746],[-89.358654,29.994766],[-89.358633,29.994786],[-89.358613,29.994808],[-89.358597,29.994834],[-89.358588,29.99486],[-89.358579,29.994891],[-89.358579,29.99492],[-89.358582,29.994951],[-89.358593,29.994979],[-89.35861,29.995008],[-89.35863,29.995034],[-89.358653,29.995058],[-89.358678,29.995077],[-89.358711,29.995095],[-89.358743,29.995111],[-89.358777,29.995122],[-89.358809,29.99513],[-89.358843,29.995132],[-89.358877,29.99513],[-89.358911,29.995126],[-89.358947,29.995119],[-89.358979,29.995107],[-89.359009,29.995095],[-89.359038,29.99508],[-89.359064,29.995062],[-89.359088,29.995042],[-89.359107,29.99502],[-89.359123,29.994996],[-89.359142,29.994946],[-89.359149,29.994891],[-89.35914,29.994838],[-89.359133,29.994811],[-89.35912,29.994784],[-89.359095,29.994735],[-89.359076,29.994711],[-89.359057,29.994689],[-89.359035,29.994669],[-89.358989,29.994636],[-89.358965,29.994619],[-89.358937,29.994602],[-89.358908,29.994587],[-89.358876,29.994572],[-89.358847,29.994558],[-89.358786,29.994548],[-89.358727,29.994557],[-89.358697,29.994566],[-89.358668,29.994577],[-89.358625,29.994611],[-89.358609,29.994637],[-89.358598,29.994664],[-89.35859,29.994692],[-89.358591,29.994721],[-89.358592,29.99475],[-89.358602,29.994779],[-89.358618,29.994807],[-89.358636,29.994834],[-89.358653,29.994858],[-89.358682,29.994874],[-89.358715,29.99489],[-89.358746,29.994904],[-89.35878,29.994914],[-89.358816,29.994917],[-89.35885,29.994917],[-89.358885,29.994913],[-89.358916,29.994905],[-89.358946,29.994894],[-89.358976,29.994878],[-89.359003,29.99486],[-89.359026,29.994839],[-89.359045,29.994816],[-89.35906,29.994792],[-89.359069,29.994765],[-89.359071,29.994712],[-89.359058,29.994661],[-89.35903,29.994622],[-89.358983,29.994591],[-89.358929,29.994574],[-89.358897,29.994571],[-89.358836,29.994579],[-89.358804,29.994587],[-89.358752,29.99461],[-89.358708,29.994643],[-89.358676,29.99469],[-89.358667,29.994719],[-89.358661,29.994747],[-89.358667,29.994799],[-89.35868,29.994848],[-89.358707,29.994894],[-89.358749,29.994928],[-89.358793,29.994955],[-89.358841,29.994971],[-89.358901,29.994976],[-89.358936,29.994971],[-89.358971,29.994961],[-89.359001,29.994945],[-89.359029,29.994925],[-89.35905,29.9949],[-89.359067,29.994873],[-89.359077,29.994844],[-89.35908,29.994816],[-89.359077,29.994787],[-89.359069,29.994759],[-89.359055,29.994733],[-89.359011,29.994692],[-89.358978,29.994683],[-89.358945,29.994677],[-89.358912,29.99468],[-89.35888,29.994686],[-89.358849,29.994696],[-89.358822,29.994717],[-89.358803,29.994743],[-89.358777,29.994796],[-89.358772,29.994825],[-89.358779,29.994855],[-89.358788,29.994884],[-89.358804,29.994912],[-89.358826,29.994937],[-89.358857,29.994959],[-89.358892,29.994977],[-89.358928,29.99499],[-89.358965,29.994996],[-89.359002,29.994997],[-89.359037,29.994992],[-89.359071,29.994982],[-89.359103,29.994966],[-89.359134,29.994947],[-89.359158,29.994927],[-89.359179,29.994902],[-89.359192,29.994874],[-89.3592,29.994844],[-89.359199,29.994816],[-89.359194,29.994787],[-89.359181,29.99476],[-89.359162,29.994736],[-89.359141,29.994715],[-89.359115,29.994697],[-89.359086,29.994685],[-89.359052,29.994676],[-89.359015,29.994674],[-89.35898,29.994675],[-89.358944,29.99468],[-89.35891,29.994685],[-89.358873,29.994693],[-89.358835,29.994701],[-89.358798,29.994709],[-89.358761,29.994718],[-89.358724,29.994724],[-89.358689,29.994729],[-89.358654,29.99474],[-89.358623,29.994753],[-89.358595,29.994772],[-89.358574,29.994795],[-89.358559,29.994821],[-89.358549,29.994852],[-89.358548,29.994884],[-89.35855,29.994916],[-89.358559,29.994949],[-89.358575,29.994979],[-89.358596,29.995007],[-89.358623,29.995033],[-89.358653,29.995052],[-89.358691,29.995068],[-89.358728,29.995079],[-89.358764,29.995082],[-89.358803,29.995083],[-89.358839,29.995077],[-89.358876,29.995067],[-89.358912,29.995053],[-89.35894,29.995034],[-89.358965,29.995014],[-89.358987,29.994991],[-89.359003,29.994964],[-89.359016,29.994936],[-89.359021,29.994907],[-89.35902,29.994877],[-89.359017,29.994847],[-89.359008,29.994819],[-89.358994,29.994792],[-89.358974,29.994766],[-89.358951,29.994745],[-89.358925,29.994727],[-89.358895,29.994709],[-89.358863,29.994697],[-89.358831,29.994689],[-89.358797,29.994688],[-89.358763,29.994695],[-89.358729,29.994703],[-89.358697,29.994717],[-89.358668,29.994737],[-89.35864,29.994762],[-89.358619,29.994789],[-89.358604,29.994815],[-89.358594,29.994847],[-89.358591,29.994879],[-89.358594,29.994911],[-89.358601,29.994943],[-89.358616,29.994973],[-89.358636,29.995002],[-89.358661,29.995029],[-89.358691,29.995053],[-89.358723,29.995073],[-89.358758,29.995089],[-89.358795,29.995104],[-89.358831,29.995112],[-89.358871,29.995115],[-89.358909,29.995112],[-89.358946,29.995105],[-89.358985,29.995093],[-89.359019,29.995078],[-89.35905,29.995059],[-89.359077,29.995037],[-89.359099,29.995011],[-89.359117,29.994987],[-89.359129,29.994961],[-89.359138,29.994931],[-89.359141,29.994903],[-89.359142,29.994874],[-89.359133,29.994821],[-89.359122,29.994794],[-89.359108,29.994769],[-89.359081,29.994723],[-89.35904,29.994682],[-89.359013,29.994667],[-89.358987,29.994651],[-89.358959,29.994639],[-89.358902,29.994626],[-89.358838,29.994626],[-89.358806,29.994628],[-89.358773,29.994636],[-89.358744,29.994647],[-89.358716,29.99466],[-89.358667,29.994697],[-89.358646,29.994718],[-89.358628,29.994741],[-89.358612,29.994765],[-89.3586,29.994791],[-89.35859,29.994818],[-89.358586,29.994847],[-89.358583,29.994876],[-89.358582,29.994906],[-89.35859,29.994935],[-89.358597,29.994963],[-89.358611,29.994988],[-89.35863,29.995014],[-89.358652,29.995038],[-89.358675,29.995058],[-89.358704,29.995079],[-89.358733,29.995097],[-89.358766,29.995112],[-89.3588,29.995124],[-89.358831,29.995132],[-89.358863,29.995139],[-89.358895,29.995142],[-89.358928,29.995142],[-89.35896,29.995134],[-89.358989,29.995124],[-89.359038,29.995093],[-89.359075,29.995055],[-89.359098,29.99501],[-89.35911,29.99496],[-89.359109,29.994911],[-89.359106,29.994863],[-89.359097,29.994817],[-89.359082,29.994781],[-89.359071,29.994749],[-89.359063,29.994713],[-89.359051,29.994682],[-89.359035,29.994656],[-89.359003,29.994633],[-89.358967,29.994628],[-89.358936,29.994636],[-89.358902,29.994657],[-89.358878,29.994676],[-89.358851,29.994697],[-89.358822,29.994719],[-89.358796,29.994746],[-89.358776,29.994773],[-89.358762,29.994798],[-89.358746,29.99483],[-89.358721,29.994866],[-89.358698,29.994885],[-89.358669,29.994906],[-89.358639,29.994921],[-89.358606,29.99493],[-89.358567,29.994932],[-89.358535,29.994929],[-89.358502,29.994927],[-89.358507,29.994955],[-89.358534,29.994979],[-89.358569,29.995001],[-89.358609,29.995027],[-89.358647,29.995056],[-89.358681,29.99509],[-89.358712,29.995122],[-89.358743,29.995153],[-89.358768,29.995178],[-89.358793,29.995201],[-89.35882,29.995222],[-89.358848,29.995243],[-89.358881,29.995265],[-89.358915,29.995284],[-89.358948,29.995299],[-89.35899,29.995315],[-89.359029,29.995326],[-89.359061,29.995328],[-89.359096,29.995321],[-89.359137,29.995316],[-89.359177,29.995315],[-89.359207,29.995307],[-89.359246,29.995295],[-89.359281,29.99528],[-89.359311,29.995257],[-89.35934,29.995236],[-89.359368,29.995217],[-89.359399,29.995201],[-89.359423,29.995182],[-89.359446,29.995162],[-89.35947,29.995141],[-89.359492,29.995117],[-89.359512,29.995093],[-89.359532,29.995064],[-89.359551,29.995038],[-89.359568,29.995009],[-89.359577,29.994978],[-89.359586,29.99495],[-89.35958,29.994919],[-89.359574,29.994891],[-89.359563,29.994866],[-89.359557,29.994836],[-89.35956,29.994809],[-89.35956,29.994782],[-89.359552,29.994756],[-89.359525,29.994737],[-89.359506,29.994715],[-89.359494,29.994688],[-89.359492,29.994659],[-89.359498,29.994629],[-89.359512,29.994604],[-89.359529,29.994579],[-89.359537,29.994548],[-89.359552,29.994521],[-89.359574,29.994502],[-89.359576,29.994474],[-89.359559,29.994451],[-89.359543,29.994427]]]}},{"type":"Feature","properties":{"d":"2025-05-19","material":"Limestone"},"geometry":{"type":"MultiLineString","coordinates":[[[-89.359135,29.994634],[-89.359198,29.995122],[-89.359195,29.995169],[-89.359187,29.995213],[-89.359169,29.995254],[-89.359145,29.995295],[-89.359119,29.995328],[-89.359083,29.995357],[-89.359051,29.995382],[-89.359012,29.995395],[-89.358975,29.995397],[-89.358942,29.995389],[-89.358909,29.995368],[-89.358877,29.995341],[-89.358853,29.995308],[-89.358837,29.995271],[-89.358823,29.99523],[-89.358823,29.995189],[-89.358829,29.995148],[-89.358848,29.995109],[-89.358875,29.995072],[-89.358912,29.995037],[-89.358951,29.995012],[-89.358998,29.994998],[-89.35905,29.994992],[-89.359103,29.994995],[-89.359157,29.995009],[-89.359201,29.995035],[-89.359233,29.99507],[-89.359258,29.995109],[-89.359269,29.995151],[-89.359268,29.995195],[-89.359256,29.995236],[-89.359236,29.995275],[-89.359205,29.995307],[-89.359165,29.995332],[-89.359123,29.995345],[-89.359082,29.995346],[-89.359038,29.995344],[-89.359004,29.995331],[-89.358972,29.99531],[-89.358946,29.995282],[-89.358926,29.995248],[-89.358914,29.995209],[-89.358907,29.995171],[-89.358908,29.99513],[-89.358919,29.995089],[-89.35894,29.99505],[-89.358973,29.995015],[-89.359016,29.994989],[-89.359062,29.994974],[-89.35911,29.99497],[-89.359167,29.994974],[-89.359226,29.994988],[-89.359273,29.995007],[-89.359317,29.995036],[-89.359351,29.995072],[-89.359372,29.995108],[-89.359386,29.995153],[-89.359388,29.995196],[-89.359381,29.995238],[-89.359354,29.995281],[-89.359323,29.995319],[-89.359286,29.995349],[-89.359244,29.99537],[-89.359199,29.995385],[-89.359154,29.995389],[-89.359105,29.995387],[-89.359061,29.995378],[-89.359016,29.995363],[-89.358976,29.995346],[-89.358939,29.995319],[-89.358907,29.995286],[-89.358882,29.99525],[-89.358868,29.995209],[-89.358865,29.995169],[-89.358874,29.995131],[-89.358896,29.995096],[-89.358929,29.995067],[-89.35897,29.995047],[-89.359013,29.995037],[-89.359062,29.995037],[-89.359118,29.995048],[-89.359168,29.995066],[-89.359214,29.995096],[-89.359245,29.995131],[-89.359273,29.995172],[-89.35929,29.995212],[-89.359298,29.995255],[-89.359292,29.995299],[-89.359279,29.99534],[-89.359253,29.99538],[-89.35922,29.995413],[-89.359183,29.995438],[-89.359139,29.995458],[-89.359095,29.99547],[-89.359052,29.995475],[-89.359013,29.995467],[-89.358977,29.995451],[-89.358941,29.99543],[-89.358905,29.995403],[-89.358878,29.995369],[-89.35885,29.995335],[-89.358829,29.995296],[-89.358819,29.995251],[-89.358815,29.995205],[-89.358819,29.995158],[-89.358836,29.995117],[-89.358866,29.995079],[-89.358904,29.995047],[-89.358952,29.995027],[-89.359005,29.995015],[-89.359057,29.995013],[-89.359115,29.99502],[-89.359173,29.995037],[-89.359223,29.995061],[-89.359269,29.995092],[-89.359311,29.995129],[-89.359342,29.995169],[-89.359363,29.995213],[-89.359378,29.995262],[-89.359382,29.995308],[-89.359375,29.995355],[-89.359354,29.995398],[-89.35933,29.995438],[-89.359298,29.995473],[-89.359261,29.995497],[-89.359222,29.995509],[-89.359176,29.995514],[-89.359132,29.995514],[-89.359085,29.995505],[-89.35905,29.995492],[-89.359016,29.995469],[-89.358989,29.995439],[-89.35897,29.995407],[-89.35895,29.995368],[-89.35894,29.995325],[-89.358937,29.995278],[-89.358939,29.995233],[-89.358953,29.995193],[-89.358978,29.995161],[-89.359016,29.995137],[-89.35906,29.995126],[-89.359102,29.995125],[-89.359148,29.995134],[-89.359188,29.995156],[-89.359223,29.995187],[-89.359252,29.995224],[-89.359272,29.995262],[-89.359281,29.995301],[-89.359275,29.995342],[-89.359261,29.995383],[-89.359239,29.995419],[-89.359207,29.995448],[-89.359174,29.995471],[-89.359135,29.995488],[-89.359094,29.995497],[-89.359054,29.995497],[-89.359017,29.995489],[-89.358983,29.995475],[-89.358952,29.995452],[-89.358921,29.995423],[-89.358895,29.995386],[-89.358874,29.995346],[-89.358857,29.995306],[-89.358846,29.995266],[-89.358841,29.995222],[-89.358847,29.995178],[-89.358863,29.995138],[-89.358893,29.995101],[-89.358933,29.995075],[-89.358982,29.995054],[-89.359035,29.995043],[-89.359093,29.99504],[-89.359151,29.995047],[-89.359205,29.995066],[-89.359256,29.99509],[-89.3593,29.995121],[-89.359339,29.995155],[-89.359365,29.995193],[-89.359381,29.995237],[-89.359386,29.995282],[-89.359377,29.995324],[-89.359361,29.995365],[-89.359336,29.995398],[-89.359303,29.995428],[-89.359268,29.995452],[-89.359228,29.99547],[-89.359185,29.995479],[-89.359145,29.995479],[-89.359103,29.995472],[-89.359068,29.995458],[-89.359035,29.995433],[-89.359002,29.995405],[-89.358971,29.995374],[-89.358939,29.995341],[-89.358906,29.99531],[-89.358893,29.995275],[-89.358893,29.995241],[-89.358904,29.995211],[-89.358928,29.995183],[-89.358967,29.995161],[-89.359014,29.995148],[-89.359063,29.995142],[-89.359114,29.995143],[-89.359166,29.995155],[-89.359218,29.995178],[-89.359261,29.995208],[-89.359299,29.995244],[-89.359328,29.995282],[-89.359344,29.995324],[-89.35935,29.995367],[-89.359346,29.995406],[-89.359325,29.995443],[-89.359297,29.995475],[-89.359261,29.995499],[-89.35922,29.995521],[-89.359181,29.995543],[-89.359146,29.995559],[-89.359118,29.995575],[-89.359086,29.995593],[-89.359056,29.995613],[-89.359019,29.995632],[-89.358989,29.99565],[-89.358957,29.995665],[-89.358931,29.99568],[-89.358907,29.995697],[-89.358892,29.995726],[-89.35888,29.995758],[-89.358855,29.995782],[-89.358826,29.995806],[-89.358796,29.995819],[-89.358763,29.995823],[-89.35873,29.995828],[-89.358702,29.995843],[-89.358671,29.99585],[-89.358636,29.995856],[-89.358604,29.995855]]]}},{"type":"Feature","properties":{"d":"2025-05-19","material":"Limestone"},"geometry":{"type":"MultiLineString","coordinates":[[[-89.359143,29.993553],[-89.359424,29.993414],[-89.3594,29.993462],[-89.359386,29.993487],[-89.359369,29.99351],[-89.359332,29.993549],[-89.359308,29.993568],[-89.359286,29.993588],[-89.359263,29.993608],[-89.359217,29.993645],[-89.359195,29.993669],[-89.359173,29.993691],[-89.35915,29.993712],[-89.359125,29.99373],[-89.359099,29.993745],[-89.359048,29.993771],[-89.358995,29.993794],[-89.358937,29.993811],[-89.35889,29.993819],[-89.358846,29.993814],[-89.358807,29.9938],[-89.358774,29.993771],[-89.35875,29.993736],[-89.358739,29.993702],[-89.358746,29.993668],[-89.358766,29.993635],[-89.358804,29.993607],[-89.358848,29.993579],[-89.358899,29.993559],[-89.358955,29.993547],[-89.359011,29.993548],[-89.359065,29.993558],[-89.359113,29.993582],[-89.359148,29.993616],[-89.359171,29.993658],[-89.359185,29.993695],[-89.359189,29.99373],[-89.359187,29.993766],[-89.359174,29.993801],[-89.359154,29.993838],[-89.359128,29.993866],[-89.359101,29.993886],[-89.359073,29.9939],[-89.359032,29.993909],[-89.358988,29.993907],[-89.35896,29.993894],[-89.358929,29.993876],[-89.3589,29.99385],[-89.358871,29.993821],[-89.358845,29.993791],[-89.358824,29.993762],[-89.358809,29.993731],[-89.358803,29.993698],[-89.358813,29.993669],[-89.35883,29.993644],[-89.358857,29.993624],[-89.358889,29.993613],[-89.358926,29.99361],[-89.35897,29.993613],[-89.359013,29.993625],[-89.359054,29.993643],[-89.359094,29.993669],[-89.35913,29.993702],[-89.359157,29.993738],[-89.359177,29.993778],[-89.359186,29.993817],[-89.359191,29.993856],[-89.359191,29.993892],[-89.359176,29.993927],[-89.359154,29.993956],[-89.359127,29.99398],[-89.359102,29.993997],[-89.359062,29.994013],[-89.359018,29.994013],[-89.358987,29.994004],[-89.358955,29.993987],[-89.358923,29.993969],[-89.358892,29.993947],[-89.358863,29.993918],[-89.358835,29.99389],[-89.358814,29.993856],[-89.358793,29.993825],[-89.358776,29.993792],[-89.358763,29.993758],[-89.358756,29.993718],[-89.358762,29.993685],[-89.358781,29.993655],[-89.358807,29.993635],[-89.358836,29.99362],[-89.358872,29.993608],[-89.358917,29.993601],[-89.358964,29.993602],[-89.359012,29.993608],[-89.359056,29.993617],[-89.359098,29.993636],[-89.35913,29.993663],[-89.359156,29.993695],[-89.359176,29.993732],[-89.359189,29.993769],[-89.359193,29.993807],[-89.359188,29.993842],[-89.359172,29.993877],[-89.359149,29.993906],[-89.35912,29.993932],[-89.359089,29.993952],[-89.35906,29.993967],[-89.359014,29.993978],[-89.358978,29.993978],[-89.358943,29.993967],[-89.35891,29.993952],[-89.358879,29.99393],[-89.358854,29.993907],[-89.358832,29.993884],[-89.358816,29.993857],[-89.35881,29.993826],[-89.35881,29.993796],[-89.358818,29.993763],[-89.358833,29.993733],[-89.358852,29.993705],[-89.358878,29.99368],[-89.358913,29.993664],[-89.358957,29.993653],[-89.358999,29.993646],[-89.359046,29.993648],[-89.359088,29.993661],[-89.359124,29.993681],[-89.359155,29.993705],[-89.359175,29.993737],[-89.359184,29.99377],[-89.359188,29.993804],[-89.359181,29.993835],[-89.359167,29.993866],[-89.359145,29.993891],[-89.35912,29.993909],[-89.359093,29.993922],[-89.359047,29.993924],[-89.359013,29.993919],[-89.35898,29.993908],[-89.358948,29.993897],[-89.358913,29.993878],[-89.358881,29.993859],[-89.358852,29.993832],[-89.358824,29.993805],[-89.358805,29.993775],[-89.358792,29.993744],[-89.358788,29.993713],[-89.358794,29.993686],[-89.358808,29.993661],[-89.358832,29.993641],[-89.358863,29.993626],[-89.358897,29.993614],[-89.358938,29.993606],[-89.358983,29.993607],[-89.359029,29.993618],[-89.359067,29.993634],[-89.359102,29.993659],[-89.35913,29.993689],[-89.359147,29.99372],[-89.35916,29.993755],[-89.35916,29.993787],[-89.359153,29.993817],[-89.359131,29.993848],[-89.359107,29.993878],[-89.359082,29.993901],[-89.359044,29.993921],[-89.35901,29.993925],[-89.358968,29.993923],[-89.358937,29.99391],[-89.358908,29.993894],[-89.358879,29.993875],[-89.358858,29.993855],[-89.358839,29.993829],[-89.358825,29.993799],[-89.358817,29.993768],[-89.358807,29.993736],[-89.358816,29.993707],[-89.358831,29.993681],[-89.358852,29.993656],[-89.358885,29.99364],[-89.358924,29.993625],[-89.358971,29.993615],[-89.359013,29.993607],[-89.359057,29.993608],[-89.359103,29.993616],[-89.359142,29.99363],[-89.359178,29.99365],[-89.359204,29.993678],[-89.359221,29.993707],[-89.359227,29.99374],[-89.359224,29.993768],[-89.359217,29.993795],[-89.359201,29.99382],[-89.359173,29.993848],[-89.359142,29.99387],[-89.35911,29.993887],[-89.359078,29.993901],[-89.359042,29.993908],[-89.359008,29.99391],[-89.358969,29.993905],[-89.358934,29.993893],[-89.358903,29.993876],[-89.358873,29.993855],[-89.358848,29.993827],[-89.35883,29.993797],[-89.358815,29.993764],[-89.358805,29.993733],[-89.358804,29.993703],[-89.358812,29.993675],[-89.358826,29.993649],[-89.358851,29.993625],[-89.358888,29.99361],[-89.35893,29.993601],[-89.358974,29.993596],[-89.359017,29.993597],[-89.35906,29.993603],[-89.359097,29.993615],[-89.359134,29.99364],[-89.359159,29.993667],[-89.359181,29.9937],[-89.359195,29.993733],[-89.359201,29.993767],[-89.359197,29.993802],[-89.359186,29.993835],[-89.359167,29.993869],[-89.359144,29.9939],[-89.359117,29.993927],[-89.359086,29.993945],[-89.359051,29.993954],[-89.359017,29.993957],[-89.358969,29.99395],[-89.358937,29.993939],[-89.358902,29.993923],[-89.35887,29.993902],[-89.358839,29.99388],[-89.358812,29.993854],[-89.358789,29.993824],[-89.35877,29.993795],[-89.358753,29.993765],[-89.358745,29.993733],[-89.358748,29.993702],[-89.358759,29.993673],[-89.35878,29.993646],[-89.358808,29.993625],[-89.358846,29.993612],[-89.358885,29.993604],[-89.358929,29.993606],[-89.358974,29.993615],[-89.359013,29.993631],[-89.359047,29.993651],[-89.359071,29.993674],[-89.35909,29.993705],[-89.359096,29.993736],[-89.359091,29.993768],[-89.359079,29.993795],[-89.359057,29.993823],[-89.359032,29.993845],[-89.359004,29.993861],[-89.358974,29.99387],[-89.358941,29.993876],[-89.358908,29.993872],[-89.358872,29.993867],[-89.358832,29.993856],[-89.358794,29.99384],[-89.358767,29.993817],[-89.358741,29.993787],[-89.358722,29.993755],[-89.358709,29.993717],[-89.358699,29.99368],[-89.358693,29.993653],[-89.358692,29.993623],[-89.358698,29.993592],[-89.358705,29.993562],[-89.358716,29.993529],[-89.358736,29.9935],[-89.358764,29.993481],[-89.358788,29.993463],[-89.358812,29.993444],[-89.358847,29.993431],[-89.358882,29.993425],[-89.358913,29.993416],[-89.358943,29.993406],[-89.358979,29.993392],[-89.359016,29.993374],[-89.359052,29.993365],[-89.359087,29.993355],[-89.359132,29.993355],[-89.359176,29.993356],[-89.359218,29.993365],[-89.359261,29.993381],[-89.359291,29.993397],[-89.359322,29.993407]]]}},{"type":"Feature","properties":{"d":"2025-05-19","material":"Limestone"},"geometry":{"type":"MultiLineString","coordinates":[[[-89.359235,29.994394],[-89.35901,29.99437],[-89.358991,29.994334],[-89.358985,29.994293],[-89.358984,29.994251],[-89.358996,29.994208],[-89.359021,29.994169],[-89.359055,29.994137],[-89.359098,29.994111],[-89.359146,29.994097],[-89.359196,29.994094],[-89.359242,29.994104],[-89.359288,29.994127],[-89.359324,29.99416],[-89.359344,29.994201],[-89.359351,29.994244],[-89.359347,29.994289],[-89.359331,29.994331],[-89.359302,29.994366],[-89.359267,29.994395],[-89.359226,29.994413],[-89.359182,29.994425],[-89.359136,29.994427],[-89.359091,29.994418],[-89.359051,29.9944],[-89.359023,29.994375],[-89.359009,29.994345],[-89.359004,29.994307],[-89.359008,29.994268],[-89.359019,29.994224],[-89.359036,29.994179],[-89.35906,29.99414],[-89.359089,29.994109],[-89.359127,29.99409],[-89.359166,29.994078],[-89.359207,29.994076],[-89.359249,29.994089],[-89.359289,29.994108],[-89.359322,29.994136],[-89.359348,29.994171],[-89.359369,29.994207],[-89.359379,29.994245],[-89.359382,29.994286],[-89.359376,29.994326],[-89.359359,29.99436],[-89.359333,29.994392],[-89.359303,29.994419],[-89.359271,29.994438],[-89.359234,29.994454],[-89.359198,29.994465],[-89.359158,29.994461],[-89.359122,29.994454],[-89.359085,29.994441],[-89.359053,29.99442],[-89.35903,29.994394],[-89.359012,29.994365],[-89.359001,29.994335],[-89.358995,29.994299],[-89.358998,29.994264],[-89.359005,29.994229],[-89.359012,29.994191],[-89.359025,29.994157],[-89.359047,29.994124],[-89.359074,29.994096],[-89.359106,29.994074],[-89.359145,29.994061],[-89.359179,29.994054],[-89.359218,29.994058],[-89.359259,29.994072],[-89.3593,29.994094],[-89.359334,29.994122],[-89.359362,29.994152],[-89.359381,29.994186],[-89.359389,29.994223],[-89.35939,29.994263],[-89.359379,29.994298],[-89.35936,29.994332],[-89.359332,29.994359],[-89.3593,29.99438],[-89.359265,29.994395],[-89.359228,29.994405],[-89.35919,29.994407],[-89.359149,29.994402],[-89.359115,29.994392],[-89.359079,29.994378],[-89.359052,29.99436],[-89.359028,29.994335],[-89.359013,29.994311],[-89.359008,29.994282],[-89.359007,29.99425],[-89.359013,29.994217],[-89.359032,29.994187],[-89.359058,29.994156],[-89.359092,29.994131],[-89.359129,29.994111],[-89.359167,29.994094],[-89.359208,29.994088],[-89.359248,29.994093],[-89.359287,29.994107],[-89.359324,29.994132],[-89.359357,29.994161],[-89.359382,29.994195],[-89.3594,29.994229],[-89.35941,29.994265],[-89.359412,29.994304],[-89.359402,29.994339],[-89.359383,29.994371],[-89.359358,29.994401],[-89.359326,29.994425],[-89.359293,29.99444],[-89.359261,29.994454],[-89.359223,29.994459],[-89.359181,29.994454],[-89.359147,29.994446],[-89.35911,29.994431],[-89.359082,29.994411],[-89.359055,29.994387],[-89.359034,29.994359],[-89.359016,29.994326],[-89.359006,29.994296],[-89.358996,29.99426],[-89.358994,29.994222],[-89.358996,29.994186],[-89.359001,29.994148],[-89.359018,29.994115],[-89.359041,29.994085],[-89.359067,29.994058],[-89.359099,29.994038],[-89.359132,29.994025],[-89.359177,29.994023],[-89.359221,29.994025],[-89.359262,29.994036],[-89.359303,29.994056],[-89.359341,29.994085],[-89.359371,29.994117],[-89.359394,29.994151],[-89.359408,29.994188],[-89.359412,29.994226],[-89.359406,29.994266],[-89.359392,29.994305],[-89.359372,29.994341],[-89.359343,29.994374],[-89.359307,29.994402],[-89.35927,29.994428],[-89.359234,29.994448],[-89.359197,29.994463],[-89.359159,29.994472],[-89.359119,29.994472],[-89.359083,29.994464],[-89.359046,29.994449],[-89.359013,29.994424],[-89.358983,29.994397],[-89.358963,29.994376],[-89.358932,29.994343],[-89.358912,29.994318],[-89.358895,29.994295],[-89.35889,29.994323],[-89.358882,29.994352],[-89.35886,29.994376],[-89.358844,29.994399],[-89.358849,29.994431],[-89.358864,29.994458],[-89.358882,29.994486],[-89.358905,29.994514],[-89.358933,29.994542],[-89.358955,29.994563],[-89.358975,29.994584],[-89.358994,29.994607],[-89.359024,29.994637],[-89.359049,29.994657],[-89.359079,29.994676],[-89.359114,29.994696],[-89.359154,29.994707],[-89.359193,29.994715],[-89.359237,29.994726],[-89.359279,29.994729],[-89.35932,29.994731],[-89.359361,29.994731],[-89.359402,29.99473],[-89.359444,29.994727],[-89.35948,29.994721],[-89.359522,29.994711],[-89.359555,29.994695],[-89.359586,29.994673],[-89.359615,29.994648],[-89.359644,29.99462],[-89.359668,29.994588],[-89.359685,29.99456],[-89.359703,29.994537],[-89.35973,29.994505],[-89.359753,29.994483],[-89.359786,29.994459],[-89.359816,29.99444],[-89.359847,29.99443],[-89.359884,29.994426],[-89.359066,29.993805],[-89.359023,29.99382],[-89.35898,29.993839],[-89.358937,29.993862],[-89.358898,29.993886],[-89.358865,29.993913],[-89.35883,29.993938],[-89.358794,29.993964],[-89.358756,29.99399],[-89.358724,29.994016],[-89.358698,29.994046],[-89.358678,29.994078],[-89.358667,29.994115],[-89.358658,29.994149],[-89.358652,29.994185],[-89.35865,29.994228],[-89.358652,29.99427],[-89.358661,29.99431],[-89.358673,29.99435],[-89.358693,29.994389],[-89.358714,29.994425],[-89.358739,29.994458],[-89.358772,29.994492],[-89.358806,29.994524],[-89.358837,29.994554],[-89.358874,29.994577],[-89.358912,29.994598],[-89.358948,29.994621],[-89.358987,29.994642],[-89.359027,29.994662],[-89.359067,29.994679],[-89.359107,29.994692],[-89.359146,29.9947],[-89.359183,29.994706],[-89.35922,29.994711],[-89.359256,29.994714],[-89.359289,29.994712],[-89.359321,29.994708],[-89.359353,29.994705],[-89.359391,29.994694],[-89.359423,29.994674],[-89.359452,29.994649],[-89.359476,29.994615],[-89.359494,29.994578]]]}},{"type":"Feature","properties":{"d":"2025-05-20","material":"Limestone"},"geometry":{"type":"MultiLineString","coordinates":[[[-89.360205,29.995599],[-89.359635,29.995185],[-89.35962,29.995148],[-89.359616,29.995115],[-89.359629,29.995085],[-89.359651,29.995058],[-89.359684,29.995042],[-89.35973,29.995039],[-89.359778,29.995053],[-89.359821,29.99509],[-89.359846,29.995137],[-89.359849,29.995166],[-89.359836,29.995217],[-89.359799,29.995258],[-89.359751,29.995283],[-89.359698,29.995292],[-89.359643,29.995286],[-89.359593,29.995263],[-89.359549,29.995226],[-89.35952,29.99518],[-89.359507,29.995127],[-89.359507,29.9951],[-89.359508,29.995073],[-89.359514,29.995045],[-89.359521,29.995018],[-89.359546,29.994968],[-89.359588,29.994932],[-89.359643,29.994919],[-89.359703,29.994923],[-89.359755,29.994947],[-89.359777,29.994966],[-89.359809,29.995011],[-89.359819,29.995065],[-89.359815,29.995094],[-89.359807,29.995122],[-89.359796,29.995151],[-89.359783,29.995179],[-89.359752,29.995223],[-89.359708,29.995246],[-89.359661,29.995256],[-89.359615,29.99525],[-89.359577,29.995231],[-89.359551,29.995199],[-89.359538,29.995157],[-89.359538,29.995112],[-89.359558,29.995069],[-89.359595,29.995032],[-89.359646,29.995008],[-89.359703,29.995005],[-89.359761,29.995018],[-89.359808,29.995048],[-89.35984,29.995093],[-89.359856,29.995145],[-89.359856,29.995174],[-89.359853,29.995201],[-89.359834,29.995249],[-89.359799,29.995291],[-89.359776,29.99531],[-89.359751,29.995326],[-89.359698,29.995346],[-89.359644,29.99535],[-89.359591,29.995341],[-89.359545,29.995319],[-89.359514,29.995287],[-89.359494,29.995252],[-89.359487,29.995211],[-89.35949,29.995173],[-89.359501,29.995136],[-89.359525,29.9951],[-89.359554,29.995072],[-89.359595,29.995055],[-89.359643,29.995048],[-89.359696,29.995053],[-89.359749,29.995066],[-89.359796,29.995088],[-89.359837,29.995115],[-89.359869,29.995149],[-89.359888,29.995187],[-89.359893,29.995226],[-89.359886,29.995265],[-89.359867,29.995297],[-89.359838,29.995323],[-89.359807,29.995344],[-89.359767,29.995356],[-89.359724,29.995361],[-89.35968,29.995358],[-89.359634,29.995353],[-89.359589,29.995339],[-89.359548,29.995321],[-89.359516,29.995291],[-89.359491,29.995259],[-89.359478,29.995224],[-89.359472,29.995188],[-89.359478,29.99515],[-89.359496,29.995112],[-89.359525,29.995078],[-89.359562,29.995053],[-89.359608,29.995036],[-89.359657,29.995028],[-89.359707,29.995029],[-89.359756,29.995044],[-89.359803,29.99507],[-89.359842,29.995105],[-89.359872,29.995144],[-89.359891,29.995188],[-89.359897,29.995232],[-89.35989,29.995275],[-89.359873,29.995315],[-89.359845,29.995348],[-89.359809,29.995374],[-89.359771,29.995392],[-89.359727,29.9954],[-89.359705,29.9954],[-89.360118,29.994709],[-89.360084,29.994718],[-89.360048,29.994726],[-89.360011,29.994733],[-89.359976,29.99474],[-89.359942,29.994744],[-89.359909,29.994751],[-89.359874,29.994758],[-89.35984,29.994765],[-89.359803,29.994772],[-89.359769,29.994782],[-89.359736,29.994794],[-89.359703,29.994808],[-89.359674,29.994825],[-89.359646,29.994844],[-89.359619,29.994866],[-89.359593,29.99489],[-89.359571,29.994918],[-89.359551,29.994948],[-89.359536,29.99498],[-89.359521,29.995013],[-89.359509,29.995045],[-89.359503,29.995077],[-89.3595,29.995108],[-89.359504,29.995136],[-89.359526,29.995187],[-89.359542,29.995211],[-89.359566,29.995233],[-89.359594,29.995252],[-89.359622,29.995267],[-89.359652,29.995277],[-89.359683,29.995282],[-89.359745,29.995281],[-89.359801,29.995261],[-89.359827,29.995245],[-89.359866,29.995209],[-89.35989,29.995162],[-89.359889,29.995114],[-89.35987,29.995065],[-89.359833,29.995024],[-89.359783,29.994996],[-89.359721,29.994982],[-89.359659,29.994986],[-89.359627,29.994995],[-89.359595,29.995007],[-89.359564,29.995023],[-89.359534,29.995042],[-89.359507,29.995063],[-89.359483,29.995087],[-89.359464,29.995113],[-89.359446,29.995141],[-89.359434,29.995171],[-89.359427,29.9952],[-89.359424,29.995231],[-89.359431,29.99526],[-89.35944,29.99529],[-89.359457,29.995316],[-89.359479,29.995338],[-89.359505,29.995357],[-89.359534,29.995372],[-89.359565,29.995383],[-89.359598,29.995389],[-89.359631,29.995393],[-89.359663,29.995393],[-89.359694,29.995389],[-89.359725,29.995379],[-89.359755,29.995365],[-89.359783,29.995349],[-89.359825,29.995312],[-89.359851,29.995265],[-89.359855,29.995238],[-89.359849,29.995183],[-89.35984,29.995156],[-89.359827,29.99513],[-89.359811,29.995106],[-89.359793,29.995084],[-89.359769,29.995063],[-89.359742,29.995045],[-89.359714,29.995032],[-89.359685,29.995021],[-89.359654,29.99501],[-89.359622,29.995003],[-89.359588,29.994995],[-89.359554,29.994991],[-89.359521,29.99499],[-89.359487,29.994993],[-89.359455,29.995003],[-89.359428,29.995016],[-89.359404,29.995034],[-89.359381,29.995057],[-89.359365,29.995085],[-89.359355,29.995113],[-89.359351,29.995141],[-89.359354,29.99517],[-89.359363,29.995198],[-89.359377,29.995226],[-89.359396,29.995249],[-89.359419,29.995271],[-89.359445,29.995288],[-89.359474,29.995302],[-89.359506,29.995312],[-89.359539,29.995315],[-89.359572,29.995314],[-89.359604,29.995309],[-89.359633,29.995301],[-89.359685,29.995272],[-89.359722,29.995233],[-89.359742,29.995187],[-89.35974,29.995136],[-89.359713,29.995093],[-89.359672,29.995055],[-89.359647,29.995038],[-89.359619,29.995024],[-89.359589,29.995012],[-89.359558,29.995002],[-89.359528,29.994995],[-89.359495,29.99499],[-89.359462,29.994991],[-89.359428,29.994994],[-89.359394,29.995],[-89.359361,29.995011],[-89.359332,29.995027],[-89.359308,29.995047],[-89.35929,29.995072],[-89.359278,29.995098],[-89.359273,29.995125],[-89.359274,29.995153],[-89.35928,29.99518],[-89.359294,29.995206],[-89.359312,29.995231],[-89.359335,29.995252],[-89.359363,29.995269],[-89.359395,29.995281],[-89.359427,29.995289],[-89.359459,29.995293],[-89.359516,29.995287],[-89.359568,29.995263],[-89.359611,29.995227],[-89.359638,29.99519],[-89.359653,29.99516],[-89.359664,29.995123],[-89.359671,29.995088],[-89.359674,29.995058],[-89.359677,29.995024],[-89.359674,29.99499],[-89.359672,29.99496],[-89.359669,29.994929],[-89.359665,29.994895],[-89.359659,29.994866],[-89.35965,29.994835],[-89.359634,29.994805],[-89.359616,29.994778],[-89.359589,29.99476],[-89.35956,29.994749],[-89.359523,29.994749],[-89.359483,29.994756],[-89.359451,29.994769]]]}},{"type":"Feature","properties":{"d":"2025-05-20","material":"Limestone"},"geometry":{"type":"MultiLineString","coordinates":[[[-89.359099,29.994692],[-89.359365,29.994722],[-89.359402,29.994692],[-89.359445,29.994672],[-89.359488,29.994669],[-89.35953,29.994679],[-89.359568,29.994697],[-89.359592,29.994725],[-89.359606,29.99476],[-89.359601,29.994792],[-89.359586,29.994823],[-89.359562,29.994849],[-89.359531,29.994867],[-89.359495,29.994877],[-89.35946,29.994877],[-89.359423,29.994871],[-89.359391,29.994855],[-89.359362,29.994833],[-89.359339,29.994803],[-89.359326,29.994767],[-89.359325,29.994731],[-89.359338,29.994696],[-89.359364,29.994665],[-89.359401,29.994639],[-89.359444,29.994626],[-89.359487,29.994629],[-89.359533,29.994642],[-89.359572,29.994667],[-89.359596,29.994701],[-89.359605,29.994739],[-89.359602,29.994774],[-89.359586,29.994807],[-89.359558,29.994838],[-89.359525,29.994859],[-89.359486,29.994871],[-89.35945,29.994874],[-89.359415,29.99487],[-89.359386,29.994858],[-89.359361,29.994834],[-89.359342,29.994802],[-89.359329,29.994766],[-89.359325,29.994729],[-89.359334,29.99469],[-89.359352,29.994654],[-89.359381,29.994626],[-89.35942,29.994607],[-89.359467,29.994598],[-89.359519,29.994606],[-89.35957,29.994629],[-89.359612,29.994659],[-89.359643,29.994702],[-89.359663,29.994752],[-89.359681,29.994802],[-89.359692,29.994829],[-89.359704,29.994858],[-89.359716,29.994886],[-89.35973,29.994913],[-89.359744,29.994939],[-89.359759,29.994965],[-89.359775,29.994991],[-89.359793,29.995017],[-89.359813,29.99504],[-89.359832,29.995064],[-89.359849,29.995089],[-89.359863,29.995116],[-89.359879,29.995166],[-89.35987,29.995218],[-89.359846,29.995252],[-89.359824,29.995276],[-89.3598,29.995303],[-89.35978,29.995331],[-89.359768,29.995358],[-89.359759,29.995388],[-89.359752,29.995417],[-89.359753,29.995448],[-89.359757,29.995479],[-89.359752,29.99551],[-89.35972,29.995527],[-89.359689,29.995533],[-89.359656,29.995528],[-89.35963,29.995508],[-89.359614,29.995484],[-89.359606,29.995514],[-89.359595,29.995545],[-89.359587,29.995573],[-89.359567,29.995594],[-89.359538,29.995607],[-89.359507,29.995613],[-89.359469,29.995601],[-89.359439,29.995586],[-89.359407,29.995566],[-89.35937,29.995547],[-89.359337,29.995523],[-89.359301,29.995498],[-89.359269,29.99547],[-89.359241,29.995441],[-89.359219,29.99541],[-89.359198,29.995378],[-89.359187,29.995344],[-89.359184,29.995312],[-89.359185,29.995279],[-89.359191,29.995245],[-89.359197,29.995208],[-89.359201,29.99517],[-89.359209,29.995136],[-89.35922,29.995103],[-89.359228,29.995071],[-89.359238,29.995037],[-89.359256,29.995008],[-89.359283,29.994978],[-89.359306,29.994959],[-89.359329,29.994938],[-89.359352,29.994914],[-89.359376,29.994893],[-89.359398,29.994871],[-89.359423,29.994851],[-89.359445,29.994831],[-89.359473,29.994815],[-89.359503,29.994804],[-89.359535,29.994818],[-89.359544,29.994847],[-89.359554,29.994875],[-89.35956,29.994905],[-89.359563,29.994943],[-89.359566,29.994978],[-89.359567,29.995016],[-89.359567,29.99505],[-89.359563,29.995085],[-89.359563,29.995119],[-89.359567,29.995149],[-89.359571,29.995186],[-89.359567,29.99522],[-89.359555,29.995252],[-89.359539,29.995279],[-89.359513,29.995303],[-89.359481,29.995322],[-89.359441,29.995329],[-89.359407,29.995324],[-89.359379,29.995309],[-89.359357,29.99529],[-89.359343,29.995252],[-89.359342,29.995222],[-89.359354,29.995191],[-89.359379,29.995164],[-89.359413,29.995138],[-89.359453,29.995117],[-89.359494,29.995099],[-89.359535,29.995082],[-89.35958,29.995065],[-89.359628,29.995052],[-89.359668,29.995043],[-89.3597,29.995036],[-89.359739,29.995032],[-89.359769,29.995039],[-89.359744,29.995061],[-89.359733,29.9951],[-89.359725,29.99514],[-89.359714,29.995172],[-89.359696,29.995199],[-89.359677,29.995224],[-89.359648,29.995247],[-89.359603,29.995263],[-89.359553,29.995271],[-89.359502,29.995271],[-89.359458,29.995258],[-89.35942,29.995234],[-89.359392,29.9952],[-89.359375,29.995162],[-89.359371,29.995124],[-89.359373,29.995092],[-89.359383,29.995056],[-89.359406,29.995032],[-89.359434,29.995018],[-89.359468,29.995014],[-89.359507,29.995019],[-89.359546,29.995025],[-89.359584,29.995029],[-89.359624,29.99503],[-89.359663,29.995027],[-89.3597,29.995025],[-89.359735,29.995022],[-89.35977,29.995017],[-89.359805,29.995014],[-89.35985,29.995017],[-89.359883,29.995026],[-89.359914,29.995043],[-89.359933,29.995067],[-89.359904,29.995055],[-89.359901,29.995025],[-89.359872,29.995041],[-89.359862,29.995069],[-89.359865,29.995097],[-89.35987,29.995131],[-89.359868,29.995161],[-89.359864,29.995194],[-89.359863,29.995225],[-89.359858,29.995255],[-89.359853,29.995289],[-89.359837,29.995321],[-89.359816,29.995351],[-89.359794,29.995371],[-89.359768,29.995392],[-89.359737,29.995413],[-89.359698,29.995423],[-89.359657,29.995424],[-89.359618,29.995411],[-89.359591,29.995391],[-89.359567,29.995369],[-89.359541,29.995338],[-89.359516,29.995309],[-89.359508,29.995277],[-89.359526,29.995247],[-89.359546,29.995225],[-89.359571,29.995191],[-89.359587,29.995156],[-89.35961,29.995125],[-89.359635,29.995107],[-89.359663,29.995096],[-89.359699,29.995096],[-89.359733,29.995104],[-89.359765,29.995117],[-89.3598,29.995136],[-89.359824,29.995164],[-89.359844,29.995196],[-89.359858,29.995231],[-89.359861,29.995266],[-89.359861,29.995303],[-89.359854,29.995338],[-89.359841,29.995371],[-89.359823,29.995401],[-89.359798,29.995426],[-89.359767,29.995447],[-89.359736,29.995463],[-89.359704,29.995475],[-89.359671,29.995483],[-89.359639,29.995485],[-89.359608,29.99548],[-89.359567,29.995468],[-89.359542,29.995451],[-89.35952,29.995428],[-89.359499,29.995404],[-89.359484,29.995376],[-89.359477,29.995348],[-89.359476,29.995319],[-89.35948,29.99529],[-89.359489,29.995263],[-89.359503,29.995236],[-89.359522,29.99521],[-89.359544,29.995183],[-89.359565,29.995158],[-89.359587,29.995134],[-89.359612,29.995114],[-89.359641,29.9951],[-89.359677,29.995097],[-89.359731,29.995103],[-89.359762,29.995111],[-89.359793,29.995126],[-89.359821,29.995145],[-89.359846,29.995167],[-89.359866,29.99519],[-89.359882,29.995214],[-89.359903,29.99526],[-89.359909,29.995312],[-89.359907,29.995339],[-89.359896,29.995379],[-89.359878,29.995416],[-89.359854,29.995457],[-89.35982,29.995491],[-89.359783,29.995513],[-89.359745,29.995526],[-89.359708,29.995531],[-89.359674,29.995526],[-89.359639,29.995518],[-89.3596,29.995508],[-89.359566,29.995498],[-89.359537,29.995486],[-89.359504,29.995469],[-89.35947,29.995452],[-89.35943,29.995438],[-89.359393,29.995428],[-89.359359,29.995417],[-89.359332,29.995403],[-89.359303,29.995385],[-89.359279,29.995369],[-89.35925,29.995356],[-89.359218,29.995343],[-89.359191,29.99533],[-89.35916,29.995311],[-89.35913,29.99529],[-89.359103,29.995268],[-89.359087,29.995236],[-89.359072,29.995203],[-89.35906,29.995176],[-89.359053,29.995149],[-89.359045,29.99512],[-89.359036,29.995093],[-89.35903,29.995055],[-89.359028,29.995024],[-89.359035,29.994988],[-89.359044,29.994955],[-89.35905,29.994922],[-89.359045,29.994887],[-89.359037,29.994855],[-89.359033,29.994822],[-89.359033,29.994794],[-89.359031,29.994767],[-89.359041,29.994731],[-89.35905,29.994696],[-89.359072,29.994668],[-89.359095,29.994642],[-89.359125,29.994615],[-89.359156,29.994589],[-89.35919,29.994568],[-89.359225,29.99455],[-89.35926,29.994534],[-89.359294,29.994512],[-89.359329,29.994494],[-89.359365,29.994476],[-89.35941,29.994463],[-89.359441,29.994457],[-89.359475,29.994455],[-89.359512,29.99446],[-89.359546,29.994469],[-89.359579,29.994485],[-89.359614,29.994506],[-89.359648,29.994529],[-89.359681,29.994555],[-89.359707,29.99458],[-89.359732,29.994609],[-89.359752,29.994638],[-89.359769,29.994665],[-89.359782,29.994692],[-89.359796,29.99473],[-89.359802,29.994758],[-89.359807,29.994784],[-89.359808,29.994813],[-89.359806,29.994841],[-89.3598,29.994881],[-89.359792,29.994909],[-89.359785,29.994936],[-89.359774,29.994961],[-89.359755,29.994996],[-89.359726,29.995026],[-89.359698,29.99505],[-89.359673,29.995074],[-89.359656,29.995103],[-89.359635,29.995132],[-89.359608,29.995156],[-89.359585,29.995177],[-89.359558,29.995197],[-89.359526,29.995214],[-89.359493,29.995223],[-89.359459,29.995229],[-89.359422,29.995236],[-89.359375,29.995237],[-89.359342,29.995231],[-89.359312,29.995221],[-89.359283,29.995204],[-89.359258,29.995182],[-89.359238,29.995159],[-89.359215,29.995127],[-89.359189,29.995105],[-89.359168,29.995083],[-89.35919,29.995063],[-89.35922,29.995049],[-89.359197,29.99503],[-89.359163,29.995022],[-89.359141,29.995],[-89.359151,29.994973],[-89.359173,29.994947],[-89.359191,29.99492],[-89.35921,29.994893],[-89.359231,29.994871],[-89.359255,29.994848],[-89.359268,29.994818],[-89.359277,29.994789],[-89.359299,29.994768],[-89.359321,29.994743],[-89.359344,29.994719],[-89.35937,29.9947],[-89.359401,29.994689],[-89.359433,29.994699],[-89.359454,29.994719],[-89.359476,29.994741],[-89.359507,29.994763],[-89.35954,29.994787],[-89.359561,29.994808],[-89.359586,29.994842],[-89.359603,29.994894],[-89.359603,29.994946],[-89.35958,29.994994],[-89.359561,29.995017],[-89.359516,29.995049],[-89.359461,29.995066],[-89.359405,29.995067],[-89.359359,29.995056],[-89.359327,29.995046],[-89.359289,29.995039],[-89.359257,29.995029],[-89.359231,29.995009],[-89.359219,29.994983],[-89.359226,29.994945],[-89.359239,29.99492],[-89.359253,29.994893],[-89.359267,29.994861],[-89.359275,29.994834],[-89.359286,29.994802],[-89.359301,29.994776],[-89.359328,29.994759],[-89.359366,29.994759],[-89.359409,29.994752],[-89.359447,29.994745],[-89.359486,29.994736],[-89.359528,29.99473],[-89.359581,29.994733],[-89.359628,29.99475],[-89.359656,29.99477],[-89.359687,29.9948],[-89.359709,29.994828],[-89.359726,29.994857],[-89.35975,29.994875],[-89.35978,29.994863],[-89.359811,29.99485],[-89.359844,29.99485],[-89.359838,29.99488],[-89.359813,29.994905],[-89.359777,29.99493],[-89.359731,29.994947],[-89.359679,29.994958],[-89.359625,29.994963],[-89.359568,29.99496],[-89.359515,29.994949],[-89.35947,29.994932],[-89.359434,29.994917],[-89.359405,29.994903],[-89.359379,29.994886],[-89.359352,29.994862],[-89.35933,29.994841],[-89.359317,29.994815],[-89.359309,29.994772],[-89.359314,29.994739],[-89.359323,29.994704],[-89.359332,29.994664],[-89.359348,29.994633],[-89.359375,29.99461],[-89.359413,29.994594],[-89.359456,29.994588],[-89.359496,29.994593],[-89.35954,29.994617],[-89.359572,29.994662],[-89.359577,29.994714],[-89.359554,29.994762],[-89.359518,29.994791]]]}},{"type":"Feature","properties":{"d":"2025-05-20","material":"Limestone"},"geometry":{"type":"MultiLineString","coordinates":[[[-89.359415,29.993823],[-89.359443,29.993839],[-89.359479,29.993862],[-89.359504,29.993885],[-89.359523,29.993913],[-89.359534,29.993943],[-89.359536,29.993973],[-89.359527,29.994009],[-89.359501,29.994044],[-89.359461,29.994068],[-89.359413,29.994077],[-89.359362,29.994073],[-89.359319,29.994054],[-89.359285,29.994026],[-89.35926,29.993998],[-89.359241,29.993968],[-89.359233,29.993939],[-89.359222,29.993908],[-89.359216,29.993875],[-89.359214,29.993842],[-89.359215,29.993809],[-89.359218,29.993776],[-89.35923,29.993742],[-89.359242,29.993712],[-89.359255,29.993682],[-89.359271,29.993657],[-89.359294,29.993636],[-89.359323,29.993619],[-89.359362,29.993609],[-89.359402,29.993602],[-89.359443,29.993604],[-89.359484,29.993613],[-89.359521,29.993634],[-89.359561,29.993661],[-89.359602,29.993688],[-89.359647,29.993714],[-89.359692,29.993737],[-89.359735,29.993765],[-89.359775,29.993799],[-89.359806,29.993838],[-89.359822,29.993875],[-89.35983,29.993926],[-89.359824,29.993955],[-89.359814,29.993982],[-89.359797,29.994007],[-89.359776,29.994029],[-89.359728,29.994056],[-89.359678,29.994067],[-89.359625,29.994066],[-89.359584,29.994054],[-89.359551,29.994037],[-89.359524,29.994017],[-89.359509,29.993992],[-89.359502,29.993958],[-89.359506,29.99393],[-89.359509,29.993902],[-89.359517,29.993874],[-89.359523,29.993843],[-89.359531,29.993815],[-89.35953,29.993786],[-89.359511,29.993761],[-89.359483,29.993744],[-89.359477,29.993771],[-89.359477,29.993806],[-89.359473,29.993839],[-89.359466,29.993874],[-89.359465,29.993907],[-89.359497,29.993924],[-89.359532,29.993947],[-89.359569,29.993978],[-89.359614,29.994009],[-89.359643,29.994021],[-89.359677,29.994029],[-89.359711,29.994033],[-89.359742,29.994033],[-89.359773,29.994026],[-89.359804,29.994016],[-89.359853,29.993987],[-89.359889,29.993948],[-89.359911,29.993909],[-89.359917,29.993869],[-89.359907,29.993831],[-89.359887,29.993797],[-89.35987,29.993771],[-89.359849,29.993741],[-89.359824,29.993717],[-89.359796,29.993697],[-89.359765,29.993675],[-89.359739,29.993658],[-89.359705,29.993641],[-89.359686,29.993619],[-89.359672,29.993592],[-89.359661,29.993561],[-89.35965,29.993525],[-89.359638,29.993493],[-89.359624,29.993457],[-89.359604,29.993432],[-89.359582,29.993397],[-89.359583,29.99336],[-89.359608,29.993326],[-89.359657,29.993304],[-89.359715,29.993311],[-89.359744,29.993326],[-89.359769,29.993347],[-89.359794,29.993374],[-89.359814,29.993406],[-89.359835,29.993441],[-89.359851,29.993477],[-89.359859,29.993508],[-89.359866,29.993556],[-89.359871,29.993601],[-89.359875,29.993651],[-89.359878,29.9937],[-89.359869,29.993744],[-89.359848,29.993786],[-89.359819,29.993819],[-89.359788,29.993845],[-89.359748,29.993863],[-89.359709,29.993874],[-89.359674,29.99388],[-89.359641,29.993884],[-89.359607,29.993882],[-89.359575,29.993869],[-89.359544,29.99385],[-89.359519,29.993826],[-89.359499,29.9938],[-89.359485,29.993768],[-89.359485,29.993738],[-89.359493,29.993767],[-89.359503,29.993793],[-89.359475,29.99377],[-89.359444,29.993752],[-89.359411,29.993741],[-89.359387,29.99376],[-89.359385,29.993788],[-89.359379,29.993815],[-89.359374,29.993847],[-89.359349,29.993864],[-89.359318,29.993877],[-89.359284,29.993886],[-89.359249,29.993892],[-89.359215,29.993886],[-89.359188,29.993872],[-89.359164,29.993855],[-89.359152,29.993828],[-89.359169,29.993798],[-89.359199,29.993775],[-89.359226,29.993759],[-89.359252,29.993743],[-89.359277,29.993726],[-89.359301,29.993707],[-89.359326,29.993687],[-89.35935,29.993668],[-89.359394,29.993653],[-89.359428,29.993649],[-89.359462,29.993653],[-89.359495,29.993665],[-89.359525,29.993682],[-89.359553,29.993704],[-89.35958,29.99373],[-89.359597,29.993759],[-89.359606,29.993791],[-89.359608,29.993824],[-89.359599,29.993866],[-89.35957,29.993907],[-89.359522,29.993937],[-89.359465,29.993951],[-89.359405,29.993948],[-89.359351,29.99393],[-89.359307,29.993903],[-89.359277,29.993872],[-89.359261,29.993837],[-89.359252,29.993804],[-89.359249,29.993773],[-89.359258,29.993736],[-89.359276,29.993702],[-89.359295,29.993677],[-89.359322,29.993652],[-89.359354,29.99364],[-89.359392,29.993635],[-89.359428,29.993632],[-89.359468,29.993629],[-89.359509,29.99363],[-89.35955,29.993641],[-89.359594,29.993662],[-89.359634,29.993688],[-89.359667,29.993726],[-89.359694,29.993767],[-89.359712,29.993808],[-89.359718,29.993849],[-89.359714,29.99389],[-89.359695,29.993928],[-89.359667,29.993958],[-89.359634,29.99398],[-89.359595,29.993997],[-89.359556,29.994006],[-89.359515,29.994008],[-89.359477,29.994005],[-89.359441,29.993993],[-89.359405,29.993976],[-89.359374,29.993954],[-89.359347,29.993925],[-89.359324,29.993892],[-89.359302,29.993857],[-89.359283,29.993826],[-89.359271,29.993795],[-89.359269,29.99376],[-89.359273,29.993724],[-89.359286,29.993692],[-89.359308,29.993669],[-89.359339,29.993654],[-89.359382,29.993649]]]}},{"type":"Feature","properties":{"d":"2025-05-20","material":"Limestone"},"geometry":{"type":"MultiLineString","coordinates":[[[-89.359837,29.99423],[-89.359834,29.994242],[-89.3598,29.994261],[-89.359755,29.994261],[-89.35971,29.994246],[-89.359671,29.994217],[-89.35964,29.994181],[-89.359627,29.994138],[-89.359629,29.994094],[-89.359643,29.994055],[-89.359673,29.994027],[-89.359715,29.994011],[-89.359763,29.994011],[-89.359806,29.994029],[-89.359845,29.99406],[-89.359872,29.994101],[-89.359888,29.994146],[-89.359887,29.994193],[-89.359869,29.994235],[-89.359837,29.994271],[-89.359798,29.994296],[-89.359755,29.994309],[-89.359712,29.994308],[-89.359671,29.994295],[-89.359636,29.994274],[-89.359607,29.994244],[-89.359582,29.994209],[-89.359563,29.994166],[-89.359549,29.99412],[-89.35954,29.994069],[-89.35954,29.994022],[-89.359548,29.99398],[-89.359557,29.993942],[-89.359571,29.99391],[-89.359595,29.993885],[-89.359624,29.993867],[-89.359654,29.993859],[-89.359687,29.993856],[-89.359732,29.993865],[-89.359769,29.99388],[-89.359812,29.993895],[-89.359854,29.993917],[-89.359892,29.993942],[-89.35993,29.993969],[-89.359966,29.994],[-89.35999,29.994034],[-89.360009,29.994069],[-89.360024,29.994104],[-89.360031,29.994142],[-89.360031,29.994183],[-89.360021,29.99422],[-89.360006,29.994262],[-89.359979,29.994302],[-89.359942,29.994338],[-89.359891,29.994369],[-89.359835,29.994391],[-89.359777,29.994402],[-89.359718,29.994404],[-89.359663,29.994393],[-89.359608,29.99437],[-89.359582,29.994354],[-89.359537,29.99432],[-89.359497,29.994284],[-89.359458,29.994245],[-89.359422,29.994201],[-89.359392,29.994153],[-89.359376,29.994129],[-89.359363,29.994103],[-89.359352,29.994076],[-89.359342,29.994049],[-89.359336,29.994021],[-89.359336,29.993972],[-89.359353,29.993924],[-89.359386,29.993883],[-89.359408,29.993862],[-89.359456,29.993827],[-89.359484,29.993815],[-89.359515,29.993807],[-89.359548,29.993804],[-89.35961,29.99381],[-89.359643,29.993817],[-89.359676,29.993826],[-89.359708,29.993838],[-89.35974,29.993853],[-89.359771,29.993868],[-89.359798,29.993886],[-89.359824,29.993907],[-89.359846,29.993928],[-89.359867,29.993953],[-89.359885,29.993979],[-89.359899,29.994005],[-89.35992,29.994053],[-89.359937,29.994102],[-89.359951,29.994146],[-89.359963,29.994189],[-89.359966,29.994236],[-89.359958,29.99428],[-89.359939,29.994316],[-89.35992,29.994348],[-89.359896,29.994379],[-89.359861,29.994403],[-89.359824,29.994418],[-89.359795,29.994428],[-89.359762,29.994439],[-89.359729,29.994441],[-89.359693,29.994424],[-89.359676,29.994401],[-89.359669,29.994373],[-89.35967,29.994345],[-89.359676,29.994312],[-89.359691,29.994273],[-89.359703,29.994244],[-89.359717,29.994218],[-89.35974,29.994187],[-89.359759,29.994165],[-89.359786,29.994178],[-89.359768,29.994202],[-89.359767,29.994233],[-89.359786,29.994265],[-89.359822,29.994286],[-89.359856,29.994295],[-89.359891,29.9943],[-89.359928,29.9943],[-89.359962,29.994307],[-89.359987,29.994328],[-89.359998,29.994366],[-89.360001,29.994401],[-89.359999,29.994445],[-89.359971,29.994489],[-89.359924,29.994522],[-89.359895,29.994535],[-89.359864,29.994541],[-89.359808,29.994538],[-89.359761,29.994523],[-89.359726,29.994503],[-89.359699,29.994477],[-89.359683,29.994446],[-89.359681,29.994418],[-89.359688,29.99439],[-89.3597,29.994365],[-89.359722,29.994331],[-89.359751,29.994306],[-89.359775,29.994285],[-89.359802,29.994257],[-89.35982,29.994224],[-89.359831,29.994195],[-89.359837,29.994165],[-89.359817,29.994139],[-89.359779,29.994136],[-89.359749,29.994146],[-89.359719,29.99416],[-89.359692,29.994181],[-89.359671,29.994207],[-89.359657,29.994238],[-89.359656,29.994272],[-89.359665,29.994305],[-89.359685,29.994337],[-89.359714,29.994363],[-89.359746,29.994386],[-89.359782,29.994404],[-89.35982,29.994415],[-89.359858,29.994417],[-89.359897,29.994414],[-89.359932,29.994404],[-89.359961,29.994386],[-89.359987,29.994362],[-89.360007,29.994334],[-89.36002,29.994305],[-89.360024,29.994274],[-89.360018,29.994245],[-89.360002,29.994218],[-89.359981,29.99419],[-89.359953,29.994163],[-89.359923,29.994137],[-89.35989,29.994115],[-89.359854,29.994093],[-89.359817,29.994072],[-89.359778,29.994055],[-89.359739,29.994049],[-89.359697,29.994051],[-89.359656,29.994063],[-89.359618,29.994085],[-89.35959,29.994115],[-89.359573,29.994148],[-89.359573,29.994181],[-89.359579,29.994218],[-89.359593,29.994252],[-89.359617,29.994286],[-89.359651,29.994315],[-89.359686,29.994334],[-89.359728,29.994347],[-89.359769,29.994354],[-89.359809,29.994353],[-89.359848,29.994347],[-89.359881,29.994334],[-89.359909,29.994315],[-89.359936,29.994296],[-89.359953,29.994265],[-89.35996,29.994235],[-89.359958,29.994205],[-89.359949,29.994176],[-89.359937,29.994149],[-89.359917,29.994122],[-89.35989,29.994097],[-89.359857,29.994073],[-89.359821,29.994053],[-89.359779,29.994043],[-89.359738,29.994044],[-89.359698,29.994056],[-89.359661,29.994075],[-89.359631,29.994102],[-89.359611,29.994136],[-89.359601,29.994173],[-89.3596,29.994211],[-89.359606,29.994251],[-89.359624,29.99429],[-89.359649,29.994324],[-89.359681,29.994356],[-89.359719,29.994383],[-89.359762,29.994402],[-89.359805,29.994416],[-89.359849,29.994422],[-89.359895,29.994421],[-89.359936,29.994414],[-89.359976,29.994402],[-89.360012,29.994384],[-89.360044,29.994365],[-89.36007,29.994343],[-89.36009,29.994317],[-89.360103,29.994287],[-89.360103,29.994258],[-89.360095,29.99423],[-89.36008,29.994206],[-89.360057,29.994179],[-89.36003,29.994153],[-89.359997,29.994124],[-89.359964,29.994105],[-89.359926,29.99409],[-89.359886,29.994076],[-89.359841,29.994064],[-89.359795,29.994058],[-89.359748,29.994054],[-89.359699,29.994054],[-89.359653,29.994059],[-89.359608,29.994075],[-89.359572,29.994097],[-89.359547,29.994125],[-89.359536,29.994159],[-89.359535,29.994191],[-89.35954,29.994229],[-89.359555,29.994262],[-89.359578,29.994295],[-89.359611,29.994322],[-89.35965,29.994341],[-89.359689,29.994353],[-89.359729,29.994359],[-89.359769,29.994358],[-89.359807,29.994347],[-89.359839,29.994332],[-89.359868,29.994311],[-89.359895,29.994288],[-89.359916,29.994258],[-89.359925,29.994227],[-89.359934,29.994195],[-89.359931,29.994162],[-89.359917,29.994131],[-89.359896,29.994103],[-89.35987,29.994081],[-89.359834,29.994065],[-89.359795,29.994055],[-89.359756,29.994054],[-89.35972,29.994061],[-89.359687,29.994081],[-89.359661,29.994108],[-89.359642,29.99414],[-89.359633,29.994172],[-89.359632,29.994208],[-89.359643,29.994244],[-89.359664,29.994278],[-89.359693,29.994311],[-89.359728,29.994336],[-89.359767,29.994354],[-89.359808,29.994366],[-89.359849,29.994369],[-89.359889,29.994366],[-89.359929,29.994358],[-89.359965,29.994345],[-89.359997,29.994328],[-89.360022,29.994305],[-89.360038,29.994279],[-89.360047,29.99425],[-89.360048,29.994218],[-89.36004,29.99419],[-89.360021,29.994163],[-89.359997,29.994139],[-89.359967,29.994119],[-89.359931,29.994107],[-89.359888,29.994102],[-89.359842,29.9941],[-89.359799,29.994109],[-89.359757,29.994122],[-89.359715,29.994142],[-89.359684,29.994173],[-89.359665,29.994206],[-89.359658,29.994239],[-89.35966,29.994274],[-89.359675,29.994312],[-89.359699,29.994343],[-89.359729,29.994372],[-89.359763,29.994393],[-89.3598,29.994411],[-89.359839,29.994419],[-89.359878,29.994422],[-89.359916,29.994418],[-89.359952,29.994412],[-89.359985,29.994399],[-89.360012,29.994381],[-89.360037,29.994349],[-89.360044,29.994311],[-89.36003,29.994279],[-89.35999,29.994257],[-89.359955,29.994253],[-89.359918,29.994252],[-89.359876,29.994258],[-89.359833,29.994263],[-89.359789,29.994266],[-89.359748,29.994266],[-89.359711,29.99426],[-89.359679,29.994254],[-89.359635,29.994241],[-89.359607,29.994225],[-89.359571,29.994199],[-89.359551,29.994177],[-89.359535,29.994153],[-89.359525,29.994125],[-89.359524,29.994095],[-89.359526,29.994062],[-89.359527,29.994031],[-89.35953,29.993996],[-89.359531,29.993963],[-89.359539,29.993927],[-89.359548,29.993892],[-89.359556,29.993854],[-89.359565,29.993816],[-89.359574,29.993779],[-89.359585,29.993741],[-89.3596,29.99371],[-89.359622,29.993679],[-89.359642,29.993648],[-89.359662,29.993618],[-89.359688,29.993591],[-89.35972,29.993568],[-89.359758,29.99355],[-89.359795,29.993541],[-89.359829,29.993536],[-89.359871,29.993538],[-89.359909,29.99355],[-89.359943,29.993561],[-89.359976,29.993577],[-89.360002,29.993598],[-89.360033,29.993617],[-89.360063,29.99364],[-89.360092,29.99366],[-89.36012,29.993681],[-89.360148,29.993698],[-89.360177,29.993715],[-89.360209,29.993729],[-89.360243,29.993747],[-89.360279,29.993762],[-89.360316,29.993774],[-89.360354,29.993787],[-89.360394,29.993801],[-89.360427,29.993824],[-89.360452,29.993844],[-89.360476,29.993867],[-89.360495,29.993889],[-89.360509,29.993914],[-89.360522,29.99394],[-89.360546,29.99392],[-89.360554,29.99389],[-89.360561,29.993858],[-89.360573,29.993832],[-89.360567,29.993805],[-89.360562,29.993778],[-89.360561,29.993749],[-89.360553,29.993722],[-89.36054,29.993695],[-89.360526,29.993669],[-89.360511,29.993643],[-89.360494,29.993618],[-89.360473,29.993598],[-89.360443,29.993589],[-89.360413,29.993579],[-89.360383,29.993564],[-89.360353,29.993553],[-89.360318,29.993552],[-89.360297,29.993578],[-89.360297,29.993616],[-89.360277,29.993662],[-89.360243,29.993697],[-89.360207,29.993727],[-89.360169,29.993753],[-89.360123,29.99378],[-89.360077,29.993805],[-89.360031,29.993831],[-89.359989,29.993857],[-89.359956,29.993875],[-89.359925,29.993891],[-89.359896,29.993904],[-89.359857,29.993926],[-89.359819,29.993948],[-89.359793,29.993971],[-89.359762,29.993996],[-89.359732,29.994023],[-89.3597,29.994049],[-89.359676,29.994072],[-89.359652,29.994091],[-89.359615,29.994121]]]}},{"type":"Feature","properties":{"d":"2025-05-20","material":"Limestone"},"geometry":{"type":"MultiLineString","coordinates":[[[-89.359585,29.994422],[-89.359572,29.994403],[-89.359568,29.994385],[-89.359585,29.994355],[-89.359616,29.994337],[-89.35966,29.99433],[-89.359695,29.994332],[-89.35973,29.994343],[-89.359768,29.994356],[-89.359809,29.994377],[-89.359844,29.9944],[-89.359872,29.994422],[-89.359898,29.994443],[-89.359919,29.994464],[-89.359939,29.994491],[-89.359953,29.994516],[-89.359965,29.994549],[-89.359973,29.994577],[-89.359972,29.994607],[-89.359997,29.994627],[-89.360004,29.994656],[-89.360014,29.994683],[-89.360011,29.994715],[-89.359984,29.994732],[-89.359959,29.994709],[-89.359959,29.994682],[-89.359984,29.994661],[-89.359997,29.994635],[-89.360014,29.994602],[-89.360036,29.994577],[-89.360059,29.994557],[-89.360093,29.994548],[-89.360128,29.994551],[-89.360163,29.994559],[-89.3602,29.994575],[-89.360233,29.994598],[-89.360259,29.994626],[-89.360278,29.994658],[-89.360288,29.99469],[-89.36029,29.994724],[-89.36028,29.994759],[-89.360265,29.994793],[-89.360243,29.994818],[-89.360215,29.994841],[-89.360185,29.994855],[-89.360153,29.994863],[-89.360123,29.994869],[-89.36009,29.994868],[-89.360056,29.994864],[-89.360026,29.994855],[-89.359986,29.994838],[-89.359959,29.994823],[-89.359934,29.994805],[-89.359908,29.994789],[-89.359882,29.99477],[-89.359854,29.994753],[-89.359826,29.994737],[-89.3598,29.994719],[-89.359774,29.994701],[-89.359752,29.994681],[-89.359729,29.994646],[-89.359724,29.994611],[-89.359735,29.994578],[-89.35975,29.994554],[-89.359774,29.994531],[-89.359802,29.994514],[-89.359835,29.994498],[-89.359874,29.994491],[-89.359917,29.99449],[-89.359961,29.994498],[-89.360009,29.994509],[-89.360056,29.994527],[-89.360095,29.994547],[-89.360127,29.994569],[-89.360149,29.994602],[-89.360159,29.994634],[-89.360162,29.994667],[-89.360162,29.9947],[-89.360149,29.994735],[-89.360129,29.994763],[-89.360099,29.994794],[-89.360071,29.994817],[-89.360039,29.994833],[-89.360008,29.994838],[-89.359977,29.994839],[-89.359946,29.994838],[-89.359902,29.994826],[-89.359864,29.994806],[-89.359838,29.994776],[-89.359822,29.99475],[-89.359808,29.994724],[-89.359795,29.994695],[-89.359783,29.994664],[-89.359774,29.994635],[-89.359771,29.994606],[-89.359771,29.994573],[-89.359774,29.994541],[-89.359777,29.994509],[-89.359789,29.99448],[-89.359803,29.994452],[-89.359826,29.994426],[-89.359853,29.99441],[-89.359887,29.994398],[-89.359927,29.994398],[-89.359969,29.994407],[-89.360014,29.994424],[-89.360059,29.994445],[-89.360099,29.99447],[-89.360135,29.994495],[-89.360164,29.994529],[-89.360183,29.994567],[-89.360193,29.994602],[-89.3602,29.994639],[-89.3602,29.994678],[-89.360188,29.994714],[-89.360172,29.994747],[-89.360147,29.994773],[-89.360115,29.9948],[-89.360082,29.99482],[-89.360048,29.994834],[-89.360014,29.994838],[-89.359973,29.994839],[-89.359929,29.994836],[-89.359899,29.994827],[-89.359862,29.994811],[-89.359838,29.99479],[-89.359822,29.994765],[-89.35981,29.99474],[-89.359843,29.994747],[-89.35988,29.994751],[-89.35992,29.994745],[-89.359955,29.994741],[-89.359992,29.994733],[-89.360021,29.994724],[-89.360051,29.99471],[-89.360076,29.994694],[-89.360056,29.994674],[-89.360025,29.994658],[-89.359993,29.994661],[-89.359974,29.994684],[-89.359964,29.99471],[-89.35996,29.99474],[-89.359932,29.994755],[-89.3599,29.994744],[-89.359878,29.994725],[-89.359856,29.994701],[-89.359844,29.994671],[-89.359836,29.994638],[-89.359829,29.994608],[-89.359826,29.994576],[-89.359831,29.994539],[-89.35984,29.994507],[-89.359863,29.99447],[-89.359887,29.994445],[-89.359922,29.994421],[-89.359961,29.994402],[-89.360008,29.994397],[-89.360057,29.994401],[-89.360109,29.994416],[-89.360156,29.994439],[-89.360192,29.994468],[-89.360216,29.994504],[-89.360237,29.994551],[-89.360239,29.994591],[-89.360234,29.994635],[-89.360215,29.994676],[-89.360184,29.994707],[-89.360143,29.994735],[-89.3601,29.994756],[-89.360056,29.994771],[-89.36001,29.994777],[-89.359965,29.994773],[-89.359923,29.99476],[-89.359885,29.994739],[-89.359858,29.994711],[-89.359837,29.994681],[-89.359826,29.994645],[-89.359824,29.994608],[-89.359831,29.994566],[-89.35984,29.994527],[-89.359856,29.994489],[-89.359879,29.994452],[-89.359909,29.994417],[-89.359946,29.994386],[-89.359986,29.994362],[-89.360032,29.994349],[-89.36008,29.994348],[-89.36013,29.99436],[-89.360173,29.99438],[-89.360209,29.994407],[-89.360232,29.994444],[-89.36024,29.994484],[-89.360238,29.994527],[-89.360232,29.994575],[-89.360215,29.994621],[-89.360186,29.994663],[-89.36015,29.994694],[-89.360003,29.994451],[-89.360037,29.994453],[-89.360073,29.994459],[-89.360107,29.99447],[-89.360149,29.994498],[-89.360185,29.994539],[-89.360205,29.994586],[-89.360211,29.99464],[-89.360198,29.994686],[-89.360171,29.994728],[-89.36013,29.99476],[-89.360076,29.994782],[-89.36002,29.994793],[-89.359968,29.994791],[-89.359913,29.994779],[-89.359867,29.994756],[-89.35983,29.994723],[-89.359808,29.994685],[-89.359793,29.994644],[-89.359799,29.9946],[-89.35982,29.994562],[-89.359853,29.994523],[-89.359901,29.994495],[-89.359954,29.994476],[-89.359985,29.994471],[-89.360016,29.994469],[-89.360077,29.994477],[-89.360106,29.994489],[-89.360133,29.994504],[-89.360158,29.994524],[-89.360194,29.994567],[-89.360209,29.994591],[-89.360215,29.994638],[-89.360201,29.994686],[-89.360174,29.994721],[-89.360133,29.994752],[-89.360085,29.994771],[-89.360035,29.994775],[-89.359988,29.994767],[-89.359946,29.994743],[-89.359909,29.994712],[-89.35988,29.994674],[-89.359863,29.994633],[-89.359853,29.994585],[-89.359853,29.994532],[-89.359868,29.994484],[-89.359884,29.994435],[-89.359887,29.994382],[-89.359874,29.994332],[-89.359851,29.994289],[-89.359815,29.99426],[-89.359779,29.994239],[-89.35974,29.994231],[-89.359705,29.99424],[-89.359673,29.994257],[-89.359645,29.994276],[-89.359623,29.994303],[-89.359608,29.994334],[-89.359601,29.994367],[-89.359603,29.994401],[-89.359613,29.994437],[-89.359634,29.994469],[-89.359659,29.994498],[-89.359691,29.994524],[-89.359723,29.994544],[-89.359756,29.994557],[-89.359788,29.994567],[-89.359823,29.994572],[-89.35986,29.994575],[-89.359894,29.994576],[-89.35994,29.994577],[-89.359974,29.994576],[-89.36001,29.994566],[-89.360038,29.994551],[-89.360048,29.994524],[-89.360029,29.994547],[-89.360014,29.994573],[-89.359991,29.994591],[-89.360004,29.994617],[-89.360026,29.99464],[-89.36003,29.994668],[-89.360014,29.994692],[-89.359988,29.994717],[-89.359952,29.994739],[-89.359915,29.994751],[-89.359876,29.994755],[-89.359839,29.994753],[-89.359804,29.994744],[-89.359775,29.994725],[-89.359751,29.994702],[-89.359734,29.994671],[-89.359726,29.994637],[-89.359721,29.994598],[-89.359714,29.994558],[-89.359707,29.994517],[-89.359695,29.994481],[-89.359679,29.994444],[-89.359663,29.994404],[-89.359645,29.994362],[-89.359631,29.994322],[-89.359617,29.994278],[-89.359609,29.994234],[-89.359603,29.994193],[-89.359604,29.994151],[-89.359618,29.994112],[-89.359645,29.994083],[-89.359679,29.994063],[-89.359721,29.994055],[-89.359763,29.994058],[-89.359803,29.994073],[-89.359843,29.994103],[-89.359871,29.994137],[-89.359888,29.994177],[-89.359892,29.994218],[-89.359889,29.994262],[-89.359871,29.994303],[-89.359843,29.994336],[-89.359808,29.994366],[-89.35977,29.994384],[-89.359731,29.994396],[-89.359696,29.994399],[-89.359659,29.994394],[-89.359627,29.99438],[-89.3596,29.99436],[-89.359579,29.994333],[-89.359567,29.994301],[-89.35956,29.994265],[-89.359558,29.994228],[-89.359562,29.994189],[-89.359571,29.99415],[-89.359588,29.994114],[-89.359609,29.994079],[-89.359638,29.994054],[-89.359679,29.994035],[-89.359728,29.99403],[-89.359774,29.994037],[-89.359811,29.994052],[-89.359839,29.99407],[-89.359862,29.994091],[-89.359882,29.994113],[-89.359899,29.994146],[-89.359914,29.994177],[-89.359924,29.994215],[-89.359928,29.994253],[-89.359932,29.994285],[-89.359932,29.994314],[-89.359925,29.994344],[-89.359913,29.994378],[-89.359896,29.994413],[-89.359868,29.994446],[-89.359839,29.99447],[-89.359803,29.994489],[-89.359761,29.994503],[-89.359725,29.994511],[-89.359683,29.994509],[-89.359643,29.994503],[-89.359609,29.994497],[-89.35957,29.994485],[-89.359535,29.994478],[-89.359497,29.994468],[-89.359473,29.994447],[-89.359455,29.994419],[-89.359441,29.994382],[-89.359433,29.994341],[-89.35943,29.994299],[-89.359433,29.994255],[-89.359439,29.994211],[-89.359453,29.994167],[-89.359473,29.994125],[-89.359501,29.994087],[-89.359538,29.994053],[-89.35958,29.994023],[-89.359629,29.993999],[-89.359689,29.993987],[-89.359745,29.993985],[-89.359801,29.993991],[-89.359853,29.99401],[-89.359906,29.99404],[-89.359947,29.994077],[-89.359978,29.994119],[-89.359995,29.994167],[-89.359996,29.994214],[-89.359992,29.994263],[-89.359974,29.994302],[-89.359941,29.994335],[-89.3599,29.99436],[-89.359856,29.994373],[-89.359815,29.994375],[-89.359771,29.994367],[-89.359729,29.99435],[-89.359693,29.994329],[-89.359665,29.994302],[-89.359643,29.994269],[-89.359631,29.99423],[-89.359626,29.99419],[-89.359629,29.994148],[-89.359642,29.994109],[-89.359661,29.994066],[-89.359695,29.994036],[-89.359736,29.994011],[-89.359787,29.993995],[-89.359841,29.993986],[-89.359899,29.993989],[-89.359957,29.993999],[-89.360011,29.994021],[-89.360037,29.994037],[-89.360078,29.99407],[-89.360099,29.99409],[-89.36012,29.994133],[-89.360131,29.994179],[-89.360127,29.994224],[-89.360108,29.994266],[-89.360081,29.9943],[-89.360044,29.994326],[-89.360003,29.994342],[-89.359954,29.994349],[-89.359909,29.994345],[-89.359862,29.994335],[-89.359815,29.994323],[-89.359773,29.994306],[-89.359736,29.994286],[-89.359704,29.994259],[-89.359676,29.994227],[-89.359654,29.994196],[-89.35964,29.994157],[-89.359637,29.994117],[-89.359644,29.994079],[-89.359661,29.994045],[-89.359687,29.994013],[-89.359726,29.993981],[-89.359768,29.993961],[-89.359814,29.993944],[-89.359869,29.993936],[-89.359924,29.993941],[-89.359977,29.993957],[-89.360024,29.993983],[-89.360064,29.994017],[-89.360094,29.99406],[-89.360111,29.994105],[-89.360113,29.994153],[-89.3601,29.994195],[-89.360073,29.994234],[-89.360037,29.994267],[-89.359993,29.994293],[-89.359946,29.994307],[-89.359898,29.994314],[-89.359848,29.994315],[-89.359797,29.994309],[-89.359749,29.994297],[-89.359706,29.994283],[-89.359669,29.994264],[-89.359636,29.994241],[-89.359611,29.994212],[-89.359595,29.994183],[-89.359585,29.99415],[-89.359586,29.994117],[-89.359596,29.994087],[-89.359623,29.994064],[-89.359656,29.994046],[-89.359701,29.994031],[-89.359755,29.994024],[-89.359816,29.994024],[-89.359875,29.99403],[-89.359931,29.994041],[-89.359991,29.994058],[-89.36002,29.99407],[-89.360065,29.994102],[-89.3601,29.99414],[-89.360116,29.994186],[-89.360121,29.994233],[-89.360114,29.994279],[-89.360091,29.99432],[-89.360059,29.994354],[-89.360017,29.994378],[-89.359971,29.994391],[-89.359924,29.994398],[-89.359875,29.994398],[-89.359826,29.994392],[-89.359781,29.994378],[-89.359737,29.994362],[-89.359696,29.994339],[-89.359659,29.99431],[-89.359625,29.994276],[-89.359601,29.994238],[-89.359581,29.994202],[-89.359566,29.994163],[-89.359562,29.994121],[-89.359568,29.99408],[-89.35958,29.994046],[-89.35961,29.994011],[-89.359647,29.993984],[-89.359691,29.993965],[-89.359743,29.993957],[-89.359803,29.993954],[-89.359852,29.993954],[-89.359908,29.993967],[-89.359959,29.993991],[-89.360004,29.994028],[-89.36004,29.994067],[-89.360057,29.994115],[-89.360058,29.994162],[-89.360047,29.994207],[-89.360023,29.994245],[-89.359989,29.994278],[-89.359942,29.994304],[-89.359898,29.994318],[-89.35985,29.994323],[-89.359803,29.994319],[-89.359758,29.994306],[-89.359715,29.994285],[-89.35968,29.994259],[-89.359648,29.994233],[-89.359625,29.994202],[-89.35961,29.994168],[-89.359604,29.994131],[-89.359609,29.994095],[-89.359623,29.99406],[-89.359649,29.994027],[-89.35968,29.993996],[-89.35972,29.99397],[-89.359764,29.993951],[-89.359818,29.993934],[-89.35987,29.993933],[-89.359924,29.993943],[-89.359972,29.993962],[-89.360012,29.993994],[-89.360041,29.994037],[-89.360055,29.994087],[-89.360057,29.994136],[-89.360045,29.994186],[-89.360022,29.994233],[-89.359989,29.994277],[-89.359954,29.994312],[-89.359914,29.99434],[-89.359867,29.994361],[-89.359815,29.994373],[-89.359762,29.994372],[-89.359731,29.994363],[-89.3597,29.994348],[-89.359675,29.994329],[-89.359658,29.994305],[-89.359644,29.994277],[-89.35964,29.994248],[-89.359644,29.99422],[-89.359657,29.994192],[-89.359678,29.994166],[-89.359703,29.994146],[-89.359738,29.994131],[-89.359774,29.994125],[-89.359812,29.994125],[-89.359849,29.994133],[-89.359889,29.994149],[-89.359927,29.99417],[-89.359963,29.994197],[-89.359999,29.994225],[-89.360027,29.99425],[-89.360053,29.994275],[-89.360074,29.994299],[-89.360091,29.994323],[-89.360108,29.994346],[-89.360123,29.994371],[-89.360139,29.994398],[-89.360154,29.994424],[-89.360168,29.994453],[-89.360178,29.994481],[-89.360189,29.994509],[-89.360194,29.994538],[-89.360193,29.994567],[-89.360178,29.994616],[-89.360152,29.994659],[-89.360111,29.994694],[-89.360062,29.994719],[-89.360016,29.994726],[-89.359969,29.994721],[-89.359926,29.994707],[-89.359887,29.994682],[-89.359852,29.994651],[-89.359821,29.994617],[-89.359801,29.994578],[-89.359788,29.994534],[-89.359792,29.994492],[-89.359812,29.994458],[-89.359845,29.994432],[-89.359891,29.994415],[-89.359942,29.994412],[-89.359995,29.994419],[-89.360025,29.994429],[-89.360077,29.994457],[-89.360115,29.994491],[-89.360141,29.994535],[-89.36015,29.994582],[-89.360143,29.99463],[-89.360123,29.994675],[-89.360092,29.994711],[-89.360048,29.994742],[-89.360004,29.994757],[-89.359955,29.994766],[-89.359905,29.994762],[-89.359858,29.994746],[-89.35982,29.994726],[-89.359788,29.994699],[-89.359759,29.994676],[-89.359736,29.994655],[-89.359712,29.994625],[-89.3597,29.994592],[-89.3597,29.994558],[-89.359703,29.99453],[-89.359714,29.994501],[-89.359732,29.994473],[-89.359751,29.99445],[-89.359784,29.994451],[-89.359786,29.99442],[-89.359776,29.994393],[-89.359767,29.994367],[-89.359756,29.994339],[-89.35975,29.99431],[-89.359763,29.994284],[-89.359797,29.994271],[-89.35983,29.994264],[-89.359868,29.994258],[-89.359902,29.994263],[-89.359938,29.994268],[-89.359972,29.994273],[-89.360005,29.994278],[-89.360042,29.994288],[-89.360073,29.994299],[-89.360107,29.994308],[-89.360146,29.994316],[-89.360185,29.994315],[-89.360229,29.994311],[-89.360272,29.99431],[-89.36031,29.994313],[-89.36034,29.994322],[-89.360386,29.994342],[-89.360414,29.994363],[-89.360442,29.994384],[-89.360463,29.994407],[-89.360482,29.994432],[-89.360498,29.994457],[-89.360513,29.994483],[-89.360524,29.994511],[-89.360537,29.994537],[-89.360547,29.994563],[-89.360559,29.994593],[-89.360565,29.994622],[-89.360571,29.994655],[-89.360575,29.994683],[-89.360573,29.994714],[-89.360567,29.994742],[-89.360558,29.994769],[-89.360542,29.994805],[-89.360518,29.994839],[-89.360492,29.994871],[-89.360463,29.9949],[-89.360433,29.994927],[-89.360409,29.994945],[-89.360376,29.994971],[-89.360342,29.994996],[-89.360306,29.995021],[-89.36028,29.995036],[-89.360248,29.995056],[-89.360215,29.99507],[-89.36018,29.995081],[-89.360142,29.995097],[-89.360115,29.995111],[-89.360081,29.995131],[-89.360052,29.995149],[-89.360015,29.995165],[-89.359986,29.995183],[-89.359948,29.995195],[-89.359915,29.995199],[-89.359876,29.995197],[-89.359838,29.995192],[-89.359799,29.995183],[-89.359765,29.995176],[-89.359737,29.995159],[-89.359712,29.995133],[-89.35969,29.995102],[-89.359674,29.995077],[-89.359656,29.995049],[-89.35964,29.99502],[-89.359625,29.994993],[-89.359612,29.994968],[-89.359601,29.99494],[-89.359591,29.994913],[-89.359582,29.994885],[-89.359572,29.994859],[-89.359565,29.994829],[-89.359561,29.994789],[-89.35956,29.99475],[-89.359558,29.994722],[-89.359558,29.994693],[-89.359565,29.994665],[-89.359573,29.994624],[-89.359577,29.994596],[-89.359583,29.994568],[-89.359589,29.99454],[-89.359595,29.994511],[-89.359606,29.994486],[-89.35962,29.994461],[-89.359646,29.994429],[-89.359668,29.994408],[-89.359691,29.994388],[-89.359718,29.994374],[-89.359747,29.99436],[-89.359778,29.994348],[-89.359807,29.994338],[-89.35984,29.99433],[-89.359872,29.994322],[-89.359907,29.994321],[-89.359943,29.994322],[-89.359982,29.994321],[-89.360017,29.994324],[-89.360051,29.994326],[-89.360082,29.994329],[-89.360118,29.994334],[-89.360154,29.994341],[-89.360189,29.99435],[-89.360229,29.994363],[-89.360265,29.994377],[-89.360299,29.994393],[-89.360336,29.994412],[-89.360373,29.994435],[-89.360408,29.994457],[-89.360442,29.994486],[-89.36047,29.994512],[-89.360497,29.994542],[-89.360519,29.994571],[-89.360533,29.994598],[-89.360544,29.994627],[-89.360554,29.994656],[-89.360561,29.994686],[-89.360567,29.994719],[-89.36057,29.99475],[-89.360575,29.994784],[-89.360572,29.994817],[-89.360572,29.994849],[-89.360566,29.994881],[-89.360561,29.994909],[-89.360553,29.994937],[-89.360544,29.994963],[-89.360529,29.995],[-89.36052,29.995027],[-89.360503,29.995054],[-89.360484,29.995078],[-89.360464,29.995106],[-89.360443,29.995133],[-89.360424,29.995159],[-89.360401,29.995181],[-89.360377,29.995205],[-89.360353,29.995226],[-89.360325,29.99525],[-89.360295,29.995271],[-89.360261,29.995293],[-89.360229,29.995305],[-89.3602,29.995315],[-89.360155,29.99532],[-89.360111,29.995318],[-89.360069,29.99531],[-89.360027,29.995301],[-89.359988,29.995287]]]}},{"type":"Feature","properties":{"d":"2025-05-20","material":"Limestone"},"geometry":{"type":"MultiLineString","coordinates":[[[-89.360756,29.995192],[-89.360288,29.995233],[-89.360246,29.995228],[-89.360205,29.995223],[-89.360167,29.995218],[-89.360131,29.995209],[-89.360098,29.995201],[-89.360059,29.995178],[-89.360034,29.995158],[-89.360016,29.995129],[-89.360009,29.995099],[-89.360009,29.995067],[-89.360021,29.995038],[-89.360044,29.995015],[-89.360075,29.995001],[-89.360112,29.994994],[-89.360158,29.994991],[-89.360205,29.994991],[-89.360251,29.995002],[-89.360295,29.995024],[-89.360337,29.995054],[-89.360371,29.995092],[-89.360395,29.995132],[-89.360409,29.995174],[-89.360407,29.995213],[-89.360396,29.995251],[-89.360371,29.995289],[-89.360342,29.995319],[-89.360303,29.995343],[-89.360262,29.995361],[-89.36022,29.99537],[-89.360174,29.995371],[-89.36013,29.995363],[-89.360094,29.995349],[-89.360061,29.995332],[-89.360034,29.99531],[-89.360011,29.995282],[-89.359996,29.995255],[-89.359989,29.995226],[-89.359994,29.995191],[-89.360004,29.995154],[-89.360017,29.995116],[-89.360025,29.995078],[-89.360037,29.995042],[-89.360053,29.995006],[-89.360077,29.994975],[-89.36011,29.994953],[-89.360152,29.994939],[-89.360197,29.994931],[-89.360246,29.99493],[-89.360295,29.994942],[-89.36034,29.994965],[-89.360381,29.994995],[-89.360416,29.995034],[-89.360438,29.995078],[-89.360448,29.99512],[-89.360447,29.995163],[-89.360431,29.995206],[-89.360408,29.995244],[-89.360377,29.995276],[-89.360338,29.995303],[-89.360292,29.995323],[-89.360247,29.995335],[-89.360198,29.995341],[-89.36015,29.99534],[-89.360105,29.99533],[-89.360066,29.995314],[-89.360029,29.99529],[-89.359997,29.995262],[-89.35997,29.99523],[-89.359949,29.995196],[-89.359938,29.995161],[-89.359932,29.995125],[-89.359935,29.995087],[-89.359943,29.995048],[-89.359958,29.99501],[-89.359978,29.99497],[-89.360007,29.99494],[-89.360045,29.994914],[-89.360088,29.994901],[-89.360134,29.994888],[-89.360183,29.994885],[-89.360233,29.994892],[-89.360282,29.994909],[-89.36033,29.994935],[-89.360376,29.994966],[-89.360412,29.995005],[-89.360439,29.995048],[-89.360456,29.995096],[-89.360462,29.995142],[-89.360453,29.995183],[-89.360435,29.995223],[-89.360408,29.995254],[-89.360369,29.99528],[-89.360325,29.995297],[-89.36028,29.995309],[-89.360237,29.995315],[-89.360193,29.995315],[-89.36015,29.995307],[-89.360108,29.995293],[-89.360072,29.995275],[-89.36004,29.995251],[-89.360015,29.995224],[-89.359998,29.995197],[-89.359981,29.995166],[-89.359964,29.995132],[-89.359952,29.995099],[-89.359946,29.995065],[-89.359949,29.995031],[-89.359962,29.994995],[-89.359981,29.99496],[-89.36001,29.994929],[-89.360046,29.994902],[-89.360092,29.994882],[-89.360139,29.994872],[-89.360185,29.994863],[-89.360236,29.994859],[-89.360288,29.994867],[-89.36034,29.994884],[-89.360387,29.99491],[-89.360431,29.994941],[-89.360467,29.994981],[-89.360501,29.995023],[-89.360527,29.995068],[-89.360541,29.995116],[-89.36054,29.99516],[-89.360527,29.995201],[-89.360505,29.995242],[-89.360473,29.995278],[-89.360434,29.995306],[-89.360388,29.995325],[-89.360339,29.995338],[-89.360292,29.995344],[-89.360241,29.995348],[-89.360195,29.995344],[-89.36015,29.995334],[-89.360111,29.995325],[-89.360072,29.995305],[-89.36004,29.995281],[-89.360015,29.995255],[-89.359995,29.995225],[-89.359979,29.995192],[-89.359963,29.995159],[-89.359953,29.995127],[-89.359949,29.995093],[-89.359948,29.995053],[-89.359955,29.995015],[-89.359967,29.994976],[-89.359985,29.99494],[-89.360011,29.994908],[-89.360043,29.994879],[-89.360084,29.994861],[-89.360127,29.994849],[-89.360174,29.994844],[-89.360226,29.994847],[-89.360274,29.99486],[-89.360323,29.994883],[-89.360368,29.994915],[-89.360409,29.994949],[-89.360443,29.994985],[-89.360469,29.995028],[-89.360485,29.995076],[-89.360493,29.995122],[-89.360491,29.995171],[-89.360474,29.995219],[-89.360449,29.995259],[-89.360417,29.99529],[-89.360374,29.995317],[-89.360326,29.995342],[-89.36028,29.995359],[-89.360232,29.995371],[-89.360181,29.995375],[-89.360135,29.995374],[-89.360092,29.995366],[-89.360051,29.995354],[-89.360015,29.995335],[-89.359984,29.99531],[-89.359958,29.995282],[-89.359936,29.99525],[-89.359916,29.995217],[-89.359899,29.995185],[-89.359888,29.995149],[-89.359888,29.995116],[-89.359903,29.995088],[-89.35993,29.995066],[-89.359965,29.99505],[-89.360005,29.995037],[-89.360048,29.995031],[-89.360102,29.995028],[-89.360135,29.99503],[-89.360168,29.995038],[-89.360202,29.995051],[-89.360237,29.995068],[-89.360265,29.995093],[-89.360286,29.995125],[-89.360297,29.995162],[-89.360293,29.995202],[-89.360277,29.995239],[-89.360254,29.995271],[-89.360231,29.995293],[-89.360191,29.995321],[-89.360151,29.995341],[-89.360113,29.995358],[-89.360077,29.995369],[-89.360042,29.995376],[-89.360001,29.995376],[-89.359962,29.995371],[-89.359927,29.995363],[-89.359893,29.995349],[-89.359861,29.995343],[-89.359831,29.995351],[-89.359807,29.995368],[-89.359787,29.99539],[-89.359755,29.995406],[-89.359732,29.995427],[-89.359721,29.995456],[-89.359749,29.995485],[-89.359775,29.9955],[-89.359816,29.995518],[-89.359848,29.995537],[-89.359893,29.995557]]]}},{"type":"Feature","properties":{"d":"2025-05-21","material":"Limestone"},"geometry":{"type":"MultiLineString","coordinates":[[[-89.361082,29.995181],[-89.36081,29.995066],[-89.360795,29.995025],[-89.360794,29.994983],[-89.360805,29.994943],[-89.36082,29.994905],[-89.360848,29.994869],[-89.360885,29.994846],[-89.360927,29.994828],[-89.360968,29.994819],[-89.361013,29.994814],[-89.361057,29.99482],[-89.3611,29.994834],[-89.361127,29.994858],[-89.361148,29.994886],[-89.361163,29.99492],[-89.36117,29.994954],[-89.361167,29.99499],[-89.361155,29.99502],[-89.36113,29.995051],[-89.361101,29.995075],[-89.361063,29.995095],[-89.361022,29.99511],[-89.360978,29.995117],[-89.360932,29.995115],[-89.360888,29.995104],[-89.36085,29.995084],[-89.360809,29.99506],[-89.360779,29.995026],[-89.360757,29.994987],[-89.360745,29.994949],[-89.360746,29.994909],[-89.360758,29.99487],[-89.360777,29.99483],[-89.36081,29.9948],[-89.360849,29.994779],[-89.360896,29.994765],[-89.36094,29.994763],[-89.360983,29.994767],[-89.361023,29.994781],[-89.361058,29.994801],[-89.361084,29.994828],[-89.361097,29.994859],[-89.361103,29.994894],[-89.3611,29.994932],[-89.361087,29.994967],[-89.361068,29.995003],[-89.361046,29.99504],[-89.361016,29.995071],[-89.360979,29.995094],[-89.360935,29.995109],[-89.36089,29.99512],[-89.360843,29.995127],[-89.360798,29.995128],[-89.360754,29.995117],[-89.360717,29.995098],[-89.360689,29.995067],[-89.360669,29.995031],[-89.360659,29.994994],[-89.36066,29.994951],[-89.360672,29.994913],[-89.360695,29.994878],[-89.360727,29.994852],[-89.360767,29.994832],[-89.360811,29.994821],[-89.360854,29.99482],[-89.3609,29.994828],[-89.36094,29.994842],[-89.360971,29.994865],[-89.360996,29.994894],[-89.36101,29.994927],[-89.361016,29.994964],[-89.36101,29.995001],[-89.360998,29.995036],[-89.360979,29.995074],[-89.36095,29.995105],[-89.360916,29.995131],[-89.360878,29.995148],[-89.360835,29.995157],[-89.360791,29.995155],[-89.36075,29.995143],[-89.360711,29.995122],[-89.360683,29.995095],[-89.360662,29.995059],[-89.360646,29.995019],[-89.360645,29.994976],[-89.360653,29.994933],[-89.360666,29.994898],[-89.360682,29.994863],[-89.360702,29.994832],[-89.360727,29.994807],[-89.360752,29.994786],[-89.360786,29.99476],[-89.360818,29.994736],[-89.360846,29.994714],[-89.360873,29.994688],[-89.360893,29.994662],[-89.360901,29.994633],[-89.360907,29.994604],[-89.36091,29.994571],[-89.360914,29.994539],[-89.360923,29.994505],[-89.360936,29.994469],[-89.36096,29.994438],[-89.360988,29.994416],[-89.361021,29.994393],[-89.361056,29.994374],[-89.361087,29.994358],[-89.361122,29.994344],[-89.361162,29.994337],[-89.3612,29.994334],[-89.361236,29.994336],[-89.36127,29.994339],[-89.361312,29.994343],[-89.361343,29.994349],[-89.361375,29.994362],[-89.361404,29.99438],[-89.361426,29.994411],[-89.361443,29.994434],[-89.361458,29.994463],[-89.361467,29.99449],[-89.361483,29.99452],[-89.361492,29.99455],[-89.361505,29.994576],[-89.361519,29.994605],[-89.36153,29.994641],[-89.361536,29.994674],[-89.361543,29.994709],[-89.361537,29.99474],[-89.361532,29.994772],[-89.361522,29.994798],[-89.361512,29.99483],[-89.361502,29.99486],[-89.361488,29.994887],[-89.361467,29.994914],[-89.361445,29.994943],[-89.361426,29.994974],[-89.361413,29.994999],[-89.361398,29.995024],[-89.361385,29.995055],[-89.361379,29.995085],[-89.361372,29.995115],[-89.36136,29.995147],[-89.361344,29.995175],[-89.361322,29.995207],[-89.361296,29.995233],[-89.36127,29.995263],[-89.361244,29.995283],[-89.361215,29.995295],[-89.361182,29.995302],[-89.361147,29.995304],[-89.361105,29.995305],[-89.361071,29.995299],[-89.361038,29.995291],[-89.361002,29.995283],[-89.360961,29.99527],[-89.360921,29.995255],[-89.360883,29.995239],[-89.360856,29.995226],[-89.360819,29.995203],[-89.360786,29.995179],[-89.360763,29.995144],[-89.360743,29.995114],[-89.360728,29.995081],[-89.360719,29.995051],[-89.360711,29.99502],[-89.360689,29.994988],[-89.360672,29.994965],[-89.360647,29.994931],[-89.360636,29.994899],[-89.360639,29.994869],[-89.360659,29.994837],[-89.360684,29.994809],[-89.360708,29.994778],[-89.360729,29.994751],[-89.360752,29.994728],[-89.360766,29.994701],[-89.36079,29.994682],[-89.360815,29.994661],[-89.360837,29.994637],[-89.360852,29.994611],[-89.360879,29.994594],[-89.360901,29.994574],[-89.360925,29.994545],[-89.360943,29.99452],[-89.360968,29.994493],[-89.360994,29.994467],[-89.361025,29.994451],[-89.361058,29.994429],[-89.361093,29.994411],[-89.361132,29.994396],[-89.361168,29.994381],[-89.361197,29.994369],[-89.361221,29.994351],[-89.361248,29.994337],[-89.361247,29.994307],[-89.361215,29.994296],[-89.361173,29.994308],[-89.361147,29.994327],[-89.361122,29.994344],[-89.361097,29.994362],[-89.36107,29.994382],[-89.361042,29.994403],[-89.361014,29.994426],[-89.360985,29.994455],[-89.360956,29.994486],[-89.360931,29.994516],[-89.360907,29.994545],[-89.360889,29.994574],[-89.36087,29.994597],[-89.36085,29.994622],[-89.360828,29.994642],[-89.360855,29.994627],[-89.360891,29.99464],[-89.360925,29.994654],[-89.36096,29.994665],[-89.361001,29.994674],[-89.361036,29.994682],[-89.36107,29.994687],[-89.361115,29.994695],[-89.361153,29.994703],[-89.361188,29.994708],[-89.361222,29.994709],[-89.361256,29.994713],[-89.361283,29.9947],[-89.361308,29.994682],[-89.361332,29.994662],[-89.361357,29.994634],[-89.361378,29.994607],[-89.361397,29.994584],[-89.361416,29.994561],[-89.361434,29.994531],[-89.361444,29.994502],[-89.36145,29.994475],[-89.361449,29.994447],[-89.361421,29.994429],[-89.361389,29.994419],[-89.361353,29.994426],[-89.361323,29.994442],[-89.361327,29.994472],[-89.36135,29.994502],[-89.361375,29.994527],[-89.361401,29.994555],[-89.361423,29.994577],[-89.361448,29.994603],[-89.361475,29.994628],[-89.361488,29.994653],[-89.361509,29.994684],[-89.361526,29.99471],[-89.361533,29.994738],[-89.361536,29.994766],[-89.361536,29.994796],[-89.361533,29.994831],[-89.361528,29.994865],[-89.361522,29.994896],[-89.361511,29.994926],[-89.361501,29.994954],[-89.361492,29.994982],[-89.361484,29.995013],[-89.361475,29.995043],[-89.361464,29.995075],[-89.361442,29.995108],[-89.361421,29.995138],[-89.3614,29.995161],[-89.36137,29.99519],[-89.361347,29.995212],[-89.36132,29.995236],[-89.361289,29.995252],[-89.361256,29.99527],[-89.36122,29.995283],[-89.361184,29.995295],[-89.361149,29.995299],[-89.361113,29.995295],[-89.36107,29.995285],[-89.361027,29.99527],[-89.360999,29.995258],[-89.360964,29.995244],[-89.36093,29.995221],[-89.360897,29.995199],[-89.360869,29.995176],[-89.360843,29.995159],[-89.360815,29.995143],[-89.360783,29.995121],[-89.360758,29.995095],[-89.360726,29.995065],[-89.3607,29.995043],[-89.360676,29.995017],[-89.360654,29.994991],[-89.360624,29.994963],[-89.360602,29.99494],[-89.36058,29.994918],[-89.360568,29.99489],[-89.360558,29.994858],[-89.36056,29.994828],[-89.360565,29.994797],[-89.360574,29.994769],[-89.360583,29.994742],[-89.360591,29.994769],[-89.360603,29.994796],[-89.360627,29.994775],[-89.360638,29.994745],[-89.360645,29.994717],[-89.360637,29.99469],[-89.360612,29.994708],[-89.360594,29.994734],[-89.360582,29.994762],[-89.360561,29.994788],[-89.360541,29.99481],[-89.360522,29.994835],[-89.360497,29.994861],[-89.360469,29.994889],[-89.360441,29.994907],[-89.360415,29.994926],[-89.360393,29.994951],[-89.360369,29.994973],[-89.360354,29.995],[-89.360348,29.995027],[-89.360344,29.995055],[-89.360346,29.995083],[-89.360353,29.99511],[-89.360363,29.995082],[-89.360383,29.99506],[-89.360408,29.995042],[-89.360445,29.995045],[-89.360473,29.99506],[-89.360493,29.995081],[-89.360516,29.995101],[-89.360542,29.995125],[-89.360573,29.995145],[-89.3606,29.995158],[-89.360633,29.995152],[-89.360654,29.995129],[-89.360666,29.995095],[-89.360673,29.995064],[-89.360681,29.995028],[-89.360683,29.994991],[-89.360685,29.994959],[-89.360688,29.994929],[-89.36069,29.994895],[-89.360693,29.994864],[-89.360694,29.994834],[-89.360696,29.994803],[-89.360699,29.994763],[-89.360706,29.994735],[-89.360712,29.994706],[-89.360731,29.99467],[-89.36074,29.994643],[-89.360758,29.994612],[-89.36077,29.994584],[-89.360782,29.994554],[-89.360799,29.99453],[-89.360809,29.994501],[-89.360814,29.994473],[-89.36082,29.994442],[-89.360829,29.99441],[-89.360822,29.994383],[-89.360808,29.994357],[-89.360839,29.994349],[-89.36087,29.994365],[-89.360903,29.994384],[-89.360939,29.994401],[-89.360974,29.994409],[-89.361004,29.994425],[-89.361033,29.994438],[-89.36106,29.994455],[-89.361086,29.994474],[-89.361104,29.994498],[-89.361139,29.9945],[-89.361168,29.994478],[-89.361202,29.994457],[-89.361232,29.994436],[-89.361261,29.994415],[-89.361299,29.994394],[-89.361332,29.994381],[-89.361372,29.994374],[-89.361417,29.994372],[-89.361459,29.994378],[-89.361498,29.994393],[-89.361526,29.994416],[-89.361551,29.994443],[-89.361574,29.994468],[-89.361597,29.994497],[-89.361614,29.994522],[-89.36163,29.994559],[-89.361637,29.994597],[-89.361648,29.994626],[-89.361658,29.994652],[-89.361666,29.994688],[-89.361671,29.994721],[-89.36167,29.994754],[-89.361669,29.994795],[-89.36166,29.994836],[-89.361653,29.994872],[-89.36165,29.9949],[-89.361645,29.994929],[-89.361632,29.994955],[-89.361617,29.994983],[-89.361601,29.995018],[-89.361579,29.995047],[-89.361554,29.995076],[-89.361538,29.995102],[-89.361516,29.99513],[-89.361494,29.995151],[-89.361462,29.995175],[-89.361428,29.995191],[-89.361395,29.995197],[-89.361383,29.995168],[-89.361382,29.995138],[-89.361379,29.995107],[-89.36137,29.995075],[-89.361362,29.995046],[-89.361368,29.995017],[-89.361381,29.994992],[-89.361411,29.995007],[-89.36141,29.995038],[-89.361405,29.995066],[-89.361396,29.995098],[-89.361376,29.995126],[-89.361351,29.995151],[-89.361326,29.995177],[-89.3613,29.995201],[-89.361269,29.995222],[-89.361237,29.995236],[-89.361202,29.995247],[-89.361163,29.995257],[-89.361123,29.99527],[-89.361084,29.995282],[-89.361051,29.995294],[-89.361018,29.995298],[-89.360978,29.995299],[-89.360935,29.995294],[-89.360898,29.995288],[-89.360858,29.995273],[-89.360831,29.995259],[-89.360799,29.995239],[-89.36077,29.995215],[-89.360748,29.995189],[-89.360736,29.995163],[-89.360717,29.995141],[-89.360704,29.995115],[-89.360693,29.995089],[-89.360695,29.995061],[-89.360708,29.995034],[-89.360721,29.995001],[-89.360727,29.994973],[-89.360738,29.994944],[-89.360756,29.994917],[-89.36077,29.994888],[-89.360776,29.994855],[-89.360775,29.994819],[-89.360779,29.994792],[-89.360785,29.994763],[-89.360793,29.994733],[-89.360805,29.994707],[-89.360818,29.994672],[-89.36083,29.994639],[-89.360843,29.994604],[-89.360853,29.994578],[-89.360868,29.994554],[-89.360839,29.994574],[-89.360825,29.994598],[-89.36081,29.994627],[-89.360797,29.994652],[-89.360782,29.994679],[-89.36077,29.994705],[-89.360752,29.994682],[-89.360758,29.994655],[-89.360757,29.994628],[-89.360766,29.994598],[-89.36077,29.99457],[-89.360778,29.994542],[-89.360792,29.994514],[-89.360809,29.994484],[-89.360828,29.994457],[-89.360842,29.994429],[-89.360857,29.9944],[-89.360875,29.994373],[-89.360905,29.994344],[-89.360941,29.994319],[-89.360979,29.994308],[-89.361024,29.994307],[-89.361068,29.994318],[-89.361112,29.994334],[-89.361153,29.994361],[-89.361188,29.994394],[-89.361221,29.994429],[-89.361247,29.994463],[-89.36127,29.994498],[-89.361291,29.994537],[-89.361314,29.994578],[-89.361329,29.994614],[-89.36134,29.994647],[-89.361356,29.994675],[-89.361371,29.994702],[-89.361385,29.994728],[-89.3614,29.994763],[-89.361414,29.994791],[-89.361415,29.994829],[-89.361412,29.994865],[-89.361403,29.994898],[-89.361397,29.994927],[-89.361381,29.994956],[-89.361367,29.99499],[-89.361345,29.995019],[-89.361322,29.995044],[-89.361302,29.995065],[-89.361273,29.995087],[-89.361232,29.995102],[-89.361199,29.995113],[-89.361161,29.99512],[-89.361122,29.995126],[-89.361082,29.995125],[-89.361046,29.99512],[-89.361015,29.995108],[-89.360981,29.995096],[-89.360948,29.995077],[-89.360923,29.995048],[-89.360902,29.995013],[-89.360894,29.994972]]]}},{"type":"Feature","properties":{"d":"2025-05-21","material":"Limestone"},"geometry":{"type":"MultiLineString","coordinates":[[[-89.360683,29.99433],[-89.360718,29.99431],[-89.360755,29.994293],[-89.360797,29.994279],[-89.360836,29.994274],[-89.360882,29.994279],[-89.360919,29.994288],[-89.360957,29.994304],[-89.360989,29.994321],[-89.361017,29.994339],[-89.361031,29.994373],[-89.361043,29.994425],[-89.36105,29.994458],[-89.361051,29.994495],[-89.361055,29.994532],[-89.361055,29.994568],[-89.361057,29.994605],[-89.361059,29.994639],[-89.361063,29.994675],[-89.361068,29.994702],[-89.361077,29.994745],[-89.361087,29.994784],[-89.361097,29.994831],[-89.361106,29.99488],[-89.36112,29.994926],[-89.361133,29.994967],[-89.361144,29.995006],[-89.361146,29.995046],[-89.361155,29.995085],[-89.361161,29.995123],[-89.361162,29.995157],[-89.361155,29.995188],[-89.361142,29.995218],[-89.361125,29.995243],[-89.361098,29.995268],[-89.361071,29.995288],[-89.361039,29.995308],[-89.361001,29.995325],[-89.360964,29.995336],[-89.360926,29.995342],[-89.360884,29.99534],[-89.360844,29.995339],[-89.360803,29.995334],[-89.360758,29.995332],[-89.360716,29.995331],[-89.360674,29.995333],[-89.360639,29.995331],[-89.360601,29.995325],[-89.36056,29.995317],[-89.360518,29.995312],[-89.360473,29.995309],[-89.360435,29.995303],[-89.360391,29.99529],[-89.360347,29.995272],[-89.360305,29.995254],[-89.360269,29.995231],[-89.360238,29.995207],[-89.360208,29.995183],[-89.360186,29.995152],[-89.360164,29.995118],[-89.360152,29.99508],[-89.360144,29.99504],[-89.360144,29.995],[-89.360149,29.994963],[-89.360163,29.994928],[-89.360181,29.994894],[-89.360206,29.994861],[-89.360234,29.994834],[-89.360268,29.994809],[-89.360304,29.994787],[-89.36034,29.994769],[-89.360379,29.994755],[-89.360424,29.994744],[-89.360468,29.99474],[-89.360518,29.994737],[-89.360566,29.994736],[-89.360612,29.994741],[-89.360659,29.994746],[-89.360707,29.994756],[-89.360753,29.994766],[-89.360794,29.994783],[-89.360836,29.994797],[-89.360876,29.994816],[-89.360916,29.994833],[-89.360961,29.994853],[-89.360999,29.994875],[-89.361033,29.994902],[-89.361058,29.994928],[-89.361081,29.994954],[-89.361094,29.994982],[-89.361102,29.99501],[-89.361108,29.995039],[-89.361102,29.995081],[-89.361077,29.995116],[-89.361057,29.995138],[-89.361029,29.995162],[-89.361001,29.995183],[-89.360964,29.995199],[-89.360928,29.995213],[-89.360893,29.995227],[-89.360856,29.99524],[-89.360819,29.995252],[-89.360789,29.995264],[-89.360761,29.995278],[-89.360714,29.995292],[-89.36068,29.995304],[-89.360648,29.995312],[-89.360615,29.995317],[-89.360582,29.995322],[-89.36055,29.995321],[-89.36051,29.99532],[-89.360474,29.995324],[-89.360432,29.995325],[-89.360387,29.99532],[-89.360354,29.995317],[-89.360314,29.995312],[-89.36027,29.995312],[-89.360229,29.995315],[-89.360195,29.995333],[-89.36017,29.995351],[-89.360146,29.995378],[-89.360129,29.995408],[-89.360122,29.995436],[-89.360125,29.995471],[-89.360134,29.995501],[-89.360153,29.99553],[-89.360162,29.995557],[-89.360179,29.995581],[-89.360194,29.995612],[-89.360221,29.99564],[-89.360253,29.995643],[-89.360262,29.995603],[-89.36026,29.995564],[-89.360269,29.995529],[-89.360274,29.995497],[-89.360288,29.995459],[-89.360281,29.995432],[-89.360258,29.99541],[-89.360221,29.995404],[-89.360187,29.9954],[-89.360154,29.995394],[-89.360116,29.995385],[-89.360082,29.995378],[-89.360036,29.99537],[-89.359996,29.995358],[-89.359958,29.99534],[-89.359925,29.995322],[-89.359889,29.995311],[-89.359848,29.995305],[-89.359804,29.995304],[-89.359761,29.995308],[-89.359722,29.995314],[-89.359685,29.995329],[-89.359652,29.995345],[-89.359619,29.995367],[-89.359592,29.995393],[-89.359569,29.995421],[-89.359552,29.99545],[-89.359526,29.995476],[-89.359491,29.995502],[-89.359452,29.995523],[-89.359417,29.995543],[-89.359378,29.995564],[-89.359343,29.995577],[-89.359303,29.995588],[-89.359265,29.995593],[-89.359227,29.995596],[-89.359193,29.995596],[-89.359161,29.995593],[-89.35913,29.995585],[-89.359098,29.995572],[-89.359068,29.995557],[-89.35903,29.995543],[-89.358991,29.995529],[-89.358948,29.995516],[-89.358909,29.995511],[-89.358867,29.995509],[-89.358826,29.99551],[-89.358782,29.995517],[-89.358743,29.995523],[-89.358703,29.995532],[-89.358662,29.995546],[-89.358622,29.995561],[-89.358583,29.995579],[-89.358547,29.995594],[-89.358513,29.995605],[-89.358478,29.995618],[-89.358428,29.995618],[-89.358379,29.995597],[-89.358339,29.99556],[-89.358323,29.995533],[-89.358317,29.995495],[-89.358317,29.995451],[-89.358323,29.995405],[-89.358339,29.995358],[-89.358365,29.995314],[-89.358398,29.99527],[-89.358439,29.995231],[-89.358491,29.995197],[-89.358548,29.995165],[-89.35861,29.995135],[-89.358676,29.995108],[-89.358746,29.995084],[-89.358821,29.995063],[-89.358893,29.995047],[-89.35896,29.995038],[-89.359026,29.995028],[-89.359089,29.995018],[-89.359152,29.995011],[-89.359212,29.995006],[-89.35927,29.994999],[-89.359332,29.994989],[-89.359392,29.994978],[-89.359451,29.994966],[-89.359512,29.994955],[-89.359569,29.994949],[-89.359625,29.994941],[-89.359677,29.994935],[-89.359728,29.994925],[-89.359781,29.994916],[-89.359832,29.994906],[-89.359882,29.994897],[-89.359934,29.99489],[-89.359986,29.994881],[-89.360037,29.994872],[-89.360083,29.994864],[-89.360129,29.994857],[-89.360171,29.994849],[-89.360211,29.994841],[-89.360251,29.994832],[-89.360289,29.994824],[-89.360322,29.994817],[-89.360353,29.994811],[-89.360386,29.994806],[-89.360417,29.994801],[-89.360449,29.994797],[-89.360513,29.994796],[-89.36055,29.994795],[-89.360585,29.994797],[-89.360642,29.994798],[-89.360686,29.994804],[-89.360733,29.994808],[-89.360771,29.994814],[-89.360803,29.994817],[-89.360834,29.994819],[-89.360872,29.99482],[-89.360907,29.994815],[-89.360939,29.994808],[-89.360976,29.994806],[-89.361011,29.994805],[-89.361045,29.994796],[-89.361078,29.994794],[-89.361109,29.994788],[-89.36114,29.994777],[-89.361168,29.994762],[-89.36114,29.994748],[-89.361114,29.994764],[-89.36109,29.994798],[-89.361075,29.99483],[-89.361065,29.99486],[-89.361058,29.994894],[-89.361057,29.994923],[-89.36107,29.994948],[-89.361102,29.994943],[-89.361125,29.994924],[-89.361149,29.994903],[-89.361159,29.994874],[-89.36118,29.99485],[-89.361189,29.994824],[-89.361201,29.994792],[-89.361181,29.994764],[-89.361139,29.994748],[-89.361104,29.994746],[-89.361071,29.994757],[-89.361038,29.994777],[-89.361012,29.994799],[-89.360996,29.994827],[-89.360992,29.994867],[-89.361005,29.994903],[-89.361023,29.994942],[-89.361039,29.994973],[-89.361048,29.995003],[-89.361052,29.995032],[-89.361052,29.995065],[-89.361049,29.995099],[-89.361044,29.995126],[-89.361032,29.99516],[-89.361008,29.995186],[-89.360978,29.995225],[-89.360954,29.995263],[-89.360934,29.9953],[-89.360914,29.995339],[-89.360901,29.995372],[-89.360889,29.9954],[-89.360878,29.995428],[-89.360864,29.995454],[-89.360843,29.995481],[-89.360813,29.995505],[-89.360777,29.995518],[-89.360738,29.995524],[-89.360697,29.995522],[-89.360656,29.995516],[-89.360623,29.995511],[-89.360586,29.9955],[-89.360552,29.995491],[-89.360522,29.995482],[-89.360492,29.99547],[-89.360462,29.995449],[-89.36044,29.99543],[-89.360428,29.995399],[-89.360425,29.99537],[-89.360418,29.995341],[-89.360413,29.995312],[-89.360409,29.995283],[-89.360411,29.995253],[-89.360429,29.995228],[-89.360457,29.995217],[-89.360492,29.995228],[-89.360514,29.995251],[-89.360528,29.995275],[-89.360543,29.995301],[-89.360549,29.995329],[-89.360572,29.995353],[-89.360593,29.995379],[-89.36062,29.9954],[-89.360644,29.995422],[-89.360645,29.99545],[-89.360621,29.995478],[-89.360591,29.9955],[-89.360565,29.995515],[-89.360531,29.99552],[-89.360504,29.995506],[-89.360485,29.995533],[-89.360467,29.995557],[-89.360444,29.995586],[-89.360415,29.995612],[-89.360391,29.995631],[-89.360364,29.995653],[-89.360332,29.995674],[-89.360295,29.995693],[-89.360264,29.995701],[-89.360229,29.995704],[-89.360191,29.995707],[-89.360153,29.995706],[-89.360114,29.995699],[-89.360074,29.995693],[-89.360036,29.995684],[-89.359998,29.995672],[-89.359964,29.995655],[-89.359936,29.995639],[-89.359912,29.995617],[-89.359908,29.995588],[-89.35991,29.995559],[-89.359871,29.995568],[-89.359831,29.995575],[-89.359797,29.995573],[-89.359757,29.995573],[-89.359729,29.995562],[-89.359695,29.995557],[-89.359659,29.995553],[-89.359626,29.995549],[-89.359592,29.99555],[-89.359556,29.995551],[-89.359517,29.995558],[-89.359485,29.99556],[-89.359454,29.995552],[-89.359423,29.995559],[-89.359391,29.995558],[-89.359356,29.995571],[-89.359322,29.995585],[-89.359285,29.995594],[-89.359255,29.995605],[-89.359225,29.995619],[-89.359191,29.995624],[-89.359155,29.995625],[-89.35911,29.995625],[-89.359072,29.995625],[-89.359039,29.995625],[-89.359008,29.995628],[-89.358974,29.995635],[-89.358935,29.995636],[-89.358897,29.995629],[-89.358863,29.995619],[-89.358826,29.995609],[-89.358786,29.995602],[-89.358751,29.995593],[-89.358719,29.99558],[-89.358681,29.995577],[-89.358648,29.995576],[-89.358616,29.995577],[-89.358585,29.995583],[-89.358548,29.995581],[-89.358509,29.995575],[-89.358477,29.995562],[-89.358443,29.995552],[-89.358415,29.995527],[-89.358388,29.995502],[-89.35837,29.995473],[-89.358352,29.995444],[-89.358336,29.995419],[-89.358324,29.995387],[-89.358311,29.99535],[-89.358301,29.995323],[-89.358301,29.995292],[-89.358306,29.995263],[-89.358313,29.995234],[-89.358336,29.995213],[-89.35836,29.995189],[-89.358386,29.995166],[-89.358409,29.995145],[-89.358433,29.995121],[-89.358454,29.995096],[-89.358475,29.995071],[-89.358478,29.995043],[-89.358442,29.995058],[-89.358415,29.995079],[-89.358387,29.9951],[-89.358369,29.995074],[-89.358395,29.995048],[-89.358418,29.995019],[-89.358437,29.994997],[-89.358459,29.994968],[-89.358486,29.994946],[-89.358506,29.994923],[-89.358531,29.994904],[-89.358559,29.994889],[-89.358588,29.994867],[-89.358608,29.994846],[-89.358638,29.994825],[-89.358661,29.994803],[-89.358618,29.994797],[-89.358584,29.994805],[-89.358544,29.994814],[-89.358503,29.994822],[-89.358461,29.994832],[-89.358417,29.994843],[-89.35838,29.994853],[-89.358342,29.994862],[-89.358302,29.994866],[-89.358263,29.994863],[-89.358224,29.994863],[-89.358184,29.994862],[-89.358145,29.994852],[-89.358108,29.994837],[-89.358072,29.994817],[-89.358042,29.994793],[-89.358027,29.994761],[-89.358024,29.994733],[-89.358028,29.994697],[-89.35804,29.994662],[-89.358061,29.994633],[-89.358084,29.994609],[-89.358078,29.994578],[-89.358029,29.994556],[-89.357992,29.994544],[-89.35795,29.994528],[-89.357917,29.994504],[-89.357894,29.994484],[-89.35787,29.99444],[-89.357857,29.994405],[-89.35784,29.994366],[-89.357826,29.994325],[-89.357811,29.994291],[-89.357794,29.994259],[-89.357776,29.994232],[-89.357753,29.9942],[-89.357734,29.994175],[-89.357716,29.994153],[-89.357692,29.994126],[-89.357667,29.994103],[-89.357639,29.994082],[-89.357611,29.994063],[-89.357579,29.994047],[-89.357549,29.994029],[-89.357524,29.994007],[-89.3575,29.993985],[-89.357473,29.99397],[-89.357446,29.993953],[-89.357419,29.993928],[-89.357393,29.993905],[-89.357367,29.993886],[-89.357342,29.993862],[-89.35732,29.993835],[-89.357304,29.993807],[-89.357308,29.993776],[-89.357313,29.993746],[-89.357317,29.993717],[-89.357328,29.99369],[-89.357362,29.993695],[-89.357396,29.993705],[-89.357433,29.993714],[-89.357471,29.993717],[-89.357504,29.993716],[-89.357535,29.99371],[-89.357566,29.993702],[-89.357602,29.993693],[-89.357631,29.993682],[-89.357671,29.993671],[-89.357709,29.993655],[-89.357744,29.99364],[-89.35777,29.993626],[-89.357798,29.993612],[-89.357823,29.993593],[-89.357853,29.993572],[-89.357883,29.993552],[-89.357916,29.993545],[-89.357947,29.993542],[-89.357971,29.993523],[-89.357999,29.993494],[-89.35803,29.993468],[-89.358062,29.993448],[-89.358095,29.993432],[-89.358132,29.993416],[-89.358172,29.993401],[-89.358205,29.993387],[-89.358234,29.993378],[-89.358273,29.99337],[-89.358321,29.993372],[-89.358362,29.993385],[-89.358397,29.993395],[-89.358426,29.993407],[-89.358463,29.993414],[-89.358502,29.993416],[-89.358539,29.993417],[-89.358577,29.993426],[-89.358614,29.993434],[-89.358642,29.993447],[-89.358676,29.99346],[-89.358706,29.993479],[-89.358739,29.9935],[-89.358767,29.993522],[-89.358794,29.993543],[-89.35882,29.993567],[-89.358845,29.993588],[-89.358873,29.993604],[-89.358902,29.993616],[-89.358938,29.993632],[-89.358971,29.993651],[-89.358998,29.993666],[-89.359029,29.993686],[-89.359054,29.993705],[-89.359078,29.993726],[-89.359101,29.993756],[-89.359125,29.993781],[-89.359152,29.993801],[-89.35917,29.993777],[-89.359172,29.993747],[-89.359179,29.993718],[-89.359208,29.993696],[-89.359242,29.993686],[-89.359291,29.993691],[-89.35932,29.993702],[-89.359362,29.993721],[-89.359394,29.993741],[-89.359432,29.993761],[-89.359465,29.993775],[-89.359502,29.993788],[-89.359539,29.993797],[-89.359575,29.9938],[-89.359611,29.993802],[-89.359645,29.993801],[-89.359677,29.993794],[-89.359716,29.99379],[-89.359752,29.993805],[-89.359786,29.993814],[-89.359818,29.993824],[-89.359858,29.993837],[-89.359889,29.993854],[-89.359921,29.993868],[-89.359955,29.993878],[-89.35999,29.993886],[-89.36003,29.993894],[-89.360059,29.993904],[-89.360098,29.993926],[-89.360121,29.993947],[-89.360146,29.993977],[-89.360171,29.994003],[-89.360195,29.994034],[-89.360209,29.994068],[-89.360227,29.994101],[-89.36025,29.994138],[-89.36027,29.994173],[-89.360286,29.994212],[-89.360321,29.994245]]]}},{"type":"Feature","properties":{"d":"2025-05-21","material":"Limestone"},"geometry":{"type":"MultiLineString","coordinates":[[[-89.360683,29.994599],[-89.360782,29.994372],[-89.360814,29.99436],[-89.360849,29.994354],[-89.360885,29.994353],[-89.360923,29.994361],[-89.360956,29.994373],[-89.360988,29.99439],[-89.361014,29.99441],[-89.361034,29.994431],[-89.361051,29.994456],[-89.361058,29.994483],[-89.361062,29.994524],[-89.361057,29.994554],[-89.361047,29.994581],[-89.361033,29.994607],[-89.361011,29.99463],[-89.360987,29.994649],[-89.360957,29.994667],[-89.360915,29.994683],[-89.360885,29.994694],[-89.360847,29.994708],[-89.360803,29.994726],[-89.360764,29.994742],[-89.36073,29.994755],[-89.360677,29.994768],[-89.360632,29.994763],[-89.360592,29.994744],[-89.360556,29.994713],[-89.360532,29.994676],[-89.360515,29.994636],[-89.360509,29.994597],[-89.360515,29.994557],[-89.360526,29.994524],[-89.360544,29.994495],[-89.360567,29.994473],[-89.360595,29.994453],[-89.360632,29.994433],[-89.36067,29.994416],[-89.360709,29.994403],[-89.360745,29.994397],[-89.360778,29.994401],[-89.360813,29.99441],[-89.36085,29.994425],[-89.360885,29.994447],[-89.360913,29.994475],[-89.360931,29.994509],[-89.360938,29.994543],[-89.360938,29.994578],[-89.360929,29.994614],[-89.360911,29.994642],[-89.360883,29.994666],[-89.360847,29.99468],[-89.360806,29.994684],[-89.360765,29.99468],[-89.360728,29.994664],[-89.360695,29.994639],[-89.360667,29.994607],[-89.360651,29.994571],[-89.360641,29.994528],[-89.360646,29.994481],[-89.360659,29.994445],[-89.360685,29.994415],[-89.360712,29.994391],[-89.360757,29.994368],[-89.360804,29.994354],[-89.360847,29.994349],[-89.360891,29.994358],[-89.360931,29.994374],[-89.360966,29.994392],[-89.360992,29.994419],[-89.361011,29.994448],[-89.36102,29.994482],[-89.361021,29.994518],[-89.361015,29.994556],[-89.361004,29.994592],[-89.360989,29.994632],[-89.360962,29.994667],[-89.360931,29.994698],[-89.36089,29.994722],[-89.360848,29.994742],[-89.360804,29.994756],[-89.360754,29.994757],[-89.360702,29.99475],[-89.360657,29.994733],[-89.360611,29.99471],[-89.36057,29.994679],[-89.360534,29.994644],[-89.360502,29.994605],[-89.360477,29.994559],[-89.360461,29.994511],[-89.360455,29.994462],[-89.360455,29.994413],[-89.360458,29.994362],[-89.360468,29.994316],[-89.360489,29.994278],[-89.360517,29.994246],[-89.360555,29.994224],[-89.360602,29.994207],[-89.360648,29.9942],[-89.360691,29.994205],[-89.360735,29.994214],[-89.360775,29.994234],[-89.36081,29.994262],[-89.360847,29.994293],[-89.360874,29.994332],[-89.360894,29.994381],[-89.360902,29.99441],[-89.360904,29.994443],[-89.360055,29.994655],[-89.360104,29.994643],[-89.360144,29.994628],[-89.360179,29.994611],[-89.360208,29.994597],[-89.36026,29.994575],[-89.360318,29.99455],[-89.360353,29.994537],[-89.360387,29.994523],[-89.360425,29.994511],[-89.360463,29.994498],[-89.360496,29.994487],[-89.360526,29.994477],[-89.360587,29.994457],[-89.360619,29.994451],[-89.360651,29.994445],[-89.360684,29.994442],[-89.360715,29.994442],[-89.360747,29.994441],[-89.360805,29.99445],[-89.360853,29.994468],[-89.360887,29.994493],[-89.360913,29.994523],[-89.360923,29.994559],[-89.360922,29.994598],[-89.360908,29.99463],[-89.360881,29.994652],[-89.360843,29.994663],[-89.360802,29.994667],[-89.360759,29.994663],[-89.360719,29.994643],[-89.360685,29.994614],[-89.360661,29.99458],[-89.360653,29.994542],[-89.360656,29.994498],[-89.36067,29.994459],[-89.360695,29.994431],[-89.360733,29.994404],[-89.36077,29.994386],[-89.360814,29.994379],[-89.360859,29.99438],[-89.360902,29.994393],[-89.360939,29.994413],[-89.360962,29.994441],[-89.360982,29.994474],[-89.360989,29.994508],[-89.360986,29.994544],[-89.360974,29.994582],[-89.360954,29.99462],[-89.36093,29.994649],[-89.360901,29.994677],[-89.360866,29.994696],[-89.360821,29.994705],[-89.360778,29.994702],[-89.360735,29.99469],[-89.360696,29.994663],[-89.360663,29.994632],[-89.360636,29.994593],[-89.360617,29.99455],[-89.36061,29.994504],[-89.36061,29.994459],[-89.360621,29.994417],[-89.360648,29.994386],[-89.360679,29.994354],[-89.36072,29.994329],[-89.360766,29.994316],[-89.360814,29.994312],[-89.360862,29.994318],[-89.360905,29.994336],[-89.360941,29.994363],[-89.360971,29.994391],[-89.360992,29.994424],[-89.361008,29.994461],[-89.36101,29.994497],[-89.361007,29.994535],[-89.360993,29.994575],[-89.360974,29.994616],[-89.360949,29.99464],[-89.360918,29.994653],[-89.360881,29.994657],[-89.360848,29.994645],[-89.360818,29.994624],[-89.360795,29.994593],[-89.360786,29.994557],[-89.360786,29.994519],[-89.360802,29.994483],[-89.360826,29.994456],[-89.360863,29.99443],[-89.360902,29.994409],[-89.360944,29.994401],[-89.360988,29.994405],[-89.361028,29.994419],[-89.361068,29.994441],[-89.361099,29.994466],[-89.361124,29.994497],[-89.361145,29.994533],[-89.361153,29.994567],[-89.361149,29.994608],[-89.361134,29.994647],[-89.361113,29.994683],[-89.361084,29.994711],[-89.361051,29.994738],[-89.361013,29.994756],[-89.360967,29.994772],[-89.360915,29.994783],[-89.36087,29.994791],[-89.36082,29.994791],[-89.360773,29.994776],[-89.360732,29.994751],[-89.360696,29.994718],[-89.360664,29.994678],[-89.360641,29.994637],[-89.360634,29.994587],[-89.360633,29.994537],[-89.360639,29.994488],[-89.36066,29.99445],[-89.36069,29.994417],[-89.360731,29.994387],[-89.360776,29.994366],[-89.360826,29.994352],[-89.360873,29.994352],[-89.360919,29.994359],[-89.36096,29.994377],[-89.360999,29.994401],[-89.361026,29.994431],[-89.361049,29.994469],[-89.361067,29.994504],[-89.361064,29.994542],[-89.361055,29.994579],[-89.361039,29.994615],[-89.361017,29.994647],[-89.360987,29.994671],[-89.360949,29.994691],[-89.360903,29.994705],[-89.360856,29.994709],[-89.360807,29.994702],[-89.360765,29.994684],[-89.360725,29.994661],[-89.360691,29.994626],[-89.360659,29.994586],[-89.360635,29.994544],[-89.360628,29.994498],[-89.36063,29.994454],[-89.36064,29.994408],[-89.360663,29.994363],[-89.360693,29.994329],[-89.360727,29.994296],[-89.360767,29.994275],[-89.360811,29.994265],[-89.360858,29.994261],[-89.360898,29.994268],[-89.360936,29.994286],[-89.360965,29.994313],[-89.360987,29.994346],[-89.361002,29.994382],[-89.36101,29.994421],[-89.36101,29.994466],[-89.361005,29.99451],[-89.360996,29.994553],[-89.360981,29.994593],[-89.36096,29.994632],[-89.360938,29.994662],[-89.360904,29.994687],[-89.360864,29.994712],[-89.36082,29.994731],[-89.360771,29.99474],[-89.360724,29.994739],[-89.360681,29.994725],[-89.36064,29.994702],[-89.360608,29.99467],[-89.360578,29.994634],[-89.360557,29.994592],[-89.360548,29.994545],[-89.360547,29.994499],[-89.360562,29.994451],[-89.360583,29.994411],[-89.360612,29.994379],[-89.360653,29.994348],[-89.360699,29.994325],[-89.360749,29.994308],[-89.360794,29.994306],[-89.360836,29.994314],[-89.360874,29.994328],[-89.360906,29.994353],[-89.36093,29.994385],[-89.36095,29.994418],[-89.360959,29.994456],[-89.360957,29.994496],[-89.360952,29.994539],[-89.360934,29.994578],[-89.360913,29.994616],[-89.360888,29.994645],[-89.360853,29.994669],[-89.360816,29.994683],[-89.360771,29.994685],[-89.36073,29.994673],[-89.360698,29.994653],[-89.360668,29.994627],[-89.36065,29.994591],[-89.360644,29.99455],[-89.360647,29.99451],[-89.360662,29.994471],[-89.360687,29.994437],[-89.360723,29.994407],[-89.360759,29.99439],[-89.360806,29.994377],[-89.360852,29.994372],[-89.360897,29.994378],[-89.360934,29.994395],[-89.360971,29.994414],[-89.361001,29.994441],[-89.361024,29.994471],[-89.361035,29.994513],[-89.361039,29.994549],[-89.361032,29.994582],[-89.361019,29.994618],[-89.361001,29.994657],[-89.360976,29.994683],[-89.36094,29.994706],[-89.3609,29.994725],[-89.360856,29.994739],[-89.360804,29.994742],[-89.360756,29.994734],[-89.36071,29.994718],[-89.360667,29.994694],[-89.36063,29.994663],[-89.360595,29.994624],[-89.360575,29.994582],[-89.360568,29.994536],[-89.360572,29.994496],[-89.360592,29.994459],[-89.360625,29.994429],[-89.360663,29.994407],[-89.360706,29.994393],[-89.360752,29.994386],[-89.360799,29.994391],[-89.360846,29.994401],[-89.360891,29.994418],[-89.360926,29.994441],[-89.36096,29.994469],[-89.360986,29.994499],[-89.360997,29.994536],[-89.360996,29.994576],[-89.360988,29.994612],[-89.360968,29.994648],[-89.360944,29.994679],[-89.36091,29.994704],[-89.36087,29.994719],[-89.360827,29.994724],[-89.360782,29.994723],[-89.360736,29.99471],[-89.360692,29.994687],[-89.360652,29.994659],[-89.36062,29.994623],[-89.360591,29.994581],[-89.36057,29.994539],[-89.360561,29.994492],[-89.360562,29.994445],[-89.360576,29.994401],[-89.360605,29.99436],[-89.360643,29.99433],[-89.360686,29.994301],[-89.360731,29.994287],[-89.360781,29.994278],[-89.360833,29.994277],[-89.360882,29.994287],[-89.360926,29.994306],[-89.360962,29.994333],[-89.360996,29.994362],[-89.361018,29.994397],[-89.361038,29.994436],[-89.361049,29.994474],[-89.361047,29.994517],[-89.36104,29.994555],[-89.361024,29.994594],[-89.360996,29.994631],[-89.360969,29.994664],[-89.360932,29.994693],[-89.360893,29.994715],[-89.360848,29.994734],[-89.360801,29.994747],[-89.360753,29.994749],[-89.360706,29.994745],[-89.360662,29.994726],[-89.360624,29.994699],[-89.360592,29.994664],[-89.36057,29.994626],[-89.360555,29.994584],[-89.360554,29.994536],[-89.360563,29.994488],[-89.360583,29.994443],[-89.36061,29.994408],[-89.360646,29.994377],[-89.360689,29.994348],[-89.360735,29.994332],[-89.360783,29.994327],[-89.360832,29.99433],[-89.360877,29.994342],[-89.360917,29.994357],[-89.360954,29.994379],[-89.360986,29.99441],[-89.361004,29.994445],[-89.361019,29.994484],[-89.361024,29.994524],[-89.36102,29.994568],[-89.361009,29.994609],[-89.360986,29.994645],[-89.360962,29.994684],[-89.360933,29.994714],[-89.3609,29.994738],[-89.360855,29.994759],[-89.360812,29.994774],[-89.360766,29.994781],[-89.36072,29.994779],[-89.360678,29.994763],[-89.360642,29.994741],[-89.360611,29.994708],[-89.360597,29.994669],[-89.360593,29.994626],[-89.360598,29.994587],[-89.360619,29.994544],[-89.360645,29.994508],[-89.360681,29.99448],[-89.360724,29.994461],[-89.360771,29.994449],[-89.360821,29.994444],[-89.360868,29.994447],[-89.360911,29.994461],[-89.360952,29.994484],[-89.360985,29.994512],[-89.361007,29.994544],[-89.361018,29.99458],[-89.361019,29.994619],[-89.361011,29.994655],[-89.360993,29.994691],[-89.360966,29.994728],[-89.360935,29.994761],[-89.360898,29.99479],[-89.360861,29.994819],[-89.36082,29.994847],[-89.360777,29.994872],[-89.360733,29.994895],[-89.360693,29.994924],[-89.360652,29.994945],[-89.360608,29.994955],[-89.360562,29.994954],[-89.360513,29.994939],[-89.360468,29.994918],[-89.360421,29.994895],[-89.360382,29.994865],[-89.360355,29.994825],[-89.360338,29.994785],[-89.360333,29.994737],[-89.360336,29.994689],[-89.360343,29.994643],[-89.360352,29.994616],[-89.360361,29.994589],[-89.36037,29.994563],[-89.360391,29.994516],[-89.360416,29.994469],[-89.360428,29.994443],[-89.36045,29.994399],[-89.360469,29.994364],[-89.360485,29.994332],[-89.360503,29.994305],[-89.360521,29.994276],[-89.360538,29.994248],[-89.360555,29.994221],[-89.360588,29.994154]]]}},{"type":"Feature","properties":{"d":"2025-05-21","material":"Limestone"},"geometry":{"type":"MultiLineString","coordinates":[[[-89.359984,29.993803],[-89.359982,29.993895],[-89.360012,29.993919],[-89.360048,29.993936],[-89.360088,29.993947],[-89.360125,29.993954],[-89.360168,29.993956],[-89.360211,29.993953],[-89.360261,29.993953],[-89.360307,29.993954],[-89.360353,29.993957],[-89.360393,29.993964],[-89.360432,29.993976],[-89.360464,29.99399],[-89.360493,29.994007],[-89.36052,29.994026],[-89.36054,29.99405],[-89.360555,29.994074],[-89.360562,29.994108],[-89.360554,29.994143],[-89.360528,29.994174],[-89.360504,29.994193],[-89.360465,29.994214],[-89.360432,29.994222],[-89.3604,29.994224],[-89.360364,29.994222],[-89.36033,29.994213],[-89.360301,29.994198],[-89.360273,29.994177],[-89.360253,29.994151],[-89.360237,29.994121],[-89.360225,29.994089],[-89.360225,29.994054],[-89.36023,29.99402],[-89.360245,29.993991],[-89.360267,29.993962],[-89.360295,29.993938],[-89.360327,29.993921],[-89.360359,29.993906],[-89.360395,29.993898],[-89.36043,29.993895],[-89.360465,29.993897],[-89.360496,29.993904],[-89.360536,29.99392],[-89.360567,29.993949],[-89.360581,29.993973],[-89.360588,29.994],[-89.36059,29.994028],[-89.360588,29.994056],[-89.360578,29.994083],[-89.36056,29.994105],[-89.360536,29.994127],[-89.360509,29.994148],[-89.360482,29.994162],[-89.360436,29.994171],[-89.360389,29.994163],[-89.360362,29.994147],[-89.360335,29.994124],[-89.360315,29.994097],[-89.360295,29.994067],[-89.360282,29.994036],[-89.360277,29.994003],[-89.360278,29.993972],[-89.360292,29.99394],[-89.360313,29.993909],[-89.36034,29.993885],[-89.36037,29.993864],[-89.360405,29.993849],[-89.360445,29.99384],[-89.360485,29.993837],[-89.360523,29.993845],[-89.360562,29.99386],[-89.360592,29.993878],[-89.360622,29.993902],[-89.360648,29.99393],[-89.360666,29.99396],[-89.360672,29.993997],[-89.360672,29.994031],[-89.36066,29.994066],[-89.360645,29.994097],[-89.360621,29.994126],[-89.360595,29.994153],[-89.360561,29.994179],[-89.360527,29.994203],[-89.360492,29.994221],[-89.360452,29.994234],[-89.360413,29.994236],[-89.360372,29.994232],[-89.360337,29.994221],[-89.360303,29.994199],[-89.360276,29.994169],[-89.360255,29.994133],[-89.360239,29.994095],[-89.360232,29.994052],[-89.360235,29.994009],[-89.360246,29.993966],[-89.360267,29.993924],[-89.360293,29.993888],[-89.360327,29.993856],[-89.360368,29.993827],[-89.36041,29.993806],[-89.360458,29.993791],[-89.360505,29.99378],[-89.360551,29.993776],[-89.360594,29.993782],[-89.360635,29.99379],[-89.360668,29.993805],[-89.3607,29.993827],[-89.360722,29.993857],[-89.360739,29.993889],[-89.360746,29.993923],[-89.360741,29.993959],[-89.360728,29.993994],[-89.360707,29.994028],[-89.360682,29.994057],[-89.360655,29.994088],[-89.360621,29.994117],[-89.360584,29.994143],[-89.360548,29.994164],[-89.360508,29.994182],[-89.360471,29.994193],[-89.360429,29.994199],[-89.360384,29.994198],[-89.360335,29.994192],[-89.360292,29.994181],[-89.360251,29.994165],[-89.360211,29.994141],[-89.360178,29.994111],[-89.360153,29.994075],[-89.360135,29.994037],[-89.360122,29.993995],[-89.360118,29.993953],[-89.360125,29.993909],[-89.360143,29.993866],[-89.360168,29.99383],[-89.360201,29.993801],[-89.360241,29.993776],[-89.360285,29.993757],[-89.360333,29.993741],[-89.360381,29.993731],[-89.360431,29.993733],[-89.360481,29.99374],[-89.360526,29.993753],[-89.360564,29.993771],[-89.360597,29.993791],[-89.360622,29.993817],[-89.360643,29.993848],[-89.360657,29.99388],[-89.360662,29.993915],[-89.360661,29.993953],[-89.360653,29.993992],[-89.36064,29.994029],[-89.360624,29.994066],[-89.360602,29.994101],[-89.360582,29.994131],[-89.360553,29.994161],[-89.360518,29.994186],[-89.360486,29.994205],[-89.360448,29.994215],[-89.360407,29.994218],[-89.360369,29.994211],[-89.360332,29.994196],[-89.360294,29.994176],[-89.360264,29.994148],[-89.360238,29.994115],[-89.360223,29.994079],[-89.360216,29.994037],[-89.360215,29.993996],[-89.360229,29.993951],[-89.360248,29.993913],[-89.360275,29.993881],[-89.360309,29.993857],[-89.360349,29.99384],[-89.360388,29.993835],[-89.360429,29.993836],[-89.36047,29.993844],[-89.360502,29.993857],[-89.360528,29.993875],[-89.36055,29.993898],[-89.360563,29.99393],[-89.360573,29.993964],[-89.360571,29.994],[-89.360564,29.994038],[-89.36055,29.994074],[-89.360532,29.994105],[-89.360509,29.994137],[-89.360488,29.994162],[-89.360455,29.99419],[-89.360419,29.994221],[-89.360382,29.994246],[-89.360343,29.994267],[-89.360302,29.994281],[-89.36026,29.994293],[-89.360214,29.9943],[-89.360166,29.994302],[-89.360124,29.994295],[-89.36008,29.994282],[-89.360041,29.994262],[-89.360001,29.99424],[-89.359969,29.994211],[-89.359948,29.994177],[-89.359934,29.994139],[-89.35993,29.994099],[-89.359937,29.994058],[-89.359957,29.994019],[-89.359986,29.993986],[-89.36002,29.993958],[-89.360061,29.993937],[-89.360108,29.993923],[-89.360161,29.993912],[-89.360214,29.993908],[-89.360268,29.993907],[-89.360322,29.993912],[-89.360376,29.993918],[-89.360424,29.993931],[-89.360465,29.993949],[-89.360502,29.993972],[-89.360537,29.993999],[-89.360567,29.994025],[-89.360588,29.99406],[-89.3606,29.994095],[-89.360601,29.994131],[-89.360595,29.994168],[-89.360581,29.994201],[-89.360565,29.994231],[-89.360543,29.994258],[-89.360512,29.994285],[-89.360477,29.994311],[-89.360438,29.994329],[-89.360396,29.994342],[-89.360356,29.994348],[-89.360313,29.994348],[-89.360266,29.994347],[-89.360219,29.994338],[-89.360172,29.994324],[-89.360133,29.994305],[-89.360094,29.99428],[-89.360059,29.99425],[-89.360032,29.994216],[-89.36001,29.994178],[-89.359999,29.994137],[-89.359994,29.994094],[-89.359994,29.994052],[-89.360006,29.994009],[-89.360028,29.993966],[-89.360055,29.993926],[-89.360088,29.99389],[-89.360125,29.993856],[-89.360166,29.993829],[-89.360212,29.993808],[-89.360258,29.993792],[-89.360309,29.993782],[-89.360362,29.993777],[-89.360411,29.993781],[-89.360459,29.993793],[-89.360503,29.993808],[-89.360538,29.99383],[-89.360569,29.993857],[-89.360598,29.993884],[-89.36062,29.993915],[-89.360633,29.993948],[-89.360638,29.99398],[-89.360635,29.994014],[-89.360622,29.994047],[-89.360607,29.994079],[-89.360587,29.994108],[-89.36056,29.994134],[-89.360529,29.994158],[-89.360493,29.994179],[-89.360453,29.994199],[-89.360413,29.994219],[-89.360373,29.99424],[-89.36033,29.994251],[-89.360289,29.994252],[-89.360242,29.99425],[-89.360196,29.994243],[-89.360155,29.994233],[-89.360118,29.994212],[-89.360086,29.994182],[-89.360065,29.99415],[-89.360051,29.994121],[-89.36004,29.994092],[-89.360031,29.994054],[-89.360027,29.994018],[-89.360025,29.99399],[-89.360029,29.993959],[-89.360044,29.993932],[-89.360041,29.993963],[-89.360026,29.993989],[-89.360004,29.994014],[-89.359977,29.994041],[-89.359956,29.994067],[-89.359937,29.99409],[-89.359949,29.994064],[-89.359948,29.994094],[-89.359954,29.994121],[-89.359985,29.994129],[-89.360018,29.994134],[-89.36004,29.994159],[-89.360065,29.994181],[-89.360083,29.994209],[-89.360106,29.994235],[-89.360136,29.994256],[-89.360161,29.994278],[-89.360182,29.994301],[-89.360207,29.994321],[-89.360238,29.994342],[-89.360266,29.994354],[-89.3603,29.994368],[-89.36033,29.994387],[-89.360367,29.994405],[-89.360397,29.994423],[-89.360427,29.994432],[-89.360453,29.994409],[-89.360486,29.994381],[-89.360531,29.994363],[-89.360563,29.994358],[-89.360602,29.994358],[-89.360641,29.994361],[-89.360679,29.99437],[-89.360718,29.994384],[-89.360753,29.994402],[-89.360784,29.994425],[-89.360812,29.994452],[-89.36083,29.994484],[-89.360842,29.99452],[-89.360843,29.994556],[-89.360834,29.994591],[-89.360818,29.994619],[-89.360794,29.99465],[-89.360777,29.994674],[-89.360744,29.994711],[-89.360719,29.994757],[-89.360704,29.994805],[-89.360697,29.994856],[-89.360696,29.994908],[-89.360696,29.994939],[-89.3607,29.994991],[-89.360706,29.995043],[-89.360717,29.995094],[-89.360724,29.995121],[-89.360731,29.995147],[-89.360738,29.995175],[-89.360751,29.99522],[-89.360765,29.995261],[-89.360781,29.995301],[-89.360796,29.995337],[-89.360806,29.995371],[-89.36081,29.995405],[-89.360807,29.995439]]]}},{"type":"Feature","properties":{"d":"2025-05-21","material":"Limestone"},"geometry":{"type":"MultiLineString","coordinates":[[[-89.361509,29.994833],[-89.361533,29.994844],[-89.361578,29.994871],[-89.361616,29.994899],[-89.361648,29.994929],[-89.361673,29.994956],[-89.361689,29.994989],[-89.3617,29.995022],[-89.361702,29.99506],[-89.361698,29.995097],[-89.361684,29.995132],[-89.361666,29.995164],[-89.361642,29.995186],[-89.361608,29.995203],[-89.361571,29.995208],[-89.361538,29.995202],[-89.361507,29.995186],[-89.361474,29.995165],[-89.361448,29.995139],[-89.361428,29.995105],[-89.36142,29.995064],[-89.361418,29.995022],[-89.361422,29.994986],[-89.361435,29.994948],[-89.361458,29.994912],[-89.361488,29.994883],[-89.361523,29.994862],[-89.361563,29.994854],[-89.361606,29.994855],[-89.361646,29.994861],[-89.361684,29.994874],[-89.361718,29.994892],[-89.361743,29.994913],[-89.361759,29.994938],[-89.361768,29.994967],[-89.361768,29.994996],[-89.361758,29.995024],[-89.361737,29.99505],[-89.361707,29.995073],[-89.361671,29.995096],[-89.361635,29.995118],[-89.361592,29.995133],[-89.36155,29.995142],[-89.361506,29.995139],[-89.361461,29.995127],[-89.361422,29.995106],[-89.361387,29.99508],[-89.361359,29.995049],[-89.361336,29.995013],[-89.361323,29.994977],[-89.361321,29.994939],[-89.36133,29.994903],[-89.36135,29.994874],[-89.361378,29.994853],[-89.361411,29.994837],[-89.361449,29.994827],[-89.36149,29.994823],[-89.361531,29.994829],[-89.361571,29.99484],[-89.361601,29.994861],[-89.361626,29.994884],[-89.361645,29.994914],[-89.361659,29.994946],[-89.361665,29.994981],[-89.361662,29.995014],[-89.361649,29.995049],[-89.361629,29.99508],[-89.361604,29.995101],[-89.361574,29.995116],[-89.361542,29.995122],[-89.361507,29.995114],[-89.361476,29.995098],[-89.36145,29.995075],[-89.361433,29.995048],[-89.361425,29.995015],[-89.361423,29.994983],[-89.361432,29.994951],[-89.361453,29.994924],[-89.361481,29.994902],[-89.361517,29.994887],[-89.361555,29.994878],[-89.361593,29.994881],[-89.361632,29.994892],[-89.361669,29.994905],[-89.361697,29.994924],[-89.361718,29.994951],[-89.361734,29.994981],[-89.361741,29.995011],[-89.361743,29.995044],[-89.361735,29.995078],[-89.361721,29.995112],[-89.3617,29.995142],[-89.361673,29.995166],[-89.361638,29.995182],[-89.361597,29.995194],[-89.361556,29.995196],[-89.361516,29.995189],[-89.361475,29.995173],[-89.361433,29.995152],[-89.361398,29.995125],[-89.361367,29.995093],[-89.36134,29.995059],[-89.361322,29.995024],[-89.361317,29.994988],[-89.361327,29.994949],[-89.361357,29.994915],[-89.361391,29.994895],[-89.361425,29.994882],[-89.361459,29.994874],[-89.361499,29.994871],[-89.361538,29.994878],[-89.361571,29.994888],[-89.361605,29.994905],[-89.361634,29.994926],[-89.361664,29.994949],[-89.361689,29.994972],[-89.361706,29.994998],[-89.361719,29.995027],[-89.361723,29.995061],[-89.361722,29.995091],[-89.361708,29.995131],[-89.361677,29.995161],[-89.36165,29.995174],[-89.361618,29.995178],[-89.361585,29.995173],[-89.36155,29.995165],[-89.361512,29.995152],[-89.361482,29.995142],[-89.361463,29.995119],[-89.361475,29.995094],[-89.361499,29.995117],[-89.36152,29.99514],[-89.361545,29.995169],[-89.36157,29.995204],[-89.361584,29.99523],[-89.361595,29.99526],[-89.361609,29.995287],[-89.361626,29.995316],[-89.36164,29.995348]]]}},{"type":"Feature","properties":{"d":"2025-05-21","material":"Limestone"},"geometry":{"type":"MultiLineString","coordinates":[[[-89.361451,29.994482],[-89.361599,29.994696],[-89.361579,29.994726],[-89.361554,29.994752],[-89.361523,29.994771],[-89.361484,29.99478],[-89.361441,29.994781],[-89.3614,29.99477],[-89.361363,29.994748],[-89.361333,29.994717],[-89.361309,29.994678],[-89.361291,29.99464],[-89.361283,29.994601],[-89.361289,29.994558],[-89.361304,29.994518],[-89.361329,29.994483],[-89.361361,29.994449],[-89.361394,29.994424],[-89.361438,29.994403],[-89.36148,29.994389],[-89.361523,29.994383],[-89.361567,29.994385],[-89.361608,29.994397],[-89.361647,29.994419],[-89.36168,29.994443],[-89.361701,29.994469],[-89.361715,29.994499],[-89.361716,29.994534],[-89.36171,29.994567],[-89.361691,29.994596],[-89.36167,29.994621],[-89.361636,29.994637],[-89.3616,29.994642],[-89.36156,29.994637],[-89.361523,29.994619],[-89.361482,29.994596],[-89.361438,29.994571],[-89.361393,29.994543],[-89.36135,29.994511],[-89.36132,29.994475],[-89.361295,29.994437],[-89.361285,29.994397],[-89.361287,29.994351],[-89.361296,29.994308],[-89.361315,29.994269],[-89.361343,29.994237],[-89.361376,29.994208],[-89.361419,29.994191],[-89.361466,29.994181],[-89.361511,29.994178],[-89.361557,29.994179],[-89.361598,29.994183],[-89.361639,29.994199],[-89.361676,29.994222],[-89.361704,29.994253],[-89.361726,29.994285],[-89.361739,29.99432],[-89.361739,29.994358],[-89.361736,29.994396],[-89.361722,29.994435],[-89.361699,29.994474],[-89.361675,29.99451],[-89.361643,29.994547],[-89.361605,29.994579],[-89.361564,29.99461],[-89.361526,29.994636],[-89.361484,29.994659],[-89.361435,29.994677],[-89.361385,29.994691],[-89.361338,29.9947],[-89.361293,29.9947],[-89.361245,29.994689],[-89.3612,29.99467],[-89.361156,29.994642],[-89.361118,29.994609],[-89.36109,29.994572],[-89.36107,29.994534],[-89.361056,29.994497],[-89.361052,29.994456],[-89.361062,29.994414],[-89.361081,29.994373],[-89.361105,29.994336],[-89.361136,29.994304],[-89.361171,29.994273],[-89.361214,29.994247],[-89.361261,29.994236],[-89.361315,29.99423],[-89.361367,29.994233],[-89.361414,29.994238],[-89.361455,29.994253],[-89.361497,29.99427],[-89.361531,29.994297],[-89.361559,29.994328],[-89.361573,29.99436],[-89.361586,29.994399],[-89.361586,29.994444],[-89.361591,29.994488],[-89.361591,29.99453],[-89.361587,29.994572],[-89.361577,29.994615],[-89.36156,29.994652],[-89.361533,29.994686],[-89.3615,29.994716],[-89.361461,29.994733],[-89.36142,29.99474],[-89.361378,29.994738],[-89.361336,29.994729],[-89.361299,29.994707],[-89.361263,29.994679],[-89.361236,29.994642],[-89.361219,29.9946],[-89.361207,29.994562],[-89.361206,29.99452],[-89.361221,29.994478],[-89.361245,29.994439],[-89.361273,29.994408],[-89.361308,29.994379],[-89.361351,29.994356],[-89.3614,29.994343],[-89.361447,29.994337],[-89.361496,29.994337],[-89.361536,29.994339],[-89.361582,29.994352],[-89.361623,29.994371],[-89.361664,29.994398],[-89.361698,29.994429],[-89.361718,29.994463],[-89.361731,29.994501],[-89.361734,29.994538],[-89.361728,29.994576],[-89.36171,29.994614],[-89.361684,29.994645],[-89.361649,29.994678],[-89.361615,29.994702],[-89.36158,29.99472],[-89.361534,29.994738],[-89.361481,29.994757],[-89.361431,29.994773],[-89.361378,29.994784],[-89.361323,29.994791],[-89.361271,29.994794],[-89.361217,29.99479],[-89.361166,29.99478],[-89.361118,29.994761],[-89.361077,29.99473],[-89.361041,29.994695],[-89.361006,29.994653],[-89.36098,29.994612],[-89.360964,29.994565],[-89.360958,29.994518],[-89.360958,29.994479],[-89.360969,29.994435],[-89.360986,29.9944],[-89.36101,29.994372],[-89.361045,29.994347],[-89.361086,29.994335],[-89.361128,29.994333],[-89.361174,29.994333],[-89.361214,29.994335],[-89.361256,29.994347],[-89.361297,29.994368],[-89.361345,29.99439],[-89.361391,29.994419],[-89.361434,29.994445],[-89.361471,29.994473],[-89.361501,29.994504],[-89.361521,29.99454],[-89.361531,29.994574],[-89.361529,29.994606],[-89.361517,29.994637],[-89.361492,29.994664],[-89.361465,29.994685],[-89.361432,29.994697],[-89.361392,29.994703],[-89.361353,29.994696],[-89.361307,29.994685]]]}},{"type":"Feature","properties":{"d":"2025-05-21","material":"Limestone"},"geometry":{"type":"MultiLineString","coordinates":[[[-89.361443,29.993734],[-89.361119,29.994106],[-89.361128,29.994134],[-89.361146,29.99416],[-89.361179,29.994186],[-89.36122,29.994208],[-89.361265,29.994217],[-89.361314,29.994207],[-89.361358,29.994187],[-89.361392,29.99416],[-89.361417,29.994123],[-89.361426,29.99408],[-89.361422,29.994037],[-89.361405,29.993997],[-89.361375,29.993964],[-89.361335,29.993943],[-89.36129,29.993937],[-89.361237,29.993937],[-89.361189,29.993947],[-89.361148,29.993965],[-89.361116,29.993995],[-89.361093,29.994028],[-89.361086,29.99407],[-89.361095,29.994108],[-89.361121,29.994141],[-89.361161,29.994165],[-89.361206,29.994179],[-89.361256,29.994183],[-89.361304,29.994173],[-89.361349,29.99415],[-89.361389,29.994119],[-89.361418,29.994079],[-89.361436,29.994035],[-89.36144,29.993987],[-89.36143,29.993942],[-89.361408,29.993902],[-89.361377,29.993865],[-89.361338,29.993836],[-89.361291,29.993817],[-89.361242,29.993806],[-89.361188,29.993806],[-89.361137,29.993817],[-89.361085,29.993834],[-89.361038,29.99386],[-89.360999,29.993893],[-89.36097,29.993933],[-89.360948,29.993978],[-89.360941,29.994028],[-89.360942,29.994075],[-89.360955,29.994125],[-89.36098,29.994167],[-89.36102,29.994199],[-89.361069,29.994219],[-89.361121,29.994227],[-89.361171,29.994223],[-89.361216,29.994201],[-89.36125,29.994172],[-89.361271,29.994137],[-89.361276,29.994095],[-89.361272,29.994049],[-89.361257,29.994005],[-89.361231,29.993966],[-89.361193,29.993935],[-89.361152,29.993917],[-89.361106,29.99391],[-89.36106,29.993914],[-89.361019,29.993932],[-89.360987,29.993962],[-89.360959,29.993999],[-89.360943,29.994042],[-89.360944,29.994085],[-89.360961,29.994126],[-89.36099,29.994165],[-89.361028,29.994197],[-89.361074,29.994219],[-89.361125,29.994233],[-89.36118,29.994232],[-89.361234,29.994219],[-89.361282,29.994195],[-89.361321,29.994162],[-89.361352,29.994125],[-89.361369,29.99408],[-89.361373,29.994031],[-89.361368,29.993985],[-89.36135,29.993941],[-89.361317,29.993897],[-89.361292,29.993875],[-89.361259,29.993857],[-89.36122,29.993846],[-89.361179,29.993844],[-89.361137,29.993852],[-89.361099,29.993867],[-89.361066,29.993893],[-89.361043,29.993925],[-89.36103,29.993962],[-89.361029,29.994002],[-89.361041,29.99404],[-89.361063,29.994075],[-89.361092,29.994107],[-89.361132,29.994134],[-89.361176,29.994156],[-89.361227,29.994172],[-89.361289,29.994186],[-89.361358,29.994199],[-89.361434,29.994212],[-89.361514,29.994225],[-89.3616,29.99424],[-89.361688,29.994257],[-89.361778,29.994276],[-89.36187,29.994295],[-89.361964,29.994317],[-89.362057,29.99434],[-89.362151,29.994363],[-89.362245,29.994387],[-89.362339,29.994412],[-89.362434,29.994438],[-89.362527,29.994462],[-89.362623,29.994484],[-89.362718,29.994507],[-89.362814,29.994531],[-89.36291,29.994556],[-89.363006,29.994582],[-89.363101,29.994608],[-89.363197,29.994634],[-89.363292,29.99466],[-89.363387,29.994686],[-89.363482,29.994714],[-89.363577,29.99474],[-89.363671,29.994765],[-89.363768,29.994788],[-89.363868,29.99481],[-89.363972,29.994829],[-89.364078,29.994845],[-89.364183,29.994859],[-89.364289,29.994867],[-89.364398,29.994876],[-89.364509,29.994884],[-89.364619,29.994888],[-89.364732,29.994891],[-89.364844,29.994894],[-89.364955,29.994894],[-89.365068,29.994891],[-89.365182,29.994885],[-89.365293,29.994875],[-89.365403,29.994864],[-89.365511,29.994848],[-89.365615,29.994829],[-89.365709,29.994804],[-89.365789,29.994772],[-89.365862,29.994741],[-89.365919,29.994707],[-89.365965,29.994673],[-89.366,29.994642],[-89.366027,29.994615],[-89.366046,29.99459],[-89.366062,29.994564],[-89.366073,29.994538],[-89.366078,29.994488],[-89.366068,29.99444],[-89.366047,29.994396],[-89.366019,29.994362],[-89.365989,29.994343],[-89.36596,29.99433],[-89.36592,29.994319],[-89.365878,29.994308],[-89.365837,29.994305],[-89.365802,29.994297],[-89.365766,29.994293],[-89.365734,29.994288],[-89.365697,29.994278],[-89.365658,29.994275],[-89.365616,29.994272],[-89.365583,29.994268],[-89.365546,29.994262],[-89.365512,29.994255],[-89.365474,29.994244],[-89.365444,29.994238],[-89.365414,29.994228],[-89.365378,29.994221],[-89.365342,29.99421],[-89.365306,29.994203],[-89.365273,29.994201],[-89.365236,29.994195],[-89.365207,29.994185],[-89.365178,29.994173],[-89.365143,29.994163],[-89.365113,29.994149],[-89.365083,29.994132],[-89.365059,29.994114],[-89.365031,29.994091],[-89.365004,29.994068],[-89.364978,29.994045],[-89.36495,29.994027],[-89.364926,29.994008],[-89.364899,29.99399],[-89.364878,29.993967],[-89.364842,29.993958],[-89.364808,29.993952],[-89.364774,29.99395],[-89.364742,29.99395],[-89.364715,29.993936],[-89.364677,29.993936],[-89.364631,29.99393],[-89.364587,29.993931],[-89.364541,29.993934],[-89.364495,29.993935],[-89.364457,29.993942],[-89.364421,29.993953],[-89.364391,29.993972],[-89.364358,29.993975],[-89.364327,29.993993],[-89.364289,29.994011],[-89.364255,29.994027],[-89.364226,29.994039],[-89.364199,29.994058],[-89.364169,29.994072],[-89.364136,29.994082],[-89.364105,29.994096],[-89.364069,29.994104],[-89.364036,29.994115],[-89.364005,29.994124],[-89.363977,29.994139],[-89.363942,29.994151],[-89.363914,29.994166],[-89.363879,29.994181],[-89.363846,29.994192],[-89.363813,29.994206],[-89.363779,29.994214],[-89.36375,29.994224],[-89.363716,29.994237],[-89.36368,29.994246],[-89.363645,29.994254],[-89.363611,29.994269],[-89.363577,29.994285],[-89.363546,29.994299],[-89.363513,29.994309],[-89.363477,29.994313],[-89.363438,29.994318],[-89.363398,29.994327],[-89.363367,29.99433],[-89.363333,29.99434],[-89.363299,29.994353],[-89.363263,29.994355],[-89.363225,29.994364],[-89.363194,29.99437],[-89.363162,29.994373],[-89.363125,29.994383],[-89.363088,29.994389],[-89.363053,29.994399],[-89.363015,29.994411],[-89.362984,29.994418],[-89.362952,29.994419],[-89.362915,29.994425],[-89.362877,29.994432],[-89.362843,29.994443],[-89.362808,29.994456],[-89.362776,29.994469],[-89.362747,29.994479],[-89.362708,29.994486],[-89.362675,29.994498],[-89.362638,29.994508],[-89.362601,29.994511],[-89.362566,29.99451],[-89.362524,29.994517],[-89.362489,29.994521],[-89.362457,29.994522],[-89.362424,29.994526],[-89.362393,29.994534],[-89.362361,29.994544],[-89.362328,29.994557],[-89.362296,29.994564],[-89.362261,29.99457],[-89.362227,29.994571],[-89.362193,29.994576],[-89.362157,29.994581],[-89.362126,29.994581],[-89.362092,29.99458],[-89.362055,29.994583],[-89.362019,29.994583],[-89.361987,29.994582],[-89.361948,29.994585],[-89.361915,29.994593],[-89.361884,29.994596],[-89.361848,29.994592],[-89.361815,29.994588],[-89.361782,29.994579],[-89.361748,29.994574],[-89.361723,29.994553],[-89.361702,29.994529],[-89.361679,29.99451],[-89.361644,29.994509],[-89.361618,29.994492],[-89.361589,29.994479],[-89.361561,29.994463],[-89.36153,29.994448],[-89.361498,29.994438],[-89.361468,29.994431],[-89.361437,29.994415],[-89.361407,29.994407],[-89.361381,29.99439],[-89.361348,29.994372],[-89.361318,29.994361],[-89.361285,29.994349],[-89.361258,29.994334],[-89.361228,29.994319],[-89.361204,29.994301],[-89.361176,29.994285],[-89.361146,29.994265],[-89.361112,29.994245],[-89.361083,29.994231],[-89.361049,29.994219],[-89.361025,29.994202],[-89.361002,29.994182],[-89.360971,29.99416],[-89.360946,29.994142],[-89.36092,29.994124],[-89.360896,29.994105],[-89.360876,29.99408],[-89.36085,29.994056],[-89.360829,29.994032],[-89.36081,29.99401],[-89.360786,29.99399],[-89.360762,29.993966],[-89.360738,29.993945],[-89.360712,29.993928],[-89.360693,29.993906],[-89.360677,29.993881],[-89.360657,29.993857],[-89.360633,29.993826],[-89.360621,29.9938],[-89.36061,29.993772],[-89.360597,29.993742],[-89.360579,29.993717],[-89.360565,29.993689],[-89.360566,29.99366],[-89.36056,29.993633],[-89.36057,29.993602],[-89.360585,29.993576],[-89.360593,29.993549],[-89.360599,29.993521],[-89.36061,29.993495],[-89.360637,29.993475],[-89.360669,29.993456],[-89.360703,29.993436],[-89.360726,29.993417],[-89.360762,29.993405],[-89.360798,29.993397],[-89.360838,29.993402],[-89.360875,29.993407],[-89.360903,29.993419],[-89.360933,29.993426],[-89.360964,29.993447],[-89.360992,29.993467],[-89.361019,29.993491],[-89.361034,29.993517],[-89.361046,29.993545],[-89.361056,29.993571],[-89.361061,29.993598],[-89.361066,29.99363],[-89.361076,29.99366],[-89.36108,29.993688],[-89.361083,29.993715],[-89.361068,29.993743],[-89.36105,29.993771],[-89.361043,29.993799],[-89.361029,29.993825],[-89.361005,29.993848],[-89.360976,29.993867],[-89.360939,29.993874],[-89.360904,29.99388],[-89.36087,29.993886],[-89.360833,29.993894],[-89.3608,29.993892],[-89.360768,29.993889],[-89.360735,29.993883],[-89.360695,29.993872],[-89.360665,29.993857],[-89.36064,29.993839],[-89.360614,29.993824],[-89.360599,29.993799],[-89.360585,29.993771],[-89.360568,29.993746],[-89.360555,29.993721],[-89.360548,29.993687],[-89.360536,29.993655],[-89.360538,29.993624],[-89.360533,29.993596],[-89.360533,29.993565],[-89.360538,29.993536],[-89.360549,29.993503],[-89.360562,29.99347],[-89.360579,29.993437],[-89.360602,29.993411],[-89.360631,29.993395],[-89.360661,29.993377],[-89.360693,29.993358],[-89.360728,29.993346],[-89.360765,29.993339],[-89.360799,29.993337],[-89.360834,29.993346],[-89.360866,29.993352],[-89.360895,29.993363],[-89.360934,29.993369],[-89.360965,29.993378],[-89.360998,29.993389],[-89.361025,29.993409],[-89.361051,29.99343],[-89.361073,29.993454],[-89.361101,29.993473],[-89.361125,29.993493],[-89.36114,29.993518],[-89.361158,29.993541],[-89.361176,29.993565],[-89.361188,29.993593],[-89.361199,29.993622],[-89.361204,29.993649],[-89.361209,29.993678],[-89.3612,29.993711],[-89.361193,29.99374],[-89.361169,29.993765],[-89.361148,29.993787],[-89.361115,29.993809],[-89.361082,29.993822],[-89.361044,29.99383],[-89.361009,29.993837],[-89.360973,29.993843],[-89.360937,29.993846],[-89.3609,29.993845],[-89.36087,29.993834],[-89.360841,29.993824],[-89.360814,29.993808],[-89.36078,29.993807],[-89.360752,29.99382],[-89.360718,29.99382],[-89.360688,29.993812],[-89.360655,29.993802],[-89.360628,29.993785],[-89.360602,29.993763],[-89.36058,29.993737],[-89.360555,29.993714],[-89.360543,29.993687],[-89.36053,29.993659],[-89.360529,29.993626],[-89.360533,29.993595],[-89.36054,29.993567],[-89.36056,29.993538],[-89.36058,29.993514],[-89.360604,29.993493],[-89.360629,29.993477],[-89.36066,29.993459],[-89.360691,29.993444],[-89.360723,29.99343],[-89.360754,29.993418],[-89.360788,29.993415],[-89.360819,29.993417],[-89.36085,29.99342],[-89.36088,29.993429],[-89.360915,29.99344],[-89.360948,29.99345],[-89.36098,29.993461],[-89.361002,29.993487],[-89.361016,29.993513],[-89.36102,29.993541],[-89.361041,29.993567],[-89.361048,29.993596],[-89.361047,29.993626],[-89.361045,29.993657],[-89.361027,29.99368],[-89.361005,29.993704],[-89.360976,29.993717],[-89.360942,29.99372],[-89.360913,29.993736],[-89.360883,29.993743],[-89.36086,29.993763],[-89.360834,29.993785],[-89.360816,29.993811],[-89.360784,29.993826],[-89.360754,29.993834],[-89.360717,29.993845],[-89.360681,29.993847],[-89.360647,29.993851],[-89.360614,29.993851],[-89.360582,29.993847],[-89.360552,29.993842],[-89.360518,29.99383],[-89.360485,29.993819],[-89.360461,29.993795],[-89.360445,29.99377],[-89.360437,29.993743],[-89.360433,29.993715],[-89.360433,29.993685],[-89.360437,29.993658],[-89.360451,29.993632],[-89.360477,29.993608],[-89.360506,29.993589],[-89.36053,29.993569],[-89.360559,29.993556],[-89.360591,29.993547],[-89.360621,29.993538],[-89.36065,29.993519],[-89.360674,29.993499],[-89.360698,29.993481],[-89.360726,29.99346],[-89.360756,29.993443],[-89.360784,29.993426],[-89.360811,29.993409],[-89.36084,29.993397],[-89.360871,29.993388],[-89.360904,29.993382],[-89.360936,29.993372],[-89.360967,29.993365],[-89.361,29.99335],[-89.361038,29.993345],[-89.361073,29.993346],[-89.361103,29.993354],[-89.361134,29.993361],[-89.361171,29.993369],[-89.361208,29.993381],[-89.361238,29.993401],[-89.361256,29.993426],[-89.361273,29.993452],[-89.361283,29.993479],[-89.361289,29.99351],[-89.361289,29.993542],[-89.361289,29.993571],[-89.361269,29.993592],[-89.361254,29.993619],[-89.36125,29.993647],[-89.361252,29.993678],[-89.361257,29.99371],[-89.361246,29.993739],[-89.361233,29.993767],[-89.36121,29.993791],[-89.361187,29.993814],[-89.361163,29.993833],[-89.361139,29.993853],[-89.361112,29.993869],[-89.361089,29.993888],[-89.361069,29.993911],[-89.36106,29.993938],[-89.361046,29.993964],[-89.361016,29.993981],[-89.360983,29.993997],[-89.36095,29.994008],[-89.360922,29.994024],[-89.360888,29.99404],[-89.360854,29.994054],[-89.360824,29.994066],[-89.360792,29.994078],[-89.360758,29.994084],[-89.360728,29.994095],[-89.360698,29.994102],[-89.360666,29.994107],[-89.360633,29.994098],[-89.360604,29.994088],[-89.360574,29.994075],[-89.360552,29.994049],[-89.360534,29.994025],[-89.360514,29.993997],[-89.360502,29.993969],[-89.360494,29.993937],[-89.360482,29.993905],[-89.360468,29.993879],[-89.360455,29.993853],[-89.360432,29.99383],[-89.360414,29.993802],[-89.360394,29.993775],[-89.360371,29.993748],[-89.360347,29.993723],[-89.360328,29.993696],[-89.360309,29.993669],[-89.360296,29.993641],[-89.360292,29.993606],[-89.360286,29.993577],[-89.36028,29.993549],[-89.360284,29.993517],[-89.360303,29.993493],[-89.360315,29.993464],[-89.360342,29.993441],[-89.360363,29.993418],[-89.360383,29.993396],[-89.360413,29.99338],[-89.360447,29.993372],[-89.36048,29.993357],[-89.360514,29.99335],[-89.360548,29.993345],[-89.360582,29.993348],[-89.360619,29.993345],[-89.360655,29.993349],[-89.360688,29.99335],[-89.360721,29.993353],[-89.360752,29.993354],[-89.360786,29.99335],[-89.360824,29.993354],[-89.360857,29.993359],[-89.360893,29.993365],[-89.360926,29.993377],[-89.360958,29.99339],[-89.360983,29.99341],[-89.361006,29.993431],[-89.361032,29.993447],[-89.361056,29.993472],[-89.36108,29.993495],[-89.361101,29.993517],[-89.361119,29.993541],[-89.361136,29.993566],[-89.36115,29.993592],[-89.361158,29.993619],[-89.361171,29.993651],[-89.361173,29.993678],[-89.361147,29.993694],[-89.361124,29.993713],[-89.361098,29.993732],[-89.361069,29.993748],[-89.361037,29.99376],[-89.361002,29.993754],[-89.36097,29.993756],[-89.360935,29.993761],[-89.360902,29.993747],[-89.360878,29.993725],[-89.360865,29.9937],[-89.360852,29.993669],[-89.360846,29.993641],[-89.360847,29.993613],[-89.36086,29.993586],[-89.360868,29.993554],[-89.360879,29.993526],[-89.360901,29.993503],[-89.360927,29.993483],[-89.360955,29.993464],[-89.360982,29.993442],[-89.361013,29.993436],[-89.361046,29.993438],[-89.36108,29.993443],[-89.361113,29.993434],[-89.361144,29.993435],[-89.361177,29.993433],[-89.361208,29.993438],[-89.361244,29.993442],[-89.361276,29.993447],[-89.361297,29.993469],[-89.36132,29.99349],[-89.36134,29.993511],[-89.361354,29.993537],[-89.361371,29.993563],[-89.361381,29.993592],[-89.361385,29.993621],[-89.361376,29.993649],[-89.361362,29.993675],[-89.361328,29.993686],[-89.361298,29.993694],[-89.361265,29.993696],[-89.361234,29.9937],[-89.361203,29.993705],[-89.361179,29.993724],[-89.361151,29.993739],[-89.36112,29.993743],[-89.361088,29.993736],[-89.361056,29.99373],[-89.361029,29.993709],[-89.361002,29.99369],[-89.360987,29.993665],[-89.36097,29.993639],[-89.360946,29.99362],[-89.360928,29.993592],[-89.360913,29.993566],[-89.360921,29.993536],[-89.36093,29.99351],[-89.360925,29.99348],[-89.36094,29.993454],[-89.360961,29.993428],[-89.360983,29.993408],[-89.361009,29.99339],[-89.361032,29.993371],[-89.361066,29.993355],[-89.361098,29.993345],[-89.361135,29.993334],[-89.361166,29.993335],[-89.361198,29.993333],[-89.361233,29.993338],[-89.361268,29.993348],[-89.361303,29.993353],[-89.361336,29.993355],[-89.361373,29.993366],[-89.361408,29.993372],[-89.361438,29.993388],[-89.361454,29.993414],[-89.361473,29.993439],[-89.3615,29.993459],[-89.361524,29.993477],[-89.361549,29.993503],[-89.361569,29.993532],[-89.361584,29.993557],[-89.361596,29.993584],[-89.361606,29.99361],[-89.361614,29.993637],[-89.361603,29.993664],[-89.361569,29.993668],[-89.361537,29.993675],[-89.361525,29.993706],[-89.361521,29.993733],[-89.361498,29.993757],[-89.361477,29.993786],[-89.361456,29.99381],[-89.361441,29.993839],[-89.361416,29.993857],[-89.361384,29.993871],[-89.361354,29.99388],[-89.361321,29.993894],[-89.361284,29.993898],[-89.361251,29.99389],[-89.361221,29.993881],[-89.361191,29.993867],[-89.361167,29.993847],[-89.361157,29.99382],[-89.361147,29.993792],[-89.361126,29.993771],[-89.361128,29.993743],[-89.361136,29.993712],[-89.361135,29.993684],[-89.361134,29.993652],[-89.361142,29.993623],[-89.361157,29.993596]]]}},{"type":"Feature","properties":{"d":"2025-05-21","material":"Limestone"},"geometry":{"type":"MultiLineString","coordinates":[[[-89.361293,29.993969],[-89.361445,29.994028],[-89.361463,29.994063],[-89.361466,29.994103],[-89.361463,29.994132],[-89.361451,29.994157],[-89.361438,29.994182],[-89.361399,29.994205],[-89.361357,29.994214],[-89.361311,29.994213],[-89.361282,29.994202],[-89.361251,29.994188],[-89.361226,29.994168],[-89.361203,29.994145],[-89.361182,29.994121],[-89.361169,29.994093],[-89.36116,29.994064],[-89.361156,29.994032],[-89.361158,29.994002],[-89.361165,29.993969],[-89.361178,29.993937],[-89.361194,29.993905],[-89.361217,29.993878],[-89.361239,29.993856],[-89.361265,29.99384],[-89.361295,29.99383],[-89.361339,29.99383],[-89.361384,29.99384],[-89.361422,29.993857],[-89.361454,29.993884],[-89.361469,29.993919],[-89.36147,29.993949],[-89.36147,29.993977],[-89.361465,29.994009],[-89.361454,29.99404],[-89.361438,29.994067],[-89.361415,29.99409],[-89.361391,29.994115],[-89.361366,29.994136],[-89.361335,29.994151],[-89.361304,29.994162],[-89.361264,29.994169],[-89.361226,29.99417],[-89.361189,29.994167],[-89.361152,29.99416],[-89.361122,29.994148],[-89.361094,29.994136],[-89.361068,29.994117],[-89.361047,29.994095],[-89.361037,29.994067],[-89.361032,29.994039],[-89.361032,29.994009],[-89.36104,29.99398],[-89.361054,29.993952],[-89.36107,29.993926],[-89.361093,29.993904],[-89.361121,29.99389],[-89.361151,29.993876],[-89.361184,29.993867],[-89.361217,29.993863],[-89.36126,29.993872],[-89.361292,29.993884],[-89.36132,29.993898],[-89.36135,29.993929],[-89.36137,29.993966],[-89.361379,29.994003],[-89.361381,29.994031],[-89.361374,29.994059],[-89.36136,29.994091],[-89.361347,29.994118],[-89.361328,29.994142],[-89.361299,29.994162],[-89.361267,29.994179],[-89.361232,29.994192],[-89.361193,29.994201],[-89.361151,29.994207],[-89.361114,29.99421],[-89.361073,29.994207],[-89.361036,29.994204],[-89.361001,29.994195],[-89.360964,29.994186],[-89.360936,29.994168],[-89.360908,29.994148],[-89.360885,29.994127],[-89.360867,29.994102],[-89.360857,29.994064],[-89.360854,29.994034],[-89.360863,29.994008],[-89.360874,29.993982],[-89.360895,29.993959],[-89.360923,29.993936],[-89.360955,29.993919],[-89.36099,29.993902],[-89.361026,29.993889],[-89.361065,29.993879],[-89.361106,29.993873],[-89.361146,29.99387],[-89.361183,29.993873],[-89.361226,29.993877],[-89.361265,29.993885],[-89.361306,29.993897],[-89.361347,29.993912],[-89.361384,29.993931],[-89.36142,29.993952],[-89.361451,29.993976],[-89.361475,29.994004],[-89.361492,29.994033],[-89.361511,29.994063],[-89.361523,29.994093],[-89.36153,29.994122],[-89.361531,29.994153],[-89.361526,29.994184],[-89.361514,29.99421],[-89.361498,29.994236],[-89.361478,29.994261],[-89.361453,29.994277],[-89.361422,29.994291],[-89.361391,29.994301],[-89.36136,29.994308],[-89.361326,29.994312],[-89.361295,29.994307],[-89.361259,29.9943],[-89.361225,29.994287],[-89.361193,29.99427],[-89.361164,29.994247],[-89.361135,29.994227],[-89.36111,29.994203],[-89.36109,29.994173],[-89.361073,29.994141],[-89.361061,29.994109],[-89.36105,29.994077],[-89.361046,29.994042],[-89.361044,29.994006],[-89.361047,29.993969],[-89.361056,29.993935],[-89.361069,29.9939],[-89.361085,29.993865],[-89.361104,29.993829],[-89.361126,29.993796],[-89.361155,29.993767],[-89.361185,29.993744],[-89.361218,29.993721],[-89.36125,29.993702],[-89.361282,29.99369],[-89.361318,29.993686],[-89.361352,29.993687],[-89.361386,29.993696],[-89.361416,29.993709],[-89.361446,29.993728],[-89.36147,29.99375],[-89.361493,29.993774],[-89.361508,29.9938],[-89.361516,29.99383],[-89.361518,29.993859],[-89.361519,29.9939],[-89.361514,29.993929],[-89.361502,29.993961],[-89.361482,29.993985],[-89.361456,29.994007],[-89.361425,29.994026],[-89.361393,29.99404],[-89.361361,29.99405],[-89.361323,29.994059],[-89.361286,29.994061],[-89.361252,29.994057],[-89.361209,29.994042],[-89.361176,29.994019],[-89.361153,29.993991],[-89.361144,29.993957],[-89.361146,29.993923],[-89.36116,29.993888],[-89.361189,29.993861],[-89.361227,29.993842],[-89.361269,29.993832],[-89.361302,29.993832],[-89.361345,29.993842],[-89.361376,29.993865],[-89.361398,29.993885],[-89.361413,29.993923],[-89.361421,29.99395],[-89.361424,29.993978],[-89.36142,29.994007],[-89.361405,29.994046],[-89.361385,29.994079],[-89.361355,29.994107],[-89.361327,29.994121],[-89.361297,29.994132],[-89.361254,29.994137],[-89.36121,29.994126],[-89.361181,29.994116],[-89.361144,29.994096],[-89.36112,29.994065],[-89.361109,29.994039],[-89.361103,29.994008],[-89.361101,29.993976],[-89.361102,29.993945],[-89.361111,29.993912],[-89.361125,29.993882],[-89.361141,29.993855],[-89.361168,29.993832],[-89.361193,29.993812],[-89.361223,29.993796],[-89.361256,29.993789],[-89.361289,29.993788],[-89.361325,29.993789],[-89.361357,29.993797],[-89.361391,29.993808],[-89.361419,29.993822],[-89.36145,29.993851],[-89.361464,29.993875],[-89.361479,29.993902],[-89.361485,29.993941],[-89.361479,29.993968],[-89.361466,29.993999],[-89.361453,29.994026],[-89.361437,29.994051],[-89.361415,29.994074],[-89.36138,29.9941],[-89.361349,29.994113],[-89.361314,29.994123],[-89.361271,29.994133],[-89.361226,29.994128],[-89.361182,29.994113],[-89.361147,29.994101],[-89.36112,29.994083],[-89.361097,29.994064],[-89.36108,29.99404],[-89.361067,29.994013],[-89.361062,29.993984],[-89.361062,29.993951],[-89.361065,29.993921],[-89.361074,29.993893],[-89.361091,29.993865],[-89.361111,29.993836],[-89.361134,29.993812],[-89.361159,29.993794],[-89.361194,29.993779],[-89.361242,29.993774],[-89.361275,29.993775],[-89.361308,29.99378],[-89.36134,29.993788],[-89.361374,29.993807],[-89.361395,29.993827],[-89.361418,29.99385],[-89.361436,29.993874],[-89.361447,29.993901],[-89.361453,29.993931],[-89.361453,29.993962],[-89.361446,29.99399],[-89.361436,29.994019],[-89.361421,29.994042],[-89.361402,29.994065],[-89.361379,29.994085],[-89.361339,29.994103],[-89.361295,29.994112],[-89.361263,29.994106],[-89.361221,29.994092],[-89.361191,29.994081],[-89.361165,29.994063],[-89.361136,29.994032],[-89.36112,29.993995],[-89.361124,29.993967],[-89.36113,29.993934],[-89.361139,29.993898],[-89.361146,29.993862],[-89.361157,29.993823],[-89.361165,29.993788],[-89.361178,29.993751],[-89.36119,29.993711],[-89.3612,29.99367],[-89.361217,29.993633],[-89.361233,29.993595],[-89.361235,29.993555],[-89.36123,29.993516],[-89.361218,29.993482],[-89.361205,29.993446],[-89.361181,29.993416],[-89.36115,29.993394],[-89.361113,29.993377],[-89.361072,29.993365],[-89.36103,29.99336],[-89.360987,29.993365],[-89.360952,29.993375],[-89.360919,29.993387],[-89.36089,29.993403],[-89.360863,29.993427],[-89.360846,29.993456],[-89.360836,29.993486],[-89.360833,29.993519],[-89.36084,29.993552],[-89.360854,29.993584],[-89.36087,29.99361],[-89.360884,29.993584],[-89.360882,29.993551],[-89.360885,29.993515],[-89.360892,29.993485],[-89.360897,29.993457],[-89.360904,29.993426],[-89.360917,29.993397],[-89.360936,29.993371],[-89.360962,29.993354],[-89.360986,29.993379],[-89.361011,29.993398],[-89.361045,29.99341],[-89.361082,29.993417],[-89.361124,29.993423],[-89.361162,29.993427],[-89.361204,29.993437],[-89.361234,29.993445],[-89.361272,29.993453],[-89.361304,29.993458],[-89.361335,29.993462],[-89.361374,29.993465],[-89.361409,29.993477],[-89.361447,29.99349],[-89.361474,29.993506],[-89.361496,29.993528],[-89.361507,29.993558],[-89.36151,29.993586],[-89.361506,29.993618],[-89.361499,29.993647],[-89.361487,29.993677],[-89.361469,29.9937],[-89.361438,29.993718],[-89.361399,29.993729],[-89.361367,29.99374],[-89.361325,29.993744],[-89.361282,29.993745],[-89.361237,29.993741],[-89.361197,29.993738],[-89.361157,29.993732],[-89.361112,29.993731],[-89.36108,29.993727],[-89.361048,29.993726],[-89.361015,29.993727],[-89.360984,29.993722],[-89.360948,29.993717],[-89.360902,29.993718],[-89.360859,29.993727],[-89.360822,29.993741],[-89.360789,29.993753],[-89.360756,29.993768],[-89.360728,29.993791],[-89.360706,29.993823],[-89.360688,29.993855],[-89.360675,29.993886],[-89.360668,29.993918],[-89.360664,29.993946],[-89.360666,29.993977],[-89.360677,29.994006],[-89.360696,29.994036],[-89.360716,29.994063],[-89.360743,29.994084],[-89.360777,29.994099],[-89.360808,29.994109],[-89.360844,29.994107],[-89.360879,29.994102],[-89.36091,29.994089],[-89.360948,29.99407],[-89.360969,29.994049],[-89.360989,29.994025],[-89.360994,29.993994],[-89.360992,29.99396],[-89.360978,29.993933],[-89.360964,29.993901],[-89.360947,29.993875],[-89.360923,29.993852],[-89.360896,29.993831],[-89.360873,29.993813],[-89.360846,29.993795],[-89.360813,29.993775],[-89.360782,29.993758],[-89.360759,29.993738],[-89.36073,29.993714],[-89.360714,29.99369],[-89.360706,29.993656],[-89.360707,29.993626],[-89.360709,29.993595],[-89.360718,29.993565],[-89.360734,29.993537],[-89.360753,29.993513],[-89.360781,29.993491],[-89.360809,29.993476],[-89.360842,29.993464],[-89.360876,29.993454],[-89.36091,29.993446],[-89.360943,29.993442],[-89.360978,29.993444],[-89.361011,29.993455],[-89.36104,29.993469],[-89.361072,29.993488],[-89.361094,29.993507],[-89.361119,29.993528],[-89.361142,29.993556],[-89.361162,29.99359],[-89.361175,29.993615],[-89.361181,29.993649],[-89.361181,29.993677],[-89.361172,29.993715],[-89.361159,29.99374],[-89.361133,29.993769],[-89.361102,29.993791],[-89.361064,29.993799],[-89.361023,29.993798],[-89.360992,29.993795],[-89.360963,29.993783],[-89.360936,29.993753],[-89.360923,29.993717],[-89.360921,29.993678],[-89.360932,29.993638],[-89.360943,29.993613],[-89.360962,29.993588],[-89.360984,29.993568],[-89.361016,29.993551],[-89.361053,29.993538],[-89.361094,29.993524],[-89.361133,29.993503],[-89.361167,29.993477],[-89.361194,29.993447],[-89.361214,29.993409],[-89.361226,29.993372],[-89.361233,29.993336],[-89.361237,29.993296],[-89.36123,29.993269],[-89.361212,29.993239],[-89.36118,29.993212],[-89.36114,29.993195],[-89.361106,29.99319],[-89.361051,29.99319],[-89.360999,29.993195],[-89.360958,29.993213],[-89.360925,29.993235],[-89.3609,29.993263],[-89.360886,29.993294],[-89.360875,29.993325],[-89.360875,29.993356],[-89.36088,29.99339],[-89.360881,29.993422],[-89.36089,29.993456],[-89.360895,29.993489],[-89.360898,29.993518],[-89.360902,29.99355],[-89.360913,29.993586],[-89.360922,29.993619],[-89.360933,29.993655],[-89.360935,29.993687],[-89.360937,29.993721],[-89.360947,29.993759],[-89.360955,29.993796],[-89.36096,29.99383],[-89.360965,29.993864],[-89.36097,29.9939],[-89.360977,29.993935],[-89.360989,29.993971],[-89.360997,29.994005],[-89.361007,29.994041],[-89.361021,29.994074],[-89.36103,29.994108],[-89.361041,29.994141],[-89.36105,29.994176],[-89.361061,29.994205],[-89.361077,29.994236],[-89.361099,29.994263],[-89.36112,29.994292],[-89.36115,29.994313],[-89.361184,29.99433],[-89.361219,29.99434],[-89.361255,29.994338],[-89.361294,29.994334],[-89.361327,29.994325],[-89.36136,29.994315],[-89.361389,29.9943],[-89.361414,29.994279],[-89.361442,29.994246],[-89.361456,29.994222],[-89.361469,29.994195],[-89.361478,29.994158],[-89.36148,29.994122],[-89.361468,29.994085],[-89.361448,29.994058],[-89.361416,29.994035],[-89.361389,29.99402],[-89.361354,29.994013],[-89.361319,29.994018],[-89.361287,29.994037],[-89.361265,29.994056],[-89.361246,29.994083],[-89.361242,29.994114],[-89.361242,29.994142],[-89.361253,29.994174],[-89.361273,29.994205],[-89.361299,29.994231],[-89.361329,29.994254],[-89.361363,29.994264],[-89.361405,29.994275],[-89.361449,29.994273],[-89.361479,29.994266],[-89.361523,29.994256],[-89.361558,29.994237],[-89.361587,29.994211],[-89.361608,29.99418],[-89.361625,29.994151],[-89.361634,29.994124],[-89.361637,29.994092],[-89.361632,29.994062],[-89.36162,29.994028],[-89.361605,29.994004],[-89.36158,29.99398],[-89.361553,29.993961],[-89.36152,29.993952],[-89.361485,29.993958],[-89.361462,29.99398],[-89.361457,29.994009],[-89.361464,29.994037],[-89.36147,29.994067],[-89.361474,29.994096],[-89.361479,29.994129],[-89.361492,29.994163],[-89.361508,29.9942],[-89.361527,29.994234],[-89.361542,29.994268],[-89.361552,29.994299],[-89.361555,29.994328],[-89.361551,29.994357],[-89.361546,29.994384],[-89.361532,29.99441],[-89.361514,29.994438],[-89.361492,29.994465],[-89.361475,29.994493],[-89.361457,29.99452],[-89.361434,29.994545],[-89.361409,29.994568],[-89.361384,29.994588]]]}},{"type":"Feature","properties":{"d":"2025-05-22","material":"Limestone"},"geometry":{"type":"MultiLineString","coordinates":[[[-89.36224,29.99508],[-89.362254,29.99508],[-89.36229,29.995074],[-89.362323,29.995065],[-89.362354,29.995051],[-89.362379,29.995031],[-89.362398,29.995007],[-89.362408,29.994979],[-89.36241,29.994945],[-89.362405,29.994917],[-89.362396,29.994887],[-89.362382,29.994862],[-89.362363,29.994837],[-89.362336,29.994816],[-89.362301,29.994803],[-89.362265,29.9948],[-89.362229,29.994814],[-89.362199,29.994825],[-89.362165,29.994838],[-89.362132,29.994835],[-89.3621,29.994835],[-89.362059,29.994808],[-89.362023,29.994801],[-89.361984,29.994807],[-89.361951,29.994823],[-89.361926,29.994842],[-89.361906,29.994863],[-89.361891,29.994901],[-89.361889,29.994938],[-89.361902,29.994975],[-89.361928,29.995008],[-89.36195,29.995029],[-89.361975,29.995046],[-89.362003,29.995058],[-89.362035,29.995067],[-89.362071,29.995071],[-89.362104,29.99507],[-89.362141,29.995063],[-89.362174,29.995046],[-89.362204,29.995029],[-89.362243,29.995011],[-89.362274,29.995002],[-89.362306,29.994994],[-89.362337,29.994991],[-89.362387,29.994996],[-89.362431,29.995021],[-89.362458,29.995061],[-89.362471,29.995101],[-89.362468,29.995138],[-89.362454,29.995177],[-89.362427,29.995211],[-89.36239,29.995239],[-89.362349,29.995258],[-89.362309,29.995272],[-89.362273,29.995278],[-89.36224,29.995279],[-89.3622,29.995275],[-89.362165,29.995267],[-89.362133,29.995257],[-89.362103,29.995244],[-89.362074,29.995229],[-89.362041,29.995204],[-89.36201,29.995177],[-89.361992,29.995146],[-89.361983,29.995115],[-89.361982,29.995081],[-89.361993,29.995054],[-89.362014,29.995029],[-89.362035,29.995],[-89.362064,29.99498],[-89.3621,29.994966],[-89.362135,29.994954],[-89.362172,29.994948],[-89.362211,29.994948],[-89.362243,29.994963],[-89.362274,29.994992],[-89.362292,29.995025],[-89.362298,29.995063],[-89.362288,29.995099],[-89.362266,29.995134],[-89.362232,29.995162],[-89.362195,29.99518],[-89.362151,29.995191],[-89.362109,29.995186],[-89.362071,29.995169],[-89.362042,29.995141],[-89.362019,29.995105],[-89.362008,29.995064],[-89.362006,29.995021],[-89.362018,29.994978],[-89.362043,29.994941],[-89.362078,29.994912],[-89.362124,29.994893],[-89.36217,29.994879],[-89.362219,29.994881],[-89.362267,29.994895],[-89.362307,29.994917],[-89.36234,29.99495],[-89.362359,29.994986],[-89.362369,29.995027],[-89.362368,29.995071],[-89.362356,29.995113],[-89.362334,29.995153],[-89.362303,29.99519],[-89.362264,29.99522],[-89.36222,29.995244],[-89.362173,29.995258],[-89.362121,29.995262],[-89.362072,29.995254],[-89.362023,29.995238],[-89.361983,29.995211],[-89.36195,29.995177],[-89.361923,29.995138],[-89.361912,29.995096],[-89.361912,29.995051],[-89.361925,29.995007],[-89.36195,29.994966],[-89.361983,29.994931],[-89.362026,29.994903],[-89.362074,29.994887],[-89.362126,29.994883],[-89.362177,29.994892],[-89.36222,29.994912],[-89.362257,29.994939],[-89.362286,29.994974],[-89.362305,29.995012],[-89.36231,29.995053],[-89.362302,29.995093],[-89.36228,29.995131],[-89.36225,29.995162],[-89.362209,29.995185],[-89.362164,29.995202],[-89.362113,29.995212],[-89.362062,29.995216],[-89.362012,29.995208],[-89.36196,29.995191],[-89.361912,29.99517],[-89.361869,29.995144],[-89.361832,29.995113],[-89.361809,29.995076],[-89.3618,29.995036],[-89.361806,29.994997],[-89.361827,29.994963],[-89.361857,29.994935],[-89.361895,29.994917],[-89.361937,29.994911],[-89.361983,29.994918],[-89.362028,29.994931],[-89.36207,29.994955],[-89.3621,29.994987],[-89.362124,29.995026],[-89.362137,29.995066],[-89.362136,29.995107],[-89.362125,29.995145],[-89.362101,29.995181],[-89.362067,29.995208],[-89.362026,29.995231],[-89.361984,29.99524],[-89.361938,29.995241],[-89.361896,29.995227],[-89.361861,29.995205],[-89.361833,29.995175],[-89.36182,29.995139],[-89.361813,29.995097],[-89.36182,29.995053],[-89.361841,29.995013],[-89.361869,29.994977],[-89.361908,29.994951],[-89.361947,29.994934],[-89.361987,29.99493],[-89.362018,29.994937],[-89.362062,29.994949],[-89.362105,29.994978],[-89.362121,29.995003],[-89.362136,29.995045],[-89.362142,29.995077],[-89.362145,29.995108],[-89.362143,29.995144],[-89.362134,29.995174],[-89.362116,29.995204],[-89.362091,29.995224],[-89.362063,29.995245],[-89.362023,29.995252],[-89.361985,29.995245],[-89.361942,29.995234],[-89.361906,29.995229],[-89.361867,29.995221],[-89.361828,29.995211],[-89.361788,29.995202],[-89.361744,29.995195],[-89.361701,29.99519],[-89.361669,29.995184],[-89.361635,29.995178],[-89.361597,29.995175],[-89.36156,29.99518],[-89.361527,29.995187],[-89.361495,29.995201],[-89.361468,29.995215],[-89.361444,29.995235],[-89.361427,29.995257],[-89.361414,29.995287],[-89.361406,29.995315],[-89.361404,29.995343],[-89.36143,29.995324],[-89.361443,29.995294],[-89.361459,29.995265],[-89.361473,29.995238],[-89.36149,29.995215],[-89.361513,29.995192],[-89.361538,29.995172],[-89.361567,29.995156],[-89.361601,29.995146],[-89.361631,29.995135],[-89.361662,29.995128],[-89.361666,29.995099],[-89.361657,29.995068],[-89.361644,29.995039],[-89.361631,29.995013],[-89.36161,29.994987],[-89.361587,29.994967],[-89.361561,29.994948],[-89.361541,29.994925],[-89.361521,29.994904],[-89.3615,29.994882],[-89.361478,29.99486],[-89.361471,29.994833],[-89.361444,29.994817],[-89.361398,29.994814],[-89.361368,29.994823],[-89.361343,29.994843],[-89.361329,29.994869],[-89.361323,29.994902],[-89.361326,29.994936],[-89.361344,29.994972]]]}},{"type":"Feature","properties":{"d":"2025-05-22","material":"Limestone"},"geometry":{"type":"MultiLineString","coordinates":[[[-89.361963,29.993664],[-89.361944,29.994126],[-89.361915,29.994177],[-89.361902,29.994202],[-89.36189,29.994228],[-89.36188,29.994253],[-89.361871,29.99428],[-89.361862,29.994308],[-89.361857,29.994337],[-89.361853,29.994391],[-89.361863,29.99444],[-89.361875,29.994466],[-89.36189,29.994491],[-89.361931,29.994529],[-89.361974,29.994552],[-89.362023,29.994561],[-89.362071,29.994558],[-89.362117,29.994539],[-89.362156,29.994511],[-89.362186,29.994474],[-89.362206,29.994432],[-89.362211,29.994387],[-89.362201,29.994344],[-89.362178,29.994307],[-89.362145,29.994276],[-89.362108,29.994256],[-89.362064,29.994248],[-89.362021,29.994249],[-89.361982,29.994262],[-89.361946,29.994282],[-89.36192,29.994311],[-89.361907,29.994352],[-89.361901,29.994394],[-89.361902,29.994442],[-89.36191,29.994489],[-89.361924,29.994534],[-89.36195,29.994574],[-89.361989,29.994609],[-89.362036,29.994632],[-89.362087,29.994641],[-89.362138,29.994638],[-89.362188,29.994622],[-89.362235,29.994592],[-89.36227,29.994556],[-89.362295,29.994514],[-89.362306,29.994471],[-89.362306,29.994427],[-89.362294,29.994384],[-89.362275,29.994345],[-89.362242,29.994314],[-89.362203,29.99429],[-89.362155,29.994271],[-89.362108,29.994262],[-89.36206,29.99426],[-89.362013,29.994267],[-89.361971,29.994285],[-89.361934,29.994311],[-89.361902,29.994344],[-89.361878,29.994378],[-89.361861,29.99442],[-89.361857,29.994466],[-89.361868,29.99451],[-89.361895,29.994554],[-89.361934,29.994591],[-89.361978,29.994619],[-89.362029,29.994638],[-89.362083,29.994644],[-89.362133,29.994635],[-89.362185,29.994615],[-89.362224,29.994584],[-89.362254,29.994545],[-89.362276,29.994503],[-89.362285,29.994456],[-89.362283,29.994408],[-89.362269,29.994365],[-89.362248,29.994324],[-89.362219,29.994288],[-89.362182,29.994256],[-89.362136,29.994234],[-89.362088,29.994218],[-89.362042,29.994213],[-89.361994,29.994213],[-89.361948,29.994223],[-89.361903,29.994244],[-89.361863,29.994268],[-89.361826,29.994301],[-89.361793,29.994336],[-89.361762,29.994377],[-89.361741,29.994419],[-89.36173,29.994466],[-89.36173,29.994514],[-89.361743,29.99456],[-89.361767,29.994604],[-89.361797,29.994646],[-89.361837,29.994682],[-89.361886,29.994708],[-89.36194,29.994728],[-89.361999,29.994735],[-89.362059,29.994725],[-89.362113,29.994706],[-89.362141,29.994694],[-89.362184,29.994662],[-89.362219,29.994623],[-89.362244,29.994576],[-89.36226,29.994528],[-89.362265,29.994478],[-89.362259,29.994429],[-89.362241,29.994385],[-89.362216,29.994346],[-89.362181,29.994309],[-89.362137,29.994278],[-89.362093,29.994253],[-89.362045,29.994238],[-89.361992,29.994235],[-89.361946,29.994241],[-89.361898,29.994255],[-89.361856,29.994277],[-89.361816,29.994306],[-89.361784,29.994343],[-89.361759,29.994377],[-89.361738,29.994408],[-89.361726,29.994436],[-89.361719,29.994471],[-89.361725,29.994499],[-89.361737,29.994526],[-89.361758,29.994547],[-89.361784,29.994562],[-89.361814,29.994575],[-89.361847,29.994594],[-89.361875,29.994608],[-89.361903,29.994624],[-89.361935,29.994639],[-89.361963,29.994653],[-89.361992,29.994673],[-89.362018,29.994697],[-89.362046,29.99472],[-89.362075,29.994744],[-89.362105,29.994767],[-89.362144,29.994784],[-89.362176,29.994792],[-89.362215,29.994801],[-89.362247,29.994806],[-89.362282,29.994807],[-89.362317,29.994802],[-89.362353,29.994794],[-89.362388,29.994777],[-89.36242,29.994763],[-89.362448,29.994746],[-89.362482,29.994729],[-89.362507,29.994712],[-89.362534,29.994693],[-89.362565,29.994686],[-89.362593,29.994669],[-89.362614,29.994646],[-89.362641,29.994626],[-89.362672,29.994601],[-89.362696,29.994573],[-89.362715,29.994543],[-89.362735,29.994508],[-89.362757,29.994476],[-89.36277,29.994442],[-89.362779,29.994404],[-89.362786,29.99437],[-89.36279,29.994333],[-89.362788,29.994294],[-89.362778,29.99426],[-89.362761,29.994227],[-89.362738,29.994194],[-89.362715,29.994174],[-89.362688,29.994156],[-89.362661,29.994142],[-89.362632,29.994129],[-89.362603,29.994117],[-89.362573,29.994106],[-89.362544,29.994097],[-89.362513,29.994087],[-89.362481,29.994081],[-89.36245,29.994075],[-89.362416,29.994063],[-89.362384,29.994049],[-89.362349,29.994035],[-89.362319,29.994024],[-89.362288,29.994009],[-89.362257,29.993998],[-89.362218,29.993993],[-89.36218,29.993997],[-89.362149,29.994005],[-89.362104,29.994019],[-89.362062,29.994035],[-89.362026,29.994056],[-89.36199,29.994079],[-89.36196,29.994106],[-89.361928,29.994133],[-89.361904,29.994156],[-89.361883,29.994179],[-89.361863,29.994203],[-89.361848,29.994231],[-89.361837,29.994258],[-89.361826,29.994284],[-89.361814,29.994312],[-89.361798,29.99434],[-89.361782,29.994365],[-89.361772,29.994392],[-89.361763,29.994431],[-89.361765,29.994469],[-89.361766,29.994511],[-89.361767,29.994545],[-89.361768,29.994575],[-89.361769,29.994604],[-89.361774,29.994631],[-89.361787,29.994658],[-89.361804,29.994687],[-89.36182,29.994715],[-89.361845,29.994746],[-89.361869,29.994776],[-89.361896,29.9948],[-89.361921,29.994822],[-89.361955,29.994842],[-89.361987,29.994852],[-89.362021,29.994856],[-89.362061,29.99486],[-89.362096,29.994866],[-89.362128,29.994869],[-89.362162,29.994866],[-89.362198,29.994863],[-89.362234,29.994852],[-89.362265,29.994845],[-89.362295,29.994835],[-89.362326,29.994826],[-89.362357,29.994819],[-89.362392,29.994805],[-89.362423,29.994796],[-89.362454,29.994786],[-89.362486,29.994774],[-89.362514,29.994754],[-89.36255,29.994742],[-89.362586,29.99473],[-89.362614,29.994717],[-89.362645,29.994701],[-89.362671,29.994685],[-89.362694,29.994664],[-89.362716,29.994643],[-89.362737,29.994618],[-89.362756,29.994596],[-89.36277,29.994567],[-89.362785,29.994537],[-89.362797,29.994508],[-89.362805,29.994482],[-89.362814,29.994447],[-89.362822,29.994411],[-89.362827,29.994382],[-89.362829,29.994346],[-89.362827,29.994318],[-89.36282,29.994285],[-89.362826,29.994253],[-89.362821,29.994222],[-89.362813,29.994182],[-89.362805,29.994155],[-89.362789,29.994126],[-89.36277,29.9941],[-89.362745,29.994077],[-89.362716,29.99406],[-89.362688,29.994044],[-89.362658,29.994034],[-89.362627,29.994027],[-89.362594,29.994024],[-89.36256,29.994022],[-89.362526,29.994022],[-89.362491,29.994021],[-89.362458,29.99402],[-89.362424,29.994022],[-89.36239,29.994028],[-89.362359,29.994036],[-89.362329,29.994044],[-89.362294,29.994054],[-89.362263,29.994064],[-89.362235,29.994077],[-89.362198,29.994086],[-89.362158,29.994091],[-89.362125,29.994094],[-89.362093,29.994101],[-89.36206,29.994113],[-89.362036,29.994133],[-89.362021,29.994157],[-89.361996,29.994183],[-89.361972,29.994203],[-89.361947,29.994223],[-89.36192,29.994239],[-89.361895,29.994261],[-89.361873,29.994283],[-89.361851,29.99431],[-89.361828,29.994338],[-89.361815,29.994368],[-89.361814,29.994395],[-89.361816,29.994429],[-89.361798,29.994459],[-89.361773,29.994488],[-89.361745,29.994507],[-89.361711,29.994518],[-89.36168,29.994521],[-89.361645,29.994533],[-89.361613,29.994554],[-89.361594,29.994579],[-89.361577,29.994606],[-89.36157,29.994635],[-89.361578,29.994669],[-89.361591,29.994695],[-89.361608,29.994725],[-89.361632,29.994756],[-89.361653,29.994778],[-89.361672,29.994801],[-89.361695,29.994821],[-89.361719,29.994839],[-89.36175,29.994863],[-89.361781,29.99488],[-89.361814,29.994901],[-89.361843,29.994919],[-89.361873,29.994934],[-89.361909,29.994948],[-89.361947,29.99496],[-89.361983,29.994972],[-89.362017,29.994981],[-89.36205,29.994987],[-89.362089,29.994993],[-89.362121,29.994996],[-89.362161,29.994996],[-89.362198,29.994993],[-89.362234,29.994988],[-89.362269,29.994971],[-89.362299,29.994954],[-89.362329,29.994942],[-89.36236,29.994932],[-89.36239,29.994917],[-89.362426,29.994902],[-89.362459,29.994885],[-89.362492,29.994872],[-89.362525,29.994854],[-89.362548,29.994835],[-89.362511,29.994853],[-89.362478,29.994864],[-89.362442,29.994872],[-89.362407,29.994882],[-89.362374,29.994888],[-89.362327,29.994888],[-89.36229,29.994887],[-89.362256,29.994881],[-89.362215,29.994878],[-89.36218,29.994871],[-89.362151,29.994859]]]}},{"type":"Feature","properties":{"d":"2025-05-22","material":"Limestone"},"geometry":{"type":"MultiLineString","coordinates":[[[-89.361845,29.994014],[-89.361843,29.994015],[-89.361857,29.994051],[-89.361886,29.994076],[-89.361922,29.994085],[-89.361958,29.994068],[-89.36197,29.994036],[-89.361968,29.993998],[-89.361951,29.993959],[-89.361929,29.993933],[-89.361901,29.993908],[-89.361873,29.99389],[-89.361837,29.993881],[-89.361803,29.993877],[-89.361768,29.993878],[-89.361735,29.993883],[-89.3617,29.993898],[-89.361673,29.99392],[-89.361654,29.993948],[-89.361642,29.993977],[-89.361642,29.994009],[-89.361653,29.994041],[-89.361676,29.994074],[-89.36171,29.994106],[-89.361755,29.994128],[-89.361803,29.994139],[-89.361856,29.994138],[-89.361905,29.99412],[-89.361946,29.994096],[-89.361982,29.994066],[-89.362009,29.994025],[-89.362022,29.993984],[-89.362021,29.993942],[-89.362009,29.993904],[-89.361987,29.993868],[-89.361957,29.99384],[-89.36192,29.99382],[-89.361875,29.993808],[-89.36183,29.993808],[-89.361784,29.993816],[-89.36174,29.993833],[-89.3617,29.993856],[-89.361666,29.993887],[-89.36164,29.993922],[-89.361623,29.993965],[-89.361616,29.994007],[-89.36162,29.994053],[-89.361633,29.9941],[-89.361656,29.994144],[-89.361692,29.994178],[-89.361733,29.994202],[-89.361782,29.994211],[-89.361829,29.994208],[-89.361875,29.994192],[-89.361916,29.994167],[-89.361952,29.994135],[-89.36198,29.994092],[-89.361992,29.994051],[-89.361992,29.994008],[-89.361978,29.993966],[-89.361955,29.993931],[-89.361923,29.993904],[-89.361886,29.993882],[-89.361844,29.993872],[-89.361801,29.993872],[-89.36176,29.993881],[-89.361725,29.993901],[-89.361694,29.993929],[-89.36167,29.993963],[-89.361653,29.994007],[-89.361647,29.994054],[-89.361656,29.994093],[-89.361677,29.994135],[-89.36171,29.994173],[-89.361756,29.994197],[-89.361808,29.994209],[-89.361861,29.994212],[-89.361912,29.994198],[-89.361958,29.994177],[-89.361995,29.99415],[-89.362028,29.994111],[-89.362045,29.994071],[-89.362048,29.994031],[-89.362038,29.993988],[-89.362017,29.993953],[-89.36199,29.993925],[-89.361954,29.993901],[-89.361916,29.993888],[-89.361875,29.993882],[-89.36183,29.993885],[-89.361784,29.993898],[-89.361749,29.993922],[-89.361717,29.993955],[-89.361688,29.993985],[-89.36166,29.994006],[-89.361634,29.994023],[-89.361606,29.99404],[-89.361574,29.994051],[-89.361549,29.994034],[-89.361542,29.994004],[-89.36154,29.993969],[-89.361541,29.993934],[-89.361544,29.993904],[-89.361552,29.993875],[-89.361566,29.993847],[-89.361584,29.993818],[-89.361604,29.993787],[-89.361626,29.993756],[-89.361647,29.993729],[-89.361673,29.993708],[-89.3617,29.993685],[-89.361728,29.993668],[-89.361755,29.993652],[-89.361784,29.993632],[-89.361811,29.993614],[-89.361838,29.9936],[-89.361844,29.993627],[-89.361816,29.993639],[-89.361845,29.993621],[-89.361873,29.993607],[-89.361903,29.993595],[-89.361938,29.993586],[-89.361975,29.993573],[-89.362016,29.993565],[-89.36206,29.993561],[-89.362102,29.993566],[-89.362133,29.993573],[-89.362172,29.993578],[-89.362209,29.993585],[-89.362249,29.993604],[-89.362283,29.993617],[-89.362317,29.993635],[-89.36235,29.993654],[-89.36238,29.993676],[-89.362408,29.993699],[-89.362434,29.993723],[-89.362462,29.993743],[-89.362487,29.99377],[-89.362506,29.993793],[-89.362517,29.993823],[-89.362526,29.993851],[-89.36253,29.993886],[-89.362529,29.993919],[-89.362522,29.993949],[-89.362512,29.993979],[-89.362496,29.994007],[-89.362469,29.994034],[-89.362444,29.994057],[-89.362422,29.994079],[-89.362393,29.994097],[-89.362357,29.994115],[-89.362322,29.994139],[-89.362288,29.994163],[-89.362251,29.994187],[-89.362222,29.994205],[-89.36219,29.994223],[-89.362163,29.994241],[-89.362136,29.994262],[-89.362108,29.994284],[-89.362079,29.994303],[-89.362048,29.99432],[-89.362016,29.994334],[-89.361986,29.994348],[-89.361955,29.994361]]]}},{"type":"Feature","properties":{"d":"2025-05-22","material":"Limestone"},"geometry":{"type":"MultiLineString","coordinates":[[[-89.361976,29.993661],[-89.361892,29.993642],[-89.36186,29.993638],[-89.361827,29.993633],[-89.361791,29.993628],[-89.361753,29.993624],[-89.361716,29.993622],[-89.361685,29.993622],[-89.361647,29.993621],[-89.361589,29.99362],[-89.361529,29.993606],[-89.361484,29.993574],[-89.361455,29.99353],[-89.361448,29.993484],[-89.361461,29.993434],[-89.361496,29.993389],[-89.361545,29.993356],[-89.361573,29.993343],[-89.361603,29.993335],[-89.361636,29.993333],[-89.361697,29.993337],[-89.361727,29.993346],[-89.361756,29.993357],[-89.361784,29.99337],[-89.36183,29.993406],[-89.361848,29.99343],[-89.361865,29.993453],[-89.36188,29.99348],[-89.36189,29.993509],[-89.361898,29.993537],[-89.3619,29.993564],[-89.361897,29.993614],[-89.361875,29.993661],[-89.361835,29.993697],[-89.361784,29.993726],[-89.36173,29.993747],[-89.361672,29.993753],[-89.361618,29.993739],[-89.361572,29.99371],[-89.361538,29.99367],[-89.361527,29.993622],[-89.361535,29.993572],[-89.361561,29.993523],[-89.361581,29.993502],[-89.361631,29.993473],[-89.361686,29.993456],[-89.361744,29.993459],[-89.361799,29.993478],[-89.361841,29.993513],[-89.36187,29.993558],[-89.36188,29.993601],[-89.36187,29.993648],[-89.361843,29.993686],[-89.361802,29.993714],[-89.361751,29.993725],[-89.361698,29.99372],[-89.361643,29.993705],[-89.361616,29.993691],[-89.361566,29.993661],[-89.361544,29.993642],[-89.36151,29.993596],[-89.361495,29.99357],[-89.361485,29.993544],[-89.361479,29.993516],[-89.361485,29.993464],[-89.361507,29.993413],[-89.361526,29.993389],[-89.36155,29.993368],[-89.361577,29.993351],[-89.361634,29.993335],[-89.361665,29.993334],[-89.361724,29.993343],[-89.361784,29.993361],[-89.361813,29.993377],[-89.36184,29.993395],[-89.361865,29.993416],[-89.361886,29.99344],[-89.361904,29.993463],[-89.361918,29.993489],[-89.361927,29.993515],[-89.361934,29.993542],[-89.361938,29.993569],[-89.361934,29.993619],[-89.361914,29.993669],[-89.361877,29.993709],[-89.361853,29.993727],[-89.361826,29.993742],[-89.361772,29.993765],[-89.361717,29.993774],[-89.36166,29.993772],[-89.361599,29.993764],[-89.361567,29.993758],[-89.361536,29.993751],[-89.361482,29.993725],[-89.361454,29.99371],[-89.361416,29.993668],[-89.361392,29.993619],[-89.361381,29.993566],[-89.361387,29.993514],[-89.361406,29.993463],[-89.361438,29.99342],[-89.361484,29.99338],[-89.361511,29.993364],[-89.361564,29.993344],[-89.361623,29.993336],[-89.361655,29.993332],[-89.361717,29.993338],[-89.361775,29.993355],[-89.361804,29.993367],[-89.36183,29.993383],[-89.361873,29.993416],[-89.361904,29.993458],[-89.361924,29.993504],[-89.36193,29.993552],[-89.361923,29.993601],[-89.361906,29.993646],[-89.361874,29.993685],[-89.361839,29.993722],[-89.361793,29.993752],[-89.361743,29.993777],[-89.361689,29.993795],[-89.361633,29.993807],[-89.361577,29.993814],[-89.361522,29.993816],[-89.361465,29.993811],[-89.36141,29.993802],[-89.361379,29.993795],[-89.361349,29.993785],[-89.361297,29.993766],[-89.36125,29.993746],[-89.361209,29.993722],[-89.36118,29.993697],[-89.361161,29.99367],[-89.361148,29.993642],[-89.361142,29.993612],[-89.361148,29.993573],[-89.361164,29.993547],[-89.361189,29.993524],[-89.361215,29.993505],[-89.361248,29.993488],[-89.361282,29.993477],[-89.361317,29.993468],[-89.361353,29.993462],[-89.361393,29.993458],[-89.361433,29.993458],[-89.361477,29.993457],[-89.361521,29.993459],[-89.361559,29.993466],[-89.361602,29.993471],[-89.361645,29.993475],[-89.361685,29.993482],[-89.361721,29.993492],[-89.361752,29.993509],[-89.361782,29.993531],[-89.36181,29.99356],[-89.361833,29.993594],[-89.361856,29.993631],[-89.361874,29.993669],[-89.361882,29.993711],[-89.361883,29.993754],[-89.361881,29.993792],[-89.361872,29.993831],[-89.361858,29.993864],[-89.361833,29.993893],[-89.361803,29.993913],[-89.36177,29.99393],[-89.361738,29.993937],[-89.361706,29.993933],[-89.361677,29.993918],[-89.36165,29.993895],[-89.361623,29.993868],[-89.361596,29.993837],[-89.361568,29.993804],[-89.361535,29.993771],[-89.361498,29.99374],[-89.361465,29.993711],[-89.361428,29.993681],[-89.361396,29.993655],[-89.361357,29.993628],[-89.361319,29.993602],[-89.361281,29.993576],[-89.36125,29.993545],[-89.36123,29.993512],[-89.361213,29.993473],[-89.361206,29.993432],[-89.361208,29.993395]]]}},{"type":"Feature","properties":{"d":"2025-05-22","material":"Limestone"},"geometry":{"type":"MultiLineString","coordinates":[[[-89.362676,29.99462],[-89.362735,29.994595],[-89.362756,29.994573],[-89.362781,29.994553],[-89.362813,29.99454],[-89.36285,29.994538],[-89.362886,29.99454],[-89.36292,29.994549],[-89.36295,29.994569],[-89.362973,29.994594],[-89.362982,29.994626],[-89.362988,29.99466],[-89.362983,29.994694],[-89.362967,29.994719],[-89.362944,29.994739],[-89.362915,29.994753],[-89.362878,29.994759],[-89.362839,29.994754],[-89.362794,29.994743],[-89.362751,29.994727],[-89.362708,29.994707],[-89.362665,29.994691],[-89.362619,29.994676],[-89.36258,29.994656],[-89.362548,29.994627],[-89.362527,29.994594],[-89.362514,29.994556],[-89.362514,29.99452],[-89.362529,29.994485],[-89.362555,29.99446],[-89.362589,29.994442],[-89.362628,29.994436],[-89.362666,29.994437],[-89.362705,29.994446],[-89.362737,29.994459],[-89.362761,29.994481],[-89.36278,29.99451],[-89.362791,29.994547],[-89.362791,29.994587],[-89.36278,29.994624],[-89.362767,29.994652],[-89.362744,29.994682],[-89.362726,29.994709],[-89.362691,29.994727],[-89.362664,29.994711],[-89.36264,29.994684],[-89.362627,29.994655],[-89.36262,29.994627],[-89.362647,29.994649],[-89.362669,29.994673],[-89.362709,29.994681],[-89.36274,29.994689],[-89.362772,29.994706],[-89.362806,29.994724],[-89.362843,29.994739],[-89.362882,29.994752],[-89.362929,29.994765],[-89.362959,29.994778],[-89.362985,29.994794],[-89.363015,29.994824],[-89.363034,29.994847],[-89.363046,29.994876],[-89.363052,29.994906],[-89.363046,29.994936],[-89.363036,29.994962],[-89.363011,29.994996],[-89.362988,29.995023],[-89.362967,29.995044],[-89.362938,29.995065],[-89.362912,29.995082],[-89.362884,29.995093],[-89.362859,29.995069],[-89.362855,29.995026],[-89.362872,29.99499],[-89.362905,29.994963],[-89.362949,29.994944],[-89.362996,29.994941],[-89.363043,29.99495],[-89.363083,29.99497],[-89.363113,29.995005],[-89.363129,29.995044],[-89.363129,29.995084],[-89.363117,29.995122],[-89.36309,29.995157],[-89.36305,29.995183],[-89.363005,29.995201],[-89.362958,29.995216],[-89.362908,29.99522],[-89.362856,29.99521],[-89.362806,29.995191],[-89.362768,29.995164],[-89.362737,29.995126],[-89.362718,29.99508],[-89.362713,29.995031],[-89.362725,29.994986],[-89.362753,29.994945],[-89.362795,29.994914],[-89.362844,29.994895],[-89.362897,29.99489],[-89.362952,29.9949],[-89.363,29.994919],[-89.363036,29.994949],[-89.363061,29.994988],[-89.363075,29.99503],[-89.363074,29.995076],[-89.363059,29.995121],[-89.363036,29.995161],[-89.363001,29.995197],[-89.362957,29.995221],[-89.362908,29.995239],[-89.362859,29.995244],[-89.362807,29.995238],[-89.362756,29.995221],[-89.362712,29.995194],[-89.362683,29.995154],[-89.36267,29.995108],[-89.362668,29.995057],[-89.362677,29.995006],[-89.362689,29.994981],[-89.362705,29.994955],[-89.362723,29.994932],[-89.362744,29.994909],[-89.362769,29.994891],[-89.362793,29.994874],[-89.362843,29.994857],[-89.362895,29.994852],[-89.362953,29.994858],[-89.362998,29.994879],[-89.363041,29.994907],[-89.363066,29.994945],[-89.363078,29.994987],[-89.363075,29.995033],[-89.36306,29.995074],[-89.363031,29.995113],[-89.362992,29.995146],[-89.362946,29.995171],[-89.362894,29.995185],[-89.362842,29.995187],[-89.362789,29.995179],[-89.362737,29.995161],[-89.362697,29.995131],[-89.362669,29.995095],[-89.362651,29.995052],[-89.362645,29.995002],[-89.36265,29.994973],[-89.362669,29.994925],[-89.362704,29.994882],[-89.362725,29.994861],[-89.362775,29.994835],[-89.362831,29.994823],[-89.362887,29.994823],[-89.362945,29.994833],[-89.362999,29.994855],[-89.363045,29.994886],[-89.36308,29.994921],[-89.363104,29.994965],[-89.363112,29.995016],[-89.363108,29.995068],[-89.363094,29.995114],[-89.36307,29.995159],[-89.36304,29.995198],[-89.362997,29.995228],[-89.362946,29.995247],[-89.362894,29.995257],[-89.362843,29.995255],[-89.362791,29.995239],[-89.362745,29.99521],[-89.362711,29.995177],[-89.362691,29.995133],[-89.362682,29.995082],[-89.362691,29.995033],[-89.362713,29.994987],[-89.362749,29.994943],[-89.362775,29.994927],[-89.362836,29.994904],[-89.362894,29.994895],[-89.362954,29.994896],[-89.363012,29.994908],[-89.363059,29.994934],[-89.363102,29.994964],[-89.363126,29.995003],[-89.363139,29.995048],[-89.363138,29.995096],[-89.363125,29.995139],[-89.363103,29.99518],[-89.363069,29.995215],[-89.363022,29.995241],[-89.36297,29.99526],[-89.362915,29.995267],[-89.362861,29.995262],[-89.362807,29.995249],[-89.362763,29.995223],[-89.362729,29.995188],[-89.362707,29.995144],[-89.362695,29.995097],[-89.362697,29.995046],[-89.36272,29.994999],[-89.362756,29.994957],[-89.362802,29.994929],[-89.362854,29.994922],[-89.362902,29.99493],[-89.362956,29.99495],[-89.362983,29.994963],[-89.363024,29.994999],[-89.363063,29.995041],[-89.36308,29.995065],[-89.363103,29.995115],[-89.363115,29.995141],[-89.363124,29.995167],[-89.363133,29.995196],[-89.363142,29.99525],[-89.363142,29.9953],[-89.363123,29.995346],[-89.363091,29.995388],[-89.363054,29.995423],[-89.363006,29.995445],[-89.362956,29.995459],[-89.362905,29.995459],[-89.362853,29.995445],[-89.362802,29.995425],[-89.362756,29.995398],[-89.362716,29.995363],[-89.362685,29.995322],[-89.362657,29.995276],[-89.362646,29.99525],[-89.362626,29.995199],[-89.362621,29.99517],[-89.36262,29.995142],[-89.362623,29.995115],[-89.362628,29.995088],[-89.362644,29.995037],[-89.362656,29.995012],[-89.362673,29.994989],[-89.362716,29.994956],[-89.362766,29.994932],[-89.36282,29.994921],[-89.362879,29.994927],[-89.362936,29.994943],[-89.362982,29.994971],[-89.36302,29.995004],[-89.363042,29.995046],[-89.363049,29.99509],[-89.363043,29.995133],[-89.363025,29.995175],[-89.362995,29.99521],[-89.362955,29.995237],[-89.362902,29.995255],[-89.362849,29.995261],[-89.362798,29.995257],[-89.362751,29.995241],[-89.362719,29.995211],[-89.362699,29.995169],[-89.36269,29.995122],[-89.362697,29.995073],[-89.362714,29.995027],[-89.362746,29.99498],[-89.362768,29.994959],[-89.362792,29.994939],[-89.36282,29.994925],[-89.362875,29.994906],[-89.36293,29.9949],[-89.362983,29.994908],[-89.363042,29.994924],[-89.363095,29.994947],[-89.363141,29.99498],[-89.36318,29.99502],[-89.363212,29.995065],[-89.363235,29.995113],[-89.363243,29.995164],[-89.363237,29.995212],[-89.363216,29.995261],[-89.36319,29.995304],[-89.363151,29.995338],[-89.363107,29.995367],[-89.363079,29.995379],[-89.363022,29.9954],[-89.362992,29.995407],[-89.362933,29.995418],[-89.362878,29.995415],[-89.362826,29.995396],[-89.362789,29.995363],[-89.362758,29.995325],[-89.362733,29.995279],[-89.362716,29.99523],[-89.36271,29.995203],[-89.362707,29.995176],[-89.362709,29.995126],[-89.362726,29.995078],[-89.362758,29.995033],[-89.362803,29.994994],[-89.362828,29.994978],[-89.362884,29.994956],[-89.362942,29.994946],[-89.362995,29.994958],[-89.363042,29.99498],[-89.363081,29.995013],[-89.36311,29.995052],[-89.363135,29.995097],[-89.363147,29.995147],[-89.363146,29.995196],[-89.363129,29.995238],[-89.363102,29.995274],[-89.363064,29.995304],[-89.363014,29.995326],[-89.362961,29.995341],[-89.362906,29.995347],[-89.362853,29.995342],[-89.362801,29.995327],[-89.36275,29.995302],[-89.362705,29.995268],[-89.362664,29.995231],[-89.362633,29.995191],[-89.362614,29.995144],[-89.362608,29.99509],[-89.362617,29.995041],[-89.36264,29.994995],[-89.362658,29.994973],[-89.362703,29.994938],[-89.362758,29.994917],[-89.362815,29.994909],[-89.362876,29.994915],[-89.362933,29.99493],[-89.36296,29.994944],[-89.363006,29.994973],[-89.363043,29.99501],[-89.363072,29.995056],[-89.363087,29.995105],[-89.363086,29.995152],[-89.363073,29.995197],[-89.363047,29.995243],[-89.363013,29.995281],[-89.362973,29.995311],[-89.362918,29.995331],[-89.362866,29.995339],[-89.362815,29.995336],[-89.362762,29.995324],[-89.362708,29.995305],[-89.36266,29.995282],[-89.362621,29.995244],[-89.362592,29.995202],[-89.362573,29.995153],[-89.362573,29.9951],[-89.362582,29.99505],[-89.362603,29.995],[-89.362619,29.994976],[-89.362638,29.994952],[-89.362661,29.994931],[-89.362686,29.994912],[-89.362713,29.994894],[-89.36274,29.994879],[-89.362769,29.994867],[-89.3628,29.994859],[-89.36283,29.994855],[-89.36289,29.994851],[-89.36295,29.994862],[-89.363008,29.994882],[-89.36306,29.994909],[-89.363103,29.994942],[-89.363135,29.994982],[-89.363152,29.995028],[-89.363155,29.995079],[-89.363148,29.995129],[-89.363124,29.995172],[-89.36309,29.995207],[-89.363048,29.995236],[-89.362997,29.995257],[-89.362943,29.995267],[-89.362889,29.995265],[-89.362833,29.995253],[-89.362782,29.995232],[-89.362738,29.995201],[-89.362706,29.995162],[-89.362687,29.995118],[-89.362677,29.995069],[-89.362686,29.995022],[-89.362712,29.994976],[-89.362753,29.994935],[-89.362778,29.994918],[-89.36283,29.994891],[-89.362889,29.994879],[-89.36292,29.994877],[-89.36298,29.994885],[-89.36301,29.994894],[-89.363061,29.994916],[-89.363106,29.994949],[-89.363135,29.994992],[-89.363153,29.995037],[-89.363162,29.995087],[-89.363159,29.995135],[-89.363145,29.99518],[-89.363116,29.995221],[-89.36308,29.995253],[-89.363036,29.995275],[-89.362985,29.995289],[-89.362928,29.99529],[-89.362874,29.995281],[-89.36282,29.995268],[-89.362769,29.995244],[-89.362726,29.995212],[-89.362698,29.995176],[-89.362681,29.99513],[-89.362673,29.995078],[-89.362681,29.995032],[-89.362704,29.994988],[-89.362744,29.994951],[-89.362788,29.994932],[-89.362841,29.994922],[-89.362899,29.994928],[-89.362929,29.994939],[-89.362982,29.99496],[-89.36302,29.99499],[-89.363049,29.995029],[-89.363062,29.995072],[-89.363062,29.995117],[-89.363046,29.99516],[-89.363021,29.995198],[-89.362984,29.995225],[-89.362941,29.995244],[-89.36289,29.995247],[-89.362839,29.995233],[-89.362789,29.995212],[-89.362744,29.995184],[-89.362709,29.995148],[-89.362687,29.995105],[-89.362675,29.995057],[-89.362678,29.99501],[-89.362703,29.994968],[-89.362744,29.994932],[-89.362793,29.994911],[-89.362847,29.994902],[-89.362901,29.994908],[-89.362952,29.994922],[-89.362997,29.994949],[-89.363035,29.994981],[-89.363058,29.995019],[-89.363065,29.995067],[-89.363062,29.995112],[-89.363045,29.995156],[-89.363015,29.995193],[-89.362977,29.99522],[-89.362933,29.995234],[-89.362884,29.995236],[-89.362833,29.995227],[-89.36279,29.995205],[-89.362753,29.995173],[-89.362725,29.995131],[-89.362709,29.995085],[-89.362712,29.995035],[-89.362729,29.99499],[-89.362765,29.994952],[-89.362809,29.994926],[-89.362854,29.994916],[-89.362906,29.994926],[-89.362958,29.994943],[-89.363002,29.994971],[-89.363034,29.995006],[-89.363055,29.995048],[-89.36306,29.995092],[-89.363048,29.995137],[-89.363019,29.995176],[-89.362986,29.99521],[-89.362945,29.995235],[-89.362899,29.995252],[-89.362846,29.995253],[-89.362793,29.995241],[-89.362746,29.995221],[-89.362709,29.995191],[-89.362684,29.995149],[-89.362671,29.995106],[-89.362665,29.995069],[-89.36266,29.995035],[-89.362658,29.995005],[-89.362663,29.994967],[-89.362671,29.994937]]]}},{"type":"Feature","properties":{"d":"2025-05-22","material":"Limestone"},"geometry":{"type":"MultiLineString","coordinates":[[[-89.362737,29.994816],[-89.362696,29.99479],[-89.362667,29.994774],[-89.362641,29.994757],[-89.362612,29.994739],[-89.362587,29.994719],[-89.36256,29.994698],[-89.362537,29.994679],[-89.362518,29.994654],[-89.362511,29.994627],[-89.362509,29.994588],[-89.362518,29.994561],[-89.362531,29.994536],[-89.36255,29.99451],[-89.362575,29.994488],[-89.362609,29.994465],[-89.362654,29.994448],[-89.362705,29.994443],[-89.362756,29.994457],[-89.362804,29.994485],[-89.362835,29.994523],[-89.362852,29.994568],[-89.362852,29.99462],[-89.362836,29.994668],[-89.362803,29.99471],[-89.362764,29.994743],[-89.362719,29.994767],[-89.362666,29.994779],[-89.362613,29.994773],[-89.362562,29.994758],[-89.362518,29.994731],[-89.362485,29.994691],[-89.362464,29.994646],[-89.362457,29.994596],[-89.362469,29.994548],[-89.362496,29.994505],[-89.362536,29.994469],[-89.362584,29.994448],[-89.362638,29.99444],[-89.362691,29.994449],[-89.362738,29.99447],[-89.362777,29.994506],[-89.362801,29.994549],[-89.362812,29.994592],[-89.362807,29.994639],[-89.362792,29.994684],[-89.36276,29.994718],[-89.36272,29.994742],[-89.362668,29.994757],[-89.362614,29.99476],[-89.362564,29.994752],[-89.362522,29.994733],[-89.36249,29.994702],[-89.362471,29.994658],[-89.362471,29.994613],[-89.36249,29.994568],[-89.36252,29.994528],[-89.362563,29.994503],[-89.362615,29.994496],[-89.362665,29.994502],[-89.362709,29.994524],[-89.362746,29.994555],[-89.362767,29.994596],[-89.362772,29.994638],[-89.362762,29.994681],[-89.362741,29.994717],[-89.362706,29.994742],[-89.362661,29.99476],[-89.362619,29.994763],[-89.362584,29.99476],[-89.362546,29.994755],[-89.362516,29.994746],[-89.362525,29.994718],[-89.362555,29.9947],[-89.362585,29.994692],[-89.362571,29.994721],[-89.362528,29.994722],[-89.362495,29.994719],[-89.362463,29.994708],[-89.362424,29.994692],[-89.362399,29.994673],[-89.362383,29.994648],[-89.362406,29.994628],[-89.362428,29.994605],[-89.362399,29.994585],[-89.36237,29.994574],[-89.362339,29.994563],[-89.362308,29.994567],[-89.362281,29.994582],[-89.362274,29.994611],[-89.362264,29.994639],[-89.362254,29.994668],[-89.362248,29.994696],[-89.362234,29.994724],[-89.36222,29.99475],[-89.362196,29.994771],[-89.362185,29.994797],[-89.362212,29.994813],[-89.362248,29.994819],[-89.36227,29.994844],[-89.362273,29.994872],[-89.36227,29.994904],[-89.362268,29.994934],[-89.362265,29.994964],[-89.362255,29.99499],[-89.362254,29.995018],[-89.362282,29.995036],[-89.362311,29.99505],[-89.362317,29.995078],[-89.362351,29.995084],[-89.362388,29.995089],[-89.362422,29.9951],[-89.362454,29.99511],[-89.362491,29.995119],[-89.362522,29.99513],[-89.362557,29.99515],[-89.362594,29.995183],[-89.362609,29.995208],[-89.36262,29.995236],[-89.362626,29.995266],[-89.362622,29.995295],[-89.36261,29.99532],[-89.362593,29.995345],[-89.362572,29.995364],[-89.362545,29.995382],[-89.362515,29.995394],[-89.362458,29.995401],[-89.362416,29.995396],[-89.362379,29.995375],[-89.36235,29.995348],[-89.362323,29.995316],[-89.362297,29.995283],[-89.362273,29.995246],[-89.362247,29.995209],[-89.362223,29.995174],[-89.362206,29.995144],[-89.362191,29.995116],[-89.362179,29.99509],[-89.362167,29.995052],[-89.362162,29.995013],[-89.362159,29.994979],[-89.362152,29.994945],[-89.362146,29.994917],[-89.362136,29.994885],[-89.362121,29.994853],[-89.3621,29.994833],[-89.36207,29.994812],[-89.362039,29.994792],[-89.362007,29.994768],[-89.361974,29.994739],[-89.361946,29.99471],[-89.36192,29.994677],[-89.361903,29.994635],[-89.361896,29.994579],[-89.361899,29.994548],[-89.361911,29.994519],[-89.36193,29.994492],[-89.361953,29.994468],[-89.361979,29.99445],[-89.36203,29.994432],[-89.362078,29.994428],[-89.362123,29.994428],[-89.362161,29.99443],[-89.362198,29.994434],[-89.362235,29.99445],[-89.362263,29.994467],[-89.362289,29.994488],[-89.362309,29.994513],[-89.362331,29.99454],[-89.362346,29.994569],[-89.362355,29.994596],[-89.362367,29.994629],[-89.362377,29.994656],[-89.362384,29.994689],[-89.362392,29.994718],[-89.362389,29.994748],[-89.362373,29.994773],[-89.362348,29.994795],[-89.36231,29.994801],[-89.362279,29.994786],[-89.362258,29.99476],[-89.362255,29.99473],[-89.36228,29.994713],[-89.362269,29.994742],[-89.362243,29.994762],[-89.362209,29.994753],[-89.362211,29.994791],[-89.362193,29.994829],[-89.362156,29.994857],[-89.362109,29.994869],[-89.362058,29.99486],[-89.362007,29.994836],[-89.36197,29.9948],[-89.361946,29.994767],[-89.361932,29.994737],[-89.361924,29.994709],[-89.361918,29.99467],[-89.36192,29.994641],[-89.361929,29.99461],[-89.361941,29.994577],[-89.36195,29.994546],[-89.361963,29.994517],[-89.361983,29.994489],[-89.36201,29.994469],[-89.36204,29.994463],[-89.362072,29.994477],[-89.362093,29.994503],[-89.36209,29.994533],[-89.362082,29.99457],[-89.362074,29.994601],[-89.362063,29.994627],[-89.362032,29.994655],[-89.361999,29.994666],[-89.36197,29.994655],[-89.361943,29.994622],[-89.361919,29.99459],[-89.361903,29.994561],[-89.36191,29.994533],[-89.36194,29.99452],[-89.36197,29.99451],[-89.362002,29.994491],[-89.362028,29.994475],[-89.362055,29.994456],[-89.362084,29.994437],[-89.362117,29.994415],[-89.362145,29.994398],[-89.362168,29.99438],[-89.3622,29.994356],[-89.362227,29.994341],[-89.36227,29.994331],[-89.362304,29.994332],[-89.362339,29.994339],[-89.362382,29.994347],[-89.362419,29.994359],[-89.362453,29.994373],[-89.362489,29.994387],[-89.362518,29.994408],[-89.36255,29.994431],[-89.362577,29.994448],[-89.362613,29.994467],[-89.36265,29.994479],[-89.362681,29.994494],[-89.362713,29.994508],[-89.362753,29.994521],[-89.362781,29.994535],[-89.362762,29.994506],[-89.362737,29.994489],[-89.362712,29.994507],[-89.36269,29.994529],[-89.362667,29.994549],[-89.362664,29.994578],[-89.362634,29.994594],[-89.3626,29.994607],[-89.362559,29.994621],[-89.362516,29.994638],[-89.362479,29.994655],[-89.36245,29.994674],[-89.362413,29.994696],[-89.362383,29.99472],[-89.362365,29.994744],[-89.362358,29.994772],[-89.362352,29.994802],[-89.362347,29.994831],[-89.362342,29.994862],[-89.362359,29.994884],[-89.362389,29.994893],[-89.362424,29.994901],[-89.362457,29.994897],[-89.362497,29.994882],[-89.362526,29.994861],[-89.362555,29.994827],[-89.362581,29.994789],[-89.36261,29.994748],[-89.362634,29.994703],[-89.36266,29.994662],[-89.362681,29.99462],[-89.362692,29.994574],[-89.362696,29.994531],[-89.362689,29.994493],[-89.362673,29.994459],[-89.362648,29.994435],[-89.362619,29.994417],[-89.362589,29.994408],[-89.362545,29.994417],[-89.362522,29.994439],[-89.362506,29.99447],[-89.362492,29.994504],[-89.362492,29.994537],[-89.362504,29.994563],[-89.362513,29.994592],[-89.36253,29.994621],[-89.362556,29.994642],[-89.36258,29.99466],[-89.3626,29.994682],[-89.362615,29.994708],[-89.362628,29.994734],[-89.362642,29.99476],[-89.362652,29.994787],[-89.362663,29.994812],[-89.36267,29.994854],[-89.362652,29.994892],[-89.362604,29.994925],[-89.362544,29.994929],[-89.362492,29.994911],[-89.362455,29.99489],[-89.362427,29.994869],[-89.362404,29.994849],[-89.362384,29.994827],[-89.362363,29.994796],[-89.362352,29.994767],[-89.36235,29.994735],[-89.362352,29.994705],[-89.362359,29.994672],[-89.362372,29.994645],[-89.362394,29.994622],[-89.362426,29.994608],[-89.362457,29.994602],[-89.362487,29.99459],[-89.362519,29.994579],[-89.362549,29.994571],[-89.362585,29.994578],[-89.362618,29.994583],[-89.362669,29.994565],[-89.362728,29.994566],[-89.362758,29.994576],[-89.362784,29.994594],[-89.362802,29.994617],[-89.362823,29.994652],[-89.362835,29.994681],[-89.362846,29.994722],[-89.362841,29.994763],[-89.362826,29.994792],[-89.362796,29.994818],[-89.362759,29.99483],[-89.362724,29.99483],[-89.362692,29.994812],[-89.362667,29.994792],[-89.362645,29.994769],[-89.362634,29.994743],[-89.36263,29.994715],[-89.362642,29.994688],[-89.362675,29.994685],[-89.362702,29.994666],[-89.362728,29.994647],[-89.362752,29.994625],[-89.362777,29.9946],[-89.362801,29.994578],[-89.362831,29.994573],[-89.362825,29.994601],[-89.362807,29.994629],[-89.362785,29.994651],[-89.362764,29.994674],[-89.36275,29.9947],[-89.362738,29.994728],[-89.362705,29.994752],[-89.362672,29.994771],[-89.362641,29.994791],[-89.36261,29.994808],[-89.362574,29.994833],[-89.362548,29.994849],[-89.362521,29.994869],[-89.362491,29.994889],[-89.36246,29.994907],[-89.362429,29.994932],[-89.362399,29.994955],[-89.362376,29.994975],[-89.362342,29.994987],[-89.362307,29.994981],[-89.362276,29.994968],[-89.362243,29.994949],[-89.362215,29.994929],[-89.362191,29.994909],[-89.362165,29.994884],[-89.362144,29.994859],[-89.362131,29.994832],[-89.362147,29.994808],[-89.362179,29.994803],[-89.362211,29.994801],[-89.362234,29.994782],[-89.362267,29.994775],[-89.362299,29.994772],[-89.36233,29.994774],[-89.362364,29.994782],[-89.362395,29.994782],[-89.362423,29.994796],[-89.362455,29.994801],[-89.362486,29.994791],[-89.362478,29.994823],[-89.362459,29.994848],[-89.362445,29.99488],[-89.362439,29.994909],[-89.362478,29.994901],[-89.362496,29.994862],[-89.362502,29.994834],[-89.362507,29.9948],[-89.362512,29.994768],[-89.362515,29.994741],[-89.362521,29.99471],[-89.362528,29.994683],[-89.362536,29.994656],[-89.362543,29.994623],[-89.362543,29.994586],[-89.362526,29.994549],[-89.362506,29.994528],[-89.362484,29.994504],[-89.362461,29.994483],[-89.362437,29.994465],[-89.362404,29.99445],[-89.362374,29.994442],[-89.362342,29.994445],[-89.362319,29.994465],[-89.362316,29.994493],[-89.362324,29.994527],[-89.36234,29.994555],[-89.362362,29.994583],[-89.362388,29.994616],[-89.362415,29.994643],[-89.362446,29.994668],[-89.362473,29.994689],[-89.362507,29.994705],[-89.36254,29.994716],[-89.362572,29.994729],[-89.362602,29.994738],[-89.362633,29.994736]]]}},{"type":"Feature","properties":{"d":"2025-05-22","material":"Limestone"},"geometry":{"type":"MultiLineString","coordinates":[[[-89.362702,29.994048],[-89.362643,29.994046],[-89.362584,29.994048],[-89.362553,29.99405],[-89.362496,29.99405],[-89.362448,29.994054],[-89.362403,29.994073],[-89.362365,29.994099],[-89.362339,29.994135],[-89.362326,29.994175],[-89.362327,29.994218],[-89.362344,29.994264],[-89.362379,29.994301],[-89.362419,29.994336],[-89.362466,29.994357],[-89.362518,29.994365],[-89.362568,29.994361],[-89.362618,29.99435],[-89.362661,29.994325],[-89.362694,29.994294],[-89.362721,29.994256],[-89.362737,29.994209],[-89.362741,29.994162],[-89.36273,29.994116],[-89.362712,29.994075],[-89.362687,29.994034],[-89.362657,29.993998],[-89.362621,29.993963],[-89.362581,29.993938],[-89.362534,29.993918],[-89.362485,29.993907],[-89.362434,29.993903],[-89.362384,29.99391],[-89.362343,29.993929],[-89.362308,29.993956],[-89.362281,29.993992],[-89.362272,29.994032],[-89.36228,29.994076],[-89.362302,29.994118],[-89.362336,29.994151],[-89.362379,29.994173],[-89.36243,29.994184],[-89.362485,29.994182],[-89.362535,29.99417],[-89.362576,29.994147],[-89.362616,29.994115],[-89.362643,29.994077],[-89.362657,29.994035],[-89.362656,29.993989],[-89.362643,29.993949],[-89.362622,29.993913],[-89.362592,29.993885],[-89.362557,29.993862],[-89.362514,29.993851],[-89.362475,29.993844],[-89.36243,29.993849],[-89.362383,29.993862],[-89.362343,29.993882],[-89.362307,29.993915],[-89.362278,29.993955],[-89.362261,29.993999],[-89.362259,29.994041],[-89.362271,29.994085],[-89.362297,29.994126],[-89.362335,29.994158],[-89.36238,29.994186],[-89.362431,29.994202],[-89.362485,29.994209],[-89.362536,29.994204],[-89.362581,29.994184],[-89.36262,29.994161],[-89.36265,29.994128],[-89.362673,29.994089],[-89.362681,29.994044],[-89.362674,29.993999],[-89.36266,29.993959],[-89.362636,29.993922],[-89.362599,29.993895],[-89.362562,29.993873],[-89.362517,29.993864],[-89.362477,29.993866],[-89.362439,29.993878],[-89.362408,29.993899],[-89.362386,29.993932],[-89.362379,29.993972],[-89.362384,29.994012],[-89.362404,29.994056],[-89.362432,29.994097],[-89.362469,29.994136],[-89.362514,29.994168],[-89.362564,29.994188],[-89.36262,29.9942],[-89.362673,29.994201],[-89.362729,29.994194],[-89.362779,29.994174],[-89.362825,29.994147],[-89.362864,29.994111],[-89.362894,29.99407],[-89.362913,29.994026],[-89.362923,29.993978],[-89.362922,29.993931],[-89.362911,29.993887],[-89.362894,29.993846],[-89.362867,29.993807],[-89.362834,29.993775],[-89.362792,29.993751],[-89.362748,29.993736],[-89.3627,29.993731],[-89.362653,29.993734],[-89.362607,29.993746],[-89.362567,29.993767],[-89.362531,29.993797],[-89.362504,29.993835],[-89.362483,29.993879],[-89.362464,29.993926],[-89.362449,29.99398],[-89.362441,29.994006],[-89.362435,29.994033],[-89.362431,29.994083],[-89.362438,29.994132],[-89.362458,29.994178],[-89.362489,29.994219],[-89.36253,29.99426],[-89.362576,29.994293],[-89.362626,29.994322],[-89.362683,29.994339],[-89.36274,29.994348],[-89.362797,29.99435],[-89.362855,29.994349],[-89.362913,29.994341],[-89.362968,29.994318],[-89.362995,29.994306],[-89.363043,29.994273],[-89.363084,29.994237],[-89.363114,29.994198],[-89.363137,29.994151],[-89.363151,29.994107],[-89.363153,29.994057],[-89.363149,29.994007],[-89.363137,29.993963],[-89.363113,29.993923],[-89.363082,29.993886],[-89.363048,29.993855],[-89.363007,29.993835],[-89.362959,29.993817],[-89.36291,29.993811],[-89.36286,29.99381],[-89.362812,29.99382],[-89.362765,29.993835],[-89.362714,29.993854],[-89.362662,29.993878],[-89.362615,29.99391],[-89.362574,29.993949],[-89.36254,29.993991],[-89.36251,29.994031],[-89.362475,29.994059],[-89.362434,29.994077],[-89.362393,29.994084],[-89.362353,29.994076],[-89.362316,29.994061],[-89.362293,29.994034],[-89.362284,29.993999],[-89.362291,29.993964],[-89.36231,29.993931],[-89.362341,29.993904],[-89.36238,29.993885],[-89.362427,29.993877],[-89.362476,29.993881],[-89.362525,29.993898],[-89.362572,29.99392],[-89.362611,29.993947],[-89.362644,29.993983],[-89.362664,29.994025],[-89.362673,29.994068],[-89.362667,29.994107],[-89.362653,29.994141],[-89.362629,29.99417],[-89.362597,29.994192],[-89.362557,29.994205],[-89.362514,29.994211],[-89.362469,29.994205],[-89.362428,29.994192],[-89.362393,29.994167],[-89.362367,29.994135],[-89.362351,29.994096],[-89.36235,29.994057],[-89.36236,29.994013],[-89.362385,29.993977],[-89.362421,29.99395],[-89.362465,29.993934],[-89.362513,29.993924],[-89.36256,29.993926],[-89.362606,29.993942],[-89.362647,29.993967],[-89.362679,29.994],[-89.362701,29.994042],[-89.362711,29.994081],[-89.362713,29.994118],[-89.3627,29.994155],[-89.36268,29.994191],[-89.362646,29.994217],[-89.362604,29.994234],[-89.362559,29.994244],[-89.362513,29.994246],[-89.36247,29.994236],[-89.362428,29.994221],[-89.362393,29.994192],[-89.362364,29.994155],[-89.362342,29.994111],[-89.362329,29.99407],[-89.362326,29.994028],[-89.36234,29.993988],[-89.362367,29.993956],[-89.362403,29.993928],[-89.362446,29.993908],[-89.362494,29.9939],[-89.362543,29.993903],[-89.36259,29.993917],[-89.362631,29.993942],[-89.362666,29.993974],[-89.362695,29.994013],[-89.362713,29.994053],[-89.362713,29.994095],[-89.362703,29.994135],[-89.362686,29.994172],[-89.362659,29.994203],[-89.36262,29.994227],[-89.36258,29.994241],[-89.362533,29.994244],[-89.362486,29.994237]]]}},{"type":"Feature","properties":{"d":"2025-05-22","material":"Limestone"},"geometry":{"type":"MultiLineString","coordinates":[[[-89.362261,29.99355],[-89.362204,29.993593],[-89.362181,29.993622],[-89.362172,29.993659],[-89.362172,29.993696],[-89.362183,29.993736],[-89.362205,29.993773],[-89.362234,29.993806],[-89.362274,29.993831],[-89.362321,29.993842],[-89.362368,29.993846],[-89.362413,29.993843],[-89.362457,29.993829],[-89.362496,29.99381],[-89.362532,29.993783],[-89.362559,29.993754],[-89.362574,29.993721],[-89.362581,29.993682],[-89.36258,29.993649],[-89.362571,29.993617],[-89.362555,29.993585],[-89.36253,29.993561],[-89.362504,29.993541],[-89.362466,29.99353],[-89.362427,29.993523],[-89.362388,29.99353],[-89.36235,29.993548],[-89.362322,29.99357],[-89.362298,29.993603],[-89.362287,29.993643],[-89.362286,29.993681],[-89.362302,29.993716],[-89.362324,29.993752],[-89.362357,29.993781],[-89.362396,29.993807],[-89.362443,29.993822],[-89.362491,29.993831],[-89.36254,29.993829],[-89.362585,29.99382],[-89.362627,29.993802],[-89.362664,29.993778],[-89.362692,29.993749],[-89.36271,29.993716],[-89.362727,29.993682],[-89.362734,29.993646],[-89.362735,29.993612],[-89.362731,29.993578],[-89.362713,29.993546],[-89.362688,29.993517],[-89.362659,29.993499],[-89.362621,29.993484],[-89.36258,29.993482],[-89.362541,29.993487],[-89.362503,29.993504],[-89.362466,29.993527],[-89.362429,29.993554],[-89.3624,29.993585],[-89.362378,29.993619],[-89.362368,29.993657],[-89.362369,29.993695],[-89.36239,29.993731],[-89.362418,29.993764],[-89.362454,29.993794],[-89.362497,29.99381],[-89.362542,29.993817],[-89.362597,29.993812],[-89.362627,29.993803],[-89.362655,29.993789],[-89.36268,29.993769],[-89.362707,29.993746],[-89.362727,29.993718],[-89.362741,29.993689],[-89.362751,29.993659],[-89.362752,29.993624],[-89.362745,29.993588],[-89.362739,29.993558],[-89.362727,29.993532],[-89.362697,29.99349],[-89.362663,29.993452],[-89.362619,29.993417],[-89.362568,29.993395],[-89.362516,29.99338],[-89.362457,29.993372],[-89.362399,29.993373],[-89.36234,29.993381],[-89.362288,29.993401],[-89.362233,29.993427],[-89.362188,29.993462],[-89.362162,29.993479],[-89.362141,29.993499],[-89.362119,29.99352],[-89.362101,29.993543],[-89.362077,29.993596],[-89.36206,29.993648],[-89.362061,29.993679],[-89.36206,29.99371],[-89.362063,29.993737],[-89.362071,29.993771],[-89.362085,29.993822],[-89.362095,29.993849],[-89.362108,29.993875],[-89.362124,29.993901],[-89.362161,29.99394],[-89.362209,29.993971],[-89.362238,29.993986],[-89.362266,29.993997],[-89.362321,29.994003],[-89.362378,29.993995],[-89.362432,29.993981],[-89.362471,29.993954],[-89.362501,29.993926],[-89.362521,29.993896],[-89.362534,29.993861],[-89.362537,29.993828],[-89.362535,29.993801],[-89.362527,29.993774],[-89.362507,29.99375],[-89.362486,29.993727],[-89.362452,29.993706],[-89.362423,29.993691],[-89.362389,29.993689],[-89.362355,29.993692],[-89.362326,29.993706],[-89.362294,29.993718],[-89.362272,29.993741],[-89.362252,29.993763],[-89.362218,29.993785],[-89.362193,29.993805],[-89.36217,29.993828],[-89.362141,29.99385],[-89.362123,29.993876],[-89.362104,29.993903],[-89.362089,29.993929],[-89.362072,29.99396],[-89.362054,29.993982],[-89.362032,29.994009],[-89.362009,29.994033],[-89.361982,29.994052],[-89.362582,29.993651],[-89.362587,29.993613],[-89.362581,29.993574],[-89.362563,29.993541],[-89.362535,29.993513],[-89.362496,29.993494],[-89.362451,29.993477],[-89.362404,29.993462],[-89.362351,29.993455],[-89.362293,29.993455],[-89.362238,29.993465],[-89.362188,29.993487],[-89.36215,29.993517],[-89.362122,29.993556],[-89.362111,29.993603],[-89.362116,29.993645],[-89.362136,29.993692],[-89.362162,29.993733],[-89.362201,29.993765],[-89.362247,29.993784],[-89.362298,29.993792],[-89.36235,29.993789],[-89.362397,29.993779],[-89.362444,29.993761],[-89.362488,29.993737],[-89.362524,29.993703],[-89.362562,29.993667],[-89.362577,29.993643],[-89.362604,29.993601],[-89.362615,29.993574],[-89.36263,29.993534],[-89.362634,29.993492],[-89.362628,29.993448],[-89.362611,29.993408],[-89.362586,29.993373],[-89.362551,29.993342],[-89.362513,29.993324],[-89.362464,29.993311],[-89.362413,29.993311],[-89.362361,29.993321],[-89.362318,29.993341],[-89.36228,29.99337],[-89.362249,29.993411],[-89.362231,29.993454],[-89.362227,29.993502],[-89.36223,29.993552],[-89.362254,29.993599],[-89.36228,29.993642],[-89.362318,29.993678],[-89.362362,29.993702],[-89.362414,29.993718],[-89.362472,29.993721],[-89.362523,29.99372],[-89.362573,29.993708],[-89.362619,29.993687],[-89.362663,29.993662],[-89.362699,29.993626],[-89.362726,29.993585],[-89.362744,29.99354],[-89.362751,29.993498],[-89.36275,29.993453],[-89.36274,29.993413],[-89.362719,29.993375],[-89.362688,29.993343],[-89.362651,29.99332],[-89.362608,29.993305],[-89.362556,29.993299],[-89.362503,29.993301],[-89.362453,29.993313],[-89.362412,29.993343],[-89.362374,29.993377],[-89.362348,29.993414],[-89.362333,29.99346],[-89.362327,29.993511],[-89.362332,29.99356],[-89.362347,29.993609],[-89.362374,29.993652],[-89.362404,29.993691],[-89.362447,29.993719],[-89.362499,29.993738],[-89.36255,29.993747],[-89.362604,29.993746],[-89.36265,29.993735],[-89.362692,29.993713],[-89.362728,29.993684],[-89.362754,29.993648],[-89.362773,29.993612],[-89.36278,29.993571],[-89.362777,29.99353],[-89.362763,29.993496],[-89.362734,29.993463],[-89.362693,29.993433],[-89.362653,29.993406],[-89.36261,29.993385],[-89.362558,29.993366],[-89.362502,29.993354],[-89.36245,29.993349],[-89.362397,29.993347],[-89.362345,29.993345],[-89.362286,29.993348],[-89.362227,29.993353],[-89.362171,29.993366],[-89.36214,29.993371],[-89.36211,29.993382],[-89.36208,29.993394],[-89.36205,29.993405],[-89.362,29.993434],[-89.361965,29.993469],[-89.361938,29.99351],[-89.361923,29.993556],[-89.361922,29.993606],[-89.361925,29.993634],[-89.361939,29.993685],[-89.361962,29.993733],[-89.361981,29.993757],[-89.362015,29.993789],[-89.362056,29.993811],[-89.362109,29.993828],[-89.36216,29.993834],[-89.362218,29.993832],[-89.362269,29.993817],[-89.362316,29.993799],[-89.362362,29.993771],[-89.362397,29.993738],[-89.362428,29.993699],[-89.362453,29.993658],[-89.362474,29.993618],[-89.362484,29.993574],[-89.362478,29.993531],[-89.362463,29.993491],[-89.362441,29.993456],[-89.362406,29.993427],[-89.362366,29.993405],[-89.362323,29.99339],[-89.362276,29.99338],[-89.362224,29.993382],[-89.362172,29.993391],[-89.362126,29.993414],[-89.362087,29.993445],[-89.362061,29.993481],[-89.362041,29.993527],[-89.362034,29.993577],[-89.362039,29.993606],[-89.362053,29.993657],[-89.362065,29.993683],[-89.362094,29.993728],[-89.362129,29.993764],[-89.362171,29.993789],[-89.362224,29.993811],[-89.362275,29.99382],[-89.362329,29.99382],[-89.362383,29.99381],[-89.36243,29.993791],[-89.362474,29.993762],[-89.362506,29.993727],[-89.36253,29.993692],[-89.362545,29.993655],[-89.36254,29.993616],[-89.362534,29.993576],[-89.362511,29.993539],[-89.362478,29.993508],[-89.36244,29.993486],[-89.362401,29.993474],[-89.362356,29.993475],[-89.362314,29.993492]]]}},{"type":"Feature","properties":{"d":"2025-06-10","material":"River Rock"},"geometry":{"type":"MultiLineString","coordinates":[[[-89.361083,29.994308],[-89.360998,29.994433],[-89.360961,29.994442],[-89.360921,29.994438],[-89.36088,29.994426],[-89.360851,29.994404],[-89.360827,29.994379],[-89.360812,29.994346],[-89.360814,29.994305],[-89.360838,29.994261],[-89.360873,29.99422],[-89.360923,29.994199],[-89.36098,29.994194],[-89.361036,29.994215],[-89.36108,29.99425],[-89.361099,29.994294],[-89.361089,29.994339],[-89.361057,29.994379],[-89.361008,29.994402],[-89.360952,29.994405],[-89.360898,29.99439],[-89.360859,29.99436],[-89.360838,29.994316],[-89.360843,29.994266],[-89.360868,29.994221],[-89.360911,29.994189],[-89.360969,29.994181],[-89.361028,29.994189],[-89.361055,29.994204],[-89.361077,29.994224],[-89.361096,29.994246],[-89.36111,29.994291],[-89.361104,29.994333],[-89.361088,29.99437],[-89.361068,29.994402],[-89.361044,29.994423],[-89.361025,29.994446],[-89.360991,29.994473],[-89.360963,29.994493],[-89.360937,29.994512],[-89.360915,29.994533],[-89.360887,29.994546],[-89.360854,29.994553],[-89.360813,29.994557],[-89.360774,29.994553],[-89.360739,29.994541],[-89.36071,29.994531],[-89.360734,29.994555],[-89.360765,29.994562],[-89.360732,29.994582],[-89.360696,29.994589],[-89.360654,29.994594],[-89.360607,29.9946],[-89.360561,29.994614],[-89.360509,29.994619],[-89.360468,29.994613],[-89.36043,29.994598],[-89.360402,29.994578],[-89.360379,29.994551],[-89.360366,29.994519],[-89.360364,29.994487],[-89.360374,29.994454],[-89.360393,29.994424],[-89.360419,29.994407],[-89.36045,29.99439],[-89.360487,29.994388],[-89.360519,29.994398],[-89.360548,29.994416],[-89.360569,29.99444],[-89.36058,29.994473],[-89.360582,29.99451],[-89.360575,29.99455],[-89.360558,29.994586],[-89.360532,29.994613],[-89.360498,29.994634],[-89.360461,29.994644],[-89.360423,29.994647],[-89.360391,29.994638],[-89.360362,29.994621],[-89.360341,29.994592],[-89.360328,29.994559],[-89.360324,29.994524],[-89.360334,29.994488],[-89.360352,29.994453],[-89.360378,29.994424],[-89.360416,29.994409],[-89.360453,29.994396],[-89.360494,29.994395],[-89.360531,29.994407],[-89.360565,29.994431],[-89.36059,29.994464],[-89.360603,29.994499],[-89.360607,29.994539],[-89.360603,29.994582],[-89.36059,29.994622],[-89.360566,29.994655],[-89.360535,29.994681],[-89.360496,29.994698],[-89.360455,29.994698],[-89.360416,29.994692],[-89.360383,29.994677],[-89.360351,29.994655],[-89.360329,29.994625],[-89.360315,29.99459],[-89.360312,29.994552],[-89.360321,29.994515],[-89.360338,29.994481],[-89.360364,29.994449],[-89.360394,29.994428],[-89.360431,29.994419],[-89.36047,29.994418],[-89.360511,29.994428],[-89.360546,29.994449],[-89.360571,29.994475],[-89.360587,29.994506],[-89.36059,29.99454],[-89.360581,29.994573],[-89.360563,29.994605],[-89.360537,29.994632],[-89.360501,29.994653],[-89.360464,29.994662],[-89.360425,29.994662],[-89.360386,29.994655],[-89.36035,29.99464],[-89.360322,29.994617],[-89.360303,29.994588],[-89.360288,29.994552],[-89.360284,29.994515],[-89.360291,29.994478],[-89.360309,29.994446],[-89.360336,29.994415],[-89.360366,29.99439],[-89.360403,29.994374],[-89.360446,29.994366],[-89.360488,29.994363],[-89.36053,29.994375],[-89.360563,29.994398],[-89.360591,29.994428],[-89.360612,29.994463],[-89.360621,29.994503],[-89.360619,29.994543],[-89.360606,29.994581],[-89.360579,29.994618],[-89.360547,29.994649],[-89.36051,29.99467],[-89.360463,29.994679],[-89.360418,29.994676],[-89.360376,29.994667],[-89.360342,29.994647],[-89.360315,29.994619],[-89.360294,29.994586],[-89.360281,29.994553],[-89.360281,29.994515],[-89.360291,29.994477],[-89.36031,29.994439],[-89.36034,29.994405],[-89.360375,29.994383],[-89.360416,29.994368],[-89.360459,29.994364],[-89.3605,29.994367],[-89.360535,29.994379],[-89.360561,29.994401],[-89.360578,29.994432],[-89.360587,29.994468],[-89.360588,29.994503],[-89.36058,29.994539],[-89.36056,29.994568],[-89.360533,29.994589],[-89.360502,29.994605],[-89.36047,29.994607],[-89.360436,29.9946],[-89.360405,29.994581],[-89.36038,29.994559],[-89.360364,29.994532],[-89.360357,29.994501],[-89.36036,29.994469],[-89.360374,29.994441],[-89.360401,29.994419],[-89.360434,29.994402],[-89.360472,29.994395],[-89.360508,29.994396],[-89.360541,29.99441],[-89.360565,29.994433],[-89.360581,29.994463],[-89.360587,29.994497],[-89.360582,29.994532],[-89.360566,29.994565],[-89.360542,29.994597],[-89.360508,29.994622],[-89.360471,29.994638],[-89.360438,29.994645],[-89.360399,29.994639],[-89.360364,29.994624],[-89.360337,29.994601],[-89.360317,29.994569],[-89.360314,29.99452],[-89.360322,29.994493],[-89.360335,29.994467],[-89.360358,29.994445],[-89.360382,29.994429],[-89.360412,29.994417],[-89.360443,29.994411],[-89.360507,29.994417],[-89.360535,29.994428],[-89.360581,29.994459],[-89.36062,29.994491],[-89.360659,29.994521],[-89.360698,29.994545],[-89.360738,29.994564],[-89.360775,29.994578],[-89.360812,29.994588],[-89.360847,29.994595],[-89.360882,29.994595],[-89.360914,29.994593],[-89.360946,29.994587],[-89.360973,29.994573],[-89.360999,29.994556],[-89.361032,29.994528],[-89.361049,29.994505],[-89.361059,29.994478],[-89.361067,29.994447],[-89.361068,29.994412],[-89.361067,29.994381],[-89.361065,29.994354],[-89.361053,29.994329],[-89.361042,29.994301],[-89.361022,29.994278],[-89.361,29.994253],[-89.360981,29.99423],[-89.360968,29.994203],[-89.360964,29.994171],[-89.360977,29.994136],[-89.361013,29.994114],[-89.361044,29.994107],[-89.361079,29.994109],[-89.361109,29.994118],[-89.361139,29.994148],[-89.361145,29.994175],[-89.361138,29.994211],[-89.361123,29.99424],[-89.361107,29.994268],[-89.361085,29.994288],[-89.361057,29.9943],[-89.36103,29.994316],[-89.360994,29.994325],[-89.36095,29.994324],[-89.360909,29.994316],[-89.360876,29.994296],[-89.360856,29.99427],[-89.360846,29.994233],[-89.360849,29.994194],[-89.360868,29.994161],[-89.360907,29.994137],[-89.360956,29.994131],[-89.361005,29.994146],[-89.361041,29.994171],[-89.361065,29.994203],[-89.361077,29.994238],[-89.361073,29.994275],[-89.361043,29.994314],[-89.360999,29.994335],[-89.360952,29.994332],[-89.360913,29.994315],[-89.360882,29.994286],[-89.360863,29.994246],[-89.360861,29.994203],[-89.360871,29.994167],[-89.360888,29.99414],[-89.360909,29.99412],[-89.360948,29.994099],[-89.360979,29.994094],[-89.361014,29.994096],[-89.361048,29.994111],[-89.361073,29.994131],[-89.361087,29.994162],[-89.36109,29.994197],[-89.361084,29.994235],[-89.361072,29.994272],[-89.361058,29.994306],[-89.361032,29.994331],[-89.361011,29.994351],[-89.360968,29.994358],[-89.36093,29.994343],[-89.360907,29.994321],[-89.36089,29.994295],[-89.360883,29.994267],[-89.360885,29.994238],[-89.360906,29.994204],[-89.36093,29.994187],[-89.360961,29.994178],[-89.361008,29.994181],[-89.36104,29.994194],[-89.361064,29.994214],[-89.361078,29.99424],[-89.361079,29.994269],[-89.361064,29.994308],[-89.361044,29.994331],[-89.361002,29.994346],[-89.360956,29.994344],[-89.360923,29.99433],[-89.360893,29.994309],[-89.360868,29.99428],[-89.360853,29.994246],[-89.360847,29.994212],[-89.360849,29.994181],[-89.360862,29.994156],[-89.360882,29.994134],[-89.360912,29.994117],[-89.360947,29.99411],[-89.360983,29.994112],[-89.361021,29.994121],[-89.36105,29.994142],[-89.36107,29.994171],[-89.361079,29.994205],[-89.361076,29.994243],[-89.361067,29.994282],[-89.361049,29.994316],[-89.361024,29.994345],[-89.360993,29.994362],[-89.360964,29.994372],[-89.36093,29.99437],[-89.360896,29.99436],[-89.360858,29.994334],[-89.360838,29.994308],[-89.360827,29.994278],[-89.360822,29.994248],[-89.360827,29.99422],[-89.360837,29.994193],[-89.360857,29.99417],[-89.360884,29.994156],[-89.360918,29.994145],[-89.360956,29.994147],[-89.360993,29.994158],[-89.361026,29.994179],[-89.361052,29.994207],[-89.361068,29.994241],[-89.361065,29.994278],[-89.361056,29.994314],[-89.361032,29.994346],[-89.361001,29.994371],[-89.360968,29.99439],[-89.360935,29.9944],[-89.360901,29.9944],[-89.360867,29.994391],[-89.36084,29.99437],[-89.360816,29.994341],[-89.360798,29.994307],[-89.360791,29.994271],[-89.360795,29.994239],[-89.360811,29.994208],[-89.360833,29.994183],[-89.360861,29.994163],[-89.360896,29.994153],[-89.360936,29.994151],[-89.360972,29.994158],[-89.361003,29.994179],[-89.361032,29.994209],[-89.361055,29.994246],[-89.361072,29.994286],[-89.361084,29.994331],[-89.361091,29.994377],[-89.361095,29.994422],[-89.361092,29.994464],[-89.361077,29.994501],[-89.361056,29.994528],[-89.361035,29.99455],[-89.361006,29.99456],[-89.36097,29.994563],[-89.360932,29.994546],[-89.360911,29.994517],[-89.360898,29.994482],[-89.360895,29.994449],[-89.360896,29.994409],[-89.360899,29.994382],[-89.360903,29.994346],[-89.36089,29.99432],[-89.360888,29.994293]]]}},{"type":"Feature","properties":{"d":"2025-06-10","material":"River Rock"},"geometry":{"type":"MultiLineString","coordinates":[[[-89.360673,29.994967],[-89.360602,29.994951],[-89.360578,29.994926],[-89.360563,29.994893],[-89.360564,29.994854],[-89.360578,29.994821],[-89.360602,29.994793],[-89.360637,29.994773],[-89.360667,29.994765],[-89.360699,29.994763],[-89.360739,29.994773],[-89.360767,29.994789],[-89.360796,29.994818],[-89.360806,29.994854],[-89.360799,29.994888],[-89.36078,29.994917],[-89.36075,29.994933],[-89.360715,29.994941],[-89.360683,29.994931],[-89.360651,29.99491],[-89.360629,29.994878],[-89.360617,29.994839],[-89.360616,29.994811],[-89.360623,29.994783],[-89.360642,29.994751],[-89.360676,29.994728],[-89.360715,29.994714],[-89.36076,29.994712],[-89.360795,29.994723],[-89.360826,29.994745],[-89.360838,29.994772],[-89.360845,29.994801],[-89.360841,29.994832],[-89.360832,29.994862],[-89.360818,29.994892],[-89.360797,29.99492],[-89.360773,29.994945],[-89.360743,29.994967],[-89.360711,29.994981],[-89.360667,29.994992],[-89.360625,29.994991],[-89.360593,29.994971],[-89.360568,29.994936],[-89.360555,29.994909],[-89.360542,29.994878],[-89.360542,29.994849],[-89.360552,29.994809],[-89.360565,29.994782],[-89.360587,29.994759],[-89.360616,29.99474],[-89.360646,29.994727],[-89.360678,29.99472],[-89.36071,29.994717],[-89.360756,29.994723],[-89.360797,29.994743],[-89.360821,29.994763],[-89.360835,29.994789],[-89.360843,29.994821],[-89.360842,29.994849],[-89.360829,29.994887],[-89.360808,29.994909],[-89.360772,29.994934],[-89.360741,29.994944],[-89.360698,29.994951],[-89.360651,29.994943],[-89.360622,29.994933],[-89.360587,29.994907],[-89.360569,29.994882],[-89.360554,29.994858],[-89.360546,29.994819],[-89.360556,29.994783],[-89.360571,29.994759],[-89.360601,29.994728],[-89.360628,29.994713],[-89.360657,29.9947],[-89.3607,29.994697],[-89.360743,29.99471],[-89.360767,29.994729],[-89.360789,29.994751],[-89.360804,29.994778],[-89.360812,29.994807],[-89.360813,29.994839],[-89.360809,29.994869],[-89.360796,29.994899],[-89.360779,29.994926],[-89.360753,29.994951],[-89.360726,29.994965],[-89.360697,29.994977],[-89.36065,29.994982],[-89.360606,29.994974],[-89.360567,29.994954],[-89.360539,29.994936],[-89.360519,29.994911],[-89.360505,29.994885],[-89.3605,29.994855],[-89.3605,29.994826],[-89.360514,29.994789],[-89.360534,29.994767],[-89.360559,29.994748],[-89.36059,29.99473],[-89.360626,29.994714],[-89.360665,29.994706],[-89.360708,29.994702],[-89.360753,29.994698],[-89.360802,29.994695],[-89.36085,29.994691],[-89.3609,29.994685],[-89.360948,29.994681],[-89.360994,29.994675],[-89.361038,29.994671],[-89.361075,29.994673],[-89.361108,29.994681],[-89.361139,29.994697],[-89.361162,29.994718],[-89.361185,29.994751],[-89.361186,29.994787],[-89.361173,29.994817],[-89.361151,29.994837],[-89.361114,29.994844],[-89.361074,29.994839],[-89.361035,29.994821],[-89.361009,29.994799],[-89.360988,29.994779],[-89.360973,29.994752],[-89.360965,29.994714],[-89.360972,29.994677],[-89.360991,29.994644],[-89.361024,29.99462],[-89.361062,29.994605],[-89.3611,29.994604],[-89.36114,29.994617],[-89.36117,29.994649],[-89.361181,29.994676],[-89.361187,29.994705],[-89.361184,29.994735],[-89.361177,29.994764],[-89.361161,29.994788],[-89.361138,29.994811],[-89.36111,29.994828],[-89.361076,29.994843],[-89.361045,29.994854],[-89.361013,29.994858],[-89.360969,29.994849],[-89.360931,29.994828],[-89.360904,29.994796],[-89.360888,29.99476],[-89.360889,29.994718],[-89.360898,29.994692],[-89.360922,29.994659],[-89.360946,29.994639],[-89.360978,29.994626],[-89.361007,29.994616],[-89.361039,29.994613],[-89.361084,29.994621],[-89.361113,29.994634],[-89.361139,29.99465],[-89.361159,29.994673],[-89.361171,29.994699],[-89.361175,29.994728],[-89.36117,29.994765],[-89.36115,29.994793],[-89.361117,29.994817],[-89.361079,29.994824],[-89.361043,29.994813],[-89.361008,29.994792],[-89.360983,29.99476],[-89.360974,29.994734],[-89.360967,29.994697],[-89.360982,29.994662],[-89.361006,29.994631],[-89.361043,29.99461],[-89.361083,29.994598],[-89.36112,29.994606],[-89.361155,29.994628],[-89.361175,29.994651],[-89.361189,29.99468],[-89.361197,29.994711],[-89.361195,29.994741],[-89.361188,29.994771],[-89.361175,29.994798],[-89.361155,29.994822],[-89.361131,29.994844],[-89.361106,29.994864],[-89.361078,29.994877],[-89.361035,29.994879],[-89.360992,29.994868],[-89.360959,29.994839],[-89.360931,29.994807],[-89.360921,29.994779],[-89.360919,29.994739],[-89.360926,29.994713],[-89.360947,29.994677],[-89.360967,29.994652],[-89.360993,29.994633],[-89.361022,29.994619],[-89.361055,29.994613],[-89.361089,29.994613],[-89.36112,29.994619],[-89.361149,29.994629],[-89.361173,29.994647],[-89.361194,29.99467],[-89.361208,29.994696],[-89.361212,29.994725],[-89.361208,29.994757],[-89.361197,29.994785],[-89.361169,29.994819],[-89.361147,29.99484],[-89.361118,29.994859],[-89.361079,29.994872],[-89.361033,29.994871],[-89.360996,29.994851],[-89.360969,29.994819],[-89.36095,29.994782],[-89.360944,29.994755],[-89.360951,29.994715],[-89.36097,29.99468],[-89.360988,29.994657],[-89.361013,29.994638],[-89.361043,29.994625],[-89.361087,29.994619],[-89.361129,29.994626],[-89.361158,29.994641],[-89.36118,29.994661],[-89.361205,29.994693],[-89.36121,29.994721],[-89.36121,29.994749],[-89.361187,29.994781],[-89.361167,29.994804],[-89.361142,29.994821],[-89.361102,29.994838],[-89.361059,29.994838],[-89.361029,29.994831],[-89.360998,29.994817],[-89.360973,29.994796],[-89.360954,29.99477],[-89.360937,29.994743],[-89.360924,29.994717],[-89.360918,29.994685],[-89.360921,29.994656],[-89.36093,29.994626],[-89.360946,29.994601],[-89.360968,29.994575],[-89.360995,29.994553],[-89.361026,29.994533],[-89.36106,29.99452],[-89.361098,29.994513],[-89.361132,29.994514],[-89.361167,29.994519],[-89.361198,29.994529],[-89.361227,29.994547],[-89.361249,29.994571],[-89.361266,29.994594],[-89.361273,29.994622],[-89.361276,29.994651],[-89.361267,29.994679],[-89.361252,29.994706],[-89.361227,29.99473],[-89.3612,29.994751],[-89.361167,29.994769],[-89.361132,29.994786],[-89.3611,29.994805],[-89.361069,29.994818],[-89.361032,29.994822],[-89.360997,29.994814],[-89.360966,29.994798],[-89.360941,29.994775],[-89.360923,29.994746],[-89.360914,29.994715],[-89.360915,29.994681],[-89.360925,29.994651],[-89.360944,29.994625],[-89.360969,29.994605],[-89.361002,29.994591],[-89.361039,29.994584],[-89.361074,29.994586],[-89.361107,29.994596],[-89.361137,29.994618],[-89.361156,29.994646],[-89.361166,29.994676],[-89.361163,29.994711],[-89.361156,29.994749],[-89.361144,29.994783],[-89.361122,29.99481],[-89.361094,29.994831],[-89.36106,29.994845],[-89.361027,29.994851],[-89.360996,29.994847],[-89.360966,29.99483],[-89.360942,29.99481],[-89.360924,29.99478],[-89.36092,29.99475],[-89.360933,29.994709],[-89.360954,29.99468],[-89.360982,29.994654],[-89.361019,29.994633],[-89.36106,29.994616],[-89.361103,29.994608],[-89.361148,29.99461],[-89.361192,29.994618],[-89.361229,29.994631],[-89.361259,29.994654],[-89.361281,29.994684],[-89.361291,29.994713],[-89.361287,29.994743],[-89.361273,29.994768],[-89.361252,29.994789],[-89.361222,29.994801],[-89.361183,29.994809],[-89.361143,29.994811],[-89.3611,29.994808],[-89.361058,29.994803],[-89.36102,29.994792],[-89.360988,29.99477],[-89.360965,29.994739],[-89.360956,29.994706],[-89.360951,29.994676],[-89.360952,29.99464]]]}},{"type":"Feature","properties":{"d":"2025-06-10","material":"River Rock"},"geometry":{"type":"MultiLineString","coordinates":[[[-89.361325,29.995046],[-89.361411,29.995034],[-89.361451,29.995039],[-89.361486,29.995057],[-89.361513,29.995078],[-89.361529,29.995106],[-89.361536,29.995137],[-89.36153,29.995175],[-89.361514,29.9952],[-89.361487,29.99522],[-89.361453,29.995231],[-89.361416,29.995235],[-89.361372,29.995231],[-89.36133,29.995218],[-89.361285,29.995201],[-89.361245,29.995184],[-89.361214,29.995157],[-89.361194,29.995126],[-89.361188,29.995095],[-89.361192,29.995064],[-89.361209,29.995032],[-89.361245,29.995008],[-89.361299,29.994995],[-89.361357,29.995],[-89.361402,29.995025],[-89.361435,29.995059],[-89.361457,29.995092],[-89.361474,29.995128],[-89.36148,29.995161],[-89.361484,29.995197],[-89.361476,29.995235],[-89.361462,29.995266],[-89.361442,29.995297],[-89.361418,29.995324],[-89.361392,29.995344],[-89.361365,29.995361],[-89.361328,29.99538],[-89.361291,29.995389],[-89.361261,29.995396],[-89.361229,29.995398],[-89.361196,29.995398],[-89.361165,29.995391],[-89.361136,29.99538],[-89.361138,29.995412],[-89.361159,29.995435],[-89.361159,29.995469],[-89.361176,29.995497],[-89.361193,29.995523],[-89.361212,29.995545],[-89.361204,29.995575],[-89.361173,29.995584],[-89.361135,29.995587],[-89.361093,29.995574],[-89.361053,29.995554],[-89.361029,29.995535],[-89.361009,29.99551],[-89.360994,29.995483],[-89.360993,29.995451],[-89.361,29.995418],[-89.361012,29.995388],[-89.361035,29.99536],[-89.361065,29.995343],[-89.361095,29.99533],[-89.361127,29.995322],[-89.361169,29.995332],[-89.361201,29.995358],[-89.361225,29.995388],[-89.36124,29.995415],[-89.361251,29.995453],[-89.361252,29.995488],[-89.36125,29.995517],[-89.361236,29.995545],[-89.361209,29.995566],[-89.361178,29.995568],[-89.361146,29.995556],[-89.361113,29.995537],[-89.361079,29.995524],[-89.361048,29.99551],[-89.361023,29.995491],[-89.361003,29.995464],[-89.360987,29.995438],[-89.360983,29.995466],[-89.36097,29.995441],[-89.360973,29.995413],[-89.360953,29.995435],[-89.360924,29.995447],[-89.360891,29.995438],[-89.360887,29.995403],[-89.360894,29.99537],[-89.360908,29.995345],[-89.36093,29.995324],[-89.360956,29.995308],[-89.360925,29.995299],[-89.360892,29.995309],[-89.360865,29.995324],[-89.360899,29.995319],[-89.360945,29.995312],[-89.360986,29.995302],[-89.361027,29.995291],[-89.361067,29.995287],[-89.361103,29.995292],[-89.361142,29.995304],[-89.361179,29.995325],[-89.361206,29.995351],[-89.361218,29.995384],[-89.36122,29.995422],[-89.361212,29.995456],[-89.361195,29.995482],[-89.361173,29.995508],[-89.361147,29.99553],[-89.361128,29.995552],[-89.36116,29.99556],[-89.361194,29.995556],[-89.361223,29.995545],[-89.361254,29.995539],[-89.361285,29.995547],[-89.361321,29.995549],[-89.361356,29.995548],[-89.361389,29.995547],[-89.36142,29.995556],[-89.361454,29.995564],[-89.361492,29.995564],[-89.361524,29.995557],[-89.361559,29.995546],[-89.361595,29.995536],[-89.361627,29.995527],[-89.361656,29.995512],[-89.361684,29.995492],[-89.361701,29.995462],[-89.361722,29.995429],[-89.361737,29.9954],[-89.361745,29.995366],[-89.361751,29.995335],[-89.361746,29.9953],[-89.361734,29.995271],[-89.36171,29.995246],[-89.361689,29.995223],[-89.3617,29.995191],[-89.361703,29.995161],[-89.361694,29.995127],[-89.361682,29.995099],[-89.361662,29.995074],[-89.361633,29.995052],[-89.361607,29.995033],[-89.36157,29.995018],[-89.361528,29.99502],[-89.361486,29.995026],[-89.361446,29.995037],[-89.361411,29.995059],[-89.361389,29.995087],[-89.361381,29.995117],[-89.361381,29.995147],[-89.361401,29.995189],[-89.361449,29.995223],[-89.361481,29.995231],[-89.361515,29.995232],[-89.361551,29.995228],[-89.361581,29.995215],[-89.36161,29.995197],[-89.361631,29.995174],[-89.361646,29.995147],[-89.361652,29.995118],[-89.361649,29.99509],[-89.361637,29.995062],[-89.361621,29.995038],[-89.361598,29.995019],[-89.361569,29.995003],[-89.361515,29.994986],[-89.361474,29.99498],[-89.361435,29.994978],[-89.361397,29.994981],[-89.361361,29.994988],[-89.361333,29.995005],[-89.361311,29.995026],[-89.361298,29.995051],[-89.361291,29.995092],[-89.361296,29.995122],[-89.361308,29.99515],[-89.361325,29.995178],[-89.361353,29.995204],[-89.361394,29.995223],[-89.361439,29.995235],[-89.361485,29.995236],[-89.361529,29.995227],[-89.361567,29.995206],[-89.361601,29.99518],[-89.361632,29.995151],[-89.361661,29.995116],[-89.361692,29.995079],[-89.361723,29.995041],[-89.361751,29.994999],[-89.361777,29.994959],[-89.361809,29.994924],[-89.361844,29.994903],[-89.361882,29.994888],[-89.361927,29.994881],[-89.361974,29.994889],[-89.362014,29.994904],[-89.362044,29.994926],[-89.362062,29.994954],[-89.362069,29.994984],[-89.362069,29.995014],[-89.362054,29.995044],[-89.362031,29.995069],[-89.362004,29.995086],[-89.361963,29.995101],[-89.361916,29.995105],[-89.361877,29.995092],[-89.361853,29.995073],[-89.361838,29.995048],[-89.361825,29.99502],[-89.361826,29.994989],[-89.361829,29.994958],[-89.361838,29.994925],[-89.361864,29.994891],[-89.361893,29.994873],[-89.361926,29.994863],[-89.361962,29.994859],[-89.361994,29.994864],[-89.362027,29.994874],[-89.362057,29.99489],[-89.362081,29.994911],[-89.362096,29.994937],[-89.362101,29.994967],[-89.362099,29.995001],[-89.362089,29.99503],[-89.362068,29.995057],[-89.362041,29.995077],[-89.36201,29.995092],[-89.361976,29.995102],[-89.361939,29.995102],[-89.361904,29.995092],[-89.361869,29.995078],[-89.361845,29.995056],[-89.361825,29.995028],[-89.361812,29.994999],[-89.361808,29.994966],[-89.36181,29.994928],[-89.361818,29.994894],[-89.361831,29.99486],[-89.361855,29.994832],[-89.361881,29.994807],[-89.361916,29.994791],[-89.361955,29.994779],[-89.361995,29.994775],[-89.362036,29.994779],[-89.362077,29.994787],[-89.362113,29.994805],[-89.362143,29.99483],[-89.362166,29.994857],[-89.362181,29.994888],[-89.362188,29.994923],[-89.362184,29.994958],[-89.362171,29.994993],[-89.362149,29.995025],[-89.362119,29.99505],[-89.362088,29.995067],[-89.36205,29.99508],[-89.36201,29.995089],[-89.36197,29.995092],[-89.361934,29.995086],[-89.361896,29.99507],[-89.361863,29.995048],[-89.361839,29.995023],[-89.361819,29.994993],[-89.361808,29.994961],[-89.361803,29.994926],[-89.361805,29.994891],[-89.361813,29.994856],[-89.361825,29.994823],[-89.361846,29.994796],[-89.361873,29.994778],[-89.361906,29.994764],[-89.361942,29.994757],[-89.361978,29.994756],[-89.362014,29.994763],[-89.362048,29.994778],[-89.362077,29.994796],[-89.362095,29.994819],[-89.362107,29.994849],[-89.362112,29.994882],[-89.362109,29.994917],[-89.362096,29.994954],[-89.36208,29.994988],[-89.362054,29.995017],[-89.362023,29.995041],[-89.361983,29.995059],[-89.361942,29.995073],[-89.361903,29.995077],[-89.361868,29.995072],[-89.361832,29.995056],[-89.361801,29.995035],[-89.361775,29.995007],[-89.36176,29.994976],[-89.361751,29.994945],[-89.361749,29.994912],[-89.361758,29.994877],[-89.361769,29.994842],[-89.361781,29.994811],[-89.361802,29.994784],[-89.361829,29.994763],[-89.361859,29.994748],[-89.361893,29.99474],[-89.361931,29.994741],[-89.361965,29.994748],[-89.361999,29.99476],[-89.362031,29.994782],[-89.362053,29.994805],[-89.362064,29.994832],[-89.362071,29.994863],[-89.362069,29.994897],[-89.362063,29.994931],[-89.362046,29.994965],[-89.362023,29.994996],[-89.361993,29.995023],[-89.36196,29.995045],[-89.361923,29.995062],[-89.361887,29.995067],[-89.36185,29.995062],[-89.361816,29.995054],[-89.361785,29.995038],[-89.361759,29.995014],[-89.36174,29.994985],[-89.36173,29.994953],[-89.361726,29.994919],[-89.361731,29.994884],[-89.361739,29.99485],[-89.361752,29.994818],[-89.361775,29.994791],[-89.361802,29.994768],[-89.361834,29.994751],[-89.361872,29.994742],[-89.361911,29.994742],[-89.36195,29.994747],[-89.361985,29.99476],[-89.362015,29.994778],[-89.36204,29.994805],[-89.362058,29.994836],[-89.362067,29.99487],[-89.36207,29.994907],[-89.362069,29.994944],[-89.362057,29.994977],[-89.362032,29.995006],[-89.362002,29.99503],[-89.361966,29.995046],[-89.36193,29.995055],[-89.361892,29.995059],[-89.361858,29.995053],[-89.361823,29.995038],[-89.361795,29.995019],[-89.361775,29.994997],[-89.361765,29.994968],[-89.361758,29.994936],[-89.361761,29.994903],[-89.361769,29.994868],[-89.361785,29.994836],[-89.361808,29.994808],[-89.361837,29.994787],[-89.361869,29.99477],[-89.361902,29.99476],[-89.361942,29.994756],[-89.361981,29.99476],[-89.362016,29.994773],[-89.362049,29.994791],[-89.362074,29.994815],[-89.362082,29.994843],[-89.362081,29.994874],[-89.362067,29.994913],[-89.362035,29.994948],[-89.361992,29.994972],[-89.361946,29.994992],[-89.361898,29.994999],[-89.361851,29.994992],[-89.361807,29.994977],[-89.361773,29.994952],[-89.361751,29.994917],[-89.361741,29.99488],[-89.361742,29.994838],[-89.361747,29.994796],[-89.361753,29.994764],[-89.361762,29.994737],[-89.361769,29.994709],[-89.361774,29.994676],[-89.361784,29.994646],[-89.361752,29.994653],[-89.361752,29.994683],[-89.361758,29.994711],[-89.361732,29.994731],[-89.361699,29.99472]]]}},{"type":"Feature","properties":{"d":"2025-06-10","material":"River Rock"},"geometry":{"type":"MultiLineString","coordinates":[[[-89.359717,29.994714],[-89.359821,29.994964],[-89.359776,29.994982],[-89.35973,29.994983],[-89.359688,29.994974],[-89.359654,29.994952],[-89.359626,29.994923],[-89.359612,29.994886],[-89.359612,29.994845],[-89.359624,29.994804],[-89.35965,29.994774],[-89.359685,29.994745],[-89.359729,29.99473],[-89.35977,29.994727],[-89.359815,29.994736],[-89.359856,29.994753],[-89.359887,29.99478],[-89.359907,29.994816],[-89.359911,29.994853],[-89.3599,29.99489],[-89.359876,29.99492],[-89.359843,29.994944],[-89.3598,29.994956],[-89.359757,29.994953],[-89.35971,29.994941],[-89.359669,29.994921],[-89.359634,29.99489],[-89.359613,29.994853],[-89.359605,29.994814],[-89.35961,29.994773],[-89.359628,29.994736],[-89.359656,29.994705],[-89.359694,29.994682],[-89.359739,29.994667],[-89.359786,29.994667],[-89.359831,29.99468],[-89.359868,29.994701],[-89.359902,29.994729],[-89.359921,29.994768],[-89.359926,29.99481],[-89.359919,29.994853],[-89.359898,29.994894],[-89.359865,29.99493],[-89.359824,29.994959],[-89.35978,29.994979],[-89.359733,29.994988],[-89.359687,29.994985],[-89.359649,29.994969],[-89.359614,29.99494],[-89.359594,29.994904],[-89.359589,29.994865],[-89.359593,29.994828],[-89.35961,29.994791],[-89.359638,29.994761],[-89.359676,29.994741],[-89.359724,29.994731],[-89.35977,29.994735],[-89.35981,29.994749],[-89.359846,29.994772],[-89.359871,29.994803],[-89.359882,29.994838],[-89.359878,29.994876],[-89.359859,29.99491],[-89.359831,29.994938],[-89.359795,29.994953],[-89.359752,29.994958],[-89.359707,29.99495],[-89.359667,29.994932],[-89.359632,29.994903],[-89.359606,29.994866],[-89.359595,29.994827],[-89.359598,29.994791],[-89.359612,29.994757],[-89.359637,29.994729],[-89.359672,29.99471],[-89.359712,29.9947],[-89.359753,29.994703],[-89.359792,29.994714],[-89.359822,29.994731],[-89.359844,29.994759],[-89.359852,29.994792],[-89.359848,29.994832],[-89.359836,29.994877],[-89.35981,29.99492],[-89.359775,29.994956],[-89.359734,29.994981],[-89.359689,29.994995],[-89.359641,29.994999],[-89.359597,29.994989],[-89.359557,29.994968],[-89.359524,29.994935],[-89.359504,29.994894],[-89.359499,29.994851],[-89.359504,29.994809],[-89.359522,29.994769],[-89.359552,29.994736],[-89.359593,29.994711],[-89.359643,29.994695],[-89.359695,29.994688],[-89.359746,29.994697],[-89.359789,29.994716],[-89.359824,29.994743],[-89.35985,29.994776],[-89.359865,29.994814],[-89.359865,29.994855],[-89.359852,29.994895],[-89.359825,29.994932],[-89.359787,29.994963],[-89.359745,29.99498],[-89.359696,29.994989],[-89.359647,29.994989],[-89.359602,29.994972],[-89.359565,29.994948],[-89.359535,29.994916],[-89.359514,29.994878],[-89.359506,29.994833],[-89.359508,29.994792],[-89.359523,29.994752],[-89.359551,29.994715],[-89.35959,29.994684],[-89.35964,29.994664],[-89.359692,29.994651],[-89.359748,29.994653],[-89.359797,29.994669],[-89.35984,29.994696],[-89.359873,29.994728],[-89.359893,29.994765],[-89.359902,29.994807],[-89.359897,29.994848],[-89.359878,29.99489],[-89.359846,29.994924],[-89.359804,29.994949],[-89.359757,29.994965],[-89.359705,29.994972],[-89.359657,29.994966],[-89.359614,29.994951],[-89.35958,29.994925],[-89.359558,29.994888],[-89.35955,29.994853],[-89.359553,29.994813],[-89.359568,29.994777],[-89.359593,29.994748],[-89.35963,29.994727],[-89.359673,29.994714],[-89.359718,29.994718],[-89.35976,29.994729],[-89.359796,29.994751],[-89.359823,29.994779],[-89.35984,29.994813],[-89.359842,29.994852],[-89.35983,29.994889],[-89.359806,29.994916],[-89.359775,29.994934],[-89.359736,29.994941],[-89.359695,29.994939],[-89.359656,29.994924],[-89.359622,29.994898],[-89.359597,29.994863],[-89.359579,29.994825],[-89.359572,29.994781],[-89.35958,29.994734],[-89.359597,29.994696],[-89.359623,29.994665],[-89.35966,29.994644],[-89.359703,29.994632],[-89.359749,29.994632],[-89.359791,29.994645],[-89.359826,29.994665],[-89.359849,29.994694],[-89.359859,29.994727],[-89.359857,29.994766],[-89.359839,29.994802],[-89.359807,29.994834],[-89.359763,29.994864],[-89.359362,29.994842],[-89.359339,29.994805],[-89.359317,29.994769],[-89.359295,29.994729],[-89.359274,29.994688],[-89.359251,29.994644],[-89.359228,29.994601],[-89.359199,29.994564],[-89.359172,29.994528],[-89.359141,29.994491],[-89.35911,29.994458],[-89.359075,29.994424],[-89.359038,29.994395],[-89.359001,29.994371],[-89.358964,29.994347],[-89.35893,29.99432],[-89.3589,29.994294],[-89.358871,29.994268],[-89.358841,29.994232],[-89.358821,29.994189],[-89.358818,29.994144],[-89.358832,29.994102],[-89.358859,29.994067],[-89.358894,29.994044],[-89.358936,29.994027],[-89.358979,29.994025],[-89.359018,29.994031],[-89.359055,29.994051],[-89.359084,29.994077],[-89.359101,29.994109],[-89.359106,29.994145],[-89.359095,29.994179],[-89.359069,29.99421],[-89.359034,29.994237],[-89.358994,29.994258],[-89.358947,29.994271],[-89.358897,29.994271],[-89.358851,29.99426],[-89.358812,29.994241],[-89.358779,29.994214],[-89.358754,29.994181],[-89.358741,29.994143],[-89.358741,29.994102],[-89.358749,29.994063],[-89.358775,29.994026],[-89.358811,29.993996],[-89.358852,29.993975],[-89.358898,29.993963],[-89.358943,29.993965],[-89.358988,29.993973],[-89.359034,29.993993],[-89.359071,29.994023],[-89.359093,29.994057],[-89.359101,29.994095],[-89.3591,29.994133],[-89.359087,29.99417],[-89.359065,29.994198],[-89.35903,29.99422],[-89.358985,29.994235],[-89.35894,29.994238],[-89.358894,29.99423],[-89.358853,29.994213],[-89.358816,29.994187],[-89.358785,29.99415],[-89.358763,29.99411],[-89.358754,29.994066],[-89.358756,29.99402],[-89.358768,29.993974],[-89.358792,29.993935],[-89.358822,29.993905],[-89.358848,29.993883],[-89.35887,29.993862],[-89.358902,29.99384],[-89.358932,29.993821],[-89.358959,29.993808],[-89.358995,29.993798],[-89.359024,29.993788],[-89.359055,29.99378],[-89.359086,29.993772],[-89.359116,29.993764],[-89.35915,29.993764],[-89.359182,29.99377],[-89.359214,29.993766]]]}},{"type":"Feature","properties":{"d":"2025-06-10","material":"River Rock"},"geometry":{"type":"MultiLineString","coordinates":[[[-89.36362,29.994974],[-89.363512,29.995036],[-89.363468,29.99506],[-89.363426,29.995086],[-89.363384,29.995109],[-89.363344,29.995132],[-89.363309,29.995157],[-89.363284,29.995182],[-89.363265,29.995212],[-89.363256,29.995246],[-89.363256,29.995278],[-89.363271,29.995312],[-89.363296,29.995344],[-89.363322,29.995368],[-89.363356,29.995385],[-89.363393,29.995394],[-89.363429,29.995396],[-89.363469,29.995391],[-89.363504,29.995375],[-89.363536,29.995353],[-89.363557,29.995329],[-89.363569,29.995299],[-89.363554,29.995267],[-89.363533,29.995246],[-89.363504,29.995232],[-89.363466,29.995223],[-89.363425,29.995214],[-89.363378,29.995215],[-89.363339,29.995211],[-89.363306,29.995196],[-89.363282,29.995174],[-89.363267,29.99515],[-89.363261,29.995122],[-89.363263,29.995092],[-89.363276,29.995062],[-89.363298,29.995044],[-89.363327,29.995029],[-89.363361,29.995028],[-89.363391,29.995033],[-89.363426,29.995045],[-89.363457,29.995066],[-89.363487,29.995097],[-89.363507,29.995131],[-89.363518,29.99517],[-89.363516,29.995208],[-89.363507,29.995242],[-89.363487,29.995274],[-89.363464,29.995297],[-89.363436,29.995315],[-89.363403,29.99533],[-89.363365,29.995333],[-89.36332,29.995327],[-89.36329,29.995316],[-89.363261,29.995305],[-89.363232,29.995289],[-89.363207,29.995271],[-89.363187,29.995248],[-89.363168,29.995224],[-89.363153,29.995199],[-89.363148,29.995169],[-89.363148,29.995138],[-89.363153,29.99511],[-89.363162,29.995082],[-89.363175,29.995055],[-89.363193,29.995029],[-89.363217,29.995006],[-89.363246,29.994994],[-89.363281,29.994982],[-89.363314,29.994974],[-89.363351,29.994972],[-89.36339,29.994977],[-89.363426,29.994989],[-89.363468,29.995006],[-89.363494,29.995029],[-89.363519,29.995052],[-89.363541,29.995081],[-89.363555,29.995109],[-89.363563,29.995141],[-89.363565,29.995168],[-89.363558,29.995199],[-89.36355,29.995227],[-89.363535,29.995252],[-89.363514,29.995275],[-89.36349,29.995293],[-89.363459,29.995307],[-89.363427,29.99532],[-89.363394,29.995325],[-89.36336,29.995328],[-89.363327,29.995328],[-89.363294,29.995322],[-89.363252,29.995307],[-89.363226,29.995291],[-89.363195,29.99526],[-89.363178,29.995233],[-89.363169,29.995204],[-89.363161,29.995175],[-89.363158,29.995144],[-89.363161,29.995117],[-89.363173,29.99509],[-89.36319,29.995064],[-89.363211,29.995037],[-89.363238,29.995015],[-89.363266,29.99499],[-89.363296,29.994969],[-89.36333,29.99495],[-89.363365,29.994934],[-89.363404,29.994924],[-89.363445,29.99492],[-89.363488,29.99492],[-89.363532,29.994923],[-89.363573,29.994934],[-89.363609,29.994944],[-89.36364,29.994962],[-89.363669,29.994984],[-89.363695,29.995004],[-89.363712,29.995028],[-89.363725,29.995058],[-89.363727,29.99509],[-89.363725,29.995118],[-89.363717,29.995148],[-89.363704,29.995173],[-89.36368,29.995205],[-89.363662,29.995233],[-89.363642,29.99527],[-89.363625,29.995308],[-89.363616,29.995336],[-89.363607,29.995362],[-89.363597,29.995389],[-89.36358,29.995425],[-89.363565,29.995463],[-89.363548,29.995499],[-89.363534,29.995528],[-89.36352,29.995552],[-89.363502,29.995582],[-89.363486,29.995609],[-89.363465,29.995637],[-89.363428,29.995657],[-89.363383,29.995665],[-89.363337,29.995656],[-89.3633,29.995632],[-89.363276,29.995594],[-89.36327,29.99555],[-89.363283,29.995507],[-89.363313,29.99547],[-89.363356,29.995445],[-89.363406,29.995434],[-89.36346,29.995439],[-89.363509,29.995464],[-89.363548,29.9955],[-89.363568,29.995542],[-89.363569,29.99559],[-89.363553,29.995633],[-89.363523,29.995666],[-89.36348,29.995688],[-89.363426,29.995701],[-89.363369,29.995705],[-89.36331,29.995702],[-89.363252,29.99569],[-89.363222,29.99568],[-89.363193,29.995666],[-89.363165,29.995654],[-89.363138,29.995638],[-89.363111,29.995621],[-89.363085,29.995603],[-89.363057,29.995587],[-89.363029,29.99557],[-89.363001,29.995554],[-89.362974,29.995534],[-89.362949,29.995514],[-89.362922,29.995495],[-89.362894,29.995477],[-89.362867,29.99546],[-89.362838,29.995441],[-89.362814,29.995419],[-89.362793,29.995394],[-89.362778,29.995368],[-89.362769,29.995341],[-89.362763,29.995313],[-89.362763,29.995284],[-89.362767,29.995254],[-89.362155,29.995064],[-89.362119,29.995065],[-89.362086,29.995067],[-89.362027,29.995067],[-89.361977,29.995058],[-89.361932,29.995043],[-89.361898,29.995014],[-89.361877,29.994979],[-89.361869,29.994935],[-89.361876,29.994898],[-89.361895,29.994865],[-89.361926,29.994841],[-89.361963,29.994827],[-89.362006,29.994825],[-89.362047,29.994835],[-89.362084,29.994858],[-89.362112,29.994886],[-89.362126,29.994922],[-89.362123,29.994959],[-89.362103,29.994991],[-89.36207,29.995021],[-89.36203,29.995043],[-89.361984,29.995057],[-89.361935,29.995062],[-89.361892,29.995055],[-89.361857,29.995038],[-89.361827,29.995009],[-89.361813,29.994977],[-89.361812,29.994942],[-89.361823,29.99491],[-89.361846,29.994882],[-89.36188,29.994861],[-89.361919,29.994852],[-89.361959,29.994853],[-89.361999,29.994867],[-89.362034,29.994891],[-89.362057,29.994927],[-89.362067,29.994965],[-89.362064,29.995008],[-89.362047,29.995047],[-89.362014,29.995077],[-89.361971,29.995096],[-89.361926,29.995103],[-89.361882,29.9951],[-89.36184,29.995086],[-89.361807,29.995061],[-89.361784,29.995031],[-89.361776,29.994993],[-89.36178,29.994953],[-89.361798,29.994916],[-89.361828,29.994886],[-89.361867,29.994865],[-89.361912,29.994851],[-89.361959,29.994848],[-89.36201,29.99486],[-89.362053,29.994884],[-89.362087,29.994917],[-89.362107,29.994958],[-89.362114,29.995],[-89.362106,29.99504],[-89.362087,29.995073],[-89.362059,29.995099],[-89.36202,29.995118],[-89.361979,29.995129],[-89.361934,29.995128],[-89.361895,29.995112],[-89.361859,29.995084],[-89.361832,29.99505],[-89.361816,29.995009],[-89.361816,29.994967],[-89.361828,29.99493],[-89.361852,29.994899],[-89.361884,29.994875],[-89.361926,29.994861],[-89.36197,29.994859],[-89.362015,29.994868],[-89.362054,29.99489],[-89.362084,29.994921],[-89.362101,29.994958],[-89.362103,29.994997],[-89.362091,29.99503],[-89.362067,29.995059],[-89.362033,29.995077],[-89.361992,29.995087],[-89.36195,29.995084],[-89.361908,29.99507],[-89.36187,29.995046],[-89.361839,29.995012],[-89.361821,29.994973],[-89.361821,29.994929],[-89.361848,29.994884],[-89.361874,29.994865],[-89.361907,29.994851],[-89.361943,29.994842],[-89.361983,29.994844],[-89.362022,29.994854],[-89.362055,29.994871],[-89.362083,29.994893],[-89.362104,29.99492],[-89.362119,29.994949],[-89.362128,29.994978]]]}},{"type":"Feature","properties":{"d":"2025-06-10","material":"River Rock"},"geometry":{"type":"MultiLineString","coordinates":[[[-89.363538,29.99518],[-89.363624,29.995483],[-89.363596,29.995496],[-89.363563,29.995505],[-89.363528,29.995509],[-89.363494,29.995509],[-89.363435,29.995496],[-89.363408,29.995482],[-89.363386,29.995462],[-89.363366,29.995441],[-89.363347,29.995414],[-89.363329,29.995385],[-89.363312,29.995354],[-89.363297,29.995323],[-89.363283,29.995291],[-89.363271,29.995258],[-89.363264,29.995227],[-89.363262,29.995199],[-89.363268,29.995172],[-89.363296,29.995129],[-89.363346,29.995099],[-89.363376,29.995091],[-89.363439,29.995097],[-89.363471,29.995108],[-89.363501,29.995124],[-89.363527,29.995144],[-89.363546,29.99517],[-89.363562,29.995199],[-89.36357,29.995232],[-89.36357,29.995263],[-89.363566,29.995298],[-89.363555,29.995331],[-89.363536,29.995359],[-89.363512,29.995385],[-89.363486,29.995406],[-89.363456,29.995424],[-89.363423,29.995433],[-89.363391,29.995439],[-89.363359,29.995439],[-89.363328,29.995437],[-89.363297,29.995428],[-89.363269,29.995415],[-89.363244,29.995397],[-89.363223,29.995375],[-89.363206,29.995348],[-89.363188,29.995319],[-89.363171,29.995289],[-89.363154,29.995256],[-89.363137,29.995223],[-89.363122,29.99519],[-89.363108,29.995157],[-89.363097,29.995124],[-89.363088,29.995091],[-89.36308,29.995057],[-89.363074,29.995022],[-89.36307,29.99499],[-89.363072,29.994962],[-89.363093,29.994917],[-89.363136,29.994886],[-89.363167,29.994878],[-89.363203,29.994874],[-89.363239,29.994877],[-89.363274,29.994887],[-89.36331,29.994902],[-89.363348,29.994921],[-89.363385,29.994943],[-89.363418,29.994967],[-89.363444,29.994996],[-89.363462,29.995026],[-89.363474,29.995054],[-89.363479,29.995084],[-89.363477,29.995115],[-89.363471,29.995145],[-89.363457,29.995172],[-89.363435,29.995196],[-89.363411,29.995219],[-89.363383,29.99524],[-89.363351,29.995255],[-89.363315,29.995264],[-89.363281,29.995266],[-89.363249,29.995266],[-89.363218,29.995258],[-89.363188,29.995247],[-89.363141,29.995213],[-89.363124,29.995189],[-89.363112,29.995161],[-89.363105,29.99513],[-89.363103,29.9951],[-89.363106,29.995067],[-89.363111,29.995035],[-89.363119,29.995003],[-89.36313,29.994974],[-89.363146,29.99495],[-89.363189,29.994913],[-89.363218,29.994902],[-89.363252,29.994895],[-89.363288,29.994895],[-89.363328,29.994897],[-89.36337,29.994904],[-89.363413,29.994913],[-89.363457,29.994923],[-89.3635,29.994934],[-89.363542,29.994946],[-89.363584,29.994957],[-89.363626,29.994969],[-89.363667,29.994981],[-89.363706,29.994995],[-89.363746,29.995011],[-89.363784,29.995027],[-89.363819,29.995048],[-89.36385,29.99507],[-89.363881,29.995093],[-89.363902,29.995119],[-89.363917,29.995145],[-89.363925,29.995173],[-89.363918,29.995227],[-89.363909,29.995255],[-89.363896,29.99528],[-89.363879,29.995303],[-89.363856,29.995324],[-89.363826,29.995342],[-89.363793,29.995355],[-89.363756,29.995359],[-89.36372,29.995355],[-89.363685,29.995346],[-89.363655,29.995331],[-89.363628,29.99531],[-89.363605,29.995287],[-89.363591,29.995259],[-89.363583,29.995229],[-89.363585,29.995198],[-89.363594,29.99517],[-89.363612,29.995145],[-89.363637,29.995121],[-89.363669,29.9951],[-89.363706,29.995081],[-89.363747,29.995066],[-89.363793,29.995056],[-89.363839,29.99505],[-89.36388,29.995048],[-89.363921,29.995056],[-89.363954,29.995072],[-89.363982,29.995093],[-89.364006,29.99512],[-89.364021,29.995152],[-89.364032,29.995187],[-89.364035,29.995223],[-89.364029,29.995261],[-89.364016,29.995294],[-89.363995,29.995325],[-89.363969,29.995354],[-89.363938,29.995379],[-89.363902,29.995396],[-89.363865,29.995406],[-89.363827,29.995411],[-89.36379,29.995406],[-89.363757,29.995397],[-89.363727,29.995381],[-89.363699,29.995359],[-89.36367,29.995333],[-89.363642,29.995302],[-89.363614,29.99527],[-89.363588,29.995233],[-89.363563,29.995195],[-89.363537,29.995156],[-89.363511,29.995118],[-89.363483,29.995083],[-89.363454,29.995047],[-89.363423,29.995012],[-89.363391,29.994976],[-89.363355,29.994944],[-89.363318,29.994911],[-89.36328,29.99488],[-89.363241,29.994852],[-89.363201,29.994823],[-89.363165,29.994793],[-89.363135,29.99476],[-89.363111,29.994726],[-89.363094,29.994692],[-89.363085,29.994659],[-89.363086,29.994627],[-89.363096,29.994598],[-89.363137,29.994559],[-89.363167,29.994544],[-89.363202,29.994537],[-89.363239,29.994536],[-89.363276,29.994539],[-89.363311,29.994551],[-89.363341,29.99457],[-89.363368,29.994592],[-89.36339,29.99462],[-89.363407,29.994651],[-89.363416,29.994686],[-89.363417,29.994722],[-89.36341,29.994755],[-89.363397,29.994787],[-89.363377,29.994817],[-89.363351,29.994844],[-89.36332,29.994865],[-89.363287,29.994881],[-89.363252,29.994889],[-89.363217,29.994892],[-89.36318,29.994887],[-89.363146,29.994878],[-89.363116,29.994863],[-89.363089,29.994843],[-89.363068,29.994817],[-89.363053,29.994787],[-89.363043,29.994753],[-89.36304,29.994719],[-89.363044,29.994684],[-89.363054,29.994649],[-89.363069,29.994615],[-89.363089,29.994584],[-89.363114,29.994557],[-89.363142,29.994537],[-89.363175,29.994526],[-89.36321,29.994523],[-89.363246,29.994526],[-89.363281,29.994535],[-89.363314,29.994551],[-89.363342,29.994574],[-89.363362,29.994604],[-89.363376,29.994636],[-89.363382,29.99467],[-89.363382,29.994705],[-89.363374,29.994737],[-89.363358,29.994768],[-89.363337,29.994798],[-89.363309,29.994823],[-89.363276,29.994843],[-89.36324,29.994862],[-89.363202,29.994871],[-89.363167,29.994875],[-89.363131,29.994872],[-89.363097,29.994863],[-89.363065,29.994849],[-89.363038,29.994831],[-89.363015,29.994806],[-89.362998,29.994776],[-89.362987,29.994747],[-89.362986,29.994717],[-89.362992,29.994685],[-89.363005,29.994652],[-89.363023,29.994619],[-89.363045,29.994588],[-89.363071,29.99456],[-89.363102,29.994536],[-89.363136,29.994519],[-89.363173,29.994506],[-89.363211,29.994498],[-89.36325,29.994497],[-89.363287,29.994504],[-89.363322,29.994519],[-89.363352,29.994539],[-89.363376,29.994567],[-89.36339,29.9946],[-89.363397,29.994634],[-89.363395,29.994667],[-89.363386,29.994701],[-89.363367,29.994732],[-89.36334,29.994758],[-89.363308,29.994779],[-89.363273,29.994798],[-89.363235,29.99481],[-89.363196,29.994816],[-89.363158,29.994815],[-89.363122,29.994808],[-89.363088,29.994796],[-89.363059,29.994778],[-89.363035,29.994755],[-89.363015,29.994728],[-89.363002,29.994696],[-89.362998,29.994666],[-89.363001,29.994637],[-89.363012,29.994609],[-89.363051,29.994565],[-89.363079,29.994548],[-89.363112,29.994541],[-89.363149,29.994541],[-89.363188,29.99455],[-89.363228,29.994565],[-89.363265,29.994587],[-89.363297,29.994612],[-89.363318,29.994643],[-89.363334,29.994675],[-89.363338,29.994709],[-89.363336,29.994743],[-89.363326,29.994775],[-89.363309,29.994804],[-89.363286,29.994833],[-89.363258,29.994855],[-89.363224,29.994873],[-89.363189,29.994882],[-89.363151,29.994886],[-89.363114,29.994884],[-89.363078,29.994876],[-89.363046,29.994861],[-89.363019,29.994842],[-89.362997,29.99482],[-89.362981,29.994793],[-89.362972,29.994763],[-89.362971,29.994733],[-89.362977,29.994702],[-89.36299,29.99467],[-89.363009,29.994638],[-89.363033,29.994607],[-89.363061,29.994579],[-89.363091,29.994554],[-89.363124,29.994534],[-89.363161,29.99452],[-89.363199,29.994514],[-89.363239,29.994515],[-89.363279,29.994523],[-89.363319,29.994538],[-89.363351,29.994559],[-89.363375,29.994586],[-89.363386,29.994618],[-89.36339,29.994651],[-89.363388,29.994684],[-89.363379,29.994719],[-89.363363,29.994752],[-89.363337,29.994779],[-89.363306,29.994801],[-89.363269,29.994816],[-89.36323,29.994825],[-89.363189,29.994829],[-89.36315,29.994826],[-89.363116,29.994816],[-89.363084,29.994802],[-89.363058,29.994782],[-89.363034,29.994757],[-89.363015,29.994728],[-89.363004,29.994695],[-89.362997,29.994661],[-89.362998,29.994625],[-89.363006,29.994589],[-89.363018,29.994554],[-89.363037,29.994524],[-89.363063,29.994498],[-89.363093,29.994474],[-89.363126,29.994457],[-89.363162,29.994444],[-89.363199,29.994439],[-89.363237,29.994442],[-89.363275,29.994453],[-89.36331,29.99447],[-89.363341,29.994494],[-89.363365,29.994522],[-89.363381,29.994554],[-89.363387,29.994586],[-89.363384,29.994618],[-89.363374,29.99465],[-89.363355,29.99468],[-89.363329,29.994709],[-89.363298,29.99473],[-89.363263,29.994747],[-89.363224,29.994757],[-89.363185,29.994761],[-89.363146,29.994757],[-89.36311,29.994748],[-89.363077,29.994735],[-89.36305,29.994716],[-89.363027,29.994691],[-89.36301,29.994661],[-89.362999,29.994629],[-89.362996,29.994601],[-89.363002,29.99457],[-89.363018,29.994543],[-89.363039,29.994522],[-89.363068,29.994503],[-89.363102,29.994488],[-89.363138,29.99448],[-89.363174,29.99448],[-89.363212,29.994488],[-89.36325,29.994502],[-89.363284,29.994524],[-89.363314,29.994551],[-89.363334,29.994581],[-89.363349,29.994612],[-89.363355,29.994646],[-89.363357,29.994679],[-89.36335,29.994712],[-89.363336,29.994746],[-89.363314,29.994775],[-89.363288,29.994801],[-89.363258,29.994824],[-89.363223,29.994841],[-89.363185,29.994848],[-89.363147,29.994851],[-89.36311,29.994847],[-89.363075,29.994835],[-89.363043,29.994818],[-89.363017,29.994797],[-89.362998,29.994773],[-89.362984,29.994746],[-89.362977,29.994718],[-89.362979,29.99469],[-89.362993,29.994644],[-89.363017,29.994606],[-89.363052,29.994577],[-89.36309,29.994553],[-89.363133,29.994534],[-89.363173,29.994517],[-89.363215,29.9945],[-89.363258,29.994488],[-89.363299,29.994481],[-89.363345,29.994485],[-89.363388,29.994497],[-89.363429,29.994517],[-89.363468,29.994543],[-89.363499,29.994572],[-89.363519,29.994606],[-89.363532,29.994638],[-89.363539,29.994668],[-89.363542,29.994702],[-89.363539,29.994732],[-89.363535,29.994766],[-89.363535,29.994803],[-89.363527,29.994832],[-89.363516,29.99486],[-89.363505,29.994892]]]}},{"type":"Feature","properties":{"d":"2025-06-10","material":"River Rock"},"geometry":{"type":"MultiLineString","coordinates":[[[-89.36303,29.994318],[-89.362951,29.994341],[-89.362908,29.994346],[-89.362867,29.994343],[-89.362829,29.994337],[-89.362796,29.994325],[-89.362768,29.994309],[-89.362734,29.994287],[-89.362718,29.994256],[-89.362726,29.994223],[-89.362738,29.994196],[-89.362757,29.994158],[-89.362777,29.994129],[-89.36281,29.994106],[-89.362847,29.994084],[-89.36288,29.994056],[-89.362907,29.994039],[-89.362932,29.994019],[-89.362958,29.994004],[-89.362987,29.993994],[-89.36302,29.993987],[-89.363068,29.993988],[-89.363105,29.993997],[-89.363138,29.994013],[-89.363166,29.994039],[-89.363188,29.994072],[-89.3632,29.994107],[-89.363206,29.99415],[-89.363198,29.994197],[-89.363177,29.994241],[-89.363145,29.994281],[-89.363123,29.9943],[-89.363078,29.994329],[-89.36303,29.994347],[-89.362979,29.994356],[-89.362931,29.994352],[-89.362892,29.994339],[-89.362858,29.99432],[-89.36283,29.994299],[-89.362815,29.994272],[-89.362816,29.99424],[-89.362827,29.994204],[-89.362842,29.994165],[-89.362858,29.994124],[-89.36288,29.994082],[-89.362906,29.99404],[-89.362934,29.993998],[-89.362961,29.993962],[-89.362999,29.993939],[-89.363041,29.993927],[-89.363086,29.99393],[-89.363127,29.993943],[-89.363168,29.993972],[-89.363199,29.994008],[-89.363219,29.994051],[-89.363223,29.994091],[-89.363214,29.99414],[-89.363188,29.994179],[-89.36315,29.994212],[-89.363108,29.994236],[-89.363061,29.994249],[-89.363016,29.994252],[-89.362969,29.994246],[-89.362926,29.994234],[-89.36289,29.994216],[-89.362864,29.994193],[-89.36285,29.994164],[-89.362845,29.994131],[-89.36285,29.994093],[-89.362864,29.994058],[-89.362887,29.994016],[-89.362916,29.993976],[-89.362945,29.993942],[-89.362981,29.993916],[-89.36302,29.993902],[-89.363062,29.993903],[-89.363107,29.993913],[-89.363151,29.993933],[-89.363189,29.993966],[-89.363225,29.994003],[-89.363255,29.994048],[-89.363269,29.994093],[-89.363268,29.994141],[-89.363253,29.994188],[-89.363225,29.99423],[-89.363191,29.994261],[-89.363151,29.99428],[-89.363106,29.994288],[-89.363062,29.994288],[-89.36302,29.994281],[-89.362988,29.994267],[-89.362959,29.994247],[-89.362941,29.994223],[-89.362928,29.994191],[-89.362927,29.994155],[-89.362938,29.99412],[-89.362953,29.994082],[-89.362975,29.994047],[-89.362998,29.994012],[-89.363032,29.993988],[-89.363066,29.993972],[-89.363107,29.993973],[-89.363144,29.993985],[-89.363174,29.994006],[-89.363197,29.99404],[-89.36321,29.994081],[-89.363209,29.994122],[-89.363192,29.99416],[-89.363161,29.994195],[-89.363123,29.994225],[-89.363081,29.994246],[-89.363034,29.994258],[-89.362983,29.994261],[-89.362936,29.994253],[-89.3629,29.994236],[-89.36287,29.994213],[-89.36285,29.994187],[-89.362847,29.994144],[-89.362864,29.99411],[-89.362886,29.99408],[-89.362908,29.994042],[-89.36294,29.994015],[-89.362974,29.993994],[-89.363016,29.993991],[-89.363059,29.993996],[-89.363101,29.994016],[-89.363141,29.994048],[-89.363169,29.994085],[-89.363186,29.994126],[-89.363191,29.994172],[-89.36318,29.994217],[-89.363159,29.994259],[-89.363125,29.994294],[-89.363085,29.994318],[-89.363043,29.994331],[-89.362996,29.994333],[-89.362951,29.994322],[-89.362916,29.99431],[-89.362884,29.99428],[-89.362872,29.994251],[-89.362866,29.994217],[-89.362872,29.994176],[-89.362884,29.994134],[-89.362902,29.994091],[-89.362927,29.994056],[-89.362958,29.994027],[-89.362993,29.994005],[-89.36303,29.993994],[-89.36308,29.994001],[-89.363116,29.994022],[-89.363149,29.994053],[-89.363169,29.994092],[-89.363173,29.994132],[-89.363165,29.994171],[-89.363144,29.994206],[-89.363107,29.994235],[-89.363062,29.994255],[-89.363013,29.994264],[-89.362967,29.994263],[-89.362921,29.994254],[-89.362887,29.994238],[-89.362852,29.994219],[-89.362829,29.994195],[-89.362818,29.994156],[-89.362824,29.994124],[-89.362837,29.99409],[-89.362857,29.994056],[-89.362882,29.994028],[-89.362913,29.994006],[-89.362956,29.99399],[-89.363004,29.993981],[-89.363044,29.993975],[-89.363092,29.993977],[-89.363133,29.993997],[-89.363169,29.994028],[-89.36319,29.994065],[-89.363202,29.99411],[-89.363199,29.994155],[-89.363186,29.994199],[-89.363157,29.994234],[-89.363118,29.994259],[-89.363075,29.994275],[-89.363026,29.994279],[-89.362978,29.994272],[-89.362936,29.994261],[-89.3629,29.994248],[-89.362875,29.994227],[-89.36286,29.994201],[-89.362856,29.994168],[-89.36286,29.994133],[-89.362873,29.994094],[-89.362896,29.994061],[-89.362927,29.99403],[-89.362962,29.994005],[-89.362997,29.993986],[-89.363035,29.993975],[-89.363068,29.993975],[-89.363099,29.993988],[-89.363134,29.994013],[-89.363154,29.994044],[-89.363162,29.994084],[-89.363151,29.99412],[-89.36313,29.994159],[-89.363097,29.994189],[-89.363061,29.99421],[-89.363012,29.994225],[-89.362968,29.994227],[-89.362924,29.994224],[-89.362882,29.994213],[-89.362852,29.994195],[-89.362827,29.994171],[-89.362813,29.994146],[-89.362811,29.994118],[-89.362824,29.994087],[-89.362844,29.994058],[-89.362877,29.994036],[-89.362916,29.994018],[-89.36296,29.994001],[-89.363007,29.993986],[-89.363053,29.993969],[-89.363097,29.993963],[-89.363144,29.993967],[-89.363184,29.993981],[-89.363217,29.994011],[-89.363241,29.994048],[-89.363252,29.994093],[-89.363251,29.994136],[-89.363236,29.994179],[-89.363207,29.994219],[-89.363163,29.994253],[-89.363117,29.994275],[-89.363065,29.994291],[-89.363007,29.994299],[-89.362952,29.994294],[-89.362902,29.99428],[-89.362856,29.994266],[-89.362819,29.994243],[-89.362793,29.994213],[-89.362776,29.994186],[-89.36277,29.994155],[-89.362776,29.994121],[-89.362791,29.99409],[-89.362819,29.994058],[-89.362856,29.994032],[-89.362903,29.994013],[-89.362948,29.993999],[-89.362997,29.993987],[-89.363047,29.993981],[-89.363098,29.993983],[-89.363141,29.993995],[-89.363175,29.994021],[-89.3632,29.994056],[-89.363211,29.994093],[-89.363209,29.994133],[-89.363193,29.994172],[-89.363163,29.994204],[-89.363125,29.994229],[-89.363081,29.994245],[-89.363037,29.994251],[-89.362988,29.99425],[-89.362941,29.994242],[-89.3629,29.994227],[-89.362869,29.994203],[-89.362844,29.994176],[-89.362834,29.994148],[-89.362835,29.994119],[-89.36285,29.994084],[-89.362869,29.994047],[-89.362895,29.994012],[-89.362924,29.993979],[-89.362953,29.99395],[-89.36299,29.99393],[-89.363026,29.993922],[-89.36306,29.993925],[-89.363093,29.993945],[-89.363119,29.993979],[-89.363138,29.994019],[-89.363149,29.994065],[-89.363139,29.994116],[-89.363126,29.994143],[-89.363081,29.994181],[-89.363047,29.994191],[-89.363011,29.994198],[-89.362976,29.994199],[-89.36294,29.994193],[-89.362907,29.99418],[-89.362882,29.994162],[-89.362858,29.99414],[-89.362842,29.994116],[-89.362826,29.994068],[-89.362829,29.994032],[-89.362845,29.994004],[-89.362873,29.993982],[-89.362906,29.993965]]]}},{"type":"Feature","properties":{"d":"2025-06-10","material":"River Rock"},"geometry":{"type":"MultiLineString","coordinates":[[[-89.363005,29.993651],[-89.362981,29.993667],[-89.362953,29.993688],[-89.362919,29.993705],[-89.36288,29.99372],[-89.362836,29.99373],[-89.362789,29.993729],[-89.362742,29.993721],[-89.362699,29.993708],[-89.362661,29.993687],[-89.362633,29.993659],[-89.362609,29.993631],[-89.362594,29.9936],[-89.362596,29.993568],[-89.362609,29.993542],[-89.362628,29.993516],[-89.362656,29.9935],[-89.362694,29.993491],[-89.362737,29.993479],[-89.362779,29.993468],[-89.362827,29.993466],[-89.362873,29.993466],[-89.362921,29.993481],[-89.362956,29.993503],[-89.362985,29.993536],[-89.363004,29.993576],[-89.363007,29.993617],[-89.363,29.993654],[-89.362979,29.993692],[-89.362933,29.993724],[-89.362904,29.993735],[-89.362873,29.993741],[-89.362813,29.99374],[-89.362758,29.99372],[-89.362714,29.993688],[-89.362688,29.993648],[-89.362684,29.993607],[-89.362704,29.993565],[-89.362737,29.993531],[-89.362775,29.993499],[-89.362823,29.993472],[-89.362875,29.993451],[-89.362929,29.993445],[-89.362979,29.993452],[-89.363026,29.993476],[-89.363056,29.993511],[-89.363078,29.993557],[-89.363079,29.993608],[-89.363057,29.993652],[-89.363016,29.993683],[-89.362965,29.993705],[-89.362907,29.993711],[-89.362858,29.993701],[-89.362812,29.993683],[-89.36278,29.993654],[-89.362757,29.99362],[-89.362749,29.993582],[-89.362756,29.993553],[-89.362783,29.993525],[-89.362815,29.993506],[-89.362861,29.993493],[-89.362909,29.993481],[-89.36294,29.993478],[-89.362994,29.993483],[-89.36304,29.993507],[-89.36307,29.993545],[-89.36309,29.993595],[-89.363082,29.993649],[-89.363056,29.993697],[-89.363019,29.993731],[-89.362971,29.993754],[-89.362917,29.993767],[-89.362864,29.993764],[-89.362816,29.993748],[-89.362777,29.993725],[-89.362751,29.993694],[-89.362739,29.993661],[-89.362744,29.993628],[-89.362764,29.993593],[-89.362792,29.99356],[-89.36283,29.993528],[-89.362876,29.993502],[-89.362919,29.99349],[-89.362967,29.993496],[-89.363007,29.993521],[-89.363038,29.993559],[-89.363052,29.9936],[-89.363043,29.993648],[-89.363013,29.993694],[-89.362972,29.993727],[-89.36292,29.993748],[-89.362865,29.993754],[-89.362815,29.993746],[-89.362769,29.993726],[-89.362733,29.993699],[-89.362712,29.993669],[-89.362707,29.993631],[-89.362717,29.993589],[-89.362739,29.993547],[-89.362774,29.993509],[-89.362816,29.993474],[-89.362865,29.993448],[-89.362915,29.993431],[-89.362966,29.99343],[-89.36302,29.993436],[-89.363072,29.99346],[-89.363106,29.9935],[-89.363118,29.993525],[-89.363136,29.993551],[-89.363148,29.9936],[-89.363139,29.993649],[-89.363124,29.993672],[-89.363089,29.993709],[-89.36304,29.993731],[-89.362987,29.993737],[-89.36293,29.993731],[-89.362888,29.993712],[-89.362853,29.993686],[-89.362828,29.993652],[-89.362815,29.993611],[-89.362817,29.99357],[-89.362829,29.993535],[-89.362858,29.9935],[-89.362897,29.993482],[-89.362944,29.99348],[-89.362986,29.993499],[-89.363024,29.993533],[-89.363048,29.993579],[-89.363052,29.993628],[-89.363036,29.993678],[-89.363004,29.993718],[-89.36296,29.993749],[-89.36291,29.993768],[-89.362855,29.993768],[-89.362804,29.993758],[-89.362762,29.993738],[-89.362729,29.993715],[-89.362705,29.993685],[-89.362694,29.99365],[-89.362696,29.993617],[-89.362715,29.99359],[-89.362752,29.993576],[-89.362799,29.993573],[-89.362853,29.993576],[-89.36291,29.993573],[-89.36296,29.993564],[-89.363013,29.993554],[-89.363059,29.993555],[-89.363098,29.993577],[-89.363123,29.993608],[-89.363137,29.993647],[-89.363131,29.993693],[-89.363109,29.993731],[-89.363066,29.993761],[-89.363017,29.993776],[-89.362967,29.993779],[-89.362914,29.993772],[-89.362869,29.993748],[-89.362839,29.993714],[-89.362822,29.993674],[-89.362804,29.993635],[-89.362801,29.993591],[-89.362812,29.993547],[-89.362831,29.993505],[-89.362863,29.993469],[-89.362901,29.99344],[-89.362942,29.993427],[-89.362986,29.993434],[-89.363029,29.993457],[-89.363058,29.993493],[-89.363077,29.993537],[-89.363087,29.993587],[-89.363077,29.993634],[-89.363049,29.993677],[-89.363004,29.993705],[-89.362952,29.993722],[-89.362897,29.993728],[-89.362849,29.993721],[-89.362803,29.993701],[-89.362773,29.99367],[-89.362758,29.993638],[-89.362757,29.993599],[-89.362765,29.993558],[-89.36279,29.993524],[-89.362828,29.993493],[-89.362876,29.993465],[-89.362924,29.993452],[-89.362968,29.993456],[-89.36301,29.993477],[-89.363038,29.993513],[-89.363048,29.993554],[-89.36304,29.9936],[-89.363018,29.993648],[-89.362984,29.993685],[-89.362938,29.993709],[-89.362888,29.993722],[-89.362836,29.993719],[-89.362791,29.993701],[-89.362756,29.993677],[-89.362729,29.993647],[-89.362714,29.993616],[-89.362716,29.993575],[-89.362731,29.993535],[-89.36276,29.993503],[-89.362793,29.993472],[-89.362838,29.993439],[-89.362888,29.993413],[-89.362937,29.993394],[-89.362983,29.993398],[-89.363022,29.993418],[-89.363047,29.993454],[-89.363061,29.9935],[-89.363059,29.993548],[-89.363034,29.993596],[-89.363001,29.993636],[-89.362957,29.993662],[-89.362907,29.993675],[-89.362858,29.993676],[-89.362812,29.993663],[-89.36277,29.993641],[-89.362741,29.993612],[-89.362724,29.993578],[-89.362721,29.993542],[-89.362733,29.993507],[-89.362757,29.99348],[-89.362794,29.993462],[-89.362839,29.993457],[-89.362893,29.993465],[-89.362947,29.993481],[-89.363,29.993492],[-89.363055,29.993504],[-89.363101,29.993532],[-89.363131,29.993574],[-89.363144,29.993621],[-89.36314,29.993669],[-89.36312,29.993714],[-89.36308,29.993749],[-89.363034,29.993772],[-89.362979,29.993782],[-89.362929,29.993777],[-89.36288,29.993762],[-89.362837,29.99374],[-89.362808,29.993709],[-89.36279,29.993674],[-89.362785,29.993631],[-89.362786,29.993587],[-89.362798,29.993539],[-89.362819,29.993495],[-89.36285,29.993458],[-89.36289,29.993431],[-89.362933,29.993422],[-89.362984,29.993432],[-89.363031,29.993459],[-89.363073,29.993494],[-89.363102,29.993539],[-89.363112,29.993586],[-89.363103,29.993635],[-89.363081,29.993682],[-89.363043,29.993718],[-89.362994,29.993743],[-89.362935,29.99376],[-89.362903,29.993763],[-89.36285,29.993757],[-89.362803,29.993739],[-89.362767,29.993712],[-89.362741,29.993681],[-89.362728,29.993647],[-89.362723,29.993611],[-89.36274,29.99358],[-89.362772,29.993553],[-89.362811,29.993531],[-89.362853,29.993512],[-89.362906,29.993502],[-89.362959,29.993493],[-89.363005,29.9935],[-89.363042,29.993529],[-89.363061,29.993569],[-89.363064,29.993614],[-89.363047,29.993654],[-89.36301,29.993688],[-89.362962,29.993711],[-89.362914,29.993718],[-89.362862,29.993714],[-89.362814,29.993698],[-89.362779,29.993676],[-89.362756,29.993647],[-89.362745,29.993615],[-89.362754,29.993583],[-89.362777,29.993552],[-89.362813,29.993522],[-89.362855,29.993495],[-89.362899,29.993476],[-89.362947,29.993475],[-89.362999,29.993488],[-89.363041,29.993513],[-89.363069,29.993553],[-89.363086,29.993601],[-89.363086,29.993648],[-89.363069,29.993697],[-89.363037,29.993739],[-89.362992,29.99377],[-89.362937,29.993786],[-89.362884,29.993791],[-89.362836,29.993782],[-89.362794,29.99376],[-89.362763,29.993733],[-89.362746,29.993698],[-89.362739,29.993659],[-89.362744,29.993622],[-89.362764,29.993582],[-89.362792,29.993542],[-89.362829,29.993505],[-89.36287,29.993476],[-89.362915,29.993456],[-89.362962,29.99345],[-89.363012,29.993463],[-89.363057,29.993487],[-89.363086,29.993523],[-89.363095,29.993569],[-89.363085,29.993612],[-89.363061,29.993651],[-89.363025,29.993682],[-89.362976,29.993705],[-89.362925,29.993714],[-89.362873,29.993708],[-89.362829,29.993685],[-89.362799,29.993655],[-89.362775,29.993623],[-89.362772,29.993585],[-89.362783,29.993547],[-89.362807,29.993512],[-89.36284,29.993484],[-89.362882,29.993462],[-89.362931,29.993454],[-89.362989,29.993458],[-89.363042,29.99347],[-89.363085,29.993492],[-89.363116,29.993529],[-89.363126,29.993573],[-89.363121,29.993618],[-89.363094,29.993657],[-89.363055,29.993685],[-89.363006,29.993705],[-89.36295,29.993709],[-89.362898,29.993702],[-89.362854,29.993684],[-89.36282,29.993654],[-89.362797,29.993618],[-89.362784,29.993578],[-89.362787,29.993539],[-89.362804,29.993501],[-89.362837,29.993469],[-89.362882,29.993445],[-89.362927,29.993439],[-89.362978,29.993442],[-89.363023,29.993461],[-89.363058,29.993492],[-89.363081,29.993532],[-89.363091,29.993575],[-89.36308,29.993624],[-89.363046,29.993664],[-89.363004,29.993695],[-89.362952,29.993714],[-89.362899,29.99372],[-89.362847,29.993713],[-89.362798,29.993694],[-89.362762,29.993666],[-89.362735,29.993633],[-89.362722,29.993601],[-89.362723,29.993569],[-89.362736,29.99353],[-89.362764,29.993492],[-89.3628,29.993458],[-89.362828,29.993432],[-89.362849,29.99341],[-89.362874,29.993392],[-89.362901,29.993375],[-89.362911,29.993402],[-89.36293,29.993428],[-89.362957,29.993441],[-89.36299,29.993449],[-89.363021,29.993442],[-89.363038,29.993416],[-89.363006,29.993404],[-89.362978,29.993387],[-89.362955,29.993368],[-89.362935,29.993341],[-89.362916,29.99331],[-89.362888,29.993279],[-89.362856,29.993257],[-89.362819,29.993241],[-89.362783,29.993232],[-89.362751,29.993229],[-89.362715,29.993225],[-89.362684,29.993225],[-89.362651,29.993231],[-89.362617,29.993234],[-89.362585,29.993242],[-89.362543,29.993258],[-89.362504,29.993278],[-89.362466,29.993301],[-89.362434,29.99332]]]}},{"type":"Feature","properties":{"d":"2025-06-10","material":"River Rock"},"geometry":{"type":"MultiLineString","coordinates":[[[-89.363093,29.993472],[-89.363327,29.993385],[-89.363358,29.993378],[-89.363421,29.993372],[-89.363455,29.993375],[-89.363515,29.993387],[-89.363547,29.993397],[-89.363577,29.99341],[-89.363605,29.993427],[-89.363628,29.993446],[-89.363656,29.993487],[-89.363673,29.993533],[-89.363673,29.993574],[-89.363663,29.993612],[-89.363644,29.993645],[-89.363614,29.993671],[-89.363581,29.993695],[-89.363543,29.993707],[-89.363501,29.99371],[-89.363463,29.993712],[-89.363425,29.993701],[-89.363389,29.993696],[-89.36336,29.99368],[-89.363337,29.99366],[-89.363309,29.993635],[-89.363303,29.9936],[-89.363309,29.993562],[-89.363332,29.993526],[-89.363365,29.993493],[-89.363406,29.993467],[-89.363451,29.993445],[-89.363498,29.993433],[-89.363545,29.99344],[-89.363588,29.993456],[-89.363622,29.993491],[-89.363644,29.993534],[-89.363651,29.993583],[-89.363639,29.993629],[-89.363608,29.993672],[-89.363566,29.993709],[-89.363516,29.993735],[-89.363462,29.99374],[-89.36341,29.993733],[-89.363365,29.993718],[-89.363331,29.993693],[-89.363308,29.993664],[-89.363299,29.99363],[-89.3633,29.993596],[-89.363311,29.993566],[-89.363343,29.993547],[-89.363386,29.993538],[-89.363432,29.993531],[-89.363481,29.993518],[-89.36353,29.993503],[-89.363576,29.993504],[-89.363622,29.993514],[-89.363664,29.993544],[-89.363689,29.993582],[-89.363698,29.993631],[-89.363693,29.993675],[-89.363672,29.993715],[-89.363636,29.993749],[-89.363593,29.993768],[-89.363547,29.993776],[-89.3635,29.993768],[-89.363459,29.993751],[-89.36343,29.993729],[-89.363409,29.993703],[-89.363402,29.993666],[-89.363404,29.993625],[-89.363414,29.993585],[-89.363429,29.993544],[-89.36345,29.993502],[-89.363474,29.993464],[-89.363504,29.993427],[-89.363541,29.993406],[-89.363579,29.993402],[-89.363616,29.993411],[-89.363651,29.993432],[-89.363676,29.993465],[-89.363686,29.993504],[-89.36368,29.993543],[-89.363661,29.993583],[-89.363631,29.993624],[-89.363587,29.993654],[-89.36354,29.993669],[-89.36349,29.993673],[-89.36344,29.993664],[-89.363396,29.993643],[-89.363359,29.993617],[-89.363334,29.993587],[-89.363322,29.993558],[-89.363325,29.993523],[-89.363338,29.993486],[-89.363365,29.993456],[-89.363401,29.993427],[-89.363442,29.993404],[-89.363488,29.993386],[-89.363534,29.993371],[-89.363582,29.99337],[-89.363632,29.993382],[-89.363672,29.99341],[-89.363703,29.99345],[-89.363724,29.993499],[-89.36373,29.993545],[-89.363724,29.993592],[-89.363704,29.993638],[-89.36367,29.99368],[-89.363645,29.993698],[-89.36362,29.993715],[-89.363568,29.993738],[-89.363512,29.993748],[-89.363461,29.993747],[-89.363416,29.993731],[-89.363379,29.993709],[-89.363353,29.99368],[-89.363336,29.993646],[-89.363336,29.993614],[-89.36335,29.99358],[-89.363375,29.993549],[-89.363409,29.993518],[-89.363453,29.993491],[-89.363497,29.993472],[-89.36354,29.993469],[-89.363584,29.993477],[-89.363631,29.993498],[-89.363666,29.993523],[-89.363689,29.993558],[-89.363697,29.993598],[-89.363692,29.993641],[-89.363666,29.993675],[-89.36363,29.993706],[-89.363583,29.993726],[-89.363533,29.993731],[-89.363481,29.993723],[-89.363436,29.993705],[-89.363405,29.993679],[-89.36338,29.993651],[-89.363366,29.993617],[-89.363365,29.99358],[-89.363382,29.993546],[-89.363407,29.993513],[-89.363446,29.993486],[-89.363494,29.993466],[-89.363544,29.993452],[-89.363591,29.993447],[-89.363639,29.993457],[-89.363676,29.993482],[-89.363698,29.993518],[-89.363706,29.993557],[-89.363698,29.993602],[-89.363676,29.99364],[-89.363639,29.993676],[-89.363586,29.993705],[-89.363556,29.993715],[-89.363501,29.993725],[-89.363446,29.993725],[-89.363394,29.993713],[-89.363353,29.99369],[-89.363323,29.993656],[-89.363305,29.993617],[-89.363298,29.99358],[-89.363304,29.993546],[-89.36332,29.993512],[-89.363347,29.99348],[-89.363382,29.993452],[-89.363424,29.99343],[-89.363469,29.993414],[-89.363518,29.993414],[-89.363564,29.993423],[-89.363604,29.993449],[-89.363641,29.993487],[-89.363658,29.99351],[-89.363681,29.993558],[-89.363687,29.993585],[-89.363689,29.993613],[-89.363688,29.99364],[-89.363683,29.993667],[-89.363672,29.993694],[-89.36364,29.993735],[-89.363597,29.993769],[-89.363551,29.993789],[-89.363499,29.993799],[-89.363446,29.993796],[-89.3634,29.993782],[-89.363362,29.99376],[-89.363332,29.993732],[-89.363311,29.993698],[-89.363301,29.993662],[-89.3633,29.993623],[-89.363309,29.993585],[-89.363329,29.993545],[-89.363357,29.993509],[-89.363387,29.99347],[-89.363417,29.993435],[-89.363453,29.99341],[-89.363496,29.993402],[-89.36354,29.993409],[-89.363584,29.993426],[-89.363624,29.993454],[-89.363657,29.993497],[-89.363681,29.993545],[-89.363688,29.993573],[-89.363691,29.993623],[-89.363676,29.993671],[-89.363646,29.993711],[-89.363605,29.993745],[-89.363556,29.99377],[-89.363501,29.993784],[-89.36345,29.993787],[-89.363398,29.993776],[-89.363358,29.993757],[-89.363322,29.99373],[-89.363301,29.993699],[-89.363289,29.993662],[-89.363285,29.99362],[-89.36329,29.993579],[-89.363305,29.993538],[-89.363329,29.993497],[-89.363358,29.993457],[-89.363397,29.993428],[-89.363441,29.993409],[-89.36349,29.993401],[-89.363538,29.993407],[-89.363589,29.993422],[-89.363635,29.993447],[-89.363672,29.993479],[-89.363696,29.993523],[-89.363707,29.993571],[-89.363704,29.993618],[-89.363686,29.993661],[-89.363651,29.993701],[-89.3636,29.993728],[-89.363548,29.993744],[-89.363493,29.993753],[-89.363433,29.993748],[-89.363382,29.993732],[-89.363343,29.993707],[-89.363315,29.99367],[-89.363293,29.993628],[-89.363287,29.99359],[-89.363298,29.993555],[-89.363319,29.99352],[-89.363354,29.993494],[-89.363401,29.993476],[-89.363448,29.993468],[-89.363497,29.993466],[-89.363549,29.993471],[-89.363598,29.993486],[-89.363639,29.993513],[-89.363667,29.993546],[-89.363682,29.993587],[-89.36368,29.99363],[-89.363663,29.993671],[-89.363632,29.993706],[-89.363586,29.993732],[-89.363539,29.993741],[-89.363488,29.993742],[-89.36344,29.99373],[-89.363398,29.993708],[-89.363365,29.993675],[-89.363342,29.993638],[-89.363329,29.993597],[-89.363327,29.993553],[-89.363335,29.993512],[-89.363355,29.99347],[-89.363379,29.993426],[-89.363411,29.993388],[-89.363445,29.993352],[-89.363487,29.993322],[-89.363533,29.993304],[-89.36358,29.993298],[-89.363624,29.993306],[-89.363666,29.99333],[-89.363698,29.993367],[-89.363722,29.993413],[-89.363738,29.993461],[-89.363741,29.993488],[-89.363742,29.993516],[-89.363736,29.993567],[-89.36372,29.993619],[-89.363706,29.993643],[-89.363667,29.993681],[-89.36362,29.99371],[-89.363567,29.993723],[-89.363516,29.993724],[-89.363466,29.99371],[-89.363427,29.993685],[-89.363398,29.993649],[-89.363375,29.993609],[-89.36336,29.993567],[-89.363354,29.993517],[-89.363352,29.993469],[-89.363361,29.993423],[-89.363378,29.993379],[-89.363403,29.993342],[-89.363437,29.993309],[-89.363478,29.993285],[-89.363521,29.99327],[-89.36357,29.993265],[-89.363617,29.993268],[-89.363665,29.993284],[-89.36371,29.993314],[-89.363743,29.99335],[-89.363763,29.993395],[-89.363773,29.993441],[-89.363769,29.993492],[-89.363761,29.993518],[-89.363734,29.993567],[-89.363698,29.993613],[-89.363678,29.993637],[-89.363655,29.993658],[-89.36363,29.993676],[-89.363603,29.993691],[-89.363576,29.993705],[-89.363517,29.993721],[-89.363457,29.993725],[-89.363404,29.993721],[-89.363357,29.993703],[-89.363317,29.993676],[-89.363288,29.993642],[-89.363273,29.993603],[-89.363273,29.993563],[-89.363284,29.993526],[-89.363302,29.993491],[-89.363327,29.993454],[-89.363364,29.993421],[-89.363406,29.993395],[-89.363453,29.993372],[-89.363499,29.993355],[-89.363549,29.993348],[-89.3636,29.993351],[-89.363645,29.993368],[-89.363682,29.993395],[-89.363707,29.993433],[-89.363721,29.99348],[-89.363718,29.993526],[-89.363707,29.993575],[-89.363681,29.993622],[-89.363644,29.993663],[-89.363595,29.993696],[-89.36354,29.993719],[-89.363506,29.993726],[-89.363475,29.99373],[-89.363443,29.993732],[-89.36341,29.993731],[-89.363378,29.993728],[-89.363322,29.993718],[-89.363271,29.993698],[-89.363227,29.993667],[-89.363197,29.99363],[-89.36318,29.993592],[-89.363173,29.993555],[-89.363179,29.993518],[-89.3632,29.993481],[-89.363228,29.993452],[-89.363265,29.993426],[-89.363308,29.993404],[-89.363354,29.99339],[-89.363404,29.993382],[-89.363456,29.993386],[-89.363512,29.993393],[-89.363565,29.993403],[-89.363606,29.993427],[-89.363635,29.993462],[-89.363652,29.993504],[-89.363657,29.993553],[-89.363636,29.993601],[-89.363608,29.993644],[-89.363568,29.993677],[-89.363517,29.993702],[-89.363464,29.993709],[-89.363419,29.993702],[-89.36337,29.993682],[-89.363333,29.993656],[-89.363305,29.993624],[-89.363289,29.993591],[-89.363283,29.993558],[-89.363291,29.993524],[-89.363309,29.993494],[-89.363338,29.993467],[-89.363375,29.993445],[-89.363423,29.993424],[-89.363475,29.993402],[-89.363526,29.993385],[-89.363574,29.993378],[-89.363622,29.993383],[-89.363667,29.993399],[-89.363707,29.99343],[-89.363734,29.99347],[-89.363747,29.993518],[-89.363748,29.993546],[-89.363748,29.993596],[-89.363734,29.993646],[-89.363705,29.993684],[-89.363662,29.993713],[-89.363607,29.99373],[-89.363548,29.993732],[-89.363497,29.993727],[-89.363444,29.993709],[-89.363398,29.993684],[-89.363363,29.99365],[-89.363341,29.993611],[-89.363327,29.993572],[-89.363327,29.99353],[-89.363335,29.993488],[-89.363351,29.993447],[-89.363377,29.993411],[-89.363415,29.993388],[-89.363458,29.993372],[-89.3635,29.993364],[-89.363548,29.993364],[-89.363594,29.993374],[-89.363636,29.993392],[-89.363669,29.993428],[-89.363689,29.993471],[-89.363698,29.993518],[-89.363701,29.993569],[-89.363696,29.993597],[-89.363672,29.993645],[-89.363635,29.993681],[-89.363591,29.99371],[-89.363538,29.993724],[-89.363483,29.993726],[-89.363433,29.993717],[-89.363386,29.993697],[-89.363349,29.993671],[-89.36332,29.993637],[-89.3633,29.993602],[-89.363293,29.993567],[-89.363299,29.993532]]]}},{"type":"Feature","properties":{"d":"2025-06-11","material":"River Rock"},"geometry":{"type":"MultiLineString","coordinates":[[[-89.363622,29.993692],[-89.363498,29.99368],[-89.363465,29.993664],[-89.363436,29.993644],[-89.363413,29.993619],[-89.363395,29.993591],[-89.363386,29.99356],[-89.363386,29.993531],[-89.36339,29.993503],[-89.363402,29.993476],[-89.363419,29.993449],[-89.363443,29.993425],[-89.363471,29.993404],[-89.363505,29.993387],[-89.363541,29.993373],[-89.363579,29.993366],[-89.363617,29.993367],[-89.363653,29.993373],[-89.363688,29.993385],[-89.36372,29.993401],[-89.363747,29.993421],[-89.36377,29.993445],[-89.363789,29.993472],[-89.3638,29.993501],[-89.363804,29.993532],[-89.363803,29.993563],[-89.363796,29.993593],[-89.363785,29.993622],[-89.363769,29.99365],[-89.363746,29.993676],[-89.363718,29.993697],[-89.363688,29.993715],[-89.363654,29.99373],[-89.363617,29.993742],[-89.363578,29.993746],[-89.36354,29.993745],[-89.363503,29.993738],[-89.363467,29.993726],[-89.363434,29.993709],[-89.363405,29.993687],[-89.363383,29.99366],[-89.363365,29.993629],[-89.363354,29.993596],[-89.363349,29.993562],[-89.36335,29.993529],[-89.363357,29.993497],[-89.363371,29.993465],[-89.36339,29.993434],[-89.363415,29.993406],[-89.363447,29.993383],[-89.363483,29.993362],[-89.363522,29.993345],[-89.363564,29.993332],[-89.363608,29.993324],[-89.363652,29.993323],[-89.363697,29.993326],[-89.363738,29.993336],[-89.363776,29.993352],[-89.363811,29.993371],[-89.363841,29.993395],[-89.363869,29.993423],[-89.36389,29.993454],[-89.363903,29.993486],[-89.36391,29.99352],[-89.363912,29.993553],[-89.36391,29.993587],[-89.363901,29.99362],[-89.363886,29.993651],[-89.363867,29.993678],[-89.363841,29.993703],[-89.363811,29.993722],[-89.363777,29.993739],[-89.363741,29.993754],[-89.363702,29.993762],[-89.363663,29.993766],[-89.363625,29.993764],[-89.363586,29.993757],[-89.363547,29.993746],[-89.36351,29.993731],[-89.363477,29.993711],[-89.363448,29.993686],[-89.363423,29.993657],[-89.363402,29.993626],[-89.363387,29.993591],[-89.363378,29.993555],[-89.363379,29.993522],[-89.363387,29.993492],[-89.3634,29.993462],[-89.363418,29.993432],[-89.363442,29.993406],[-89.363472,29.993384],[-89.363506,29.993366],[-89.363546,29.99335],[-89.363586,29.993338],[-89.363627,29.993334],[-89.363668,29.993335],[-89.363707,29.993342],[-89.363744,29.993356],[-89.363778,29.993374],[-89.363805,29.993396],[-89.363829,29.993421],[-89.363847,29.99345],[-89.363861,29.99348],[-89.363868,29.993511],[-89.363869,29.993545],[-89.363863,29.993578],[-89.363853,29.993607],[-89.363837,29.993634],[-89.363813,29.993658],[-89.363784,29.993677],[-89.363753,29.993692],[-89.363719,29.993701],[-89.363685,29.993705],[-89.36365,29.993703],[-89.363618,29.993695],[-89.363584,29.993683],[-89.363549,29.99367],[-89.363513,29.993652],[-89.36348,29.993628],[-89.363457,29.993602],[-89.36344,29.993573],[-89.363429,29.993543],[-89.363426,29.993512],[-89.363429,29.993482],[-89.363437,29.993454],[-89.363452,29.993427],[-89.363475,29.993401],[-89.363503,29.993378],[-89.363535,29.993357],[-89.363573,29.99334],[-89.363612,29.993329],[-89.363652,29.993325],[-89.363692,29.993325],[-89.363729,29.99333],[-89.363764,29.993344],[-89.363794,29.993361],[-89.363823,29.993383],[-89.363845,29.993409],[-89.363861,29.993438],[-89.363871,29.993468],[-89.363875,29.993498],[-89.363873,29.993529],[-89.363866,29.99356],[-89.363853,29.993588],[-89.363836,29.993614],[-89.363812,29.993638],[-89.363783,29.993659],[-89.363752,29.993675],[-89.363717,29.993687],[-89.36368,29.993694],[-89.363643,29.993696],[-89.363606,29.993694],[-89.36357,29.993686],[-89.363534,29.993674],[-89.363501,29.993658],[-89.363468,29.993638],[-89.363441,29.993615],[-89.363421,29.993586],[-89.363406,29.993555],[-89.363399,29.993524],[-89.363398,29.993492],[-89.363407,29.993462],[-89.363421,29.993435],[-89.363443,29.993409],[-89.363469,29.993386],[-89.363502,29.993366],[-89.363539,29.993349],[-89.363579,29.993338],[-89.363618,29.993332],[-89.363659,29.993333],[-89.363696,29.993338],[-89.363732,29.99335],[-89.363764,29.993367],[-89.363791,29.993388],[-89.363814,29.993414],[-89.36383,29.993442],[-89.363839,29.993471],[-89.363843,29.993501],[-89.363841,29.99353],[-89.363834,29.993565],[-89.363825,29.993597],[-89.363808,29.993625],[-89.363793,29.993651]]]}},{"type":"Feature","properties":{"d":"2025-06-11","material":"River Rock"},"geometry":{"type":"MultiLineString","coordinates":[[[-89.363742,29.993098],[-89.363524,29.99314],[-89.363503,29.993161],[-89.363479,29.99319],[-89.363458,29.993211],[-89.363431,29.993235],[-89.363408,29.993256],[-89.36338,29.993272],[-89.363348,29.99328],[-89.36332,29.993268],[-89.363289,29.993261],[-89.363257,29.993257],[-89.363224,29.993253],[-89.363196,29.993267],[-89.363167,29.993281],[-89.363133,29.993295],[-89.363102,29.993308],[-89.363069,29.993315],[-89.363036,29.993318],[-89.363005,29.993316],[-89.362977,29.993303],[-89.362968,29.993276],[-89.362966,29.993248],[-89.362971,29.993219],[-89.362982,29.993191],[-89.362978,29.993159],[-89.362973,29.993124],[-89.363,29.993138],[-89.363007,29.993173],[-89.363009,29.993208],[-89.363008,29.993238],[-89.363003,29.993265],[-89.362991,29.993293],[-89.362972,29.993317],[-89.362954,29.993345],[-89.362921,29.993362],[-89.362893,29.993375],[-89.36286,29.993387],[-89.362826,29.993395],[-89.362796,29.993404],[-89.362772,29.993424],[-89.362756,29.993452],[-89.362736,29.993474],[-89.362722,29.993503],[-89.362702,29.993527],[-89.362679,29.993546],[-89.362649,29.993567],[-89.362616,29.993581],[-89.362582,29.993591],[-89.362554,29.993605],[-89.362533,29.993627],[-89.362529,29.993656],[-89.362527,29.993628],[-89.362536,29.993598],[-89.362551,29.993571],[-89.362565,29.993542],[-89.362585,29.993514],[-89.362602,29.993487],[-89.362622,29.99346],[-89.362643,29.99344],[-89.36267,29.993416],[-89.362691,29.993395],[-89.362715,29.993375],[-89.362742,29.993351],[-89.362768,29.993329],[-89.362791,29.993311],[-89.362818,29.993292],[-89.362845,29.993277],[-89.362882,29.993266],[-89.362912,29.993259],[-89.362943,29.99326],[-89.36298,29.993263],[-89.363014,29.993264],[-89.363051,29.993265],[-89.363084,29.993265],[-89.363119,29.993262],[-89.363151,29.993255],[-89.363185,29.993254],[-89.363218,29.993254],[-89.363251,29.993254],[-89.363285,29.993246],[-89.363314,29.993234],[-89.363344,29.993225],[-89.363381,29.99322],[-89.363416,29.993215],[-89.363447,29.993207],[-89.363477,29.993195],[-89.363504,29.993178],[-89.363528,29.99316],[-89.363549,29.993136],[-89.363566,29.993107],[-89.363572,29.993075],[-89.363572,29.993046],[-89.363569,29.993017],[-89.363555,29.992986],[-89.363531,29.992966],[-89.363507,29.992948],[-89.363479,29.992933],[-89.363444,29.992917],[-89.36341,29.992915],[-89.363372,29.992916],[-89.36334,29.992923],[-89.363312,29.992935],[-89.363284,29.992956],[-89.36326,29.99298],[-89.363246,29.993013],[-89.363235,29.993046],[-89.363225,29.993074],[-89.363214,29.993101],[-89.363207,29.993129],[-89.36319,29.993158],[-89.363171,29.99318],[-89.363144,29.993204],[-89.36312,29.993224],[-89.363093,29.993245],[-89.363063,29.993267],[-89.363027,29.993283],[-89.362998,29.993294],[-89.362967,29.993308],[-89.362935,29.993312],[-89.362905,29.993301],[-89.362892,29.993277],[-89.362892,29.993249],[-89.362901,29.993222],[-89.362917,29.993198],[-89.36295,29.993196],[-89.362979,29.99321],[-89.362983,29.993237],[-89.362972,29.993263],[-89.362949,29.993284],[-89.362917,29.993297],[-89.362884,29.993307],[-89.36285,29.993315],[-89.362819,29.993318],[-89.362785,29.993318],[-89.362751,29.993327],[-89.362723,29.993346],[-89.362704,29.993371],[-89.362678,29.993392],[-89.362654,29.993411],[-89.362636,29.993435],[-89.362602,29.993444]]]}},{"type":"Feature","properties":{"d":"2025-06-11","material":"River Rock"},"geometry":{"type":"MultiLineString","coordinates":[[[-89.36342,29.994273],[-89.363429,29.994225],[-89.363434,29.994195],[-89.363441,29.99416],[-89.36345,29.994124],[-89.363471,29.994088],[-89.363503,29.994061],[-89.363543,29.994042],[-89.363588,29.994034],[-89.363637,29.994033],[-89.363683,29.994042],[-89.363724,29.994061],[-89.36376,29.99409],[-89.363781,29.994124],[-89.363791,29.994159],[-89.363786,29.994197],[-89.363769,29.994233],[-89.363745,29.994266],[-89.363711,29.994291],[-89.36367,29.994308],[-89.363626,29.994317],[-89.363581,29.994319],[-89.363542,29.99431],[-89.363509,29.994291],[-89.363485,29.994263],[-89.363466,29.994226],[-89.36346,29.994187],[-89.363463,29.994145],[-89.363476,29.994103],[-89.363498,29.994064],[-89.363533,29.994037],[-89.363576,29.994017],[-89.363623,29.994008],[-89.363669,29.994004],[-89.363715,29.994011],[-89.363756,29.994028],[-89.363793,29.994054],[-89.363819,29.994087],[-89.363833,29.994123],[-89.363833,29.994161],[-89.363823,29.994199],[-89.363803,29.994237],[-89.363776,29.994275],[-89.363743,29.994302],[-89.363703,29.994323],[-89.363657,29.99434],[-89.363604,29.994352],[-89.363548,29.994357],[-89.363494,29.994361],[-89.363444,29.99436],[-89.363396,29.994349],[-89.363354,29.994327],[-89.363325,29.994297],[-89.363307,29.994258],[-89.363299,29.994218],[-89.363302,29.994177],[-89.363319,29.994134],[-89.363347,29.994094],[-89.363385,29.994058],[-89.363427,29.994029],[-89.363477,29.994013],[-89.363528,29.994005],[-89.363581,29.994004],[-89.363631,29.994016],[-89.363677,29.994038],[-89.363714,29.994063],[-89.363742,29.994098],[-89.363761,29.994135],[-89.363768,29.994174],[-89.363762,29.994212],[-89.363741,29.994251],[-89.363716,29.994288],[-89.363684,29.994318],[-89.363643,29.994341],[-89.363597,29.994359],[-89.363549,29.994368],[-89.363501,29.99437],[-89.363456,29.994359],[-89.363412,29.994338],[-89.363376,29.994312],[-89.363348,29.994277],[-89.363329,29.994238],[-89.363319,29.994202],[-89.363316,29.994171],[-89.363317,29.994141],[-89.363325,29.994114],[-89.363336,29.99408],[-89.36335,29.994044],[-89.363363,29.99401],[-89.363383,29.993985],[-89.363364,29.994009],[-89.363345,29.994032],[-89.363329,29.994057],[-89.363311,29.994087],[-89.363294,29.994113],[-89.363282,29.994138],[-89.363262,29.994162],[-89.363235,29.994184],[-89.363211,29.994201],[-89.363179,29.99421],[-89.363149,29.994222],[-89.363119,29.99421],[-89.363087,29.994221],[-89.363056,29.994236],[-89.363033,29.994255],[-89.363004,29.994273],[-89.362984,29.994295],[-89.362966,29.994318],[-89.362949,29.994342],[-89.362928,29.994365],[-89.362904,29.994387],[-89.362883,29.994412],[-89.362855,29.994429],[-89.362827,29.994446],[-89.362803,29.994463],[-89.36284,29.994473],[-89.362871,29.994482],[-89.362906,29.994495],[-89.362946,29.994509],[-89.362983,29.994522],[-89.363021,29.99454],[-89.363056,29.994556],[-89.363091,29.994575],[-89.363124,29.994596],[-89.363155,29.994619],[-89.363179,29.994645],[-89.363193,29.99467],[-89.363214,29.994703],[-89.363238,29.994736],[-89.363268,29.994764],[-89.363301,29.994788],[-89.36334,29.994805],[-89.36337,29.994817],[-89.363411,29.994831],[-89.363454,29.994838],[-89.363498,29.994842],[-89.363545,29.994849],[-89.363578,29.994848],[-89.363612,29.994848],[-89.363649,29.994846],[-89.363687,29.99484],[-89.36372,29.994834],[-89.363752,29.99483]]]}},{"type":"Feature","properties":{"d":"2025-06-11","material":"River Rock"},"geometry":{"type":"MultiLineString","coordinates":[[[-89.36341,29.993924],[-89.363428,29.9939],[-89.36345,29.993879],[-89.363476,29.993859],[-89.363506,29.993843],[-89.363537,29.993831],[-89.363572,29.993825],[-89.363607,29.993824],[-89.363645,29.993826],[-89.363683,29.993834],[-89.363718,29.99385],[-89.363748,29.99387],[-89.363771,29.993895],[-89.363787,29.993921],[-89.363796,29.993948],[-89.363801,29.993975],[-89.363799,29.994003],[-89.363795,29.99403],[-89.363778,29.994066],[-89.363756,29.994094],[-89.363735,29.994117],[-89.363709,29.994141],[-89.363681,29.994157],[-89.363653,29.994172],[-89.363619,29.99419],[-89.36359,29.994198],[-89.363554,29.9942],[-89.363515,29.994193],[-89.363482,29.994179],[-89.363453,29.994155],[-89.363439,29.994128],[-89.363431,29.994099],[-89.363427,29.994068],[-89.363428,29.994039],[-89.363434,29.994008],[-89.363447,29.99398],[-89.363465,29.993953],[-89.363487,29.993927],[-89.363518,29.993905],[-89.363554,29.993881],[-89.363591,29.993859],[-89.363632,29.993846],[-89.363671,29.993839],[-89.363707,29.993832],[-89.363741,29.993828],[-89.363773,29.993823],[-89.36381,29.993821],[-89.363844,29.993826],[-89.363879,29.99383],[-89.363916,29.993832],[-89.363949,29.993837],[-89.363982,29.993838],[-89.364016,29.99384],[-89.364047,29.993846],[-89.364079,29.993855],[-89.36411,29.993868],[-89.364141,29.993879],[-89.364171,29.9939],[-89.364196,29.993922],[-89.36422,29.993944],[-89.364238,29.99397],[-89.364256,29.993993],[-89.364269,29.994027],[-89.364276,29.994061],[-89.364277,29.994092],[-89.364272,29.994119],[-89.36426,29.994151],[-89.36424,29.994174],[-89.364213,29.994193],[-89.364177,29.994207],[-89.364139,29.994214],[-89.364101,29.994214],[-89.36406,29.994214],[-89.364027,29.994208],[-89.363986,29.994207],[-89.363954,29.994207],[-89.363919,29.994206],[-89.363882,29.994211],[-89.363841,29.994213],[-89.363801,29.994219],[-89.363759,29.994228],[-89.36372,29.994241],[-89.36368,29.994248],[-89.363639,29.994256],[-89.3636,29.994259],[-89.363566,29.994256],[-89.363536,29.994245],[-89.363509,29.994231],[-89.363485,29.994211],[-89.363466,29.994184],[-89.363453,29.994154],[-89.363447,29.994121],[-89.363446,29.994086],[-89.363453,29.994053],[-89.363468,29.99402],[-89.36349,29.99399],[-89.363518,29.993963],[-89.36355,29.993942],[-89.363584,29.993925],[-89.363624,29.993913],[-89.363668,29.993906],[-89.36371,29.993903],[-89.363753,29.993906],[-89.363795,29.993915],[-89.363836,29.993929],[-89.363872,29.99395],[-89.363902,29.993974],[-89.363928,29.994002],[-89.363949,29.994029],[-89.363964,29.994057],[-89.363969,29.994089],[-89.363969,29.994123],[-89.363964,29.994154],[-89.363953,29.994184],[-89.363934,29.994212],[-89.363913,29.994237],[-89.363884,29.994259],[-89.363854,29.99428],[-89.363822,29.994294],[-89.363786,29.994307],[-89.363749,29.99431],[-89.363712,29.99431],[-89.363678,29.994308],[-89.363644,29.994298],[-89.363611,29.994284],[-89.363581,29.994263],[-89.363553,29.994243],[-89.363526,29.994219],[-89.363506,29.99419],[-89.363494,29.99416],[-89.363486,29.994129],[-89.363486,29.994095],[-89.363494,29.994063],[-89.363508,29.99403],[-89.363529,29.994002],[-89.363554,29.993975],[-89.363584,29.99395],[-89.363617,29.993931],[-89.363655,29.99392],[-89.363697,29.993912],[-89.363739,29.99391],[-89.363778,29.993916],[-89.36382,29.993926],[-89.363858,29.993941],[-89.363891,29.993962],[-89.363915,29.993984],[-89.363939,29.99401],[-89.363958,29.994035],[-89.363972,29.994067],[-89.363977,29.994098],[-89.363977,29.994128],[-89.363969,29.994155],[-89.363956,29.994184],[-89.363939,29.99421],[-89.363915,29.994234],[-89.363886,29.994254],[-89.363854,29.994269],[-89.36382,29.994281],[-89.363785,29.994291],[-89.363748,29.994293],[-89.36371,29.994295],[-89.363673,29.994293],[-89.363637,29.994282],[-89.363603,29.99427],[-89.363573,29.994254],[-89.363545,29.994234],[-89.363523,29.994209],[-89.363506,29.99418],[-89.363497,29.99415],[-89.363492,29.994116],[-89.36349,29.994078],[-89.363501,29.994047],[-89.36352,29.994016],[-89.363544,29.993988],[-89.363572,29.993965],[-89.363608,29.993947],[-89.363644,29.993928],[-89.363684,29.993918],[-89.363725,29.993909],[-89.363765,29.993907],[-89.363809,29.993912],[-89.363849,29.993921],[-89.363886,29.993935],[-89.363917,29.993954],[-89.363947,29.993977],[-89.363974,29.994004],[-89.363993,29.994033],[-89.364009,29.994061],[-89.364018,29.994091],[-89.364021,29.994125],[-89.364015,29.994158],[-89.364008,29.994188],[-89.363985,29.994222],[-89.363949,29.994247],[-89.363917,29.994262],[-89.363885,29.994266],[-89.363849,29.994267],[-89.363813,29.994263],[-89.363773,29.994261],[-89.363736,29.994255],[-89.363702,29.994244],[-89.36367,29.994229],[-89.363643,29.994211],[-89.363621,29.994186],[-89.363604,29.994159],[-89.363595,29.994132],[-89.363589,29.994098],[-89.363589,29.994062],[-89.363595,29.994026],[-89.363608,29.993993],[-89.363627,29.99396],[-89.363654,29.993933],[-89.363684,29.993909],[-89.363718,29.993889],[-89.363753,29.993874],[-89.363794,29.993861],[-89.36384,29.993853],[-89.363882,29.99385],[-89.363921,29.993853],[-89.363965,29.993863],[-89.364006,29.993876],[-89.36404,29.993895],[-89.364076,29.993915],[-89.364106,29.993941],[-89.364127,29.99397],[-89.364142,29.994],[-89.364152,29.994027],[-89.364154,29.994059],[-89.36415,29.994091],[-89.364143,29.994121],[-89.364127,29.994146],[-89.364104,29.994171],[-89.364076,29.994195],[-89.364044,29.994216],[-89.364014,29.994236],[-89.363979,29.994258],[-89.363944,29.994275],[-89.363901,29.994293],[-89.363863,29.994305],[-89.363823,29.994316],[-89.363782,29.994325],[-89.36374,29.994333],[-89.363699,29.99434],[-89.36366,29.994349],[-89.363619,29.994357],[-89.363581,29.99436],[-89.363538,29.994361],[-89.363497,29.994357],[-89.363464,29.994348],[-89.363429,29.994334],[-89.363396,29.994314],[-89.363367,29.994294],[-89.363342,29.99427],[-89.363324,29.994241],[-89.363309,29.994209],[-89.3633,29.994175],[-89.363297,29.994136],[-89.363301,29.994101],[-89.363308,29.994065],[-89.363324,29.994034],[-89.363345,29.994002],[-89.363371,29.993973],[-89.363404,29.993948],[-89.363439,29.993924],[-89.36348,29.993904],[-89.363522,29.993888],[-89.363563,29.993878],[-89.363609,29.993874],[-89.363652,29.993874],[-89.363694,29.993879],[-89.363737,29.993889],[-89.363781,29.993904],[-89.36382,29.993922],[-89.363852,29.993944],[-89.363882,29.993971],[-89.363906,29.994002],[-89.363925,29.994032],[-89.363936,29.994068],[-89.363943,29.9941],[-89.363945,29.994133],[-89.36394,29.994166],[-89.363929,29.994199],[-89.363918,29.994229],[-89.363898,29.994257],[-89.363872,29.994284],[-89.363843,29.994305],[-89.363812,29.994329],[-89.363781,29.994346],[-89.363749,29.994357],[-89.363711,29.994361],[-89.36367,29.994368],[-89.363627,29.994374],[-89.363587,29.994377],[-89.363546,29.994379],[-89.363507,29.994374],[-89.363466,29.99437],[-89.363429,29.994357],[-89.363393,29.994346],[-89.363358,29.994331],[-89.363326,29.994312],[-89.363296,29.994291],[-89.363272,29.994268],[-89.363256,29.994239],[-89.363246,29.994208],[-89.363244,29.994172],[-89.363243,29.994134],[-89.363251,29.9941],[-89.363267,29.994067],[-89.363285,29.994037],[-89.363311,29.994011],[-89.363344,29.993987],[-89.36338,29.993969],[-89.363418,29.993954],[-89.363462,29.993939],[-89.363506,29.993931],[-89.363553,29.993931],[-89.363598,29.993932],[-89.36364,29.993941],[-89.363685,29.993954],[-89.363724,29.993974],[-89.36376,29.993996],[-89.363793,29.994021],[-89.363821,29.994048],[-89.363846,29.994079],[-89.363863,29.994109],[-89.363874,29.994141],[-89.363881,29.994174],[-89.363886,29.994209],[-89.363881,29.994242],[-89.36387,29.994273],[-89.363854,29.994304],[-89.363833,29.99433],[-89.363807,29.994355],[-89.363767,29.994375],[-89.36372,29.994388],[-89.363685,29.994389],[-89.363639,29.994381],[-89.363609,29.99437],[-89.36358,29.994353],[-89.363555,29.994331],[-89.363533,29.994308],[-89.363515,29.994281],[-89.363503,29.994251],[-89.3635,29.994217],[-89.363504,29.994184],[-89.36351,29.994148],[-89.363522,29.994113],[-89.36354,29.994082],[-89.363561,29.994055],[-89.36359,29.994029],[-89.363624,29.99401],[-89.363662,29.993992],[-89.363701,29.993977],[-89.363742,29.993964],[-89.363788,29.993957],[-89.363832,29.993959],[-89.363874,29.993963],[-89.363917,29.993973],[-89.363957,29.993985],[-89.363995,29.994004],[-89.364027,29.994027],[-89.364057,29.994053],[-89.364082,29.99408],[-89.364098,29.994108],[-89.364111,29.994137],[-89.364116,29.994171],[-89.364118,29.9942],[-89.364112,29.994233],[-89.364104,29.994262],[-89.364089,29.994293],[-89.364067,29.994316],[-89.364039,29.994338],[-89.364009,29.994361],[-89.363975,29.994378],[-89.363942,29.994394],[-89.363904,29.994402],[-89.363862,29.994411],[-89.363824,29.994416],[-89.363786,29.994419],[-89.363749,29.994414],[-89.363707,29.994411],[-89.363671,29.9944],[-89.363636,29.994385],[-89.363601,29.994367],[-89.363569,29.994348],[-89.363539,29.994325],[-89.363511,29.994299],[-89.363487,29.994271],[-89.363464,29.99424],[-89.363443,29.994208],[-89.363431,29.994175],[-89.363426,29.994142],[-89.36343,29.99411],[-89.363438,29.994076],[-89.363452,29.994046],[-89.363474,29.994018],[-89.363503,29.993994],[-89.363534,29.993974],[-89.363568,29.993956],[-89.363604,29.993941],[-89.363646,29.993932],[-89.363688,29.993927],[-89.363732,29.993929],[-89.363768,29.993938],[-89.363808,29.993954],[-89.363841,29.993975],[-89.36387,29.993999],[-89.363894,29.994025],[-89.363912,29.994052],[-89.363922,29.994082],[-89.363929,29.994115],[-89.363928,29.994144],[-89.363924,29.994172],[-89.363912,29.994202],[-89.363895,29.994229],[-89.363875,29.994257],[-89.363851,29.994279],[-89.363824,29.994301],[-89.363791,29.99432],[-89.36376,29.994337],[-89.363722,29.994347],[-89.363685,29.994353],[-89.363647,29.994356],[-89.36361,29.994357],[-89.363573,29.994354],[-89.363539,29.994347],[-89.363507,29.994336],[-89.363477,29.994317],[-89.363453,29.994294],[-89.363433,29.994267],[-89.363418,29.994237],[-89.363409,29.994201],[-89.363404,29.994167],[-89.363405,29.994134],[-89.363411,29.994099],[-89.363425,29.994064],[-89.363447,29.994033],[-89.363473,29.994005],[-89.363502,29.99398],[-89.363534,29.993961],[-89.363572,29.993945],[-89.363611,29.993928],[-89.363656,29.993917],[-89.363699,29.993908],[-89.363741,29.993906],[-89.363784,29.993909],[-89.363828,29.993915],[-89.363868,29.993926],[-89.363903,29.993943],[-89.363935,29.993965],[-89.363964,29.993991],[-89.363989,29.994018],[-89.364003,29.994047],[-89.364017,29.994082],[-89.364025,29.994117],[-89.364027,29.994151],[-89.36402,29.994185],[-89.364011,29.994217],[-89.363995,29.994247],[-89.363973,29.994272],[-89.363949,29.994291],[-89.363919,29.994306],[-89.363886,29.994319],[-89.363848,29.99433],[-89.363808,29.99434],[-89.36377,29.994344],[-89.363728,29.994347],[-89.363686,29.994349],[-89.363647,29.994347],[-89.363607,29.994344],[-89.363565,29.994338],[-89.363522,29.994331],[-89.36348,29.99432],[-89.36344,29.99431],[-89.363404,29.994299],[-89.363371,29.994281],[-89.36334,29.99426],[-89.363316,29.994234],[-89.363299,29.994205],[-89.363286,29.994174],[-89.363277,29.994139],[-89.363274,29.994104],[-89.363276,29.994069],[-89.363285,29.994033],[-89.363297,29.993999],[-89.363317,29.993968],[-89.363343,29.993934],[-89.363376,29.993906],[-89.363412,29.993883],[-89.363449,29.993862],[-89.363491,29.993847],[-89.363537,29.993839],[-89.363581,29.993831],[-89.363629,29.993826],[-89.363676,29.993829],[-89.363719,29.993837],[-89.363762,29.993847],[-89.363805,29.993865],[-89.363844,29.993887],[-89.36388,29.993914],[-89.36391,29.993939],[-89.363934,29.99397],[-89.363952,29.994002],[-89.363964,29.994033],[-89.36397,29.994068],[-89.363972,29.994103],[-89.363967,29.99414],[-89.363958,29.994173],[-89.363946,29.994208],[-89.363928,29.994242],[-89.363907,29.994274],[-89.363881,29.9943],[-89.363855,29.994328],[-89.363827,29.994351],[-89.363798,29.994372],[-89.363765,29.994393],[-89.36373,29.994409],[-89.363694,29.994421],[-89.363654,29.994434],[-89.363612,29.994445],[-89.363575,29.994449],[-89.363539,29.994448],[-89.363506,29.994443],[-89.363473,29.994435],[-89.363444,29.994421],[-89.363414,29.994402],[-89.363393,29.994374],[-89.363375,29.994347],[-89.363361,29.994311],[-89.363356,29.994277],[-89.363354,29.994243],[-89.363356,29.994208],[-89.363365,29.994174],[-89.363379,29.994138],[-89.363399,29.994106],[-89.363423,29.994077],[-89.363453,29.994051],[-89.363481,29.994028],[-89.363517,29.994008],[-89.363557,29.993992],[-89.3636,29.993982],[-89.363644,29.993976],[-89.363691,29.993977],[-89.363736,29.993982],[-89.363781,29.993992],[-89.363822,29.994002],[-89.363862,29.994018],[-89.363895,29.994039],[-89.363925,29.994064],[-89.363952,29.99409],[-89.363973,29.994118],[-89.363989,29.994148],[-89.364,29.994182],[-89.364006,29.994219],[-89.364007,29.994253],[-89.364002,29.994287],[-89.36399,29.994319],[-89.363973,29.994347],[-89.363951,29.994375],[-89.363928,29.994402],[-89.363899,29.994421],[-89.363868,29.994435],[-89.363835,29.994446],[-89.3638,29.994452],[-89.363768,29.99445],[-89.363735,29.994444],[-89.363696,29.994422],[-89.363666,29.994402],[-89.363643,29.994382],[-89.363625,29.994358],[-89.363608,29.99433],[-89.363598,29.994301],[-89.363597,29.994266],[-89.363599,29.994228],[-89.363604,29.994189],[-89.363609,29.994148],[-89.363617,29.994109],[-89.363632,29.994069]]]}},{"type":"Feature","properties":{"d":"2025-06-11","material":"River Rock"},"geometry":{"type":"MultiLineString","coordinates":[[[-89.364131,29.994428],[-89.363964,29.994718],[-89.363935,29.994743],[-89.36391,29.994763],[-89.363868,29.994784],[-89.363833,29.9948],[-89.363798,29.994813],[-89.363761,29.994814],[-89.363725,29.994809],[-89.363695,29.994791],[-89.363678,29.994765],[-89.363661,29.994738],[-89.363651,29.994706],[-89.363652,29.994672],[-89.363662,29.994638],[-89.363682,29.994602],[-89.36371,29.994573],[-89.363747,29.99455],[-89.363777,29.994535],[-89.363809,29.994523],[-89.36384,29.994518],[-89.363874,29.994518],[-89.36392,29.994522],[-89.363949,29.994531],[-89.363981,29.994544],[-89.364011,29.994559],[-89.364038,29.994577],[-89.36407,29.994604],[-89.364097,29.994637],[-89.364114,29.994673],[-89.364122,29.994711],[-89.364123,29.994747],[-89.364117,29.994785],[-89.364098,29.994817],[-89.364076,29.994846],[-89.364045,29.994865],[-89.364007,29.994882],[-89.363968,29.994897],[-89.363938,29.994907],[-89.36389,29.994913],[-89.363856,29.994917],[-89.363821,29.994919],[-89.363788,29.99492],[-89.363757,29.994916],[-89.363727,29.994906],[-89.363696,29.994898],[-89.363665,29.99489],[-89.363626,29.994869],[-89.363603,29.994851],[-89.363575,29.994819],[-89.363559,29.994795],[-89.363538,29.994761],[-89.363524,29.994724],[-89.363522,29.994697],[-89.363528,29.994656],[-89.363537,29.99463],[-89.36355,29.994603],[-89.363563,29.994575],[-89.36358,29.994549],[-89.3636,29.994525],[-89.363622,29.994506],[-89.36365,29.994486],[-89.363678,29.994466],[-89.363707,29.994449],[-89.36374,29.994434],[-89.363776,29.994423],[-89.363812,29.99442],[-89.363846,29.994421],[-89.36388,29.994423],[-89.363915,29.994426],[-89.363949,29.994434],[-89.363984,29.994445],[-89.364017,29.994458],[-89.364048,29.994474],[-89.364078,29.994494],[-89.364103,29.994517],[-89.364127,29.99454],[-89.364146,29.994568],[-89.364162,29.994593],[-89.364175,29.99462],[-89.364188,29.994658],[-89.364195,29.994695],[-89.364185,29.994734],[-89.364168,29.994771],[-89.364148,29.994806],[-89.364118,29.994831],[-89.36408,29.99485],[-89.364042,29.994867],[-89.364,29.994878],[-89.363958,29.994885],[-89.363915,29.994886],[-89.36388,29.994885],[-89.363849,29.994881],[-89.363814,29.994877],[-89.36378,29.994875],[-89.363749,29.994866],[-89.363717,29.994857],[-89.363685,29.994848],[-89.363653,29.994837],[-89.363625,29.994825],[-89.363586,29.994804],[-89.363564,29.994782],[-89.36354,29.99475],[-89.363524,29.994718],[-89.363518,29.994691],[-89.363516,29.994663],[-89.36352,29.994621],[-89.363527,29.994592],[-89.363543,29.994553],[-89.363559,29.994527],[-89.363589,29.994497],[-89.363615,29.99448],[-89.363642,29.994463],[-89.363673,29.994448],[-89.363703,29.994435],[-89.363739,29.994426],[-89.363773,29.99442],[-89.363811,29.99442],[-89.363853,29.994423],[-89.363903,29.994434],[-89.363949,29.994461],[-89.36399,29.994498],[-89.364021,29.994541],[-89.364033,29.994567],[-89.364052,29.994615],[-89.364057,29.994665],[-89.364052,29.994717],[-89.364035,29.994762],[-89.36401,29.994803],[-89.363974,29.99484],[-89.36393,29.994866],[-89.363882,29.994884],[-89.363829,29.994895],[-89.36378,29.994892],[-89.363732,29.99488],[-89.363689,29.994857],[-89.363656,29.99482],[-89.363627,29.994784],[-89.363616,29.994742],[-89.363619,29.994697],[-89.363637,29.994655],[-89.363665,29.994616],[-89.363705,29.994586],[-89.363749,29.994567],[-89.363796,29.994557],[-89.363836,29.994555],[-89.363871,29.994553],[-89.363916,29.994556],[-89.363955,29.994558],[-89.363992,29.994564],[-89.363968,29.994541],[-89.363936,29.994528],[-89.363901,29.994518],[-89.363865,29.994506],[-89.36383,29.994494],[-89.363793,29.994484],[-89.363768,29.994467],[-89.363741,29.994442],[-89.363726,29.994418],[-89.363719,29.994391],[-89.363725,29.994363],[-89.363739,29.994337],[-89.363753,29.994312],[-89.363775,29.99429]]]}},{"type":"Feature","properties":{"d":"2025-06-11","material":"River Rock"},"geometry":{"type":"MultiLineString","coordinates":[[[-89.363924,29.994785],[-89.363947,29.994965],[-89.363953,29.994999],[-89.363958,29.995035],[-89.36396,29.995076],[-89.363961,29.995107],[-89.363959,29.99514],[-89.363957,29.995169],[-89.363954,29.995197],[-89.363946,29.995225],[-89.363933,29.995252],[-89.363907,29.995283],[-89.363877,29.995307],[-89.363842,29.995327],[-89.363806,29.995335],[-89.363765,29.99533],[-89.363725,29.99532],[-89.36369,29.995305],[-89.363664,29.995283],[-89.363644,29.99525],[-89.363636,29.995211],[-89.363635,29.995171],[-89.363648,29.995134],[-89.363665,29.995101],[-89.363695,29.995077],[-89.36372,29.99506],[-89.363748,29.995046],[-89.36378,29.995035],[-89.363815,29.995023],[-89.363852,29.995018],[-89.36389,29.995015],[-89.363927,29.995017],[-89.36396,29.99502],[-89.36399,29.995029],[-89.36402,29.995043],[-89.364049,29.99506],[-89.364073,29.995079],[-89.364097,29.9951],[-89.364117,29.995125],[-89.364136,29.995151],[-89.364148,29.995178],[-89.364153,29.995205],[-89.364156,29.995233],[-89.364156,29.995261],[-89.364149,29.995288],[-89.364139,29.995315],[-89.364118,29.995347],[-89.364088,29.995376],[-89.364053,29.995401],[-89.364015,29.995419],[-89.363974,29.995426],[-89.363931,29.995421],[-89.363895,29.995407],[-89.363862,29.995382],[-89.363828,29.995359],[-89.36381,29.995336],[-89.363795,29.995311],[-89.363786,29.995285],[-89.363783,29.995256],[-89.363778,29.995223],[-89.36378,29.995196],[-89.363788,29.995167],[-89.363797,29.995139],[-89.363809,29.995113],[-89.363824,29.995088],[-89.363859,29.995061],[-89.363893,29.995041],[-89.363933,29.995028],[-89.363968,29.995025],[-89.364002,29.995022],[-89.364036,29.995024],[-89.364067,29.995031],[-89.364097,29.99504],[-89.364127,29.995058],[-89.36415,29.995078],[-89.364175,29.995099],[-89.364194,29.995121],[-89.364207,29.995146],[-89.364217,29.995172],[-89.364226,29.995212],[-89.36423,29.995243],[-89.364225,29.995271],[-89.364216,29.995298],[-89.364202,29.995325],[-89.364181,29.99535],[-89.364157,29.995371],[-89.364132,29.995389],[-89.364104,29.995406],[-89.364073,29.99542],[-89.364037,29.995433],[-89.364002,29.99544],[-89.363965,29.995443],[-89.363928,29.995442],[-89.363895,29.99544],[-89.363861,29.995432],[-89.363827,29.995423],[-89.363797,29.995411],[-89.363764,29.995393],[-89.363737,29.995376],[-89.363707,29.995356],[-89.363684,29.995335],[-89.363666,29.995308],[-89.363654,29.99528],[-89.363645,29.995248],[-89.363641,29.995215],[-89.363636,29.995179],[-89.363638,29.995145],[-89.363645,29.995114],[-89.363657,29.995082],[-89.363674,29.995056],[-89.363702,29.995021],[-89.363727,29.995003],[-89.363768,29.994984],[-89.363801,29.994973],[-89.363836,29.994968],[-89.363872,29.994968],[-89.363908,29.994974],[-89.363946,29.994983],[-89.363979,29.994994],[-89.364005,29.995012],[-89.364028,29.995031],[-89.364049,29.995053],[-89.364065,29.99508],[-89.364078,29.995108],[-89.364086,29.995137],[-89.364091,29.995169],[-89.36409,29.995199],[-89.364084,29.995226],[-89.364071,29.995254],[-89.364056,29.995281],[-89.364034,29.995304],[-89.364011,29.995325],[-89.363984,29.995342],[-89.363954,29.995356],[-89.363924,29.995367],[-89.363892,29.995374],[-89.363859,29.995379],[-89.363823,29.995378],[-89.363787,29.995372],[-89.363752,29.995366],[-89.363723,29.995353],[-89.363696,29.995338],[-89.363668,29.995318],[-89.363644,29.995297],[-89.363625,29.99527],[-89.363612,29.995241],[-89.363603,29.99521],[-89.363596,29.995178],[-89.363595,29.995144],[-89.363597,29.995112],[-89.363608,29.995079],[-89.363621,29.995051],[-89.363642,29.995022],[-89.363659,29.994997],[-89.363685,29.994974],[-89.363715,29.994959],[-89.363746,29.994944],[-89.363781,29.994933],[-89.363817,29.994924],[-89.363853,29.994919],[-89.363892,29.994918],[-89.363931,29.99492],[-89.363973,29.994923],[-89.364013,29.994934],[-89.364054,29.994947],[-89.364094,29.994961],[-89.364127,29.99498],[-89.364157,29.994999],[-89.364186,29.995022],[-89.364211,29.995049],[-89.364235,29.995077],[-89.364255,29.995107],[-89.364269,29.995141],[-89.364282,29.995175],[-89.364287,29.995207],[-89.364294,29.995239],[-89.364294,29.995275],[-89.364293,29.99531],[-89.364285,29.995342],[-89.364274,29.995373],[-89.36426,29.995404],[-89.364243,29.995433],[-89.364223,29.99546],[-89.364199,29.995482],[-89.364176,29.995503],[-89.364148,29.995522],[-89.364115,29.995538],[-89.364079,29.99555],[-89.364045,29.995558],[-89.364011,29.995559],[-89.363976,29.995558],[-89.363938,29.995552],[-89.363905,29.995543],[-89.363869,29.995531],[-89.363837,29.995516],[-89.363805,29.995499],[-89.363774,29.995478],[-89.363744,29.995455],[-89.363717,29.995431],[-89.363688,29.995404],[-89.363663,29.995373],[-89.363637,29.995343],[-89.363619,29.995311],[-89.363604,29.995281],[-89.363593,29.995249],[-89.36359,29.995215],[-89.363589,29.995182],[-89.363591,29.99515],[-89.363601,29.995118],[-89.363615,29.995087],[-89.363633,29.995059],[-89.363654,29.995032],[-89.363679,29.995008],[-89.363706,29.994989],[-89.363747,29.99497],[-89.363778,29.994961],[-89.363811,29.994956],[-89.363847,29.994954],[-89.363885,29.994955],[-89.363924,29.994962],[-89.363961,29.994974],[-89.363994,29.994988],[-89.364026,29.995007],[-89.364054,29.995029],[-89.364078,29.995052],[-89.364097,29.995078],[-89.364108,29.99511],[-89.364118,29.995142],[-89.364127,29.995172],[-89.364131,29.9952],[-89.364129,29.99524],[-89.364123,29.995268],[-89.364108,29.995295],[-89.36409,29.99532],[-89.364068,29.995341],[-89.364043,29.995359],[-89.364012,29.995374],[-89.36398,29.995382],[-89.363949,29.995384],[-89.363917,29.995384],[-89.363886,29.99538],[-89.363842,29.995367],[-89.363802,29.995346],[-89.363769,29.995317],[-89.363756,29.995292],[-89.363747,29.995265],[-89.363745,29.995236],[-89.363748,29.995207],[-89.363759,29.995177],[-89.363773,29.995152],[-89.363791,29.995125],[-89.363813,29.995104],[-89.363841,29.995086],[-89.363882,29.99507],[-89.363914,29.995062],[-89.36396,29.995059],[-89.363992,29.995066],[-89.364025,29.995076],[-89.364056,29.99509],[-89.364083,29.995108],[-89.364107,29.995129],[-89.364128,29.995151],[-89.364143,29.995176],[-89.364155,29.995202],[-89.364166,29.995242],[-89.364166,29.995271],[-89.36416,29.9953],[-89.364146,29.99533],[-89.36413,29.995358],[-89.364108,29.995381],[-89.364073,29.995408],[-89.364031,29.995425],[-89.364,29.995429],[-89.363968,29.995429],[-89.363937,29.995425],[-89.363905,29.995418],[-89.363875,29.995408],[-89.363847,29.995395],[-89.363823,29.995376],[-89.363801,29.995356],[-89.363783,29.99532],[-89.363776,29.99528],[-89.363779,29.995239],[-89.363797,29.9952],[-89.363816,29.995175],[-89.363842,29.995144],[-89.363866,29.995127],[-89.363899,29.995114],[-89.363929,29.995106],[-89.36396,29.9951],[-89.363994,29.995101],[-89.364025,29.995106],[-89.364057,29.995117],[-89.364086,29.99513],[-89.364112,29.995149],[-89.364136,29.995174],[-89.364155,29.995198],[-89.364168,29.995224],[-89.364175,29.995251],[-89.364179,29.995279],[-89.364181,29.995308],[-89.364172,29.995347],[-89.36416,29.995373],[-89.364143,29.995399],[-89.364122,29.995423],[-89.364097,29.995441],[-89.364066,29.995455],[-89.364035,29.995466],[-89.36399,29.99547],[-89.363947,29.995466],[-89.363908,29.995453],[-89.363881,29.995438],[-89.363854,29.995421],[-89.36383,29.995399],[-89.36381,29.995374],[-89.363794,29.995347],[-89.363785,29.995316],[-89.363775,29.995285],[-89.363772,29.995254],[-89.363771,29.995221],[-89.363774,29.995193],[-89.363781,29.995162],[-89.363793,29.995131],[-89.363809,29.995103],[-89.363831,29.995077],[-89.363855,29.995055],[-89.36388,29.995037],[-89.363911,29.995021],[-89.363942,29.99501],[-89.363979,29.995002],[-89.364014,29.994998],[-89.364051,29.995],[-89.364087,29.995005],[-89.364122,29.995015],[-89.364155,29.995028],[-89.364182,29.995045],[-89.364204,29.995066],[-89.364224,29.995088],[-89.364239,29.995114],[-89.364249,29.995142],[-89.364254,29.99518],[-89.36425,29.995208],[-89.364231,29.995242],[-89.364206,29.995273],[-89.364181,29.995294],[-89.364153,29.995308],[-89.36412,29.99532],[-89.364083,29.995331],[-89.364047,29.995336],[-89.364014,29.995339],[-89.363981,29.995338],[-89.363944,29.995333],[-89.363905,29.995328],[-89.363866,29.99532],[-89.363827,29.995309],[-89.36379,29.995296],[-89.363751,29.99528],[-89.363716,29.995263],[-89.363685,29.995245],[-89.363654,29.995224],[-89.363627,29.995202],[-89.3636,29.995178],[-89.363575,29.995151],[-89.363554,29.995122],[-89.363531,29.995092],[-89.36351,29.995061],[-89.363495,29.995029],[-89.363486,29.994994],[-89.363476,29.994961],[-89.363471,29.994926],[-89.36347,29.994892],[-89.36347,29.994859],[-89.363471,29.994825],[-89.363478,29.994789],[-89.363486,29.994757],[-89.3635,29.994724],[-89.363516,29.994694],[-89.363533,29.994664],[-89.363554,29.994634],[-89.363579,29.994606],[-89.36362,29.994575],[-89.36365,29.994565],[-89.363683,29.99456],[-89.363717,29.994561],[-89.363753,29.994569],[-89.363787,29.994583],[-89.36382,29.994606],[-89.363851,29.994634],[-89.363879,29.994666],[-89.363903,29.9947],[-89.363921,29.994738],[-89.363931,29.994776],[-89.363935,29.994812],[-89.363935,29.994842],[-89.363924,29.994888],[-89.363908,29.994932],[-89.363886,29.994979],[-89.363857,29.995023],[-89.363831,29.995061],[-89.363811,29.995101],[-89.363791,29.995146],[-89.363774,29.995192],[-89.363762,29.995239],[-89.363755,29.995282],[-89.363751,29.995326],[-89.363752,29.99537],[-89.36376,29.995412],[-89.363771,29.995452],[-89.36379,29.995492],[-89.363816,29.995528],[-89.363849,29.995558],[-89.363886,29.995583],[-89.363925,29.995601],[-89.363968,29.995612],[-89.364011,29.995614],[-89.364055,29.99561],[-89.364098,29.995599],[-89.364133,29.995582],[-89.364164,29.995558],[-89.364187,29.995531],[-89.364205,29.995499],[-89.364213,29.995463],[-89.364215,29.995426],[-89.364208,29.99539],[-89.364198,29.995354],[-89.364182,29.995317]]]}},{"type":"Feature","properties":{"d":"2025-06-11","material":"River Rock"},"geometry":{"type":"MultiLineString","coordinates":[[[-89.362945,29.99497],[-89.362323,29.995819],[-89.362304,29.995795],[-89.362282,29.995774],[-89.362259,29.995752],[-89.36225,29.995725],[-89.362255,29.995691],[-89.362269,29.995664],[-89.362292,29.995638],[-89.362323,29.995615],[-89.362356,29.995595],[-89.362387,29.995581],[-89.362429,29.99557],[-89.362476,29.995562],[-89.362532,29.995557],[-89.362591,29.995551],[-89.362649,29.995544],[-89.36271,29.995539],[-89.362742,29.995537],[-89.362806,29.995534],[-89.362839,29.995531],[-89.362874,29.995528],[-89.362909,29.995525],[-89.362942,29.995522],[-89.362979,29.99552],[-89.363015,29.995517],[-89.363052,29.995515],[-89.363087,29.995513],[-89.363122,29.995513],[-89.363158,29.99551],[-89.363195,29.995508],[-89.36323,29.995508],[-89.363266,29.995507],[-89.363303,29.995508],[-89.363341,29.995508],[-89.363379,29.995508],[-89.363415,29.995509],[-89.363452,29.99551],[-89.363488,29.995509],[-89.363524,29.99551],[-89.36356,29.995509],[-89.363595,29.995511],[-89.36363,29.995511],[-89.363667,29.995512],[-89.363706,29.995511],[-89.363742,29.995512],[-89.363777,29.995515],[-89.363813,29.995517],[-89.363849,29.995518],[-89.363886,29.995517],[-89.363923,29.995517],[-89.363961,29.995516],[-89.363999,29.995516],[-89.364037,29.995517],[-89.364074,29.995519],[-89.36411,29.995522],[-89.364146,29.995524],[-89.364181,29.995527],[-89.364217,29.995528],[-89.364254,29.995528],[-89.364291,29.995528],[-89.364325,29.995527],[-89.364362,29.995523],[-89.364395,29.995516],[-89.364423,29.995504],[-89.36447,29.99547],[-89.364487,29.995447],[-89.364508,29.9954],[-89.364505,29.995346],[-89.364483,29.995304],[-89.364441,29.995269],[-89.364412,29.995257],[-89.36435,29.995248],[-89.364312,29.995254],[-89.364272,29.995263],[-89.364234,29.995274],[-89.364195,29.995288],[-89.364154,29.995303],[-89.364112,29.995319],[-89.364069,29.995335],[-89.364025,29.995352],[-89.36398,29.995366],[-89.363936,29.995376],[-89.363893,29.995385],[-89.363846,29.995393],[-89.363796,29.9954],[-89.363747,29.995407],[-89.363697,29.995412],[-89.363644,29.995417],[-89.363591,29.99542],[-89.36354,29.995423],[-89.363489,29.995425],[-89.36344,29.995427],[-89.363385,29.99543],[-89.363335,29.995431],[-89.363282,29.995436],[-89.363228,29.995439],[-89.363179,29.995439],[-89.363129,29.995437],[-89.363078,29.995434],[-89.363023,29.995434],[-89.362969,29.995433],[-89.362916,29.995431],[-89.362862,29.995432],[-89.362816,29.995434],[-89.362778,29.995438],[-89.362743,29.995438],[-89.36269,29.995445],[-89.362642,29.995455],[-89.362594,29.995474],[-89.362554,29.995491],[-89.362526,29.995508],[-89.362498,29.995524],[-89.362476,29.995545],[-89.362461,29.995573],[-89.362467,29.995612],[-89.362496,29.995644],[-89.362529,29.995657],[-89.362566,29.995662],[-89.36261,29.995657],[-89.362648,29.995654],[-89.362679,29.995651],[-89.362718,29.995651],[-89.362759,29.99565],[-89.362797,29.995651],[-89.362841,29.995654],[-89.362881,29.995655],[-89.362918,29.995651],[-89.362951,29.995642],[-89.362985,29.995629],[-89.363017,29.995613],[-89.362999,29.995641],[-89.36297,29.995652],[-89.36294,29.995663],[-89.362904,29.995673],[-89.362868,29.995684],[-89.362829,29.995696],[-89.362789,29.995705],[-89.362752,29.995707],[-89.362716,29.995709],[-89.362674,29.995703],[-89.362638,29.995693],[-89.362607,29.995675],[-89.36258,29.995647],[-89.362563,29.995622],[-89.362543,29.995597],[-89.362521,29.995566],[-89.362506,29.995542],[-89.362485,29.995517],[-89.362467,29.995495],[-89.362454,29.995466],[-89.362456,29.995438],[-89.36246,29.99541],[-89.36243,29.995419],[-89.362393,29.995422],[-89.362342,29.995425],[-89.362286,29.995439],[-89.362237,29.995455],[-89.362197,29.995472],[-89.362165,29.995486],[-89.362139,29.995505],[-89.36211,29.995531],[-89.362086,29.995556],[-89.362066,29.995581],[-89.362052,29.995616],[-89.362043,29.995656],[-89.362039,29.995689],[-89.362036,29.99572],[-89.362041,29.995757],[-89.362042,29.995792],[-89.362045,29.995821],[-89.36205,29.995854],[-89.362058,29.995889],[-89.362075,29.995918],[-89.362095,29.995947],[-89.362113,29.995972],[-89.362136,29.995997],[-89.362168,29.996017],[-89.362197,29.996032],[-89.362229,29.996046],[-89.362266,29.996055],[-89.362302,29.996057],[-89.362336,29.996057],[-89.362369,29.996056],[-89.362402,29.996051],[-89.362434,29.996046],[-89.362465,29.996033],[-89.362496,29.996024],[-89.362527,29.996016],[-89.362558,29.996007],[-89.362595,29.995994],[-89.362626,29.995986],[-89.362665,29.99598],[-89.362696,29.995975],[-89.362742,29.995958],[-89.362773,29.99594],[-89.362803,29.995915],[-89.362826,29.995888],[-89.362845,29.995863],[-89.362863,29.995839],[-89.362875,29.995813],[-89.362886,29.995785],[-89.362898,29.995759],[-89.362909,29.995733],[-89.362914,29.995702],[-89.362918,29.99567],[-89.362931,29.995637],[-89.362956,29.995612],[-89.362986,29.995593],[-89.363021,29.995583],[-89.363055,29.995572],[-89.363088,29.995566],[-89.363123,29.995556],[-89.363156,29.995544],[-89.363189,29.995533],[-89.363224,29.995522],[-89.363252,29.99551],[-89.36328,29.995495],[-89.363313,29.995477],[-89.363342,29.995462],[-89.363372,29.995445],[-89.363401,29.995433],[-89.363426,29.995416],[-89.363455,29.995398],[-89.363489,29.995394],[-89.363516,29.995411],[-89.363533,29.995434],[-89.363534,29.995463],[-89.363539,29.99549],[-89.363554,29.995516],[-89.363582,29.995529],[-89.363614,29.995541],[-89.36365,29.995549],[-89.363685,29.995552],[-89.363716,29.995556],[-89.363752,29.995557],[-89.363787,29.995553],[-89.36382,29.99555],[-89.363856,29.99555],[-89.363887,29.995535],[-89.363917,29.995513],[-89.363949,29.995489],[-89.363983,29.995469],[-89.364016,29.995455],[-89.364049,29.995442],[-89.36408,29.99543],[-89.364116,29.995415],[-89.364149,29.995399],[-89.364185,29.995387],[-89.364221,29.995375],[-89.364257,29.99537],[-89.364287,29.995361],[-89.364324,29.995353],[-89.364359,29.995353],[-89.364394,29.995357],[-89.364425,29.995365],[-89.364459,29.995373],[-89.364497,29.995387],[-89.364534,29.995395],[-89.36457,29.995406],[-89.364607,29.995415],[-89.364651,29.995429],[-89.364687,29.995441],[-89.364728,29.995452],[-89.364768,29.995464],[-89.364803,29.995474],[-89.36484,29.995483],[-89.364876,29.995486],[-89.36491,29.995485],[-89.364942,29.995481],[-89.364987,29.995464]]]}},{"type":"Feature","properties":{"d":"2025-06-11","material":"River Rock"},"geometry":{"type":"MultiLineString","coordinates":[[[-89.364422,29.995611],[-89.364245,29.995531],[-89.364228,29.9955],[-89.364215,29.995465],[-89.364212,29.995437],[-89.364222,29.995409],[-89.364241,29.99538],[-89.364275,29.995362],[-89.364316,29.99535],[-89.364349,29.99535],[-89.364389,29.995363],[-89.364419,29.995389],[-89.36444,29.995429],[-89.364445,29.995474],[-89.364423,29.995514],[-89.364392,29.99555],[-89.36435,29.99558],[-89.364295,29.995593],[-89.364263,29.995593],[-89.36423,29.995589],[-89.364197,29.995581],[-89.364163,29.995573],[-89.364129,29.995565],[-89.364094,29.995556],[-89.364056,29.995548],[-89.364018,29.995539],[-89.363979,29.995532],[-89.363939,29.995525],[-89.363899,29.995518],[-89.363861,29.995514],[-89.363824,29.995513],[-89.363783,29.995512],[-89.363745,29.995511],[-89.363705,29.995511],[-89.363665,29.995511],[-89.363626,29.995515],[-89.363588,29.995518],[-89.363548,29.995524],[-89.363507,29.995527],[-89.363466,29.995531],[-89.363422,29.995535],[-89.36338,29.995539],[-89.363339,29.995542],[-89.363298,29.995545],[-89.363258,29.99555],[-89.363218,29.995553],[-89.363179,29.995555],[-89.363138,29.995558],[-89.363101,29.99556],[-89.36306,29.995562],[-89.363019,29.995563],[-89.362978,29.995564],[-89.362939,29.995566],[-89.362905,29.995568],[-89.362873,29.995572],[-89.362839,29.995575],[-89.362804,29.995579],[-89.362769,29.995584],[-89.362736,29.995589],[-89.362699,29.995598],[-89.362665,29.995606],[-89.362635,29.995615],[-89.362602,29.995624],[-89.362571,29.995631],[-89.362515,29.995638],[-89.362464,29.995639],[-89.362412,29.99563],[-89.362369,29.995613],[-89.362336,29.995589],[-89.362315,29.995553],[-89.362302,29.99551],[-89.362309,29.99547],[-89.362327,29.995435],[-89.362363,29.995415],[-89.362413,29.995401],[-89.362473,29.995395],[-89.36251,29.995395],[-89.362547,29.995396],[-89.362587,29.995399],[-89.362626,29.995401],[-89.362663,29.995404],[-89.362703,29.995408],[-89.362742,29.995413],[-89.362782,29.995416],[-89.362819,29.99542],[-89.362856,29.995422],[-89.362895,29.995426],[-89.362933,29.995428],[-89.362975,29.99543],[-89.363014,29.995433],[-89.363056,29.995434],[-89.363095,29.995436],[-89.363135,29.995436],[-89.363175,29.995436],[-89.363215,29.995437],[-89.363257,29.995438],[-89.363295,29.99544],[-89.363336,29.99544],[-89.363377,29.995442],[-89.363416,29.995444],[-89.363458,29.995444],[-89.363497,29.995446],[-89.363537,29.995449],[-89.36358,29.995451],[-89.363621,29.995453],[-89.36366,29.995454],[-89.363701,29.995453],[-89.363744,29.995456],[-89.363783,29.995456],[-89.363822,29.995455],[-89.363861,29.995457],[-89.3639,29.995455],[-89.363939,29.995452],[-89.363974,29.995449],[-89.36401,29.995448],[-89.364041,29.995449],[-89.364073,29.995448],[-89.36413,29.995449],[-89.364186,29.995446],[-89.364241,29.995444],[-89.3643,29.995441]]]}},{"type":"Feature","properties":{"d":"2025-06-11","material":"River Rock"},"geometry":{"type":"MultiLineString","coordinates":[[[-89.3644,29.993958],[-89.364231,29.994699],[-89.36423,29.994732],[-89.36423,29.994763],[-89.36423,29.994796],[-89.364226,29.994826],[-89.364222,29.994858],[-89.364219,29.994889],[-89.364216,29.994919],[-89.364214,29.994952],[-89.364217,29.994981],[-89.36422,29.995011],[-89.364223,29.995063],[-89.364231,29.99509],[-89.364248,29.995141],[-89.364271,29.995189],[-89.364296,29.995223],[-89.364329,29.995246],[-89.364368,29.995265],[-89.364404,29.995271],[-89.36444,29.995267],[-89.364474,29.995256],[-89.364501,29.995236],[-89.364519,29.995212],[-89.364534,29.995183],[-89.364541,29.995151],[-89.364536,29.995114],[-89.364522,29.995077],[-89.364499,29.995049],[-89.364464,29.995029],[-89.364426,29.995015],[-89.364382,29.99501],[-89.364335,29.995015],[-89.364294,29.995027],[-89.364258,29.995052],[-89.364227,29.995084],[-89.364209,29.99512],[-89.364203,29.995158],[-89.364204,29.995196],[-89.364218,29.995233],[-89.364235,29.995262],[-89.364263,29.995285],[-89.364298,29.995301],[-89.364334,29.99531],[-89.364374,29.99531],[-89.364409,29.9953],[-89.364441,29.995278],[-89.364465,29.995255],[-89.364482,29.995227],[-89.364492,29.995194],[-89.364492,29.995158],[-89.36448,29.995122],[-89.364458,29.995087],[-89.364428,29.99506],[-89.364394,29.995037],[-89.364353,29.995022],[-89.364307,29.995013],[-89.36426,29.995014],[-89.364218,29.995026],[-89.364177,29.995052],[-89.364146,29.995077],[-89.364127,29.995108],[-89.364117,29.995145],[-89.364121,29.995181],[-89.364133,29.995213],[-89.364152,29.99524],[-89.364182,29.995262],[-89.364216,29.995279],[-89.364256,29.995285],[-89.364294,29.995281],[-89.364329,29.99527],[-89.364364,29.995251],[-89.364397,29.995227],[-89.364422,29.995199],[-89.36444,29.995169],[-89.364448,29.995132],[-89.364449,29.995095],[-89.364436,29.995058],[-89.364415,29.995026],[-89.364384,29.994999],[-89.364345,29.99498],[-89.364302,29.99497],[-89.36426,29.994967],[-89.364218,29.994973],[-89.364179,29.994993],[-89.364145,29.99502],[-89.364116,29.995052],[-89.364095,29.995091],[-89.364084,29.99513],[-89.364085,29.995171],[-89.364095,29.995208],[-89.364114,29.995238],[-89.364143,29.995266],[-89.364177,29.995285],[-89.364217,29.995298],[-89.364259,29.9953],[-89.364296,29.995295],[-89.364334,29.995285],[-89.364368,29.995267],[-89.364395,29.995241],[-89.364415,29.995211],[-89.364426,29.995176],[-89.36443,29.995138],[-89.364424,29.995103],[-89.364407,29.99507],[-89.364378,29.995038],[-89.364345,29.995012],[-89.364302,29.994995],[-89.364257,29.994987],[-89.364214,29.99499],[-89.364172,29.995004],[-89.364132,29.99503],[-89.3641,29.995059],[-89.364079,29.995092],[-89.36407,29.995129],[-89.364067,29.995167],[-89.364077,29.995203],[-89.364096,29.995236],[-89.364121,29.995261],[-89.364156,29.995278],[-89.364197,29.995288],[-89.364243,29.995291],[-89.364287,29.995287],[-89.364332,29.995278],[-89.364375,29.995268],[-89.364414,29.995249],[-89.364441,29.995222],[-89.364463,29.99519],[-89.364473,29.995157],[-89.36447,29.995122],[-89.364454,29.995089],[-89.364427,29.99506],[-89.364395,29.995036],[-89.364352,29.995022],[-89.364312,29.995016],[-89.364271,29.995023],[-89.364229,29.995039],[-89.364195,29.995062],[-89.364168,29.995091],[-89.364153,29.995123],[-89.36415,29.99516],[-89.364158,29.995195],[-89.364175,29.995227],[-89.3642,29.995251],[-89.364233,29.995266],[-89.364266,29.995273],[-89.364308,29.995278],[-89.364343,29.995273],[-89.364376,29.995263],[-89.364407,29.995244],[-89.364429,29.995225],[-89.364449,29.995204],[-89.364463,29.995177],[-89.364471,29.995147],[-89.364469,29.995116],[-89.364465,29.995079],[-89.364451,29.995053],[-89.364433,29.995026],[-89.36441,29.995005],[-89.364384,29.994987],[-89.364358,29.994972],[-89.364322,29.994961],[-89.364285,29.994957],[-89.364251,29.994961],[-89.364217,29.994967],[-89.364178,29.994978],[-89.364142,29.994998],[-89.364112,29.995017],[-89.364087,29.99504],[-89.364066,29.995072],[-89.364055,29.995104],[-89.364055,29.995137]]]}},{"type":"Feature","properties":{"d":"2025-06-11","material":"River Rock"},"geometry":{"type":"MultiLineString","coordinates":[[[-89.364284,29.994621],[-89.364186,29.994852],[-89.364212,29.994875],[-89.364243,29.994888],[-89.364279,29.994897],[-89.364314,29.994898],[-89.36435,29.994891],[-89.364382,29.994877],[-89.36441,29.994851],[-89.364433,29.994821],[-89.36445,29.994785],[-89.36446,29.994744],[-89.364466,29.994697],[-89.364464,29.994651],[-89.364457,29.994605],[-89.364442,29.994565],[-89.364415,29.99453],[-89.364377,29.994506],[-89.364334,29.99449],[-89.364286,29.994485],[-89.364239,29.994493],[-89.364192,29.994511],[-89.364155,29.994539],[-89.364128,29.994574],[-89.364116,29.994613],[-89.364115,29.994654],[-89.364126,29.994693],[-89.364147,29.994729],[-89.364175,29.994763],[-89.36421,29.994792],[-89.364249,29.994811],[-89.364292,29.994821],[-89.364338,29.994824],[-89.364386,29.994818],[-89.364431,29.994806],[-89.364471,29.994786],[-89.364503,29.994759],[-89.364526,29.994728],[-89.364544,29.99469],[-89.364553,29.99465],[-89.364554,29.994607],[-89.364542,29.994564],[-89.364521,29.994526],[-89.364492,29.994491],[-89.364456,29.99446],[-89.364412,29.994437],[-89.364363,29.994426],[-89.364311,29.994425],[-89.364257,29.994432],[-89.364206,29.994449],[-89.364159,29.994476],[-89.364121,29.994509],[-89.364086,29.994547],[-89.36406,29.994591],[-89.364038,29.994637],[-89.364032,29.994682],[-89.364037,29.994726],[-89.364052,29.994769],[-89.364078,29.994806],[-89.364107,29.994837],[-89.364147,29.994862],[-89.36419,29.99488],[-89.364235,29.994892],[-89.364285,29.994898],[-89.364334,29.994894],[-89.364383,29.994882],[-89.364426,29.994862],[-89.364463,29.99484],[-89.364493,29.994808],[-89.364518,29.994773],[-89.364534,29.994733],[-89.364541,29.99469],[-89.364541,29.994647],[-89.364532,29.994605],[-89.364513,29.994562],[-89.364487,29.994523],[-89.364453,29.994488],[-89.36441,29.994459],[-89.364362,29.994439],[-89.364313,29.994427],[-89.364257,29.994426],[-89.364204,29.994432],[-89.36415,29.994448],[-89.364102,29.994468],[-89.364058,29.994498],[-89.364025,29.994536],[-89.363999,29.994579],[-89.363985,29.994624],[-89.363977,29.994672],[-89.363981,29.994719],[-89.363997,29.994762],[-89.364021,29.994802],[-89.364051,29.994837],[-89.364089,29.994865],[-89.364133,29.994889],[-89.364178,29.994909],[-89.364229,29.99492],[-89.364281,29.994926],[-89.364332,29.994924],[-89.36438,29.994916],[-89.364427,29.994902],[-89.36447,29.994877],[-89.364509,29.994852],[-89.364542,29.994822],[-89.364572,29.994783],[-89.364591,29.994746],[-89.364607,29.994705],[-89.364615,29.994662],[-89.364612,29.99462],[-89.364606,29.994576],[-89.364586,29.994538],[-89.364555,29.994498],[-89.364519,29.994466],[-89.364477,29.994439],[-89.364428,29.99442],[-89.364375,29.994411],[-89.364321,29.994409],[-89.364268,29.994414],[-89.364217,29.99443],[-89.364167,29.994454],[-89.364129,29.994486],[-89.364098,29.994529],[-89.364077,29.994571],[-89.364063,29.994615],[-89.364058,29.994661],[-89.364063,29.99471],[-89.364079,29.994752],[-89.364104,29.994789],[-89.364137,29.99482],[-89.364175,29.994846],[-89.364219,29.994866],[-89.364268,29.994879],[-89.364316,29.994884],[-89.364366,29.994878],[-89.364414,29.994868],[-89.364458,29.99485],[-89.364498,29.994825],[-89.364531,29.994796],[-89.364555,29.994762],[-89.364573,29.994726],[-89.364584,29.994684],[-89.364586,29.994641],[-89.364577,29.994598],[-89.36456,29.994558],[-89.364538,29.994521],[-89.364508,29.994486],[-89.364467,29.994459],[-89.364423,29.994442],[-89.364376,29.994432],[-89.364324,29.994434],[-89.364278,29.994444],[-89.364231,29.994468],[-89.364194,29.994499],[-89.364168,29.994538],[-89.364149,29.994574],[-89.364143,29.994614],[-89.364149,29.994659],[-89.364163,29.994701],[-89.364187,29.994735],[-89.36422,29.994765],[-89.364258,29.99479],[-89.3643,29.994808],[-89.36435,29.994821],[-89.364401,29.994828],[-89.364452,29.994828],[-89.364502,29.994824],[-89.364545,29.994811],[-89.36458,29.994788],[-89.364605,29.994758],[-89.364622,29.994721],[-89.364629,29.994685],[-89.364628,29.994646],[-89.364619,29.994604],[-89.3646,29.994567],[-89.364572,29.994532],[-89.364536,29.994495],[-89.364493,29.994464],[-89.364443,29.99444],[-89.364393,29.994422],[-89.36434,29.994412],[-89.364286,29.994416],[-89.364239,29.994428],[-89.364195,29.994449],[-89.364157,29.99448],[-89.364128,29.994519],[-89.364105,29.994558],[-89.364094,29.9946],[-89.364094,29.994645],[-89.364106,29.994687],[-89.364127,29.994726],[-89.364155,29.994763],[-89.36419,29.994788],[-89.36423,29.994808],[-89.364275,29.994821],[-89.364321,29.994827],[-89.364369,29.994823],[-89.364415,29.994812]]]}},{"type":"Feature","properties":{"d":"2025-06-11","material":"River Rock"},"geometry":{"type":"MultiLineString","coordinates":[[[-89.36428,29.994977],[-89.364308,29.995001],[-89.364333,29.995024],[-89.364365,29.995027],[-89.364403,29.995017],[-89.364437,29.995004],[-89.364461,29.994983],[-89.364487,29.994956],[-89.364506,29.994926],[-89.364517,29.994895],[-89.364517,29.994865],[-89.364515,29.994837],[-89.364514,29.994805],[-89.364508,29.994763],[-89.364496,29.994717],[-89.364484,29.994671],[-89.364477,29.99463],[-89.364469,29.994595],[-89.364466,29.994563],[-89.364465,29.994524],[-89.36447,29.994491],[-89.364479,29.994465],[-89.364494,29.994436],[-89.364519,29.994416],[-89.364559,29.994414],[-89.364591,29.994422],[-89.364627,29.994438],[-89.36466,29.994468],[-89.364683,29.994511],[-89.364694,29.994537],[-89.364701,29.994563],[-89.364708,29.994592],[-89.364712,29.99462],[-89.364716,29.99465],[-89.364716,29.994681],[-89.364714,29.994711],[-89.364713,29.994741],[-89.364711,29.994772],[-89.364708,29.994803],[-89.364706,29.994833],[-89.364703,29.994865],[-89.364698,29.994894],[-89.364694,29.994921],[-89.364687,29.994969],[-89.364674,29.995014],[-89.364654,29.995053],[-89.364623,29.995086],[-89.364581,29.995112],[-89.36453,29.995122],[-89.364477,29.995118],[-89.364429,29.995098],[-89.364393,29.995066],[-89.364373,29.995024],[-89.36437,29.994978],[-89.364383,29.994932],[-89.364404,29.994887],[-89.364426,29.994847],[-89.364449,29.994808],[-89.364473,29.994766],[-89.364498,29.994722],[-89.364518,29.994679],[-89.364539,29.994642],[-89.364569,29.994616],[-89.364603,29.994597],[-89.36464,29.994588],[-89.364679,29.99459],[-89.364715,29.9946],[-89.364748,29.994617],[-89.364774,29.994644],[-89.364792,29.994677],[-89.364795,29.994713],[-89.364785,29.994751],[-89.364769,29.994792],[-89.364742,29.994833],[-89.364714,29.994876],[-89.364686,29.99492],[-89.364659,29.994964],[-89.36463,29.995003],[-89.364592,29.995035],[-89.364547,29.995057],[-89.364501,29.995067],[-89.364455,29.995071],[-89.364413,29.995065],[-89.364372,29.995049],[-89.364342,29.995024],[-89.36432,29.994995],[-89.364307,29.994963],[-89.364308,29.994927],[-89.364322,29.994891],[-89.364344,29.994856],[-89.364372,29.994821],[-89.364404,29.994786],[-89.364435,29.994746],[-89.364461,29.994706],[-89.364485,29.994662]]]}},{"type":"Feature","properties":{"d":"2025-06-12","material":"Limestone"},"geometry":{"type":"MultiLineString","coordinates":[[[-89.364266,29.993559],[-89.364369,29.993809],[-89.36434,29.993831],[-89.364305,29.993845],[-89.364267,29.993852],[-89.36423,29.993851],[-89.364196,29.993842],[-89.364165,29.993827],[-89.364142,29.993808],[-89.364123,29.99378],[-89.364116,29.993748],[-89.364124,29.993719],[-89.364145,29.993696],[-89.364176,29.993674],[-89.364211,29.993659],[-89.364252,29.99365],[-89.364293,29.993652],[-89.364334,29.993667],[-89.364367,29.993687],[-89.364397,29.993715],[-89.364418,29.993748],[-89.364425,29.993785],[-89.364427,29.993825],[-89.364425,29.993871],[-89.364419,29.993921],[-89.36441,29.993968],[-89.364401,29.994017],[-89.364394,29.994065],[-89.364383,29.994111],[-89.364362,29.994147],[-89.364333,29.994178],[-89.3643,29.994199],[-89.364266,29.994214],[-89.364225,29.994222],[-89.364188,29.994219],[-89.364153,29.994211],[-89.364123,29.994195],[-89.364099,29.99417],[-89.364084,29.994145],[-89.364083,29.994113],[-89.364091,29.994079],[-89.364111,29.994045],[-89.36414,29.994014],[-89.364175,29.993989],[-89.364216,29.993971],[-89.36426,29.993962],[-89.364308,29.993962],[-89.364354,29.993973],[-89.364396,29.993992],[-89.36443,29.994016],[-89.364456,29.994049],[-89.364472,29.994086],[-89.364478,29.994125],[-89.364475,29.994163],[-89.364462,29.9942],[-89.364444,29.994233],[-89.364418,29.994259],[-89.364383,29.994278],[-89.364347,29.994288],[-89.364306,29.994294],[-89.364267,29.994289],[-89.364228,29.994276],[-89.364192,29.994259],[-89.36416,29.994236],[-89.364134,29.994209],[-89.364114,29.994176],[-89.364097,29.994139],[-89.364086,29.9941],[-89.364089,29.994061],[-89.364102,29.994021],[-89.364128,29.993985],[-89.364159,29.993953],[-89.364195,29.993928],[-89.364238,29.993912],[-89.364282,29.993906],[-89.36433,29.993906],[-89.364376,29.993918],[-89.364417,29.993942],[-89.36445,29.993969],[-89.364479,29.994003],[-89.364501,29.994038],[-89.364511,29.994077],[-89.364511,29.994115],[-89.364502,29.994153],[-89.364483,29.994187],[-89.364459,29.994217],[-89.364429,29.994239],[-89.364396,29.994256],[-89.364355,29.994267],[-89.364314,29.994268],[-89.364276,29.994261],[-89.364242,29.994245],[-89.364212,29.994223],[-89.364191,29.994196],[-89.364175,29.994167],[-89.364171,29.994132],[-89.364176,29.994098],[-89.364193,29.994068],[-89.364221,29.994041],[-89.364257,29.994018],[-89.364297,29.994005],[-89.36434,29.994004],[-89.364387,29.99401],[-89.364429,29.994024],[-89.364469,29.994046],[-89.364505,29.994073],[-89.36453,29.994107],[-89.364543,29.994146],[-89.36455,29.994185],[-89.364546,29.994223],[-89.36453,29.994261],[-89.364508,29.994294],[-89.364479,29.994321],[-89.364446,29.994338],[-89.364407,29.994348],[-89.364365,29.994354],[-89.364324,29.994347],[-89.364285,29.994333],[-89.364247,29.994317],[-89.364213,29.994297],[-89.364181,29.994269],[-89.36416,29.994237],[-89.364138,29.994202],[-89.364128,29.994162],[-89.364121,29.99412],[-89.364121,29.994079],[-89.364135,29.994039],[-89.364159,29.994002],[-89.364187,29.993973],[-89.364227,29.99395],[-89.364271,29.993934],[-89.364317,29.993926],[-89.364368,29.993927],[-89.364416,29.99394],[-89.364455,29.993961],[-89.36449,29.993985],[-89.364515,29.994021],[-89.364528,29.994056],[-89.364531,29.994093],[-89.364527,29.99413],[-89.364513,29.994169],[-89.364485,29.994202],[-89.364451,29.994228],[-89.364417,29.994246],[-89.364381,29.994254],[-89.364339,29.994259],[-89.364298,29.994252],[-89.364265,29.994237],[-89.364236,29.994217],[-89.364212,29.994191],[-89.364195,29.99416],[-89.364187,29.994123],[-89.364196,29.994087],[-89.364212,29.994053],[-89.364234,29.994025],[-89.364266,29.993998],[-89.364307,29.99398],[-89.36435,29.993973],[-89.364396,29.993977],[-89.364438,29.99399],[-89.364475,29.994014],[-89.364504,29.994042],[-89.364526,29.994077],[-89.364534,29.994112],[-89.364535,29.994148],[-89.364526,29.994185],[-89.364505,29.994217],[-89.364482,29.994244],[-89.364451,29.994265],[-89.364413,29.99428],[-89.364377,29.994286],[-89.364341,29.994282],[-89.364305,29.994273],[-89.364272,29.994256],[-89.364245,29.994234],[-89.364223,29.994206],[-89.364214,29.994176],[-89.364214,29.994143],[-89.364226,29.994108],[-89.364249,29.994081],[-89.364282,29.994056],[-89.364322,29.994042],[-89.364362,29.994033],[-89.364407,29.994035],[-89.364451,29.994048],[-89.364492,29.994069],[-89.364526,29.994097],[-89.364551,29.99413],[-89.364566,29.994166],[-89.364572,29.994203],[-89.36457,29.994242],[-89.364559,29.994278],[-89.364539,29.994316],[-89.364514,29.994342],[-89.364484,29.994365],[-89.36445,29.99438],[-89.364412,29.994388],[-89.364374,29.994389],[-89.364338,29.994381],[-89.364305,29.994367],[-89.364273,29.994346],[-89.364245,29.99432],[-89.364219,29.994289],[-89.364198,29.994252],[-89.364184,29.994215],[-89.364172,29.994175],[-89.364165,29.994132],[-89.364166,29.994088],[-89.36417,29.994047],[-89.364179,29.994006],[-89.364198,29.993968],[-89.364224,29.993931],[-89.364258,29.993899],[-89.364297,29.99388],[-89.364342,29.993866],[-89.364387,29.993863],[-89.364435,29.993868],[-89.364476,29.993881],[-89.364514,29.993905],[-89.364546,29.993937],[-89.36457,29.99397],[-89.36458,29.994006],[-89.364581,29.994044],[-89.364572,29.994083],[-89.364558,29.994119],[-89.364536,29.994148],[-89.364508,29.994171],[-89.364474,29.994189],[-89.364435,29.994202],[-89.364393,29.994206],[-89.364353,29.994205],[-89.364312,29.994197],[-89.364268,29.994184],[-89.364228,29.994168],[-89.364193,29.99415],[-89.36416,29.994127],[-89.364141,29.9941],[-89.36413,29.994069],[-89.364132,29.994036],[-89.364143,29.994002],[-89.364165,29.993973],[-89.364197,29.993949],[-89.364234,29.993933],[-89.364276,29.993923],[-89.364318,29.993925],[-89.364359,29.993936],[-89.364396,29.993958],[-89.364431,29.993983],[-89.364454,29.994016],[-89.364469,29.994048],[-89.364474,29.994084],[-89.364467,29.994117],[-89.364453,29.994154],[-89.364431,29.994185],[-89.364401,29.994208],[-89.364368,29.994226],[-89.364332,29.994237],[-89.364295,29.994241],[-89.36426,29.994231],[-89.36423,29.994218],[-89.364203,29.994198],[-89.364183,29.994173],[-89.364172,29.994146],[-89.364171,29.994107],[-89.364199,29.994072],[-89.36423,29.99405],[-89.364272,29.994035],[-89.364317,29.994023],[-89.364365,29.994013],[-89.364413,29.994013],[-89.36446,29.994024],[-89.364495,29.994046],[-89.364522,29.994075],[-89.364536,29.994109],[-89.364543,29.994137],[-89.364549,29.99417],[-89.364545,29.994206],[-89.364528,29.994237],[-89.364502,29.99426],[-89.364474,29.994275],[-89.364432,29.994285],[-89.364397,29.994283],[-89.364362,29.994272],[-89.364335,29.994257],[-89.364316,29.994232],[-89.364315,29.994203],[-89.364324,29.994176],[-89.364333,29.994149],[-89.364364,29.994141],[-89.364385,29.994165],[-89.364401,29.994193],[-89.364391,29.994224],[-89.36436,29.994259],[-89.364332,29.994282],[-89.364299,29.994294],[-89.364266,29.994301],[-89.364234,29.994302],[-89.364203,29.994296],[-89.364169,29.994279],[-89.364144,29.994247],[-89.364131,29.994221],[-89.364125,29.994181],[-89.364133,29.99415],[-89.36414,29.994118],[-89.364154,29.994085],[-89.364171,29.994059],[-89.364199,29.994031],[-89.364226,29.994003],[-89.364252,29.993987],[-89.364285,29.993976],[-89.36432,29.993972],[-89.364348,29.993984],[-89.364381,29.993992],[-89.364414,29.994007],[-89.364441,29.994025],[-89.364459,29.994048],[-89.364464,29.994078],[-89.364459,29.994106],[-89.364459,29.994138],[-89.364452,29.994168],[-89.364444,29.994196],[-89.364423,29.994223],[-89.364398,29.994244],[-89.36437,29.994263],[-89.364341,29.994277],[-89.364309,29.994281],[-89.364277,29.994274],[-89.364304,29.99429],[-89.364324,29.994311],[-89.364343,29.994334],[-89.364364,29.994357],[-89.364384,29.994379],[-89.364419,29.994399],[-89.364462,29.994409],[-89.364507,29.994406],[-89.364549,29.994389],[-89.364581,29.994366],[-89.364602,29.994335],[-89.364606,29.994299],[-89.364595,29.994266],[-89.364567,29.994246],[-89.364536,29.994243],[-89.364505,29.994252],[-89.364474,29.994262],[-89.364443,29.994272],[-89.364412,29.99429],[-89.364379,29.99431],[-89.364346,29.994332],[-89.36431,29.994351],[-89.36428,29.994364],[-89.364241,29.99438],[-89.364199,29.99439],[-89.364158,29.994389],[-89.364119,29.994378],[-89.364079,29.994361],[-89.364046,29.994338],[-89.364024,29.994309],[-89.364012,29.99427],[-89.364009,29.99424],[-89.364008,29.99421],[-89.364009,29.994182],[-89.36401,29.994152],[-89.364016,29.994123],[-89.364025,29.994092],[-89.36404,29.994064],[-89.364062,29.994035],[-89.364089,29.994008],[-89.36412,29.993988],[-89.364155,29.993973],[-89.364191,29.993962],[-89.364232,29.993953],[-89.364272,29.993947],[-89.364313,29.993946],[-89.364356,29.99395],[-89.3644,29.99396],[-89.364439,29.993972],[-89.364478,29.993988],[-89.364515,29.99401],[-89.364551,29.994033],[-89.364581,29.994061],[-89.364606,29.994089],[-89.364624,29.994118],[-89.36464,29.994153],[-89.36465,29.994186],[-89.364655,29.994219],[-89.364659,29.994252],[-89.364657,29.994284],[-89.36465,29.994313],[-89.364633,29.994346],[-89.364618,29.994373],[-89.3646,29.994399],[-89.364577,29.994426],[-89.364552,29.994449],[-89.364529,29.994471],[-89.3645,29.99449],[-89.36447,29.9945],[-89.36444,29.994509],[-89.364407,29.994517],[-89.364365,29.994518],[-89.364324,29.99451],[-89.364292,29.994499],[-89.364262,29.994485],[-89.364227,29.994462],[-89.364205,29.994443],[-89.364186,29.994419],[-89.364167,29.994394],[-89.364151,29.994367],[-89.364138,29.994337],[-89.364126,29.994307],[-89.364119,29.994273],[-89.364111,29.994241],[-89.364106,29.994209],[-89.364104,29.994178],[-89.364106,29.994146],[-89.364112,29.994115],[-89.364122,29.994085],[-89.364135,29.994054],[-89.364153,29.994025],[-89.364173,29.993996],[-89.364199,29.993973],[-89.364228,29.993954],[-89.364259,29.993939],[-89.364293,29.99393],[-89.36433,29.993926],[-89.364365,29.993927],[-89.364402,29.993935],[-89.364437,29.993946],[-89.36447,29.993961],[-89.3645,29.99398],[-89.364529,29.994003],[-89.364551,29.994025],[-89.36457,29.994053],[-89.364583,29.994083],[-89.364592,29.994118],[-89.364596,29.994149],[-89.364598,29.99418],[-89.364594,29.994212],[-89.364585,29.99424],[-89.364567,29.994268],[-89.364546,29.994296],[-89.364522,29.994318],[-89.364496,29.994338],[-89.364469,29.994352],[-89.364429,29.994368],[-89.364388,29.994377],[-89.364345,29.99438],[-89.364302,29.994371],[-89.364263,29.994362],[-89.364225,29.994344],[-89.364195,29.994319],[-89.364176,29.994296],[-89.364157,29.994263],[-89.364149,29.994225],[-89.364148,29.994186],[-89.364149,29.994158],[-89.364156,29.994127],[-89.364168,29.994099],[-89.364184,29.994073],[-89.364205,29.994047],[-89.36423,29.994025],[-89.364258,29.994007],[-89.364292,29.993995],[-89.364325,29.99399],[-89.364362,29.993988],[-89.3644,29.99399],[-89.364436,29.993998],[-89.364469,29.994007],[-89.364503,29.994023],[-89.364534,29.994043],[-89.364564,29.994067],[-89.364587,29.994091],[-89.364603,29.994122],[-89.364615,29.994159],[-89.364617,29.994197],[-89.364616,29.994233],[-89.364603,29.99427],[-89.364583,29.994303],[-89.364558,29.994332],[-89.364527,29.994359],[-89.364495,29.994374],[-89.364466,29.994385],[-89.364431,29.994397],[-89.364398,29.994403]]]}},{"type":"Feature","properties":{"d":"2025-06-12","material":"Limestone"},"geometry":{"type":"MultiLineString","coordinates":[[[-89.364171,29.993804],[-89.364103,29.993756],[-89.364074,29.99374],[-89.364042,29.993722],[-89.364018,29.993702],[-89.363992,29.993668],[-89.363977,29.993627],[-89.363973,29.993596],[-89.363978,29.993562],[-89.363994,29.993526],[-89.364016,29.993494],[-89.364044,29.993469],[-89.36408,29.993448],[-89.364119,29.993432],[-89.364163,29.993424],[-89.36421,29.993425],[-89.364251,29.993439],[-89.364292,29.993456],[-89.364322,29.993482],[-89.364344,29.993515],[-89.364356,29.993548],[-89.364357,29.993582],[-89.364348,29.993614],[-89.364332,29.993642],[-89.364307,29.993665],[-89.364276,29.993681],[-89.36424,29.993692],[-89.364202,29.993703],[-89.364162,29.99371],[-89.364122,29.99371],[-89.364085,29.993705],[-89.364053,29.993692],[-89.364024,29.99367],[-89.364006,29.993643],[-89.363993,29.993614],[-89.363986,29.993586],[-89.363991,29.993555],[-89.364005,29.993526],[-89.36403,29.9935],[-89.364062,29.993482],[-89.364101,29.993466],[-89.364144,29.993458],[-89.364188,29.993463],[-89.364231,29.993476],[-89.364277,29.9935],[-89.364319,29.993529],[-89.364359,29.99356],[-89.364392,29.993594],[-89.364417,29.993631],[-89.36443,29.993669],[-89.364436,29.993706],[-89.364432,29.993741],[-89.364421,29.993772],[-89.364404,29.993798],[-89.364382,29.993819],[-89.364356,29.993835],[-89.364314,29.993848],[-89.364269,29.993847],[-89.364233,29.993837],[-89.364204,29.99382],[-89.364182,29.993798],[-89.364173,29.993771],[-89.364172,29.993742],[-89.3642,29.993729],[-89.364213,29.993757],[-89.364204,29.993785],[-89.364174,29.993771],[-89.36416,29.993742],[-89.364154,29.993715],[-89.364184,29.993731],[-89.364202,29.993755],[-89.364212,29.993726],[-89.364227,29.993697],[-89.364249,29.993664],[-89.364261,29.993627],[-89.364264,29.993599],[-89.364265,29.993569],[-89.36426,29.99354],[-89.364253,29.993511],[-89.364236,29.993487],[-89.364214,29.993465],[-89.364181,29.993438],[-89.364139,29.993429],[-89.364098,29.993434],[-89.364061,29.993457],[-89.364036,29.993491],[-89.36403,29.993519],[-89.364028,29.993552],[-89.364034,29.993586],[-89.364049,29.99362],[-89.36407,29.993654],[-89.364097,29.993682],[-89.364127,29.993709],[-89.36416,29.993731],[-89.364196,29.993749],[-89.364238,29.993757],[-89.364276,29.993762],[-89.364316,29.993758],[-89.364355,29.993749],[-89.364388,29.993738],[-89.364419,29.993725],[-89.364445,29.993704],[-89.364467,29.993682],[-89.364482,29.993658],[-89.364494,29.993619],[-89.364491,29.993581],[-89.364475,29.993553],[-89.364448,29.993528],[-89.364413,29.993516],[-89.364366,29.993521],[-89.364327,29.993546],[-89.364304,29.993571],[-89.364285,29.993598],[-89.364267,29.993629],[-89.364248,29.993662],[-89.364233,29.993692],[-89.36421,29.993719],[-89.36419,29.99374],[-89.364165,29.99376],[-89.364136,29.993779],[-89.364106,29.993788],[-89.364075,29.993792],[-89.364037,29.99379],[-89.364003,29.993783],[-89.363972,29.993771],[-89.363938,29.993743],[-89.363922,29.993719],[-89.363907,29.993684],[-89.363908,29.993655],[-89.363916,29.993627],[-89.363939,29.993599],[-89.363965,29.993576],[-89.363998,29.993559],[-89.364035,29.993544],[-89.364072,29.993536],[-89.364112,29.993537],[-89.364151,29.993549],[-89.364193,29.993566],[-89.364232,29.993588],[-89.364261,29.993615],[-89.364283,29.993645],[-89.364295,29.99368],[-89.364302,29.993714],[-89.3643,29.993747],[-89.364288,29.993778],[-89.364275,29.993806],[-89.364255,29.993829],[-89.36423,29.993851],[-89.364202,29.993864],[-89.364169,29.993874],[-89.364135,29.993879],[-89.3641,29.993876],[-89.364066,29.993868],[-89.364032,29.993853],[-89.363993,29.993836],[-89.36396,29.993818],[-89.363924,29.993797],[-89.363896,29.993772],[-89.363871,29.993746],[-89.363852,29.993718],[-89.363843,29.993688],[-89.36384,29.993658],[-89.363848,29.993628],[-89.363863,29.993598],[-89.36389,29.993574],[-89.363923,29.993552],[-89.36396,29.993537],[-89.364004,29.993524],[-89.364049,29.993519],[-89.364091,29.993523],[-89.36414,29.993531],[-89.364186,29.993545],[-89.364225,29.993566],[-89.364263,29.993592],[-89.364295,29.993622],[-89.364323,29.993655],[-89.364345,29.993688],[-89.364353,29.993724],[-89.364356,29.99376],[-89.364353,29.993795],[-89.364341,29.993828],[-89.364325,29.993858],[-89.364305,29.993884],[-89.364277,29.993908],[-89.364245,29.993925],[-89.364209,29.993937],[-89.364176,29.993942],[-89.364141,29.993942],[-89.364104,29.993939],[-89.364072,29.993927],[-89.364039,29.993912],[-89.364013,29.993896],[-89.363988,29.993872],[-89.363968,29.993841],[-89.36395,29.993812],[-89.36394,29.99378],[-89.363934,29.993746],[-89.363934,29.993712],[-89.363939,29.993677],[-89.363955,29.993642],[-89.363976,29.99361],[-89.364002,29.993579],[-89.364035,29.993554],[-89.364073,29.993534],[-89.364115,29.993522],[-89.364158,29.993512],[-89.364204,29.993511],[-89.36425,29.993518],[-89.364296,29.993531],[-89.364332,29.993551],[-89.364359,29.99358],[-89.364386,29.993609],[-89.364402,29.993641],[-89.364414,29.993675],[-89.364414,29.993711],[-89.364405,29.993744],[-89.364393,29.993772],[-89.364375,29.9938],[-89.36435,29.993825],[-89.364321,29.993842],[-89.36429,29.993855],[-89.364256,29.993861],[-89.364222,29.993863],[-89.364188,29.993858],[-89.364152,29.99385],[-89.364117,29.993835],[-89.364086,29.993815],[-89.364059,29.993791],[-89.364035,29.993762],[-89.364014,29.993737],[-89.363999,29.993709],[-89.363991,29.99368],[-89.36399,29.993648],[-89.363995,29.993612],[-89.364011,29.99358],[-89.364032,29.993552],[-89.364063,29.99353],[-89.364096,29.99351],[-89.364133,29.993498],[-89.364175,29.993492],[-89.364218,29.993493],[-89.364263,29.993503],[-89.364304,29.99352],[-89.364342,29.99354],[-89.364369,29.993569],[-89.364393,29.993599],[-89.364404,29.993633],[-89.364413,29.993667],[-89.364413,29.993703],[-89.364406,29.993736],[-89.364397,29.993766],[-89.364375,29.993794],[-89.36435,29.993817],[-89.364316,29.99384],[-89.364281,29.993855],[-89.364246,29.993868],[-89.36421,29.993877],[-89.364174,29.99388],[-89.364135,29.993877],[-89.364096,29.993871],[-89.364058,29.993859],[-89.364023,29.993842],[-89.363986,29.993822],[-89.363958,29.993799],[-89.363936,29.993772],[-89.363921,29.993739],[-89.363906,29.993706],[-89.363894,29.993673],[-89.363891,29.993643],[-89.363891,29.99361],[-89.363897,29.993577],[-89.363912,29.993545],[-89.363935,29.993515],[-89.363964,29.993491],[-89.363996,29.993471],[-89.364036,29.993455],[-89.364077,29.993446],[-89.364123,29.993443],[-89.364167,29.993449],[-89.364212,29.993464],[-89.364248,29.993487],[-89.364282,29.993513],[-89.364306,29.993542],[-89.364324,29.993574],[-89.364336,29.993608],[-89.364336,29.993644],[-89.364331,29.993678],[-89.364316,29.993709],[-89.364296,29.993739],[-89.364274,29.993762],[-89.364245,29.993783],[-89.364214,29.993799],[-89.364183,29.993808],[-89.36415,29.993813],[-89.364117,29.993811],[-89.364082,29.993805],[-89.36405,29.993791],[-89.364025,29.993774],[-89.364,29.993752],[-89.363982,29.993725],[-89.363973,29.993696],[-89.363973,29.993666],[-89.36398,29.993636],[-89.363992,29.993609],[-89.364017,29.993582],[-89.364048,29.993563],[-89.364084,29.993546],[-89.364125,29.993535],[-89.364169,29.993533],[-89.364214,29.993535],[-89.36426,29.993545],[-89.3643,29.99356],[-89.364335,29.993581],[-89.364365,29.993608],[-89.364389,29.99364],[-89.364402,29.993676],[-89.364405,29.993713],[-89.364408,29.993749],[-89.364403,29.993786],[-89.364394,29.993817],[-89.364377,29.993843],[-89.364353,29.993866],[-89.364322,29.993885],[-89.364288,29.993902],[-89.364256,29.993912],[-89.364221,29.993919],[-89.364185,29.993914],[-89.364152,29.993908],[-89.364112,29.993898],[-89.364078,29.993882],[-89.364042,29.993862],[-89.364006,29.99384],[-89.363973,29.993818],[-89.363945,29.993794],[-89.363924,29.993766],[-89.363911,29.993736],[-89.363907,29.993705],[-89.36391,29.993674],[-89.363919,29.993642],[-89.363938,29.993611],[-89.363962,29.993584],[-89.363994,29.993562],[-89.364028,29.993543],[-89.364067,29.99353],[-89.364111,29.993524],[-89.364157,29.993523],[-89.3642,29.993531],[-89.364245,29.993547],[-89.364285,29.993572],[-89.364315,29.993601],[-89.364339,29.993633],[-89.364357,29.993667],[-89.364365,29.993703],[-89.364366,29.993742],[-89.364364,29.993771],[-89.364354,29.993806],[-89.364336,29.993835],[-89.364311,29.993859],[-89.364283,29.993883],[-89.364253,29.9939],[-89.364221,29.993909],[-89.364187,29.993912],[-89.364152,29.993908],[-89.364119,29.993897],[-89.364087,29.993882],[-89.364057,29.993863],[-89.364029,29.993842],[-89.364007,29.993814],[-89.36399,29.993786],[-89.363978,29.993756],[-89.363973,29.993721],[-89.363974,29.993688],[-89.363984,29.993652],[-89.363997,29.993621],[-89.364018,29.993592],[-89.36405,29.993565],[-89.364085,29.99354],[-89.364124,29.99352],[-89.364167,29.993508],[-89.364212,29.993501],[-89.364259,29.993499],[-89.364305,29.993505],[-89.364345,29.99352],[-89.364384,29.993539],[-89.364416,29.993565],[-89.364438,29.993597],[-89.364452,29.99363],[-89.364461,29.993664],[-89.364463,29.993694],[-89.364457,29.993726],[-89.364445,29.993758],[-89.364423,29.993787],[-89.364396,29.99381],[-89.364368,29.993831],[-89.364337,29.993847],[-89.364302,29.993859],[-89.364264,29.993868],[-89.364226,29.993872],[-89.364186,29.993871],[-89.364142,29.993867],[-89.3641,29.99386],[-89.364066,29.993845],[-89.36403,29.993829],[-89.363997,29.99381],[-89.36397,29.993788],[-89.36395,29.99376],[-89.363933,29.993736],[-89.363926,29.993705],[-89.363927,29.993674],[-89.363938,29.993645],[-89.363954,29.993619],[-89.36398,29.993594],[-89.364012,29.993574],[-89.364048,29.993558],[-89.364089,29.993543],[-89.364132,29.993538],[-89.364177,29.993543],[-89.364218,29.993555],[-89.364257,29.993573],[-89.364291,29.993597],[-89.364315,29.993624],[-89.364329,29.993658],[-89.364338,29.99369],[-89.364337,29.993727],[-89.36433,29.993762],[-89.364314,29.993791],[-89.364294,29.993815],[-89.36427,29.993839],[-89.364243,29.99386],[-89.36421,29.993877],[-89.364175,29.993884],[-89.36414,29.993888],[-89.364102,29.993884],[-89.364065,29.993877],[-89.364032,29.993859],[-89.364,29.993845],[-89.363972,29.993824],[-89.363948,29.993798],[-89.363929,29.993769],[-89.363918,29.993738],[-89.363909,29.993709],[-89.363912,29.993678],[-89.363923,29.993645],[-89.363935,29.993616],[-89.363959,29.993591],[-89.363992,29.993562],[-89.364026,29.993541],[-89.364067,29.993526],[-89.36411,29.993516],[-89.364152,29.993515],[-89.364198,29.993521],[-89.364241,29.993534],[-89.364276,29.993556],[-89.364308,29.99358],[-89.364335,29.993609],[-89.364357,29.993639],[-89.364367,29.993674],[-89.364369,29.993705],[-89.364363,29.993737],[-89.364351,29.993767],[-89.364332,29.993795],[-89.364305,29.993819],[-89.364278,29.993838],[-89.364247,29.993855],[-89.364216,29.993864],[-89.364182,29.993866],[-89.364146,29.993862],[-89.364113,29.993852],[-89.364078,29.993836],[-89.364045,29.993817],[-89.364018,29.993795],[-89.363992,29.993772],[-89.363969,29.993745],[-89.363953,29.99372],[-89.363945,29.993692],[-89.363946,29.993658],[-89.363951,29.993625],[-89.363965,29.993595],[-89.363989,29.993567],[-89.364021,29.993543],[-89.364055,29.993522],[-89.364092,29.993506],[-89.364133,29.9935],[-89.364175,29.993502],[-89.364217,29.993512],[-89.36425,29.993531],[-89.364282,29.993554],[-89.364306,29.99358],[-89.364326,29.993611],[-89.364339,29.993645],[-89.364344,29.993677],[-89.364338,29.99371],[-89.364327,29.993742],[-89.364309,29.99377],[-89.364285,29.993795],[-89.364252,29.993821],[-89.364221,29.993842],[-89.364189,29.993861],[-89.364151,29.993877],[-89.364116,29.993885],[-89.364079,29.993891],[-89.364041,29.993894],[-89.364001,29.993892],[-89.363966,29.993884],[-89.36393,29.993869],[-89.363902,29.993851],[-89.363881,29.993827],[-89.363853,29.993796],[-89.363844,29.993767],[-89.363841,29.993738],[-89.363841,29.993704],[-89.363846,29.993676],[-89.363861,29.993651],[-89.36389,29.993634],[-89.363925,29.993624],[-89.36396,29.993627],[-89.363992,29.993632],[-89.364025,29.993628],[-89.364069,29.993622],[-89.364119,29.993616],[-89.364176,29.993614],[-89.364234,29.993618],[-89.36429,29.993629],[-89.364322,29.993633],[-89.36435,29.993645],[-89.364382,29.993656],[-89.36443,29.993682],[-89.364475,29.993707],[-89.364511,29.993729],[-89.364545,29.993753],[-89.364583,29.993784],[-89.364606,29.993813],[-89.364631,29.99384],[-89.364648,29.99387],[-89.364653,29.993904],[-89.364644,29.993932],[-89.364618,29.993952],[-89.364587,29.993963],[-89.36459,29.993991],[-89.364607,29.994014],[-89.36461,29.994041],[-89.364632,29.994062],[-89.364638,29.99409],[-89.364646,29.994116],[-89.364671,29.994133],[-89.364699,29.994147],[-89.364711,29.994172],[-89.364729,29.994196],[-89.364755,29.994214],[-89.364772,29.994238],[-89.364794,29.994262],[-89.364812,29.994286],[-89.364825,29.994312],[-89.364841,29.994337],[-89.364855,29.994364],[-89.364858,29.994392],[-89.364873,29.994417],[-89.364877,29.994445],[-89.364877,29.994473],[-89.364891,29.994498],[-89.364895,29.994526],[-89.364906,29.994552],[-89.364914,29.994578],[-89.364925,29.994605],[-89.364937,29.994631],[-89.364942,29.99466],[-89.364954,29.994687],[-89.364975,29.994708],[-89.36499,29.994732],[-89.364999,29.99476],[-89.365021,29.99478],[-89.364999,29.99476],[-89.364957,29.994729],[-89.364929,29.994708],[-89.364893,29.994688],[-89.364852,29.994669],[-89.364813,29.994649],[-89.364774,29.99463],[-89.364735,29.99461],[-89.364699,29.994588],[-89.364661,29.994568],[-89.364625,29.994543],[-89.364594,29.994522],[-89.364561,29.994497],[-89.364527,29.994474],[-89.364496,29.994449],[-89.364461,29.994424],[-89.364431,29.994397],[-89.364406,29.994369],[-89.364377,29.994339],[-89.364351,29.99431],[-89.364327,29.994282],[-89.364305,29.994257],[-89.364279,29.994231],[-89.364259,29.9942],[-89.364235,29.994172],[-89.364219,29.994142],[-89.364202,29.994112],[-89.364186,29.99408],[-89.364171,29.994048],[-89.364157,29.994016],[-89.364141,29.993983],[-89.364124,29.993951],[-89.36411,29.99392],[-89.364096,29.993891],[-89.364083,29.993864],[-89.364073,29.993837],[-89.364065,29.993811],[-89.364063,29.993781],[-89.364065,29.993752],[-89.364072,29.993724],[-89.364082,29.993696],[-89.364098,29.993672],[-89.364142,29.993638],[-89.364196,29.993621],[-89.364252,29.993618],[-89.364282,29.993626],[-89.364329,29.993652],[-89.364365,29.993691],[-89.364384,29.993736],[-89.364387,29.993781],[-89.364373,29.99382],[-89.36434,29.993852],[-89.364295,29.993873],[-89.364251,29.993876],[-89.3642,29.993866],[-89.364153,29.993842],[-89.36411,29.993807],[-89.364073,29.993768],[-89.364044,29.993724],[-89.364039,29.993676],[-89.364055,29.993633],[-89.364087,29.993599],[-89.36413,29.993576],[-89.364187,29.993569],[-89.364239,29.993582],[-89.364286,29.993609],[-89.36432,29.993645],[-89.36434,29.99369],[-89.364339,29.993739],[-89.364317,29.993781],[-89.364282,29.993813],[-89.364239,29.993832],[-89.364191,29.99383],[-89.364137,29.993815],[-89.364088,29.993791],[-89.36404,29.993762],[-89.364007,29.993723],[-89.363988,29.993679],[-89.363993,29.993637],[-89.364015,29.993594],[-89.364054,29.993562],[-89.364109,29.993544],[-89.364171,29.993542],[-89.364225,29.993562],[-89.364266,29.993594],[-89.364294,29.993634],[-89.364306,29.993682],[-89.364296,29.993729],[-89.364272,29.993768],[-89.364232,29.993798],[-89.364187,29.993811],[-89.364135,29.993809],[-89.364088,29.993793],[-89.364052,29.993763],[-89.364022,29.993727],[-89.364011,29.99368],[-89.364015,29.993636],[-89.36404,29.993592],[-89.36408,29.993561],[-89.364131,29.99354],[-89.364193,29.993531],[-89.364227,29.993532],[-89.36426,29.99354],[-89.364312,29.993569],[-89.364337,29.993585],[-89.36437,29.993628],[-89.364383,29.993676],[-89.364383,29.993725],[-89.364365,29.993768],[-89.364333,29.993798],[-89.364284,29.993824],[-89.36423,29.993833],[-89.364175,29.993833],[-89.364115,29.99382],[-89.36406,29.993801],[-89.364013,29.993773],[-89.363975,29.993737],[-89.363954,29.993693],[-89.363955,29.993649],[-89.363974,29.993606],[-89.364014,29.993572],[-89.364067,29.993549],[-89.364097,29.99354],[-89.364155,29.993538],[-89.364215,29.993551],[-89.364265,29.993583],[-89.364301,29.993621],[-89.364317,29.993669],[-89.364317,29.993718],[-89.364302,29.993764],[-89.364271,29.993802],[-89.364229,29.993825],[-89.364184,29.993836],[-89.364131,29.99383],[-89.364076,29.993813],[-89.36403,29.993785],[-89.363995,29.993747],[-89.363971,29.993703],[-89.363959,29.993654],[-89.363962,29.993604],[-89.363985,29.993558],[-89.364025,29.993526],[-89.364077,29.993502],[-89.364138,29.993497],[-89.36417,29.993502],[-89.364221,29.993527],[-89.36426,29.993563],[-89.36428,29.99361],[-89.364283,29.993659],[-89.364273,29.993703],[-89.364243,29.993744],[-89.364198,29.993772],[-89.364145,29.993787],[-89.364091,29.993789],[-89.364038,29.993776],[-89.364,29.993746],[-89.363972,29.993706],[-89.363953,29.993659],[-89.363952,29.99361],[-89.363963,29.993562],[-89.363998,29.993522],[-89.364046,29.993498],[-89.3641,29.993493],[-89.364157,29.993505],[-89.364206,29.993534],[-89.364245,29.993571],[-89.36426,29.993617],[-89.364264,29.993644],[-89.364257,29.993694],[-89.364236,29.993741],[-89.364199,29.993777],[-89.364152,29.993802],[-89.364102,29.993812],[-89.364055,29.993805],[-89.364013,29.993788],[-89.363983,29.993755],[-89.363967,29.993714],[-89.363971,29.993667],[-89.363996,29.993618],[-89.364014,29.993596],[-89.364034,29.993575],[-89.364083,29.993543],[-89.36414,29.99353],[-89.364196,29.993537],[-89.364245,29.993562],[-89.364281,29.993599],[-89.364299,29.993645],[-89.364301,29.993689],[-89.364284,29.993728],[-89.364252,29.993764],[-89.364209,29.993786],[-89.36416,29.993792],[-89.364109,29.99378],[-89.364062,29.993758],[-89.364032,29.993723],[-89.364019,29.993679],[-89.364023,29.993634],[-89.364048,29.993594],[-89.364092,29.993565],[-89.364142,29.993551],[-89.3642,29.993553],[-89.364253,29.993575],[-89.364291,29.993608],[-89.364309,29.993651],[-89.364315,29.993699],[-89.364299,29.993741],[-89.364268,29.993778],[-89.364221,29.993802],[-89.364169,29.99381],[-89.364115,29.993809],[-89.364058,29.993796],[-89.364012,29.993772],[-89.363974,29.993736],[-89.363952,29.993693],[-89.36395,29.993645],[-89.363966,29.993599],[-89.364002,29.993557],[-89.364051,29.993525],[-89.364081,29.993515],[-89.364142,29.993506],[-89.364202,29.993515],[-89.364256,29.993541],[-89.36428,29.99356],[-89.364314,29.993601],[-89.364327,29.993652],[-89.364328,29.993702],[-89.364311,29.993749],[-89.36428,29.993791],[-89.364233,29.993821],[-89.364184,29.993832],[-89.36413,29.99383],[-89.36408,29.993814],[-89.364033,29.993788],[-89.363999,29.993752],[-89.363984,29.993708],[-89.363984,29.993664],[-89.364006,29.993621],[-89.364044,29.993588],[-89.364093,29.993568],[-89.364151,29.993563],[-89.36421,29.993576],[-89.364259,29.993603],[-89.3643,29.99364],[-89.364324,29.993686],[-89.364331,29.993735],[-89.36432,29.993788],[-89.364289,29.993831],[-89.364246,29.993865],[-89.364199,29.993884],[-89.364147,29.993891],[-89.364098,29.993879],[-89.364058,29.993851],[-89.364025,29.993822],[-89.363994,29.993798],[-89.363973,29.993772],[-89.363946,29.99374],[-89.363918,29.993713],[-89.363895,29.993684],[-89.363875,29.993658],[-89.363863,29.993631],[-89.363852,29.993599],[-89.363847,29.993572],[-89.363843,29.993543],[-89.363852,29.993513],[-89.363865,29.993487],[-89.363885,29.993463],[-89.363913,29.99344],[-89.363941,29.993422],[-89.36398,29.993408],[-89.364012,29.993404],[-89.364046,29.993402],[-89.364086,29.993405],[-89.364119,29.993412],[-89.364515,29.993467],[-89.364549,29.993478],[-89.36458,29.993491],[-89.364607,29.993507],[-89.364642,29.993525]]]}},{"type":"Feature","properties":{"d":"2025-06-12","material":"Limestone"},"geometry":{"type":"MultiLineString","coordinates":[[[-89.364101,29.993208],[-89.364131,29.993229],[-89.364159,29.993246],[-89.364193,29.993264],[-89.364201,29.993292],[-89.364177,29.993314],[-89.364163,29.993343],[-89.36415,29.993374],[-89.364127,29.993409],[-89.364092,29.993437],[-89.364048,29.993455],[-89.364004,29.99346],[-89.363958,29.993452],[-89.363922,29.993427],[-89.363898,29.993392],[-89.363889,29.993351],[-89.363899,29.993312],[-89.363927,29.993282],[-89.363955,29.993269],[-89.363991,29.99326],[-89.364028,29.993258],[-89.364067,29.993261],[-89.364108,29.993273],[-89.364147,29.993293],[-89.364177,29.993319],[-89.364198,29.993349],[-89.364209,29.993382],[-89.364211,29.993414],[-89.364207,29.993442],[-89.364191,29.993467],[-89.364166,29.993487],[-89.364131,29.993499],[-89.364093,29.993506],[-89.364053,29.993503],[-89.364018,29.993494],[-89.363983,29.993478],[-89.363954,29.993455],[-89.363933,29.993426],[-89.363923,29.993396],[-89.363922,29.993365],[-89.363929,29.993334],[-89.363951,29.993309],[-89.36398,29.99329],[-89.364017,29.993282],[-89.364057,29.993279],[-89.3641,29.993284],[-89.36414,29.993298],[-89.36418,29.993321],[-89.36421,29.993348],[-89.364234,29.993378],[-89.364247,29.993415],[-89.364247,29.99345],[-89.364237,29.993484],[-89.364218,29.99351],[-89.364193,29.993532],[-89.364164,29.993546],[-89.36413,29.993552],[-89.364091,29.993554],[-89.364059,29.993544],[-89.364025,29.993528],[-89.363988,29.993509],[-89.363962,29.993483],[-89.363948,29.993454],[-89.363939,29.993419],[-89.363942,29.993384],[-89.363948,29.993347],[-89.363969,29.993318],[-89.363997,29.993296],[-89.364034,29.993281],[-89.364071,29.993273],[-89.364112,29.993276],[-89.364156,29.993289],[-89.364193,29.99331],[-89.364222,29.993334],[-89.364252,29.993366],[-89.364273,29.993402],[-89.364282,29.99344],[-89.364278,29.993473],[-89.364261,29.993503],[-89.364239,29.99353],[-89.364211,29.993549],[-89.364179,29.993565],[-89.364139,29.99357],[-89.364103,29.993568],[-89.364065,29.993553],[-89.364033,29.993537],[-89.363997,29.993519],[-89.363968,29.993489],[-89.363943,29.993458],[-89.36393,29.993422],[-89.363927,29.993386],[-89.363932,29.993346],[-89.363941,29.993309],[-89.363961,29.99328],[-89.363989,29.993259],[-89.364021,29.993245],[-89.364059,29.993239],[-89.364098,29.993249],[-89.364133,29.993264],[-89.364165,29.993286],[-89.364191,29.993315],[-89.364203,29.993349],[-89.36421,29.993382],[-89.364206,29.993415],[-89.364187,29.99345],[-89.36417,29.993473],[-89.364142,29.993496],[-89.364108,29.993509],[-89.364072,29.993511],[-89.364037,29.993508],[-89.364008,29.993495],[-89.363982,29.993473],[-89.363959,29.993447],[-89.363946,29.993413],[-89.363942,29.993377],[-89.363943,29.993337],[-89.363948,29.993296],[-89.363962,29.993262],[-89.363974,29.993236],[-89.363991,29.99321],[-89.364008,29.993186],[-89.364032,29.993162],[-89.364065,29.993136],[-89.364092,29.993122],[-89.364131,29.993107],[-89.364162,29.9931],[-89.3642,29.993087],[-89.364232,29.993084],[-89.364264,29.993079],[-89.364284,29.9931],[-89.364318,29.993091],[-89.364337,29.993069],[-89.364365,29.993053],[-89.364395,29.993041],[-89.364426,29.993034],[-89.364461,29.993029],[-89.364498,29.993026],[-89.364531,29.993026],[-89.36457,29.993025],[-89.364605,29.993026],[-89.364624,29.993051],[-89.364623,29.993081],[-89.364617,29.993117],[-89.364609,29.993145],[-89.364604,29.993172],[-89.364596,29.993207],[-89.364588,29.993244],[-89.364585,29.993279],[-89.364585,29.993312],[-89.364584,29.993343],[-89.36458,29.993374],[-89.364572,29.993411],[-89.36457,29.993451],[-89.364565,29.993478],[-89.36456,29.993517],[-89.364555,29.993557],[-89.364548,29.993586],[-89.36454,29.993615],[-89.364529,29.993651],[-89.364516,29.993685],[-89.364502,29.993721],[-89.364484,29.993755],[-89.364462,29.993783],[-89.364439,29.993811],[-89.364407,29.993834],[-89.36438,29.99385],[-89.364353,29.993866],[-89.364322,29.993878],[-89.364291,29.993887],[-89.364254,29.993894],[-89.364209,29.993891],[-89.364174,29.993881],[-89.364144,29.993863],[-89.364113,29.99384],[-89.364083,29.993813],[-89.36405,29.993783],[-89.364019,29.993754],[-89.363992,29.993722],[-89.363968,29.993686],[-89.363951,29.993654],[-89.363938,29.993624],[-89.363925,29.993595],[-89.36391,29.99357],[-89.363899,29.993543],[-89.363887,29.993515],[-89.363875,29.993484],[-89.363861,29.993449],[-89.363856,29.99341],[-89.363851,29.993376],[-89.363855,29.993343],[-89.363862,29.993312],[-89.363876,29.993283],[-89.363892,29.993259],[-89.363916,29.993236],[-89.363941,29.993211],[-89.363967,29.993195],[-89.364004,29.993183],[-89.36404,29.993171],[-89.36408,29.993165],[-89.364119,29.993157],[-89.364149,29.99315],[-89.364191,29.993142],[-89.364234,29.993135],[-89.36428,29.993128],[-89.364312,29.993125],[-89.364356,29.993122],[-89.364396,29.993123],[-89.364433,29.993129],[-89.364466,29.993145],[-89.364434,29.993138],[-89.3644,29.99312],[-89.36437,29.993108],[-89.36434,29.993093],[-89.364308,29.99309],[-89.364287,29.993111],[-89.364303,29.99314],[-89.364331,29.993161],[-89.364364,29.993181],[-89.364391,29.993199],[-89.364413,29.993219],[-89.364441,29.993234],[-89.364465,29.993252],[-89.364484,29.993273],[-89.364514,29.993261],[-89.364542,29.993273],[-89.364566,29.993296],[-89.36459,29.993316]]]}},{"type":"Feature","properties":{"d":"2025-06-12","material":"Limestone"},"geometry":{"type":"MultiLineString","coordinates":[[[-89.364983,29.993375],[-89.364995,29.993458],[-89.364981,29.993494],[-89.364954,29.993526],[-89.364919,29.993557],[-89.364877,29.993583],[-89.364829,29.993601],[-89.364777,29.993615],[-89.364723,29.993622],[-89.364667,29.993623],[-89.364611,29.993617],[-89.364565,29.993607],[-89.364521,29.993596],[-89.364485,29.993586],[-89.364456,29.993576],[-89.364408,29.993561],[-89.364376,29.993551],[-89.364335,29.993539],[-89.364298,29.993532],[-89.364268,29.993521],[-89.364239,29.993505],[-89.364214,29.993488],[-89.364191,29.993469],[-89.364164,29.993448],[-89.364153,29.993478],[-89.364174,29.993448],[-89.36421,29.993429],[-89.364259,29.993427],[-89.364309,29.993435],[-89.364361,29.993447],[-89.364409,29.993456],[-89.364461,29.993466],[-89.364498,29.993474],[-89.364544,29.993479],[-89.364579,29.993475],[-89.364615,29.993464],[-89.364644,29.993448],[-89.364663,29.993424],[-89.364619,29.993414],[-89.364584,29.99341],[-89.364551,29.993401],[-89.36452,29.993384],[-89.364494,29.993356],[-89.364482,29.993322],[-89.36449,29.993295],[-89.364513,29.993274],[-89.364549,29.993263],[-89.364593,29.993264],[-89.364637,29.993276],[-89.364674,29.9933],[-89.364701,29.993339],[-89.364713,29.993382],[-89.364709,29.993422],[-89.364695,29.993461],[-89.364667,29.993493],[-89.364634,29.993519],[-89.364594,29.993534],[-89.364551,29.993537],[-89.364513,29.993526],[-89.364481,29.993503],[-89.364458,29.993473],[-89.364445,29.993433],[-89.364446,29.993393],[-89.36446,29.993352],[-89.364488,29.993313],[-89.364524,29.993283],[-89.364566,29.993261],[-89.364617,29.993255],[-89.364669,29.99326],[-89.364717,29.993281],[-89.364755,29.993314],[-89.364782,29.993357],[-89.364795,29.993403],[-89.364791,29.993449],[-89.364776,29.993492],[-89.364748,29.99353],[-89.364714,29.993559],[-89.364671,29.993582],[-89.364623,29.993596],[-89.364575,29.993599],[-89.364531,29.993591],[-89.364495,29.993568],[-89.364464,29.993536],[-89.364437,29.993499],[-89.36442,29.993454],[-89.36441,29.993406],[-89.364412,29.993359],[-89.364422,29.993312],[-89.364446,29.993273],[-89.36448,29.993245],[-89.364523,29.993232],[-89.36457,29.99323],[-89.36462,29.993241],[-89.36466,29.993267],[-89.364693,29.993305],[-89.364709,29.993346],[-89.364712,29.993391],[-89.364698,29.993432],[-89.36467,29.993469],[-89.364636,29.993495],[-89.364596,29.993516],[-89.364551,29.993527],[-89.364505,29.993525],[-89.364467,29.993511],[-89.364437,29.993485],[-89.364418,29.99345],[-89.364415,29.993413],[-89.36443,29.993377],[-89.364458,29.993344],[-89.3645,29.993317],[-89.364552,29.993295],[-89.364604,29.993281],[-89.364658,29.993279],[-89.364711,29.993292],[-89.364758,29.993318],[-89.364794,29.993355],[-89.364811,29.993398],[-89.364814,29.993443],[-89.3648,29.993483],[-89.364774,29.993519],[-89.36474,29.993548],[-89.364699,29.993566],[-89.364656,29.993573],[-89.364612,29.993567],[-89.364568,29.993554],[-89.364532,29.993528],[-89.364501,29.993492],[-89.364481,29.993452],[-89.364469,29.99341],[-89.364467,29.993368],[-89.364481,29.99333],[-89.364508,29.993302],[-89.364545,29.993287],[-89.364589,29.993283],[-89.364634,29.993293],[-89.364672,29.993315],[-89.364698,29.993352],[-89.364707,29.993392],[-89.364701,29.993438],[-89.364683,29.993479],[-89.364652,29.993513],[-89.364613,29.993539],[-89.364568,29.993555],[-89.36452,29.993561],[-89.364475,29.993552],[-89.364436,29.993533],[-89.364403,29.993502],[-89.364377,29.993474],[-89.36435,29.993447],[-89.364326,29.993424],[-89.364308,29.993398],[-89.364284,29.993364],[-89.364267,29.993335],[-89.364255,29.993309],[-89.364267,29.993335],[-89.364241,29.993353],[-89.364209,29.993358],[-89.364178,29.993347],[-89.364153,29.99333],[-89.364129,29.993303],[-89.364082,29.993235]]]}},{"type":"Feature","properties":{"d":"2025-06-12","material":"Limestone"},"geometry":{"type":"MultiLineString","coordinates":[[[-89.364889,29.993927],[-89.364891,29.993928],[-89.364922,29.993942],[-89.36495,29.993916],[-89.364955,29.993885],[-89.364942,29.993853],[-89.364911,29.993825],[-89.364885,29.993808],[-89.36485,29.993795],[-89.364811,29.993788],[-89.364773,29.993787],[-89.364736,29.993795],[-89.364706,29.993814],[-89.364682,29.99384],[-89.36467,29.993871],[-89.364671,29.993904],[-89.364682,29.993939],[-89.364701,29.993966],[-89.36473,29.993987],[-89.364765,29.994004],[-89.364801,29.994008],[-89.364834,29.994004],[-89.364865,29.993991],[-89.36489,29.993973],[-89.364908,29.99395],[-89.364919,29.993923],[-89.364922,29.993895],[-89.364914,29.993869],[-89.364898,29.993844],[-89.364869,29.993828],[-89.364836,29.993821],[-89.364803,29.993824],[-89.364766,29.993835],[-89.364735,29.993854],[-89.364714,29.993883],[-89.364703,29.993918],[-89.364707,29.993951],[-89.364722,29.993983],[-89.364745,29.994011],[-89.364773,29.994032],[-89.36481,29.994044],[-89.364844,29.994047],[-89.364889,29.994036],[-89.364926,29.99401],[-89.364941,29.993985],[-89.364949,29.993956],[-89.364946,29.993926],[-89.364932,29.9939],[-89.3649,29.993876],[-89.364865,29.993868],[-89.364821,29.993872],[-89.364789,29.993875],[-89.364749,29.993886],[-89.364718,29.993891],[-89.364686,29.993896],[-89.364654,29.993898],[-89.36462,29.993897],[-89.364581,29.993892],[-89.364543,29.993879],[-89.364511,29.993863],[-89.36448,29.993841],[-89.364453,29.993818],[-89.364433,29.993789],[-89.364416,29.993759],[-89.36441,29.993727],[-89.364409,29.993697],[-89.364419,29.993667],[-89.364437,29.993639],[-89.364464,29.993614],[-89.364498,29.993593],[-89.364536,29.993574],[-89.364568,29.993554],[-89.364607,29.993542],[-89.364648,29.99353],[-89.364692,29.99352],[-89.364738,29.993512],[-89.364785,29.993504],[-89.364829,29.993503],[-89.364871,29.993504],[-89.364912,29.993508],[-89.364967,29.993521],[-89.365,29.993532],[-89.36503,29.993545],[-89.36506,29.993555],[-89.365098,29.993572],[-89.365125,29.993591],[-89.365149,29.993616],[-89.365171,29.993641],[-89.365188,29.993666],[-89.3652,29.993696],[-89.365208,29.993726],[-89.365216,29.993765],[-89.36521,29.993801],[-89.365201,29.993835],[-89.365192,29.993862],[-89.365181,29.993899],[-89.36517,29.993937],[-89.365164,29.993965],[-89.365155,29.994005],[-89.365156,29.994037],[-89.365156,29.994076],[-89.365154,29.994114],[-89.365147,29.994151],[-89.365136,29.99419],[-89.365126,29.994229],[-89.365113,29.994267],[-89.3651,29.994292],[-89.36508,29.994328],[-89.365054,29.994362],[-89.365036,29.994384],[-89.365016,29.994405],[-89.364993,29.994426],[-89.364961,29.994456],[-89.364929,29.994485],[-89.364896,29.994509]]]}},{"type":"Feature","properties":{"d":"2025-06-12","material":"Limestone"},"geometry":{"type":"MultiLineString","coordinates":[[[-89.36466,29.994442],[-89.364763,29.994379],[-89.364794,29.994373],[-89.364833,29.994362],[-89.364865,29.99435],[-89.364894,29.994322],[-89.36492,29.994284],[-89.364941,29.994241],[-89.364961,29.9942],[-89.36499,29.994167],[-89.365027,29.994144],[-89.36507,29.994133],[-89.365118,29.994133],[-89.365163,29.994146],[-89.365198,29.99417],[-89.365224,29.994203],[-89.36524,29.994246],[-89.365236,29.994291],[-89.365219,29.994336],[-89.365188,29.994376],[-89.365144,29.994411],[-89.365091,29.994435],[-89.365035,29.994445],[-89.364982,29.99444],[-89.364932,29.994424],[-89.36489,29.994398],[-89.364865,29.994361],[-89.364853,29.994318],[-89.364851,29.99427],[-89.364855,29.994218],[-89.364875,29.994172],[-89.364904,29.994131],[-89.364947,29.994095],[-89.364996,29.994074],[-89.365049,29.994068],[-89.365103,29.994074],[-89.365153,29.994092],[-89.365195,29.994122],[-89.365224,29.99416],[-89.365243,29.994208],[-89.365242,29.994255],[-89.365223,29.994299],[-89.36519,29.994341],[-89.365148,29.994371],[-89.365098,29.99439],[-89.365046,29.994396],[-89.364993,29.99439],[-89.364945,29.994371],[-89.364906,29.994342],[-89.36488,29.994302],[-89.364871,29.994257],[-89.364873,29.994208],[-89.364891,29.99416],[-89.364919,29.994116],[-89.364956,29.994079],[-89.365006,29.994056],[-89.365061,29.994043],[-89.365115,29.994043],[-89.365167,29.994059],[-89.365212,29.994088],[-89.365241,29.994126],[-89.365258,29.994173],[-89.365266,29.994225],[-89.365261,29.994276],[-89.36524,29.994323],[-89.365206,29.994363],[-89.365161,29.994397],[-89.365109,29.99442],[-89.36505,29.994431],[-89.364991,29.99443],[-89.364938,29.994417],[-89.36489,29.994392],[-89.364852,29.994355],[-89.364831,29.994314],[-89.36482,29.994265],[-89.364824,29.994217],[-89.364842,29.994172],[-89.364872,29.994131],[-89.364916,29.994095],[-89.364968,29.994071],[-89.36502,29.994061],[-89.365074,29.994065],[-89.365127,29.99408],[-89.365173,29.994106],[-89.365206,29.994143],[-89.365226,29.99419],[-89.365231,29.994241],[-89.365223,29.994289],[-89.365207,29.994336],[-89.365174,29.994376],[-89.365127,29.994404],[-89.365074,29.994424],[-89.36502,29.99443],[-89.364967,29.994422],[-89.364919,29.994404],[-89.364879,29.994374],[-89.364849,29.994335],[-89.364832,29.994291],[-89.364826,29.994242],[-89.364837,29.994195],[-89.36486,29.99415],[-89.3649,29.994113],[-89.364948,29.994083],[-89.365003,29.994065],[-89.365059,29.994056],[-89.3651,29.994056],[-89.365138,29.994062],[-89.365172,29.994074],[-89.365199,29.994092],[-89.365223,29.994111],[-89.365242,29.994133],[-89.365267,29.994168],[-89.365279,29.994193],[-89.36529,29.994235],[-89.365296,29.994261],[-89.365291,29.994304],[-89.365283,29.994331],[-89.365271,29.994361],[-89.365251,29.994388],[-89.365227,29.994412],[-89.365201,29.994431],[-89.365172,29.994444],[-89.36514,29.994453],[-89.365108,29.994457],[-89.365076,29.994457],[-89.365042,29.994455],[-89.365011,29.994446],[-89.36498,29.994433],[-89.364949,29.994416],[-89.364924,29.994394],[-89.364902,29.99437],[-89.364886,29.99434]]]}},{"type":"Feature","properties":{"d":"2025-06-12","material":"Limestone"},"geometry":{"type":"MultiLineString","coordinates":[[[-89.365106,29.995311],[-89.365076,29.995292],[-89.365018,29.995282],[-89.364991,29.995269],[-89.364945,29.995238],[-89.364915,29.995198],[-89.364907,29.995151],[-89.364915,29.995104],[-89.364924,29.995078],[-89.364937,29.995052],[-89.364951,29.995023],[-89.364964,29.994995],[-89.364986,29.99495],[-89.364998,29.994912],[-89.365009,29.994873],[-89.36502,29.994836],[-89.365028,29.994798],[-89.365036,29.994768],[-89.365055,29.994738],[-89.36508,29.994711],[-89.365105,29.994689],[-89.365146,29.994675],[-89.365195,29.99468],[-89.365237,29.9947],[-89.365265,29.994737],[-89.365277,29.994762],[-89.365278,29.99481],[-89.365253,29.994856],[-89.365209,29.994894],[-89.365182,29.994908],[-89.365151,29.994915],[-89.365093,29.994917],[-89.365046,29.994902],[-89.365009,29.994878],[-89.364989,29.994845],[-89.364989,29.994806],[-89.365,29.994764],[-89.365021,29.994724],[-89.365044,29.994684],[-89.365073,29.994642],[-89.365116,29.994605],[-89.365169,29.994591],[-89.365222,29.994595],[-89.365267,29.994621],[-89.365297,29.994665],[-89.365304,29.994715],[-89.365287,29.994763],[-89.365248,29.994802],[-89.365194,29.994828],[-89.365159,29.994831],[-89.365125,29.99483],[-89.365091,29.99482],[-89.365062,29.994803],[-89.365039,29.994781],[-89.365024,29.994756],[-89.365013,29.994705],[-89.365023,29.994662],[-89.365042,29.994623],[-89.365069,29.994583],[-89.365106,29.994546],[-89.36515,29.99452],[-89.365198,29.994511],[-89.365245,29.99452],[-89.365289,29.994545],[-89.365318,29.994584],[-89.365328,29.994628],[-89.365319,29.994675],[-89.3653,29.994721],[-89.365264,29.994763],[-89.365215,29.994793],[-89.365159,29.994808],[-89.365104,29.994812],[-89.365053,29.994801],[-89.365009,29.994778],[-89.364977,29.994745],[-89.364962,29.994704],[-89.364966,29.99466],[-89.364985,29.994614],[-89.365018,29.994572],[-89.365061,29.994534],[-89.365109,29.994511],[-89.365159,29.994507],[-89.365213,29.994519],[-89.365256,29.994545],[-89.365281,29.994583],[-89.36529,29.994629],[-89.365277,29.994675],[-89.36525,29.994718],[-89.365209,29.994752],[-89.365158,29.994771],[-89.365105,29.994778],[-89.365054,29.994772],[-89.365007,29.994753],[-89.364975,29.994721],[-89.364958,29.994677],[-89.364958,29.994626],[-89.364967,29.994576],[-89.364992,29.994526],[-89.365026,29.994483],[-89.365065,29.994455],[-89.365114,29.994446],[-89.365171,29.994452],[-89.365231,29.994466],[-89.36526,29.994477],[-89.365303,29.994507],[-89.365336,29.994549],[-89.36535,29.994597],[-89.365343,29.994646],[-89.365316,29.994682],[-89.365273,29.994716],[-89.365216,29.994737],[-89.365187,29.994747],[-89.365132,29.994753],[-89.365086,29.994745],[-89.365044,29.99472],[-89.365018,29.994686],[-89.365009,29.994647],[-89.365022,29.994612],[-89.365055,29.99458],[-89.3651,29.994553],[-89.365154,29.99454],[-89.365212,29.994543],[-89.365265,29.994559],[-89.365307,29.99459],[-89.36533,29.994629],[-89.365337,29.994673],[-89.365321,29.994714],[-89.365291,29.99475],[-89.365249,29.994776],[-89.365201,29.99479],[-89.365151,29.994786],[-89.365103,29.99477],[-89.365059,29.994744],[-89.365023,29.994705],[-89.365005,29.99466],[-89.364995,29.994612],[-89.365003,29.99456],[-89.365026,29.994512],[-89.365065,29.994471],[-89.365114,29.994442],[-89.365144,29.994431],[-89.365199,29.994419],[-89.365263,29.994422],[-89.365316,29.99444],[-89.365358,29.994473],[-89.365377,29.994495],[-89.365392,29.994519],[-89.365408,29.99457],[-89.365407,29.99461],[-89.365403,29.994645],[-89.365396,29.994672],[-89.365387,29.994707],[-89.365379,29.994739],[-89.365369,29.994765],[-89.365356,29.994792],[-89.365341,29.994818],[-89.365325,29.994843]]]}},{"type":"Feature","properties":{"d":"2025-06-12","material":"Limestone"},"geometry":{"type":"MultiLineString","coordinates":[[[-89.364896,29.99541],[-89.365067,29.995307],[-89.36508,29.99528],[-89.365073,29.995251],[-89.365048,29.995234],[-89.36504,29.995203],[-89.36505,29.995173],[-89.36505,29.995136],[-89.365046,29.995108],[-89.365046,29.99507],[-89.365054,29.99503],[-89.365079,29.994998],[-89.365114,29.994973],[-89.365153,29.994958],[-89.365191,29.994956],[-89.365231,29.994971],[-89.365269,29.994996],[-89.365301,29.995029],[-89.365317,29.995069],[-89.36531,29.995108],[-89.365284,29.995138],[-89.365245,29.99516],[-89.365199,29.995173],[-89.365156,29.995176],[-89.365115,29.995169],[-89.365083,29.995148],[-89.365062,29.995121],[-89.365057,29.995085],[-89.365063,29.995044],[-89.36508,29.995002],[-89.365106,29.994959],[-89.36514,29.994919],[-89.36518,29.994887],[-89.365229,29.994867],[-89.365282,29.994864],[-89.365333,29.994875],[-89.365373,29.994899],[-89.365405,29.994934],[-89.365422,29.994976],[-89.365423,29.995021],[-89.365411,29.995067],[-89.365387,29.995107],[-89.36535,29.995142],[-89.365304,29.99517],[-89.365254,29.995185],[-89.365203,29.995187],[-89.365151,29.995176],[-89.365106,29.995153],[-89.365069,29.995124],[-89.365039,29.995084],[-89.365025,29.995042],[-89.365024,29.994995],[-89.365038,29.994951],[-89.365066,29.99491],[-89.365104,29.994878],[-89.365152,29.994852],[-89.365204,29.994833],[-89.36526,29.994821],[-89.365315,29.994824],[-89.365362,29.994842],[-89.365398,29.99487],[-89.365426,29.994906],[-89.365436,29.994946],[-89.365439,29.994989],[-89.365425,29.995029],[-89.365396,29.995065],[-89.365351,29.995098],[-89.365324,29.995112],[-89.365293,29.99512],[-89.36526,29.995125],[-89.365227,29.995125],[-89.365195,29.995119],[-89.365165,29.995109],[-89.365124,29.995076],[-89.365109,29.995026],[-89.365121,29.994975],[-89.365145,29.994939],[-89.365166,29.994913],[-89.365195,29.994894],[-89.365229,29.994878],[-89.365269,29.99487],[-89.365307,29.994869],[-89.365348,29.994868],[-89.36539,29.994871],[-89.365429,29.994875],[-89.365461,29.994877],[-89.365502,29.994883],[-89.365536,29.99489],[-89.365568,29.994894],[-89.365598,29.994901]]]}},{"type":"Feature","properties":{"d":"2025-06-15","material":"Limestone"},"geometry":{"type":"MultiLineString","coordinates":[[[-89.36524,29.9935],[-89.365105,29.99353],[-89.36507,29.993527],[-89.365032,29.993517],[-89.365002,29.993507],[-89.364978,29.993489],[-89.364956,29.993465],[-89.364939,29.993439],[-89.364926,29.993403],[-89.364928,29.993363],[-89.364942,29.993326],[-89.364971,29.993296],[-89.365,29.993282],[-89.365032,29.993271],[-89.365066,29.993266],[-89.365098,29.993263],[-89.365129,29.993263],[-89.365173,29.993277],[-89.3652,29.993292],[-89.365232,29.993319],[-89.365248,29.993343],[-89.365261,29.993381],[-89.36526,29.99342],[-89.365244,29.993457],[-89.365225,29.99348],[-89.365203,29.993499],[-89.365178,29.993516],[-89.36515,29.993529],[-89.36512,29.993542],[-89.365075,29.99355],[-89.365035,29.993547],[-89.365002,29.993527],[-89.364978,29.993508],[-89.364953,29.993475],[-89.364943,29.993449],[-89.364934,29.993411],[-89.36494,29.993384],[-89.364952,29.993357],[-89.364966,29.993331],[-89.364989,29.993306],[-89.365013,29.993288],[-89.365043,29.993277],[-89.365073,29.993268],[-89.365104,29.993262],[-89.365148,29.993263],[-89.365178,29.993271],[-89.365209,29.993289],[-89.365238,29.99331],[-89.365261,29.99333],[-89.365284,29.993361],[-89.365294,29.993399],[-89.365287,29.993438],[-89.365266,29.993472],[-89.365246,29.993495],[-89.365211,29.993521],[-89.365179,29.993536],[-89.365149,29.993548],[-89.365116,29.993554],[-89.365084,29.993553],[-89.365053,29.993549],[-89.365015,29.993537],[-89.364978,29.993514],[-89.364957,29.993494],[-89.36494,29.993468],[-89.364929,29.993442],[-89.364924,29.993415],[-89.364929,29.993376],[-89.364939,29.993349],[-89.364965,29.993317],[-89.365004,29.993295],[-89.365035,29.993286],[-89.365081,29.99328],[-89.365112,29.993284],[-89.365154,29.993296],[-89.365185,29.993313],[-89.365213,29.993332],[-89.365241,29.993354],[-89.365262,29.993377],[-89.365281,29.993406],[-89.365295,29.993433],[-89.365307,29.993464],[-89.365315,29.993492],[-89.365313,29.99353],[-89.365297,29.993564],[-89.36527,29.993592],[-89.365232,29.993615],[-89.365189,29.993622],[-89.365148,29.993616],[-89.365113,29.993598],[-89.365077,29.993575],[-89.365052,29.993554],[-89.365028,29.99353],[-89.365,29.993503],[-89.364974,29.993477],[-89.364959,29.99345],[-89.364949,29.993422],[-89.364944,29.993394],[-89.364943,29.993362],[-89.364948,29.993334],[-89.364967,29.993301],[-89.364986,29.993279],[-89.365026,29.993255],[-89.365072,29.993245],[-89.365103,29.993239],[-89.365135,29.993237],[-89.365166,29.993242],[-89.365195,29.993252],[-89.365221,29.993267],[-89.365248,29.993282],[-89.365268,29.993304],[-89.365282,29.993329],[-89.365292,29.993355],[-89.365301,29.993393],[-89.3653,29.993421],[-89.365293,29.99345],[-89.365284,29.993479],[-89.365268,29.993502],[-89.365252,29.993526],[-89.365228,29.993548],[-89.365202,29.993565],[-89.365174,29.993581],[-89.365144,29.993591],[-89.365108,29.993601],[-89.365074,29.993604],[-89.365043,29.993604],[-89.365001,29.993592],[-89.364962,29.99357],[-89.364938,29.993551],[-89.364912,29.993518],[-89.364902,29.99349],[-89.364897,29.99346],[-89.364898,29.993431],[-89.364905,29.993403],[-89.364921,29.993368],[-89.364951,29.993341],[-89.364979,29.993325],[-89.365008,29.993314],[-89.365039,29.993305],[-89.365085,29.993299],[-89.365117,29.993303],[-89.365148,29.993313],[-89.365178,29.993327],[-89.365206,29.993342],[-89.365228,29.993361],[-89.365251,29.993394],[-89.365265,29.993428],[-89.365265,29.993456],[-89.36526,29.993486],[-89.365243,29.993519],[-89.365213,29.99355],[-89.365189,29.993567],[-89.365161,29.993582],[-89.36513,29.993592],[-89.365098,29.993596],[-89.365066,29.993595],[-89.365033,29.99359],[-89.364991,29.993578],[-89.364956,29.993553],[-89.364934,29.993531],[-89.364914,29.993509],[-89.364898,29.993482],[-89.364888,29.993451],[-89.364881,29.993418],[-89.36488,29.993387],[-89.364886,29.993358],[-89.364904,29.993324],[-89.364936,29.993294],[-89.364973,29.993273],[-89.365019,29.993264],[-89.365066,29.993265],[-89.365099,29.993271],[-89.365131,29.993279],[-89.365171,29.993297],[-89.365197,29.993313],[-89.365219,29.993335],[-89.36524,29.993367],[-89.365246,29.993405],[-89.365241,29.993441],[-89.365223,29.993479],[-89.365204,29.993502],[-89.365173,29.993531],[-89.36514,29.993547],[-89.365108,29.993556],[-89.365071,29.993559],[-89.365039,29.993563],[-89.365004,29.99357],[-89.364971,29.993565],[-89.364932,29.99355],[-89.364903,29.993537],[-89.364878,29.993519],[-89.364858,29.993498],[-89.364842,29.993461],[-89.364834,29.993418],[-89.364844,29.993371],[-89.364864,29.993332],[-89.364892,29.993299],[-89.364924,29.993277],[-89.364962,29.993264],[-89.365002,29.993262],[-89.365043,29.993269],[-89.365081,29.993281],[-89.365112,29.9933],[-89.365141,29.993325],[-89.365162,29.993351],[-89.365176,29.993384],[-89.365181,29.99342],[-89.365173,29.993456],[-89.365155,29.993489],[-89.365128,29.99352],[-89.365094,29.993547],[-89.365045,29.993574],[-89.364985,29.993585],[-89.364925,29.993582],[-89.364868,29.993568],[-89.364818,29.993547],[-89.364776,29.993513],[-89.364744,29.993469],[-89.364726,29.993421],[-89.364713,29.993379],[-89.364707,29.993343],[-89.364702,29.993316],[-89.364701,29.993284],[-89.364702,29.993256],[-89.364707,29.993223],[-89.364718,29.993195],[-89.364724,29.993162],[-89.364734,29.993134]]]}},{"type":"Feature","properties":{"d":"2025-06-15","material":"Limestone"},"geometry":{"type":"MultiLineString","coordinates":[[[-89.365253,29.993619],[-89.365461,29.993834],[-89.365448,29.99387],[-89.365431,29.993902],[-89.365401,29.993934],[-89.365359,29.99396],[-89.365307,29.993976],[-89.365252,29.99398],[-89.365194,29.993971],[-89.365138,29.993949],[-89.365095,29.993913],[-89.365066,29.993866],[-89.365051,29.993815],[-89.365054,29.993766],[-89.365073,29.993724],[-89.365113,29.993688],[-89.365165,29.993666],[-89.365225,29.993661],[-89.365283,29.993673],[-89.365334,29.993699],[-89.365374,29.993738],[-89.365398,29.993785],[-89.365401,29.993835],[-89.365387,29.993884],[-89.365353,29.993924],[-89.365311,29.993953],[-89.365253,29.993971],[-89.365199,29.99397],[-89.36515,29.993956],[-89.365106,29.993929],[-89.365079,29.993888],[-89.365065,29.993841],[-89.365067,29.993794],[-89.365089,29.993753],[-89.365125,29.99372],[-89.365174,29.993699],[-89.365232,29.993694],[-89.36529,29.993705],[-89.365342,29.993729],[-89.36538,29.993768],[-89.365404,29.993812],[-89.365408,29.993859],[-89.365389,29.993906],[-89.365354,29.993943],[-89.365311,29.993973],[-89.365258,29.993986],[-89.365205,29.993986],[-89.365155,29.993969],[-89.365117,29.993939],[-89.365092,29.993898],[-89.365082,29.993853],[-89.36509,29.993804],[-89.365114,29.993764],[-89.365155,29.993734],[-89.365207,29.993717],[-89.365263,29.993716],[-89.365317,29.99373],[-89.365367,29.993759],[-89.365405,29.9938],[-89.365424,29.993846],[-89.365426,29.993895],[-89.365415,29.99392],[-89.365387,29.993963],[-89.365347,29.993993],[-89.365296,29.994008],[-89.365242,29.99401],[-89.365192,29.994],[-89.365149,29.993976],[-89.365123,29.993936],[-89.365112,29.993889],[-89.365112,29.993841]]]}},{"type":"Feature","properties":{"d":"2025-06-15","material":"Limestone"},"geometry":{"type":"MultiLineString","coordinates":[[[-89.365345,29.993905],[-89.365377,29.994046],[-89.365357,29.99407],[-89.365349,29.9941],[-89.365346,29.994138],[-89.365354,29.99417],[-89.365378,29.994202],[-89.365416,29.994229],[-89.365466,29.994248],[-89.365518,29.994247],[-89.365566,29.994232],[-89.365606,29.994202],[-89.365636,29.994165],[-89.365647,29.99412],[-89.365639,29.994074],[-89.365614,29.994034],[-89.365575,29.99401],[-89.365528,29.994002],[-89.365477,29.994011],[-89.36543,29.994033],[-89.365386,29.994066],[-89.365353,29.99411],[-89.365338,29.994158],[-89.365343,29.994208],[-89.365367,29.994252],[-89.365406,29.994288],[-89.365452,29.994311],[-89.365502,29.994317],[-89.365553,29.99431],[-89.365597,29.994286],[-89.36563,29.994253],[-89.36565,29.99421],[-89.365647,29.994165],[-89.365628,29.994122],[-89.365593,29.994086],[-89.365547,29.994059],[-89.365491,29.994047],[-89.365458,29.994044],[-89.365427,29.994045],[-89.365396,29.99405],[-89.365365,29.994059],[-89.365312,29.994083],[-89.365266,29.994117],[-89.365235,29.994159],[-89.365224,29.994185],[-89.365218,29.994235],[-89.365231,29.994285],[-89.365261,29.994327],[-89.365304,29.994357],[-89.365354,29.994373],[-89.365408,29.994372],[-89.365461,29.994358],[-89.365504,29.994332],[-89.365537,29.994293],[-89.365558,29.994244],[-89.365566,29.994217],[-89.365576,29.994164],[-89.365578,29.994136],[-89.365578,29.994107],[-89.365575,29.994079],[-89.365566,29.994051],[-89.365547,29.994006],[-89.365509,29.993973],[-89.36546,29.993954],[-89.3654,29.99395],[-89.365369,29.993954],[-89.36532,29.993972],[-89.365279,29.994004],[-89.365251,29.994048],[-89.365239,29.994098],[-89.365244,29.994148],[-89.365266,29.994195],[-89.365307,29.994233],[-89.365354,29.994261],[-89.365413,29.994276],[-89.365471,29.994276],[-89.365524,29.994264],[-89.365572,29.994237],[-89.36561,29.994199],[-89.365632,29.994154],[-89.365639,29.994104],[-89.365631,29.994057],[-89.365604,29.994016],[-89.36557,29.99399]]]}},{"type":"Feature","properties":{"d":"2025-06-15","material":"Limestone"},"geometry":{"type":"MultiLineString","coordinates":[[[-89.36573,29.994755],[-89.365436,29.994538],[-89.365491,29.994531],[-89.365546,29.994544],[-89.365596,29.994568],[-89.36563,29.994608],[-89.365648,29.994655],[-89.365646,29.994703],[-89.365622,29.994748],[-89.365586,29.994789],[-89.365541,29.994817],[-89.36549,29.994828],[-89.36544,29.994827],[-89.365394,29.99481],[-89.365354,29.994782],[-89.365327,29.994741],[-89.365316,29.994698],[-89.365319,29.994653],[-89.365339,29.994614],[-89.365373,29.994582],[-89.365421,29.994561],[-89.365479,29.994552],[-89.365539,29.994554],[-89.36557,29.994563],[-89.365624,29.99459],[-89.365671,29.994626],[-89.365701,29.99467],[-89.365716,29.99472],[-89.365715,29.994772],[-89.365691,29.994818],[-89.365657,29.994859],[-89.365612,29.994887],[-89.365564,29.994903],[-89.365515,29.9949],[-89.365471,29.994884],[-89.365433,29.994857],[-89.365403,29.994818],[-89.365386,29.994771],[-89.36538,29.994719],[-89.365387,29.994671],[-89.365404,29.994621],[-89.36543,29.994574],[-89.365466,29.994538],[-89.365514,29.994515],[-89.365567,29.994505],[-89.365622,29.994515],[-89.365668,29.994538],[-89.365705,29.994573],[-89.365722,29.994614],[-89.365722,29.994662],[-89.3657,29.994709],[-89.365667,29.994748],[-89.36562,29.994777],[-89.365568,29.994791],[-89.365519,29.994789],[-89.365475,29.994774],[-89.365434,29.994745],[-89.365403,29.994708],[-89.365388,29.994664],[-89.365386,29.994621],[-89.365402,29.994582],[-89.365432,29.99455],[-89.365475,29.994529],[-89.365528,29.994522],[-89.365583,29.994531],[-89.365634,29.994553],[-89.365671,29.994587],[-89.365691,29.994629],[-89.365687,29.994675],[-89.36568,29.994701],[-89.365656,29.994747],[-89.365619,29.994785],[-89.365571,29.99481],[-89.365518,29.99482],[-89.365471,29.994815],[-89.365429,29.994798],[-89.365393,29.994768],[-89.365367,29.994726],[-89.365358,29.994681],[-89.365362,29.994638],[-89.365383,29.994603],[-89.365417,29.994579],[-89.365465,29.994565],[-89.365518,29.994564],[-89.365568,29.994581],[-89.365615,29.99461],[-89.365647,29.994651],[-89.365656,29.994696],[-89.365645,29.994743],[-89.365619,29.994785],[-89.365582,29.994821],[-89.365742,29.994756],[-89.365753,29.994795],[-89.365756,29.994837],[-89.365741,29.99488],[-89.365724,29.994922],[-89.365698,29.994959],[-89.365667,29.994994],[-89.365631,29.995019],[-89.365591,29.995037],[-89.365543,29.99504],[-89.365494,29.995027],[-89.36545,29.995003],[-89.365414,29.994966],[-89.36538,29.994924],[-89.365352,29.994877],[-89.36534,29.994851],[-89.365328,29.994825],[-89.365318,29.994799],[-89.365302,29.994758],[-89.365292,29.994722],[-89.365285,29.994681],[-89.36528,29.994647],[-89.365277,29.994613],[-89.365273,29.994585],[-89.365267,29.99455],[-89.365271,29.99452],[-89.36528,29.994488],[-89.365289,29.994457],[-89.365302,29.994427],[-89.36532,29.994401],[-89.365346,29.994378],[-89.365374,29.994364],[-89.365409,29.994353],[-89.365445,29.994349],[-89.365478,29.994351],[-89.365516,29.994355],[-89.365554,29.994367],[-89.365593,29.994383],[-89.36563,29.994402],[-89.36566,29.994428],[-89.365682,29.994453],[-89.365703,29.99448],[-89.365715,29.994511],[-89.365717,29.99454],[-89.365709,29.994573],[-89.3657,29.994602],[-89.365681,29.994632],[-89.365661,29.994663],[-89.365636,29.994688],[-89.365612,29.994706],[-89.365584,29.994722],[-89.365551,29.994729],[-89.365519,29.994725],[-89.365484,29.994709],[-89.365453,29.994684],[-89.365436,29.994651],[-89.36543,29.994616],[-89.365436,29.99458],[-89.365452,29.994553],[-89.365485,29.99453],[-89.365529,29.994519],[-89.365576,29.994522],[-89.365622,29.994537],[-89.365655,29.994566],[-89.365678,29.994603],[-89.36568,29.994643],[-89.365664,29.994686],[-89.365638,29.994726],[-89.365603,29.994755],[-89.365564,29.994772],[-89.365523,29.994776],[-89.365481,29.994767],[-89.365445,29.994749]]]}},{"type":"Feature","properties":{"d":"2025-06-15","material":"Limestone"},"geometry":{"type":"MultiLineString","coordinates":[[[-89.365557,29.994936],[-89.365423,29.994956],[-89.365423,29.994922],[-89.365435,29.99489],[-89.365458,29.994872],[-89.36549,29.994856],[-89.365534,29.994846],[-89.365579,29.994844],[-89.365628,29.994853],[-89.365672,29.99487],[-89.365714,29.994896],[-89.365751,29.994931],[-89.365785,29.99497],[-89.365807,29.995016],[-89.36582,29.995062],[-89.365817,29.995109],[-89.365798,29.995153],[-89.365772,29.99519],[-89.365737,29.99522],[-89.365693,29.995242],[-89.365648,29.995254],[-89.365602,29.995254],[-89.365561,29.99524],[-89.365528,29.995217],[-89.365501,29.995188],[-89.365486,29.995152],[-89.365481,29.995113],[-89.365486,29.995078],[-89.365502,29.995049],[-89.365529,29.995028],[-89.365565,29.995013],[-89.365607,29.995008],[-89.365653,29.995017],[-89.365696,29.995036],[-89.365735,29.995062],[-89.365763,29.995094],[-89.365783,29.99513],[-89.365787,29.995174],[-89.365772,29.995219],[-89.365745,29.995259],[-89.365708,29.995295],[-89.365664,29.99532],[-89.365617,29.99533],[-89.36557,29.995327],[-89.365525,29.995315],[-89.365488,29.99529],[-89.36546,29.995257],[-89.365446,29.995214],[-89.365439,29.995168],[-89.36544,29.99512],[-89.365455,29.995074],[-89.365473,29.995026],[-89.365491,29.994976],[-89.365517,29.99493],[-89.365551,29.994891],[-89.365593,29.994862],[-89.36564,29.994842],[-89.365694,29.994836],[-89.36575,29.994846],[-89.365804,29.994867],[-89.365848,29.994897],[-89.365883,29.994935],[-89.365907,29.994979],[-89.365917,29.995027],[-89.365908,29.995078],[-89.36589,29.995126],[-89.365858,29.995169],[-89.365814,29.995203],[-89.365763,29.995224],[-89.365713,29.995228],[-89.365662,29.995221],[-89.365618,29.995202],[-89.365582,29.995176],[-89.365556,29.995139],[-89.365543,29.995099],[-89.365546,29.995056],[-89.365556,29.99502],[-89.365575,29.994992],[-89.365611,29.994972],[-89.365657,29.994962],[-89.365702,29.994968],[-89.365746,29.994988],[-89.365782,29.995017],[-89.365812,29.995055],[-89.365825,29.995095],[-89.365818,29.99514],[-89.3658,29.995184],[-89.365768,29.995225],[-89.365726,29.995256],[-89.365679,29.995275],[-89.365628,29.995281],[-89.36558,29.995277],[-89.365535,29.995259],[-89.365499,29.995232],[-89.365471,29.995199],[-89.365457,29.995159],[-89.365458,29.995115],[-89.365468,29.995078],[-89.365494,29.995043],[-89.365532,29.995014],[-89.365577,29.994989],[-89.365627,29.994976],[-89.365683,29.994972],[-89.365738,29.994982],[-89.365784,29.995004],[-89.365822,29.995034],[-89.365849,29.995073],[-89.365862,29.995113],[-89.365859,29.995157],[-89.365841,29.995199],[-89.36581,29.995238],[-89.365768,29.995269],[-89.365721,29.995287],[-89.365671,29.995291],[-89.365619,29.995283],[-89.365578,29.995266],[-89.365541,29.99524],[-89.365515,29.995206],[-89.365498,29.995168],[-89.365498,29.995127],[-89.365506,29.995088],[-89.365533,29.995059],[-89.365571,29.995036],[-89.36562,29.995023],[-89.365669,29.995023],[-89.365721,29.995035],[-89.365768,29.995058],[-89.365807,29.995092],[-89.365834,29.995135],[-89.365846,29.995177],[-89.365841,29.995221],[-89.365821,29.995264],[-89.365784,29.995302],[-89.365744,29.995328],[-89.365697,29.995344],[-89.365649,29.995348],[-89.365601,29.995341],[-89.365559,29.995321],[-89.365524,29.995293],[-89.365499,29.995257],[-89.365488,29.995212],[-89.365487,29.995167],[-89.365498,29.995126],[-89.36552,29.99509],[-89.365556,29.995058],[-89.365603,29.995037],[-89.365655,29.995025],[-89.365708,29.995027],[-89.365759,29.995042],[-89.365803,29.995066],[-89.365839,29.995101],[-89.365867,29.995142],[-89.365883,29.995184],[-89.365876,29.995233],[-89.36586,29.99528],[-89.365832,29.995324],[-89.36579,29.995358],[-89.365742,29.995384],[-89.36569,29.9954],[-89.365638,29.995401],[-89.365585,29.995393]]]}},{"type":"Feature","properties":{"d":"2025-06-15","material":"Limestone"},"geometry":{"type":"MultiLineString","coordinates":[[[-89.365379,29.993338],[-89.365517,29.993545],[-89.365487,29.993564],[-89.365449,29.993575],[-89.365401,29.993575],[-89.365346,29.993554],[-89.36532,29.993536],[-89.365299,29.993511],[-89.365285,29.993482],[-89.365278,29.99345],[-89.365279,29.993414],[-89.365285,29.993381],[-89.365301,29.993348],[-89.365323,29.993321],[-89.365353,29.993298],[-89.365387,29.993282],[-89.365425,29.993274],[-89.365463,29.993273],[-89.365501,29.993281],[-89.365537,29.993296],[-89.365568,29.993317],[-89.365593,29.993345],[-89.365612,29.993376],[-89.365619,29.993411],[-89.365617,29.993447],[-89.365603,29.993483],[-89.365581,29.993515],[-89.365552,29.993541],[-89.365516,29.99356],[-89.365477,29.99357],[-89.365435,29.99357],[-89.365392,29.993561],[-89.365354,29.993546],[-89.365321,29.993523],[-89.365294,29.993494],[-89.365273,29.99346],[-89.365265,29.993422],[-89.365265,29.993386],[-89.365273,29.993348],[-89.36529,29.993314],[-89.365313,29.993287],[-89.365346,29.993265],[-89.365381,29.993251],[-89.365421,29.993245],[-89.365461,29.993246],[-89.3655,29.993256],[-89.365534,29.993273],[-89.365562,29.993297],[-89.365581,29.993325],[-89.365592,29.993357],[-89.365591,29.993392],[-89.36558,29.993426],[-89.365558,29.99346],[-89.36553,29.993485],[-89.365495,29.993504],[-89.365454,29.993517],[-89.365411,29.993522],[-89.36537,29.993519],[-89.365331,29.993508],[-89.365294,29.993492],[-89.365265,29.993466],[-89.365245,29.993434],[-89.365233,29.993398],[-89.365231,29.993361],[-89.365236,29.993325],[-89.36525,29.993291],[-89.365269,29.993263],[-89.365298,29.993239],[-89.365331,29.993223],[-89.365369,29.993215],[-89.36541,29.993216],[-89.365449,29.993225],[-89.365485,29.993241],[-89.365513,29.993265],[-89.365534,29.993295],[-89.365547,29.993327],[-89.365549,29.993362],[-89.365542,29.993398],[-89.365523,29.993433],[-89.365498,29.99346],[-89.365468,29.99348]]]}},{"type":"Feature","properties":{"d":"2025-06-16","material":"Limestone"},"geometry":{"type":"MultiLineString","coordinates":[[[-89.365767,29.993775],[-89.365652,29.993899],[-89.365619,29.993903],[-89.365587,29.993896],[-89.365557,29.993888],[-89.36552,29.993868],[-89.365498,29.993834],[-89.365489,29.993805],[-89.365492,29.993778],[-89.3655,29.993751],[-89.365524,29.993717],[-89.365553,29.993698],[-89.365586,29.993686],[-89.365621,29.993679],[-89.365656,29.993681],[-89.365688,29.993689],[-89.36572,29.993705],[-89.36575,29.993728],[-89.36577,29.993757],[-89.365781,29.993788],[-89.365786,29.99382],[-89.365779,29.993851],[-89.365765,29.993881],[-89.365741,29.993904],[-89.365714,29.993924],[-89.365684,29.993936],[-89.36565,29.993941],[-89.365614,29.99394],[-89.365578,29.993934],[-89.365549,29.993922],[-89.365516,29.993896],[-89.3655,29.993872],[-89.365488,29.993842],[-89.36549,29.993811],[-89.365499,29.993782],[-89.365514,29.993756],[-89.365542,29.993735],[-89.365573,29.993719],[-89.365608,29.99371],[-89.365643,29.99371],[-89.365682,29.993712],[-89.365719,29.993719],[-89.365752,29.993741],[-89.365782,29.993766],[-89.365806,29.993796],[-89.365815,29.993826],[-89.365816,29.993857],[-89.365806,29.993888],[-89.36579,29.993917],[-89.365768,29.993939],[-89.36574,29.99396],[-89.36571,29.993974],[-89.365675,29.99398],[-89.365642,29.993979],[-89.365605,29.993969],[-89.365576,29.993955],[-89.365547,29.993936],[-89.365519,29.993902],[-89.365507,29.993871],[-89.365501,29.99384],[-89.365502,29.993808],[-89.36551,29.993778],[-89.365526,29.993744],[-89.365546,29.993715],[-89.365576,29.993692],[-89.365606,29.993673],[-89.36565,29.993665],[-89.365692,29.993661],[-89.365725,29.99366],[-89.365766,29.993672],[-89.365803,29.993691],[-89.36584,29.993721],[-89.365865,29.993752],[-89.365884,29.993785],[-89.365892,29.993821],[-89.365893,29.993858],[-89.365887,29.993893],[-89.365872,29.993925],[-89.365851,29.993952],[-89.365823,29.993976],[-89.365789,29.993997],[-89.365754,29.994013],[-89.36572,29.994022],[-89.36568,29.994021],[-89.365642,29.994015],[-89.365605,29.994009],[-89.365573,29.993993],[-89.365548,29.993977],[-89.365528,29.99395],[-89.365511,29.993918],[-89.365499,29.993887],[-89.365498,29.99385],[-89.36551,29.993818],[-89.365524,29.993786],[-89.365547,29.993756],[-89.365579,29.993734],[-89.365609,29.993719],[-89.365644,29.993714],[-89.365688,29.993714],[-89.365727,29.993719],[-89.365762,29.993731],[-89.365797,29.99375],[-89.365828,29.993775],[-89.365848,29.993804],[-89.365862,29.993837],[-89.365867,29.993869],[-89.365863,29.993902],[-89.365849,29.993929],[-89.365831,29.993954],[-89.365802,29.993974],[-89.365771,29.993988],[-89.365741,29.994001],[-89.365706,29.994001],[-89.365671,29.993995],[-89.365641,29.993986],[-89.365613,29.993967],[-89.365587,29.993943],[-89.365568,29.993914],[-89.365552,29.993882],[-89.365541,29.993849],[-89.365533,29.993815],[-89.365526,29.993775],[-89.365527,29.993736],[-89.365535,29.993702],[-89.365548,29.993666],[-89.365563,29.993635],[-89.365586,29.993605],[-89.365612,29.99358],[-89.365647,29.993559],[-89.365686,29.993549],[-89.365723,29.993542],[-89.365761,29.993543],[-89.365793,29.993549],[-89.365825,29.993567],[-89.365851,29.993589],[-89.365868,29.993616],[-89.365883,29.993646],[-89.365888,29.993679],[-89.365887,29.993712],[-89.365873,29.993748],[-89.365858,29.99378],[-89.365837,29.993808],[-89.365805,29.993828],[-89.365774,29.993842],[-89.365736,29.993862],[-89.365697,29.993859],[-89.365656,29.99385],[-89.365626,29.993835],[-89.365597,29.993815],[-89.365574,29.993791],[-89.365558,29.993763],[-89.365553,29.993722],[-89.365567,29.993682],[-89.365587,29.993657],[-89.365614,29.993636],[-89.365643,29.993625],[-89.365676,29.99362],[-89.365711,29.99362],[-89.365748,29.99363],[-89.365779,29.993645],[-89.365808,29.993662],[-89.36583,29.993694],[-89.365841,29.993723],[-89.365844,29.993754],[-89.365843,29.993785],[-89.36583,29.993817],[-89.36581,29.99384],[-89.365783,29.99386],[-89.365755,29.993874],[-89.365715,29.993892],[-89.365681,29.99389],[-89.365647,29.993883],[-89.365615,29.993868],[-89.365587,29.993851],[-89.365567,29.993825],[-89.365553,29.993796],[-89.365551,29.993766],[-89.365555,29.993737],[-89.365569,29.993699],[-89.365596,29.993678],[-89.365628,29.993665],[-89.365662,29.99366],[-89.365695,29.99366],[-89.365728,29.993665],[-89.365759,29.993679],[-89.365787,29.993697],[-89.365813,29.993723],[-89.365829,29.993753],[-89.365839,29.993786],[-89.365839,29.993815],[-89.36583,29.993842],[-89.36581,29.993872],[-89.365784,29.993893],[-89.365756,29.993911],[-89.365723,29.993924],[-89.365688,29.99393],[-89.365656,29.993925],[-89.365621,29.993919],[-89.365588,29.993904],[-89.365564,29.993886],[-89.367063,29.993322]]]}},{"type":"Feature","properties":{"d":"2025-06-16","material":"Limestone"},"geometry":{"type":"MultiLineString","coordinates":[[[-89.365924,29.994501],[-89.365881,29.994484],[-89.365858,29.994461],[-89.365852,29.994432],[-89.365847,29.994397],[-89.365838,29.994364],[-89.365832,29.994334],[-89.365823,29.994308],[-89.36581,29.994275],[-89.365805,29.994245],[-89.365812,29.994217],[-89.365835,29.994195],[-89.365871,29.994182],[-89.365912,29.994183],[-89.365953,29.994194],[-89.365994,29.994212],[-89.366028,29.994238],[-89.366053,29.994273],[-89.366067,29.994314],[-89.366063,29.994358],[-89.366049,29.994396],[-89.366024,29.994428],[-89.365988,29.994452],[-89.365947,29.994466],[-89.365906,29.994469],[-89.365865,29.994461],[-89.365826,29.994446],[-89.365792,29.994424],[-89.365766,29.994396],[-89.365752,29.994366],[-89.365746,29.994331],[-89.365759,29.994296],[-89.365783,29.994265],[-89.365819,29.994239],[-89.365861,29.994221],[-89.365909,29.994214],[-89.365956,29.99422],[-89.365998,29.994237],[-89.366033,29.994266],[-89.366058,29.994302],[-89.366071,29.994345],[-89.36607,29.99439],[-89.366056,29.994433],[-89.366026,29.994471],[-89.365985,29.994501],[-89.365937,29.994518],[-89.365887,29.994519],[-89.365838,29.994508],[-89.365789,29.994487],[-89.365747,29.994459],[-89.365711,29.994421],[-89.365684,29.994379],[-89.365666,29.994334],[-89.365657,29.994284],[-89.365653,29.994232],[-89.365661,29.994181],[-89.365682,29.994135],[-89.365713,29.994101],[-89.365754,29.994078],[-89.365801,29.994067],[-89.365857,29.994066],[-89.365911,29.994078],[-89.365953,29.994102],[-89.365985,29.994138],[-89.366003,29.994181],[-89.366008,29.994228],[-89.365997,29.994272],[-89.365971,29.994308],[-89.365934,29.994338],[-89.365888,29.994356],[-89.365841,29.994362],[-89.365794,29.994354],[-89.36575,29.994337],[-89.365716,29.99431],[-89.365693,29.994272],[-89.365683,29.994232],[-89.365689,29.994193],[-89.365713,29.994155],[-89.365748,29.994124],[-89.365793,29.994105],[-89.365842,29.9941]]]}},{"type":"Feature","properties":{"d":"2025-06-16","material":"Limestone"},"geometry":{"type":"MultiLineString","coordinates":[[[-89.366965,29.993306],[-89.366586,29.994175],[-89.366565,29.994197],[-89.366544,29.994219],[-89.366521,29.994242],[-89.3665,29.994264],[-89.366478,29.994286],[-89.366456,29.99431],[-89.366418,29.99435],[-89.366377,29.99438],[-89.366333,29.9944],[-89.366287,29.994408],[-89.366246,29.994402],[-89.36621,29.994386],[-89.366182,29.99436],[-89.366162,29.994328],[-89.366152,29.99429],[-89.366155,29.99425],[-89.366171,29.994214],[-89.366199,29.994184],[-89.366235,29.994163],[-89.36628,29.994154],[-89.366327,29.994158],[-89.366368,29.994174],[-89.366405,29.994199],[-89.366433,29.994235],[-89.366455,29.994272],[-89.366468,29.994308],[-89.366475,29.994341],[-89.366481,29.994372],[-89.366485,29.994401],[-89.366489,29.994433],[-89.366489,29.994468],[-89.366486,29.994501],[-89.366479,29.994537],[-89.366469,29.994569],[-89.36646,29.994597],[-89.366451,29.994625],[-89.36644,29.994661],[-89.366429,29.994697],[-89.366419,29.99473],[-89.366406,29.994765],[-89.366397,29.994804],[-89.366389,29.99483],[-89.366375,29.994868],[-89.366362,29.994895],[-89.366346,29.994924],[-89.366332,29.994954],[-89.366316,29.994982],[-89.366299,29.995009],[-89.366286,29.995038],[-89.366273,29.995065]]]}},{"type":"Feature","properties":{"d":"2025-06-16","material":"Limestone"},"geometry":{"type":"MultiLineString","coordinates":[[[-89.366265,29.995111],[-89.366022,29.99547],[-89.365987,29.995474],[-89.36595,29.995476],[-89.365917,29.995474],[-89.365882,29.995466],[-89.365854,29.995454],[-89.365817,29.995429],[-89.365797,29.995408],[-89.365775,29.995372],[-89.365772,29.995342],[-89.365773,29.995311],[-89.365773,29.995278],[-89.365773,29.995245],[-89.365771,29.995208],[-89.365769,29.995172],[-89.365768,29.995136],[-89.365768,29.995103],[-89.365775,29.995075],[-89.365794,29.99504],[-89.365827,29.995013],[-89.365858,29.994999],[-89.36589,29.994995],[-89.365932,29.994994],[-89.36598,29.995],[-89.366029,29.995009],[-89.366075,29.995023],[-89.366115,29.99504],[-89.366149,29.99506],[-89.36618,29.995084],[-89.366202,29.995112],[-89.366216,29.99515],[-89.366221,29.99519],[-89.366214,29.995227],[-89.366193,29.995261],[-89.366163,29.995283],[-89.366127,29.995295],[-89.36609,29.995295],[-89.366056,29.995284],[-89.366028,29.99526],[-89.366005,29.995229],[-89.365991,29.995191],[-89.365987,29.995145],[-89.365989,29.995097],[-89.366,29.995052],[-89.366019,29.995013],[-89.366051,29.994985],[-89.36609,29.994972],[-89.366131,29.994971],[-89.366175,29.994982],[-89.366213,29.995004],[-89.366238,29.995036],[-89.366251,29.995071],[-89.36625,29.995105],[-89.366235,29.99514],[-89.366205,29.995168],[-89.366167,29.995189],[-89.366127,29.9952],[-89.366083,29.995199],[-89.366045,29.995185],[-89.366014,29.995161],[-89.36599,29.995129],[-89.36598,29.995095],[-89.365985,29.995058],[-89.366001,29.995024],[-89.366029,29.994999],[-89.366068,29.994981],[-89.366114,29.994974],[-89.366163,29.99498],[-89.366208,29.994998],[-89.366243,29.995029],[-89.366269,29.995067],[-89.366284,29.995109],[-89.366285,29.995151],[-89.366272,29.995192],[-89.366249,29.995224],[-89.366213,29.995251],[-89.366171,29.995267],[-89.366126,29.995275],[-89.366081,29.995272],[-89.366041,29.995257],[-89.366008,29.995232],[-89.365983,29.9952],[-89.365969,29.995163],[-89.365971,29.995124],[-89.365987,29.99509],[-89.366015,29.995059],[-89.366054,29.995039],[-89.366101,29.995029],[-89.366149,29.995035],[-89.366197,29.99505],[-89.366239,29.995076],[-89.366272,29.995111],[-89.366291,29.995157],[-89.366299,29.995199],[-89.366294,29.995239],[-89.366274,29.995274],[-89.366243,29.995301],[-89.366204,29.995317],[-89.366159,29.995323],[-89.366111,29.995319],[-89.366057,29.995307],[-89.366008,29.995287],[-89.365964,29.995261],[-89.365926,29.99523],[-89.365898,29.995194],[-89.365879,29.995151],[-89.365871,29.995108],[-89.365878,29.995063],[-89.365899,29.995022],[-89.365928,29.994986],[-89.365967,29.99496],[-89.366014,29.99495],[-89.366065,29.99495],[-89.366117,29.994964],[-89.366165,29.994989],[-89.366202,29.995022],[-89.36623,29.995059],[-89.366241,29.995101],[-89.366239,29.995145],[-89.366224,29.995184],[-89.366195,29.995223],[-89.366158,29.995253],[-89.366115,29.995273],[-89.36607,29.995281],[-89.366024,29.995278],[-89.365984,29.995263],[-89.365949,29.995238],[-89.365922,29.995209],[-89.365904,29.995172],[-89.365896,29.995131],[-89.365902,29.995088],[-89.365919,29.995046],[-89.365944,29.99501],[-89.365979,29.994977],[-89.366023,29.994953],[-89.366074,29.994943],[-89.366127,29.994944],[-89.366179,29.994958],[-89.366227,29.994984],[-89.366266,29.995014],[-89.366291,29.995056],[-89.366301,29.995102],[-89.3663,29.995145],[-89.36629,29.995186],[-89.366263,29.995224],[-89.366227,29.995255],[-89.366183,29.995278],[-89.366139,29.995287],[-89.366091,29.995285],[-89.366047,29.995273],[-89.36601,29.995252],[-89.365977,29.995221],[-89.365951,29.995183],[-89.365934,29.995139],[-89.365929,29.995095],[-89.365935,29.995052],[-89.365953,29.995012],[-89.365985,29.994981],[-89.366025,29.994958],[-89.366074,29.994945],[-89.366124,29.994947],[-89.366173,29.99496],[-89.366217,29.994986],[-89.36625,29.995019],[-89.366269,29.995061],[-89.366275,29.995102],[-89.366267,29.995144],[-89.366244,29.995183],[-89.366212,29.995217],[-89.366172,29.995244],[-89.366129,29.995257],[-89.36608,29.995261],[-89.366037,29.995252],[-89.365998,29.995233],[-89.365967,29.995206],[-89.365944,29.995172],[-89.365935,29.995134],[-89.36594,29.995096],[-89.365955,29.99506],[-89.365984,29.995032],[-89.366023,29.995014],[-89.36607,29.995006],[-89.36612,29.995006],[-89.36617,29.995022],[-89.366216,29.995048],[-89.366253,29.995081],[-89.366278,29.995123],[-89.366291,29.995169],[-89.366296,29.995215],[-89.366291,29.995255],[-89.366269,29.995293],[-89.366235,29.995323],[-89.366196,29.995342],[-89.366153,29.995348],[-89.366106,29.99534],[-89.366066,29.995325],[-89.366031,29.995298],[-89.366003,29.995264],[-89.365983,29.995223],[-89.365971,29.995179],[-89.365971,29.995133],[-89.365984,29.995088],[-89.366008,29.99505],[-89.366042,29.995018],[-89.366082,29.994998],[-89.366129,29.994989],[-89.366179,29.994989],[-89.366223,29.995006],[-89.366262,29.995031],[-89.366289,29.995066],[-89.366302,29.995105],[-89.366301,29.995147],[-89.366285,29.995188],[-89.366259,29.995224],[-89.366221,29.995253],[-89.366179,29.995272],[-89.366131,29.99528],[-89.366086,29.995277],[-89.366045,29.995263],[-89.366011,29.995239],[-89.365984,29.995207],[-89.365969,29.995166],[-89.365965,29.995127],[-89.365977,29.99509],[-89.366,29.995055],[-89.366034,29.995026],[-89.366077,29.995012],[-89.366123,29.995007],[-89.366171,29.995015],[-89.366217,29.995037],[-89.366254,29.995063],[-89.366279,29.995099],[-89.366294,29.99514],[-89.366292,29.995183],[-89.366277,29.995225],[-89.366253,29.99526],[-89.366216,29.995289],[-89.366171,29.99531],[-89.366127,29.995318],[-89.366079,29.995317],[-89.366039,29.995304],[-89.365999,29.995281],[-89.365963,29.995253],[-89.365938,29.995217],[-89.365923,29.995172],[-89.365917,29.995125],[-89.365922,29.995077],[-89.365934,29.995031],[-89.365957,29.994986],[-89.365988,29.994946],[-89.366027,29.994912],[-89.366073,29.994885],[-89.366124,29.994867],[-89.366178,29.994862],[-89.366233,29.994867],[-89.366284,29.994885],[-89.366325,29.994912],[-89.366359,29.994947],[-89.366376,29.994988],[-89.366384,29.995034],[-89.366379,29.99508],[-89.366364,29.995125],[-89.366335,29.995167],[-89.366297,29.995207],[-89.366252,29.995238],[-89.366204,29.995261],[-89.366152,29.995275],[-89.366093,29.995282],[-89.366039,29.995282],[-89.365991,29.995268],[-89.365948,29.995244],[-89.365913,29.995212],[-89.365888,29.995172],[-89.365872,29.99513],[-89.365869,29.995085],[-89.365879,29.99504],[-89.365898,29.994997],[-89.365928,29.994963],[-89.365969,29.994937],[-89.366021,29.99492],[-89.366075,29.994915],[-89.366132,29.99492],[-89.366185,29.994938],[-89.366231,29.994967],[-89.366269,29.994997],[-89.366293,29.99504],[-89.366307,29.995084],[-89.36631,29.995131],[-89.366299,29.995174],[-89.366275,29.995217],[-89.366244,29.995255],[-89.366204,29.995282],[-89.366155,29.995301],[-89.366104,29.995309],[-89.36605,29.99531],[-89.366003,29.995301],[-89.365956,29.995282],[-89.365915,29.995254],[-89.365883,29.995217],[-89.365862,29.995176],[-89.365852,29.995129],[-89.365849,29.995081],[-89.365862,29.995039],[-89.365886,29.994999],[-89.36592,29.994965],[-89.365962,29.994942],[-89.36601,29.994929],[-89.366064,29.994925],[-89.366121,29.994935],[-89.366174,29.994951],[-89.366221,29.994981],[-89.366258,29.995017],[-89.366281,29.995059],[-89.366295,29.995107],[-89.366299,29.995156],[-89.366293,29.995205],[-89.366273,29.995252],[-89.366243,29.995296],[-89.366205,29.995333],[-89.366162,29.995358],[-89.366117,29.995372],[-89.366073,29.995373],[-89.366029,29.995364],[-89.365992,29.995343],[-89.36596,29.995312],[-89.365934,29.995273],[-89.365916,29.99523],[-89.365905,29.995183],[-89.365899,29.995136],[-89.365907,29.995089],[-89.365926,29.995043],[-89.365954,29.994999],[-89.365989,29.994961],[-89.366028,29.994931],[-89.366076,29.994913],[-89.366132,29.994901],[-89.366186,29.994904],[-89.366236,29.99492],[-89.366285,29.994944],[-89.366324,29.994976],[-89.36635,29.995017],[-89.366364,29.995062],[-89.366365,29.995112],[-89.366357,29.995157],[-89.366333,29.995202],[-89.366304,29.995236],[-89.366265,29.99526],[-89.36622,29.995275],[-89.36617,29.995282],[-89.366127,29.995273],[-89.366081,29.995254],[-89.366039,29.995226],[-89.365999,29.995193],[-89.365969,29.995154],[-89.365944,29.995115],[-89.365933,29.995071],[-89.365938,29.995029],[-89.365955,29.994989],[-89.365983,29.994957],[-89.366021,29.994931],[-89.366064,29.994918],[-89.366109,29.994917],[-89.366154,29.99493],[-89.366194,29.994955],[-89.366229,29.994989],[-89.36625,29.995031],[-89.366255,29.995077],[-89.366247,29.995121],[-89.366227,29.995158],[-89.366195,29.995192],[-89.366152,29.995218],[-89.366104,29.995232],[-89.366057,29.995234],[-89.366012,29.995226],[-89.365969,29.995208],[-89.365933,29.995183],[-89.365908,29.99515],[-89.365895,29.995112],[-89.365896,29.995073],[-89.36591,29.995037],[-89.365937,29.995006],[-89.36598,29.994984],[-89.366029,29.99497],[-89.366085,29.994965],[-89.366141,29.994974],[-89.366188,29.994992],[-89.366231,29.995017],[-89.366261,29.995052],[-89.366275,29.995093],[-89.366281,29.995139],[-89.366274,29.995182],[-89.366253,29.995219],[-89.366221,29.995253],[-89.366179,29.995274],[-89.366133,29.995288],[-89.366086,29.995287],[-89.366038,29.995278],[-89.365996,29.995257],[-89.365966,29.995231],[-89.365945,29.995195],[-89.365934,29.995155],[-89.365937,29.995116],[-89.365956,29.995078],[-89.365987,29.995039],[-89.366028,29.995012],[-89.366078,29.994995],[-89.366132,29.99499],[-89.366185,29.994996],[-89.366235,29.995014],[-89.366276,29.995042],[-89.366308,29.995078],[-89.36633,29.995123],[-89.366338,29.995167],[-89.366331,29.995214],[-89.366312,29.995251],[-89.366281,29.995288],[-89.36624,29.995316],[-89.366194,29.995331],[-89.366146,29.995337],[-89.366096,29.995329],[-89.366042,29.995318],[-89.365995,29.995294],[-89.365954,29.995264],[-89.365919,29.995229],[-89.365888,29.995185],[-89.365871,29.99514],[-89.365861,29.995094],[-89.365868,29.995049],[-89.365885,29.995006],[-89.365915,29.994967],[-89.365954,29.99493],[-89.366004,29.994904],[-89.366058,29.994884],[-89.366112,29.994875],[-89.366164,29.994884],[-89.366212,29.994903],[-89.366252,29.994931],[-89.366283,29.994967],[-89.366302,29.995013],[-89.366305,29.99506],[-89.366298,29.995104],[-89.366281,29.995148],[-89.366253,29.995185],[-89.366213,29.995218],[-89.366164,29.995241],[-89.366113,29.995253],[-89.366061,29.995253],[-89.366011,29.995245],[-89.365963,29.995227],[-89.36592,29.995201],[-89.365887,29.995168],[-89.365862,29.99513],[-89.365848,29.995088],[-89.365844,29.995043],[-89.365856,29.994999],[-89.365881,29.994958],[-89.365914,29.994923],[-89.365961,29.9949],[-89.366014,29.994885],[-89.366072,29.994882],[-89.366126,29.994891],[-89.36618,29.99491],[-89.366227,29.994936],[-89.366266,29.994972],[-89.366293,29.995016],[-89.366307,29.995063],[-89.366312,29.995113],[-89.366303,29.995163],[-89.366281,29.995205],[-89.366251,29.995241],[-89.366212,29.995267],[-89.366168,29.995281],[-89.366124,29.995285],[-89.366081,29.995273],[-89.366042,29.99525],[-89.366008,29.995221],[-89.365979,29.995185],[-89.365958,29.995144],[-89.365951,29.9951],[-89.365953,29.995053],[-89.365966,29.995006],[-89.365993,29.994966],[-89.366027,29.994935],[-89.366068,29.994916],[-89.366115,29.994909],[-89.366163,29.994913],[-89.36621,29.99493],[-89.366251,29.994957],[-89.366282,29.994992],[-89.366297,29.995039],[-89.366297,29.995085],[-89.366288,29.995127],[-89.366264,29.995166],[-89.366229,29.995187],[-89.366187,29.995209],[-89.366136,29.995226],[-89.366091,29.995231],[-89.366046,29.995222],[-89.366002,29.995203],[-89.36597,29.995174],[-89.365949,29.995139],[-89.365935,29.995101],[-89.365933,29.995062],[-89.365944,29.995019],[-89.365964,29.994985],[-89.365998,29.994956],[-89.366041,29.99494],[-89.36609,29.994927],[-89.366142,29.994928],[-89.366194,29.994945],[-89.366245,29.994971],[-89.366283,29.995005],[-89.366314,29.995042],[-89.366331,29.995093],[-89.366338,29.995144],[-89.366331,29.995191],[-89.366311,29.995232],[-89.366286,29.995268],[-89.366249,29.995293],[-89.366204,29.995312],[-89.366158,29.995321],[-89.366109,29.995319],[-89.366062,29.995305],[-89.366023,29.995281],[-89.365989,29.995246],[-89.36596,29.995208],[-89.365933,29.995166],[-89.365918,29.995121],[-89.365912,29.995077],[-89.365917,29.995029],[-89.365935,29.994988],[-89.365963,29.994952],[-89.366001,29.994926],[-89.36605,29.994905],[-89.366103,29.994895],[-89.366154,29.994904],[-89.366203,29.994918],[-89.36625,29.994948],[-89.366293,29.994985],[-89.366322,29.995022],[-89.366342,29.99507],[-89.36635,29.995115],[-89.366345,29.995156],[-89.366322,29.995198],[-89.36629,29.995232],[-89.366249,29.99526],[-89.366201,29.995278],[-89.366153,29.995289],[-89.366102,29.99529],[-89.366051,29.995282],[-89.365999,29.995263],[-89.365956,29.995236],[-89.365922,29.995196],[-89.365891,29.995157],[-89.365873,29.995115],[-89.365868,29.995071],[-89.365877,29.995027],[-89.365895,29.99499],[-89.365931,29.994957],[-89.365973,29.994934],[-89.366021,29.99492],[-89.366076,29.994914],[-89.36613,29.994918],[-89.366185,29.994935],[-89.366239,29.994959],[-89.366283,29.994994],[-89.366318,29.995029],[-89.36634,29.995075],[-89.366348,29.995122],[-89.36634,29.995166],[-89.366323,29.995203],[-89.36629,29.995234],[-89.366251,29.995254],[-89.366205,29.99527],[-89.366158,29.995275],[-89.366113,29.995267],[-89.366061,29.995248],[-89.366012,29.995225],[-89.365975,29.995191],[-89.365948,29.995153],[-89.365927,29.995107],[-89.365921,29.995059],[-89.365922,29.995016],[-89.365934,29.994969],[-89.365952,29.994926],[-89.365985,29.994889],[-89.366026,29.994854],[-89.366069,29.99483],[-89.366117,29.994824],[-89.366165,29.994824],[-89.36621,29.99484],[-89.366246,29.994867],[-89.366269,29.994903],[-89.366279,29.994943],[-89.366277,29.994987],[-89.366264,29.995031],[-89.366242,29.995077],[-89.366208,29.995116],[-89.366173,29.995153],[-89.366131,29.995186],[-89.366086,29.995207],[-89.366041,29.995214],[-89.365998,29.995213],[-89.365962,29.995201],[-89.365934,29.995174],[-89.365912,29.995143],[-89.365905,29.995107],[-89.365912,29.995071],[-89.365928,29.995037],[-89.365954,29.995002],[-89.365992,29.994975],[-89.366041,29.994959],[-89.366099,29.994954],[-89.366153,29.994963],[-89.366207,29.99498],[-89.366257,29.995004],[-89.366298,29.995038],[-89.366325,29.995074],[-89.366344,29.995117],[-89.366343,29.995156],[-89.366329,29.995192],[-89.366303,29.995223],[-89.366265,29.995245],[-89.366219,29.995259],[-89.366171,29.99527],[-89.366124,29.995267],[-89.366073,29.995253],[-89.366022,29.995235],[-89.365983,29.995207],[-89.365953,29.995172],[-89.365931,29.995135],[-89.365921,29.995096],[-89.365922,29.995054],[-89.365935,29.995012],[-89.365959,29.994983],[-89.365999,29.994955],[-89.366046,29.994937],[-89.366096,29.994932],[-89.366149,29.99494],[-89.366197,29.994958],[-89.366244,29.994983],[-89.366284,29.995017],[-89.366313,29.995059],[-89.366324,29.995103],[-89.366321,29.995143],[-89.366307,29.995182],[-89.366278,29.995212],[-89.36624,29.995235],[-89.366194,29.995253],[-89.366148,29.995265],[-89.366104,29.99526],[-89.366056,29.995247],[-89.366016,29.995218],[-89.365987,29.995185],[-89.365967,29.995148],[-89.365958,29.995107],[-89.365962,29.995065],[-89.365977,29.995025],[-89.366,29.994991],[-89.366042,29.994966],[-89.36609,29.994951],[-89.366139,29.994946],[-89.36619,29.994956],[-89.366236,29.994973],[-89.366279,29.995002],[-89.366314,29.995036],[-89.366338,29.995078],[-89.36635,29.995127],[-89.366349,29.995175],[-89.366336,29.995219],[-89.366314,29.995261],[-89.366279,29.995294],[-89.366237,29.995317],[-89.36619,29.995336],[-89.366137,29.995343],[-89.366083,29.995337],[-89.36603,29.995323],[-89.365985,29.995303],[-89.365951,29.995273],[-89.365923,29.995239],[-89.365899,29.995197],[-89.365883,29.995156],[-89.365879,29.995114],[-89.365886,29.995076],[-89.365912,29.995041],[-89.36595,29.995017],[-89.365994,29.995],[-89.366045,29.994996],[-89.366093,29.995005],[-89.366139,29.995022],[-89.366181,29.995051],[-89.366215,29.995084],[-89.366237,29.995123],[-89.366248,29.995163],[-89.366243,29.995201],[-89.366223,29.995233],[-89.36619,29.995265],[-89.366148,29.995287],[-89.366115,29.995302],[-89.366073,29.995314],[-89.366037,29.99532],[-89.366006,29.99533],[-89.365972,29.995334]]]}},{"type":"Feature","properties":{"d":"2025-06-16","material":"Limestone"},"geometry":{"type":"MultiLineString","coordinates":[[[-89.36599,29.993377],[-89.365716,29.993427],[-89.365723,29.993392],[-89.36574,29.99335],[-89.365768,29.993315],[-89.365806,29.993284],[-89.365852,29.993262],[-89.365902,29.993248],[-89.365954,29.993249],[-89.366001,29.993261],[-89.366042,29.993286],[-89.366073,29.993321],[-89.36609,29.993361],[-89.366091,29.993405],[-89.366083,29.993448],[-89.366061,29.993483],[-89.366027,29.993511],[-89.365986,29.993534],[-89.365942,29.993546],[-89.365895,29.993547],[-89.365851,29.993535],[-89.365811,29.993511],[-89.365781,29.993479],[-89.365761,29.993443],[-89.365751,29.993401],[-89.365747,29.993361],[-89.365754,29.993322],[-89.365777,29.99328],[-89.365809,29.993248],[-89.365855,29.993226],[-89.365903,29.993219],[-89.365948,29.993224],[-89.36599,29.993241],[-89.366026,29.99327],[-89.366049,29.993307],[-89.366064,29.993349],[-89.366063,29.993393],[-89.366047,29.993433],[-89.366018,29.993469],[-89.36598,29.993497],[-89.365935,29.993514],[-89.365891,29.99352],[-89.365846,29.993514],[-89.365805,29.993498],[-89.365768,29.993473],[-89.36574,29.993441],[-89.365723,29.993408],[-89.36572,29.993372],[-89.365732,29.993333],[-89.365754,29.993292],[-89.365789,29.993255],[-89.365827,29.993229],[-89.365873,29.993213],[-89.365921,29.993213],[-89.365971,29.993219],[-89.366015,29.993243],[-89.366044,29.993275],[-89.366065,29.993317],[-89.366074,29.993362],[-89.366068,29.993406],[-89.366051,29.993448],[-89.366025,29.993479],[-89.365986,29.993506],[-89.365943,29.993519],[-89.365896,29.993524],[-89.365851,29.993518],[-89.36581,29.9935],[-89.365775,29.99347],[-89.365748,29.993433],[-89.36573,29.993392],[-89.365719,29.99335],[-89.365712,29.993305],[-89.365714,29.993263],[-89.365731,29.993224],[-89.365765,29.99319],[-89.365806,29.993172],[-89.36585,29.993164],[-89.365895,29.993169],[-89.365937,29.993184],[-89.365975,29.993211],[-89.365996,29.993246],[-89.366008,29.993291],[-89.36601,29.993334],[-89.365998,29.993376],[-89.365979,29.993412],[-89.365947,29.993444],[-89.365902,29.993466],[-89.365861,29.993474],[-89.365817,29.99347],[-89.365779,29.993452],[-89.365748,29.993428],[-89.365723,29.993395],[-89.365709,29.993362],[-89.365708,29.993326],[-89.365719,29.993289],[-89.365747,29.993256],[-89.365785,29.993229],[-89.365831,29.993207],[-89.365876,29.993192],[-89.365914,29.99319],[-89.36595,29.993199],[-89.365992,29.993222],[-89.366019,29.993267],[-89.366022,29.993295],[-89.366011,29.993342],[-89.365993,29.993377],[-89.365967,29.993402],[-89.365945,29.993421],[-89.365914,29.993443],[-89.365886,29.993462],[-89.365846,29.993476],[-89.365807,29.993478]]]}},{"type":"Feature","properties":{"d":"2025-06-16","material":"Limestone"},"geometry":{"type":"MultiLineString","coordinates":[[[-89.361735,29.994934],[-89.361994,29.994877],[-89.362015,29.994902],[-89.362024,29.994933],[-89.362023,29.994962],[-89.362017,29.994989],[-89.361999,29.995024],[-89.361981,29.99505],[-89.361953,29.995065],[-89.361912,29.995069],[-89.36187,29.995062],[-89.361841,29.995039],[-89.361826,29.99501],[-89.36182,29.994979],[-89.361822,29.994945],[-89.36183,29.994911],[-89.361847,29.994883],[-89.361873,29.994855],[-89.361908,29.994835],[-89.361944,29.994824],[-89.36198,29.99482],[-89.362019,29.994819],[-89.362057,29.99483],[-89.36209,29.994851],[-89.362116,29.994878],[-89.362136,29.994909],[-89.36215,29.994939],[-89.362153,29.994973],[-89.362145,29.995009],[-89.362128,29.995041],[-89.362107,29.995067],[-89.362077,29.99509],[-89.362043,29.995108],[-89.362005,29.995117],[-89.361967,29.99512],[-89.361924,29.995115],[-89.361886,29.995104],[-89.361851,29.995086],[-89.361819,29.995064],[-89.361796,29.995038],[-89.361783,29.995005],[-89.361782,29.994971],[-89.361786,29.994938],[-89.361797,29.994901],[-89.361816,29.994869],[-89.361845,29.994839],[-89.361875,29.994816],[-89.361908,29.994805],[-89.361948,29.994806],[-89.361984,29.994812],[-89.362024,29.994823],[-89.36206,29.994843],[-89.362089,29.99487],[-89.362111,29.994901],[-89.362123,29.994936],[-89.362126,29.994974],[-89.362125,29.995015],[-89.362111,29.995049],[-89.362092,29.99508],[-89.362062,29.995109],[-89.362031,29.995131],[-89.36199,29.99515],[-89.36195,29.99516],[-89.361904,29.995165],[-89.361863,29.995162],[-89.36182,29.99515],[-89.361783,29.995136],[-89.361756,29.995114],[-89.361731,29.995085],[-89.361715,29.995051],[-89.361706,29.995018],[-89.361698,29.994983],[-89.361699,29.994946],[-89.361714,29.994912],[-89.361735,29.994881],[-89.361767,29.994862],[-89.361799,29.994843],[-89.361838,29.994834],[-89.361884,29.994825],[-89.361927,29.994828],[-89.36197,29.994838],[-89.362018,29.994856],[-89.362063,29.994872],[-89.362096,29.994892],[-89.362117,29.994918],[-89.362133,29.994952],[-89.362142,29.994988],[-89.362143,29.995022],[-89.362135,29.995057],[-89.362114,29.995086],[-89.362088,29.995117],[-89.362058,29.995137],[-89.36202,29.99515],[-89.361983,29.995155],[-89.361942,29.995151],[-89.361901,29.995142],[-89.361867,29.995125],[-89.361839,29.995104],[-89.361814,29.995077],[-89.361794,29.995045],[-89.361782,29.995009],[-89.361778,29.994974],[-89.361778,29.994938],[-89.361786,29.994903],[-89.361808,29.99487],[-89.36183,29.99484],[-89.361859,29.994814],[-89.361892,29.994793],[-89.361932,29.994773],[-89.361974,29.994769],[-89.362015,29.994765],[-89.362055,29.994772],[-89.362094,29.994784],[-89.362129,29.994805],[-89.362161,29.994829],[-89.362191,29.99486],[-89.362209,29.994892],[-89.362217,29.994926],[-89.362219,29.994964],[-89.362217,29.995],[-89.362199,29.995035],[-89.362175,29.995066],[-89.362144,29.995091],[-89.362109,29.995116],[-89.362069,29.995131],[-89.362019,29.99514],[-89.361973,29.995145],[-89.361925,29.995143],[-89.361879,29.995137],[-89.361834,29.995124],[-89.361794,29.995108],[-89.361755,29.995085],[-89.361724,29.995059],[-89.361696,29.995028],[-89.361678,29.994993],[-89.361664,29.994955],[-89.361655,29.994913],[-89.361653,29.994875],[-89.361659,29.99484],[-89.361676,29.994805],[-89.3617,29.994774],[-89.361729,29.994745],[-89.361763,29.994716],[-89.361805,29.994702],[-89.36185,29.994691],[-89.361892,29.994686],[-89.361936,29.994691],[-89.361978,29.994706],[-89.362021,29.994727],[-89.362059,29.994755],[-89.362091,29.994788],[-89.362114,29.994823],[-89.362132,29.994864],[-89.362145,29.994904],[-89.36215,29.994945],[-89.362152,29.994984],[-89.362139,29.995021],[-89.362117,29.995053],[-89.36209,29.995079],[-89.362058,29.995098],[-89.362017,29.995113],[-89.361978,29.995117],[-89.361939,29.995114],[-89.361896,29.995107],[-89.361854,29.995092],[-89.36182,29.995069],[-89.361792,29.995046],[-89.36177,29.995017],[-89.361752,29.994982],[-89.361741,29.994943],[-89.361736,29.994907],[-89.361737,29.994872],[-89.361747,29.994835],[-89.36177,29.994803],[-89.361797,29.994775],[-89.361829,29.99475],[-89.361861,29.99473],[-89.361902,29.994719],[-89.361949,29.994713],[-89.361994,29.994715],[-89.362034,29.994728],[-89.362072,29.994741],[-89.362106,29.994764],[-89.362139,29.994791],[-89.36216,29.994825],[-89.362176,29.994861],[-89.362181,29.994896],[-89.36218,29.994938],[-89.36217,29.994974],[-89.362153,29.995009],[-89.36213,29.995038],[-89.362098,29.995063],[-89.362063,29.995084],[-89.362023,29.995097],[-89.361979,29.995103],[-89.361938,29.995103],[-89.361898,29.995098],[-89.361857,29.995087],[-89.361821,29.995069],[-89.361788,29.995047],[-89.361766,29.995019],[-89.361747,29.994987],[-89.361734,29.994952],[-89.361728,29.994917],[-89.361728,29.99488],[-89.361738,29.994844],[-89.361756,29.994811],[-89.361785,29.994779],[-89.361816,29.994759],[-89.361854,29.994743],[-89.361898,29.994734],[-89.361935,29.994734],[-89.361975,29.994738],[-89.362012,29.994754],[-89.362049,29.994775],[-89.362083,29.994803],[-89.36211,29.994839],[-89.362121,29.994868],[-89.362128,29.994903],[-89.362123,29.994938],[-89.36211,29.994973],[-89.362091,29.995007],[-89.362064,29.995036],[-89.36203,29.99506],[-89.361992,29.995078],[-89.36195,29.995087],[-89.361905,29.995089],[-89.361863,29.995084],[-89.361822,29.995076],[-89.361785,29.99506],[-89.361751,29.995039],[-89.361725,29.995013],[-89.361707,29.99498],[-89.361691,29.994946],[-89.361686,29.994911],[-89.361687,29.994875],[-89.361697,29.994839],[-89.361714,29.994808],[-89.361739,29.99478],[-89.361773,29.994757],[-89.361812,29.994741],[-89.361855,29.994731],[-89.361894,29.994729],[-89.361933,29.994736],[-89.361974,29.994752],[-89.362014,29.994772],[-89.362046,29.994798],[-89.36207,29.994829],[-89.362079,29.994859],[-89.362086,29.994896],[-89.362085,29.99493],[-89.362075,29.994964],[-89.362056,29.994993],[-89.362029,29.995022],[-89.361996,29.99504],[-89.361956,29.99505],[-89.361922,29.995053],[-89.361887,29.995048],[-89.361858,29.995036],[-89.361832,29.995018],[-89.361815,29.994995],[-89.361802,29.994967],[-89.361799,29.994937],[-89.361805,29.994908],[-89.36182,29.994881],[-89.361841,29.994859],[-89.361866,29.994842],[-89.361902,29.994834],[-89.36194,29.994827],[-89.361977,29.994826],[-89.362012,29.994827],[-89.362044,29.99484],[-89.362077,29.994859],[-89.362099,29.994885],[-89.362124,29.994913],[-89.362138,29.994943],[-89.362143,29.994977],[-89.362141,29.99501],[-89.36213,29.995041],[-89.362116,29.995069],[-89.3621,29.9951],[-89.362088,29.995127],[-89.362064,29.995151],[-89.362041,29.995172]]]}},{"type":"Feature","properties":{"d":"2025-06-16","material":"Limestone"},"geometry":{"type":"MultiLineString","coordinates":[[[-89.366039,29.993569],[-89.366241,29.993815],[-89.366228,29.993848],[-89.36621,29.993876],[-89.36619,29.993902],[-89.366162,29.993923],[-89.366127,29.993935],[-89.36609,29.993943],[-89.366053,29.993941],[-89.366017,29.99393],[-89.36598,29.993912],[-89.365957,29.993889],[-89.365939,29.99386],[-89.365927,29.993827],[-89.365927,29.993791],[-89.365936,29.993759],[-89.365952,29.993729],[-89.365979,29.993706],[-89.366014,29.993689],[-89.366055,29.993679],[-89.366095,29.993677],[-89.366136,29.993689],[-89.366176,29.993704],[-89.366207,29.993725],[-89.366228,29.993753],[-89.366238,29.993783],[-89.366244,29.993815],[-89.366237,29.993851],[-89.366217,29.993884],[-89.366194,29.99391],[-89.36617,29.993931],[-89.366139,29.993946],[-89.366104,29.993957],[-89.366067,29.993953],[-89.366033,29.993945],[-89.366,29.993927],[-89.365972,29.993903],[-89.36595,29.993872],[-89.365935,29.993838],[-89.365937,29.993809],[-89.365942,29.993779],[-89.365959,29.993749],[-89.365988,29.993727],[-89.366025,29.993707],[-89.366068,29.993698],[-89.36611,29.99369],[-89.366151,29.993691],[-89.366195,29.993703],[-89.366229,29.993725],[-89.366254,29.993746],[-89.366274,29.993776],[-89.366283,29.99381],[-89.366286,29.993841],[-89.366282,29.993873],[-89.366267,29.993905],[-89.366243,29.993936],[-89.366219,29.993962],[-89.366183,29.993982],[-89.366142,29.993992],[-89.366105,29.993999],[-89.366066,29.993994],[-89.366029,29.993984],[-89.365996,29.993967],[-89.36597,29.993943],[-89.365951,29.99391],[-89.365938,29.993877],[-89.365933,29.99384],[-89.365938,29.993803],[-89.365953,29.993767],[-89.365965,29.993734],[-89.365987,29.993709],[-89.366023,29.993692],[-89.36606,29.993675],[-89.366108,29.993666],[-89.366154,29.993669],[-89.366196,29.993673],[-89.366238,29.99369],[-89.366276,29.99371],[-89.366302,29.993734],[-89.366324,29.993764],[-89.366338,29.993797],[-89.366344,29.993834],[-89.366341,29.993871],[-89.366337,29.993907],[-89.366319,29.993943],[-89.366293,29.993975],[-89.366263,29.994006],[-89.366225,29.994026],[-89.36618,29.994039],[-89.366138,29.99405],[-89.366092,29.994045],[-89.366048,29.994034],[-89.366009,29.99402],[-89.365975,29.993997],[-89.365945,29.99397],[-89.365918,29.993937],[-89.365897,29.9939],[-89.365884,29.993861],[-89.36588,29.993821],[-89.365889,29.993783],[-89.365901,29.993745],[-89.365918,29.993709],[-89.365938,29.993677],[-89.36597,29.993651],[-89.366009,29.993631],[-89.366048,29.993616],[-89.366098,29.993604],[-89.366145,29.993601],[-89.366198,29.993604],[-89.366241,29.993612],[-89.366288,29.993629],[-89.366331,29.993649],[-89.366365,29.993673],[-89.366391,29.993705],[-89.36641,29.993743],[-89.366423,29.993785],[-89.366431,29.993822],[-89.366432,29.993863],[-89.366426,29.993904],[-89.366408,29.993939],[-89.366384,29.993975],[-89.366353,29.994004],[-89.36632,29.994029],[-89.366282,29.994045],[-89.366235,29.994059],[-89.366192,29.994066],[-89.36615,29.994064],[-89.366108,29.994053],[-89.366064,29.994037],[-89.366024,29.994019],[-89.365988,29.993994],[-89.365961,29.993968],[-89.36594,29.993938],[-89.365926,29.993898],[-89.365915,29.993858],[-89.365911,29.99382],[-89.365917,29.993784],[-89.365931,29.993747],[-89.365946,29.993712],[-89.365968,29.993682],[-89.365998,29.993656],[-89.366033,29.993639],[-89.366078,29.993627],[-89.366123,29.993625],[-89.36617,29.993629],[-89.366213,29.993638],[-89.366251,29.993655],[-89.366283,29.993684],[-89.366306,29.993714],[-89.366325,29.993748],[-89.366335,29.993791],[-89.366342,29.993828],[-89.366338,29.99387],[-89.366326,29.993908],[-89.366311,29.993941],[-89.366282,29.993971],[-89.366249,29.993997],[-89.366214,29.994016],[-89.36617,29.994032],[-89.366124,29.994042],[-89.366079,29.994046],[-89.366036,29.994042],[-89.365994,29.99403],[-89.365955,29.994012],[-89.365921,29.993989],[-89.365898,29.993964],[-89.365876,29.993928],[-89.365868,29.993893],[-89.365866,29.993855],[-89.365867,29.993816],[-89.365881,29.993781],[-89.365902,29.993749],[-89.365927,29.993718],[-89.36596,29.993695],[-89.365998,29.993678],[-89.366038,29.993669],[-89.366085,29.99367],[-89.366131,29.993677],[-89.366171,29.993689],[-89.366211,29.993708],[-89.366242,29.99374],[-89.366266,29.993771],[-89.366282,29.993807],[-89.366289,29.99384],[-89.366291,29.993876],[-89.366284,29.993909],[-89.366267,29.993942],[-89.36624,29.993972],[-89.366208,29.993992],[-89.366173,29.994007],[-89.366137,29.994012],[-89.366101,29.994007],[-89.366062,29.993994],[-89.366025,29.993976],[-89.365997,29.993953],[-89.365976,29.993925],[-89.365964,29.993893],[-89.365958,29.993866],[-89.365962,29.993829],[-89.365973,29.993795],[-89.365993,29.993765],[-89.366021,29.993744],[-89.366058,29.99373],[-89.366096,29.993719],[-89.36614,29.993719],[-89.366182,29.993725],[-89.36622,29.993742],[-89.366255,29.993763],[-89.366279,29.993788],[-89.366295,29.993818],[-89.366306,29.993852],[-89.366306,29.993892],[-89.366295,29.993932],[-89.36628,29.993966],[-89.36626,29.993997],[-89.366233,29.994022],[-89.366202,29.99404],[-89.366163,29.994056],[-89.36612,29.994057],[-89.366078,29.994051],[-89.366036,29.994039],[-89.365997,29.994022],[-89.365966,29.993998],[-89.365943,29.993972],[-89.365923,29.993938],[-89.365911,29.993901],[-89.365902,29.993863],[-89.365904,29.993823],[-89.365912,29.993784],[-89.365926,29.993747],[-89.36595,29.993716],[-89.36598,29.993694],[-89.366017,29.993679],[-89.36606,29.993668],[-89.366109,29.993664],[-89.366151,29.993672],[-89.366195,29.993686],[-89.366232,29.993705],[-89.366268,29.993729],[-89.36629,29.993758],[-89.366307,29.993797],[-89.366311,29.993831],[-89.366312,29.993867],[-89.366306,29.993907],[-89.36629,29.993944],[-89.366271,29.993969],[-89.366243,29.993993],[-89.366209,29.994008],[-89.366169,29.994017],[-89.366131,29.994016],[-89.36609,29.994008],[-89.366055,29.993992],[-89.36603,29.993972],[-89.366009,29.993947],[-89.365994,29.993921],[-89.365983,29.993889],[-89.365975,29.993862],[-89.365968,29.993835],[-89.365981,29.993805]]]}},{"type":"Feature","properties":{"d":"2025-06-16","material":"Limestone"},"geometry":{"type":"MultiLineString","coordinates":[[[-89.366273,29.994485],[-89.366298,29.994115],[-89.366333,29.994088],[-89.366368,29.994065],[-89.36641,29.994043],[-89.366441,29.994032],[-89.366475,29.994029],[-89.366511,29.994038],[-89.366544,29.994056],[-89.366571,29.994075],[-89.366592,29.994097],[-89.366616,29.994128],[-89.366633,29.994156],[-89.366656,29.994177],[-89.366681,29.99416],[-89.366677,29.994187],[-89.366659,29.994216],[-89.366623,29.994243],[-89.366581,29.994266],[-89.366535,29.99428],[-89.366485,29.99428],[-89.366444,29.994269],[-89.366409,29.994253],[-89.366381,29.994234],[-89.366357,29.994213],[-89.366328,29.994183],[-89.366315,29.994151],[-89.366315,29.994115],[-89.366328,29.994081],[-89.366351,29.994054],[-89.366387,29.994029],[-89.366425,29.994017],[-89.366461,29.99401],[-89.366493,29.99401],[-89.366525,29.994014],[-89.366545,29.994038],[-89.366553,29.994069],[-89.366547,29.994107],[-89.366538,29.99415],[-89.366518,29.994191],[-89.366493,29.994219],[-89.366461,29.994245],[-89.366425,29.994261],[-89.366392,29.994273],[-89.366357,29.994279],[-89.36632,29.994272],[-89.36629,29.99426],[-89.36626,29.994248],[-89.366228,29.994231],[-89.366197,29.99421],[-89.366179,29.994185],[-89.366163,29.99416]]]}},{"type":"Feature","properties":{"d":"2025-06-16","material":"Limestone"},"geometry":{"type":"MultiLineString","coordinates":[[[-89.366181,29.99425],[-89.366294,29.994315],[-89.366328,29.994327],[-89.366361,29.994348],[-89.366395,29.994377],[-89.366421,29.99442],[-89.366423,29.994448],[-89.36642,29.994478],[-89.366409,29.994506],[-89.366391,29.994533],[-89.366369,29.994554],[-89.366342,29.994573],[-89.366312,29.994586],[-89.366276,29.994592],[-89.366233,29.994589],[-89.36619,29.994577],[-89.366151,29.994555],[-89.366118,29.994524],[-89.366094,29.994487],[-89.366083,29.994455],[-89.366077,29.994408],[-89.366082,29.994377],[-89.366085,29.994347],[-89.366095,29.994315],[-89.366115,29.99429],[-89.366075,29.994315],[-89.366049,29.994335],[-89.366025,29.994353],[-89.366006,29.994375]]]}},{"type":"Feature","properties":{"d":"2025-06-17","material":"Limestone"},"geometry":{"type":"MultiLineString","coordinates":[[[-89.366671,29.994854],[-89.366745,29.994594],[-89.366779,29.994617],[-89.366807,29.994644],[-89.366831,29.994676],[-89.366849,29.994707],[-89.366862,29.994738],[-89.366869,29.994773],[-89.366869,29.994801],[-89.36686,29.994831],[-89.366838,29.994867],[-89.366803,29.99489],[-89.366766,29.994902],[-89.366723,29.994904],[-89.366681,29.994894],[-89.366646,29.994872],[-89.366611,29.994843],[-89.366588,29.99482],[-89.366565,29.994791],[-89.366542,29.994762],[-89.366523,29.994738],[-89.366512,29.9947],[-89.36652,29.994662],[-89.366542,29.994629],[-89.366575,29.994602],[-89.366614,29.994589],[-89.366646,29.994591],[-89.36668,29.994599],[-89.366715,29.994612],[-89.366746,29.994631],[-89.366772,29.994653],[-89.366795,29.994678],[-89.366809,29.994705],[-89.366815,29.994734],[-89.366818,29.994765],[-89.366811,29.994797],[-89.366801,29.994829],[-89.366786,29.994856],[-89.366765,29.994879],[-89.366736,29.994896],[-89.366706,29.994909],[-89.36667,29.99492],[-89.366623,29.994922],[-89.366592,29.994917],[-89.36655,29.9949],[-89.366521,29.994873],[-89.366503,29.994849],[-89.366484,29.994822],[-89.366469,29.994793],[-89.366461,29.994764],[-89.366458,29.994731],[-89.366458,29.994698],[-89.366461,29.994663],[-89.366468,29.99463],[-89.366478,29.9946],[-89.366496,29.994571],[-89.366515,29.994546],[-89.366541,29.994523],[-89.366572,29.994509],[-89.366604,29.994496],[-89.366638,29.994489],[-89.366675,29.994493],[-89.366714,29.994504],[-89.366749,29.99452],[-89.366777,29.994539],[-89.366801,29.994564],[-89.366821,29.994592],[-89.366839,29.994622],[-89.366844,29.994653],[-89.366844,29.994687],[-89.366841,29.994719],[-89.366829,29.994748],[-89.366815,29.994776],[-89.366792,29.994798],[-89.366764,29.994817],[-89.366735,29.994832],[-89.366701,29.994842],[-89.366669,29.994847],[-89.366636,29.994844],[-89.366605,29.994838],[-89.366575,29.994829],[-89.366539,29.994809],[-89.366516,29.994791],[-89.366496,29.994766],[-89.366478,29.994741],[-89.366465,29.994714],[-89.366456,29.994685],[-89.366455,29.994658],[-89.366462,29.994631],[-89.366474,29.994606],[-89.3665,29.994571],[-89.366527,29.994553],[-89.366554,29.994539],[-89.366585,29.99453],[-89.366618,29.994527],[-89.366655,29.994531],[-89.366693,29.99454],[-89.366725,29.994557],[-89.366749,29.99458],[-89.366762,29.994608],[-89.366771,29.994635],[-89.366774,29.994667],[-89.366773,29.994696],[-89.366768,29.994727],[-89.366754,29.994756],[-89.366733,29.994779],[-89.366708,29.994796],[-89.366679,29.994813],[-89.366635,29.994826],[-89.366591,29.994827],[-89.366559,29.994823],[-89.366522,29.994808],[-89.36649,29.994782],[-89.366469,29.994758],[-89.366452,29.994731],[-89.366437,29.994703],[-89.366424,29.994676],[-89.366417,29.994645],[-89.366416,29.994616],[-89.366422,29.994586],[-89.366439,29.994549],[-89.36646,29.994527],[-89.366488,29.99451],[-89.366531,29.994494],[-89.366564,29.99449],[-89.366598,29.994493],[-89.366634,29.994504],[-89.36667,29.99452],[-89.366701,29.99454],[-89.366731,29.994568],[-89.366757,29.994596],[-89.366777,29.994627],[-89.366787,29.994658],[-89.36679,29.994692],[-89.366784,29.994725],[-89.366773,29.994752],[-89.36676,29.99478],[-89.366739,29.994802],[-89.366703,29.994827],[-89.366674,29.99484],[-89.366642,29.994845],[-89.366609,29.994845],[-89.366577,29.994838],[-89.366543,29.994821],[-89.366513,29.994793],[-89.366496,29.99477],[-89.366482,29.994746],[-89.366475,29.994706],[-89.366474,29.994678],[-89.366477,29.99465],[-89.366489,29.994625],[-89.366504,29.9946],[-89.366524,29.994578],[-89.36655,29.994557],[-89.366582,29.99454],[-89.366615,29.994531],[-89.366649,29.994528],[-89.366685,29.994529],[-89.366723,29.994537],[-89.366758,29.994551],[-89.366789,29.994574],[-89.366816,29.9946],[-89.366839,29.994628],[-89.366853,29.99466],[-89.366863,29.994691],[-89.366863,29.994723],[-89.366858,29.994755],[-89.366848,29.994784],[-89.366835,29.994812],[-89.366814,29.994836],[-89.366786,29.994856],[-89.366759,29.994873],[-89.366727,29.994884],[-89.366696,29.99489],[-89.366663,29.994893],[-89.366631,29.994889],[-89.366589,29.994874],[-89.366555,29.994845],[-89.366531,29.994825],[-89.366514,29.99479],[-89.366509,29.994752],[-89.366512,29.994725],[-89.366522,29.994697],[-89.366537,29.994671],[-89.366557,29.994643],[-89.366579,29.994618],[-89.366607,29.994597],[-89.366639,29.994581],[-89.366672,29.994573],[-89.366707,29.994572],[-89.366743,29.994578],[-89.366777,29.994592],[-89.366802,29.994611],[-89.366819,29.994634],[-89.366834,29.994659],[-89.366841,29.9947],[-89.366838,29.994729],[-89.366827,29.994757],[-89.366814,29.994782],[-89.366792,29.994804],[-89.366754,29.994828],[-89.366724,29.99484],[-89.36669,29.994847],[-89.366656,29.99485],[-89.366622,29.994846],[-89.366587,29.994838],[-89.366557,29.994826],[-89.366529,29.994811],[-89.366502,29.994792],[-89.366481,29.99477],[-89.36646,29.994747],[-89.366441,29.994718],[-89.366433,29.994692],[-89.366427,29.994664],[-89.366429,29.994635],[-89.366438,29.994607],[-89.36645,29.994577],[-89.366464,29.994548],[-89.366482,29.994524],[-89.366504,29.994505],[-89.366543,29.994488],[-89.366575,29.994484],[-89.366606,29.994488],[-89.366643,29.994497],[-89.366676,29.994514],[-89.366705,29.994535],[-89.366731,29.994562],[-89.366748,29.994593],[-89.366766,29.994623],[-89.366774,29.994652],[-89.366776,29.994684],[-89.366769,29.994717],[-89.366755,29.994749],[-89.366738,29.994778],[-89.366719,29.994801],[-89.366696,29.994824],[-89.366655,29.994845],[-89.366622,29.994853],[-89.366589,29.994855],[-89.366556,29.994853],[-89.366525,29.994844],[-89.366495,29.99483],[-89.366463,29.994804],[-89.366442,29.994774],[-89.366436,29.994736],[-89.366442,29.994695],[-89.366452,29.994667],[-89.366463,29.994639],[-89.366482,29.994615],[-89.366508,29.994593],[-89.366538,29.994573],[-89.366569,29.99456],[-89.366605,29.994553],[-89.366645,29.994553],[-89.366688,29.994557],[-89.366729,29.994564],[-89.36677,29.994578],[-89.366802,29.994595],[-89.366829,29.994615],[-89.36685,29.994641],[-89.366866,29.994667],[-89.366872,29.994697],[-89.36687,29.994728],[-89.36686,29.99476],[-89.366849,29.994789],[-89.36683,29.994815],[-89.366808,29.994835],[-89.366773,29.994856],[-89.366731,29.994864],[-89.366699,29.994863],[-89.366667,29.994859],[-89.366625,29.994843],[-89.366596,29.994828],[-89.366571,29.994808],[-89.366548,29.994786],[-89.366527,29.994763],[-89.366513,29.994738],[-89.366507,29.99471],[-89.366511,29.994683],[-89.366525,29.994644],[-89.36654,29.99462],[-89.366566,29.994601],[-89.366592,29.994586],[-89.366622,29.994576],[-89.366657,29.994576],[-89.366692,29.99458],[-89.366727,29.994588],[-89.366757,29.994604],[-89.366784,29.994624],[-89.366806,29.994647],[-89.366824,29.994676],[-89.366838,29.994706],[-89.366844,29.99474],[-89.366841,29.994771],[-89.366832,29.994804],[-89.366817,29.994833],[-89.366798,29.99486],[-89.366773,29.99488],[-89.366747,29.994897],[-89.366717,29.994908],[-89.366674,29.994914],[-89.366642,29.994912],[-89.366608,29.994902],[-89.366576,29.99489],[-89.366548,29.994875],[-89.366524,29.994857],[-89.3665,29.994835],[-89.366484,29.994809],[-89.366472,29.994782],[-89.366457,29.994751],[-89.366451,29.994725],[-89.366448,29.994696],[-89.366449,29.994666],[-89.366457,29.994637],[-89.366467,29.994609],[-89.366483,29.994582],[-89.366507,29.994557],[-89.366535,29.994535],[-89.366567,29.994519],[-89.366601,29.994506],[-89.366638,29.994503],[-89.366678,29.994506],[-89.366716,29.994516],[-89.366755,29.994531],[-89.366786,29.99455],[-89.366816,29.994573],[-89.366838,29.9946],[-89.366855,29.994629],[-89.366867,29.994661],[-89.366875,29.994696],[-89.366875,29.994731],[-89.36687,29.994765],[-89.366855,29.994796],[-89.366833,29.994825],[-89.366806,29.994851],[-89.366777,29.99487],[-89.366749,29.994886],[-89.366717,29.994899],[-89.366684,29.994906],[-89.366651,29.994909],[-89.366613,29.994907],[-89.366579,29.994901],[-89.366548,29.99489],[-89.36652,29.994874],[-89.366495,29.994857],[-89.366472,29.994835],[-89.366454,29.994807],[-89.366438,29.99478],[-89.366429,29.99475],[-89.366426,29.994721],[-89.366427,29.99469],[-89.366431,29.994659],[-89.36644,29.99463],[-89.366455,29.9946],[-89.366472,29.994575],[-89.366495,29.994552],[-89.366525,29.994532],[-89.366556,29.994514],[-89.366592,29.994501],[-89.366628,29.994498],[-89.366668,29.994502],[-89.366707,29.99451],[-89.366746,29.994523],[-89.366783,29.99454],[-89.366818,29.994564],[-89.366845,29.994588],[-89.36687,29.994619],[-89.366891,29.994652],[-89.366906,29.994685],[-89.366915,29.994721],[-89.366919,29.994756],[-89.366916,29.994791],[-89.366907,29.994821],[-89.366893,29.994849],[-89.366869,29.994875],[-89.366843,29.994898],[-89.366815,29.994916],[-89.366785,29.994927],[-89.36675,29.994931],[-89.366716,29.994934],[-89.36668,29.994932],[-89.366647,29.994925],[-89.366611,29.994914],[-89.36658,29.9949],[-89.366551,29.994883],[-89.366526,29.994864],[-89.366501,29.994839],[-89.366482,29.994814],[-89.366462,29.994788],[-89.366451,29.994757],[-89.366444,29.994724],[-89.366443,29.994693],[-89.366443,29.994663],[-89.366452,29.994631],[-89.366462,29.994601],[-89.366479,29.994571],[-89.366502,29.994545],[-89.366532,29.994526],[-89.366567,29.994511],[-89.366601,29.994506],[-89.366634,29.994506],[-89.366669,29.994513],[-89.366701,29.994525],[-89.366728,29.994542],[-89.366751,29.994565],[-89.366769,29.994591],[-89.366782,29.994622],[-89.366784,29.994654],[-89.366782,29.994683],[-89.366772,29.994712],[-89.366756,29.99474],[-89.366737,29.994765],[-89.366712,29.994786],[-89.366684,29.994804],[-89.366655,29.994816],[-89.366619,29.994825],[-89.366585,29.994829],[-89.366552,29.994827],[-89.36652,29.994821],[-89.366488,29.994808],[-89.366453,29.994782],[-89.36643,29.99476],[-89.366411,29.994726],[-89.366402,29.9947],[-89.366395,29.994672],[-89.366395,29.994644],[-89.366402,29.994613],[-89.366413,29.994584],[-89.366431,29.994557],[-89.366456,29.994534],[-89.366487,29.994512],[-89.366522,29.994497],[-89.366557,29.994487],[-89.366592,29.994482],[-89.366629,29.994483],[-89.366667,29.994492],[-89.366702,29.994506],[-89.366738,29.994525],[-89.366766,29.994548],[-89.366792,29.994572],[-89.366814,29.9946],[-89.366829,29.994629],[-89.36684,29.99466],[-89.366841,29.994693],[-89.366832,29.994723],[-89.366817,29.99475],[-89.366798,29.994778],[-89.366773,29.994802],[-89.366744,29.99482],[-89.366715,29.994834],[-89.366683,29.994842],[-89.366649,29.994846],[-89.366614,29.994844],[-89.366581,29.994839],[-89.36655,29.994829],[-89.366523,29.994812],[-89.366491,29.994783],[-89.366471,29.994751],[-89.366461,29.994716],[-89.366463,29.994675],[-89.36647,29.994647],[-89.366484,29.99462],[-89.366505,29.994596],[-89.366533,29.994576],[-89.366563,29.994564],[-89.366595,29.994557],[-89.366628,29.994557],[-89.366665,29.994563],[-89.366701,29.994575],[-89.366732,29.994592],[-89.366759,29.994613],[-89.366785,29.994639],[-89.366805,29.994666],[-89.366819,29.994698],[-89.366829,29.994729],[-89.36683,29.994762],[-89.366825,29.994794],[-89.366817,29.994822],[-89.366798,29.994851],[-89.366774,29.994873],[-89.366748,29.994889],[-89.366707,29.9949],[-89.366675,29.9949],[-89.366633,29.994891],[-89.366605,29.994876],[-89.366567,29.99485],[-89.36654,29.994826],[-89.366518,29.994801],[-89.366497,29.994775],[-89.366478,29.994749],[-89.366464,29.99472],[-89.366447,29.99469],[-89.366435,29.99466],[-89.366423,29.994626],[-89.366419,29.994592],[-89.366423,29.99456],[-89.36643,29.994531],[-89.366445,29.994505],[-89.366468,29.994484],[-89.366497,29.994469],[-89.366527,29.994458],[-89.36656,29.994452],[-89.366596,29.994455],[-89.366635,29.994463],[-89.366672,29.994476],[-89.366709,29.994495],[-89.366742,29.994516],[-89.366769,29.994538],[-89.366797,29.994565],[-89.366818,29.994597],[-89.366834,29.994631],[-89.366844,29.994667],[-89.366849,29.994704],[-89.366849,29.994739],[-89.366843,29.994771],[-89.366828,29.994802],[-89.366811,29.99483],[-89.366786,29.994861],[-89.366759,29.994888],[-89.366731,29.994906],[-89.366702,29.994921],[-89.366664,29.99493],[-89.36663,29.994935],[-89.366593,29.994935],[-89.36656,29.994929],[-89.366527,29.99492],[-89.366498,29.994907],[-89.366472,29.99489],[-89.366443,29.994864],[-89.366424,29.99484],[-89.366405,29.9948],[-89.366401,29.994772],[-89.366402,29.994743],[-89.366406,29.99471],[-89.366414,29.99468],[-89.366427,29.994652],[-89.366443,29.994624],[-89.36647,29.994598],[-89.366501,29.994573],[-89.366533,29.994557],[-89.366567,29.994547],[-89.366605,29.994543],[-89.366642,29.994545],[-89.366684,29.994553],[-89.366725,29.994566],[-89.366765,29.994583],[-89.366798,29.994607],[-89.366826,29.994634],[-89.36685,29.994665],[-89.366868,29.994697],[-89.366883,29.994731],[-89.366892,29.994767],[-89.366896,29.994803],[-89.366888,29.994836],[-89.366878,29.994868],[-89.366864,29.994899],[-89.366844,29.994929],[-89.366819,29.994954],[-89.366791,29.994973],[-89.366759,29.994985],[-89.366729,29.994989],[-89.366685,29.994985],[-89.366647,29.994973],[-89.366618,29.994952],[-89.366595,29.994922],[-89.366579,29.994897],[-89.366564,29.994869],[-89.366555,29.994839],[-89.366547,29.994806],[-89.366541,29.99477],[-89.366537,29.994735],[-89.366541,29.994697],[-89.366551,29.994664],[-89.366563,29.994634],[-89.366589,29.994598],[-89.366612,29.994578],[-89.366642,29.994568],[-89.366688,29.994567],[-89.366718,29.994574],[-89.366756,29.994594],[-89.366785,29.994624],[-89.3668,29.99465],[-89.366808,29.994676],[-89.366805,29.994715],[-89.366784,29.99475],[-89.366756,29.99478],[-89.366719,29.994798],[-89.366677,29.994805],[-89.36664,29.994799],[-89.366607,29.994785],[-89.366578,29.994763],[-89.366557,29.994731],[-89.366543,29.994694],[-89.366533,29.994666],[-89.366535,29.994637],[-89.366545,29.994599],[-89.366569,29.994566],[-89.366609,29.994547],[-89.36665,29.994542],[-89.366696,29.994553],[-89.366725,29.994567],[-89.366748,29.994587],[-89.36677,29.99461],[-89.366785,29.994638],[-89.366793,29.994669],[-89.366794,29.994699],[-89.36679,29.994731],[-89.366782,29.99476],[-89.366764,29.994787],[-89.366739,29.994811],[-89.366714,29.994833],[-89.366687,29.994846],[-89.366654,29.994853],[-89.36662,29.994859],[-89.366589,29.99486],[-89.366546,29.99485],[-89.36651,29.994831],[-89.366488,29.994799],[-89.366472,29.994762],[-89.366465,29.994735],[-89.366462,29.994707],[-89.366461,29.994678],[-89.366467,29.994647],[-89.366478,29.994617],[-89.366492,29.994588],[-89.366514,29.994568],[-89.366541,29.994553],[-89.366583,29.994545],[-89.366629,29.994553],[-89.366668,29.994571],[-89.366692,29.994591],[-89.366715,29.994615],[-89.366734,29.994641],[-89.366745,29.99467],[-89.36675,29.9947],[-89.366746,29.994731],[-89.366739,29.994761],[-89.366724,29.994787],[-89.366702,29.99481],[-89.366677,29.994831],[-89.36665,29.994848],[-89.366618,29.994858],[-89.366571,29.994862],[-89.366539,29.99486],[-89.366506,29.994852],[-89.366468,29.994836],[-89.366438,29.994804],[-89.366421,29.994768],[-89.36641,29.994729],[-89.366408,29.9947],[-89.366409,29.994669],[-89.366419,29.99464],[-89.36643,29.994611],[-89.366447,29.994584],[-89.366467,29.994555],[-89.366493,29.994531],[-89.366521,29.994515],[-89.366553,29.994505],[-89.366588,29.994503],[-89.366623,29.994505],[-89.366662,29.994514],[-89.366695,29.99453],[-89.366727,29.994554],[-89.366755,29.99458],[-89.366778,29.99461],[-89.366798,29.994638],[-89.366812,29.994669],[-89.366818,29.994703],[-89.36682,29.994737],[-89.366813,29.994769],[-89.366799,29.994799],[-89.36678,29.994824],[-89.366755,29.994844],[-89.366729,29.994859],[-89.366696,29.994872],[-89.366662,29.994876],[-89.366631,29.994875],[-89.3666,29.994868],[-89.36656,29.994854],[-89.366526,29.99483],[-89.366505,29.994796],[-89.366492,29.994769],[-89.366481,29.994743],[-89.366475,29.994716],[-89.36647,29.994687],[-89.366472,29.994658],[-89.366481,29.994631],[-89.366496,29.994603],[-89.366517,29.994577],[-89.366543,29.994556],[-89.366571,29.99454],[-89.366604,29.994528],[-89.36664,29.994526],[-89.366675,29.994527],[-89.366711,29.994537],[-89.366747,29.994551],[-89.366779,29.99457],[-89.366809,29.994595],[-89.366832,29.994624],[-89.366851,29.994653],[-89.366861,29.994684],[-89.366865,29.994717],[-89.366863,29.99475],[-89.366859,29.994782],[-89.366848,29.994813],[-89.366829,29.994844],[-89.366803,29.994869],[-89.366776,29.99489],[-89.366745,29.994911],[-89.366713,29.994925],[-89.366677,29.994936],[-89.366641,29.994941],[-89.366606,29.994941],[-89.366571,29.994937],[-89.366537,29.994927],[-89.366508,29.994916],[-89.366479,29.994903],[-89.366451,29.994885],[-89.366427,29.994864],[-89.366401,29.994841],[-89.366375,29.994814],[-89.366353,29.994787],[-89.366339,29.994761],[-89.366332,29.994734],[-89.36633,29.994704],[-89.366335,29.994664],[-89.366345,29.994636],[-89.366359,29.994611],[-89.366382,29.994586],[-89.366406,29.994566],[-89.366437,29.994551],[-89.366472,29.994539],[-89.366511,29.994529],[-89.366551,29.994524],[-89.366595,29.994522],[-89.366637,29.994525],[-89.366679,29.994534],[-89.366714,29.994547],[-89.366747,29.994566],[-89.366776,29.994591],[-89.366798,29.994617],[-89.366812,29.994646],[-89.366822,29.994677],[-89.366823,29.994708],[-89.366818,29.994741],[-89.366813,29.994774],[-89.3668,29.994802],[-89.36678,29.994825],[-89.366755,29.994848],[-89.366726,29.994864],[-89.366695,29.994873],[-89.36665,29.994874],[-89.36661,29.994866],[-89.366571,29.994847],[-89.366539,29.994819],[-89.366519,29.994784],[-89.36651,29.994746],[-89.366509,29.994715],[-89.366515,29.994686],[-89.366528,29.99466],[-89.366546,29.994637],[-89.366569,29.994619],[-89.366597,29.994604],[-89.366632,29.994591],[-89.366667,29.994585],[-89.366705,29.994587],[-89.36675,29.994598],[-89.366786,29.994609],[-89.366817,29.994623],[-89.366843,29.994647],[-89.366864,29.994674],[-89.366875,29.9947],[-89.366881,29.99474],[-89.366874,29.994771],[-89.366862,29.994799],[-89.366835,29.994829],[-89.366809,29.994846],[-89.366779,29.994858],[-89.366743,29.994867],[-89.366706,29.99487],[-89.366671,29.994871],[-89.366632,29.99487],[-89.366597,29.994866],[-89.366564,29.994854],[-89.366536,29.994843],[-89.366504,29.99483],[-89.366475,29.994814],[-89.366442,29.994795]]]}},{"type":"Feature","properties":{"d":"2025-06-17","material":"Limestone"},"geometry":{"type":"MultiLineString","coordinates":[[[-89.366764,29.99557],[-89.366622,29.995381],[-89.366613,29.995346],[-89.366605,29.995313],[-89.366598,29.995284],[-89.36659,29.995256],[-89.366583,29.995228],[-89.366578,29.995195],[-89.366575,29.995164],[-89.366578,29.995135],[-89.366584,29.995107],[-89.366605,29.995081],[-89.366639,29.995062],[-89.366682,29.995053],[-89.366727,29.995058],[-89.366768,29.995072],[-89.366796,29.995096],[-89.366813,29.995128],[-89.366815,29.995159],[-89.366803,29.995193],[-89.366791,29.995223],[-89.366779,29.995249],[-89.366763,29.995278],[-89.366749,29.995302],[-89.366747,29.995329],[-89.366761,29.995354],[-89.366779,29.99538],[-89.366744,29.995386],[-89.36671,29.995378],[-89.366679,29.995371],[-89.366664,29.995398],[-89.366635,29.995408],[-89.366609,29.995393],[-89.366593,29.995367],[-89.366583,29.995336],[-89.366583,29.995306],[-89.366591,29.995272],[-89.366607,29.995229],[-89.366626,29.995182],[-89.366646,29.995138],[-89.366667,29.9951],[-89.366698,29.995075],[-89.366746,29.995059],[-89.366791,29.995054],[-89.366839,29.995062],[-89.366879,29.995076],[-89.366911,29.995102],[-89.366936,29.995135],[-89.366949,29.995172],[-89.36695,29.995215],[-89.366943,29.995253],[-89.36692,29.995287],[-89.366888,29.995311],[-89.366861,29.995325],[-89.36682,29.995337],[-89.366785,29.995342],[-89.366745,29.995342],[-89.366707,29.995343],[-89.366671,29.995338],[-89.366636,29.995332],[-89.366598,29.995328],[-89.366562,29.99532],[-89.366526,29.995313],[-89.366494,29.995314],[-89.366466,29.995328],[-89.366475,29.995365],[-89.366478,29.995399],[-89.366466,29.995424],[-89.366434,29.995417]]]}},{"type":"Feature","properties":{"d":"2025-06-17","material":"Limestone"},"geometry":{"type":"MultiLineString","coordinates":[[[-89.366973,29.995193],[-89.367391,29.995032],[-89.367392,29.995059],[-89.367381,29.995094],[-89.367365,29.995118],[-89.367343,29.995143],[-89.367316,29.995162],[-89.367281,29.995175],[-89.367243,29.995182],[-89.367203,29.995185],[-89.367164,29.995183],[-89.367126,29.995176],[-89.367096,29.99516],[-89.367071,29.995137],[-89.367058,29.995111],[-89.36705,29.995084],[-89.367054,29.995053],[-89.367064,29.995021],[-89.367084,29.994993],[-89.367108,29.994966],[-89.367139,29.994944],[-89.367175,29.994928],[-89.367214,29.994922],[-89.367254,29.994923],[-89.367292,29.994936],[-89.367324,29.994956],[-89.367358,29.994981],[-89.367382,29.995011],[-89.367397,29.995043],[-89.367403,29.995082],[-89.367388,29.995134],[-89.367367,29.995159],[-89.367337,29.995181],[-89.367299,29.995198],[-89.367254,29.995206],[-89.367206,29.995204],[-89.367158,29.995189],[-89.367114,29.995163],[-89.36708,29.995125],[-89.367059,29.99508],[-89.367055,29.995029],[-89.367069,29.994975],[-89.367096,29.994926],[-89.367141,29.994886],[-89.367194,29.994858],[-89.367255,29.994847],[-89.367319,29.994852],[-89.367377,29.994872],[-89.367426,29.994904],[-89.367461,29.994941],[-89.367483,29.994976],[-89.367496,29.995009],[-89.367501,29.995036],[-89.367498,29.995084],[-89.367478,29.995133],[-89.367455,29.995154],[-89.367428,29.995172],[-89.36738,29.995189],[-89.367335,29.995193],[-89.367292,29.99519],[-89.36725,29.995177],[-89.367211,29.995159],[-89.367178,29.995135],[-89.367148,29.995104],[-89.367122,29.995073],[-89.367099,29.99504],[-89.367082,29.995006],[-89.367073,29.994973],[-89.367072,29.994938],[-89.367079,29.994903],[-89.367094,29.994872],[-89.367115,29.994848],[-89.367142,29.99483],[-89.367176,29.994819],[-89.367211,29.994813],[-89.367243,29.994813],[-89.36728,29.99482],[-89.367311,29.994831],[-89.367316,29.994859],[-89.367323,29.994889],[-89.367336,29.994918],[-89.367352,29.994941],[-89.367368,29.994968],[-89.367367,29.994996],[-89.367371,29.995023],[-89.367372,29.995051],[-89.367385,29.995075],[-89.367402,29.995102],[-89.367379,29.99508],[-89.367357,29.995061],[-89.367337,29.995036],[-89.367308,29.995048],[-89.367302,29.995077],[-89.367294,29.995109],[-89.367275,29.995141],[-89.367246,29.995172],[-89.367215,29.99519],[-89.36718,29.995199],[-89.367144,29.995199],[-89.367107,29.995189],[-89.367083,29.995169],[-89.367065,29.995146],[-89.367054,29.995121],[-89.367056,29.99509],[-89.367068,29.995061],[-89.367092,29.99504],[-89.367129,29.995017],[-89.367156,29.995002],[-89.367197,29.994985],[-89.367231,29.994977],[-89.367266,29.994977],[-89.367299,29.994986],[-89.367328,29.995005],[-89.367348,29.995033],[-89.367356,29.995067],[-89.36735,29.995103],[-89.367331,29.995133],[-89.367299,29.995158],[-89.36726,29.995174],[-89.36722,29.995178],[-89.36718,29.99517],[-89.367143,29.995151],[-89.367113,29.995122],[-89.367094,29.99509],[-89.367086,29.995054],[-89.36709,29.995014],[-89.367108,29.994974],[-89.367136,29.994943],[-89.367173,29.994923],[-89.367212,29.994912],[-89.367255,29.994911],[-89.367295,29.994926],[-89.367327,29.994953],[-89.36735,29.994992],[-89.367361,29.995034],[-89.367361,29.99508],[-89.367351,29.995127],[-89.367329,29.995167],[-89.3673,29.995197],[-89.367261,29.995216],[-89.367219,29.995224],[-89.367177,29.995218],[-89.36714,29.995199],[-89.367109,29.995171],[-89.367088,29.995134],[-89.367078,29.995094],[-89.367076,29.995049],[-89.367081,29.995006],[-89.367095,29.994961],[-89.367122,29.994925],[-89.367158,29.9949],[-89.367201,29.994884],[-89.367245,29.994883],[-89.367288,29.994895],[-89.367328,29.994919],[-89.367358,29.994951],[-89.367375,29.994988],[-89.367376,29.995029],[-89.367366,29.995073],[-89.367341,29.995112],[-89.367307,29.995144],[-89.367263,29.995169],[-89.367216,29.995184],[-89.367165,29.995188],[-89.367119,29.995181],[-89.367078,29.995165],[-89.367045,29.995139],[-89.367025,29.995106],[-89.367022,29.995069],[-89.367026,29.995028],[-89.367043,29.994989],[-89.367073,29.994957],[-89.367114,29.994934],[-89.367163,29.994919],[-89.367215,29.994915],[-89.367271,29.994922],[-89.367325,29.994941],[-89.367373,29.994968],[-89.367414,29.995004],[-89.367446,29.995044],[-89.367464,29.995085],[-89.367467,29.995128],[-89.367459,29.995173],[-89.367438,29.995212],[-89.367407,29.995243],[-89.367366,29.995266],[-89.367321,29.995279],[-89.367274,29.995283],[-89.367234,29.995282],[-89.367195,29.995277],[-89.367161,29.99527],[-89.36712,29.995261],[-89.367089,29.995251],[-89.367057,29.995244],[-89.367024,29.99524],[-89.366992,29.995235]]]}},{"type":"Feature","properties":{"d":"2025-06-17","material":"Limestone"},"geometry":{"type":"MultiLineString","coordinates":[[[-89.366261,29.994672],[-89.365936,29.994833],[-89.3659,29.994827],[-89.365869,29.994816],[-89.365837,29.994804],[-89.365807,29.994791],[-89.36577,29.99477],[-89.365742,29.994742],[-89.36572,29.994709],[-89.365706,29.994676],[-89.365707,29.99464],[-89.36572,29.994608],[-89.365741,29.994582],[-89.365769,29.99456],[-89.365806,29.994549],[-89.365852,29.994549],[-89.365884,29.994552],[-89.365921,29.994558],[-89.365961,29.994566],[-89.365999,29.994577],[-89.366037,29.994592],[-89.366072,29.994608],[-89.366105,29.994626],[-89.366132,29.994647],[-89.366155,29.994668],[-89.366173,29.994705],[-89.366178,29.994735],[-89.366179,29.994765],[-89.366172,29.994793],[-89.366156,29.99483],[-89.36613,29.994864],[-89.366106,29.994886],[-89.366068,29.994908],[-89.366039,29.994919],[-89.365999,29.994928],[-89.365955,29.994927],[-89.36591,29.994917],[-89.365872,29.994903],[-89.365836,29.99488],[-89.365809,29.994851],[-89.365786,29.994818],[-89.365768,29.994782],[-89.36576,29.994744],[-89.365758,29.994707],[-89.365763,29.99467],[-89.36577,29.994641],[-89.365785,29.994614],[-89.365816,29.994604],[-89.365851,29.994605],[-89.365884,29.994592],[-89.365918,29.994592],[-89.365952,29.994595],[-89.36597,29.994618],[-89.365982,29.994646],[-89.366016,29.99466],[-89.366044,29.994682],[-89.366057,29.994723],[-89.366042,29.994768],[-89.365996,29.994805],[-89.365966,29.994815],[-89.365935,29.994819],[-89.365901,29.994813],[-89.365871,29.994802],[-89.365826,29.994765],[-89.365812,29.99474],[-89.365805,29.994712],[-89.365808,29.994683],[-89.365814,29.994651],[-89.365826,29.994624],[-89.365847,29.994586],[-89.365868,29.994553],[-89.365886,29.994526],[-89.365913,29.994493],[-89.365934,29.99447],[-89.365961,29.994449],[-89.365987,29.994434]]]}},{"type":"Feature","properties":{"d":"2025-06-17","material":"Limestone"},"geometry":{"type":"MultiLineString","coordinates":[[[-89.36644,29.994944],[-89.366764,29.995083],[-89.366768,29.995122],[-89.366767,29.995159],[-89.366758,29.995193],[-89.366739,29.995225],[-89.366714,29.995251],[-89.366685,29.995271],[-89.36665,29.995288],[-89.36661,29.995297],[-89.366569,29.995301],[-89.366528,29.995302],[-89.366488,29.995295],[-89.366448,29.995284],[-89.366407,29.995264],[-89.366371,29.995238],[-89.36634,29.995212],[-89.366316,29.995185],[-89.366305,29.995155],[-89.366302,29.995123],[-89.366307,29.995093],[-89.366314,29.99506],[-89.366335,29.99503],[-89.366358,29.995005],[-89.366387,29.994986],[-89.366419,29.994974],[-89.366453,29.994968],[-89.366487,29.994969],[-89.36652,29.994979],[-89.366556,29.994995],[-89.366586,29.995019],[-89.366606,29.995043],[-89.366619,29.995073],[-89.366625,29.995107],[-89.366625,29.99514],[-89.366615,29.995167],[-89.366596,29.995193],[-89.366568,29.995216],[-89.366535,29.995233],[-89.3665,29.995248],[-89.366467,29.995251],[-89.366434,29.995246],[-89.3664,29.995236],[-89.366367,29.995219],[-89.366338,29.995197],[-89.366315,29.995169],[-89.366301,29.995139],[-89.366296,29.995105],[-89.3663,29.995073],[-89.36631,29.995039],[-89.366328,29.995007],[-89.36635,29.994979],[-89.36638,29.994954],[-89.366413,29.994939],[-89.366447,29.994929],[-89.366482,29.994926],[-89.366521,29.994932],[-89.366559,29.994944],[-89.366593,29.994964],[-89.366625,29.994987],[-89.366654,29.995018],[-89.366675,29.99505],[-89.366693,29.995086],[-89.366701,29.995123],[-89.366703,29.99516],[-89.366699,29.995196],[-89.366686,29.99523],[-89.366665,29.995263],[-89.366639,29.995292],[-89.36661,29.995322],[-89.366577,29.995344],[-89.366539,29.99536],[-89.3665,29.995371],[-89.366457,29.995377],[-89.366413,29.995373],[-89.366373,29.995364],[-89.366333,29.995353],[-89.366297,29.995333],[-89.366264,29.995308],[-89.366236,29.995279],[-89.366207,29.995249],[-89.366187,29.995217],[-89.366173,29.995185],[-89.366168,29.995149],[-89.366172,29.995112],[-89.366181,29.995077],[-89.366194,29.995042],[-89.366215,29.995012],[-89.366241,29.994978],[-89.366271,29.99495],[-89.366307,29.994926],[-89.366347,29.994904],[-89.366389,29.994884],[-89.366431,29.994873],[-89.366472,29.994863],[-89.366515,29.994862],[-89.366559,29.994867],[-89.366603,29.994877],[-89.366647,29.994894],[-89.366686,29.994915],[-89.366725,29.994941],[-89.366757,29.99497],[-89.366788,29.995004],[-89.366814,29.995038],[-89.366836,29.995073],[-89.366848,29.995114],[-89.366853,29.995156],[-89.366854,29.995195],[-89.366849,29.995231],[-89.366834,29.995267],[-89.366812,29.995299],[-89.366785,29.995328],[-89.366756,29.995354],[-89.366725,29.995372],[-89.366686,29.995386],[-89.366645,29.9954],[-89.366602,29.995406],[-89.366559,29.995403],[-89.366516,29.995392],[-89.366475,29.995382],[-89.366435,29.995367],[-89.366395,29.995347],[-89.366356,29.995321],[-89.366324,29.995294],[-89.366294,29.995264],[-89.366267,29.995234],[-89.366249,29.995201],[-89.366239,29.995167],[-89.366239,29.995131],[-89.366244,29.995095],[-89.366252,29.995061],[-89.366267,29.99503],[-89.366294,29.994997],[-89.366322,29.994971],[-89.366354,29.994951],[-89.366391,29.994934],[-89.366433,29.994925],[-89.366473,29.994919],[-89.366514,29.99492],[-89.366555,29.994927],[-89.366592,29.994939],[-89.366628,29.994959],[-89.366663,29.994983],[-89.366689,29.995012],[-89.36671,29.995043],[-89.366727,29.995079],[-89.366734,29.995114],[-89.366737,29.995145],[-89.366732,29.99518],[-89.366716,29.995215],[-89.366695,29.995249],[-89.366669,29.995277],[-89.36664,29.995303],[-89.366608,29.995325],[-89.36657,29.995341],[-89.366525,29.995352],[-89.366483,29.995356],[-89.366442,29.99535],[-89.366406,29.995341],[-89.366368,29.995328],[-89.366339,29.995306],[-89.366306,29.995282],[-89.366282,29.995253],[-89.366262,29.99522],[-89.366246,29.995188],[-89.366243,29.995153],[-89.366244,29.995113],[-89.36625,29.995075],[-89.366259,29.995039],[-89.366276,29.995006],[-89.366303,29.994973],[-89.366331,29.994944],[-89.366362,29.994919],[-89.366398,29.9949],[-89.366441,29.994889],[-89.366485,29.994883],[-89.366529,29.99488],[-89.366574,29.994885],[-89.366615,29.994894],[-89.366653,29.994908],[-89.366688,29.994929],[-89.366718,29.994954],[-89.366746,29.994984],[-89.36677,29.995014],[-89.366788,29.995051],[-89.366799,29.995089],[-89.366802,29.995129],[-89.366802,29.995166],[-89.366795,29.995203],[-89.366776,29.995239],[-89.366755,29.995271],[-89.366731,29.995297],[-89.366703,29.995322],[-89.36667,29.995341],[-89.366632,29.995355],[-89.366593,29.995361],[-89.366551,29.995367],[-89.366512,29.995363],[-89.366474,29.99535],[-89.366432,29.995335],[-89.366399,29.995313],[-89.36637,29.995289],[-89.366343,29.995265],[-89.366322,29.995234],[-89.366311,29.995202],[-89.366311,29.995165],[-89.366316,29.995126],[-89.366323,29.995095],[-89.366338,29.995064],[-89.366363,29.995034],[-89.366393,29.995006],[-89.366425,29.994985],[-89.366465,29.994967],[-89.366509,29.994952],[-89.366556,29.994943],[-89.366604,29.994937],[-89.366648,29.994935],[-89.366688,29.994942],[-89.366725,29.994956],[-89.366759,29.994974],[-89.366788,29.994997],[-89.366809,29.995026],[-89.366828,29.995061],[-89.36684,29.995096],[-89.366846,29.995131],[-89.366841,29.995167],[-89.36683,29.995202],[-89.366812,29.995234],[-89.366785,29.995261],[-89.366755,29.995284],[-89.366723,29.995301],[-89.366684,29.995314],[-89.366641,29.99532],[-89.366598,29.995322],[-89.366555,29.995322],[-89.366513,29.995314],[-89.366474,29.995302],[-89.366439,29.995286],[-89.366406,29.995269],[-89.366381,29.995252],[-89.366351,29.995227],[-89.366322,29.995197],[-89.366306,29.995167],[-89.366304,29.995137],[-89.366309,29.995104],[-89.366316,29.995074],[-89.366332,29.995043],[-89.366356,29.995015],[-89.366386,29.994992],[-89.36642,29.994973],[-89.36646,29.994962],[-89.366502,29.99496],[-89.366534,29.99496],[-89.36658,29.99496],[-89.366618,29.994969],[-89.366653,29.994981],[-89.366689,29.995002],[-89.366717,29.995023],[-89.366741,29.995052],[-89.366758,29.995085],[-89.366773,29.995124],[-89.366782,29.995163],[-89.366785,29.995198],[-89.366775,29.995232],[-89.366756,29.995263],[-89.366731,29.995287],[-89.366699,29.995302],[-89.366659,29.995313],[-89.366619,29.995315],[-89.36658,29.995313],[-89.366541,29.995303],[-89.366503,29.995286],[-89.366462,29.995266],[-89.366427,29.995243],[-89.366401,29.995218],[-89.36638,29.995185],[-89.366363,29.995148],[-89.366359,29.995113],[-89.366364,29.99508],[-89.366379,29.99505],[-89.366399,29.995024],[-89.366426,29.995003],[-89.366461,29.994991],[-89.366497,29.994984],[-89.366532,29.994985],[-89.366564,29.99499],[-89.366593,29.995006],[-89.366619,29.99503],[-89.366638,29.995058],[-89.366653,29.99509],[-89.366658,29.995125],[-89.366655,29.995158],[-89.366644,29.995191],[-89.366624,29.995224],[-89.366595,29.995254],[-89.366566,29.995271],[-89.366531,29.995283],[-89.366492,29.99529],[-89.366453,29.995287],[-89.366414,29.995277],[-89.366375,29.995262],[-89.366344,29.995242],[-89.366318,29.995213],[-89.366297,29.99518],[-89.366282,29.995145],[-89.366274,29.99511],[-89.366277,29.995076],[-89.36629,29.99504],[-89.366303,29.995008],[-89.366324,29.994976],[-89.366353,29.994947],[-89.366391,29.99492],[-89.366428,29.994897],[-89.366473,29.994883],[-89.366519,29.994877],[-89.366563,29.994874],[-89.366604,29.994877],[-89.366642,29.994892],[-89.366675,29.994909],[-89.366701,29.994934],[-89.366722,29.994964],[-89.366739,29.994998],[-89.366746,29.995032],[-89.366749,29.995068],[-89.36674,29.995107],[-89.366724,29.99514],[-89.366699,29.995173],[-89.36667,29.9952],[-89.366635,29.99522],[-89.366594,29.995236],[-89.366552,29.995245],[-89.366509,29.995245],[-89.366469,29.995238],[-89.36643,29.995222],[-89.366396,29.995203],[-89.366367,29.995178],[-89.366343,29.99515],[-89.366328,29.995117],[-89.366318,29.995085],[-89.366316,29.99505],[-89.366321,29.995013],[-89.366336,29.994978],[-89.366357,29.994944],[-89.366385,29.994917],[-89.366418,29.994894],[-89.366457,29.994881],[-89.366501,29.994872],[-89.366544,29.994869],[-89.366584,29.994878],[-89.366624,29.994891],[-89.366659,29.99491],[-89.36669,29.994938],[-89.366713,29.994966],[-89.36673,29.995],[-89.366739,29.995036],[-89.366738,29.99507],[-89.366734,29.995107],[-89.366721,29.995142],[-89.366702,29.995176],[-89.366675,29.995203],[-89.366645,29.995225],[-89.366606,29.995242],[-89.366565,29.995249],[-89.366527,29.995245],[-89.366489,29.995234],[-89.366455,29.995217],[-89.366426,29.995197],[-89.366403,29.995172],[-89.366387,29.99514],[-89.366382,29.99511],[-89.366384,29.995074],[-89.366393,29.995039],[-89.366412,29.99501],[-89.366442,29.994984],[-89.366475,29.994965],[-89.366513,29.994953],[-89.366554,29.994949],[-89.366594,29.994954],[-89.366634,29.994967],[-89.366669,29.994984],[-89.366698,29.995009],[-89.366719,29.995035],[-89.366736,29.995068],[-89.366747,29.995105],[-89.366751,29.995137],[-89.366754,29.995169],[-89.366757,29.995197],[-89.366759,29.995234],[-89.36676,29.995267],[-89.366752,29.995299]]]}},{"type":"Feature","properties":{"d":"2025-06-17","material":"Limestone"},"geometry":{"type":"MultiLineString","coordinates":[[[-89.366927,29.994339],[-89.367021,29.994815],[-89.366994,29.994792],[-89.366978,29.994768],[-89.366961,29.994738],[-89.36695,29.994713],[-89.366938,29.994681],[-89.366936,29.994646],[-89.366939,29.994612],[-89.366949,29.994579],[-89.366972,29.994553],[-89.367003,29.994535],[-89.367038,29.994523],[-89.367071,29.994522],[-89.367112,29.994533],[-89.367142,29.994549],[-89.36717,29.99457],[-89.367188,29.994601],[-89.367196,29.994635],[-89.367197,29.994668],[-89.367193,29.994696],[-89.367175,29.994729],[-89.367155,29.994751],[-89.367135,29.994772],[-89.367097,29.994791],[-89.367054,29.994802],[-89.367008,29.994805],[-89.366963,29.994801],[-89.366924,29.994789],[-89.366886,29.994765],[-89.366856,29.994738],[-89.366835,29.994706],[-89.366825,29.99468],[-89.36682,29.994643],[-89.36682,29.994606],[-89.366827,29.994569],[-89.36684,29.994536],[-89.366869,29.99451],[-89.366904,29.994489],[-89.366944,29.994477],[-89.366982,29.994471],[-89.367024,29.994477],[-89.367064,29.994492],[-89.367101,29.994514],[-89.367132,29.99454],[-89.367156,29.994572],[-89.367168,29.99461],[-89.36717,29.994646],[-89.367166,29.994682],[-89.367154,29.994713],[-89.367127,29.994744],[-89.367091,29.994768],[-89.367062,29.994783],[-89.36702,29.994792],[-89.366978,29.994792],[-89.366936,29.994782],[-89.366897,29.994766],[-89.366865,29.994744],[-89.36684,29.994716],[-89.366824,29.994682],[-89.366823,29.994646],[-89.366826,29.99461],[-89.366841,29.994577],[-89.366856,29.994548],[-89.366887,29.994524],[-89.366926,29.994505],[-89.366965,29.994497],[-89.367009,29.994495],[-89.367054,29.994501],[-89.367085,29.99451],[-89.367122,29.99453],[-89.367152,29.994554],[-89.367177,29.994583],[-89.367192,29.994618],[-89.367198,29.994654],[-89.367193,29.994693],[-89.367183,29.994732],[-89.367161,29.994765],[-89.36714,29.994787],[-89.367103,29.99481],[-89.367078,29.994826],[-89.367034,29.994839],[-89.367002,29.994841],[-89.366964,29.994837],[-89.366924,29.994822],[-89.366888,29.994802],[-89.366856,29.994774],[-89.366832,29.994744],[-89.366818,29.994706],[-89.366811,29.994665],[-89.366814,29.994625],[-89.366825,29.994588],[-89.366846,29.994553],[-89.366874,29.994523],[-89.366907,29.994491],[-89.366949,29.994463],[-89.366994,29.994439],[-89.367042,29.994426],[-89.367088,29.994421],[-89.367128,29.994426],[-89.367163,29.994439],[-89.367193,29.994461],[-89.367215,29.994489],[-89.367224,29.994522],[-89.367227,29.994559],[-89.367225,29.994597],[-89.367213,29.994636],[-89.367195,29.994672],[-89.367167,29.994708],[-89.367134,29.994734],[-89.367096,29.99475],[-89.367054,29.994757],[-89.367016,29.994751],[-89.366977,29.994738],[-89.366944,29.99472],[-89.36692,29.994699],[-89.366901,29.994669],[-89.366893,29.994632],[-89.366895,29.994597],[-89.366902,29.994566],[-89.366922,29.994535],[-89.36695,29.99451],[-89.366986,29.994491],[-89.367027,29.994478],[-89.367072,29.994472],[-89.367121,29.994473],[-89.367166,29.994483],[-89.367207,29.994501],[-89.367243,29.994526],[-89.367272,29.994556],[-89.367293,29.994591],[-89.367303,29.994628],[-89.367305,29.994669],[-89.367296,29.99471],[-89.367277,29.994747],[-89.367254,29.994779],[-89.367223,29.994807],[-89.367185,29.994827],[-89.367144,29.994842],[-89.367099,29.994845],[-89.367055,29.994842],[-89.36701,29.994832],[-89.366971,29.994816],[-89.366939,29.994795],[-89.366916,29.994766],[-89.366897,29.994733],[-89.366886,29.994691],[-89.36688,29.994651],[-89.366884,29.994611],[-89.366898,29.994573],[-89.366917,29.994537],[-89.366942,29.994503],[-89.366977,29.994476],[-89.367019,29.994455],[-89.367062,29.994443],[-89.36711,29.994439],[-89.367155,29.994444],[-89.367198,29.994455],[-89.367233,29.994477],[-89.367259,29.994503],[-89.367277,29.994535],[-89.367283,29.99457],[-89.367287,29.994612],[-89.367285,29.994653],[-89.367276,29.994688],[-89.367254,29.99472],[-89.367221,29.994746],[-89.367183,29.994766],[-89.367141,29.994784],[-89.3671,29.994794],[-89.36706,29.994794],[-89.367018,29.994781],[-89.366984,29.994764],[-89.366949,29.994738],[-89.366926,29.994705],[-89.366916,29.994668],[-89.366911,29.994629],[-89.366916,29.994587],[-89.366926,29.99455],[-89.366946,29.994519],[-89.366974,29.99449],[-89.367006,29.994469],[-89.367049,29.994458],[-89.367092,29.994454],[-89.367135,29.994459],[-89.367174,29.994472],[-89.367211,29.994495],[-89.367246,29.994527],[-89.367273,29.994565],[-89.367301,29.994605],[-89.367317,29.994643],[-89.367321,29.994679],[-89.36732,29.99471],[-89.367304,29.994741],[-89.367279,29.994769],[-89.367246,29.994789],[-89.367211,29.9948],[-89.367176,29.994804],[-89.367136,29.994796],[-89.367101,29.994782],[-89.367071,29.994761],[-89.36704,29.99473],[-89.367011,29.994695],[-89.366987,29.994656],[-89.36697,29.994614],[-89.366962,29.994574],[-89.366965,29.994533],[-89.366976,29.994503],[-89.366991,29.99447],[-89.367006,29.994444],[-89.367026,29.99442],[-89.367046,29.994399]]]}},{"type":"Feature","properties":{"d":"2025-06-17","material":"Limestone"},"geometry":{"type":"MultiLineString","coordinates":[[[-89.366378,29.994366],[-89.366355,29.994438],[-89.36633,29.994457],[-89.366294,29.994477],[-89.366254,29.994484],[-89.366211,29.99449],[-89.366179,29.994486],[-89.366137,29.994481],[-89.366096,29.994468],[-89.366066,29.994448],[-89.366035,29.994426],[-89.366014,29.994403],[-89.365997,29.99438],[-89.365977,29.994347],[-89.36597,29.994319],[-89.365963,29.99429],[-89.365965,29.994262],[-89.365976,29.994232],[-89.365988,29.994205],[-89.366006,29.99418],[-89.366031,29.994161],[-89.366059,29.99414],[-89.366092,29.994125],[-89.36613,29.994115],[-89.366166,29.994114],[-89.366199,29.99412],[-89.366233,29.994139],[-89.366264,29.994165],[-89.366289,29.994198],[-89.366313,29.994232],[-89.366342,29.994263],[-89.366364,29.994296],[-89.366377,29.99433],[-89.366377,29.994364],[-89.36637,29.994398],[-89.36635,29.994433],[-89.366326,29.994458],[-89.366296,29.994478],[-89.366266,29.994489],[-89.366232,29.994498],[-89.366195,29.994499],[-89.366156,29.994494],[-89.366122,29.994484],[-89.366095,29.994468],[-89.366071,29.994444],[-89.36605,29.994414],[-89.36603,29.994381],[-89.366019,29.994347],[-89.366012,29.994308],[-89.36601,29.99427],[-89.366018,29.994237],[-89.366033,29.994205],[-89.366059,29.994181],[-89.366088,29.994162],[-89.366122,29.99415],[-89.366155,29.994144],[-89.366191,29.994147],[-89.366228,29.994158],[-89.366259,29.994179],[-89.366283,29.994205],[-89.3663,29.994233],[-89.366308,29.994267],[-89.366313,29.994301],[-89.366313,29.994337],[-89.366308,29.994371],[-89.36629,29.994409],[-89.366267,29.994438],[-89.366244,29.994461],[-89.366215,29.994478],[-89.366178,29.994489],[-89.366141,29.994496],[-89.3661,29.994493],[-89.366061,29.994487],[-89.366027,29.994473],[-89.365997,29.994454],[-89.365969,29.994428],[-89.36595,29.994396],[-89.365938,29.994364],[-89.365936,29.994327],[-89.36594,29.994292],[-89.365953,29.994259],[-89.365974,29.994232],[-89.365995,29.994207],[-89.366027,29.994185],[-89.366064,29.99417],[-89.366104,29.994162],[-89.366144,29.994161],[-89.366181,29.994169],[-89.366215,29.994184],[-89.366245,29.994202],[-89.366268,29.994226],[-89.366286,29.994251],[-89.366291,29.994281],[-89.366288,29.994311],[-89.366275,29.994343],[-89.366257,29.99437],[-89.366232,29.994392],[-89.366202,29.994411],[-89.366167,29.99442],[-89.366128,29.994426],[-89.366086,29.994424],[-89.366049,29.994415],[-89.366018,29.994399],[-89.365992,29.99438],[-89.365967,29.994355],[-89.365954,29.994325],[-89.365948,29.99429],[-89.365945,29.994256],[-89.365953,29.994223],[-89.36597,29.994192],[-89.365991,29.994163],[-89.366018,29.994143],[-89.366054,29.99413],[-89.366092,29.99412],[-89.366132,29.994117],[-89.366173,29.99412],[-89.366212,29.994129],[-89.366249,29.994144],[-89.366282,29.994167],[-89.366313,29.994194],[-89.366336,29.994225],[-89.366349,29.994256],[-89.366362,29.994287],[-89.366363,29.994322],[-89.366357,29.994353],[-89.366344,29.994387],[-89.366324,29.99441],[-89.366297,29.994434],[-89.366268,29.994449],[-89.366233,29.994459],[-89.366198,29.994463],[-89.36616,29.994462],[-89.366125,29.994454],[-89.366095,29.994442],[-89.366068,29.994421],[-89.366045,29.994392],[-89.366028,29.994358],[-89.366016,29.994324],[-89.366013,29.994289],[-89.366017,29.994252],[-89.366031,29.994216],[-89.36605,29.994183],[-89.366076,29.994156],[-89.366109,29.994134],[-89.366141,29.99412],[-89.366178,29.994114],[-89.366213,29.994117],[-89.366248,29.994129],[-89.366281,29.99415],[-89.366312,29.994177],[-89.366337,29.994206],[-89.366352,29.994239],[-89.366357,29.994275],[-89.366353,29.99431],[-89.366342,29.994345],[-89.366323,29.994379],[-89.366301,29.99441],[-89.366275,29.994433],[-89.366238,29.994451],[-89.366201,29.994462],[-89.36616,29.994467],[-89.366118,29.994467],[-89.366077,29.994461],[-89.366038,29.994444],[-89.366005,29.994427],[-89.365977,29.994399],[-89.365952,29.994366],[-89.365932,29.994332],[-89.365923,29.994294],[-89.365917,29.994257],[-89.36592,29.99422],[-89.36593,29.994185],[-89.365948,29.994149],[-89.365973,29.994116],[-89.366004,29.994086],[-89.36604,29.994063],[-89.366083,29.994048],[-89.366124,29.994038],[-89.366165,29.994036],[-89.366202,29.99404],[-89.366242,29.994052],[-89.36628,29.994071],[-89.366313,29.994098],[-89.366341,29.994124],[-89.366361,29.994158],[-89.366374,29.994194],[-89.366377,29.994232],[-89.366373,29.99427],[-89.366361,29.994307],[-89.366337,29.994341],[-89.366313,29.994374],[-89.366284,29.994403],[-89.366252,29.994432],[-89.366211,29.994453],[-89.366169,29.994462],[-89.366129,29.994468],[-89.366088,29.994464],[-89.366049,29.994457],[-89.366016,29.99444],[-89.365985,29.994416],[-89.365956,29.994388],[-89.36594,29.994357],[-89.365929,29.994321],[-89.365925,29.994283],[-89.365926,29.994245],[-89.365936,29.99421],[-89.365953,29.994177],[-89.365978,29.994146],[-89.366009,29.994118],[-89.366045,29.994099],[-89.366082,29.994088],[-89.366123,29.994083],[-89.366161,29.994087],[-89.366197,29.994098],[-89.366235,29.994118],[-89.366267,29.994141],[-89.366294,29.994171],[-89.366316,29.994201],[-89.36633,29.994236],[-89.366335,29.994271],[-89.366331,29.99431],[-89.36632,29.994348],[-89.366302,29.994382],[-89.366282,29.994409],[-89.366254,29.994439],[-89.366218,29.994456],[-89.366176,29.994462],[-89.366134,29.994467],[-89.366091,29.994466],[-89.366051,29.99446],[-89.366013,29.994444],[-89.36598,29.994425],[-89.365956,29.994398],[-89.365935,29.994364],[-89.365922,29.994329],[-89.365914,29.994291],[-89.365916,29.994253],[-89.365924,29.994219],[-89.365943,29.994186],[-89.365965,29.994157],[-89.365996,29.99413],[-89.366031,29.994114],[-89.366064,29.994109],[-89.366099,29.994111],[-89.366134,29.994119],[-89.366168,29.994138],[-89.366199,29.994157],[-89.366224,29.994183],[-89.36625,29.994216],[-89.366269,29.994255],[-89.366281,29.994292],[-89.366281,29.994331],[-89.366273,29.994368],[-89.366258,29.994406],[-89.366235,29.994435],[-89.366207,29.99446],[-89.366172,29.994483],[-89.366134,29.994499],[-89.366094,29.994507],[-89.366051,29.994511],[-89.366009,29.994507],[-89.365971,29.994494],[-89.365933,29.994475],[-89.365903,29.994454],[-89.365876,29.994426],[-89.365858,29.994393],[-89.365849,29.994356],[-89.365845,29.994321],[-89.365849,29.994286],[-89.365856,29.994252],[-89.365872,29.994219],[-89.365888,29.994194],[-89.365904,29.994168],[-89.365925,29.994147],[-89.365951,29.994128],[-89.365985,29.994109],[-89.366029,29.994102],[-89.366069,29.994108],[-89.366107,29.994123],[-89.36614,29.994144],[-89.366171,29.99417],[-89.366193,29.994194],[-89.366211,29.994218],[-89.366224,29.994251],[-89.366229,29.99428],[-89.366223,29.994317],[-89.366208,29.994342],[-89.366184,29.994364],[-89.366149,29.994374],[-89.36611,29.994363],[-89.366088,29.994344],[-89.366069,29.994319],[-89.366067,29.994289],[-89.36607,29.994259],[-89.366086,29.994223],[-89.366106,29.994198],[-89.366133,29.994179],[-89.366166,29.994178],[-89.366202,29.994184],[-89.366233,29.994193],[-89.366264,29.994213],[-89.366287,29.99424],[-89.366297,29.994272],[-89.366296,29.994308],[-89.366283,29.994339],[-89.366262,29.994368],[-89.366234,29.994389],[-89.366201,29.994401],[-89.366159,29.994403],[-89.366125,29.994392],[-89.366094,29.994377],[-89.366069,29.994355],[-89.366049,29.994328],[-89.366042,29.994295],[-89.366042,29.994261],[-89.366054,29.994229],[-89.366074,29.994198],[-89.366103,29.994171],[-89.366138,29.994158],[-89.366171,29.994146],[-89.366209,29.994146],[-89.366243,29.994154],[-89.366274,29.994171],[-89.366297,29.994197],[-89.366312,29.994231],[-89.366314,29.994269],[-89.366301,29.994303],[-89.366275,29.994339],[-89.366244,29.994363],[-89.366211,29.994381],[-89.366174,29.99439],[-89.366137,29.994391],[-89.3661,29.994381],[-89.366065,29.994368],[-89.366038,29.994344],[-89.366015,29.994315],[-89.366004,29.994281],[-89.366003,29.994243],[-89.36601,29.994209],[-89.366028,29.994178],[-89.366055,29.994154],[-89.36609,29.994136],[-89.366126,29.994125],[-89.366168,29.994127],[-89.366204,29.994136],[-89.366242,29.994153],[-89.366277,29.99418],[-89.366302,29.994214],[-89.366319,29.994252],[-89.36632,29.99429],[-89.366317,29.99433],[-89.366301,29.994371],[-89.366276,29.994407],[-89.366243,29.994437],[-89.366208,29.994458],[-89.366168,29.994469],[-89.366127,29.994474],[-89.366083,29.994469],[-89.366042,29.994459],[-89.366002,29.99444],[-89.365972,29.994411],[-89.365948,29.994379],[-89.365935,29.994343],[-89.36593,29.994305],[-89.365935,29.994267],[-89.365953,29.994228],[-89.365978,29.994193],[-89.366012,29.994167],[-89.366053,29.994143],[-89.366096,29.994134],[-89.36614,29.994132],[-89.366184,29.994138],[-89.366224,29.994153],[-89.366263,29.994177],[-89.366294,29.994206],[-89.366317,29.99424],[-89.366332,29.994279],[-89.366336,29.994317],[-89.366329,29.994357],[-89.366309,29.994397],[-89.366284,29.994434],[-89.366249,29.994462],[-89.36621,29.994481],[-89.366166,29.994495],[-89.366125,29.994502],[-89.366079,29.994502],[-89.366032,29.994493],[-89.365988,29.994477],[-89.365949,29.994455],[-89.365919,29.994427],[-89.365897,29.994393],[-89.365885,29.994351],[-89.365882,29.994307],[-89.365889,29.994265],[-89.365908,29.994223],[-89.365936,29.994184],[-89.365974,29.994154],[-89.366016,29.994131],[-89.366059,29.994117],[-89.366106,29.994114],[-89.366155,29.994119],[-89.366198,29.994136],[-89.36624,29.994161],[-89.366275,29.994189],[-89.3663,29.994229],[-89.366312,29.99427],[-89.366312,29.994313],[-89.366299,29.994357],[-89.366273,29.994398],[-89.366242,29.994432],[-89.366203,29.994457],[-89.366157,29.994476],[-89.366109,29.994486],[-89.366059,29.994487],[-89.36601,29.994477],[-89.365964,29.994462],[-89.365922,29.994438],[-89.365889,29.994409],[-89.365862,29.994376],[-89.365844,29.994335],[-89.365842,29.994292],[-89.365848,29.994249],[-89.365865,29.994204],[-89.365893,29.994165],[-89.365929,29.994137],[-89.365973,29.994113],[-89.366022,29.994096],[-89.366073,29.994089],[-89.366124,29.994091],[-89.366176,29.994099],[-89.366227,29.994115],[-89.366276,29.994138],[-89.366326,29.994162],[-89.366366,29.994191],[-89.366394,29.994231],[-89.366409,29.994271],[-89.366411,29.994314],[-89.366399,29.994356],[-89.366378,29.994392],[-89.366346,29.994421],[-89.366309,29.994444],[-89.366266,29.994456],[-89.366218,29.994457],[-89.366173,29.994449],[-89.366128,29.994431],[-89.366088,29.994406],[-89.366057,29.994374],[-89.366036,29.994337],[-89.366021,29.994294],[-89.36602,29.994251],[-89.366028,29.994208],[-89.366045,29.994166],[-89.366072,29.994125],[-89.366106,29.994094],[-89.36615,29.994069],[-89.366199,29.994052],[-89.366251,29.994043],[-89.3663,29.994047],[-89.366342,29.994061],[-89.366383,29.994083],[-89.366416,29.994113],[-89.366442,29.99415],[-89.366458,29.994193],[-89.36646,29.99424],[-89.366455,29.994287],[-89.36644,29.994334],[-89.366413,29.994375],[-89.366378,29.994411],[-89.366336,29.994444],[-89.366293,29.994471],[-89.366251,29.994487],[-89.366208,29.994491],[-89.366167,29.994488],[-89.366127,29.994474],[-89.366095,29.994453],[-89.36607,29.994421],[-89.366055,29.994385],[-89.366054,29.994343],[-89.366059,29.994302],[-89.366077,29.994259],[-89.366106,29.99422],[-89.366141,29.99419],[-89.36618,29.994169],[-89.366224,29.994159],[-89.366274,29.994159],[-89.366324,29.994166],[-89.36637,29.994182],[-89.366409,29.994209],[-89.36644,29.994241],[-89.366462,29.994279],[-89.366472,29.99432],[-89.366468,29.994364],[-89.366453,29.994406],[-89.366431,29.994442],[-89.3664,29.994467],[-89.366363,29.994485],[-89.36632,29.99449],[-89.366275,29.994489],[-89.366233,29.994479],[-89.366189,29.994464],[-89.366148,29.994436],[-89.366114,29.994405],[-89.366089,29.994362],[-89.366069,29.994321],[-89.36606,29.994278],[-89.36606,29.994237],[-89.366075,29.994197],[-89.3661,29.994166],[-89.366132,29.994142],[-89.36617,29.99413],[-89.366211,29.994128],[-89.366251,29.994141],[-89.366284,29.994166],[-89.366308,29.994195],[-89.366324,29.994233],[-89.366326,29.994273],[-89.366313,29.994315],[-89.366295,29.994352],[-89.366265,29.994384],[-89.366226,29.994412],[-89.366181,29.994431],[-89.366134,29.994442],[-89.366087,29.994442],[-89.366039,29.994435],[-89.365996,29.994419],[-89.365956,29.994394],[-89.365929,29.994363],[-89.365912,29.994327],[-89.365905,29.994286],[-89.365909,29.994242],[-89.365924,29.994202],[-89.365949,29.994164],[-89.365982,29.994137],[-89.366022,29.994119],[-89.366069,29.994114],[-89.366114,29.99412],[-89.366158,29.994137],[-89.366195,29.994162],[-89.366224,29.994195],[-89.366244,29.994232],[-89.366251,29.994273],[-89.366245,29.994313],[-89.366228,29.994348],[-89.366202,29.994379],[-89.366167,29.994407],[-89.366124,29.994427],[-89.366079,29.994439],[-89.366031,29.994438],[-89.365986,29.994426],[-89.365943,29.994408],[-89.365907,29.994381],[-89.365882,29.994344],[-89.365869,29.994307],[-89.365866,29.994267],[-89.365871,29.994229],[-89.365886,29.994191],[-89.365914,29.994157],[-89.365951,29.994128],[-89.365992,29.994112],[-89.366038,29.994103],[-89.366089,29.994104],[-89.366144,29.994114],[-89.366199,29.994125],[-89.366246,29.994143],[-89.366283,29.99417],[-89.366314,29.994201],[-89.366334,29.994238],[-89.366339,29.994276],[-89.366331,29.994316],[-89.366313,29.994354],[-89.366288,29.994388],[-89.366252,29.994411],[-89.366209,29.99443],[-89.366163,29.994438],[-89.366119,29.994437],[-89.366075,29.994429],[-89.366036,29.99441],[-89.366003,29.994382],[-89.365982,29.994345],[-89.365968,29.994304],[-89.365969,29.994263],[-89.365976,29.994219],[-89.365993,29.99418],[-89.366022,29.994147],[-89.366061,29.994122],[-89.366104,29.994105],[-89.366151,29.994099],[-89.3662,29.994103],[-89.366238,29.994115],[-89.366276,29.994133],[-89.366308,29.994153],[-89.366335,29.994165],[-89.3663,29.994148],[-89.36626,29.994127],[-89.366228,29.994114],[-89.3662,29.9941],[-89.36617,29.994084]]]}},{"type":"Feature","properties":{"d":"2025-06-17","material":"Limestone"},"geometry":{"type":"MultiLineString","coordinates":[[[-89.365524,29.994919],[-89.366025,29.994878],[-89.36605,29.994902],[-89.366063,29.994928],[-89.366067,29.994959],[-89.366067,29.994991],[-89.366056,29.995028],[-89.366036,29.995058],[-89.366005,29.995076],[-89.365964,29.99509],[-89.365923,29.995098],[-89.365881,29.995096],[-89.36584,29.995085],[-89.365813,29.995071],[-89.365788,29.995052],[-89.365768,29.995029],[-89.365754,29.995004],[-89.36574,29.994979],[-89.365732,29.99494],[-89.365734,29.994902],[-89.36575,29.994868],[-89.365774,29.994843],[-89.365813,29.994821],[-89.365842,29.994805],[-89.365873,29.994795],[-89.365904,29.994787],[-89.36595,29.994786],[-89.365984,29.994791],[-89.366025,29.994805],[-89.36605,29.994823],[-89.366073,29.994842],[-89.366089,29.994865],[-89.366107,29.994901],[-89.366119,29.994935],[-89.366125,29.994965],[-89.36611,29.994999],[-89.366089,29.995021],[-89.366062,29.995035],[-89.366031,29.995044],[-89.365996,29.995044],[-89.365956,29.995038],[-89.36592,29.995025],[-89.36589,29.995008],[-89.365867,29.994985],[-89.365851,29.994958],[-89.365849,29.994927],[-89.365851,29.994899],[-89.36586,29.994867],[-89.365882,29.994843],[-89.365912,29.994825],[-89.365944,29.994813],[-89.365978,29.994812],[-89.366014,29.994821],[-89.366048,29.994841],[-89.366075,29.994868],[-89.366094,29.9949],[-89.366106,29.994937],[-89.366108,29.994976],[-89.366103,29.995016],[-89.366084,29.995049],[-89.366054,29.995075],[-89.366022,29.995089],[-89.365988,29.995096],[-89.365951,29.995093],[-89.365917,29.995083],[-89.365883,29.995067],[-89.365859,29.99504],[-89.365841,29.995008],[-89.365834,29.994971],[-89.365834,29.99493],[-89.365845,29.994892],[-89.365869,29.994853],[-89.365892,29.994822],[-89.365922,29.994802],[-89.365959,29.994789],[-89.365996,29.994789],[-89.366032,29.994798],[-89.366064,29.994817],[-89.36609,29.994844],[-89.366107,29.994879],[-89.366115,29.994917],[-89.366112,29.994958],[-89.366098,29.994997],[-89.366074,29.995029],[-89.366037,29.995058],[-89.365984,29.995077],[-89.365927,29.995077],[-89.365874,29.995055],[-89.365838,29.995016],[-89.365827,29.994968],[-89.36583,29.994941],[-89.365849,29.994892],[-89.365889,29.994854],[-89.365942,29.994836],[-89.366003,29.994841],[-89.366051,29.994863],[-89.366075,29.994888],[-89.366091,29.994915],[-89.366104,29.994951],[-89.366106,29.994983],[-89.366075,29.994988],[-89.366049,29.994968],[-89.36602,29.994953]]]}},{"type":"Feature","properties":{"d":"2025-06-17","material":"Limestone"},"geometry":{"type":"MultiLineString","coordinates":[[[-89.365134,29.993682],[-89.365095,29.993711],[-89.365099,29.993741],[-89.365093,29.993776],[-89.365083,29.993808],[-89.365067,29.993837],[-89.365045,29.993867],[-89.365018,29.99389],[-89.364986,29.993911],[-89.364949,29.993927],[-89.364909,29.993934],[-89.364868,29.993939],[-89.364827,29.993933],[-89.364792,29.993924],[-89.364754,29.993905],[-89.364727,29.993884],[-89.364701,29.99386],[-89.364672,29.993835],[-89.364648,29.993806],[-89.364629,29.993778],[-89.364616,29.993745],[-89.364611,29.993711],[-89.364605,29.993676],[-89.364608,29.993641],[-89.364616,29.99361],[-89.364634,29.993578],[-89.364657,29.993552],[-89.364687,29.993532],[-89.364719,29.993514],[-89.364753,29.993505],[-89.36479,29.9935],[-89.364829,29.993498],[-89.364868,29.993501],[-89.364905,29.993511],[-89.36494,29.993524],[-89.36497,29.993541],[-89.365002,29.993569],[-89.365029,29.993599],[-89.365051,29.993632],[-89.365067,29.99367],[-89.365077,29.993711],[-89.365085,29.993751],[-89.365079,29.99379],[-89.365071,29.993824],[-89.365054,29.993856],[-89.36503,29.993888],[-89.365004,29.993914],[-89.364967,29.993938],[-89.364931,29.993955],[-89.364889,29.993963],[-89.364853,29.993963],[-89.364816,29.993958],[-89.36478,29.993949],[-89.364747,29.99393],[-89.364718,29.993907],[-89.364695,29.993883],[-89.364674,29.993851],[-89.364656,29.993817],[-89.36465,29.993783],[-89.364639,29.993749],[-89.364631,29.99371],[-89.364627,29.993672],[-89.364632,29.993636],[-89.364644,29.993604],[-89.364664,29.993574],[-89.364689,29.99355],[-89.364721,29.993532],[-89.364756,29.99352],[-89.364791,29.993513],[-89.364829,29.993511],[-89.364867,29.993515],[-89.3649,29.993523],[-89.364931,29.993537],[-89.364958,29.99356],[-89.364981,29.99359],[-89.364998,29.993624],[-89.365009,29.99366],[-89.365021,29.993696],[-89.365022,29.993734],[-89.365017,29.99377],[-89.365009,29.993804],[-89.364995,29.993834],[-89.36497,29.993867],[-89.364937,29.993892],[-89.364903,29.993911],[-89.364862,29.993925],[-89.364828,29.993929],[-89.364791,29.993929],[-89.364756,29.993924],[-89.364719,29.993907],[-89.364687,29.993885],[-89.364661,29.993858],[-89.364635,29.99383],[-89.364613,29.993803],[-89.364594,29.993772],[-89.364579,29.993735],[-89.364565,29.993697],[-89.36456,29.993658],[-89.364559,29.993619],[-89.364564,29.993583],[-89.364577,29.993548],[-89.364595,29.99352],[-89.364614,29.993493],[-89.364641,29.99347],[-89.364676,29.993451],[-89.36471,29.99344],[-89.36475,29.993429],[-89.36479,29.993425],[-89.364829,29.993427],[-89.364869,29.993433],[-89.364908,29.993442],[-89.364947,29.993455],[-89.364987,29.993474],[-89.365033,29.993505],[-89.365067,29.993545],[-89.365088,29.993578],[-89.365099,29.993609],[-89.365106,29.993637],[-89.365118,29.993674],[-89.365124,29.993704],[-89.365128,29.993732],[-89.365133,29.99376],[-89.365142,29.993795],[-89.365147,29.993827],[-89.365143,29.99386],[-89.365135,29.993891]]]}},{"type":"Feature","properties":{"d":"2025-06-18","material":"Limestone"},"geometry":{"type":"MultiLineString","coordinates":[[[-89.366746,29.99451],[-89.366712,29.994031],[-89.36675,29.99403],[-89.366791,29.99403],[-89.366829,29.994028],[-89.366865,29.994034],[-89.36691,29.994048],[-89.366941,29.994068],[-89.366961,29.994092],[-89.366987,29.994129],[-89.366997,29.994158],[-89.366997,29.994187],[-89.366998,29.99422],[-89.366992,29.994254],[-89.36697,29.994281],[-89.366948,29.994305],[-89.366917,29.994327],[-89.366886,29.994343],[-89.366852,29.994355],[-89.36682,29.994362],[-89.366778,29.994366],[-89.366737,29.994362],[-89.366703,29.994347],[-89.366678,29.994315],[-89.366653,29.994277],[-89.366631,29.99424],[-89.366624,29.994206],[-89.366615,29.994167],[-89.366614,29.99413],[-89.366619,29.994103],[-89.366633,29.994079],[-89.366658,29.994047],[-89.366675,29.994024],[-89.366693,29.993994],[-89.36673,29.993979],[-89.366759,29.99397],[-89.366808,29.99396],[-89.366841,29.993959],[-89.366872,29.993959],[-89.366915,29.993971],[-89.366941,29.993986],[-89.366972,29.994002],[-89.367002,29.994023],[-89.367025,29.994043],[-89.367045,29.994069],[-89.367067,29.994097],[-89.367085,29.994122],[-89.367094,29.994163],[-89.367088,29.994193],[-89.367077,29.994222],[-89.367063,29.994262],[-89.367049,29.994287],[-89.367032,29.994311],[-89.366998,29.994338],[-89.366972,29.994357],[-89.366933,29.994378],[-89.3669,29.994386],[-89.366856,29.994393],[-89.366812,29.994394],[-89.366781,29.994391],[-89.366739,29.994374],[-89.366706,29.994359],[-89.366676,29.994344],[-89.366651,29.994326],[-89.366633,29.994302],[-89.366612,29.994273],[-89.366598,29.994247],[-89.366591,29.994219],[-89.366584,29.994189],[-89.366576,29.994149],[-89.36658,29.994119],[-89.366584,29.994091],[-89.366603,29.99406],[-89.366629,29.994028],[-89.366647,29.994005],[-89.366688,29.993988],[-89.366714,29.993974],[-89.366745,29.993963],[-89.366781,29.99396],[-89.366813,29.993959],[-89.366855,29.993962],[-89.366896,29.993975],[-89.366921,29.993991],[-89.366956,29.994017],[-89.366977,29.994041],[-89.366996,29.994066],[-89.367015,29.994094],[-89.367034,29.994122],[-89.367041,29.994151],[-89.367049,29.99418],[-89.367054,29.994211],[-89.367049,29.994244],[-89.367043,29.994274],[-89.367036,29.994305],[-89.367028,29.994331],[-89.367014,29.994359],[-89.366997,29.994388],[-89.366982,29.994412],[-89.366956,29.994431],[-89.366928,29.994447],[-89.366895,29.994468],[-89.366854,29.994471],[-89.366819,29.994474],[-89.366776,29.994465],[-89.366747,29.994449],[-89.36671,29.994428],[-89.366689,29.994402],[-89.366673,29.994374],[-89.36666,29.994349],[-89.36665,29.994323],[-89.366651,29.994296],[-89.366653,29.994268],[-89.366652,29.994239],[-89.366656,29.99421],[-89.366669,29.994178],[-89.366681,29.994148],[-89.366703,29.994112],[-89.366722,29.99409],[-89.366745,29.99407],[-89.366767,29.994048],[-89.3668,29.994018],[-89.366841,29.993994],[-89.366874,29.993983],[-89.366918,29.993974],[-89.366954,29.993973],[-89.366988,29.993976],[-89.367028,29.993987],[-89.367059,29.993998],[-89.367095,29.99402],[-89.367122,29.99405],[-89.367134,29.994077],[-89.36714,29.994111],[-89.36714,29.99415],[-89.367133,29.994177],[-89.367123,29.994204],[-89.367115,29.994234],[-89.367091,29.994262],[-89.367055,29.994287],[-89.367015,29.994303],[-89.366973,29.99432],[-89.366939,29.994323],[-89.36689,29.994324],[-89.366849,29.994316],[-89.366811,29.994304],[-89.366777,29.994294],[-89.366734,29.994273],[-89.366704,29.994248],[-89.366681,29.994227],[-89.366651,29.994196],[-89.366632,29.994163],[-89.366625,29.994133],[-89.366618,29.994105],[-89.366615,29.994077],[-89.366625,29.99405],[-89.366638,29.994025],[-89.366655,29.993987],[-89.366673,29.993965],[-89.366708,29.993945],[-89.366744,29.993931],[-89.366783,29.99392],[-89.36683,29.993912],[-89.366868,29.993911],[-89.366914,29.993913],[-89.366956,29.993923],[-89.366985,29.993934],[-89.36702,29.99395],[-89.367051,29.993967],[-89.367084,29.993994],[-89.367112,29.994019],[-89.367123,29.994045],[-89.36713,29.994072],[-89.367132,29.994113],[-89.367131,29.99414],[-89.367133,29.99417],[-89.367124,29.99421],[-89.367118,29.994246],[-89.367101,29.99427],[-89.367085,29.994297],[-89.367068,29.994322],[-89.36703,29.994349],[-89.366994,29.994365],[-89.366961,29.994377],[-89.366927,29.994389],[-89.366896,29.994397],[-89.366863,29.994401],[-89.366827,29.994406],[-89.366788,29.994407],[-89.36675,29.994404],[-89.366705,29.994399],[-89.366668,29.994395],[-89.36664,29.994384],[-89.366613,29.994368],[-89.366587,29.994346],[-89.366561,29.994324],[-89.366533,29.994297],[-89.36651,29.994271],[-89.366492,29.994239],[-89.366486,29.994209],[-89.366488,29.994178],[-89.3665,29.994148],[-89.366505,29.994121],[-89.366521,29.994094],[-89.366543,29.994073],[-89.366566,29.99405],[-89.366596,29.994033],[-89.366627,29.994022],[-89.366663,29.994011],[-89.366702,29.994005],[-89.366738,29.994003],[-89.366774,29.994003],[-89.366819,29.994004],[-89.366864,29.994009],[-89.366908,29.994016],[-89.366945,29.994023],[-89.36698,29.994038],[-89.367007,29.994054],[-89.36703,29.994077],[-89.367046,29.994101],[-89.367063,29.994139],[-89.367069,29.994176],[-89.367072,29.994209],[-89.367064,29.994239],[-89.367048,29.994267],[-89.367024,29.994286],[-89.366996,29.994309],[-89.36697,29.994327],[-89.366929,29.994343],[-89.366897,29.994347],[-89.36685,29.994346],[-89.366819,29.994338],[-89.366785,29.994327],[-89.366756,29.994312],[-89.366729,29.994289],[-89.366706,29.99427],[-89.366686,29.994234],[-89.366676,29.994206],[-89.366673,29.994178],[-89.366676,29.994149],[-89.366683,29.994119],[-89.3667,29.994081],[-89.366721,29.99406],[-89.366749,29.994042],[-89.366776,29.994025],[-89.366807,29.994015],[-89.366838,29.994005],[-89.366887,29.993997],[-89.366925,29.993999],[-89.36696,29.994004],[-89.366995,29.994015],[-89.367027,29.994029],[-89.367061,29.994057],[-89.367079,29.99408],[-89.367088,29.994118],[-89.36709,29.994147],[-89.36708,29.994174],[-89.36707,29.9942],[-89.367052,29.994225],[-89.367028,29.994246],[-89.367003,29.994265],[-89.366975,29.994279],[-89.366933,29.994292],[-89.366898,29.99429],[-89.366866,29.994284],[-89.366832,29.994279],[-89.366798,29.994268],[-89.36677,29.994251],[-89.366737,29.994223],[-89.366717,29.994201],[-89.366698,29.994176],[-89.366686,29.994147],[-89.366678,29.994119],[-89.366674,29.994088],[-89.366679,29.99406],[-89.366689,29.99403],[-89.366709,29.993995],[-89.366736,29.993969],[-89.366763,29.993953],[-89.366804,29.993934],[-89.366836,29.993926],[-89.366868,29.993924],[-89.366898,29.993931],[-89.366934,29.993941],[-89.366968,29.993958],[-89.366999,29.993975],[-89.367025,29.993997],[-89.367048,29.994022],[-89.367069,29.994049],[-89.367084,29.994077],[-89.367098,29.994107],[-89.367102,29.994135],[-89.367101,29.994165],[-89.367097,29.994197],[-89.367089,29.99423],[-89.367076,29.994261],[-89.36706,29.994287],[-89.367036,29.99431],[-89.367006,29.994328],[-89.366974,29.994345],[-89.366941,29.994358],[-89.366907,29.994368],[-89.366873,29.99437],[-89.366835,29.994366],[-89.3668,29.99436],[-89.366767,29.994348],[-89.366739,29.994331],[-89.366719,29.994309],[-89.366699,29.994285],[-89.36668,29.994258],[-89.366667,29.994229],[-89.366658,29.9942],[-89.366651,29.994167],[-89.366652,29.994136],[-89.366657,29.994104],[-89.366667,29.994074],[-89.366694,29.994041],[-89.366713,29.994019],[-89.366738,29.994],[-89.366764,29.993982],[-89.366798,29.99397],[-89.366831,29.993962],[-89.366868,29.993956],[-89.366899,29.993955],[-89.366937,29.993955],[-89.366975,29.993959],[-89.367013,29.99397],[-89.367045,29.993985],[-89.367076,29.994003],[-89.367107,29.994032],[-89.367121,29.994067],[-89.367125,29.994095],[-89.367118,29.994133],[-89.367105,29.99416],[-89.36709,29.994191],[-89.367069,29.994218],[-89.367047,29.994239],[-89.367015,29.994261],[-89.366984,29.994281],[-89.366949,29.994295],[-89.366917,29.994303],[-89.36687,29.994306],[-89.366825,29.994295],[-89.366791,29.994274],[-89.366759,29.994243],[-89.366742,29.994219],[-89.366728,29.994192],[-89.366724,29.994165],[-89.366727,29.994136],[-89.366735,29.994107],[-89.366748,29.99408],[-89.366765,29.994054],[-89.366785,29.99403],[-89.366809,29.994011],[-89.366835,29.993995],[-89.366864,29.993982],[-89.366907,29.993974],[-89.366952,29.993974],[-89.366983,29.99398],[-89.367019,29.993992],[-89.367051,29.994003],[-89.36708,29.994012],[-89.367063,29.993989],[-89.367035,29.993974],[-89.367002,29.993957],[-89.366974,29.993941],[-89.366941,29.993936]]]}}]}