{"type":"FeatureCollection","name":"lease_30260_polling","features":[{"type":"Feature","properties":{"s":"firm","phase":"before"},"geometry":{"type":"Point","coordinates":[-89.366027,29.992755]}},{"type":"Feature","properties":{"s":"firm","phase":"before"},"geometry":{"type":"Point","coordinates":[-89.366247,29.992723]}},{"type":"Feature","properties":{"s":"firm","phase":"before"},"geometry":{"type":"Point","coordinates":[-89.366458,29.992681]}},{"type":"Feature","properties":{"s":"firm","phase":"before"},"geometry":{"type":"Point","coordinates":[-89.358177,29.994634]}},{"type":"Feature","properties":{"s":"firm","phase":"before"},"geometry":{"type":"Point","coordinates":[-89.358357,29.994598]}},{"type":"Feature","properties":{"s":"firm","phase":"before"},"geometry":{"type":"Point","coordinates":[-89.358543,29.994564]}},{"type":"Feature","properties":{"s":"firm","phase":"before"},"geometry":{"type":"Point","coordinates":[-89.358729,29.994523]}},{"type":"Feature","properties":{"s":"firm","phase":"before"},"geometry":{"type":"Point","coordinates":[-89.358966,29.994495]}},{"type":"Feature","properties":{"s":"firm","phase":"before"},"geometry":{"type":"Point","coordinates":[-89.359103,29.994477]}},{"type":"Feature","properties":{"s":"firm","phase":"before"},"geometry":{"type":"Point","coordinates":[-89.359362,29.994456]}},{"type":"Feature","properties":{"s":"firm","phase":"before"},"geometry":{"type":"Point","coordinates":[-89.35959,29.99443]}},{"type":"Feature","properties":{"s":"firm","phase":"before"},"geometry":{"type":"Point","coordinates":[-89.359818,29.99441]}},{"type":"Feature","properties":{"s":"firm","phase":"before"},"geometry":{"type":"Point","coordinates":[-89.360147,29.994364]}},{"type":"Feature","properties":{"s":"firm","phase":"before"},"geometry":{"type":"Point","coordinates":[-89.362283,29.994349]}},{"type":"Feature","properties":{"s":"firm","phase":"before"},"geometry":{"type":"Point","coordinates":[-89.362551,29.994399]}},{"type":"Feature","properties":{"s":"firm","phase":"before"},"geometry":{"type":"Point","coordinates":[-89.362722,29.994447]}},{"type":"Feature","properties":{"s":"firm","phase":"before"},"geometry":{"type":"Point","coordinates":[-89.362884,29.994523]}},{"type":"Feature","properties":{"s":"firm","phase":"before"},"geometry":{"type":"Point","coordinates":[-89.363056,29.994634]}},{"type":"Feature","properties":{"s":"firm","phase":"before"},"geometry":{"type":"Point","coordinates":[-89.363203,29.99474]}},{"type":"Feature","properties":{"s":"firm","phase":"before"},"geometry":{"type":"Point","coordinates":[-89.36343,29.994929]}},{"type":"Feature","properties":{"s":"firm","phase":"before"},"geometry":{"type":"Point","coordinates":[-89.363526,29.995014]}},{"type":"Feature","properties":{"s":"firm","phase":"before"},"geometry":{"type":"Point","coordinates":[-89.360748,29.994824]}},{"type":"Feature","properties":{"s":"firm","phase":"before"},"geometry":{"type":"Point","coordinates":[-89.360582,29.994844]}},{"type":"Feature","properties":{"s":"firm","phase":"before"},"geometry":{"type":"Point","coordinates":[-89.360421,29.994867]}},{"type":"Feature","properties":{"s":"firm","phase":"before"},"geometry":{"type":"Point","coordinates":[-89.360218,29.994898]}},{"type":"Feature","properties":{"s":"firm","phase":"before"},"geometry":{"type":"Point","coordinates":[-89.360018,29.994947]}},{"type":"Feature","properties":{"s":"firm","phase":"before"},"geometry":{"type":"Point","coordinates":[-89.35985,29.994985]}},{"type":"Feature","properties":{"s":"firm","phase":"before"},"geometry":{"type":"Point","coordinates":[-89.359652,29.995027]}},{"type":"Feature","properties":{"s":"firm","phase":"before"},"geometry":{"type":"Point","coordinates":[-89.359488,29.99505]}},{"type":"Feature","properties":{"s":"buried","phase":"before"},"geometry":{"type":"Point","coordinates":[-89.359323,29.995056]}},{"type":"Feature","properties":{"s":"firm","phase":"before"},"geometry":{"type":"Point","coordinates":[-89.359151,29.995061]}},{"type":"Feature","properties":{"s":"firm","phase":"before"},"geometry":{"type":"Point","coordinates":[-89.358902,29.995071]}},{"type":"Feature","properties":{"s":"firm","phase":"before"},"geometry":{"type":"Point","coordinates":[-89.358734,29.99508]}},{"type":"Feature","properties":{"s":"firm","phase":"before"},"geometry":{"type":"Point","coordinates":[-89.358533,29.995087]}},{"type":"Feature","properties":{"s":"firm","phase":"before"},"geometry":{"type":"Point","coordinates":[-89.358325,29.995094]}},{"type":"Feature","properties":{"s":"firm","phase":"before"},"geometry":{"type":"Point","coordinates":[-89.358112,29.995104]}},{"type":"Feature","properties":{"s":"firm","phase":"before"},"geometry":{"type":"Point","coordinates":[-89.357953,29.995106]}},{"type":"Feature","properties":{"s":"firm","phase":"before"},"geometry":{"type":"Point","coordinates":[-89.357784,29.995106]}},{"type":"Feature","properties":{"s":"firm","phase":"before"},"geometry":{"type":"Point","coordinates":[-89.357574,29.995105]}},{"type":"Feature","properties":{"s":"firm","phase":"before"},"geometry":{"type":"Point","coordinates":[-89.357724,29.995383]}},{"type":"Feature","properties":{"s":"firm","phase":"before"},"geometry":{"type":"Point","coordinates":[-89.358073,29.995334]}},{"type":"Feature","properties":{"s":"firm","phase":"before"},"geometry":{"type":"Point","coordinates":[-89.358321,29.995326]}},{"type":"Feature","properties":{"s":"firm","phase":"before"},"geometry":{"type":"Point","coordinates":[-89.358617,29.995333]}},{"type":"Feature","properties":{"s":"firm","phase":"before"},"geometry":{"type":"Point","coordinates":[-89.35893,29.995353]}},{"type":"Feature","properties":{"s":"firm","phase":"before"},"geometry":{"type":"Point","coordinates":[-89.35936,29.995383]}},{"type":"Feature","properties":{"s":"firm","phase":"before"},"geometry":{"type":"Point","coordinates":[-89.359681,29.995358]}},{"type":"Feature","properties":{"s":"firm","phase":"before"},"geometry":{"type":"Point","coordinates":[-89.359992,29.995291]}},{"type":"Feature","properties":{"s":"firm","phase":"before"},"geometry":{"type":"Point","coordinates":[-89.360307,29.995222]}},{"type":"Feature","properties":{"s":"firm","phase":"before"},"geometry":{"type":"Point","coordinates":[-89.360538,29.995173]}},{"type":"Feature","properties":{"s":"firm","phase":"before"},"geometry":{"type":"Point","coordinates":[-89.360823,29.995132]}},{"type":"Feature","properties":{"s":"firm","phase":"before"},"geometry":{"type":"Point","coordinates":[-89.361059,29.995102]}},{"type":"Feature","properties":{"s":"firm","phase":"before"},"geometry":{"type":"Point","coordinates":[-89.361356,29.995072]}},{"type":"Feature","properties":{"s":"firm","phase":"before"},"geometry":{"type":"Point","coordinates":[-89.361664,29.995024]}},{"type":"Feature","properties":{"s":"firm","phase":"before"},"geometry":{"type":"Point","coordinates":[-89.36198,29.994969]}},{"type":"Feature","properties":{"s":"firm","phase":"before"},"geometry":{"type":"Point","coordinates":[-89.362303,29.994914]}},{"type":"Feature","properties":{"s":"firm","phase":"before"},"geometry":{"type":"Point","coordinates":[-89.362696,29.994894]}},{"type":"Feature","properties":{"s":"firm","phase":"before"},"geometry":{"type":"Point","coordinates":[-89.363155,29.994874]}},{"type":"Feature","properties":{"s":"firm","phase":"before"},"geometry":{"type":"Point","coordinates":[-89.363391,29.994854]}},{"type":"Feature","properties":{"s":"firm","phase":"before"},"geometry":{"type":"Point","coordinates":[-89.363767,29.994807]}},{"type":"Feature","properties":{"s":"firm","phase":"before"},"geometry":{"type":"Point","coordinates":[-89.364013,29.994785]}},{"type":"Feature","properties":{"s":"firm","phase":"before"},"geometry":{"type":"Point","coordinates":[-89.364323,29.994739]}},{"type":"Feature","properties":{"s":"firm","phase":"before"},"geometry":{"type":"Point","coordinates":[-89.364573,29.99472]}},{"type":"Feature","properties":{"s":"firm","phase":"before"},"geometry":{"type":"Point","coordinates":[-89.364969,29.994717]}},{"type":"Feature","properties":{"s":"firm","phase":"before"},"geometry":{"type":"Point","coordinates":[-89.365291,29.994707]}},{"type":"Feature","properties":{"s":"firm","phase":"before"},"geometry":{"type":"Point","coordinates":[-89.365601,29.994683]}},{"type":"Feature","properties":{"s":"firm","phase":"before"},"geometry":{"type":"Point","coordinates":[-89.365892,29.994657]}},{"type":"Feature","properties":{"s":"firm","phase":"before"},"geometry":{"type":"Point","coordinates":[-89.366134,29.994653]}},{"type":"Feature","properties":{"s":"firm","phase":"before"},"geometry":{"type":"Point","coordinates":[-89.366424,29.994665]}},{"type":"Feature","properties":{"s":"firm","phase":"before"},"geometry":{"type":"Point","coordinates":[-89.366796,29.994678]}},{"type":"Feature","properties":{"s":"firm","phase":"before"},"geometry":{"type":"Point","coordinates":[-89.367054,29.994679]}},{"type":"Feature","properties":{"s":"firm","phase":"before"},"geometry":{"type":"Point","coordinates":[-89.367391,29.99468]}},{"type":"Feature","properties":{"s":"firm","phase":"before"},"geometry":{"type":"Point","coordinates":[-89.367768,29.994669]}},{"type":"Feature","properties":{"s":"firm","phase":"before"},"geometry":{"type":"Point","coordinates":[-89.368087,29.994656]}},{"type":"Feature","properties":{"s":"firm","phase":"before"},"geometry":{"type":"Point","coordinates":[-89.368346,29.994649]}},{"type":"Feature","properties":{"s":"firm","phase":"before"},"geometry":{"type":"Point","coordinates":[-89.368648,29.994652]}},{"type":"Feature","properties":{"s":"firm","phase":"before"},"geometry":{"type":"Point","coordinates":[-89.368953,29.994676]}},{"type":"Feature","properties":{"s":"firm","phase":"before"},"geometry":{"type":"Point","coordinates":[-89.369208,29.994694]}},{"type":"Feature","properties":{"s":"firm","phase":"before"},"geometry":{"type":"Point","coordinates":[-89.369531,29.994714]}},{"type":"Feature","properties":{"s":"firm","phase":"before"},"geometry":{"type":"Point","coordinates":[-89.369908,29.99475]}},{"type":"Feature","properties":{"s":"firm","phase":"before"},"geometry":{"type":"Point","coordinates":[-89.370217,29.994792]}},{"type":"Feature","properties":{"s":"firm","phase":"before"},"geometry":{"type":"Point","coordinates":[-89.370532,29.994784]}},{"type":"Feature","properties":{"s":"firm","phase":"before"},"geometry":{"type":"Point","coordinates":[-89.370783,29.994764]}},{"type":"Feature","properties":{"s":"firm","phase":"before"},"geometry":{"type":"Point","coordinates":[-89.371174,29.99475]}},{"type":"Feature","properties":{"s":"firm","phase":"before"},"geometry":{"type":"Point","coordinates":[-89.371499,29.994746]}},{"type":"Feature","properties":{"s":"firm","phase":"before"},"geometry":{"type":"Point","coordinates":[-89.371749,29.994764]}},{"type":"Feature","properties":{"s":"firm","phase":"before"},"geometry":{"type":"Point","coordinates":[-89.371744,29.995086]}},{"type":"Feature","properties":{"s":"firm","phase":"before"},"geometry":{"type":"Point","coordinates":[-89.371413,29.995112]}},{"type":"Feature","properties":{"s":"firm","phase":"before"},"geometry":{"type":"Point","coordinates":[-89.371164,29.995105]}},{"type":"Feature","properties":{"s":"firm","phase":"before"},"geometry":{"type":"Point","coordinates":[-89.370957,29.995096]}},{"type":"Feature","properties":{"s":"firm","phase":"before"},"geometry":{"type":"Point","coordinates":[-89.370793,29.995075]}},{"type":"Feature","properties":{"s":"firm","phase":"before"},"geometry":{"type":"Point","coordinates":[-89.370589,29.995068]}},{"type":"Feature","properties":{"s":"firm","phase":"before"},"geometry":{"type":"Point","coordinates":[-89.370431,29.995054]}},{"type":"Feature","properties":{"s":"firm","phase":"before"},"geometry":{"type":"Point","coordinates":[-89.370211,29.995039]}},{"type":"Feature","properties":{"s":"firm","phase":"before"},"geometry":{"type":"Point","coordinates":[-89.370002,29.995035]}},{"type":"Feature","properties":{"s":"firm","phase":"before"},"geometry":{"type":"Point","coordinates":[-89.369753,29.995032]}},{"type":"Feature","properties":{"s":"firm","phase":"before"},"geometry":{"type":"Point","coordinates":[-89.369534,29.995024]}},{"type":"Feature","properties":{"s":"firm","phase":"before"},"geometry":{"type":"Point","coordinates":[-89.369325,29.995013]}},{"type":"Feature","properties":{"s":"firm","phase":"before"},"geometry":{"type":"Point","coordinates":[-89.369117,29.994998]}},{"type":"Feature","properties":{"s":"firm","phase":"before"},"geometry":{"type":"Point","coordinates":[-89.368865,29.994976]}},{"type":"Feature","properties":{"s":"firm","phase":"before"},"geometry":{"type":"Point","coordinates":[-89.368621,29.994943]}},{"type":"Feature","properties":{"s":"firm","phase":"before"},"geometry":{"type":"Point","coordinates":[-89.368446,29.994925]}},{"type":"Feature","properties":{"s":"firm","phase":"before"},"geometry":{"type":"Point","coordinates":[-89.368277,29.994937]}},{"type":"Feature","properties":{"s":"firm","phase":"before"},"geometry":{"type":"Point","coordinates":[-89.368078,29.994944]}},{"type":"Feature","properties":{"s":"firm","phase":"before"},"geometry":{"type":"Point","coordinates":[-89.367837,29.994953]}},{"type":"Feature","properties":{"s":"firm","phase":"before"},"geometry":{"type":"Point","coordinates":[-89.367622,29.994963]}},{"type":"Feature","properties":{"s":"firm","phase":"before"},"geometry":{"type":"Point","coordinates":[-89.367447,29.994964]}},{"type":"Feature","properties":{"s":"firm","phase":"before"},"geometry":{"type":"Point","coordinates":[-89.367156,29.994958]}},{"type":"Feature","properties":{"s":"firm","phase":"before"},"geometry":{"type":"Point","coordinates":[-89.366945,29.994968]}},{"type":"Feature","properties":{"s":"firm","phase":"before"},"geometry":{"type":"Point","coordinates":[-89.366689,29.994955]}},{"type":"Feature","properties":{"s":"firm","phase":"before"},"geometry":{"type":"Point","coordinates":[-89.366476,29.99496]}},{"type":"Feature","properties":{"s":"firm","phase":"before"},"geometry":{"type":"Point","coordinates":[-89.366229,29.994967]}},{"type":"Feature","properties":{"s":"firm","phase":"before"},"geometry":{"type":"Point","coordinates":[-89.365984,29.995002]}},{"type":"Feature","properties":{"s":"firm","phase":"before"},"geometry":{"type":"Point","coordinates":[-89.365821,29.995043]}},{"type":"Feature","properties":{"s":"firm","phase":"before"},"geometry":{"type":"Point","coordinates":[-89.365618,29.995093]}},{"type":"Feature","properties":{"s":"firm","phase":"before"},"geometry":{"type":"Point","coordinates":[-89.36546,29.995133]}},{"type":"Feature","properties":{"s":"firm","phase":"before"},"geometry":{"type":"Point","coordinates":[-89.365223,29.995185]}},{"type":"Feature","properties":{"s":"firm","phase":"before"},"geometry":{"type":"Point","coordinates":[-89.364972,29.995236]}},{"type":"Feature","properties":{"s":"firm","phase":"before"},"geometry":{"type":"Point","coordinates":[-89.36476,29.995276]}},{"type":"Feature","properties":{"s":"firm","phase":"before"},"geometry":{"type":"Point","coordinates":[-89.364518,29.995298]}},{"type":"Feature","properties":{"s":"firm","phase":"before"},"geometry":{"type":"Point","coordinates":[-89.364265,29.99532]}},{"type":"Feature","properties":{"s":"firm","phase":"before"},"geometry":{"type":"Point","coordinates":[-89.364019,29.995331]}},{"type":"Feature","properties":{"s":"firm","phase":"before"},"geometry":{"type":"Point","coordinates":[-89.363808,29.995343]}},{"type":"Feature","properties":{"s":"firm","phase":"before"},"geometry":{"type":"Point","coordinates":[-89.363547,29.995359]}},{"type":"Feature","properties":{"s":"firm","phase":"before"},"geometry":{"type":"Point","coordinates":[-89.363337,29.995371]}},{"type":"Feature","properties":{"s":"firm","phase":"before"},"geometry":{"type":"Point","coordinates":[-89.363129,29.995379]}},{"type":"Feature","properties":{"s":"firm","phase":"before"},"geometry":{"type":"Point","coordinates":[-89.362921,29.995379]}},{"type":"Feature","properties":{"s":"firm","phase":"before"},"geometry":{"type":"Point","coordinates":[-89.362673,29.995378]}},{"type":"Feature","properties":{"s":"firm","phase":"before"},"geometry":{"type":"Point","coordinates":[-89.362468,29.99538]}},{"type":"Feature","properties":{"s":"firm","phase":"before"},"geometry":{"type":"Point","coordinates":[-89.362213,29.995383]}},{"type":"Feature","properties":{"s":"firm","phase":"before"},"geometry":{"type":"Point","coordinates":[-89.361896,29.995393]}},{"type":"Feature","properties":{"s":"firm","phase":"before"},"geometry":{"type":"Point","coordinates":[-89.361731,29.995388]}},{"type":"Feature","properties":{"s":"firm","phase":"before"},"geometry":{"type":"Point","coordinates":[-89.361522,29.995391]}},{"type":"Feature","properties":{"s":"firm","phase":"before"},"geometry":{"type":"Point","coordinates":[-89.361265,29.99541]}},{"type":"Feature","properties":{"s":"firm","phase":"before"},"geometry":{"type":"Point","coordinates":[-89.361068,29.995432]}},{"type":"Feature","properties":{"s":"firm","phase":"before"},"geometry":{"type":"Point","coordinates":[-89.36085,29.995473]}},{"type":"Feature","properties":{"s":"firm","phase":"before"},"geometry":{"type":"Point","coordinates":[-89.360683,29.995486]}},{"type":"Feature","properties":{"s":"firm","phase":"before"},"geometry":{"type":"Point","coordinates":[-89.360476,29.995506]}},{"type":"Feature","properties":{"s":"firm","phase":"before"},"geometry":{"type":"Point","coordinates":[-89.360232,29.995521]}},{"type":"Feature","properties":{"s":"firm","phase":"before"},"geometry":{"type":"Point","coordinates":[-89.35999,29.995519]}},{"type":"Feature","properties":{"s":"firm","phase":"before"},"geometry":{"type":"Point","coordinates":[-89.359734,29.995541]}},{"type":"Feature","properties":{"s":"firm","phase":"before"},"geometry":{"type":"Point","coordinates":[-89.359578,29.995561]}},{"type":"Feature","properties":{"s":"firm","phase":"before"},"geometry":{"type":"Point","coordinates":[-89.359374,29.995584]}},{"type":"Feature","properties":{"s":"firm","phase":"before"},"geometry":{"type":"Point","coordinates":[-89.359215,29.995607]}},{"type":"Feature","properties":{"s":"firm","phase":"before"},"geometry":{"type":"Point","coordinates":[-89.359012,29.995629]}},{"type":"Feature","properties":{"s":"firm","phase":"before"},"geometry":{"type":"Point","coordinates":[-89.35876,29.995656]}},{"type":"Feature","properties":{"s":"firm","phase":"before"},"geometry":{"type":"Point","coordinates":[-89.358549,29.995676]}},{"type":"Feature","properties":{"s":"firm","phase":"before"},"geometry":{"type":"Point","coordinates":[-89.358337,29.99569]}},{"type":"Feature","properties":{"s":"firm","phase":"before"},"geometry":{"type":"Point","coordinates":[-89.358133,29.995699]}},{"type":"Feature","properties":{"s":"firm","phase":"before"},"geometry":{"type":"Point","coordinates":[-89.357964,29.995714]}},{"type":"Feature","properties":{"s":"firm","phase":"before"},"geometry":{"type":"Point","coordinates":[-89.358142,29.995812]}},{"type":"Feature","properties":{"s":"firm","phase":"before"},"geometry":{"type":"Point","coordinates":[-89.358406,29.995864]}},{"type":"Feature","properties":{"s":"firm","phase":"before"},"geometry":{"type":"Point","coordinates":[-89.35875,29.995908]}},{"type":"Feature","properties":{"s":"firm","phase":"before"},"geometry":{"type":"Point","coordinates":[-89.359268,29.99589]}},{"type":"Feature","properties":{"s":"firm","phase":"before"},"geometry":{"type":"Point","coordinates":[-89.359567,29.995808]}},{"type":"Feature","properties":{"s":"firm","phase":"before"},"geometry":{"type":"Point","coordinates":[-89.359867,29.995737]}},{"type":"Feature","properties":{"s":"firm","phase":"before"},"geometry":{"type":"Point","coordinates":[-89.36013,29.995709]}},{"type":"Feature","properties":{"s":"firm","phase":"before"},"geometry":{"type":"Point","coordinates":[-89.360569,29.99563]}},{"type":"Feature","properties":{"s":"firm","phase":"before"},"geometry":{"type":"Point","coordinates":[-89.360839,29.995595]}},{"type":"Feature","properties":{"s":"firm","phase":"before"},"geometry":{"type":"Point","coordinates":[-89.361223,29.995568]}},{"type":"Feature","properties":{"s":"firm","phase":"before"},"geometry":{"type":"Point","coordinates":[-89.361537,29.995551]}},{"type":"Feature","properties":{"s":"firm","phase":"before"},"geometry":{"type":"Point","coordinates":[-89.361849,29.995569]}},{"type":"Feature","properties":{"s":"firm","phase":"before"},"geometry":{"type":"Point","coordinates":[-89.362159,29.99559]}},{"type":"Feature","properties":{"s":"firm","phase":"before"},"geometry":{"type":"Point","coordinates":[-89.362426,29.99561]}},{"type":"Feature","properties":{"s":"firm","phase":"before"},"geometry":{"type":"Point","coordinates":[-89.362739,29.995624]}},{"type":"Feature","properties":{"s":"firm","phase":"before"},"geometry":{"type":"Point","coordinates":[-89.363109,29.995626]}},{"type":"Feature","properties":{"s":"firm","phase":"before"},"geometry":{"type":"Point","coordinates":[-89.363482,29.995632]}},{"type":"Feature","properties":{"s":"firm","phase":"before"},"geometry":{"type":"Point","coordinates":[-89.363859,29.995647]}},{"type":"Feature","properties":{"s":"firm","phase":"before"},"geometry":{"type":"Point","coordinates":[-89.364248,29.995631]}},{"type":"Feature","properties":{"s":"firm","phase":"before"},"geometry":{"type":"Point","coordinates":[-89.364497,29.995606]}},{"type":"Feature","properties":{"s":"firm","phase":"before"},"geometry":{"type":"Point","coordinates":[-89.36474,29.995577]}},{"type":"Feature","properties":{"s":"firm","phase":"before"},"geometry":{"type":"Point","coordinates":[-89.365059,29.995552]}},{"type":"Feature","properties":{"s":"firm","phase":"before"},"geometry":{"type":"Point","coordinates":[-89.365449,29.995519]}},{"type":"Feature","properties":{"s":"firm","phase":"before"},"geometry":{"type":"Point","coordinates":[-89.365836,29.9955]}},{"type":"Feature","properties":{"s":"firm","phase":"before"},"geometry":{"type":"Point","coordinates":[-89.36617,29.995465]}},{"type":"Feature","properties":{"s":"firm","phase":"before"},"geometry":{"type":"Point","coordinates":[-89.366425,29.995424]}},{"type":"Feature","properties":{"s":"firm","phase":"before"},"geometry":{"type":"Point","coordinates":[-89.366755,29.995369]}},{"type":"Feature","properties":{"s":"firm","phase":"before"},"geometry":{"type":"Point","coordinates":[-89.367116,29.995324]}},{"type":"Feature","properties":{"s":"firm","phase":"before"},"geometry":{"type":"Point","coordinates":[-89.367386,29.995319]}},{"type":"Feature","properties":{"s":"firm","phase":"before"},"geometry":{"type":"Point","coordinates":[-89.367648,29.995313]}},{"type":"Feature","properties":{"s":"firm","phase":"before"},"geometry":{"type":"Point","coordinates":[-89.367907,29.995294]}},{"type":"Feature","properties":{"s":"firm","phase":"before"},"geometry":{"type":"Point","coordinates":[-89.368149,29.995282]}},{"type":"Feature","properties":{"s":"firm","phase":"before"},"geometry":{"type":"Point","coordinates":[-89.36859,29.995294]}},{"type":"Feature","properties":{"s":"firm","phase":"before"},"geometry":{"type":"Point","coordinates":[-89.368854,29.995299]}},{"type":"Feature","properties":{"s":"firm","phase":"before"},"geometry":{"type":"Point","coordinates":[-89.369184,29.995305]}},{"type":"Feature","properties":{"s":"firm","phase":"before"},"geometry":{"type":"Point","coordinates":[-89.369571,29.995297]}},{"type":"Feature","properties":{"s":"firm","phase":"before"},"geometry":{"type":"Point","coordinates":[-89.3699,29.995279]}},{"type":"Feature","properties":{"s":"firm","phase":"before"},"geometry":{"type":"Point","coordinates":[-89.370143,29.995269]}},{"type":"Feature","properties":{"s":"firm","phase":"before"},"geometry":{"type":"Point","coordinates":[-89.370453,29.995271]}},{"type":"Feature","properties":{"s":"firm","phase":"before"},"geometry":{"type":"Point","coordinates":[-89.370763,29.995265]}},{"type":"Feature","properties":{"s":"firm","phase":"before"},"geometry":{"type":"Point","coordinates":[-89.371067,29.995266]}},{"type":"Feature","properties":{"s":"firm","phase":"before"},"geometry":{"type":"Point","coordinates":[-89.371311,29.995277]}},{"type":"Feature","properties":{"s":"firm","phase":"before"},"geometry":{"type":"Point","coordinates":[-89.371563,29.995285]}},{"type":"Feature","properties":{"s":"firm","phase":"before"},"geometry":{"type":"Point","coordinates":[-89.371815,29.995306]}},{"type":"Feature","properties":{"s":"firm","phase":"before"},"geometry":{"type":"Point","coordinates":[-89.370041,29.992621]}},{"type":"Feature","properties":{"s":"firm","phase":"before"},"geometry":{"type":"Point","coordinates":[-89.369876,29.992629]}},{"type":"Feature","properties":{"s":"firm","phase":"before"},"geometry":{"type":"Point","coordinates":[-89.369689,29.992641]}},{"type":"Feature","properties":{"s":"firm","phase":"before"},"geometry":{"type":"Point","coordinates":[-89.369458,29.992692]}},{"type":"Feature","properties":{"s":"firm","phase":"before"},"geometry":{"type":"Point","coordinates":[-89.369278,29.992737]}},{"type":"Feature","properties":{"s":"firm","phase":"before"},"geometry":{"type":"Point","coordinates":[-89.369082,29.992806]}},{"type":"Feature","properties":{"s":"firm","phase":"before"},"geometry":{"type":"Point","coordinates":[-89.368935,29.992824]}},{"type":"Feature","properties":{"s":"firm","phase":"before"},"geometry":{"type":"Point","coordinates":[-89.368694,29.992786]}},{"type":"Feature","properties":{"s":"firm","phase":"before"},"geometry":{"type":"Point","coordinates":[-89.368419,29.992743]}},{"type":"Feature","properties":{"s":"firm","phase":"before"},"geometry":{"type":"Point","coordinates":[-89.368117,29.992732]}},{"type":"Feature","properties":{"s":"firm","phase":"before"},"geometry":{"type":"Point","coordinates":[-89.367894,29.992763]}},{"type":"Feature","properties":{"s":"firm","phase":"before"},"geometry":{"type":"Point","coordinates":[-89.367699,29.992805]}},{"type":"Feature","properties":{"s":"firm","phase":"before"},"geometry":{"type":"Point","coordinates":[-89.365414,29.994841]}},{"type":"Feature","properties":{"s":"scat","phase":"before"},"geometry":{"type":"Point","coordinates":[-89.365029,29.995119]}},{"type":"Feature","properties":{"s":"scat","phase":"before"},"geometry":{"type":"Point","coordinates":[-89.364913,29.995106]}},{"type":"Feature","properties":{"s":"scat","phase":"before"},"geometry":{"type":"Point","coordinates":[-89.364781,29.995036]}},{"type":"Feature","properties":{"s":"firm","phase":"before"},"geometry":{"type":"Point","coordinates":[-89.364623,29.994975]}},{"type":"Feature","properties":{"s":"scat","phase":"before"},"geometry":{"type":"Point","coordinates":[-89.364467,29.99494]}},{"type":"Feature","properties":{"s":"firm","phase":"before"},"geometry":{"type":"Point","coordinates":[-89.364288,29.995034]}},{"type":"Feature","properties":{"s":"scat","phase":"before"},"geometry":{"type":"Point","coordinates":[-89.364146,29.99512]}},{"type":"Feature","properties":{"s":"scat","phase":"before"},"geometry":{"type":"Point","coordinates":[-89.363914,29.995179]}},{"type":"Feature","properties":{"s":"firm","phase":"before"},"geometry":{"type":"Point","coordinates":[-89.363745,29.995149]}},{"type":"Feature","properties":{"s":"firm","phase":"before"},"geometry":{"type":"Point","coordinates":[-89.363497,29.995063]}},{"type":"Feature","properties":{"s":"firm","phase":"before"},"geometry":{"type":"Point","coordinates":[-89.363338,29.995017]}},{"type":"Feature","properties":{"s":"firm","phase":"before"},"geometry":{"type":"Point","coordinates":[-89.363154,29.994994]}},{"type":"Feature","properties":{"s":"firm","phase":"before"},"geometry":{"type":"Point","coordinates":[-89.363016,29.99501]}},{"type":"Feature","properties":{"s":"firm","phase":"before"},"geometry":{"type":"Point","coordinates":[-89.362835,29.99505]}},{"type":"Feature","properties":{"s":"firm","phase":"before"},"geometry":{"type":"Point","coordinates":[-89.362635,29.995106]}},{"type":"Feature","properties":{"s":"firm","phase":"before"},"geometry":{"type":"Point","coordinates":[-89.362501,29.995152]}},{"type":"Feature","properties":{"s":"firm","phase":"before"},"geometry":{"type":"Point","coordinates":[-89.362255,29.995152]}},{"type":"Feature","properties":{"s":"firm","phase":"before"},"geometry":{"type":"Point","coordinates":[-89.362071,29.995124]}},{"type":"Feature","properties":{"s":"firm","phase":"before"},"geometry":{"type":"Point","coordinates":[-89.360951,29.993355]}},{"type":"Feature","properties":{"s":"firm","phase":"before"},"geometry":{"type":"Point","coordinates":[-89.361345,29.993205]}},{"type":"Feature","properties":{"s":"firm","phase":"before"},"geometry":{"type":"Point","coordinates":[-89.361676,29.993219]}},{"type":"Feature","properties":{"s":"firm","phase":"before"},"geometry":{"type":"Point","coordinates":[-89.361936,29.993268]}},{"type":"Feature","properties":{"s":"firm","phase":"before"},"geometry":{"type":"Point","coordinates":[-89.362202,29.993313]}},{"type":"Feature","properties":{"s":"firm","phase":"before"},"geometry":{"type":"Point","coordinates":[-89.362545,29.993317]}},{"type":"Feature","properties":{"s":"firm","phase":"before"},"geometry":{"type":"Point","coordinates":[-89.371209,29.992483]}},{"type":"Feature","properties":{"s":"firm","phase":"before"},"geometry":{"type":"Point","coordinates":[-89.371109,29.992517]}},{"type":"Feature","properties":{"s":"firm","phase":"before"},"geometry":{"type":"Point","coordinates":[-89.370978,29.992554]}},{"type":"Feature","properties":{"s":"firm","phase":"before"},"geometry":{"type":"Point","coordinates":[-89.37085,29.992601]}},{"type":"Feature","properties":{"s":"firm","phase":"before"},"geometry":{"type":"Point","coordinates":[-89.370703,29.992654]}},{"type":"Feature","properties":{"s":"firm","phase":"before"},"geometry":{"type":"Point","coordinates":[-89.370523,29.992708]}},{"type":"Feature","properties":{"s":"firm","phase":"before"},"geometry":{"type":"Point","coordinates":[-89.370399,29.992723]}},{"type":"Feature","properties":{"s":"firm","phase":"before"},"geometry":{"type":"Point","coordinates":[-89.370239,29.992739]}},{"type":"Feature","properties":{"s":"firm","phase":"before"},"geometry":{"type":"Point","coordinates":[-89.370105,29.992785]}},{"type":"Feature","properties":{"s":"firm","phase":"before"},"geometry":{"type":"Point","coordinates":[-89.369979,29.992843]}},{"type":"Feature","properties":{"s":"firm","phase":"before"},"geometry":{"type":"Point","coordinates":[-89.369883,29.99291]}},{"type":"Feature","properties":{"s":"firm","phase":"before"},"geometry":{"type":"Point","coordinates":[-89.369789,29.992971]}},{"type":"Feature","properties":{"s":"firm","phase":"before"},"geometry":{"type":"Point","coordinates":[-89.369687,29.993005]}},{"type":"Feature","properties":{"s":"firm","phase":"before"},"geometry":{"type":"Point","coordinates":[-89.369589,29.993015]}},{"type":"Feature","properties":{"s":"firm","phase":"before"},"geometry":{"type":"Point","coordinates":[-89.369458,29.993019]}},{"type":"Feature","properties":{"s":"firm","phase":"before"},"geometry":{"type":"Point","coordinates":[-89.369349,29.993011]}},{"type":"Feature","properties":{"s":"firm","phase":"before"},"geometry":{"type":"Point","coordinates":[-89.369214,29.993015]}},{"type":"Feature","properties":{"s":"firm","phase":"before"},"geometry":{"type":"Point","coordinates":[-89.369065,29.993001]}},{"type":"Feature","properties":{"s":"firm","phase":"before"},"geometry":{"type":"Point","coordinates":[-89.368948,29.992996]}},{"type":"Feature","properties":{"s":"firm","phase":"before"},"geometry":{"type":"Point","coordinates":[-89.368763,29.992997]}},{"type":"Feature","properties":{"s":"firm","phase":"before"},"geometry":{"type":"Point","coordinates":[-89.368644,29.993005]}},{"type":"Feature","properties":{"s":"firm","phase":"before"},"geometry":{"type":"Point","coordinates":[-89.368473,29.992994]}},{"type":"Feature","properties":{"s":"firm","phase":"before"},"geometry":{"type":"Point","coordinates":[-89.368307,29.992983]}},{"type":"Feature","properties":{"s":"firm","phase":"before"},"geometry":{"type":"Point","coordinates":[-89.368173,29.992975]}},{"type":"Feature","properties":{"s":"firm","phase":"before"},"geometry":{"type":"Point","coordinates":[-89.368016,29.992973]}},{"type":"Feature","properties":{"s":"firm","phase":"before"},"geometry":{"type":"Point","coordinates":[-89.367885,29.992963]}},{"type":"Feature","properties":{"s":"firm","phase":"before"},"geometry":{"type":"Point","coordinates":[-89.367756,29.992952]}},{"type":"Feature","properties":{"s":"firm","phase":"before"},"geometry":{"type":"Point","coordinates":[-89.367567,29.992932]}},{"type":"Feature","properties":{"s":"firm","phase":"before"},"geometry":{"type":"Point","coordinates":[-89.367399,29.992913]}},{"type":"Feature","properties":{"s":"firm","phase":"before"},"geometry":{"type":"Point","coordinates":[-89.367236,29.992909]}},{"type":"Feature","properties":{"s":"firm","phase":"before"},"geometry":{"type":"Point","coordinates":[-89.367073,29.992911]}},{"type":"Feature","properties":{"s":"firm","phase":"before"},"geometry":{"type":"Point","coordinates":[-89.366911,29.992934]}},{"type":"Feature","properties":{"s":"firm","phase":"before"},"geometry":{"type":"Point","coordinates":[-89.366786,29.992951]}},{"type":"Feature","properties":{"s":"firm","phase":"before"},"geometry":{"type":"Point","coordinates":[-89.366628,29.992973]}},{"type":"Feature","properties":{"s":"firm","phase":"before"},"geometry":{"type":"Point","coordinates":[-89.366469,29.992997]}},{"type":"Feature","properties":{"s":"firm","phase":"before"},"geometry":{"type":"Point","coordinates":[-89.36631,29.993016]}},{"type":"Feature","properties":{"s":"firm","phase":"before"},"geometry":{"type":"Point","coordinates":[-89.366177,29.993026]}},{"type":"Feature","properties":{"s":"firm","phase":"before"},"geometry":{"type":"Point","coordinates":[-89.366022,29.993033]}},{"type":"Feature","properties":{"s":"firm","phase":"before"},"geometry":{"type":"Point","coordinates":[-89.365892,29.993052]}},{"type":"Feature","properties":{"s":"firm","phase":"before"},"geometry":{"type":"Point","coordinates":[-89.365726,29.993074]}},{"type":"Feature","properties":{"s":"firm","phase":"before"},"geometry":{"type":"Point","coordinates":[-89.365601,29.993088]}},{"type":"Feature","properties":{"s":"firm","phase":"before"},"geometry":{"type":"Point","coordinates":[-89.365408,29.993109]}},{"type":"Feature","properties":{"s":"firm","phase":"before"},"geometry":{"type":"Point","coordinates":[-89.365249,29.99312]}},{"type":"Feature","properties":{"s":"firm","phase":"before"},"geometry":{"type":"Point","coordinates":[-89.36506,29.993152]}},{"type":"Feature","properties":{"s":"firm","phase":"before"},"geometry":{"type":"Point","coordinates":[-89.364896,29.99316]}},{"type":"Feature","properties":{"s":"firm","phase":"before"},"geometry":{"type":"Point","coordinates":[-89.364766,29.993169]}},{"type":"Feature","properties":{"s":"firm","phase":"before"},"geometry":{"type":"Point","coordinates":[-89.364602,29.993169]}},{"type":"Feature","properties":{"s":"firm","phase":"before"},"geometry":{"type":"Point","coordinates":[-89.36447,29.993162]}},{"type":"Feature","properties":{"s":"firm","phase":"before"},"geometry":{"type":"Point","coordinates":[-89.364304,29.993164]}},{"type":"Feature","properties":{"s":"firm","phase":"before"},"geometry":{"type":"Point","coordinates":[-89.364118,29.993151]}},{"type":"Feature","properties":{"s":"firm","phase":"before"},"geometry":{"type":"Point","coordinates":[-89.363979,29.993144]}},{"type":"Feature","properties":{"s":"firm","phase":"before"},"geometry":{"type":"Point","coordinates":[-89.363749,29.993129]}},{"type":"Feature","properties":{"s":"firm","phase":"before"},"geometry":{"type":"Point","coordinates":[-89.363625,29.993134]}},{"type":"Feature","properties":{"s":"firm","phase":"before"},"geometry":{"type":"Point","coordinates":[-89.363425,29.993155]}},{"type":"Feature","properties":{"s":"firm","phase":"before"},"geometry":{"type":"Point","coordinates":[-89.363297,29.993168]}},{"type":"Feature","properties":{"s":"firm","phase":"before"},"geometry":{"type":"Point","coordinates":[-89.36314,29.993206]}},{"type":"Feature","properties":{"s":"firm","phase":"before"},"geometry":{"type":"Point","coordinates":[-89.363012,29.993236]}},{"type":"Feature","properties":{"s":"firm","phase":"before"},"geometry":{"type":"Point","coordinates":[-89.362874,29.993275]}},{"type":"Feature","properties":{"s":"firm","phase":"before"},"geometry":{"type":"Point","coordinates":[-89.362746,29.993332]}},{"type":"Feature","properties":{"s":"firm","phase":"before"},"geometry":{"type":"Point","coordinates":[-89.362607,29.993412]}},{"type":"Feature","properties":{"s":"firm","phase":"before"},"geometry":{"type":"Point","coordinates":[-89.36243,29.993476]}},{"type":"Feature","properties":{"s":"firm","phase":"before"},"geometry":{"type":"Point","coordinates":[-89.362202,29.993518]}},{"type":"Feature","properties":{"s":"firm","phase":"before"},"geometry":{"type":"Point","coordinates":[-89.362036,29.993541]}},{"type":"Feature","properties":{"s":"firm","phase":"before"},"geometry":{"type":"Point","coordinates":[-89.361851,29.993554]}},{"type":"Feature","properties":{"s":"firm","phase":"before"},"geometry":{"type":"Point","coordinates":[-89.361684,29.993541]}},{"type":"Feature","properties":{"s":"firm","phase":"before"},"geometry":{"type":"Point","coordinates":[-89.361509,29.993539]}},{"type":"Feature","properties":{"s":"firm","phase":"before"},"geometry":{"type":"Point","coordinates":[-89.361379,29.993533]}},{"type":"Feature","properties":{"s":"firm","phase":"before"},"geometry":{"type":"Point","coordinates":[-89.361222,29.993529]}},{"type":"Feature","properties":{"s":"firm","phase":"before"},"geometry":{"type":"Point","coordinates":[-89.36106,29.993513]}},{"type":"Feature","properties":{"s":"firm","phase":"before"},"geometry":{"type":"Point","coordinates":[-89.360897,29.993508]}},{"type":"Feature","properties":{"s":"firm","phase":"before"},"geometry":{"type":"Point","coordinates":[-89.360742,29.993489]}},{"type":"Feature","properties":{"s":"firm","phase":"before"},"geometry":{"type":"Point","coordinates":[-89.360584,29.99347]}},{"type":"Feature","properties":{"s":"firm","phase":"before"},"geometry":{"type":"Point","coordinates":[-89.36043,29.993448]}},{"type":"Feature","properties":{"s":"firm","phase":"before"},"geometry":{"type":"Point","coordinates":[-89.360298,29.993428]}},{"type":"Feature","properties":{"s":"firm","phase":"before"},"geometry":{"type":"Point","coordinates":[-89.360169,29.993416]}},{"type":"Feature","properties":{"s":"firm","phase":"before"},"geometry":{"type":"Point","coordinates":[-89.360033,29.993433]}},{"type":"Feature","properties":{"s":"firm","phase":"before"},"geometry":{"type":"Point","coordinates":[-89.359902,29.993448]}},{"type":"Feature","properties":{"s":"firm","phase":"before"},"geometry":{"type":"Point","coordinates":[-89.359753,29.993483]}},{"type":"Feature","properties":{"s":"firm","phase":"before"},"geometry":{"type":"Point","coordinates":[-89.359618,29.993515]}},{"type":"Feature","properties":{"s":"mud","phase":"before"},"geometry":{"type":"Point","coordinates":[-89.359485,29.993537]}},{"type":"Feature","properties":{"s":"mud","phase":"before"},"geometry":{"type":"Point","coordinates":[-89.35931,29.993569]}},{"type":"Feature","properties":{"s":"mud","phase":"before"},"geometry":{"type":"Point","coordinates":[-89.359123,29.993599]}},{"type":"Feature","properties":{"s":"firm","phase":"before"},"geometry":{"type":"Point","coordinates":[-89.358962,29.993612]}},{"type":"Feature","properties":{"s":"firm","phase":"before"},"geometry":{"type":"Point","coordinates":[-89.358739,29.993619]}},{"type":"Feature","properties":{"s":"firm","phase":"before"},"geometry":{"type":"Point","coordinates":[-89.358573,29.993618]}},{"type":"Feature","properties":{"s":"firm","phase":"before"},"geometry":{"type":"Point","coordinates":[-89.358448,29.993624]}},{"type":"Feature","properties":{"s":"firm","phase":"before"},"geometry":{"type":"Point","coordinates":[-89.358283,29.993628]}},{"type":"Feature","properties":{"s":"firm","phase":"before"},"geometry":{"type":"Point","coordinates":[-89.35808,29.99364]}},{"type":"Feature","properties":{"s":"firm","phase":"before"},"geometry":{"type":"Point","coordinates":[-89.357928,29.993653]}},{"type":"Feature","properties":{"s":"firm","phase":"before"},"geometry":{"type":"Point","coordinates":[-89.357802,29.993672]}},{"type":"Feature","properties":{"s":"firm","phase":"before"},"geometry":{"type":"Point","coordinates":[-89.357638,29.993691]}},{"type":"Feature","properties":{"s":"firm","phase":"before"},"geometry":{"type":"Point","coordinates":[-89.357436,29.993713]}},{"type":"Feature","properties":{"s":"firm","phase":"before"},"geometry":{"type":"Point","coordinates":[-89.357241,29.993719]}},{"type":"Feature","properties":{"s":"firm","phase":"before"},"geometry":{"type":"Point","coordinates":[-89.35707,29.993722]}},{"type":"Feature","properties":{"s":"firm","phase":"before"},"geometry":{"type":"Point","coordinates":[-89.357071,29.993919]}},{"type":"Feature","properties":{"s":"firm","phase":"before"},"geometry":{"type":"Point","coordinates":[-89.357418,29.993922]}},{"type":"Feature","properties":{"s":"firm","phase":"before"},"geometry":{"type":"Point","coordinates":[-89.357698,29.993961]}},{"type":"Feature","properties":{"s":"firm","phase":"before"},"geometry":{"type":"Point","coordinates":[-89.357909,29.993948]}},{"type":"Feature","properties":{"s":"firm","phase":"before"},"geometry":{"type":"Point","coordinates":[-89.358114,29.993897]}},{"type":"Feature","properties":{"s":"firm","phase":"before"},"geometry":{"type":"Point","coordinates":[-89.358364,29.993831]}},{"type":"Feature","properties":{"s":"firm","phase":"before"},"geometry":{"type":"Point","coordinates":[-89.358592,29.993784]}},{"type":"Feature","properties":{"s":"firm","phase":"before"},"geometry":{"type":"Point","coordinates":[-89.358768,29.993744]}},{"type":"Feature","properties":{"s":"firm","phase":"before"},"geometry":{"type":"Point","coordinates":[-89.359229,29.993733]}},{"type":"Feature","properties":{"s":"mud","phase":"before"},"geometry":{"type":"Point","coordinates":[-89.35952,29.993747]}},{"type":"Feature","properties":{"s":"mud","phase":"before"},"geometry":{"type":"Point","coordinates":[-89.359958,29.993725]}},{"type":"Feature","properties":{"s":"firm","phase":"before"},"geometry":{"type":"Point","coordinates":[-89.360194,29.993712]}},{"type":"Feature","properties":{"s":"firm","phase":"before"},"geometry":{"type":"Point","coordinates":[-89.360628,29.993714]}},{"type":"Feature","properties":{"s":"firm","phase":"before"},"geometry":{"type":"Point","coordinates":[-89.36087,29.993743]}},{"type":"Feature","properties":{"s":"mud","phase":"before"},"geometry":{"type":"Point","coordinates":[-89.361165,29.993761]}},{"type":"Feature","properties":{"s":"mud","phase":"before"},"geometry":{"type":"Point","coordinates":[-89.361704,29.993762]}},{"type":"Feature","properties":{"s":"firm","phase":"before"},"geometry":{"type":"Point","coordinates":[-89.361969,29.993756]}},{"type":"Feature","properties":{"s":"firm","phase":"before"},"geometry":{"type":"Point","coordinates":[-89.362194,29.993742]}},{"type":"Feature","properties":{"s":"firm","phase":"before"},"geometry":{"type":"Point","coordinates":[-89.362418,29.993686]}},{"type":"Feature","properties":{"s":"firm","phase":"before"},"geometry":{"type":"Point","coordinates":[-89.362663,29.993608]}},{"type":"Feature","properties":{"s":"firm","phase":"before"},"geometry":{"type":"Point","coordinates":[-89.362868,29.993556]}},{"type":"Feature","properties":{"s":"firm","phase":"before"},"geometry":{"type":"Point","coordinates":[-89.363176,29.993467]}},{"type":"Feature","properties":{"s":"firm","phase":"before"},"geometry":{"type":"Point","coordinates":[-89.363343,29.993444]}},{"type":"Feature","properties":{"s":"firm","phase":"before"},"geometry":{"type":"Point","coordinates":[-89.363574,29.99339]}},{"type":"Feature","properties":{"s":"firm","phase":"before"},"geometry":{"type":"Point","coordinates":[-89.363877,29.993359]}},{"type":"Feature","properties":{"s":"firm","phase":"before"},"geometry":{"type":"Point","coordinates":[-89.364193,29.993288]}},{"type":"Feature","properties":{"s":"firm","phase":"before"},"geometry":{"type":"Point","coordinates":[-89.364443,29.993233]}},{"type":"Feature","properties":{"s":"firm","phase":"before"},"geometry":{"type":"Point","coordinates":[-89.364669,29.993219]}},{"type":"Feature","properties":{"s":"firm","phase":"before"},"geometry":{"type":"Point","coordinates":[-89.364892,29.993235]}},{"type":"Feature","properties":{"s":"firm","phase":"before"},"geometry":{"type":"Point","coordinates":[-89.365399,29.993292]}},{"type":"Feature","properties":{"s":"firm","phase":"before"},"geometry":{"type":"Point","coordinates":[-89.365634,29.993308]}},{"type":"Feature","properties":{"s":"firm","phase":"before"},"geometry":{"type":"Point","coordinates":[-89.365901,29.993323]}},{"type":"Feature","properties":{"s":"firm","phase":"before"},"geometry":{"type":"Point","coordinates":[-89.366081,29.99333]}},{"type":"Feature","properties":{"s":"firm","phase":"before"},"geometry":{"type":"Point","coordinates":[-89.366369,29.993335]}},{"type":"Feature","properties":{"s":"firm","phase":"before"},"geometry":{"type":"Point","coordinates":[-89.366617,29.993363]}},{"type":"Feature","properties":{"s":"firm","phase":"before"},"geometry":{"type":"Point","coordinates":[-89.36694,29.993395]}},{"type":"Feature","properties":{"s":"mud","phase":"before"},"geometry":{"type":"Point","coordinates":[-89.367133,29.993404]}},{"type":"Feature","properties":{"s":"mud","phase":"before"},"geometry":{"type":"Point","coordinates":[-89.367394,29.993418]}},{"type":"Feature","properties":{"s":"mud","phase":"before"},"geometry":{"type":"Point","coordinates":[-89.367731,29.993381]}},{"type":"Feature","properties":{"s":"firm","phase":"before"},"geometry":{"type":"Point","coordinates":[-89.3679,29.993348]}},{"type":"Feature","properties":{"s":"firm","phase":"before"},"geometry":{"type":"Point","coordinates":[-89.368296,29.993272]}},{"type":"Feature","properties":{"s":"firm","phase":"before"},"geometry":{"type":"Point","coordinates":[-89.368511,29.993248]}},{"type":"Feature","properties":{"s":"firm","phase":"before"},"geometry":{"type":"Point","coordinates":[-89.368776,29.993255]}},{"type":"Feature","properties":{"s":"firm","phase":"before"},"geometry":{"type":"Point","coordinates":[-89.369129,29.99329]}},{"type":"Feature","properties":{"s":"firm","phase":"before"},"geometry":{"type":"Point","coordinates":[-89.369401,29.993327]}},{"type":"Feature","properties":{"s":"firm","phase":"before"},"geometry":{"type":"Point","coordinates":[-89.369662,29.993353]}},{"type":"Feature","properties":{"s":"firm","phase":"before"},"geometry":{"type":"Point","coordinates":[-89.369877,29.993359]}},{"type":"Feature","properties":{"s":"firm","phase":"before"},"geometry":{"type":"Point","coordinates":[-89.370279,29.99331]}},{"type":"Feature","properties":{"s":"firm","phase":"before"},"geometry":{"type":"Point","coordinates":[-89.370499,29.993268]}},{"type":"Feature","properties":{"s":"firm","phase":"before"},"geometry":{"type":"Point","coordinates":[-89.370665,29.993246]}},{"type":"Feature","properties":{"s":"firm","phase":"before"},"geometry":{"type":"Point","coordinates":[-89.37089,29.993217]}},{"type":"Feature","properties":{"s":"firm","phase":"before"},"geometry":{"type":"Point","coordinates":[-89.371135,29.993208]}},{"type":"Feature","properties":{"s":"firm","phase":"before"},"geometry":{"type":"Point","coordinates":[-89.37135,29.993183]}},{"type":"Feature","properties":{"s":"firm","phase":"before"},"geometry":{"type":"Point","coordinates":[-89.371551,29.993168]}},{"type":"Feature","properties":{"s":"firm","phase":"before"},"geometry":{"type":"Point","coordinates":[-89.371593,29.99344]}},{"type":"Feature","properties":{"s":"firm","phase":"before"},"geometry":{"type":"Point","coordinates":[-89.371348,29.993498]}},{"type":"Feature","properties":{"s":"firm","phase":"before"},"geometry":{"type":"Point","coordinates":[-89.371195,29.993506]}},{"type":"Feature","properties":{"s":"firm","phase":"before"},"geometry":{"type":"Point","coordinates":[-89.371014,29.993504]}},{"type":"Feature","properties":{"s":"firm","phase":"before"},"geometry":{"type":"Point","coordinates":[-89.370825,29.993514]}},{"type":"Feature","properties":{"s":"firm","phase":"before"},"geometry":{"type":"Point","coordinates":[-89.370643,29.993513]}},{"type":"Feature","properties":{"s":"firm","phase":"before"},"geometry":{"type":"Point","coordinates":[-89.370429,29.993501]}},{"type":"Feature","properties":{"s":"firm","phase":"before"},"geometry":{"type":"Point","coordinates":[-89.370202,29.993494]}},{"type":"Feature","properties":{"s":"firm","phase":"before"},"geometry":{"type":"Point","coordinates":[-89.370055,29.993499]}},{"type":"Feature","properties":{"s":"firm","phase":"before"},"geometry":{"type":"Point","coordinates":[-89.369834,29.993505]}},{"type":"Feature","properties":{"s":"firm","phase":"before"},"geometry":{"type":"Point","coordinates":[-89.369645,29.993511]}},{"type":"Feature","properties":{"s":"firm","phase":"before"},"geometry":{"type":"Point","coordinates":[-89.36946,29.993514]}},{"type":"Feature","properties":{"s":"firm","phase":"before"},"geometry":{"type":"Point","coordinates":[-89.369236,29.993513]}},{"type":"Feature","properties":{"s":"firm","phase":"before"},"geometry":{"type":"Point","coordinates":[-89.369052,29.993511]}},{"type":"Feature","properties":{"s":"firm","phase":"before"},"geometry":{"type":"Point","coordinates":[-89.368868,29.993512]}},{"type":"Feature","properties":{"s":"firm","phase":"before"},"geometry":{"type":"Point","coordinates":[-89.368608,29.993502]}},{"type":"Feature","properties":{"s":"firm","phase":"before"},"geometry":{"type":"Point","coordinates":[-89.368437,29.993497]}},{"type":"Feature","properties":{"s":"firm","phase":"before"},"geometry":{"type":"Point","coordinates":[-89.36825,29.993488]}},{"type":"Feature","properties":{"s":"firm","phase":"before"},"geometry":{"type":"Point","coordinates":[-89.368064,29.993459]}},{"type":"Feature","properties":{"s":"firm","phase":"before"},"geometry":{"type":"Point","coordinates":[-89.367885,29.993469]}},{"type":"Feature","properties":{"s":"firm","phase":"before"},"geometry":{"type":"Point","coordinates":[-89.367708,29.99348]}},{"type":"Feature","properties":{"s":"firm","phase":"before"},"geometry":{"type":"Point","coordinates":[-89.367528,29.993513]}},{"type":"Feature","properties":{"s":"firm","phase":"before"},"geometry":{"type":"Point","coordinates":[-89.367347,29.993535]}},{"type":"Feature","properties":{"s":"firm","phase":"before"},"geometry":{"type":"Point","coordinates":[-89.367092,29.993574]}},{"type":"Feature","properties":{"s":"firm","phase":"before"},"geometry":{"type":"Point","coordinates":[-89.366907,29.993592]}},{"type":"Feature","properties":{"s":"firm","phase":"before"},"geometry":{"type":"Point","coordinates":[-89.366721,29.993613]}},{"type":"Feature","properties":{"s":"firm","phase":"before"},"geometry":{"type":"Point","coordinates":[-89.366467,29.993635]}},{"type":"Feature","properties":{"s":"firm","phase":"before"},"geometry":{"type":"Point","coordinates":[-89.366286,29.993651]}},{"type":"Feature","properties":{"s":"firm","phase":"before"},"geometry":{"type":"Point","coordinates":[-89.366061,29.993657]}},{"type":"Feature","properties":{"s":"firm","phase":"before"},"geometry":{"type":"Point","coordinates":[-89.365845,29.99367]}},{"type":"Feature","properties":{"s":"firm","phase":"before"},"geometry":{"type":"Point","coordinates":[-89.365658,29.993691]}},{"type":"Feature","properties":{"s":"firm","phase":"before"},"geometry":{"type":"Point","coordinates":[-89.365473,29.993706]}},{"type":"Feature","properties":{"s":"firm","phase":"before"},"geometry":{"type":"Point","coordinates":[-89.365287,29.993727]}},{"type":"Feature","properties":{"s":"firm","phase":"before"},"geometry":{"type":"Point","coordinates":[-89.365065,29.993735]}},{"type":"Feature","properties":{"s":"firm","phase":"before"},"geometry":{"type":"Point","coordinates":[-89.364841,29.993744]}},{"type":"Feature","properties":{"s":"firm","phase":"before"},"geometry":{"type":"Point","coordinates":[-89.364582,29.993736]}},{"type":"Feature","properties":{"s":"firm","phase":"before"},"geometry":{"type":"Point","coordinates":[-89.364399,29.993738]}},{"type":"Feature","properties":{"s":"firm","phase":"before"},"geometry":{"type":"Point","coordinates":[-89.364214,29.993736]}},{"type":"Feature","properties":{"s":"firm","phase":"before"},"geometry":{"type":"Point","coordinates":[-89.363992,29.993736]}},{"type":"Feature","properties":{"s":"firm","phase":"before"},"geometry":{"type":"Point","coordinates":[-89.363843,29.99374]}},{"type":"Feature","properties":{"s":"firm","phase":"before"},"geometry":{"type":"Point","coordinates":[-89.363616,29.993743]}},{"type":"Feature","properties":{"s":"firm","phase":"before"},"geometry":{"type":"Point","coordinates":[-89.36343,29.993759]}},{"type":"Feature","properties":{"s":"firm","phase":"before"},"geometry":{"type":"Point","coordinates":[-89.363244,29.993767]}},{"type":"Feature","properties":{"s":"firm","phase":"before"},"geometry":{"type":"Point","coordinates":[-89.363061,29.993772]}},{"type":"Feature","properties":{"s":"firm","phase":"before"},"geometry":{"type":"Point","coordinates":[-89.362881,29.993784]}},{"type":"Feature","properties":{"s":"firm","phase":"before"},"geometry":{"type":"Point","coordinates":[-89.362659,29.993793]}},{"type":"Feature","properties":{"s":"firm","phase":"before"},"geometry":{"type":"Point","coordinates":[-89.362407,29.993798]}},{"type":"Feature","properties":{"s":"firm","phase":"before"},"geometry":{"type":"Point","coordinates":[-89.362215,29.993813]}},{"type":"Feature","properties":{"s":"firm","phase":"before"},"geometry":{"type":"Point","coordinates":[-89.362026,29.993838]}},{"type":"Feature","properties":{"s":"firm","phase":"before"},"geometry":{"type":"Point","coordinates":[-89.361791,29.993875]}},{"type":"Feature","properties":{"s":"firm","phase":"before"},"geometry":{"type":"Point","coordinates":[-89.361568,29.993917]}},{"type":"Feature","properties":{"s":"firm","phase":"before"},"geometry":{"type":"Point","coordinates":[-89.36136,29.993967]}},{"type":"Feature","properties":{"s":"firm","phase":"before"},"geometry":{"type":"Point","coordinates":[-89.361179,29.993998]}},{"type":"Feature","properties":{"s":"firm","phase":"before"},"geometry":{"type":"Point","coordinates":[-89.360988,29.994023]}},{"type":"Feature","properties":{"s":"firm","phase":"before"},"geometry":{"type":"Point","coordinates":[-89.360812,29.994026]}},{"type":"Feature","properties":{"s":"firm","phase":"before"},"geometry":{"type":"Point","coordinates":[-89.360565,29.994043]}},{"type":"Feature","properties":{"s":"firm","phase":"before"},"geometry":{"type":"Point","coordinates":[-89.360416,29.994051]}},{"type":"Feature","properties":{"s":"firm","phase":"before"},"geometry":{"type":"Point","coordinates":[-89.360153,29.994066]}},{"type":"Feature","properties":{"s":"firm","phase":"before"},"geometry":{"type":"Point","coordinates":[-89.359966,29.994072]}},{"type":"Feature","properties":{"s":"firm","phase":"before"},"geometry":{"type":"Point","coordinates":[-89.359784,29.994082]}},{"type":"Feature","properties":{"s":"firm","phase":"before"},"geometry":{"type":"Point","coordinates":[-89.359563,29.994073]}},{"type":"Feature","properties":{"s":"firm","phase":"before"},"geometry":{"type":"Point","coordinates":[-89.359414,29.994076]}},{"type":"Feature","properties":{"s":"firm","phase":"before"},"geometry":{"type":"Point","coordinates":[-89.359195,29.994076]}},{"type":"Feature","properties":{"s":"firm","phase":"before"},"geometry":{"type":"Point","coordinates":[-89.358972,29.994074]}},{"type":"Feature","properties":{"s":"firm","phase":"before"},"geometry":{"type":"Point","coordinates":[-89.358791,29.99408]}},{"type":"Feature","properties":{"s":"firm","phase":"before"},"geometry":{"type":"Point","coordinates":[-89.358608,29.994076]}},{"type":"Feature","properties":{"s":"firm","phase":"before"},"geometry":{"type":"Point","coordinates":[-89.358426,29.994071]}},{"type":"Feature","properties":{"s":"firm","phase":"before"},"geometry":{"type":"Point","coordinates":[-89.358241,29.994073]}},{"type":"Feature","properties":{"s":"firm","phase":"before"},"geometry":{"type":"Point","coordinates":[-89.358016,29.994068]}},{"type":"Feature","properties":{"s":"firm","phase":"before"},"geometry":{"type":"Point","coordinates":[-89.357794,29.994098]}},{"type":"Feature","properties":{"s":"firm","phase":"before"},"geometry":{"type":"Point","coordinates":[-89.357582,29.99413]}},{"type":"Feature","properties":{"s":"firm","phase":"before"},"geometry":{"type":"Point","coordinates":[-89.357407,29.994171]}},{"type":"Feature","properties":{"s":"firm","phase":"before"},"geometry":{"type":"Point","coordinates":[-89.35726,29.994206]}},{"type":"Feature","properties":{"s":"firm","phase":"before"},"geometry":{"type":"Point","coordinates":[-89.357329,29.994413]}},{"type":"Feature","properties":{"s":"firm","phase":"before"},"geometry":{"type":"Point","coordinates":[-89.357574,29.994363]}},{"type":"Feature","properties":{"s":"firm","phase":"before"},"geometry":{"type":"Point","coordinates":[-89.357853,29.994331]}},{"type":"Feature","properties":{"s":"firm","phase":"before"},"geometry":{"type":"Point","coordinates":[-89.358105,29.994299]}},{"type":"Feature","properties":{"s":"firm","phase":"before"},"geometry":{"type":"Point","coordinates":[-89.358304,29.994221]}},{"type":"Feature","properties":{"s":"firm","phase":"before"},"geometry":{"type":"Point","coordinates":[-89.358509,29.99416]}},{"type":"Feature","properties":{"s":"firm","phase":"before"},"geometry":{"type":"Point","coordinates":[-89.363199,29.993635]}},{"type":"Feature","properties":{"s":"firm","phase":"before"},"geometry":{"type":"Point","coordinates":[-89.363427,29.993642]}},{"type":"Feature","properties":{"s":"firm","phase":"before"},"geometry":{"type":"Point","coordinates":[-89.363605,29.993646]}},{"type":"Feature","properties":{"s":"firm","phase":"before"},"geometry":{"type":"Point","coordinates":[-89.363868,29.993566]}},{"type":"Feature","properties":{"s":"firm","phase":"before"},"geometry":{"type":"Point","coordinates":[-89.364124,29.993467]}},{"type":"Feature","properties":{"s":"firm","phase":"before"},"geometry":{"type":"Point","coordinates":[-89.36433,29.993427]}},{"type":"Feature","properties":{"s":"firm","phase":"before"},"geometry":{"type":"Point","coordinates":[-89.364555,29.993404]}},{"type":"Feature","properties":{"s":"firm","phase":"before"},"geometry":{"type":"Point","coordinates":[-89.364833,29.9934]}},{"type":"Feature","properties":{"s":"firm","phase":"before"},"geometry":{"type":"Point","coordinates":[-89.365049,29.993398]}},{"type":"Feature","properties":{"s":"firm","phase":"before"},"geometry":{"type":"Point","coordinates":[-89.365259,29.993406]}},{"type":"Feature","properties":{"s":"firm","phase":"before"},"geometry":{"type":"Point","coordinates":[-89.365488,29.993418]}},{"type":"Feature","properties":{"s":"firm","phase":"before"},"geometry":{"type":"Point","coordinates":[-89.365817,29.993412]}},{"type":"Feature","properties":{"s":"firm","phase":"before"},"geometry":{"type":"Point","coordinates":[-89.366073,29.993377]}},{"type":"Feature","properties":{"s":"firm","phase":"before"},"geometry":{"type":"Point","coordinates":[-89.366707,29.993274]}},{"type":"Feature","properties":{"s":"firm","phase":"before"},"geometry":{"type":"Point","coordinates":[-89.366971,29.993173]}},{"type":"Feature","properties":{"s":"firm","phase":"before"},"geometry":{"type":"Point","coordinates":[-89.367218,29.993114]}},{"type":"Feature","properties":{"s":"firm","phase":"before"},"geometry":{"type":"Point","coordinates":[-89.367457,29.99311]}},{"type":"Feature","properties":{"s":"firm","phase":"before"},"geometry":{"type":"Point","coordinates":[-89.367688,29.993112]}},{"type":"Feature","properties":{"s":"firm","phase":"before"},"geometry":{"type":"Point","coordinates":[-89.367954,29.993116]}},{"type":"Feature","properties":{"s":"firm","phase":"before"},"geometry":{"type":"Point","coordinates":[-89.368181,29.993091]}},{"type":"Feature","properties":{"s":"firm","phase":"before"},"geometry":{"type":"Point","coordinates":[-89.368481,29.993075]}},{"type":"Feature","properties":{"s":"firm","phase":"before"},"geometry":{"type":"Point","coordinates":[-89.368695,29.993069]}},{"type":"Feature","properties":{"s":"firm","phase":"before"},"geometry":{"type":"Point","coordinates":[-89.368961,29.993071]}},{"type":"Feature","properties":{"s":"firm","phase":"before"},"geometry":{"type":"Point","coordinates":[-89.369217,29.993081]}},{"type":"Feature","properties":{"s":"firm","phase":"before"},"geometry":{"type":"Point","coordinates":[-89.369574,29.993116]}},{"type":"Feature","properties":{"s":"firm","phase":"before"},"geometry":{"type":"Point","coordinates":[-89.369848,29.993136]}},{"type":"Feature","properties":{"s":"firm","phase":"before"},"geometry":{"type":"Point","coordinates":[-89.370065,29.99311]}},{"type":"Feature","properties":{"s":"firm","phase":"before"},"geometry":{"type":"Point","coordinates":[-89.370272,29.993064]}},{"type":"Feature","properties":{"s":"firm","phase":"before"},"geometry":{"type":"Point","coordinates":[-89.370527,29.992992]}},{"type":"Feature","properties":{"s":"firm","phase":"before"},"geometry":{"type":"Point","coordinates":[-89.37085,29.992899]}},{"type":"Feature","properties":{"s":"firm","phase":"before"},"geometry":{"type":"Point","coordinates":[-89.371297,29.992856]}},{"type":"Feature","properties":{"s":"firm","phase":"before"},"geometry":{"type":"Point","coordinates":[-89.371669,29.993821]}},{"type":"Feature","properties":{"s":"firm","phase":"before"},"geometry":{"type":"Point","coordinates":[-89.371227,29.993723]}},{"type":"Feature","properties":{"s":"firm","phase":"before"},"geometry":{"type":"Point","coordinates":[-89.371006,29.993706]}},{"type":"Feature","properties":{"s":"firm","phase":"before"},"geometry":{"type":"Point","coordinates":[-89.37072,29.993746]}},{"type":"Feature","properties":{"s":"firm","phase":"before"},"geometry":{"type":"Point","coordinates":[-89.370522,29.993774]}},{"type":"Feature","properties":{"s":"firm","phase":"before"},"geometry":{"type":"Point","coordinates":[-89.370374,29.993789]}},{"type":"Feature","properties":{"s":"firm","phase":"before"},"geometry":{"type":"Point","coordinates":[-89.370191,29.993789]}},{"type":"Feature","properties":{"s":"firm","phase":"before"},"geometry":{"type":"Point","coordinates":[-89.36993,29.993751]}},{"type":"Feature","properties":{"s":"firm","phase":"before"},"geometry":{"type":"Point","coordinates":[-89.369675,29.99374]}},{"type":"Feature","properties":{"s":"firm","phase":"before"},"geometry":{"type":"Point","coordinates":[-89.369455,29.993752]}},{"type":"Feature","properties":{"s":"firm","phase":"before"},"geometry":{"type":"Point","coordinates":[-89.369078,29.993786]}},{"type":"Feature","properties":{"s":"firm","phase":"before"},"geometry":{"type":"Point","coordinates":[-89.368874,29.993814]}},{"type":"Feature","properties":{"s":"firm","phase":"before"},"geometry":{"type":"Point","coordinates":[-89.36867,29.993828]}},{"type":"Feature","properties":{"s":"firm","phase":"before"},"geometry":{"type":"Point","coordinates":[-89.368489,29.993847]}},{"type":"Feature","properties":{"s":"firm","phase":"before"},"geometry":{"type":"Point","coordinates":[-89.368265,29.993867]}},{"type":"Feature","properties":{"s":"firm","phase":"before"},"geometry":{"type":"Point","coordinates":[-89.368112,29.993854]}},{"type":"Feature","properties":{"s":"mud","phase":"before"},"geometry":{"type":"Point","coordinates":[-89.367927,29.993824]}},{"type":"Feature","properties":{"s":"mud","phase":"before"},"geometry":{"type":"Point","coordinates":[-89.367671,29.993798]}},{"type":"Feature","properties":{"s":"mud","phase":"before"},"geometry":{"type":"Point","coordinates":[-89.367364,29.993774]}},{"type":"Feature","properties":{"s":"mud","phase":"before"},"geometry":{"type":"Point","coordinates":[-89.367117,29.993779]}},{"type":"Feature","properties":{"s":"mud","phase":"before"},"geometry":{"type":"Point","coordinates":[-89.366957,29.99377]}},{"type":"Feature","properties":{"s":"mud","phase":"before"},"geometry":{"type":"Point","coordinates":[-89.36678,29.993797]}},{"type":"Feature","properties":{"s":"mud","phase":"before"},"geometry":{"type":"Point","coordinates":[-89.366506,29.9938]}},{"type":"Feature","properties":{"s":"mud","phase":"before"},"geometry":{"type":"Point","coordinates":[-89.366281,29.993793]}},{"type":"Feature","properties":{"s":"mud","phase":"before"},"geometry":{"type":"Point","coordinates":[-89.36609,29.993787]}},{"type":"Feature","properties":{"s":"firm","phase":"before"},"geometry":{"type":"Point","coordinates":[-89.36591,29.993784]}},{"type":"Feature","properties":{"s":"firm","phase":"before"},"geometry":{"type":"Point","coordinates":[-89.365658,29.993806]}},{"type":"Feature","properties":{"s":"firm","phase":"before"},"geometry":{"type":"Point","coordinates":[-89.365469,29.993835]}},{"type":"Feature","properties":{"s":"firm","phase":"before"},"geometry":{"type":"Point","coordinates":[-89.365296,29.993851]}},{"type":"Feature","properties":{"s":"firm","phase":"before"},"geometry":{"type":"Point","coordinates":[-89.364835,29.993864]}},{"type":"Feature","properties":{"s":"firm","phase":"before"},"geometry":{"type":"Point","coordinates":[-89.364609,29.993862]}},{"type":"Feature","properties":{"s":"firm","phase":"before"},"geometry":{"type":"Point","coordinates":[-89.364424,29.993862]}},{"type":"Feature","properties":{"s":"firm","phase":"before"},"geometry":{"type":"Point","coordinates":[-89.36424,29.993868]}},{"type":"Feature","properties":{"s":"firm","phase":"before"},"geometry":{"type":"Point","coordinates":[-89.363979,29.993867]}},{"type":"Feature","properties":{"s":"firm","phase":"before"},"geometry":{"type":"Point","coordinates":[-89.363827,29.993866]}},{"type":"Feature","properties":{"s":"firm","phase":"before"},"geometry":{"type":"Point","coordinates":[-89.363631,29.993867]}},{"type":"Feature","properties":{"s":"firm","phase":"before"},"geometry":{"type":"Point","coordinates":[-89.363492,29.993875]}},{"type":"Feature","properties":{"s":"firm","phase":"before"},"geometry":{"type":"Point","coordinates":[-89.363196,29.993907]}},{"type":"Feature","properties":{"s":"firm","phase":"before"},"geometry":{"type":"Point","coordinates":[-89.36291,29.99397]}},{"type":"Feature","properties":{"s":"firm","phase":"before"},"geometry":{"type":"Point","coordinates":[-89.362647,29.994012]}},{"type":"Feature","properties":{"s":"firm","phase":"before"},"geometry":{"type":"Point","coordinates":[-89.362504,29.99403]}},{"type":"Feature","properties":{"s":"firm","phase":"before"},"geometry":{"type":"Point","coordinates":[-89.362279,29.994052]}},{"type":"Feature","properties":{"s":"firm","phase":"before"},"geometry":{"type":"Point","coordinates":[-89.362026,29.994069]}},{"type":"Feature","properties":{"s":"firm","phase":"before"},"geometry":{"type":"Point","coordinates":[-89.36179,29.994081]}},{"type":"Feature","properties":{"s":"firm","phase":"before"},"geometry":{"type":"Point","coordinates":[-89.361653,29.994127]}},{"type":"Feature","properties":{"s":"firm","phase":"before"},"geometry":{"type":"Point","coordinates":[-89.36146,29.994225]}},{"type":"Feature","properties":{"s":"firm","phase":"before"},"geometry":{"type":"Point","coordinates":[-89.361276,29.994266]}},{"type":"Feature","properties":{"s":"firm","phase":"before"},"geometry":{"type":"Point","coordinates":[-89.360831,29.994337]}},{"type":"Feature","properties":{"s":"firm","phase":"before"},"geometry":{"type":"Point","coordinates":[-89.360682,29.99436]}},{"type":"Feature","properties":{"s":"firm","phase":"before"},"geometry":{"type":"Point","coordinates":[-89.360547,29.994384]}},{"type":"Feature","properties":{"s":"firm","phase":"before"},"geometry":{"type":"Point","coordinates":[-89.360297,29.994411]}},{"type":"Feature","properties":{"s":"firm","phase":"before"},"geometry":{"type":"Point","coordinates":[-89.360102,29.994404]}},{"type":"Feature","properties":{"s":"firm","phase":"before"},"geometry":{"type":"Point","coordinates":[-89.359922,29.99441]}},{"type":"Feature","properties":{"s":"firm","phase":"before"},"geometry":{"type":"Point","coordinates":[-89.359655,29.994442]}},{"type":"Feature","properties":{"s":"firm","phase":"before"},"geometry":{"type":"Point","coordinates":[-89.35933,29.994478]}},{"type":"Feature","properties":{"s":"firm","phase":"before"},"geometry":{"type":"Point","coordinates":[-89.359037,29.994478]}},{"type":"Feature","properties":{"s":"firm","phase":"before"},"geometry":{"type":"Point","coordinates":[-89.358774,29.994473]}},{"type":"Feature","properties":{"s":"firm","phase":"before"},"geometry":{"type":"Point","coordinates":[-89.358521,29.994438]}},{"type":"Feature","properties":{"s":"firm","phase":"before"},"geometry":{"type":"Point","coordinates":[-89.358334,29.994428]}},{"type":"Feature","properties":{"s":"firm","phase":"before"},"geometry":{"type":"Point","coordinates":[-89.358143,29.994441]}},{"type":"Feature","properties":{"s":"firm","phase":"before"},"geometry":{"type":"Point","coordinates":[-89.357968,29.994445]}},{"type":"Feature","properties":{"s":"firm","phase":"before"},"geometry":{"type":"Point","coordinates":[-89.357736,29.994487]}},{"type":"Feature","properties":{"s":"firm","phase":"before"},"geometry":{"type":"Point","coordinates":[-89.357557,29.994519]}},{"type":"Feature","properties":{"s":"firm","phase":"before"},"geometry":{"type":"Point","coordinates":[-89.357633,29.994718]}},{"type":"Feature","properties":{"s":"firm","phase":"before"},"geometry":{"type":"Point","coordinates":[-89.357884,29.994627]}},{"type":"Feature","properties":{"s":"firm","phase":"before"},"geometry":{"type":"Point","coordinates":[-89.358092,29.99468]}},{"type":"Feature","properties":{"s":"firm","phase":"before"},"geometry":{"type":"Point","coordinates":[-89.35835,29.994702]}},{"type":"Feature","properties":{"s":"firm","phase":"before"},"geometry":{"type":"Point","coordinates":[-89.35866,29.994705]}},{"type":"Feature","properties":{"s":"firm","phase":"before"},"geometry":{"type":"Point","coordinates":[-89.35914,29.994682]}},{"type":"Feature","properties":{"s":"firm","phase":"before"},"geometry":{"type":"Point","coordinates":[-89.359403,29.994658]}},{"type":"Feature","properties":{"s":"firm","phase":"before"},"geometry":{"type":"Point","coordinates":[-89.359746,29.994635]}},{"type":"Feature","properties":{"s":"firm","phase":"before"},"geometry":{"type":"Point","coordinates":[-89.360005,29.994619]}},{"type":"Feature","properties":{"s":"firm","phase":"before"},"geometry":{"type":"Point","coordinates":[-89.360304,29.994598]}},{"type":"Feature","properties":{"s":"firm","phase":"before"},"geometry":{"type":"Point","coordinates":[-89.360694,29.994569]}},{"type":"Feature","properties":{"s":"firm","phase":"before"},"geometry":{"type":"Point","coordinates":[-89.36087,29.99454]}},{"type":"Feature","properties":{"s":"firm","phase":"before"},"geometry":{"type":"Point","coordinates":[-89.361088,29.994507]}},{"type":"Feature","properties":{"s":"firm","phase":"before"},"geometry":{"type":"Point","coordinates":[-89.36134,29.994505]}},{"type":"Feature","properties":{"s":"firm","phase":"before"},"geometry":{"type":"Point","coordinates":[-89.361635,29.99448]}},{"type":"Feature","properties":{"s":"firm","phase":"before"},"geometry":{"type":"Point","coordinates":[-89.361988,29.994363]}},{"type":"Feature","properties":{"s":"firm","phase":"before"},"geometry":{"type":"Point","coordinates":[-89.36226,29.994311]}},{"type":"Feature","properties":{"s":"firm","phase":"before"},"geometry":{"type":"Point","coordinates":[-89.362792,29.994215]}},{"type":"Feature","properties":{"s":"firm","phase":"before"},"geometry":{"type":"Point","coordinates":[-89.363086,29.994175]}},{"type":"Feature","properties":{"s":"firm","phase":"before"},"geometry":{"type":"Point","coordinates":[-89.363365,29.994106]}},{"type":"Feature","properties":{"s":"firm","phase":"before"},"geometry":{"type":"Point","coordinates":[-89.363742,29.994039]}},{"type":"Feature","properties":{"s":"firm","phase":"before"},"geometry":{"type":"Point","coordinates":[-89.363994,29.994007]}},{"type":"Feature","properties":{"s":"firm","phase":"before"},"geometry":{"type":"Point","coordinates":[-89.364279,29.993981]}},{"type":"Feature","properties":{"s":"firm","phase":"before"},"geometry":{"type":"Point","coordinates":[-89.364496,29.99396]}},{"type":"Feature","properties":{"s":"firm","phase":"before"},"geometry":{"type":"Point","coordinates":[-89.364857,29.99396]}},{"type":"Feature","properties":{"s":"firm","phase":"before"},"geometry":{"type":"Point","coordinates":[-89.365189,29.993994]}},{"type":"Feature","properties":{"s":"firm","phase":"before"},"geometry":{"type":"Point","coordinates":[-89.365445,29.994019]}},{"type":"Feature","properties":{"s":"firm","phase":"before"},"geometry":{"type":"Point","coordinates":[-89.365728,29.994021]}},{"type":"Feature","properties":{"s":"firm","phase":"before"},"geometry":{"type":"Point","coordinates":[-89.36596,29.994034]}},{"type":"Feature","properties":{"s":"firm","phase":"before"},"geometry":{"type":"Point","coordinates":[-89.366252,29.994009]}},{"type":"Feature","properties":{"s":"firm","phase":"before"},"geometry":{"type":"Point","coordinates":[-89.366549,29.993978]}},{"type":"Feature","properties":{"s":"firm","phase":"before"},"geometry":{"type":"Point","coordinates":[-89.366868,29.993976]}},{"type":"Feature","properties":{"s":"firm","phase":"before"},"geometry":{"type":"Point","coordinates":[-89.367119,29.993957]}},{"type":"Feature","properties":{"s":"firm","phase":"before"},"geometry":{"type":"Point","coordinates":[-89.367439,29.993966]}},{"type":"Feature","properties":{"s":"firm","phase":"before"},"geometry":{"type":"Point","coordinates":[-89.367696,29.993974]}},{"type":"Feature","properties":{"s":"firm","phase":"before"},"geometry":{"type":"Point","coordinates":[-89.367956,29.993982]}},{"type":"Feature","properties":{"s":"firm","phase":"before"},"geometry":{"type":"Point","coordinates":[-89.368281,29.993998]}},{"type":"Feature","properties":{"s":"firm","phase":"before"},"geometry":{"type":"Point","coordinates":[-89.368603,29.994007]}},{"type":"Feature","properties":{"s":"firm","phase":"before"},"geometry":{"type":"Point","coordinates":[-89.36885,29.994009]}},{"type":"Feature","properties":{"s":"firm","phase":"before"},"geometry":{"type":"Point","coordinates":[-89.369101,29.994019]}},{"type":"Feature","properties":{"s":"firm","phase":"before"},"geometry":{"type":"Point","coordinates":[-89.369344,29.994025]}},{"type":"Feature","properties":{"s":"firm","phase":"before"},"geometry":{"type":"Point","coordinates":[-89.369592,29.994055]}},{"type":"Feature","properties":{"s":"firm","phase":"before"},"geometry":{"type":"Point","coordinates":[-89.369987,29.994079]}},{"type":"Feature","properties":{"s":"firm","phase":"before"},"geometry":{"type":"Point","coordinates":[-89.370237,29.994063]}},{"type":"Feature","properties":{"s":"firm","phase":"before"},"geometry":{"type":"Point","coordinates":[-89.370551,29.994043]}},{"type":"Feature","properties":{"s":"firm","phase":"before"},"geometry":{"type":"Point","coordinates":[-89.370786,29.994037]}},{"type":"Feature","properties":{"s":"firm","phase":"before"},"geometry":{"type":"Point","coordinates":[-89.371109,29.994058]}},{"type":"Feature","properties":{"s":"firm","phase":"before"},"geometry":{"type":"Point","coordinates":[-89.371362,29.994059]}},{"type":"Feature","properties":{"s":"firm","phase":"before"},"geometry":{"type":"Point","coordinates":[-89.371618,29.994047]}},{"type":"Feature","properties":{"s":"firm","phase":"before"},"geometry":{"type":"Point","coordinates":[-89.371672,29.994331]}},{"type":"Feature","properties":{"s":"firm","phase":"before"},"geometry":{"type":"Point","coordinates":[-89.371508,29.994342]}},{"type":"Feature","properties":{"s":"firm","phase":"before"},"geometry":{"type":"Point","coordinates":[-89.371345,29.99435]}},{"type":"Feature","properties":{"s":"firm","phase":"before"},"geometry":{"type":"Point","coordinates":[-89.371174,29.994357]}},{"type":"Feature","properties":{"s":"firm","phase":"before"},"geometry":{"type":"Point","coordinates":[-89.370964,29.994382]}},{"type":"Feature","properties":{"s":"firm","phase":"before"},"geometry":{"type":"Point","coordinates":[-89.370805,29.994398]}},{"type":"Feature","properties":{"s":"firm","phase":"before"},"geometry":{"type":"Point","coordinates":[-89.370545,29.994421]}},{"type":"Feature","properties":{"s":"firm","phase":"before"},"geometry":{"type":"Point","coordinates":[-89.37039,29.994442]}},{"type":"Feature","properties":{"s":"firm","phase":"before"},"geometry":{"type":"Point","coordinates":[-89.370224,29.994459]}},{"type":"Feature","properties":{"s":"firm","phase":"before"},"geometry":{"type":"Point","coordinates":[-89.370056,29.994469]}},{"type":"Feature","properties":{"s":"firm","phase":"before"},"geometry":{"type":"Point","coordinates":[-89.369842,29.994485]}},{"type":"Feature","properties":{"s":"firm","phase":"before"},"geometry":{"type":"Point","coordinates":[-89.369634,29.994482]}},{"type":"Feature","properties":{"s":"firm","phase":"before"},"geometry":{"type":"Point","coordinates":[-89.369386,29.994452]}},{"type":"Feature","properties":{"s":"firm","phase":"before"},"geometry":{"type":"Point","coordinates":[-89.369184,29.994422]}},{"type":"Feature","properties":{"s":"firm","phase":"before"},"geometry":{"type":"Point","coordinates":[-89.369005,29.9944]}},{"type":"Feature","properties":{"s":"firm","phase":"before"},"geometry":{"type":"Point","coordinates":[-89.368786,29.994389]}},{"type":"Feature","properties":{"s":"firm","phase":"before"},"geometry":{"type":"Point","coordinates":[-89.368623,29.994378]}},{"type":"Feature","properties":{"s":"firm","phase":"before"},"geometry":{"type":"Point","coordinates":[-89.368415,29.994374]}},{"type":"Feature","properties":{"s":"firm","phase":"before"},"geometry":{"type":"Point","coordinates":[-89.368171,29.994348]}},{"type":"Feature","properties":{"s":"firm","phase":"before"},"geometry":{"type":"Point","coordinates":[-89.368009,29.994335]}},{"type":"Feature","properties":{"s":"firm","phase":"before"},"geometry":{"type":"Point","coordinates":[-89.367677,29.994303]}},{"type":"Feature","properties":{"s":"firm","phase":"before"},"geometry":{"type":"Point","coordinates":[-89.367459,29.994295]}},{"type":"Feature","properties":{"s":"firm","phase":"before"},"geometry":{"type":"Point","coordinates":[-89.367157,29.994284]}},{"type":"Feature","properties":{"s":"firm","phase":"before"},"geometry":{"type":"Point","coordinates":[-89.366793,29.994305]}},{"type":"Feature","properties":{"s":"firm","phase":"before"},"geometry":{"type":"Point","coordinates":[-89.366572,29.994304]}},{"type":"Feature","properties":{"s":"firm","phase":"before"},"geometry":{"type":"Point","coordinates":[-89.366392,29.994332]}},{"type":"Feature","properties":{"s":"firm","phase":"before"},"geometry":{"type":"Point","coordinates":[-89.36618,29.994346]}},{"type":"Feature","properties":{"s":"firm","phase":"before"},"geometry":{"type":"Point","coordinates":[-89.366003,29.99435]}},{"type":"Feature","properties":{"s":"firm","phase":"before"},"geometry":{"type":"Point","coordinates":[-89.365794,29.994366]}},{"type":"Feature","properties":{"s":"firm","phase":"before"},"geometry":{"type":"Point","coordinates":[-89.365621,29.994379]}},{"type":"Feature","properties":{"s":"firm","phase":"before"},"geometry":{"type":"Point","coordinates":[-89.365413,29.994387]}},{"type":"Feature","properties":{"s":"firm","phase":"before"},"geometry":{"type":"Point","coordinates":[-89.36521,29.994388]}},{"type":"Feature","properties":{"s":"firm","phase":"before"},"geometry":{"type":"Point","coordinates":[-89.365038,29.994388]}},{"type":"Feature","properties":{"s":"firm","phase":"before"},"geometry":{"type":"Point","coordinates":[-89.364824,29.994374]}},{"type":"Feature","properties":{"s":"firm","phase":"before"},"geometry":{"type":"Point","coordinates":[-89.364613,29.994365]}},{"type":"Feature","properties":{"s":"firm","phase":"before"},"geometry":{"type":"Point","coordinates":[-89.364439,29.99437]}},{"type":"Feature","properties":{"s":"firm","phase":"before"},"geometry":{"type":"Point","coordinates":[-89.364278,29.994371]}},{"type":"Feature","properties":{"s":"firm","phase":"before"},"geometry":{"type":"Point","coordinates":[-89.364077,29.994385]}},{"type":"Feature","properties":{"s":"firm","phase":"before"},"geometry":{"type":"Point","coordinates":[-89.363869,29.994403]}},{"type":"Feature","properties":{"s":"firm","phase":"before"},"geometry":{"type":"Point","coordinates":[-89.363583,29.994435]}},{"type":"Feature","properties":{"s":"firm","phase":"before"},"geometry":{"type":"Point","coordinates":[-89.363379,29.994463]}},{"type":"Feature","properties":{"s":"firm","phase":"before"},"geometry":{"type":"Point","coordinates":[-89.363206,29.99448]}},{"type":"Feature","properties":{"s":"firm","phase":"before"},"geometry":{"type":"Point","coordinates":[-89.363001,29.994503]}},{"type":"Feature","properties":{"s":"firm","phase":"before"},"geometry":{"type":"Point","coordinates":[-89.362792,29.994537]}},{"type":"Feature","properties":{"s":"firm","phase":"before"},"geometry":{"type":"Point","coordinates":[-89.362626,29.994565]}},{"type":"Feature","properties":{"s":"firm","phase":"before"},"geometry":{"type":"Point","coordinates":[-89.362424,29.994598]}},{"type":"Feature","properties":{"s":"firm","phase":"before"},"geometry":{"type":"Point","coordinates":[-89.362262,29.994625]}},{"type":"Feature","properties":{"s":"firm","phase":"before"},"geometry":{"type":"Point","coordinates":[-89.362065,29.994666]}},{"type":"Feature","properties":{"s":"firm","phase":"before"},"geometry":{"type":"Point","coordinates":[-89.361851,29.994703]}},{"type":"Feature","properties":{"s":"firm","phase":"before"},"geometry":{"type":"Point","coordinates":[-89.36168,29.994715]}},{"type":"Feature","properties":{"s":"firm","phase":"before"},"geometry":{"type":"Point","coordinates":[-89.361486,29.994727]}},{"type":"Feature","properties":{"s":"firm","phase":"before"},"geometry":{"type":"Point","coordinates":[-89.361277,29.994759]}},{"type":"Feature","properties":{"s":"firm","phase":"before"},"geometry":{"type":"Point","coordinates":[-89.361115,29.994776]}},{"type":"Feature","properties":{"s":"firm","phase":"before"},"geometry":{"type":"Point","coordinates":[-89.360953,29.994805]}},{"type":"Feature","properties":{"s":"mud","phase":"after"},"geometry":{"type":"Point","coordinates":[-89.370606,29.993884]}},{"type":"Feature","properties":{"s":"mud","phase":"after"},"geometry":{"type":"Point","coordinates":[-89.370606,29.993884]}},{"type":"Feature","properties":{"s":"firm","phase":"after"},"geometry":{"type":"Point","coordinates":[-89.368251,29.995369]}},{"type":"Feature","properties":{"s":"firm","phase":"after"},"geometry":{"type":"Point","coordinates":[-89.367686,29.995203]}},{"type":"Feature","properties":{"s":"firm","phase":"after"},"geometry":{"type":"Point","coordinates":[-89.367764,29.995203]}},{"type":"Feature","properties":{"s":"firm","phase":"after"},"geometry":{"type":"Point","coordinates":[-89.367838,29.995206]}},{"type":"Feature","properties":{"s":"firm","phase":"after"},"geometry":{"type":"Point","coordinates":[-89.367908,29.99522]}},{"type":"Feature","properties":{"s":"firm","phase":"after"},"geometry":{"type":"Point","coordinates":[-89.367955,29.995241]}},{"type":"Feature","properties":{"s":"firm","phase":"after"},"geometry":{"type":"Point","coordinates":[-89.367994,29.995268]}},{"type":"Feature","properties":{"s":"firm","phase":"after"},"geometry":{"type":"Point","coordinates":[-89.36802,29.995294]}},{"type":"Feature","properties":{"s":"scat","phase":"after"},"geometry":{"type":"Point","coordinates":[-89.36817,29.995375]}},{"type":"Feature","properties":{"s":"firm","phase":"after"},"geometry":{"type":"Point","coordinates":[-89.36817,29.995375]}},{"type":"Feature","properties":{"s":"reef","phase":"after"},"geometry":{"type":"Point","coordinates":[-89.367345,29.995253]}},{"type":"Feature","properties":{"s":"reef","phase":"after"},"geometry":{"type":"Point","coordinates":[-89.367392,29.995246]}},{"type":"Feature","properties":{"s":"reef","phase":"after"},"geometry":{"type":"Point","coordinates":[-89.367454,29.995238]}},{"type":"Feature","properties":{"s":"reef","phase":"after"},"geometry":{"type":"Point","coordinates":[-89.367454,29.995238]}},{"type":"Feature","properties":{"s":"buried","phase":"after"},"geometry":{"type":"Point","coordinates":[-89.367476,29.995234]}},{"type":"Feature","properties":{"s":"firm","phase":"after"},"geometry":{"type":"Point","coordinates":[-89.367499,29.995229]}},{"type":"Feature","properties":{"s":"firm","phase":"after"},"geometry":{"type":"Point","coordinates":[-89.367561,29.995219]}},{"type":"Feature","properties":{"s":"firm","phase":"after"},"geometry":{"type":"Point","coordinates":[-89.367603,29.995213]}},{"type":"Feature","properties":{"s":"reef","phase":"after"},"geometry":{"type":"Point","coordinates":[-89.366515,29.99535]}},{"type":"Feature","properties":{"s":"reef","phase":"after"},"geometry":{"type":"Point","coordinates":[-89.366596,29.995344]}},{"type":"Feature","properties":{"s":"reef","phase":"after"},"geometry":{"type":"Point","coordinates":[-89.3667,29.995334]}},{"type":"Feature","properties":{"s":"reef","phase":"after"},"geometry":{"type":"Point","coordinates":[-89.366763,29.995326]}},{"type":"Feature","properties":{"s":"scat","phase":"after"},"geometry":{"type":"Point","coordinates":[-89.366826,29.995317]}},{"type":"Feature","properties":{"s":"reef","phase":"after"},"geometry":{"type":"Point","coordinates":[-89.366888,29.99531]}},{"type":"Feature","properties":{"s":"reef","phase":"after"},"geometry":{"type":"Point","coordinates":[-89.366995,29.995302]}},{"type":"Feature","properties":{"s":"scat","phase":"after"},"geometry":{"type":"Point","coordinates":[-89.367062,29.995298]}},{"type":"Feature","properties":{"s":"reef","phase":"after"},"geometry":{"type":"Point","coordinates":[-89.367106,29.995292]}},{"type":"Feature","properties":{"s":"reef","phase":"after"},"geometry":{"type":"Point","coordinates":[-89.367195,29.995276]}},{"type":"Feature","properties":{"s":"reef","phase":"after"},"geometry":{"type":"Point","coordinates":[-89.367237,29.995269]}},{"type":"Feature","properties":{"s":"reef","phase":"after"},"geometry":{"type":"Point","coordinates":[-89.3673,29.995259]}},{"type":"Feature","properties":{"s":"reef","phase":"after"},"geometry":{"type":"Point","coordinates":[-89.365887,29.995407]}},{"type":"Feature","properties":{"s":"reef","phase":"after"},"geometry":{"type":"Point","coordinates":[-89.365932,29.9954]}},{"type":"Feature","properties":{"s":"reef","phase":"after"},"geometry":{"type":"Point","coordinates":[-89.365977,29.995394]}},{"type":"Feature","properties":{"s":"reef","phase":"after"},"geometry":{"type":"Point","coordinates":[-89.366041,29.995394]}},{"type":"Feature","properties":{"s":"reef","phase":"after"},"geometry":{"type":"Point","coordinates":[-89.366086,29.995393]}},{"type":"Feature","properties":{"s":"reef","phase":"after"},"geometry":{"type":"Point","coordinates":[-89.366154,29.995388]}},{"type":"Feature","properties":{"s":"reef","phase":"after"},"geometry":{"type":"Point","coordinates":[-89.366226,29.995381]}},{"type":"Feature","properties":{"s":"reef","phase":"after"},"geometry":{"type":"Point","coordinates":[-89.366299,29.995372]}},{"type":"Feature","properties":{"s":"reef","phase":"after"},"geometry":{"type":"Point","coordinates":[-89.366371,29.995363]}},{"type":"Feature","properties":{"s":"reef","phase":"after"},"geometry":{"type":"Point","coordinates":[-89.366434,29.995358]}},{"type":"Feature","properties":{"s":"reef","phase":"after"},"geometry":{"type":"Point","coordinates":[-89.365243,29.995423]}},{"type":"Feature","properties":{"s":"reef","phase":"after"},"geometry":{"type":"Point","coordinates":[-89.36531,29.99542]}},{"type":"Feature","properties":{"s":"reef","phase":"after"},"geometry":{"type":"Point","coordinates":[-89.365355,29.995421]}},{"type":"Feature","properties":{"s":"reef","phase":"after"},"geometry":{"type":"Point","coordinates":[-89.365419,29.995421]}},{"type":"Feature","properties":{"s":"reef","phase":"after"},"geometry":{"type":"Point","coordinates":[-89.365503,29.995422]}},{"type":"Feature","properties":{"s":"reef","phase":"after"},"geometry":{"type":"Point","coordinates":[-89.365566,29.995423]}},{"type":"Feature","properties":{"s":"reef","phase":"after"},"geometry":{"type":"Point","coordinates":[-89.365608,29.995423]}},{"type":"Feature","properties":{"s":"reef","phase":"after"},"geometry":{"type":"Point","coordinates":[-89.365648,29.995416]}},{"type":"Feature","properties":{"s":"reef","phase":"after"},"geometry":{"type":"Point","coordinates":[-89.365729,29.995415]}},{"type":"Feature","properties":{"s":"reef","phase":"after"},"geometry":{"type":"Point","coordinates":[-89.365821,29.995411]}},{"type":"Feature","properties":{"s":"reef","phase":"after"},"geometry":{"type":"Point","coordinates":[-89.364625,29.995461]}},{"type":"Feature","properties":{"s":"reef","phase":"after"},"geometry":{"type":"Point","coordinates":[-89.364692,29.995457]}},{"type":"Feature","properties":{"s":"reef","phase":"after"},"geometry":{"type":"Point","coordinates":[-89.364717,29.995458]}},{"type":"Feature","properties":{"s":"reef","phase":"after"},"geometry":{"type":"Point","coordinates":[-89.364764,29.995458]}},{"type":"Feature","properties":{"s":"reef","phase":"after"},"geometry":{"type":"Point","coordinates":[-89.364837,29.995456]}},{"type":"Feature","properties":{"s":"reef","phase":"after"},"geometry":{"type":"Point","coordinates":[-89.364884,29.995453]}},{"type":"Feature","properties":{"s":"reef","phase":"after"},"geometry":{"type":"Point","coordinates":[-89.36497,29.995445]}},{"type":"Feature","properties":{"s":"reef","phase":"after"},"geometry":{"type":"Point","coordinates":[-89.36503,29.995439]}},{"type":"Feature","properties":{"s":"reef","phase":"after"},"geometry":{"type":"Point","coordinates":[-89.36509,29.995434]}},{"type":"Feature","properties":{"s":"reef","phase":"after"},"geometry":{"type":"Point","coordinates":[-89.365173,29.995427]}},{"type":"Feature","properties":{"s":"reef","phase":"after"},"geometry":{"type":"Point","coordinates":[-89.363994,29.9955]}},{"type":"Feature","properties":{"s":"reef","phase":"after"},"geometry":{"type":"Point","coordinates":[-89.364039,29.995497]}},{"type":"Feature","properties":{"s":"reef","phase":"after"},"geometry":{"type":"Point","coordinates":[-89.36415,29.99549]}},{"type":"Feature","properties":{"s":"reef","phase":"after"},"geometry":{"type":"Point","coordinates":[-89.364215,29.995486]}},{"type":"Feature","properties":{"s":"reef","phase":"after"},"geometry":{"type":"Point","coordinates":[-89.364255,29.995477]}},{"type":"Feature","properties":{"s":"reef","phase":"after"},"geometry":{"type":"Point","coordinates":[-89.364322,29.995478]}},{"type":"Feature","properties":{"s":"reef","phase":"after"},"geometry":{"type":"Point","coordinates":[-89.364409,29.995476]}},{"type":"Feature","properties":{"s":"reef","phase":"after"},"geometry":{"type":"Point","coordinates":[-89.364449,29.995472]}},{"type":"Feature","properties":{"s":"reef","phase":"after"},"geometry":{"type":"Point","coordinates":[-89.364515,29.995471]}},{"type":"Feature","properties":{"s":"reef","phase":"after"},"geometry":{"type":"Point","coordinates":[-89.364561,29.995468]}},{"type":"Feature","properties":{"s":"reef","phase":"after"},"geometry":{"type":"Point","coordinates":[-89.363419,29.995537]}},{"type":"Feature","properties":{"s":"reef","phase":"after"},"geometry":{"type":"Point","coordinates":[-89.363486,29.995536]}},{"type":"Feature","properties":{"s":"reef","phase":"after"},"geometry":{"type":"Point","coordinates":[-89.36357,29.995532]}},{"type":"Feature","properties":{"s":"reef","phase":"after"},"geometry":{"type":"Point","coordinates":[-89.363666,29.995527]}},{"type":"Feature","properties":{"s":"reef","phase":"after"},"geometry":{"type":"Point","coordinates":[-89.36373,29.995521]}},{"type":"Feature","properties":{"s":"reef","phase":"after"},"geometry":{"type":"Point","coordinates":[-89.363794,29.995516]}},{"type":"Feature","properties":{"s":"reef","phase":"after"},"geometry":{"type":"Point","coordinates":[-89.363884,29.99551]}},{"type":"Feature","properties":{"s":"reef","phase":"after"},"geometry":{"type":"Point","coordinates":[-89.363926,29.995505]}},{"type":"Feature","properties":{"s":"reef","phase":"after"},"geometry":{"type":"Point","coordinates":[-89.362753,29.995584]}},{"type":"Feature","properties":{"s":"reef","phase":"after"},"geometry":{"type":"Point","coordinates":[-89.362821,29.995585]}},{"type":"Feature","properties":{"s":"reef","phase":"after"},"geometry":{"type":"Point","coordinates":[-89.362887,29.995582]}},{"type":"Feature","properties":{"s":"reef","phase":"after"},"geometry":{"type":"Point","coordinates":[-89.36295,29.995577]}},{"type":"Feature","properties":{"s":"reef","phase":"after"},"geometry":{"type":"Point","coordinates":[-89.362991,29.99557]}},{"type":"Feature","properties":{"s":"reef","phase":"after"},"geometry":{"type":"Point","coordinates":[-89.363077,29.995558]}},{"type":"Feature","properties":{"s":"reef","phase":"after"},"geometry":{"type":"Point","coordinates":[-89.363141,29.995548]}},{"type":"Feature","properties":{"s":"reef","phase":"after"},"geometry":{"type":"Point","coordinates":[-89.363223,29.995544]}},{"type":"Feature","properties":{"s":"reef","phase":"after"},"geometry":{"type":"Point","coordinates":[-89.36329,29.995543]}},{"type":"Feature","properties":{"s":"reef","phase":"after"},"geometry":{"type":"Point","coordinates":[-89.363354,29.995541]}},{"type":"Feature","properties":{"s":"reef","phase":"after"},"geometry":{"type":"Point","coordinates":[-89.362157,29.995624]}},{"type":"Feature","properties":{"s":"reef","phase":"after"},"geometry":{"type":"Point","coordinates":[-89.3622,29.995625]}},{"type":"Feature","properties":{"s":"reef","phase":"after"},"geometry":{"type":"Point","coordinates":[-89.362263,29.995622]}},{"type":"Feature","properties":{"s":"reef","phase":"after"},"geometry":{"type":"Point","coordinates":[-89.362333,29.995618]}},{"type":"Feature","properties":{"s":"reef","phase":"after"},"geometry":{"type":"Point","coordinates":[-89.362374,29.995613]}},{"type":"Feature","properties":{"s":"reef","phase":"after"},"geometry":{"type":"Point","coordinates":[-89.36244,29.995607]}},{"type":"Feature","properties":{"s":"reef","phase":"after"},"geometry":{"type":"Point","coordinates":[-89.362505,29.995602]}},{"type":"Feature","properties":{"s":"reef","phase":"after"},"geometry":{"type":"Point","coordinates":[-89.362547,29.995597]}},{"type":"Feature","properties":{"s":"reef","phase":"after"},"geometry":{"type":"Point","coordinates":[-89.36264,29.99559]}},{"type":"Feature","properties":{"s":"reef","phase":"after"},"geometry":{"type":"Point","coordinates":[-89.362685,29.995588]}},{"type":"Feature","properties":{"s":"reef","phase":"after"},"geometry":{"type":"Point","coordinates":[-89.361575,29.99565]}},{"type":"Feature","properties":{"s":"reef","phase":"after"},"geometry":{"type":"Point","coordinates":[-89.361641,29.995649]}},{"type":"Feature","properties":{"s":"reef","phase":"after"},"geometry":{"type":"Point","coordinates":[-89.361703,29.995643]}},{"type":"Feature","properties":{"s":"reef","phase":"after"},"geometry":{"type":"Point","coordinates":[-89.361744,29.995641]}},{"type":"Feature","properties":{"s":"reef","phase":"after"},"geometry":{"type":"Point","coordinates":[-89.361766,29.995641]}},{"type":"Feature","properties":{"s":"reef","phase":"after"},"geometry":{"type":"Point","coordinates":[-89.361807,29.995638]}},{"type":"Feature","properties":{"s":"reef","phase":"after"},"geometry":{"type":"Point","coordinates":[-89.36185,29.995635]}},{"type":"Feature","properties":{"s":"reef","phase":"after"},"geometry":{"type":"Point","coordinates":[-89.361897,29.995633]}},{"type":"Feature","properties":{"s":"reef","phase":"after"},"geometry":{"type":"Point","coordinates":[-89.36198,29.995625]}},{"type":"Feature","properties":{"s":"reef","phase":"after"},"geometry":{"type":"Point","coordinates":[-89.362026,29.995627]}},{"type":"Feature","properties":{"s":"reef","phase":"after"},"geometry":{"type":"Point","coordinates":[-89.362047,29.995626]}},{"type":"Feature","properties":{"s":"reef","phase":"after"},"geometry":{"type":"Point","coordinates":[-89.36209,29.995623]}},{"type":"Feature","properties":{"s":"firm","phase":"after"},"geometry":{"type":"Point","coordinates":[-89.36095,29.995696]}},{"type":"Feature","properties":{"s":"firm","phase":"after"},"geometry":{"type":"Point","coordinates":[-89.360992,29.995693]}},{"type":"Feature","properties":{"s":"firm","phase":"after"},"geometry":{"type":"Point","coordinates":[-89.361034,29.995689]}},{"type":"Feature","properties":{"s":"firm","phase":"after"},"geometry":{"type":"Point","coordinates":[-89.361101,29.995685]}},{"type":"Feature","properties":{"s":"firm","phase":"after"},"geometry":{"type":"Point","coordinates":[-89.361166,29.995682]}},{"type":"Feature","properties":{"s":"firm","phase":"after"},"geometry":{"type":"Point","coordinates":[-89.361258,29.995674]}},{"type":"Feature","properties":{"s":"firm","phase":"after"},"geometry":{"type":"Point","coordinates":[-89.36135,29.995666]}},{"type":"Feature","properties":{"s":"scat","phase":"after"},"geometry":{"type":"Point","coordinates":[-89.361466,29.995659]}},{"type":"Feature","properties":{"s":"reef","phase":"after"},"geometry":{"type":"Point","coordinates":[-89.36151,29.995655]}},{"type":"Feature","properties":{"s":"firm","phase":"after"},"geometry":{"type":"Point","coordinates":[-89.360346,29.995726]}},{"type":"Feature","properties":{"s":"firm","phase":"after"},"geometry":{"type":"Point","coordinates":[-89.360411,29.995725]}},{"type":"Feature","properties":{"s":"firm","phase":"after"},"geometry":{"type":"Point","coordinates":[-89.360501,29.995723]}},{"type":"Feature","properties":{"s":"firm","phase":"after"},"geometry":{"type":"Point","coordinates":[-89.360542,29.995722]}},{"type":"Feature","properties":{"s":"firm","phase":"after"},"geometry":{"type":"Point","coordinates":[-89.360628,29.995717]}},{"type":"Feature","properties":{"s":"firm","phase":"after"},"geometry":{"type":"Point","coordinates":[-89.360692,29.995709]}},{"type":"Feature","properties":{"s":"firm","phase":"after"},"geometry":{"type":"Point","coordinates":[-89.36078,29.995702]}},{"type":"Feature","properties":{"s":"firm","phase":"after"},"geometry":{"type":"Point","coordinates":[-89.360868,29.995698]}},{"type":"Feature","properties":{"s":"firm","phase":"after"},"geometry":{"type":"Point","coordinates":[-89.359828,29.99577]}},{"type":"Feature","properties":{"s":"firm","phase":"after"},"geometry":{"type":"Point","coordinates":[-89.359892,29.995761]}},{"type":"Feature","properties":{"s":"firm","phase":"after"},"geometry":{"type":"Point","coordinates":[-89.35998,29.995756]}},{"type":"Feature","properties":{"s":"firm","phase":"after"},"geometry":{"type":"Point","coordinates":[-89.360023,29.995751]}},{"type":"Feature","properties":{"s":"firm","phase":"after"},"geometry":{"type":"Point","coordinates":[-89.360114,29.995745]}},{"type":"Feature","properties":{"s":"firm","phase":"after"},"geometry":{"type":"Point","coordinates":[-89.360175,29.995741]}},{"type":"Feature","properties":{"s":"firm","phase":"after"},"geometry":{"type":"Point","coordinates":[-89.360216,29.995738]}},{"type":"Feature","properties":{"s":"firm","phase":"after"},"geometry":{"type":"Point","coordinates":[-89.36028,29.995733]}},{"type":"Feature","properties":{"s":"firm","phase":"after"},"geometry":{"type":"Point","coordinates":[-89.359123,29.995811]}},{"type":"Feature","properties":{"s":"firm","phase":"after"},"geometry":{"type":"Point","coordinates":[-89.35921,29.995804]}},{"type":"Feature","properties":{"s":"firm","phase":"after"},"geometry":{"type":"Point","coordinates":[-89.359293,29.995799]}},{"type":"Feature","properties":{"s":"firm","phase":"after"},"geometry":{"type":"Point","coordinates":[-89.359357,29.995796]}},{"type":"Feature","properties":{"s":"firm","phase":"after"},"geometry":{"type":"Point","coordinates":[-89.359469,29.995796]}},{"type":"Feature","properties":{"s":"firm","phase":"after"},"geometry":{"type":"Point","coordinates":[-89.359531,29.99579]}},{"type":"Feature","properties":{"s":"firm","phase":"after"},"geometry":{"type":"Point","coordinates":[-89.359622,29.995787]}},{"type":"Feature","properties":{"s":"firm","phase":"after"},"geometry":{"type":"Point","coordinates":[-89.359707,29.995785]}},{"type":"Feature","properties":{"s":"firm","phase":"after"},"geometry":{"type":"Point","coordinates":[-89.358473,29.995852]}},{"type":"Feature","properties":{"s":"firm","phase":"after"},"geometry":{"type":"Point","coordinates":[-89.358516,29.995853]}},{"type":"Feature","properties":{"s":"firm","phase":"after"},"geometry":{"type":"Point","coordinates":[-89.358583,29.995846]}},{"type":"Feature","properties":{"s":"firm","phase":"after"},"geometry":{"type":"Point","coordinates":[-89.358655,29.995844]}},{"type":"Feature","properties":{"s":"firm","phase":"after"},"geometry":{"type":"Point","coordinates":[-89.358697,29.995843]}},{"type":"Feature","properties":{"s":"firm","phase":"after"},"geometry":{"type":"Point","coordinates":[-89.358741,29.995836]}},{"type":"Feature","properties":{"s":"firm","phase":"after"},"geometry":{"type":"Point","coordinates":[-89.358801,29.995831]}},{"type":"Feature","properties":{"s":"firm","phase":"after"},"geometry":{"type":"Point","coordinates":[-89.358887,29.995823]}},{"type":"Feature","properties":{"s":"firm","phase":"after"},"geometry":{"type":"Point","coordinates":[-89.358973,29.995818]}},{"type":"Feature","properties":{"s":"firm","phase":"after"},"geometry":{"type":"Point","coordinates":[-89.359036,29.995816]}},{"type":"Feature","properties":{"s":"firm","phase":"after"},"geometry":{"type":"Point","coordinates":[-89.357901,29.995881]}},{"type":"Feature","properties":{"s":"firm","phase":"after"},"geometry":{"type":"Point","coordinates":[-89.357965,29.995875]}},{"type":"Feature","properties":{"s":"firm","phase":"after"},"geometry":{"type":"Point","coordinates":[-89.358047,29.995874]}},{"type":"Feature","properties":{"s":"firm","phase":"after"},"geometry":{"type":"Point","coordinates":[-89.358133,29.995867]}},{"type":"Feature","properties":{"s":"firm","phase":"after"},"geometry":{"type":"Point","coordinates":[-89.358218,29.995861]}},{"type":"Feature","properties":{"s":"firm","phase":"after"},"geometry":{"type":"Point","coordinates":[-89.358263,29.995862]}},{"type":"Feature","properties":{"s":"firm","phase":"after"},"geometry":{"type":"Point","coordinates":[-89.358346,29.995862]}},{"type":"Feature","properties":{"s":"firm","phase":"after"},"geometry":{"type":"Point","coordinates":[-89.358405,29.995858]}},{"type":"Feature","properties":{"s":"firm","phase":"after"},"geometry":{"type":"Point","coordinates":[-89.357608,29.995887]}},{"type":"Feature","properties":{"s":"firm","phase":"after"},"geometry":{"type":"Point","coordinates":[-89.357711,29.995883]}},{"type":"Feature","properties":{"s":"firm","phase":"after"},"geometry":{"type":"Point","coordinates":[-89.357817,29.99589]}},{"type":"Feature","properties":{"s":"firm","phase":"after"},"geometry":{"type":"Point","coordinates":[-89.357534,29.995622]}},{"type":"Feature","properties":{"s":"firm","phase":"after"},"geometry":{"type":"Point","coordinates":[-89.358247,29.995575]}},{"type":"Feature","properties":{"s":"firm","phase":"after"},"geometry":{"type":"Point","coordinates":[-89.358111,29.995577]}},{"type":"Feature","properties":{"s":"firm","phase":"after"},"geometry":{"type":"Point","coordinates":[-89.358049,29.995579]}},{"type":"Feature","properties":{"s":"firm","phase":"after"},"geometry":{"type":"Point","coordinates":[-89.357988,29.995584]}},{"type":"Feature","properties":{"s":"firm","phase":"after"},"geometry":{"type":"Point","coordinates":[-89.35791,29.995588]}},{"type":"Feature","properties":{"s":"firm","phase":"after"},"geometry":{"type":"Point","coordinates":[-89.357829,29.99559]}},{"type":"Feature","properties":{"s":"firm","phase":"after"},"geometry":{"type":"Point","coordinates":[-89.357747,29.995587]}},{"type":"Feature","properties":{"s":"reef","phase":"after"},"geometry":{"type":"Point","coordinates":[-89.358925,29.995539]}},{"type":"Feature","properties":{"s":"reef","phase":"after"},"geometry":{"type":"Point","coordinates":[-89.35888,29.995546]}},{"type":"Feature","properties":{"s":"reef","phase":"after"},"geometry":{"type":"Point","coordinates":[-89.358793,29.995548]}},{"type":"Feature","properties":{"s":"reef","phase":"after"},"geometry":{"type":"Point","coordinates":[-89.358751,29.995548]}},{"type":"Feature","properties":{"s":"reef","phase":"after"},"geometry":{"type":"Point","coordinates":[-89.358688,29.99555]}},{"type":"Feature","properties":{"s":"reef","phase":"after"},"geometry":{"type":"Point","coordinates":[-89.358624,29.995559]}},{"type":"Feature","properties":{"s":"reef","phase":"after"},"geometry":{"type":"Point","coordinates":[-89.358561,29.995561]}},{"type":"Feature","properties":{"s":"reef","phase":"after"},"geometry":{"type":"Point","coordinates":[-89.358472,29.995566]}},{"type":"Feature","properties":{"s":"reef","phase":"after"},"geometry":{"type":"Point","coordinates":[-89.358428,29.995568]}},{"type":"Feature","properties":{"s":"firm","phase":"after"},"geometry":{"type":"Point","coordinates":[-89.358403,29.995569]}},{"type":"Feature","properties":{"s":"firm","phase":"after"},"geometry":{"type":"Point","coordinates":[-89.358315,29.995572]}},{"type":"Feature","properties":{"s":"scat","phase":"after"},"geometry":{"type":"Point","coordinates":[-89.359551,29.995513]}},{"type":"Feature","properties":{"s":"scat","phase":"after"},"geometry":{"type":"Point","coordinates":[-89.359491,29.995514]}},{"type":"Feature","properties":{"s":"scat","phase":"after"},"geometry":{"type":"Point","coordinates":[-89.359453,29.995519]}},{"type":"Feature","properties":{"s":"scat","phase":"after"},"geometry":{"type":"Point","coordinates":[-89.35939,29.99552]}},{"type":"Feature","properties":{"s":"scat","phase":"after"},"geometry":{"type":"Point","coordinates":[-89.359344,29.995524]}},{"type":"Feature","properties":{"s":"reef","phase":"after"},"geometry":{"type":"Point","coordinates":[-89.359198,29.995531]}},{"type":"Feature","properties":{"s":"reef","phase":"after"},"geometry":{"type":"Point","coordinates":[-89.359136,29.995532]}},{"type":"Feature","properties":{"s":"reef","phase":"after"},"geometry":{"type":"Point","coordinates":[-89.359055,29.995538]}},{"type":"Feature","properties":{"s":"reef","phase":"after"},"geometry":{"type":"Point","coordinates":[-89.358989,29.995539]}},{"type":"Feature","properties":{"s":"reef","phase":"after"},"geometry":{"type":"Point","coordinates":[-89.360092,29.995477]}},{"type":"Feature","properties":{"s":"reef","phase":"after"},"geometry":{"type":"Point","coordinates":[-89.360048,29.995479]}},{"type":"Feature","properties":{"s":"reef","phase":"after"},"geometry":{"type":"Point","coordinates":[-89.359963,29.995485]}},{"type":"Feature","properties":{"s":"reef","phase":"after"},"geometry":{"type":"Point","coordinates":[-89.359901,29.995488]}},{"type":"Feature","properties":{"s":"reef","phase":"after"},"geometry":{"type":"Point","coordinates":[-89.359813,29.995494]}},{"type":"Feature","properties":{"s":"reef","phase":"after"},"geometry":{"type":"Point","coordinates":[-89.359745,29.995501]}},{"type":"Feature","properties":{"s":"reef","phase":"after"},"geometry":{"type":"Point","coordinates":[-89.359678,29.995507]}},{"type":"Feature","properties":{"s":"reef","phase":"after"},"geometry":{"type":"Point","coordinates":[-89.359635,29.99551]}},{"type":"Feature","properties":{"s":"reef","phase":"after"},"geometry":{"type":"Point","coordinates":[-89.359572,29.995512]}},{"type":"Feature","properties":{"s":"scat","phase":"after"},"geometry":{"type":"Point","coordinates":[-89.360716,29.995449]}},{"type":"Feature","properties":{"s":"reef","phase":"after"},"geometry":{"type":"Point","coordinates":[-89.360657,29.995454]}},{"type":"Feature","properties":{"s":"reef","phase":"after"},"geometry":{"type":"Point","coordinates":[-89.360613,29.995457]}},{"type":"Feature","properties":{"s":"reef","phase":"after"},"geometry":{"type":"Point","coordinates":[-89.360507,29.995459]}},{"type":"Feature","properties":{"s":"reef","phase":"after"},"geometry":{"type":"Point","coordinates":[-89.360446,29.995459]}},{"type":"Feature","properties":{"s":"reef","phase":"after"},"geometry":{"type":"Point","coordinates":[-89.360402,29.995457]}},{"type":"Feature","properties":{"s":"reef","phase":"after"},"geometry":{"type":"Point","coordinates":[-89.360364,29.995461]}},{"type":"Feature","properties":{"s":"reef","phase":"after"},"geometry":{"type":"Point","coordinates":[-89.3603,29.995466]}},{"type":"Feature","properties":{"s":"reef","phase":"after"},"geometry":{"type":"Point","coordinates":[-89.360234,29.995472]}},{"type":"Feature","properties":{"s":"reef","phase":"after"},"geometry":{"type":"Point","coordinates":[-89.360172,29.995476]}},{"type":"Feature","properties":{"s":"reef","phase":"after"},"geometry":{"type":"Point","coordinates":[-89.361327,29.995407]}},{"type":"Feature","properties":{"s":"reef","phase":"after"},"geometry":{"type":"Point","coordinates":[-89.361241,29.995411]}},{"type":"Feature","properties":{"s":"reef","phase":"after"},"geometry":{"type":"Point","coordinates":[-89.361201,29.995413]}},{"type":"Feature","properties":{"s":"reef","phase":"after"},"geometry":{"type":"Point","coordinates":[-89.361139,29.995415]}},{"type":"Feature","properties":{"s":"scat","phase":"after"},"geometry":{"type":"Point","coordinates":[-89.361037,29.99542]}},{"type":"Feature","properties":{"s":"scat","phase":"after"},"geometry":{"type":"Point","coordinates":[-89.360929,29.995425]}},{"type":"Feature","properties":{"s":"scat","phase":"after"},"geometry":{"type":"Point","coordinates":[-89.360804,29.995443]}},{"type":"Feature","properties":{"s":"reef","phase":"after"},"geometry":{"type":"Point","coordinates":[-89.361912,29.995352]}},{"type":"Feature","properties":{"s":"scat","phase":"after"},"geometry":{"type":"Point","coordinates":[-89.361806,29.995359]}},{"type":"Feature","properties":{"s":"reef","phase":"after"},"geometry":{"type":"Point","coordinates":[-89.361786,29.995364]}},{"type":"Feature","properties":{"s":"reef","phase":"after"},"geometry":{"type":"Point","coordinates":[-89.361727,29.995368]}},{"type":"Feature","properties":{"s":"reef","phase":"after"},"geometry":{"type":"Point","coordinates":[-89.361643,29.995379]}},{"type":"Feature","properties":{"s":"reef","phase":"after"},"geometry":{"type":"Point","coordinates":[-89.361578,29.995385]}},{"type":"Feature","properties":{"s":"reef","phase":"after"},"geometry":{"type":"Point","coordinates":[-89.361514,29.99539]}},{"type":"Feature","properties":{"s":"reef","phase":"after"},"geometry":{"type":"Point","coordinates":[-89.361474,29.995395]}},{"type":"Feature","properties":{"s":"reef","phase":"after"},"geometry":{"type":"Point","coordinates":[-89.36141,29.995401]}},{"type":"Feature","properties":{"s":"scat","phase":"after"},"geometry":{"type":"Point","coordinates":[-89.36208,29.995344]}},{"type":"Feature","properties":{"s":"scat","phase":"after"},"geometry":{"type":"Point","coordinates":[-89.361934,29.995356]}},{"type":"Feature","properties":{"s":"reef","phase":"after"},"geometry":{"type":"Point","coordinates":[-89.365522,29.994656]}},{"type":"Feature","properties":{"s":"reef","phase":"after"},"geometry":{"type":"Point","coordinates":[-89.365461,29.994662]}},{"type":"Feature","properties":{"s":"reef","phase":"after"},"geometry":{"type":"Point","coordinates":[-89.365402,29.994668]}},{"type":"Feature","properties":{"s":"reef","phase":"after"},"geometry":{"type":"Point","coordinates":[-89.365342,29.99467]}},{"type":"Feature","properties":{"s":"reef","phase":"after"},"geometry":{"type":"Point","coordinates":[-89.365243,29.994679]}},{"type":"Feature","properties":{"s":"reef","phase":"after"},"geometry":{"type":"Point","coordinates":[-89.365181,29.994683]}},{"type":"Feature","properties":{"s":"reef","phase":"after"},"geometry":{"type":"Point","coordinates":[-89.365119,29.994683]}},{"type":"Feature","properties":{"s":"reef","phase":"after"},"geometry":{"type":"Point","coordinates":[-89.365042,29.994686]}},{"type":"Feature","properties":{"s":"reef","phase":"after"},"geometry":{"type":"Point","coordinates":[-89.36496,29.994693]}},{"type":"Feature","properties":{"s":"reef","phase":"after"},"geometry":{"type":"Point","coordinates":[-89.364899,29.994695]}},{"type":"Feature","properties":{"s":"scat","phase":"after"},"geometry":{"type":"Point","coordinates":[-89.364861,29.994699]}},{"type":"Feature","properties":{"s":"scat","phase":"after"},"geometry":{"type":"Point","coordinates":[-89.364783,29.994707]}},{"type":"Feature","properties":{"s":"scat","phase":"after"},"geometry":{"type":"Point","coordinates":[-89.36472,29.994712]}},{"type":"Feature","properties":{"s":"reef","phase":"after"},"geometry":{"type":"Point","coordinates":[-89.3647,29.994712]}},{"type":"Feature","properties":{"s":"reef","phase":"after"},"geometry":{"type":"Point","coordinates":[-89.364623,29.994716]}},{"type":"Feature","properties":{"s":"reef","phase":"after"},"geometry":{"type":"Point","coordinates":[-89.364543,29.994718]}},{"type":"Feature","properties":{"s":"reef","phase":"after"},"geometry":{"type":"Point","coordinates":[-89.364481,29.994723]}},{"type":"Feature","properties":{"s":"reef","phase":"after"},"geometry":{"type":"Point","coordinates":[-89.364422,29.99473]}},{"type":"Feature","properties":{"s":"reef","phase":"after"},"geometry":{"type":"Point","coordinates":[-89.364361,29.994733]}},{"type":"Feature","properties":{"s":"reef","phase":"after"},"geometry":{"type":"Point","coordinates":[-89.364287,29.994738]}},{"type":"Feature","properties":{"s":"reef","phase":"after"},"geometry":{"type":"Point","coordinates":[-89.364208,29.994747]}},{"type":"Feature","properties":{"s":"reef","phase":"after"},"geometry":{"type":"Point","coordinates":[-89.364127,29.994753]}},{"type":"Feature","properties":{"s":"reef","phase":"after"},"geometry":{"type":"Point","coordinates":[-89.364048,29.994755]}},{"type":"Feature","properties":{"s":"reef","phase":"after"},"geometry":{"type":"Point","coordinates":[-89.363948,29.994755]}},{"type":"Feature","properties":{"s":"reef","phase":"after"},"geometry":{"type":"Point","coordinates":[-89.363909,29.994755]}},{"type":"Feature","properties":{"s":"reef","phase":"after"},"geometry":{"type":"Point","coordinates":[-89.363828,29.99476]}},{"type":"Feature","properties":{"s":"scat","phase":"after"},"geometry":{"type":"Point","coordinates":[-89.363747,29.99477]}},{"type":"Feature","properties":{"s":"reef","phase":"after"},"geometry":{"type":"Point","coordinates":[-89.363709,29.994774]}},{"type":"Feature","properties":{"s":"reef","phase":"after"},"geometry":{"type":"Point","coordinates":[-89.36363,29.994777]}},{"type":"Feature","properties":{"s":"reef","phase":"after"},"geometry":{"type":"Point","coordinates":[-89.363547,29.99478]}},{"type":"Feature","properties":{"s":"reef","phase":"after"},"geometry":{"type":"Point","coordinates":[-89.36347,29.994785]}},{"type":"Feature","properties":{"s":"reef","phase":"after"},"geometry":{"type":"Point","coordinates":[-89.363372,29.994795]}},{"type":"Feature","properties":{"s":"reef","phase":"after"},"geometry":{"type":"Point","coordinates":[-89.36329,29.994802]}},{"type":"Feature","properties":{"s":"reef","phase":"after"},"geometry":{"type":"Point","coordinates":[-89.363229,29.994803]}},{"type":"Feature","properties":{"s":"reef","phase":"after"},"geometry":{"type":"Point","coordinates":[-89.363147,29.994807]}},{"type":"Feature","properties":{"s":"reef","phase":"after"},"geometry":{"type":"Point","coordinates":[-89.363087,29.994809]}},{"type":"Feature","properties":{"s":"reef","phase":"after"},"geometry":{"type":"Point","coordinates":[-89.363026,29.994815]}},{"type":"Feature","properties":{"s":"reef","phase":"after"},"geometry":{"type":"Point","coordinates":[-89.362948,29.99482]}},{"type":"Feature","properties":{"s":"reef","phase":"after"},"geometry":{"type":"Point","coordinates":[-89.362867,29.994825]}},{"type":"Feature","properties":{"s":"reef","phase":"after"},"geometry":{"type":"Point","coordinates":[-89.362809,29.994831]}},{"type":"Feature","properties":{"s":"reef","phase":"after"},"geometry":{"type":"Point","coordinates":[-89.362729,29.994835]}},{"type":"Feature","properties":{"s":"scat","phase":"after"},"geometry":{"type":"Point","coordinates":[-89.362665,29.994837]}},{"type":"Feature","properties":{"s":"reef","phase":"after"},"geometry":{"type":"Point","coordinates":[-89.362626,29.99484]}},{"type":"Feature","properties":{"s":"reef","phase":"after"},"geometry":{"type":"Point","coordinates":[-89.362566,29.994846]}},{"type":"Feature","properties":{"s":"reef","phase":"after"},"geometry":{"type":"Point","coordinates":[-89.362505,29.99485]}},{"type":"Feature","properties":{"s":"reef","phase":"after"},"geometry":{"type":"Point","coordinates":[-89.362445,29.99485]}},{"type":"Feature","properties":{"s":"reef","phase":"after"},"geometry":{"type":"Point","coordinates":[-89.362385,29.994855]}},{"type":"Feature","properties":{"s":"reef","phase":"after"},"geometry":{"type":"Point","coordinates":[-89.362322,29.994857]}},{"type":"Feature","properties":{"s":"reef","phase":"after"},"geometry":{"type":"Point","coordinates":[-89.362237,29.994862]}},{"type":"Feature","properties":{"s":"reef","phase":"after"},"geometry":{"type":"Point","coordinates":[-89.362137,29.99487]}},{"type":"Feature","properties":{"s":"reef","phase":"after"},"geometry":{"type":"Point","coordinates":[-89.362057,29.994872]}},{"type":"Feature","properties":{"s":"reef","phase":"after"},"geometry":{"type":"Point","coordinates":[-89.361976,29.994879]}},{"type":"Feature","properties":{"s":"reef","phase":"after"},"geometry":{"type":"Point","coordinates":[-89.361898,29.994884]}},{"type":"Feature","properties":{"s":"reef","phase":"after"},"geometry":{"type":"Point","coordinates":[-89.361839,29.994886]}},{"type":"Feature","properties":{"s":"reef","phase":"after"},"geometry":{"type":"Point","coordinates":[-89.361778,29.99489]}},{"type":"Feature","properties":{"s":"reef","phase":"after"},"geometry":{"type":"Point","coordinates":[-89.361694,29.994896]}},{"type":"Feature","properties":{"s":"reef","phase":"after"},"geometry":{"type":"Point","coordinates":[-89.361655,29.994897]}},{"type":"Feature","properties":{"s":"reef","phase":"after"},"geometry":{"type":"Point","coordinates":[-89.361616,29.994897]}},{"type":"Feature","properties":{"s":"reef","phase":"after"},"geometry":{"type":"Point","coordinates":[-89.361512,29.994902]}},{"type":"Feature","properties":{"s":"reef","phase":"after"},"geometry":{"type":"Point","coordinates":[-89.361473,29.994904]}},{"type":"Feature","properties":{"s":"reef","phase":"after"},"geometry":{"type":"Point","coordinates":[-89.361389,29.994907]}},{"type":"Feature","properties":{"s":"reef","phase":"after"},"geometry":{"type":"Point","coordinates":[-89.361326,29.994911]}},{"type":"Feature","properties":{"s":"reef","phase":"after"},"geometry":{"type":"Point","coordinates":[-89.361264,29.994913]}},{"type":"Feature","properties":{"s":"reef","phase":"after"},"geometry":{"type":"Point","coordinates":[-89.361208,29.994916]}},{"type":"Feature","properties":{"s":"reef","phase":"after"},"geometry":{"type":"Point","coordinates":[-89.361172,29.994918]}},{"type":"Feature","properties":{"s":"reef","phase":"after"},"geometry":{"type":"Point","coordinates":[-89.36109,29.994925]}},{"type":"Feature","properties":{"s":"reef","phase":"after"},"geometry":{"type":"Point","coordinates":[-89.36103,29.994931]}},{"type":"Feature","properties":{"s":"reef","phase":"after"},"geometry":{"type":"Point","coordinates":[-89.360965,29.994936]}},{"type":"Feature","properties":{"s":"reef","phase":"after"},"geometry":{"type":"Point","coordinates":[-89.360866,29.994943]}},{"type":"Feature","properties":{"s":"reef","phase":"after"},"geometry":{"type":"Point","coordinates":[-89.360808,29.994948]}},{"type":"Feature","properties":{"s":"reef","phase":"after"},"geometry":{"type":"Point","coordinates":[-89.360726,29.994952]}},{"type":"Feature","properties":{"s":"reef","phase":"after"},"geometry":{"type":"Point","coordinates":[-89.360621,29.994963]}},{"type":"Feature","properties":{"s":"scat","phase":"after"},"geometry":{"type":"Point","coordinates":[-89.360542,29.994963]}},{"type":"Feature","properties":{"s":"reef","phase":"after"},"geometry":{"type":"Point","coordinates":[-89.360484,29.994972]}},{"type":"Feature","properties":{"s":"reef","phase":"after"},"geometry":{"type":"Point","coordinates":[-89.360446,29.994974]}},{"type":"Feature","properties":{"s":"reef","phase":"after"},"geometry":{"type":"Point","coordinates":[-89.360382,29.994976]}},{"type":"Feature","properties":{"s":"reef","phase":"after"},"geometry":{"type":"Point","coordinates":[-89.360301,29.994978]}},{"type":"Feature","properties":{"s":"reef","phase":"after"},"geometry":{"type":"Point","coordinates":[-89.360242,29.994981]}},{"type":"Feature","properties":{"s":"reef","phase":"after"},"geometry":{"type":"Point","coordinates":[-89.360177,29.994986]}},{"type":"Feature","properties":{"s":"reef","phase":"after"},"geometry":{"type":"Point","coordinates":[-89.360115,29.99499]}},{"type":"Feature","properties":{"s":"reef","phase":"after"},"geometry":{"type":"Point","coordinates":[-89.360052,29.994992]}},{"type":"Feature","properties":{"s":"reef","phase":"after"},"geometry":{"type":"Point","coordinates":[-89.359974,29.994996]}},{"type":"Feature","properties":{"s":"reef","phase":"after"},"geometry":{"type":"Point","coordinates":[-89.359875,29.995005]}},{"type":"Feature","properties":{"s":"reef","phase":"after"},"geometry":{"type":"Point","coordinates":[-89.359777,29.99501]}},{"type":"Feature","properties":{"s":"reef","phase":"after"},"geometry":{"type":"Point","coordinates":[-89.359716,29.995013]}},{"type":"Feature","properties":{"s":"reef","phase":"after"},"geometry":{"type":"Point","coordinates":[-89.359639,29.995014]}},{"type":"Feature","properties":{"s":"reef","phase":"after"},"geometry":{"type":"Point","coordinates":[-89.359557,29.995019]}},{"type":"Feature","properties":{"s":"reef","phase":"after"},"geometry":{"type":"Point","coordinates":[-89.359498,29.99502]}},{"type":"Feature","properties":{"s":"reef","phase":"after"},"geometry":{"type":"Point","coordinates":[-89.359459,29.99502]}},{"type":"Feature","properties":{"s":"reef","phase":"after"},"geometry":{"type":"Point","coordinates":[-89.35942,29.995024]}},{"type":"Feature","properties":{"s":"reef","phase":"after"},"geometry":{"type":"Point","coordinates":[-89.359339,29.995029]}},{"type":"Feature","properties":{"s":"reef","phase":"after"},"geometry":{"type":"Point","coordinates":[-89.359298,29.995031]}},{"type":"Feature","properties":{"s":"reef","phase":"after"},"geometry":{"type":"Point","coordinates":[-89.359235,29.995035]}},{"type":"Feature","properties":{"s":"reef","phase":"after"},"geometry":{"type":"Point","coordinates":[-89.359174,29.995039]}},{"type":"Feature","properties":{"s":"reef","phase":"after"},"geometry":{"type":"Point","coordinates":[-89.359114,29.99504]}},{"type":"Feature","properties":{"s":"reef","phase":"after"},"geometry":{"type":"Point","coordinates":[-89.359073,29.995042]}},{"type":"Feature","properties":{"s":"reef","phase":"after"},"geometry":{"type":"Point","coordinates":[-89.359015,29.995053]}},{"type":"Feature","properties":{"s":"scat","phase":"after"},"geometry":{"type":"Point","coordinates":[-89.358955,29.995056]}},{"type":"Feature","properties":{"s":"scat","phase":"after"},"geometry":{"type":"Point","coordinates":[-89.358872,29.995058]}},{"type":"Feature","properties":{"s":"scat","phase":"after"},"geometry":{"type":"Point","coordinates":[-89.358829,29.995061]}},{"type":"Feature","properties":{"s":"scat","phase":"after"},"geometry":{"type":"Point","coordinates":[-89.358767,29.995065]}},{"type":"Feature","properties":{"s":"scat","phase":"after"},"geometry":{"type":"Point","coordinates":[-89.358727,29.99507]}},{"type":"Feature","properties":{"s":"scat","phase":"after"},"geometry":{"type":"Point","coordinates":[-89.358624,29.995077]}},{"type":"Feature","properties":{"s":"reef","phase":"after"},"geometry":{"type":"Point","coordinates":[-89.358583,29.995084]}},{"type":"Feature","properties":{"s":"reef","phase":"after"},"geometry":{"type":"Point","coordinates":[-89.358542,29.995088]}},{"type":"Feature","properties":{"s":"reef","phase":"after"},"geometry":{"type":"Point","coordinates":[-89.358483,29.995095]}},{"type":"Feature","properties":{"s":"reef","phase":"after"},"geometry":{"type":"Point","coordinates":[-89.358443,29.995101]}},{"type":"Feature","properties":{"s":"reef","phase":"after"},"geometry":{"type":"Point","coordinates":[-89.358383,29.99511]}},{"type":"Feature","properties":{"s":"reef","phase":"after"},"geometry":{"type":"Point","coordinates":[-89.358343,29.995112]}},{"type":"Feature","properties":{"s":"reef","phase":"after"},"geometry":{"type":"Point","coordinates":[-89.35828,29.995116]}},{"type":"Feature","properties":{"s":"reef","phase":"after"},"geometry":{"type":"Point","coordinates":[-89.358216,29.995117]}},{"type":"Feature","properties":{"s":"reef","phase":"after"},"geometry":{"type":"Point","coordinates":[-89.358173,29.995116]}},{"type":"Feature","properties":{"s":"reef","phase":"after"},"geometry":{"type":"Point","coordinates":[-89.358114,29.995115]}},{"type":"Feature","properties":{"s":"scat","phase":"after"},"geometry":{"type":"Point","coordinates":[-89.358051,29.99511]}},{"type":"Feature","properties":{"s":"firm","phase":"after"},"geometry":{"type":"Point","coordinates":[-89.357995,29.995112]}},{"type":"Feature","properties":{"s":"firm","phase":"after"},"geometry":{"type":"Point","coordinates":[-89.357912,29.995109]}},{"type":"Feature","properties":{"s":"firm","phase":"after"},"geometry":{"type":"Point","coordinates":[-89.357844,29.99511]}},{"type":"Feature","properties":{"s":"firm","phase":"after"},"geometry":{"type":"Point","coordinates":[-89.357748,29.995107]}},{"type":"Feature","properties":{"s":"firm","phase":"after"},"geometry":{"type":"Point","coordinates":[-89.357635,29.995097]}},{"type":"Feature","properties":{"s":"firm","phase":"after"},"geometry":{"type":"Point","coordinates":[-89.35776,29.995381]}},{"type":"Feature","properties":{"s":"firm","phase":"after"},"geometry":{"type":"Point","coordinates":[-89.357825,29.995379]}},{"type":"Feature","properties":{"s":"firm","phase":"after"},"geometry":{"type":"Point","coordinates":[-89.357888,29.995378]}},{"type":"Feature","properties":{"s":"firm","phase":"after"},"geometry":{"type":"Point","coordinates":[-89.357907,29.995377]}},{"type":"Feature","properties":{"s":"firm","phase":"after"},"geometry":{"type":"Point","coordinates":[-89.357968,29.995374]}},{"type":"Feature","properties":{"s":"firm","phase":"after"},"geometry":{"type":"Point","coordinates":[-89.35801,29.995371]}},{"type":"Feature","properties":{"s":"reef","phase":"after"},"geometry":{"type":"Point","coordinates":[-89.358096,29.995362]}},{"type":"Feature","properties":{"s":"reef","phase":"after"},"geometry":{"type":"Point","coordinates":[-89.358163,29.995355]}},{"type":"Feature","properties":{"s":"reef","phase":"after"},"geometry":{"type":"Point","coordinates":[-89.358229,29.995352]}},{"type":"Feature","properties":{"s":"reef","phase":"after"},"geometry":{"type":"Point","coordinates":[-89.35832,29.995344]}},{"type":"Feature","properties":{"s":"reef","phase":"after"},"geometry":{"type":"Point","coordinates":[-89.358368,29.995339]}},{"type":"Feature","properties":{"s":"reef","phase":"after"},"geometry":{"type":"Point","coordinates":[-89.358432,29.995338]}},{"type":"Feature","properties":{"s":"reef","phase":"after"},"geometry":{"type":"Point","coordinates":[-89.358519,29.99533]}},{"type":"Feature","properties":{"s":"reef","phase":"after"},"geometry":{"type":"Point","coordinates":[-89.358557,29.995331]}},{"type":"Feature","properties":{"s":"reef","phase":"after"},"geometry":{"type":"Point","coordinates":[-89.358621,29.995324]}},{"type":"Feature","properties":{"s":"reef","phase":"after"},"geometry":{"type":"Point","coordinates":[-89.358711,29.995315]}},{"type":"Feature","properties":{"s":"scat","phase":"after"},"geometry":{"type":"Point","coordinates":[-89.358837,29.995306]}},{"type":"Feature","properties":{"s":"scat","phase":"after"},"geometry":{"type":"Point","coordinates":[-89.358898,29.995303]}},{"type":"Feature","properties":{"s":"scat","phase":"after"},"geometry":{"type":"Point","coordinates":[-89.358976,29.995306]}},{"type":"Feature","properties":{"s":"scat","phase":"after"},"geometry":{"type":"Point","coordinates":[-89.359035,29.995306]}},{"type":"Feature","properties":{"s":"reef","phase":"after"},"geometry":{"type":"Point","coordinates":[-89.359158,29.995302]}},{"type":"Feature","properties":{"s":"reef","phase":"after"},"geometry":{"type":"Point","coordinates":[-89.359306,29.995291]}},{"type":"Feature","properties":{"s":"reef","phase":"after"},"geometry":{"type":"Point","coordinates":[-89.359392,29.995285]}},{"type":"Feature","properties":{"s":"reef","phase":"after"},"geometry":{"type":"Point","coordinates":[-89.359455,29.995279]}},{"type":"Feature","properties":{"s":"reef","phase":"after"},"geometry":{"type":"Point","coordinates":[-89.359571,29.995269]}},{"type":"Feature","properties":{"s":"reef","phase":"after"},"geometry":{"type":"Point","coordinates":[-89.359634,29.995265]}},{"type":"Feature","properties":{"s":"reef","phase":"after"},"geometry":{"type":"Point","coordinates":[-89.359695,29.995263]}},{"type":"Feature","properties":{"s":"reef","phase":"after"},"geometry":{"type":"Point","coordinates":[-89.359756,29.995261]}},{"type":"Feature","properties":{"s":"reef","phase":"after"},"geometry":{"type":"Point","coordinates":[-89.359839,29.995258]}},{"type":"Feature","properties":{"s":"reef","phase":"after"},"geometry":{"type":"Point","coordinates":[-89.359856,29.995261]}},{"type":"Feature","properties":{"s":"reef","phase":"after"},"geometry":{"type":"Point","coordinates":[-89.359978,29.995249]}},{"type":"Feature","properties":{"s":"reef","phase":"after"},"geometry":{"type":"Point","coordinates":[-89.360062,29.995249]}},{"type":"Feature","properties":{"s":"reef","phase":"after"},"geometry":{"type":"Point","coordinates":[-89.360147,29.995245]}},{"type":"Feature","properties":{"s":"reef","phase":"after"},"geometry":{"type":"Point","coordinates":[-89.360209,29.995243]}},{"type":"Feature","properties":{"s":"reef","phase":"after"},"geometry":{"type":"Point","coordinates":[-89.360275,29.995239]}},{"type":"Feature","properties":{"s":"reef","phase":"after"},"geometry":{"type":"Point","coordinates":[-89.360316,29.995237]}},{"type":"Feature","properties":{"s":"reef","phase":"after"},"geometry":{"type":"Point","coordinates":[-89.360356,29.995233]}},{"type":"Feature","properties":{"s":"reef","phase":"after"},"geometry":{"type":"Point","coordinates":[-89.36046,29.995221]}},{"type":"Feature","properties":{"s":"reef","phase":"after"},"geometry":{"type":"Point","coordinates":[-89.360529,29.995217]}},{"type":"Feature","properties":{"s":"reef","phase":"after"},"geometry":{"type":"Point","coordinates":[-89.360609,29.995207]}},{"type":"Feature","properties":{"s":"reef","phase":"after"},"geometry":{"type":"Point","coordinates":[-89.360654,29.9952]}},{"type":"Feature","properties":{"s":"reef","phase":"after"},"geometry":{"type":"Point","coordinates":[-89.360715,29.995195]}},{"type":"Feature","properties":{"s":"reef","phase":"after"},"geometry":{"type":"Point","coordinates":[-89.360754,29.995194]}},{"type":"Feature","properties":{"s":"reef","phase":"after"},"geometry":{"type":"Point","coordinates":[-89.360841,29.995187]}},{"type":"Feature","properties":{"s":"reef","phase":"after"},"geometry":{"type":"Point","coordinates":[-89.360883,29.995182]}},{"type":"Feature","properties":{"s":"reef","phase":"after"},"geometry":{"type":"Point","coordinates":[-89.360948,29.995176]}},{"type":"Feature","properties":{"s":"reef","phase":"after"},"geometry":{"type":"Point","coordinates":[-89.361034,29.995169]}},{"type":"Feature","properties":{"s":"reef","phase":"after"},"geometry":{"type":"Point","coordinates":[-89.361093,29.995168]}},{"type":"Feature","properties":{"s":"reef","phase":"after"},"geometry":{"type":"Point","coordinates":[-89.3612,29.995158]}},{"type":"Feature","properties":{"s":"reef","phase":"after"},"geometry":{"type":"Point","coordinates":[-89.36126,29.995154]}},{"type":"Feature","properties":{"s":"reef","phase":"after"},"geometry":{"type":"Point","coordinates":[-89.361324,29.995152]}},{"type":"Feature","properties":{"s":"reef","phase":"after"},"geometry":{"type":"Point","coordinates":[-89.361367,29.99515]}},{"type":"Feature","properties":{"s":"reef","phase":"after"},"geometry":{"type":"Point","coordinates":[-89.361431,29.995147]}},{"type":"Feature","properties":{"s":"reef","phase":"after"},"geometry":{"type":"Point","coordinates":[-89.36153,29.995145]}},{"type":"Feature","properties":{"s":"reef","phase":"after"},"geometry":{"type":"Point","coordinates":[-89.361591,29.99514]}},{"type":"Feature","properties":{"s":"reef","phase":"after"},"geometry":{"type":"Point","coordinates":[-89.36163,29.995139]}},{"type":"Feature","properties":{"s":"reef","phase":"after"},"geometry":{"type":"Point","coordinates":[-89.361718,29.995138]}},{"type":"Feature","properties":{"s":"reef","phase":"after"},"geometry":{"type":"Point","coordinates":[-89.361804,29.995137]}},{"type":"Feature","properties":{"s":"reef","phase":"after"},"geometry":{"type":"Point","coordinates":[-89.361863,29.995132]}},{"type":"Feature","properties":{"s":"reef","phase":"after"},"geometry":{"type":"Point","coordinates":[-89.36193,29.995122]}},{"type":"Feature","properties":{"s":"reef","phase":"after"},"geometry":{"type":"Point","coordinates":[-89.362018,29.995112]}},{"type":"Feature","properties":{"s":"reef","phase":"after"},"geometry":{"type":"Point","coordinates":[-89.362102,29.995102]}},{"type":"Feature","properties":{"s":"reef","phase":"after"},"geometry":{"type":"Point","coordinates":[-89.362144,29.9951]}},{"type":"Feature","properties":{"s":"reef","phase":"after"},"geometry":{"type":"Point","coordinates":[-89.362206,29.995097]}},{"type":"Feature","properties":{"s":"reef","phase":"after"},"geometry":{"type":"Point","coordinates":[-89.362274,29.995093]}},{"type":"Feature","properties":{"s":"reef","phase":"after"},"geometry":{"type":"Point","coordinates":[-89.362319,29.995091]}},{"type":"Feature","properties":{"s":"reef","phase":"after"},"geometry":{"type":"Point","coordinates":[-89.362383,29.995086]}},{"type":"Feature","properties":{"s":"reef","phase":"after"},"geometry":{"type":"Point","coordinates":[-89.362442,29.995089]}},{"type":"Feature","properties":{"s":"reef","phase":"after"},"geometry":{"type":"Point","coordinates":[-89.362487,29.99508]}},{"type":"Feature","properties":{"s":"reef","phase":"after"},"geometry":{"type":"Point","coordinates":[-89.36255,29.995079]}},{"type":"Feature","properties":{"s":"reef","phase":"after"},"geometry":{"type":"Point","coordinates":[-89.362609,29.995081]}},{"type":"Feature","properties":{"s":"reef","phase":"after"},"geometry":{"type":"Point","coordinates":[-89.362668,29.995082]}},{"type":"Feature","properties":{"s":"reef","phase":"after"},"geometry":{"type":"Point","coordinates":[-89.36273,29.995078]}},{"type":"Feature","properties":{"s":"reef","phase":"after"},"geometry":{"type":"Point","coordinates":[-89.362752,29.995076]}},{"type":"Feature","properties":{"s":"reef","phase":"after"},"geometry":{"type":"Point","coordinates":[-89.362837,29.995071]}},{"type":"Feature","properties":{"s":"reef","phase":"after"},"geometry":{"type":"Point","coordinates":[-89.36288,29.99507]}},{"type":"Feature","properties":{"s":"reef","phase":"after"},"geometry":{"type":"Point","coordinates":[-89.362944,29.995064]}},{"type":"Feature","properties":{"s":"reef","phase":"after"},"geometry":{"type":"Point","coordinates":[-89.363051,29.995057]}},{"type":"Feature","properties":{"s":"reef","phase":"after"},"geometry":{"type":"Point","coordinates":[-89.363051,29.995057]}},{"type":"Feature","properties":{"s":"reef","phase":"after"},"geometry":{"type":"Point","coordinates":[-89.363116,29.995054]}},{"type":"Feature","properties":{"s":"reef","phase":"after"},"geometry":{"type":"Point","coordinates":[-89.363177,29.995053]}},{"type":"Feature","properties":{"s":"reef","phase":"after"},"geometry":{"type":"Point","coordinates":[-89.363219,29.995049]}},{"type":"Feature","properties":{"s":"reef","phase":"after"},"geometry":{"type":"Point","coordinates":[-89.36328,29.995044]}},{"type":"Feature","properties":{"s":"reef","phase":"after"},"geometry":{"type":"Point","coordinates":[-89.363323,29.995039]}},{"type":"Feature","properties":{"s":"reef","phase":"after"},"geometry":{"type":"Point","coordinates":[-89.363386,29.995035]}},{"type":"Feature","properties":{"s":"reef","phase":"after"},"geometry":{"type":"Point","coordinates":[-89.363468,29.995034]}},{"type":"Feature","properties":{"s":"reef","phase":"after"},"geometry":{"type":"Point","coordinates":[-89.363509,29.995032]}},{"type":"Feature","properties":{"s":"reef","phase":"after"},"geometry":{"type":"Point","coordinates":[-89.363552,29.995032]}},{"type":"Feature","properties":{"s":"reef","phase":"after"},"geometry":{"type":"Point","coordinates":[-89.363575,29.995033]}},{"type":"Feature","properties":{"s":"reef","phase":"after"},"geometry":{"type":"Point","coordinates":[-89.363643,29.99503]}},{"type":"Feature","properties":{"s":"reef","phase":"after"},"geometry":{"type":"Point","coordinates":[-89.363731,29.995017]}},{"type":"Feature","properties":{"s":"reef","phase":"after"},"geometry":{"type":"Point","coordinates":[-89.363771,29.995015]}},{"type":"Feature","properties":{"s":"reef","phase":"after"},"geometry":{"type":"Point","coordinates":[-89.363792,29.995015]}},{"type":"Feature","properties":{"s":"reef","phase":"after"},"geometry":{"type":"Point","coordinates":[-89.363858,29.995009]}},{"type":"Feature","properties":{"s":"reef","phase":"after"},"geometry":{"type":"Point","coordinates":[-89.363902,29.995007]}},{"type":"Feature","properties":{"s":"reef","phase":"after"},"geometry":{"type":"Point","coordinates":[-89.363945,29.995001]}},{"type":"Feature","properties":{"s":"reef","phase":"after"},"geometry":{"type":"Point","coordinates":[-89.36403,29.994993]}},{"type":"Feature","properties":{"s":"reef","phase":"after"},"geometry":{"type":"Point","coordinates":[-89.364073,29.994991]}},{"type":"Feature","properties":{"s":"reef","phase":"after"},"geometry":{"type":"Point","coordinates":[-89.364117,29.994986]}},{"type":"Feature","properties":{"s":"reef","phase":"after"},"geometry":{"type":"Point","coordinates":[-89.36418,29.994983]}},{"type":"Feature","properties":{"s":"reef","phase":"after"},"geometry":{"type":"Point","coordinates":[-89.364203,29.994982]}},{"type":"Feature","properties":{"s":"reef","phase":"after"},"geometry":{"type":"Point","coordinates":[-89.364242,29.994979]}},{"type":"Feature","properties":{"s":"reef","phase":"after"},"geometry":{"type":"Point","coordinates":[-89.364308,29.994973]}},{"type":"Feature","properties":{"s":"reef","phase":"after"},"geometry":{"type":"Point","coordinates":[-89.364376,29.994971]}},{"type":"Feature","properties":{"s":"reef","phase":"after"},"geometry":{"type":"Point","coordinates":[-89.364444,29.994971]}},{"type":"Feature","properties":{"s":"reef","phase":"after"},"geometry":{"type":"Point","coordinates":[-89.364507,29.994965]}},{"type":"Feature","properties":{"s":"reef","phase":"after"},"geometry":{"type":"Point","coordinates":[-89.364588,29.99496]}},{"type":"Feature","properties":{"s":"reef","phase":"after"},"geometry":{"type":"Point","coordinates":[-89.364653,29.994951]}},{"type":"Feature","properties":{"s":"reef","phase":"after"},"geometry":{"type":"Point","coordinates":[-89.364734,29.994947]}},{"type":"Feature","properties":{"s":"reef","phase":"after"},"geometry":{"type":"Point","coordinates":[-89.364804,29.994938]}},{"type":"Feature","properties":{"s":"reef","phase":"after"},"geometry":{"type":"Point","coordinates":[-89.364873,29.99493]}},{"type":"Feature","properties":{"s":"reef","phase":"after"},"geometry":{"type":"Point","coordinates":[-89.364982,29.994922]}},{"type":"Feature","properties":{"s":"reef","phase":"after"},"geometry":{"type":"Point","coordinates":[-89.365006,29.994921]}},{"type":"Feature","properties":{"s":"reef","phase":"after"},"geometry":{"type":"Point","coordinates":[-89.365119,29.994918]}},{"type":"Feature","properties":{"s":"reef","phase":"after"},"geometry":{"type":"Point","coordinates":[-89.365161,29.99492]}},{"type":"Feature","properties":{"s":"reef","phase":"after"},"geometry":{"type":"Point","coordinates":[-89.365227,29.994922]}},{"type":"Feature","properties":{"s":"reef","phase":"after"},"geometry":{"type":"Point","coordinates":[-89.365334,29.994927]}},{"type":"Feature","properties":{"s":"reef","phase":"after"},"geometry":{"type":"Point","coordinates":[-89.365375,29.994928]}},{"type":"Feature","properties":{"s":"reef","phase":"after"},"geometry":{"type":"Point","coordinates":[-89.365436,29.994926]}},{"type":"Feature","properties":{"s":"reef","phase":"after"},"geometry":{"type":"Point","coordinates":[-89.365502,29.99492]}},{"type":"Feature","properties":{"s":"reef","phase":"after"},"geometry":{"type":"Point","coordinates":[-89.365563,29.994913]}},{"type":"Feature","properties":{"s":"reef","phase":"after"},"geometry":{"type":"Point","coordinates":[-89.365631,29.994909]}},{"type":"Feature","properties":{"s":"reef","phase":"after"},"geometry":{"type":"Point","coordinates":[-89.365676,29.994904]}},{"type":"Feature","properties":{"s":"reef","phase":"after"},"geometry":{"type":"Point","coordinates":[-89.365717,29.994902]}},{"type":"Feature","properties":{"s":"reef","phase":"after"},"geometry":{"type":"Point","coordinates":[-89.365778,29.994899]}},{"type":"Feature","properties":{"s":"reef","phase":"after"},"geometry":{"type":"Point","coordinates":[-89.365835,29.994901]}},{"type":"Feature","properties":{"s":"reef","phase":"after"},"geometry":{"type":"Point","coordinates":[-89.365879,29.994901]}},{"type":"Feature","properties":{"s":"reef","phase":"after"},"geometry":{"type":"Point","coordinates":[-89.365943,29.994902]}},{"type":"Feature","properties":{"s":"reef","phase":"after"},"geometry":{"type":"Point","coordinates":[-89.365985,29.994902]}},{"type":"Feature","properties":{"s":"reef","phase":"after"},"geometry":{"type":"Point","coordinates":[-89.366026,29.994898]}},{"type":"Feature","properties":{"s":"reef","phase":"after"},"geometry":{"type":"Point","coordinates":[-89.366069,29.994896]}},{"type":"Feature","properties":{"s":"reef","phase":"after"},"geometry":{"type":"Point","coordinates":[-89.366134,29.994897]}},{"type":"Feature","properties":{"s":"reef","phase":"after"},"geometry":{"type":"Point","coordinates":[-89.366175,29.994898]}},{"type":"Feature","properties":{"s":"reef","phase":"after"},"geometry":{"type":"Point","coordinates":[-89.36624,29.994897]}},{"type":"Feature","properties":{"s":"reef","phase":"after"},"geometry":{"type":"Point","coordinates":[-89.366299,29.994897]}},{"type":"Feature","properties":{"s":"reef","phase":"after"},"geometry":{"type":"Point","coordinates":[-89.366356,29.994897]}},{"type":"Feature","properties":{"s":"reef","phase":"after"},"geometry":{"type":"Point","coordinates":[-89.366401,29.994895]}},{"type":"Feature","properties":{"s":"reef","phase":"after"},"geometry":{"type":"Point","coordinates":[-89.36646,29.994889]}},{"type":"Feature","properties":{"s":"reef","phase":"after"},"geometry":{"type":"Point","coordinates":[-89.366503,29.994887]}},{"type":"Feature","properties":{"s":"reef","phase":"after"},"geometry":{"type":"Point","coordinates":[-89.366569,29.994887]}},{"type":"Feature","properties":{"s":"reef","phase":"after"},"geometry":{"type":"Point","coordinates":[-89.366615,29.994884]}},{"type":"Feature","properties":{"s":"reef","phase":"after"},"geometry":{"type":"Point","coordinates":[-89.366685,29.994872]}},{"type":"Feature","properties":{"s":"reef","phase":"after"},"geometry":{"type":"Point","coordinates":[-89.366795,29.994851]}},{"type":"Feature","properties":{"s":"reef","phase":"after"},"geometry":{"type":"Point","coordinates":[-89.366872,29.99484]}},{"type":"Feature","properties":{"s":"reef","phase":"after"},"geometry":{"type":"Point","coordinates":[-89.366931,29.994833]}},{"type":"Feature","properties":{"s":"reef","phase":"after"},"geometry":{"type":"Point","coordinates":[-89.367015,29.994823]}},{"type":"Feature","properties":{"s":"reef","phase":"after"},"geometry":{"type":"Point","coordinates":[-89.367056,29.994821]}},{"type":"Feature","properties":{"s":"reef","phase":"after"},"geometry":{"type":"Point","coordinates":[-89.367123,29.994806]}},{"type":"Feature","properties":{"s":"reef","phase":"after"},"geometry":{"type":"Point","coordinates":[-89.367164,29.994799]}},{"type":"Feature","properties":{"s":"reef","phase":"after"},"geometry":{"type":"Point","coordinates":[-89.367222,29.994789]}},{"type":"Feature","properties":{"s":"reef","phase":"after"},"geometry":{"type":"Point","coordinates":[-89.367286,29.994775]}},{"type":"Feature","properties":{"s":"reef","phase":"after"},"geometry":{"type":"Point","coordinates":[-89.367347,29.994759]}},{"type":"Feature","properties":{"s":"reef","phase":"after"},"geometry":{"type":"Point","coordinates":[-89.367426,29.994741]}},{"type":"Feature","properties":{"s":"firm","phase":"after"},"geometry":{"type":"Point","coordinates":[-89.367508,29.994727]}},{"type":"Feature","properties":{"s":"firm","phase":"after"},"geometry":{"type":"Point","coordinates":[-89.367588,29.99471]}},{"type":"Feature","properties":{"s":"firm","phase":"after"},"geometry":{"type":"Point","coordinates":[-89.36782,29.994695]}},{"type":"Feature","properties":{"s":"firm","phase":"after"},"geometry":{"type":"Point","coordinates":[-89.367871,29.9947]}},{"type":"Feature","properties":{"s":"firm","phase":"after"},"geometry":{"type":"Point","coordinates":[-89.368004,29.994817]}},{"type":"Feature","properties":{"s":"firm","phase":"after"},"geometry":{"type":"Point","coordinates":[-89.367994,29.994887]}},{"type":"Feature","properties":{"s":"firm","phase":"after"},"geometry":{"type":"Point","coordinates":[-89.367922,29.994952]}},{"type":"Feature","properties":{"s":"reef","phase":"after"},"geometry":{"type":"Point","coordinates":[-89.367834,29.994969]}},{"type":"Feature","properties":{"s":"reef","phase":"after"},"geometry":{"type":"Point","coordinates":[-89.367751,29.994974]}},{"type":"Feature","properties":{"s":"reef","phase":"after"},"geometry":{"type":"Point","coordinates":[-89.367687,29.99498]}},{"type":"Feature","properties":{"s":"reef","phase":"after"},"geometry":{"type":"Point","coordinates":[-89.367624,29.994983]}},{"type":"Feature","properties":{"s":"reef","phase":"after"},"geometry":{"type":"Point","coordinates":[-89.367576,29.994981]}},{"type":"Feature","properties":{"s":"reef","phase":"after"},"geometry":{"type":"Point","coordinates":[-89.367492,29.994987]}},{"type":"Feature","properties":{"s":"reef","phase":"after"},"geometry":{"type":"Point","coordinates":[-89.367407,29.994998]}},{"type":"Feature","properties":{"s":"reef","phase":"after"},"geometry":{"type":"Point","coordinates":[-89.36735,29.995001]}},{"type":"Feature","properties":{"s":"reef","phase":"after"},"geometry":{"type":"Point","coordinates":[-89.367248,29.995014]}},{"type":"Feature","properties":{"s":"reef","phase":"after"},"geometry":{"type":"Point","coordinates":[-89.367165,29.995024]}},{"type":"Feature","properties":{"s":"reef","phase":"after"},"geometry":{"type":"Point","coordinates":[-89.367165,29.995024]}},{"type":"Feature","properties":{"s":"reef","phase":"after"},"geometry":{"type":"Point","coordinates":[-89.367165,29.995024]}},{"type":"Feature","properties":{"s":"reef","phase":"after"},"geometry":{"type":"Point","coordinates":[-89.367105,29.995028]}},{"type":"Feature","properties":{"s":"reef","phase":"after"},"geometry":{"type":"Point","coordinates":[-89.367041,29.995036]}},{"type":"Feature","properties":{"s":"reef","phase":"after"},"geometry":{"type":"Point","coordinates":[-89.366977,29.995037]}},{"type":"Feature","properties":{"s":"reef","phase":"after"},"geometry":{"type":"Point","coordinates":[-89.366911,29.995037]}},{"type":"Feature","properties":{"s":"reef","phase":"after"},"geometry":{"type":"Point","coordinates":[-89.36685,29.995035]}},{"type":"Feature","properties":{"s":"reef","phase":"after"},"geometry":{"type":"Point","coordinates":[-89.366808,29.995034]}},{"type":"Feature","properties":{"s":"reef","phase":"after"},"geometry":{"type":"Point","coordinates":[-89.366748,29.99504]}},{"type":"Feature","properties":{"s":"reef","phase":"after"},"geometry":{"type":"Point","coordinates":[-89.366685,29.995042]}},{"type":"Feature","properties":{"s":"reef","phase":"after"},"geometry":{"type":"Point","coordinates":[-89.366644,29.995042]}},{"type":"Feature","properties":{"s":"reef","phase":"after"},"geometry":{"type":"Point","coordinates":[-89.366583,29.995048]}},{"type":"Feature","properties":{"s":"reef","phase":"after"},"geometry":{"type":"Point","coordinates":[-89.366475,29.995061]}},{"type":"Feature","properties":{"s":"reef","phase":"after"},"geometry":{"type":"Point","coordinates":[-89.366393,29.99506]}},{"type":"Feature","properties":{"s":"reef","phase":"after"},"geometry":{"type":"Point","coordinates":[-89.366309,29.995066]}},{"type":"Feature","properties":{"s":"reef","phase":"after"},"geometry":{"type":"Point","coordinates":[-89.366225,29.995071]}},{"type":"Feature","properties":{"s":"reef","phase":"after"},"geometry":{"type":"Point","coordinates":[-89.366121,29.995081]}},{"type":"Feature","properties":{"s":"reef","phase":"after"},"geometry":{"type":"Point","coordinates":[-89.366059,29.995088]}},{"type":"Feature","properties":{"s":"reef","phase":"after"},"geometry":{"type":"Point","coordinates":[-89.366019,29.995089]}},{"type":"Feature","properties":{"s":"reef","phase":"after"},"geometry":{"type":"Point","coordinates":[-89.365958,29.995089]}},{"type":"Feature","properties":{"s":"reef","phase":"after"},"geometry":{"type":"Point","coordinates":[-89.365898,29.995092]}},{"type":"Feature","properties":{"s":"reef","phase":"after"},"geometry":{"type":"Point","coordinates":[-89.365816,29.995095]}},{"type":"Feature","properties":{"s":"reef","phase":"after"},"geometry":{"type":"Point","coordinates":[-89.365735,29.995103]}},{"type":"Feature","properties":{"s":"reef","phase":"after"},"geometry":{"type":"Point","coordinates":[-89.365674,29.995109]}},{"type":"Feature","properties":{"s":"reef","phase":"after"},"geometry":{"type":"Point","coordinates":[-89.36561,29.99511]}},{"type":"Feature","properties":{"s":"reef","phase":"after"},"geometry":{"type":"Point","coordinates":[-89.365525,29.995117]}},{"type":"Feature","properties":{"s":"reef","phase":"after"},"geometry":{"type":"Point","coordinates":[-89.365439,29.995122]}},{"type":"Feature","properties":{"s":"reef","phase":"after"},"geometry":{"type":"Point","coordinates":[-89.365374,29.995126]}},{"type":"Feature","properties":{"s":"reef","phase":"after"},"geometry":{"type":"Point","coordinates":[-89.365309,29.995128]}},{"type":"Feature","properties":{"s":"reef","phase":"after"},"geometry":{"type":"Point","coordinates":[-89.365243,29.995134]}},{"type":"Feature","properties":{"s":"reef","phase":"after"},"geometry":{"type":"Point","coordinates":[-89.3652,29.995139]}},{"type":"Feature","properties":{"s":"reef","phase":"after"},"geometry":{"type":"Point","coordinates":[-89.365117,29.995142]}},{"type":"Feature","properties":{"s":"reef","phase":"after"},"geometry":{"type":"Point","coordinates":[-89.365055,29.995144]}},{"type":"Feature","properties":{"s":"reef","phase":"after"},"geometry":{"type":"Point","coordinates":[-89.364992,29.995151]}},{"type":"Feature","properties":{"s":"reef","phase":"after"},"geometry":{"type":"Point","coordinates":[-89.364908,29.995157]}},{"type":"Feature","properties":{"s":"reef","phase":"after"},"geometry":{"type":"Point","coordinates":[-89.3648,29.995165]}},{"type":"Feature","properties":{"s":"scat","phase":"after"},"geometry":{"type":"Point","coordinates":[-89.364696,29.995177]}},{"type":"Feature","properties":{"s":"reef","phase":"after"},"geometry":{"type":"Point","coordinates":[-89.364635,29.995178]}},{"type":"Feature","properties":{"s":"reef","phase":"after"},"geometry":{"type":"Point","coordinates":[-89.364568,29.995185]}},{"type":"Feature","properties":{"s":"reef","phase":"after"},"geometry":{"type":"Point","coordinates":[-89.364505,29.995184]}},{"type":"Feature","properties":{"s":"reef","phase":"after"},"geometry":{"type":"Point","coordinates":[-89.36444,29.995189]}},{"type":"Feature","properties":{"s":"reef","phase":"after"},"geometry":{"type":"Point","coordinates":[-89.364378,29.995192]}},{"type":"Feature","properties":{"s":"reef","phase":"after"},"geometry":{"type":"Point","coordinates":[-89.364319,29.995198]}},{"type":"Feature","properties":{"s":"reef","phase":"after"},"geometry":{"type":"Point","coordinates":[-89.364259,29.995202]}},{"type":"Feature","properties":{"s":"reef","phase":"after"},"geometry":{"type":"Point","coordinates":[-89.364173,29.995207]}},{"type":"Feature","properties":{"s":"reef","phase":"after"},"geometry":{"type":"Point","coordinates":[-89.364093,29.995214]}},{"type":"Feature","properties":{"s":"reef","phase":"after"},"geometry":{"type":"Point","coordinates":[-89.364011,29.99522]}},{"type":"Feature","properties":{"s":"reef","phase":"after"},"geometry":{"type":"Point","coordinates":[-89.36397,29.995225]}},{"type":"Feature","properties":{"s":"reef","phase":"after"},"geometry":{"type":"Point","coordinates":[-89.363928,29.995227]}},{"type":"Feature","properties":{"s":"reef","phase":"after"},"geometry":{"type":"Point","coordinates":[-89.363845,29.995232]}},{"type":"Feature","properties":{"s":"reef","phase":"after"},"geometry":{"type":"Point","coordinates":[-89.363758,29.995235]}},{"type":"Feature","properties":{"s":"reef","phase":"after"},"geometry":{"type":"Point","coordinates":[-89.363673,29.995247]}},{"type":"Feature","properties":{"s":"reef","phase":"after"},"geometry":{"type":"Point","coordinates":[-89.363611,29.995251]}},{"type":"Feature","properties":{"s":"reef","phase":"after"},"geometry":{"type":"Point","coordinates":[-89.363527,29.995249]}},{"type":"Feature","properties":{"s":"reef","phase":"after"},"geometry":{"type":"Point","coordinates":[-89.363441,29.995252]}},{"type":"Feature","properties":{"s":"reef","phase":"after"},"geometry":{"type":"Point","coordinates":[-89.363335,29.995257]}},{"type":"Feature","properties":{"s":"reef","phase":"after"},"geometry":{"type":"Point","coordinates":[-89.36327,29.995265]}},{"type":"Feature","properties":{"s":"reef","phase":"after"},"geometry":{"type":"Point","coordinates":[-89.363187,29.99527]}},{"type":"Feature","properties":{"s":"reef","phase":"after"},"geometry":{"type":"Point","coordinates":[-89.363101,29.995281]}},{"type":"Feature","properties":{"s":"reef","phase":"after"},"geometry":{"type":"Point","coordinates":[-89.363061,29.995281]}},{"type":"Feature","properties":{"s":"reef","phase":"after"},"geometry":{"type":"Point","coordinates":[-89.363004,29.99528]}},{"type":"Feature","properties":{"s":"reef","phase":"after"},"geometry":{"type":"Point","coordinates":[-89.362924,29.995279]}},{"type":"Feature","properties":{"s":"reef","phase":"after"},"geometry":{"type":"Point","coordinates":[-89.362862,29.995281]}},{"type":"Feature","properties":{"s":"reef","phase":"after"},"geometry":{"type":"Point","coordinates":[-89.359603,29.994036]}},{"type":"Feature","properties":{"s":"reef","phase":"after"},"geometry":{"type":"Point","coordinates":[-89.359522,29.994042]}},{"type":"Feature","properties":{"s":"reef","phase":"after"},"geometry":{"type":"Point","coordinates":[-89.359463,29.994048]}},{"type":"Feature","properties":{"s":"reef","phase":"after"},"geometry":{"type":"Point","coordinates":[-89.359403,29.99405]}},{"type":"Feature","properties":{"s":"reef","phase":"after"},"geometry":{"type":"Point","coordinates":[-89.359324,29.994051]}},{"type":"Feature","properties":{"s":"reef","phase":"after"},"geometry":{"type":"Point","coordinates":[-89.359263,29.994058]}},{"type":"Feature","properties":{"s":"reef","phase":"after"},"geometry":{"type":"Point","coordinates":[-89.35922,29.994059]}},{"type":"Feature","properties":{"s":"reef","phase":"after"},"geometry":{"type":"Point","coordinates":[-89.359118,29.994069]}},{"type":"Feature","properties":{"s":"reef","phase":"after"},"geometry":{"type":"Point","coordinates":[-89.359062,29.994073]}},{"type":"Feature","properties":{"s":"reef","phase":"after"},"geometry":{"type":"Point","coordinates":[-89.358984,29.994079]}},{"type":"Feature","properties":{"s":"reef","phase":"after"},"geometry":{"type":"Point","coordinates":[-89.358923,29.994087]}},{"type":"Feature","properties":{"s":"reef","phase":"after"},"geometry":{"type":"Point","coordinates":[-89.358861,29.99409]}},{"type":"Feature","properties":{"s":"scat","phase":"after"},"geometry":{"type":"Point","coordinates":[-89.358781,29.99409]}},{"type":"Feature","properties":{"s":"scat","phase":"after"},"geometry":{"type":"Point","coordinates":[-89.3587,29.994089]}},{"type":"Feature","properties":{"s":"reef","phase":"after"},"geometry":{"type":"Point","coordinates":[-89.35857,29.994091]}},{"type":"Feature","properties":{"s":"reef","phase":"after"},"geometry":{"type":"Point","coordinates":[-89.358494,29.994096]}},{"type":"Feature","properties":{"s":"reef","phase":"after"},"geometry":{"type":"Point","coordinates":[-89.358412,29.994101]}},{"type":"Feature","properties":{"s":"reef","phase":"after"},"geometry":{"type":"Point","coordinates":[-89.358329,29.994095]}},{"type":"Feature","properties":{"s":"reef","phase":"after"},"geometry":{"type":"Point","coordinates":[-89.358229,29.994099]}},{"type":"Feature","properties":{"s":"reef","phase":"after"},"geometry":{"type":"Point","coordinates":[-89.358163,29.994104]}},{"type":"Feature","properties":{"s":"reef","phase":"after"},"geometry":{"type":"Point","coordinates":[-89.358056,29.99411]}},{"type":"Feature","properties":{"s":"reef","phase":"after"},"geometry":{"type":"Point","coordinates":[-89.358035,29.99411]}},{"type":"Feature","properties":{"s":"reef","phase":"after"},"geometry":{"type":"Point","coordinates":[-89.357896,29.994108]}},{"type":"Feature","properties":{"s":"reef","phase":"after"},"geometry":{"type":"Point","coordinates":[-89.357776,29.994108]}},{"type":"Feature","properties":{"s":"reef","phase":"after"},"geometry":{"type":"Point","coordinates":[-89.357737,29.994107]}},{"type":"Feature","properties":{"s":"scat","phase":"after"},"geometry":{"type":"Point","coordinates":[-89.357718,29.994109]}},{"type":"Feature","properties":{"s":"firm","phase":"after"},"geometry":{"type":"Point","coordinates":[-89.357554,29.994117]}},{"type":"Feature","properties":{"s":"firm","phase":"after"},"geometry":{"type":"Point","coordinates":[-89.357474,29.994116]}},{"type":"Feature","properties":{"s":"firm","phase":"after"},"geometry":{"type":"Point","coordinates":[-89.35739,29.994119]}},{"type":"Feature","properties":{"s":"firm","phase":"after"},"geometry":{"type":"Point","coordinates":[-89.357269,29.994117]}},{"type":"Feature","properties":{"s":"firm","phase":"after"},"geometry":{"type":"Point","coordinates":[-89.357125,29.994137]}},{"type":"Feature","properties":{"s":"firm","phase":"after"},"geometry":{"type":"Point","coordinates":[-89.35735,29.994458]}},{"type":"Feature","properties":{"s":"firm","phase":"after"},"geometry":{"type":"Point","coordinates":[-89.357414,29.994456]}},{"type":"Feature","properties":{"s":"reef","phase":"after"},"geometry":{"type":"Point","coordinates":[-89.362802,29.99528]}},{"type":"Feature","properties":{"s":"reef","phase":"after"},"geometry":{"type":"Point","coordinates":[-89.362713,29.995282]}},{"type":"Feature","properties":{"s":"reef","phase":"after"},"geometry":{"type":"Point","coordinates":[-89.362634,29.995291]}},{"type":"Feature","properties":{"s":"reef","phase":"after"},"geometry":{"type":"Point","coordinates":[-89.362567,29.995305]}},{"type":"Feature","properties":{"s":"reef","phase":"after"},"geometry":{"type":"Point","coordinates":[-89.362482,29.995318]}},{"type":"Feature","properties":{"s":"reef","phase":"after"},"geometry":{"type":"Point","coordinates":[-89.362421,29.995321]}},{"type":"Feature","properties":{"s":"scat","phase":"after"},"geometry":{"type":"Point","coordinates":[-89.362289,29.995331]}},{"type":"Feature","properties":{"s":"scat","phase":"after"},"geometry":{"type":"Point","coordinates":[-89.362187,29.995336]}},{"type":"Feature","properties":{"s":"scat","phase":"after"},"geometry":{"type":"Point","coordinates":[-89.357513,29.994449]}},{"type":"Feature","properties":{"s":"scat","phase":"after"},"geometry":{"type":"Point","coordinates":[-89.357573,29.994445]}},{"type":"Feature","properties":{"s":"reef","phase":"after"},"geometry":{"type":"Point","coordinates":[-89.357617,29.994442]}},{"type":"Feature","properties":{"s":"reef","phase":"after"},"geometry":{"type":"Point","coordinates":[-89.357673,29.994435]}},{"type":"Feature","properties":{"s":"scat","phase":"after"},"geometry":{"type":"Point","coordinates":[-89.357751,29.994428]}},{"type":"Feature","properties":{"s":"reef","phase":"after"},"geometry":{"type":"Point","coordinates":[-89.357771,29.994427]}},{"type":"Feature","properties":{"s":"reef","phase":"after"},"geometry":{"type":"Point","coordinates":[-89.357829,29.994423]}},{"type":"Feature","properties":{"s":"reef","phase":"after"},"geometry":{"type":"Point","coordinates":[-89.357928,29.994416]}},{"type":"Feature","properties":{"s":"reef","phase":"after"},"geometry":{"type":"Point","coordinates":[-89.357948,29.994415]}},{"type":"Feature","properties":{"s":"reef","phase":"after"},"geometry":{"type":"Point","coordinates":[-89.357991,29.994412]}},{"type":"Feature","properties":{"s":"reef","phase":"after"},"geometry":{"type":"Point","coordinates":[-89.358054,29.994407]}},{"type":"Feature","properties":{"s":"reef","phase":"after"},"geometry":{"type":"Point","coordinates":[-89.358115,29.994403]}},{"type":"Feature","properties":{"s":"reef","phase":"after"},"geometry":{"type":"Point","coordinates":[-89.358177,29.9944]}},{"type":"Feature","properties":{"s":"reef","phase":"after"},"geometry":{"type":"Point","coordinates":[-89.358218,29.994398]}},{"type":"Feature","properties":{"s":"reef","phase":"after"},"geometry":{"type":"Point","coordinates":[-89.358278,29.994395]}},{"type":"Feature","properties":{"s":"reef","phase":"after"},"geometry":{"type":"Point","coordinates":[-89.358338,29.994391]}},{"type":"Feature","properties":{"s":"reef","phase":"after"},"geometry":{"type":"Point","coordinates":[-89.358421,29.994385]}},{"type":"Feature","properties":{"s":"reef","phase":"after"},"geometry":{"type":"Point","coordinates":[-89.358483,29.994381]}},{"type":"Feature","properties":{"s":"reef","phase":"after"},"geometry":{"type":"Point","coordinates":[-89.358587,29.994375]}},{"type":"Feature","properties":{"s":"reef","phase":"after"},"geometry":{"type":"Point","coordinates":[-89.358688,29.994372]}},{"type":"Feature","properties":{"s":"reef","phase":"after"},"geometry":{"type":"Point","coordinates":[-89.358748,29.99437]}},{"type":"Feature","properties":{"s":"reef","phase":"after"},"geometry":{"type":"Point","coordinates":[-89.358825,29.994365]}},{"type":"Feature","properties":{"s":"reef","phase":"after"},"geometry":{"type":"Point","coordinates":[-89.358926,29.994355]}},{"type":"Feature","properties":{"s":"reef","phase":"after"},"geometry":{"type":"Point","coordinates":[-89.359006,29.99435]}},{"type":"Feature","properties":{"s":"reef","phase":"after"},"geometry":{"type":"Point","coordinates":[-89.359066,29.994347]}},{"type":"Feature","properties":{"s":"reef","phase":"after"},"geometry":{"type":"Point","coordinates":[-89.359165,29.994341]}},{"type":"Feature","properties":{"s":"reef","phase":"after"},"geometry":{"type":"Point","coordinates":[-89.359222,29.994337]}},{"type":"Feature","properties":{"s":"reef","phase":"after"},"geometry":{"type":"Point","coordinates":[-89.359284,29.994332]}},{"type":"Feature","properties":{"s":"reef","phase":"after"},"geometry":{"type":"Point","coordinates":[-89.359365,29.994325]}},{"type":"Feature","properties":{"s":"reef","phase":"after"},"geometry":{"type":"Point","coordinates":[-89.359468,29.994312]}},{"type":"Feature","properties":{"s":"reef","phase":"after"},"geometry":{"type":"Point","coordinates":[-89.35955,29.994305]}},{"type":"Feature","properties":{"s":"reef","phase":"after"},"geometry":{"type":"Point","coordinates":[-89.359568,29.994303]}},{"type":"Feature","properties":{"s":"reef","phase":"after"},"geometry":{"type":"Point","coordinates":[-89.359625,29.994298]}},{"type":"Feature","properties":{"s":"reef","phase":"after"},"geometry":{"type":"Point","coordinates":[-89.359689,29.99429]}},{"type":"Feature","properties":{"s":"reef","phase":"after"},"geometry":{"type":"Point","coordinates":[-89.359752,29.994284]}},{"type":"Feature","properties":{"s":"reef","phase":"after"},"geometry":{"type":"Point","coordinates":[-89.359811,29.994275]}},{"type":"Feature","properties":{"s":"reef","phase":"after"},"geometry":{"type":"Point","coordinates":[-89.359811,29.994275]}},{"type":"Feature","properties":{"s":"reef","phase":"after"},"geometry":{"type":"Point","coordinates":[-89.359913,29.994265]}},{"type":"Feature","properties":{"s":"reef","phase":"after"},"geometry":{"type":"Point","coordinates":[-89.359993,29.99426]}},{"type":"Feature","properties":{"s":"reef","phase":"after"},"geometry":{"type":"Point","coordinates":[-89.360054,29.994256]}},{"type":"Feature","properties":{"s":"reef","phase":"after"},"geometry":{"type":"Point","coordinates":[-89.360156,29.994249]}},{"type":"Feature","properties":{"s":"reef","phase":"after"},"geometry":{"type":"Point","coordinates":[-89.360235,29.994242]}},{"type":"Feature","properties":{"s":"reef","phase":"after"},"geometry":{"type":"Point","coordinates":[-89.360316,29.994237]}},{"type":"Feature","properties":{"s":"reef","phase":"after"},"geometry":{"type":"Point","coordinates":[-89.360379,29.994233]}},{"type":"Feature","properties":{"s":"reef","phase":"after"},"geometry":{"type":"Point","coordinates":[-89.360461,29.994229]}},{"type":"Feature","properties":{"s":"reef","phase":"after"},"geometry":{"type":"Point","coordinates":[-89.360567,29.994225]}},{"type":"Feature","properties":{"s":"reef","phase":"after"},"geometry":{"type":"Point","coordinates":[-89.360608,29.994222]}},{"type":"Feature","properties":{"s":"reef","phase":"after"},"geometry":{"type":"Point","coordinates":[-89.360628,29.994221]}},{"type":"Feature","properties":{"s":"reef","phase":"after"},"geometry":{"type":"Point","coordinates":[-89.360709,29.994214]}},{"type":"Feature","properties":{"s":"reef","phase":"after"},"geometry":{"type":"Point","coordinates":[-89.36081,29.994202]}},{"type":"Feature","properties":{"s":"reef","phase":"after"},"geometry":{"type":"Point","coordinates":[-89.360866,29.994195]}},{"type":"Feature","properties":{"s":"reef","phase":"after"},"geometry":{"type":"Point","coordinates":[-89.360931,29.994192]}},{"type":"Feature","properties":{"s":"reef","phase":"after"},"geometry":{"type":"Point","coordinates":[-89.360991,29.994187]}},{"type":"Feature","properties":{"s":"reef","phase":"after"},"geometry":{"type":"Point","coordinates":[-89.36107,29.994183]}},{"type":"Feature","properties":{"s":"reef","phase":"after"},"geometry":{"type":"Point","coordinates":[-89.361189,29.994184]}},{"type":"Feature","properties":{"s":"reef","phase":"after"},"geometry":{"type":"Point","coordinates":[-89.361266,29.994178]}},{"type":"Feature","properties":{"s":"reef","phase":"after"},"geometry":{"type":"Point","coordinates":[-89.361307,29.994176]}},{"type":"Feature","properties":{"s":"reef","phase":"after"},"geometry":{"type":"Point","coordinates":[-89.361389,29.994166]}},{"type":"Feature","properties":{"s":"reef","phase":"after"},"geometry":{"type":"Point","coordinates":[-89.361486,29.994155]}},{"type":"Feature","properties":{"s":"reef","phase":"after"},"geometry":{"type":"Point","coordinates":[-89.361649,29.994148]}},{"type":"Feature","properties":{"s":"reef","phase":"after"},"geometry":{"type":"Point","coordinates":[-89.361751,29.994133]}},{"type":"Feature","properties":{"s":"scat","phase":"after"},"geometry":{"type":"Point","coordinates":[-89.361834,29.994126]}},{"type":"Feature","properties":{"s":"reef","phase":"after"},"geometry":{"type":"Point","coordinates":[-89.36188,29.994125]}},{"type":"Feature","properties":{"s":"reef","phase":"after"},"geometry":{"type":"Point","coordinates":[-89.361942,29.99412]}},{"type":"Feature","properties":{"s":"reef","phase":"after"},"geometry":{"type":"Point","coordinates":[-89.36198,29.994117]}},{"type":"Feature","properties":{"s":"reef","phase":"after"},"geometry":{"type":"Point","coordinates":[-89.362016,29.994114]}},{"type":"Feature","properties":{"s":"reef","phase":"after"},"geometry":{"type":"Point","coordinates":[-89.362081,29.994109]}},{"type":"Feature","properties":{"s":"reef","phase":"after"},"geometry":{"type":"Point","coordinates":[-89.362165,29.994099]}},{"type":"Feature","properties":{"s":"reef","phase":"after"},"geometry":{"type":"Point","coordinates":[-89.362249,29.994092]}},{"type":"Feature","properties":{"s":"reef","phase":"after"},"geometry":{"type":"Point","coordinates":[-89.362309,29.994089]}},{"type":"Feature","properties":{"s":"reef","phase":"after"},"geometry":{"type":"Point","coordinates":[-89.362391,29.994084]}},{"type":"Feature","properties":{"s":"reef","phase":"after"},"geometry":{"type":"Point","coordinates":[-89.362486,29.994082]}},{"type":"Feature","properties":{"s":"reef","phase":"after"},"geometry":{"type":"Point","coordinates":[-89.362546,29.994078]}},{"type":"Feature","properties":{"s":"reef","phase":"after"},"geometry":{"type":"Point","coordinates":[-89.362628,29.994075]}},{"type":"Feature","properties":{"s":"reef","phase":"after"},"geometry":{"type":"Point","coordinates":[-89.362667,29.994071]}},{"type":"Feature","properties":{"s":"reef","phase":"after"},"geometry":{"type":"Point","coordinates":[-89.362728,29.994066]}},{"type":"Feature","properties":{"s":"reef","phase":"after"},"geometry":{"type":"Point","coordinates":[-89.362787,29.994061]}},{"type":"Feature","properties":{"s":"reef","phase":"after"},"geometry":{"type":"Point","coordinates":[-89.362892,29.994055]}},{"type":"Feature","properties":{"s":"reef","phase":"after"},"geometry":{"type":"Point","coordinates":[-89.362958,29.994052]}},{"type":"Feature","properties":{"s":"reef","phase":"after"},"geometry":{"type":"Point","coordinates":[-89.363006,29.994052]}},{"type":"Feature","properties":{"s":"reef","phase":"after"},"geometry":{"type":"Point","coordinates":[-89.363087,29.994044]}},{"type":"Feature","properties":{"s":"reef","phase":"after"},"geometry":{"type":"Point","coordinates":[-89.36319,29.994039]}},{"type":"Feature","properties":{"s":"reef","phase":"after"},"geometry":{"type":"Point","coordinates":[-89.36327,29.994031]}},{"type":"Feature","properties":{"s":"reef","phase":"after"},"geometry":{"type":"Point","coordinates":[-89.363358,29.994024]}},{"type":"Feature","properties":{"s":"reef","phase":"after"},"geometry":{"type":"Point","coordinates":[-89.363527,29.994017]}},{"type":"Feature","properties":{"s":"reef","phase":"after"},"geometry":{"type":"Point","coordinates":[-89.363728,29.994]}},{"type":"Feature","properties":{"s":"reef","phase":"after"},"geometry":{"type":"Point","coordinates":[-89.363829,29.993994]}},{"type":"Feature","properties":{"s":"reef","phase":"after"},"geometry":{"type":"Point","coordinates":[-89.363931,29.99399]}},{"type":"Feature","properties":{"s":"reef","phase":"after"},"geometry":{"type":"Point","coordinates":[-89.364054,29.993986]}},{"type":"Feature","properties":{"s":"reef","phase":"after"},"geometry":{"type":"Point","coordinates":[-89.364138,29.993984]}},{"type":"Feature","properties":{"s":"reef","phase":"after"},"geometry":{"type":"Point","coordinates":[-89.364199,29.993977]}},{"type":"Feature","properties":{"s":"reef","phase":"after"},"geometry":{"type":"Point","coordinates":[-89.364258,29.993973]}},{"type":"Feature","properties":{"s":"reef","phase":"after"},"geometry":{"type":"Point","coordinates":[-89.364341,29.993962]}},{"type":"Feature","properties":{"s":"reef","phase":"after"},"geometry":{"type":"Point","coordinates":[-89.364442,29.993958]}},{"type":"Feature","properties":{"s":"reef","phase":"after"},"geometry":{"type":"Point","coordinates":[-89.364481,29.993956]}},{"type":"Feature","properties":{"s":"reef","phase":"after"},"geometry":{"type":"Point","coordinates":[-89.364561,29.993952]}},{"type":"Feature","properties":{"s":"reef","phase":"after"},"geometry":{"type":"Point","coordinates":[-89.364601,29.993948]}},{"type":"Feature","properties":{"s":"reef","phase":"after"},"geometry":{"type":"Point","coordinates":[-89.364676,29.993944]}},{"type":"Feature","properties":{"s":"reef","phase":"after"},"geometry":{"type":"Point","coordinates":[-89.364757,29.993939]}},{"type":"Feature","properties":{"s":"reef","phase":"after"},"geometry":{"type":"Point","coordinates":[-89.364881,29.993934]}},{"type":"Feature","properties":{"s":"reef","phase":"after"},"geometry":{"type":"Point","coordinates":[-89.364921,29.993932]}},{"type":"Feature","properties":{"s":"reef","phase":"after"},"geometry":{"type":"Point","coordinates":[-89.365005,29.993927]}},{"type":"Feature","properties":{"s":"reef","phase":"after"},"geometry":{"type":"Point","coordinates":[-89.365083,29.993921]}},{"type":"Feature","properties":{"s":"reef","phase":"after"},"geometry":{"type":"Point","coordinates":[-89.36514,29.993922]}},{"type":"Feature","properties":{"s":"reef","phase":"after"},"geometry":{"type":"Point","coordinates":[-89.365255,29.993914]}},{"type":"Feature","properties":{"s":"reef","phase":"after"},"geometry":{"type":"Point","coordinates":[-89.365335,29.993912]}},{"type":"Feature","properties":{"s":"reef","phase":"after"},"geometry":{"type":"Point","coordinates":[-89.365356,29.993912]}},{"type":"Feature","properties":{"s":"reef","phase":"after"},"geometry":{"type":"Point","coordinates":[-89.365416,29.993906]}},{"type":"Feature","properties":{"s":"reef","phase":"after"},"geometry":{"type":"Point","coordinates":[-89.365476,29.993903]}},{"type":"Feature","properties":{"s":"reef","phase":"after"},"geometry":{"type":"Point","coordinates":[-89.365579,29.9939]}},{"type":"Feature","properties":{"s":"reef","phase":"after"},"geometry":{"type":"Point","coordinates":[-89.36566,29.993898]}},{"type":"Feature","properties":{"s":"reef","phase":"after"},"geometry":{"type":"Point","coordinates":[-89.365766,29.993892]}},{"type":"Feature","properties":{"s":"reef","phase":"after"},"geometry":{"type":"Point","coordinates":[-89.365869,29.99388]}},{"type":"Feature","properties":{"s":"reef","phase":"after"},"geometry":{"type":"Point","coordinates":[-89.365973,29.993877]}},{"type":"Feature","properties":{"s":"reef","phase":"after"},"geometry":{"type":"Point","coordinates":[-89.366055,29.993878]}},{"type":"Feature","properties":{"s":"reef","phase":"after"},"geometry":{"type":"Point","coordinates":[-89.36615,29.993879]}},{"type":"Feature","properties":{"s":"reef","phase":"after"},"geometry":{"type":"Point","coordinates":[-89.366292,29.993883]}},{"type":"Feature","properties":{"s":"reef","phase":"after"},"geometry":{"type":"Point","coordinates":[-89.366356,29.993881]}},{"type":"Feature","properties":{"s":"scat","phase":"after"},"geometry":{"type":"Point","coordinates":[-89.366418,29.993877]}},{"type":"Feature","properties":{"s":"scat","phase":"after"},"geometry":{"type":"Point","coordinates":[-89.366498,29.993865]}},{"type":"Feature","properties":{"s":"scat","phase":"after"},"geometry":{"type":"Point","coordinates":[-89.366581,29.993857]}},{"type":"Feature","properties":{"s":"scat","phase":"after"},"geometry":{"type":"Point","coordinates":[-89.366682,29.993849]}},{"type":"Feature","properties":{"s":"scat","phase":"after"},"geometry":{"type":"Point","coordinates":[-89.366735,29.993841]}},{"type":"Feature","properties":{"s":"scat","phase":"after"},"geometry":{"type":"Point","coordinates":[-89.366808,29.993839]}},{"type":"Feature","properties":{"s":"scat","phase":"after"},"geometry":{"type":"Point","coordinates":[-89.366904,29.993831]}},{"type":"Feature","properties":{"s":"scat","phase":"after"},"geometry":{"type":"Point","coordinates":[-89.366966,29.993815]}},{"type":"Feature","properties":{"s":"firm","phase":"after"},"geometry":{"type":"Point","coordinates":[-89.367089,29.993778]}},{"type":"Feature","properties":{"s":"firm","phase":"after"},"geometry":{"type":"Point","coordinates":[-89.36718,29.993758]}},{"type":"Feature","properties":{"s":"firm","phase":"after"},"geometry":{"type":"Point","coordinates":[-89.36724,29.993743]}},{"type":"Feature","properties":{"s":"firm","phase":"after"},"geometry":{"type":"Point","coordinates":[-89.367335,29.993722]}},{"type":"Feature","properties":{"s":"firm","phase":"after"},"geometry":{"type":"Point","coordinates":[-89.367427,29.993709]}},{"type":"Feature","properties":{"s":"firm","phase":"after"},"geometry":{"type":"Point","coordinates":[-89.367586,29.9937]}},{"type":"Feature","properties":{"s":"firm","phase":"after"},"geometry":{"type":"Point","coordinates":[-89.367713,29.993708]}},{"type":"Feature","properties":{"s":"firm","phase":"after"},"geometry":{"type":"Point","coordinates":[-89.36778,29.994]}},{"type":"Feature","properties":{"s":"firm","phase":"after"},"geometry":{"type":"Point","coordinates":[-89.367745,29.994009]}},{"type":"Feature","properties":{"s":"firm","phase":"after"},"geometry":{"type":"Point","coordinates":[-89.367667,29.994017]}},{"type":"Feature","properties":{"s":"firm","phase":"after"},"geometry":{"type":"Point","coordinates":[-89.367595,29.994023]}},{"type":"Feature","properties":{"s":"scat","phase":"after"},"geometry":{"type":"Point","coordinates":[-89.367575,29.994023]}},{"type":"Feature","properties":{"s":"scat","phase":"after"},"geometry":{"type":"Point","coordinates":[-89.36752,29.994028]}},{"type":"Feature","properties":{"s":"firm","phase":"after"},"geometry":{"type":"Point","coordinates":[-89.367419,29.994036]}},{"type":"Feature","properties":{"s":"firm","phase":"after"},"geometry":{"type":"Point","coordinates":[-89.367316,29.994042]}},{"type":"Feature","properties":{"s":"scat","phase":"after"},"geometry":{"type":"Point","coordinates":[-89.367213,29.994045]}},{"type":"Feature","properties":{"s":"reef","phase":"after"},"geometry":{"type":"Point","coordinates":[-89.367127,29.994048]}},{"type":"Feature","properties":{"s":"reef","phase":"after"},"geometry":{"type":"Point","coordinates":[-89.367061,29.994051]}},{"type":"Feature","properties":{"s":"reef","phase":"after"},"geometry":{"type":"Point","coordinates":[-89.366919,29.994075]}},{"type":"Feature","properties":{"s":"scat","phase":"after"},"geometry":{"type":"Point","coordinates":[-89.366842,29.994094]}},{"type":"Feature","properties":{"s":"reef","phase":"after"},"geometry":{"type":"Point","coordinates":[-89.366738,29.994109]}},{"type":"Feature","properties":{"s":"scat","phase":"after"},"geometry":{"type":"Point","coordinates":[-89.366738,29.994109]}},{"type":"Feature","properties":{"s":"reef","phase":"after"},"geometry":{"type":"Point","coordinates":[-89.366615,29.994117]}},{"type":"Feature","properties":{"s":"reef","phase":"after"},"geometry":{"type":"Point","coordinates":[-89.366515,29.994123]}},{"type":"Feature","properties":{"s":"reef","phase":"after"},"geometry":{"type":"Point","coordinates":[-89.366435,29.994129]}},{"type":"Feature","properties":{"s":"reef","phase":"after"},"geometry":{"type":"Point","coordinates":[-89.366316,29.994137]}},{"type":"Feature","properties":{"s":"reef","phase":"after"},"geometry":{"type":"Point","coordinates":[-89.366217,29.994142]}},{"type":"Feature","properties":{"s":"reef","phase":"after"},"geometry":{"type":"Point","coordinates":[-89.366136,29.994145]}},{"type":"Feature","properties":{"s":"reef","phase":"after"},"geometry":{"type":"Point","coordinates":[-89.366054,29.994148]}},{"type":"Feature","properties":{"s":"reef","phase":"after"},"geometry":{"type":"Point","coordinates":[-89.365974,29.994156]}},{"type":"Feature","properties":{"s":"reef","phase":"after"},"geometry":{"type":"Point","coordinates":[-89.365894,29.994161]}},{"type":"Feature","properties":{"s":"reef","phase":"after"},"geometry":{"type":"Point","coordinates":[-89.365794,29.994169]}},{"type":"Feature","properties":{"s":"reef","phase":"after"},"geometry":{"type":"Point","coordinates":[-89.365713,29.994176]}},{"type":"Feature","properties":{"s":"reef","phase":"after"},"geometry":{"type":"Point","coordinates":[-89.365652,29.994177]}},{"type":"Feature","properties":{"s":"reef","phase":"after"},"geometry":{"type":"Point","coordinates":[-89.36557,29.994183]}},{"type":"Feature","properties":{"s":"reef","phase":"after"},"geometry":{"type":"Point","coordinates":[-89.365512,29.994187]}},{"type":"Feature","properties":{"s":"reef","phase":"after"},"geometry":{"type":"Point","coordinates":[-89.36539,29.994193]}},{"type":"Feature","properties":{"s":"reef","phase":"after"},"geometry":{"type":"Point","coordinates":[-89.365289,29.9942]}},{"type":"Feature","properties":{"s":"reef","phase":"after"},"geometry":{"type":"Point","coordinates":[-89.365248,29.994204]}},{"type":"Feature","properties":{"s":"reef","phase":"after"},"geometry":{"type":"Point","coordinates":[-89.365165,29.994212]}},{"type":"Feature","properties":{"s":"reef","phase":"after"},"geometry":{"type":"Point","coordinates":[-89.365084,29.99422]}},{"type":"Feature","properties":{"s":"reef","phase":"after"},"geometry":{"type":"Point","coordinates":[-89.364982,29.994227]}},{"type":"Feature","properties":{"s":"reef","phase":"after"},"geometry":{"type":"Point","coordinates":[-89.364923,29.994229]}},{"type":"Feature","properties":{"s":"reef","phase":"after"},"geometry":{"type":"Point","coordinates":[-89.364842,29.994232]}},{"type":"Feature","properties":{"s":"scat","phase":"after"},"geometry":{"type":"Point","coordinates":[-89.364719,29.994237]}},{"type":"Feature","properties":{"s":"reef","phase":"after"},"geometry":{"type":"Point","coordinates":[-89.364641,29.994242]}},{"type":"Feature","properties":{"s":"reef","phase":"after"},"geometry":{"type":"Point","coordinates":[-89.364559,29.994248]}},{"type":"Feature","properties":{"s":"reef","phase":"after"},"geometry":{"type":"Point","coordinates":[-89.364476,29.994253]}},{"type":"Feature","properties":{"s":"reef","phase":"after"},"geometry":{"type":"Point","coordinates":[-89.364334,29.994257]}},{"type":"Feature","properties":{"s":"reef","phase":"after"},"geometry":{"type":"Point","coordinates":[-89.364213,29.994269]}},{"type":"Feature","properties":{"s":"scat","phase":"after"},"geometry":{"type":"Point","coordinates":[-89.364192,29.994271]}},{"type":"Feature","properties":{"s":"scat","phase":"after"},"geometry":{"type":"Point","coordinates":[-89.364097,29.994278]}},{"type":"Feature","properties":{"s":"reef","phase":"after"},"geometry":{"type":"Point","coordinates":[-89.363974,29.994282]}},{"type":"Feature","properties":{"s":"reef","phase":"after"},"geometry":{"type":"Point","coordinates":[-89.363849,29.99429]}},{"type":"Feature","properties":{"s":"scat","phase":"after"},"geometry":{"type":"Point","coordinates":[-89.363749,29.994295]}},{"type":"Feature","properties":{"s":"reef","phase":"after"},"geometry":{"type":"Point","coordinates":[-89.363712,29.994293]}},{"type":"Feature","properties":{"s":"reef","phase":"after"},"geometry":{"type":"Point","coordinates":[-89.363649,29.994294]}},{"type":"Feature","properties":{"s":"reef","phase":"after"},"geometry":{"type":"Point","coordinates":[-89.363571,29.994304]}},{"type":"Feature","properties":{"s":"reef","phase":"after"},"geometry":{"type":"Point","coordinates":[-89.363488,29.994309]}},{"type":"Feature","properties":{"s":"reef","phase":"after"},"geometry":{"type":"Point","coordinates":[-89.36339,29.994312]}},{"type":"Feature","properties":{"s":"reef","phase":"after"},"geometry":{"type":"Point","coordinates":[-89.363309,29.994315]}},{"type":"Feature","properties":{"s":"reef","phase":"after"},"geometry":{"type":"Point","coordinates":[-89.363247,29.99432]}},{"type":"Feature","properties":{"s":"reef","phase":"after"},"geometry":{"type":"Point","coordinates":[-89.363163,29.99433]}},{"type":"Feature","properties":{"s":"reef","phase":"after"},"geometry":{"type":"Point","coordinates":[-89.363081,29.994334]}},{"type":"Feature","properties":{"s":"reef","phase":"after"},"geometry":{"type":"Point","coordinates":[-89.362982,29.994346]}},{"type":"Feature","properties":{"s":"reef","phase":"after"},"geometry":{"type":"Point","coordinates":[-89.362903,29.99435]}},{"type":"Feature","properties":{"s":"reef","phase":"after"},"geometry":{"type":"Point","coordinates":[-89.362805,29.994356]}},{"type":"Feature","properties":{"s":"scat","phase":"after"},"geometry":{"type":"Point","coordinates":[-89.362681,29.99436]}},{"type":"Feature","properties":{"s":"reef","phase":"after"},"geometry":{"type":"Point","coordinates":[-89.36264,29.994361]}},{"type":"Feature","properties":{"s":"reef","phase":"after"},"geometry":{"type":"Point","coordinates":[-89.362599,29.994362]}},{"type":"Feature","properties":{"s":"reef","phase":"after"},"geometry":{"type":"Point","coordinates":[-89.36256,29.994364]}},{"type":"Feature","properties":{"s":"reef","phase":"after"},"geometry":{"type":"Point","coordinates":[-89.36248,29.994369]}},{"type":"Feature","properties":{"s":"reef","phase":"after"},"geometry":{"type":"Point","coordinates":[-89.362401,29.994376]}},{"type":"Feature","properties":{"s":"reef","phase":"after"},"geometry":{"type":"Point","coordinates":[-89.362318,29.994382]}},{"type":"Feature","properties":{"s":"reef","phase":"after"},"geometry":{"type":"Point","coordinates":[-89.362254,29.994386]}},{"type":"Feature","properties":{"s":"reef","phase":"after"},"geometry":{"type":"Point","coordinates":[-89.362213,29.994388]}},{"type":"Feature","properties":{"s":"reef","phase":"after"},"geometry":{"type":"Point","coordinates":[-89.362138,29.99439]}},{"type":"Feature","properties":{"s":"reef","phase":"after"},"geometry":{"type":"Point","coordinates":[-89.362014,29.994396]}},{"type":"Feature","properties":{"s":"reef","phase":"after"},"geometry":{"type":"Point","coordinates":[-89.361932,29.994404]}},{"type":"Feature","properties":{"s":"reef","phase":"after"},"geometry":{"type":"Point","coordinates":[-89.361851,29.994407]}},{"type":"Feature","properties":{"s":"reef","phase":"after"},"geometry":{"type":"Point","coordinates":[-89.361789,29.994412]}},{"type":"Feature","properties":{"s":"reef","phase":"after"},"geometry":{"type":"Point","coordinates":[-89.36169,29.99442]}},{"type":"Feature","properties":{"s":"reef","phase":"after"},"geometry":{"type":"Point","coordinates":[-89.361624,29.994428]}},{"type":"Feature","properties":{"s":"reef","phase":"after"},"geometry":{"type":"Point","coordinates":[-89.361546,29.994434]}},{"type":"Feature","properties":{"s":"scat","phase":"after"},"geometry":{"type":"Point","coordinates":[-89.361444,29.994439]}},{"type":"Feature","properties":{"s":"reef","phase":"after"},"geometry":{"type":"Point","coordinates":[-89.361401,29.994441]}},{"type":"Feature","properties":{"s":"reef","phase":"after"},"geometry":{"type":"Point","coordinates":[-89.361322,29.994446]}},{"type":"Feature","properties":{"s":"reef","phase":"after"},"geometry":{"type":"Point","coordinates":[-89.361261,29.994449]}},{"type":"Feature","properties":{"s":"reef","phase":"after"},"geometry":{"type":"Point","coordinates":[-89.361181,29.994455]}},{"type":"Feature","properties":{"s":"reef","phase":"after"},"geometry":{"type":"Point","coordinates":[-89.361102,29.994461]}},{"type":"Feature","properties":{"s":"reef","phase":"after"},"geometry":{"type":"Point","coordinates":[-89.361023,29.994464]}},{"type":"Feature","properties":{"s":"reef","phase":"after"},"geometry":{"type":"Point","coordinates":[-89.36094,29.994471]}},{"type":"Feature","properties":{"s":"reef","phase":"after"},"geometry":{"type":"Point","coordinates":[-89.360877,29.994473]}},{"type":"Feature","properties":{"s":"reef","phase":"after"},"geometry":{"type":"Point","coordinates":[-89.360792,29.994478]}},{"type":"Feature","properties":{"s":"reef","phase":"after"},"geometry":{"type":"Point","coordinates":[-89.360713,29.994483]}},{"type":"Feature","properties":{"s":"reef","phase":"after"},"geometry":{"type":"Point","coordinates":[-89.36063,29.99449]}},{"type":"Feature","properties":{"s":"reef","phase":"after"},"geometry":{"type":"Point","coordinates":[-89.360567,29.994493]}},{"type":"Feature","properties":{"s":"reef","phase":"after"},"geometry":{"type":"Point","coordinates":[-89.360506,29.994497]}},{"type":"Feature","properties":{"s":"reef","phase":"after"},"geometry":{"type":"Point","coordinates":[-89.360443,29.994502]}},{"type":"Feature","properties":{"s":"reef","phase":"after"},"geometry":{"type":"Point","coordinates":[-89.360365,29.994506]}},{"type":"Feature","properties":{"s":"reef","phase":"after"},"geometry":{"type":"Point","coordinates":[-89.36028,29.99451]}},{"type":"Feature","properties":{"s":"reef","phase":"after"},"geometry":{"type":"Point","coordinates":[-89.360217,29.994513]}},{"type":"Feature","properties":{"s":"reef","phase":"after"},"geometry":{"type":"Point","coordinates":[-89.360132,29.994517]}},{"type":"Feature","properties":{"s":"reef","phase":"after"},"geometry":{"type":"Point","coordinates":[-89.360047,29.994522]}},{"type":"Feature","properties":{"s":"reef","phase":"after"},"geometry":{"type":"Point","coordinates":[-89.359986,29.994525]}},{"type":"Feature","properties":{"s":"reef","phase":"after"},"geometry":{"type":"Point","coordinates":[-89.359904,29.994531]}},{"type":"Feature","properties":{"s":"reef","phase":"after"},"geometry":{"type":"Point","coordinates":[-89.359845,29.994536]}},{"type":"Feature","properties":{"s":"reef","phase":"after"},"geometry":{"type":"Point","coordinates":[-89.359782,29.994538]}},{"type":"Feature","properties":{"s":"reef","phase":"after"},"geometry":{"type":"Point","coordinates":[-89.35972,29.99454]}},{"type":"Feature","properties":{"s":"reef","phase":"after"},"geometry":{"type":"Point","coordinates":[-89.359658,29.994546]}},{"type":"Feature","properties":{"s":"reef","phase":"after"},"geometry":{"type":"Point","coordinates":[-89.359599,29.994548]}},{"type":"Feature","properties":{"s":"reef","phase":"after"},"geometry":{"type":"Point","coordinates":[-89.359495,29.994555]}},{"type":"Feature","properties":{"s":"reef","phase":"after"},"geometry":{"type":"Point","coordinates":[-89.359436,29.994558]}},{"type":"Feature","properties":{"s":"reef","phase":"after"},"geometry":{"type":"Point","coordinates":[-89.359354,29.994562]}},{"type":"Feature","properties":{"s":"reef","phase":"after"},"geometry":{"type":"Point","coordinates":[-89.359294,29.994562]}},{"type":"Feature","properties":{"s":"reef","phase":"after"},"geometry":{"type":"Point","coordinates":[-89.359234,29.994566]}},{"type":"Feature","properties":{"s":"reef","phase":"after"},"geometry":{"type":"Point","coordinates":[-89.359129,29.994573]}},{"type":"Feature","properties":{"s":"reef","phase":"after"},"geometry":{"type":"Point","coordinates":[-89.359025,29.994583]}},{"type":"Feature","properties":{"s":"reef","phase":"after"},"geometry":{"type":"Point","coordinates":[-89.358925,29.994589]}},{"type":"Feature","properties":{"s":"reef","phase":"after"},"geometry":{"type":"Point","coordinates":[-89.358801,29.994598]}},{"type":"Feature","properties":{"s":"reef","phase":"after"},"geometry":{"type":"Point","coordinates":[-89.358676,29.994605]}},{"type":"Feature","properties":{"s":"reef","phase":"after"},"geometry":{"type":"Point","coordinates":[-89.358555,29.99461]}},{"type":"Feature","properties":{"s":"scat","phase":"after"},"geometry":{"type":"Point","coordinates":[-89.35847,29.994615]}},{"type":"Feature","properties":{"s":"scat","phase":"after"},"geometry":{"type":"Point","coordinates":[-89.358366,29.994621]}},{"type":"Feature","properties":{"s":"scat","phase":"after"},"geometry":{"type":"Point","coordinates":[-89.358243,29.994625]}},{"type":"Feature","properties":{"s":"scat","phase":"after"},"geometry":{"type":"Point","coordinates":[-89.358119,29.994628]}},{"type":"Feature","properties":{"s":"reef","phase":"after"},"geometry":{"type":"Point","coordinates":[-89.358019,29.994636]}},{"type":"Feature","properties":{"s":"reef","phase":"after"},"geometry":{"type":"Point","coordinates":[-89.357901,29.994638]}},{"type":"Feature","properties":{"s":"scat","phase":"after"},"geometry":{"type":"Point","coordinates":[-89.357802,29.994631]}},{"type":"Feature","properties":{"s":"scat","phase":"after"},"geometry":{"type":"Point","coordinates":[-89.357696,29.994634]}},{"type":"Feature","properties":{"s":"firm","phase":"after"},"geometry":{"type":"Point","coordinates":[-89.357628,29.994634]}},{"type":"Feature","properties":{"s":"firm","phase":"after"},"geometry":{"type":"Point","coordinates":[-89.357521,29.994631]}},{"type":"Feature","properties":{"s":"firm","phase":"after"},"geometry":{"type":"Point","coordinates":[-89.357383,29.994626]}},{"type":"Feature","properties":{"s":"firm","phase":"after"},"geometry":{"type":"Point","coordinates":[-89.357299,29.994627]}},{"type":"Feature","properties":{"s":"firm","phase":"after"},"geometry":{"type":"Point","coordinates":[-89.357443,29.994911]}},{"type":"Feature","properties":{"s":"firm","phase":"after"},"geometry":{"type":"Point","coordinates":[-89.357502,29.994909]}},{"type":"Feature","properties":{"s":"firm","phase":"after"},"geometry":{"type":"Point","coordinates":[-89.357581,29.994903]}},{"type":"Feature","properties":{"s":"firm","phase":"after"},"geometry":{"type":"Point","coordinates":[-89.357705,29.994897]}},{"type":"Feature","properties":{"s":"scat","phase":"after"},"geometry":{"type":"Point","coordinates":[-89.357807,29.99489]}},{"type":"Feature","properties":{"s":"reef","phase":"after"},"geometry":{"type":"Point","coordinates":[-89.357867,29.994884]}},{"type":"Feature","properties":{"s":"reef","phase":"after"},"geometry":{"type":"Point","coordinates":[-89.358008,29.994874]}},{"type":"Feature","properties":{"s":"scat","phase":"after"},"geometry":{"type":"Point","coordinates":[-89.358068,29.994871]}},{"type":"Feature","properties":{"s":"scat","phase":"after"},"geometry":{"type":"Point","coordinates":[-89.358166,29.994864]}},{"type":"Feature","properties":{"s":"reef","phase":"after"},"geometry":{"type":"Point","coordinates":[-89.358267,29.994857]}},{"type":"Feature","properties":{"s":"reef","phase":"after"},"geometry":{"type":"Point","coordinates":[-89.35833,29.99485]}},{"type":"Feature","properties":{"s":"firm","phase":"after"},"geometry":{"type":"Point","coordinates":[-89.358412,29.99484]}},{"type":"Feature","properties":{"s":"firm","phase":"after"},"geometry":{"type":"Point","coordinates":[-89.358491,29.994834]}},{"type":"Feature","properties":{"s":"scat","phase":"after"},"geometry":{"type":"Point","coordinates":[-89.358593,29.994829]}},{"type":"Feature","properties":{"s":"reef","phase":"after"},"geometry":{"type":"Point","coordinates":[-89.358657,29.994828]}},{"type":"Feature","properties":{"s":"reef","phase":"after"},"geometry":{"type":"Point","coordinates":[-89.358759,29.994824]}},{"type":"Feature","properties":{"s":"reef","phase":"after"},"geometry":{"type":"Point","coordinates":[-89.358881,29.994815]}},{"type":"Feature","properties":{"s":"reef","phase":"after"},"geometry":{"type":"Point","coordinates":[-89.359022,29.994804]}},{"type":"Feature","properties":{"s":"reef","phase":"after"},"geometry":{"type":"Point","coordinates":[-89.359059,29.9948]}},{"type":"Feature","properties":{"s":"reef","phase":"after"},"geometry":{"type":"Point","coordinates":[-89.359124,29.994797]}},{"type":"Feature","properties":{"s":"scat","phase":"after"},"geometry":{"type":"Point","coordinates":[-89.359165,29.994795]}},{"type":"Feature","properties":{"s":"scat","phase":"after"},"geometry":{"type":"Point","coordinates":[-89.359347,29.994785]}},{"type":"Feature","properties":{"s":"reef","phase":"after"},"geometry":{"type":"Point","coordinates":[-89.359383,29.99478]}},{"type":"Feature","properties":{"s":"reef","phase":"after"},"geometry":{"type":"Point","coordinates":[-89.359485,29.994774]}},{"type":"Feature","properties":{"s":"reef","phase":"after"},"geometry":{"type":"Point","coordinates":[-89.359507,29.994775]}},{"type":"Feature","properties":{"s":"scat","phase":"after"},"geometry":{"type":"Point","coordinates":[-89.359625,29.994764]}},{"type":"Feature","properties":{"s":"reef","phase":"after"},"geometry":{"type":"Point","coordinates":[-89.359646,29.994761]}},{"type":"Feature","properties":{"s":"reef","phase":"after"},"geometry":{"type":"Point","coordinates":[-89.359752,29.994758]}},{"type":"Feature","properties":{"s":"reef","phase":"after"},"geometry":{"type":"Point","coordinates":[-89.359793,29.994758]}},{"type":"Feature","properties":{"s":"reef","phase":"after"},"geometry":{"type":"Point","coordinates":[-89.359856,29.994757]}},{"type":"Feature","properties":{"s":"reef","phase":"after"},"geometry":{"type":"Point","coordinates":[-89.359973,29.994742]}},{"type":"Feature","properties":{"s":"reef","phase":"after"},"geometry":{"type":"Point","coordinates":[-89.360096,29.994737]}},{"type":"Feature","properties":{"s":"scat","phase":"after"},"geometry":{"type":"Point","coordinates":[-89.360301,29.994723]}},{"type":"Feature","properties":{"s":"reef","phase":"after"},"geometry":{"type":"Point","coordinates":[-89.360421,29.994712]}},{"type":"Feature","properties":{"s":"scat","phase":"after"},"geometry":{"type":"Point","coordinates":[-89.36056,29.9947]}},{"type":"Feature","properties":{"s":"scat","phase":"after"},"geometry":{"type":"Point","coordinates":[-89.360679,29.994692]}},{"type":"Feature","properties":{"s":"reef","phase":"after"},"geometry":{"type":"Point","coordinates":[-89.360746,29.99469]}},{"type":"Feature","properties":{"s":"reef","phase":"after"},"geometry":{"type":"Point","coordinates":[-89.360803,29.994689]}},{"type":"Feature","properties":{"s":"reef","phase":"after"},"geometry":{"type":"Point","coordinates":[-89.360866,29.994691]}},{"type":"Feature","properties":{"s":"reef","phase":"after"},"geometry":{"type":"Point","coordinates":[-89.360925,29.99469]}},{"type":"Feature","properties":{"s":"reef","phase":"after"},"geometry":{"type":"Point","coordinates":[-89.361005,29.994685]}},{"type":"Feature","properties":{"s":"reef","phase":"after"},"geometry":{"type":"Point","coordinates":[-89.361067,29.994683]}},{"type":"Feature","properties":{"s":"reef","phase":"after"},"geometry":{"type":"Point","coordinates":[-89.361125,29.994679]}},{"type":"Feature","properties":{"s":"reef","phase":"after"},"geometry":{"type":"Point","coordinates":[-89.361185,29.994674]}},{"type":"Feature","properties":{"s":"reef","phase":"after"},"geometry":{"type":"Point","coordinates":[-89.361289,29.994672]}},{"type":"Feature","properties":{"s":"scat","phase":"after"},"geometry":{"type":"Point","coordinates":[-89.361372,29.994661]}},{"type":"Feature","properties":{"s":"reef","phase":"after"},"geometry":{"type":"Point","coordinates":[-89.361433,29.994659]}},{"type":"Feature","properties":{"s":"reef","phase":"after"},"geometry":{"type":"Point","coordinates":[-89.361511,29.994651]}},{"type":"Feature","properties":{"s":"reef","phase":"after"},"geometry":{"type":"Point","coordinates":[-89.361573,29.994649]}},{"type":"Feature","properties":{"s":"reef","phase":"after"},"geometry":{"type":"Point","coordinates":[-89.361673,29.994641]}},{"type":"Feature","properties":{"s":"reef","phase":"after"},"geometry":{"type":"Point","coordinates":[-89.36173,29.994639]}},{"type":"Feature","properties":{"s":"reef","phase":"after"},"geometry":{"type":"Point","coordinates":[-89.361793,29.994636]}},{"type":"Feature","properties":{"s":"reef","phase":"after"},"geometry":{"type":"Point","coordinates":[-89.361895,29.994628]}},{"type":"Feature","properties":{"s":"reef","phase":"after"},"geometry":{"type":"Point","coordinates":[-89.361976,29.994625]}},{"type":"Feature","properties":{"s":"scat","phase":"after"},"geometry":{"type":"Point","coordinates":[-89.361976,29.994625]}},{"type":"Feature","properties":{"s":"reef","phase":"after"},"geometry":{"type":"Point","coordinates":[-89.362078,29.994616]}},{"type":"Feature","properties":{"s":"scat","phase":"after"},"geometry":{"type":"Point","coordinates":[-89.362116,29.994613]}},{"type":"Feature","properties":{"s":"reef","phase":"after"},"geometry":{"type":"Point","coordinates":[-89.362159,29.994609]}},{"type":"Feature","properties":{"s":"scat","phase":"after"},"geometry":{"type":"Point","coordinates":[-89.362224,29.994607]}},{"type":"Feature","properties":{"s":"scat","phase":"after"},"geometry":{"type":"Point","coordinates":[-89.362267,29.994605]}},{"type":"Feature","properties":{"s":"scat","phase":"after"},"geometry":{"type":"Point","coordinates":[-89.362308,29.994603]}},{"type":"Feature","properties":{"s":"scat","phase":"after"},"geometry":{"type":"Point","coordinates":[-89.362411,29.994598]}},{"type":"Feature","properties":{"s":"reef","phase":"after"},"geometry":{"type":"Point","coordinates":[-89.36247,29.994596]}},{"type":"Feature","properties":{"s":"reef","phase":"after"},"geometry":{"type":"Point","coordinates":[-89.362513,29.994592]}},{"type":"Feature","properties":{"s":"reef","phase":"after"},"geometry":{"type":"Point","coordinates":[-89.362573,29.99459]}},{"type":"Feature","properties":{"s":"reef","phase":"after"},"geometry":{"type":"Point","coordinates":[-89.362613,29.994586]}},{"type":"Feature","properties":{"s":"reef","phase":"after"},"geometry":{"type":"Point","coordinates":[-89.362692,29.994584]}},{"type":"Feature","properties":{"s":"reef","phase":"after"},"geometry":{"type":"Point","coordinates":[-89.362731,29.994581]}},{"type":"Feature","properties":{"s":"reef","phase":"after"},"geometry":{"type":"Point","coordinates":[-89.362798,29.994574]}},{"type":"Feature","properties":{"s":"reef","phase":"after"},"geometry":{"type":"Point","coordinates":[-89.362856,29.994568]}},{"type":"Feature","properties":{"s":"reef","phase":"after"},"geometry":{"type":"Point","coordinates":[-89.362917,29.994565]}},{"type":"Feature","properties":{"s":"reef","phase":"after"},"geometry":{"type":"Point","coordinates":[-89.362955,29.994562]}},{"type":"Feature","properties":{"s":"reef","phase":"after"},"geometry":{"type":"Point","coordinates":[-89.363014,29.99456]}},{"type":"Feature","properties":{"s":"reef","phase":"after"},"geometry":{"type":"Point","coordinates":[-89.363099,29.994553]}},{"type":"Feature","properties":{"s":"reef","phase":"after"},"geometry":{"type":"Point","coordinates":[-89.363139,29.994549]}},{"type":"Feature","properties":{"s":"reef","phase":"after"},"geometry":{"type":"Point","coordinates":[-89.363202,29.994548]}},{"type":"Feature","properties":{"s":"reef","phase":"after"},"geometry":{"type":"Point","coordinates":[-89.363266,29.994547]}},{"type":"Feature","properties":{"s":"reef","phase":"after"},"geometry":{"type":"Point","coordinates":[-89.363327,29.994545]}},{"type":"Feature","properties":{"s":"reef","phase":"after"},"geometry":{"type":"Point","coordinates":[-89.363403,29.994541]}},{"type":"Feature","properties":{"s":"scat","phase":"after"},"geometry":{"type":"Point","coordinates":[-89.363468,29.994537]}},{"type":"Feature","properties":{"s":"scat","phase":"after"},"geometry":{"type":"Point","coordinates":[-89.363513,29.994531]}},{"type":"Feature","properties":{"s":"scat","phase":"after"},"geometry":{"type":"Point","coordinates":[-89.36355,29.99453]}},{"type":"Feature","properties":{"s":"scat","phase":"after"},"geometry":{"type":"Point","coordinates":[-89.363609,29.994522]}},{"type":"Feature","properties":{"s":"reef","phase":"after"},"geometry":{"type":"Point","coordinates":[-89.363647,29.994519]}},{"type":"Feature","properties":{"s":"reef","phase":"after"},"geometry":{"type":"Point","coordinates":[-89.36369,29.994514]}},{"type":"Feature","properties":{"s":"reef","phase":"after"},"geometry":{"type":"Point","coordinates":[-89.363752,29.994508]}},{"type":"Feature","properties":{"s":"reef","phase":"after"},"geometry":{"type":"Point","coordinates":[-89.363796,29.994507]}},{"type":"Feature","properties":{"s":"reef","phase":"after"},"geometry":{"type":"Point","coordinates":[-89.363876,29.994506]}},{"type":"Feature","properties":{"s":"reef","phase":"after"},"geometry":{"type":"Point","coordinates":[-89.363913,29.994503]}},{"type":"Feature","properties":{"s":"reef","phase":"after"},"geometry":{"type":"Point","coordinates":[-89.363953,29.994498]}},{"type":"Feature","properties":{"s":"reef","phase":"after"},"geometry":{"type":"Point","coordinates":[-89.364034,29.99449]}},{"type":"Feature","properties":{"s":"reef","phase":"after"},"geometry":{"type":"Point","coordinates":[-89.364075,29.99449]}},{"type":"Feature","properties":{"s":"reef","phase":"after"},"geometry":{"type":"Point","coordinates":[-89.364114,29.99449]}},{"type":"Feature","properties":{"s":"reef","phase":"after"},"geometry":{"type":"Point","coordinates":[-89.364177,29.994488]}},{"type":"Feature","properties":{"s":"reef","phase":"after"},"geometry":{"type":"Point","coordinates":[-89.364218,29.994486]}},{"type":"Feature","properties":{"s":"reef","phase":"after"},"geometry":{"type":"Point","coordinates":[-89.364276,29.994479]}},{"type":"Feature","properties":{"s":"reef","phase":"after"},"geometry":{"type":"Point","coordinates":[-89.364358,29.994476]}},{"type":"Feature","properties":{"s":"reef","phase":"after"},"geometry":{"type":"Point","coordinates":[-89.364419,29.994475]}},{"type":"Feature","properties":{"s":"reef","phase":"after"},"geometry":{"type":"Point","coordinates":[-89.364482,29.99447]}},{"type":"Feature","properties":{"s":"reef","phase":"after"},"geometry":{"type":"Point","coordinates":[-89.364543,29.994461]}},{"type":"Feature","properties":{"s":"reef","phase":"after"},"geometry":{"type":"Point","coordinates":[-89.364582,29.994459]}},{"type":"Feature","properties":{"s":"reef","phase":"after"},"geometry":{"type":"Point","coordinates":[-89.364623,29.994457]}},{"type":"Feature","properties":{"s":"reef","phase":"after"},"geometry":{"type":"Point","coordinates":[-89.364664,29.994453]}},{"type":"Feature","properties":{"s":"reef","phase":"after"},"geometry":{"type":"Point","coordinates":[-89.364729,29.994451]}},{"type":"Feature","properties":{"s":"reef","phase":"after"},"geometry":{"type":"Point","coordinates":[-89.364749,29.99445]}},{"type":"Feature","properties":{"s":"reef","phase":"after"},"geometry":{"type":"Point","coordinates":[-89.36483,29.994444]}},{"type":"Feature","properties":{"s":"reef","phase":"after"},"geometry":{"type":"Point","coordinates":[-89.364908,29.994438]}},{"type":"Feature","properties":{"s":"reef","phase":"after"},"geometry":{"type":"Point","coordinates":[-89.364967,29.994435]}},{"type":"Feature","properties":{"s":"reef","phase":"after"},"geometry":{"type":"Point","coordinates":[-89.365034,29.994432]}},{"type":"Feature","properties":{"s":"reef","phase":"after"},"geometry":{"type":"Point","coordinates":[-89.365123,29.99443]}},{"type":"Feature","properties":{"s":"reef","phase":"after"},"geometry":{"type":"Point","coordinates":[-89.36516,29.994428]}},{"type":"Feature","properties":{"s":"reef","phase":"after"},"geometry":{"type":"Point","coordinates":[-89.365221,29.994421]}},{"type":"Feature","properties":{"s":"reef","phase":"after"},"geometry":{"type":"Point","coordinates":[-89.365281,29.994416]}},{"type":"Feature","properties":{"s":"reef","phase":"after"},"geometry":{"type":"Point","coordinates":[-89.365341,29.99441]}},{"type":"Feature","properties":{"s":"reef","phase":"after"},"geometry":{"type":"Point","coordinates":[-89.365399,29.994406]}},{"type":"Feature","properties":{"s":"reef","phase":"after"},"geometry":{"type":"Point","coordinates":[-89.365484,29.994396]}},{"type":"Feature","properties":{"s":"reef","phase":"after"},"geometry":{"type":"Point","coordinates":[-89.365548,29.994398]}},{"type":"Feature","properties":{"s":"reef","phase":"after"},"geometry":{"type":"Point","coordinates":[-89.365609,29.994397]}},{"type":"Feature","properties":{"s":"reef","phase":"after"},"geometry":{"type":"Point","coordinates":[-89.36567,29.994394]}},{"type":"Feature","properties":{"s":"reef","phase":"after"},"geometry":{"type":"Point","coordinates":[-89.365748,29.994393]}},{"type":"Feature","properties":{"s":"reef","phase":"after"},"geometry":{"type":"Point","coordinates":[-89.365768,29.994391]}},{"type":"Feature","properties":{"s":"reef","phase":"after"},"geometry":{"type":"Point","coordinates":[-89.36585,29.994393]}},{"type":"Feature","properties":{"s":"reef","phase":"after"},"geometry":{"type":"Point","coordinates":[-89.365892,29.994391]}},{"type":"Feature","properties":{"s":"reef","phase":"after"},"geometry":{"type":"Point","coordinates":[-89.365992,29.994394]}},{"type":"Feature","properties":{"s":"reef","phase":"after"},"geometry":{"type":"Point","coordinates":[-89.366051,29.99439]}},{"type":"Feature","properties":{"s":"reef","phase":"after"},"geometry":{"type":"Point","coordinates":[-89.366134,29.994393]}},{"type":"Feature","properties":{"s":"reef","phase":"after"},"geometry":{"type":"Point","coordinates":[-89.36621,29.994389]}},{"type":"Feature","properties":{"s":"reef","phase":"after"},"geometry":{"type":"Point","coordinates":[-89.366274,29.994383]}},{"type":"Feature","properties":{"s":"reef","phase":"after"},"geometry":{"type":"Point","coordinates":[-89.366359,29.994375]}},{"type":"Feature","properties":{"s":"reef","phase":"after"},"geometry":{"type":"Point","coordinates":[-89.366417,29.994367]}},{"type":"Feature","properties":{"s":"reef","phase":"after"},"geometry":{"type":"Point","coordinates":[-89.366499,29.994366]}},{"type":"Feature","properties":{"s":"reef","phase":"after"},"geometry":{"type":"Point","coordinates":[-89.366581,29.994362]}},{"type":"Feature","properties":{"s":"reef","phase":"after"},"geometry":{"type":"Point","coordinates":[-89.366619,29.994355]}},{"type":"Feature","properties":{"s":"reef","phase":"after"},"geometry":{"type":"Point","coordinates":[-89.366678,29.994346]}},{"type":"Feature","properties":{"s":"reef","phase":"after"},"geometry":{"type":"Point","coordinates":[-89.36672,29.994339]}},{"type":"Feature","properties":{"s":"reef","phase":"after"},"geometry":{"type":"Point","coordinates":[-89.366808,29.994323]}},{"type":"Feature","properties":{"s":"reef","phase":"after"},"geometry":{"type":"Point","coordinates":[-89.366873,29.994319]}},{"type":"Feature","properties":{"s":"reef","phase":"after"},"geometry":{"type":"Point","coordinates":[-89.366934,29.994313]}},{"type":"Feature","properties":{"s":"reef","phase":"after"},"geometry":{"type":"Point","coordinates":[-89.366993,29.994299]}},{"type":"Feature","properties":{"s":"scat","phase":"after"},"geometry":{"type":"Point","coordinates":[-89.367103,29.994271]}},{"type":"Feature","properties":{"s":"firm","phase":"after"},"geometry":{"type":"Point","coordinates":[-89.367163,29.994254]}},{"type":"Feature","properties":{"s":"firm","phase":"after"},"geometry":{"type":"Point","coordinates":[-89.367234,29.994233]}},{"type":"Feature","properties":{"s":"firm","phase":"after"},"geometry":{"type":"Point","coordinates":[-89.36733,29.994207]}},{"type":"Feature","properties":{"s":"firm","phase":"after"},"geometry":{"type":"Point","coordinates":[-89.367388,29.994194]}},{"type":"Feature","properties":{"s":"firm","phase":"after"},"geometry":{"type":"Point","coordinates":[-89.367471,29.994184]}},{"type":"Feature","properties":{"s":"firm","phase":"after"},"geometry":{"type":"Point","coordinates":[-89.367556,29.994179]}},{"type":"Feature","properties":{"s":"firm","phase":"after"},"geometry":{"type":"Point","coordinates":[-89.367595,29.994183]}},{"type":"Feature","properties":{"s":"firm","phase":"after"},"geometry":{"type":"Point","coordinates":[-89.367676,29.99418]}},{"type":"Feature","properties":{"s":"firm","phase":"after"},"geometry":{"type":"Point","coordinates":[-89.367728,29.994177]}},{"type":"Feature","properties":{"s":"firm","phase":"after"},"geometry":{"type":"Point","coordinates":[-89.367799,29.994182]}},{"type":"Feature","properties":{"s":"firm","phase":"after"},"geometry":{"type":"Point","coordinates":[-89.36787,29.994206]}},{"type":"Feature","properties":{"s":"reef","phase":"after"},"geometry":{"type":"Point","coordinates":[-89.363724,29.993781]}},{"type":"Feature","properties":{"s":"reef","phase":"after"},"geometry":{"type":"Point","coordinates":[-89.363624,29.99379]}},{"type":"Feature","properties":{"s":"reef","phase":"after"},"geometry":{"type":"Point","coordinates":[-89.363561,29.993792]}},{"type":"Feature","properties":{"s":"reef","phase":"after"},"geometry":{"type":"Point","coordinates":[-89.363481,29.993797]}},{"type":"Feature","properties":{"s":"reef","phase":"after"},"geometry":{"type":"Point","coordinates":[-89.363421,29.993807]}},{"type":"Feature","properties":{"s":"reef","phase":"after"},"geometry":{"type":"Point","coordinates":[-89.363399,29.993809]}},{"type":"Feature","properties":{"s":"reef","phase":"after"},"geometry":{"type":"Point","coordinates":[-89.363354,29.993814]}},{"type":"Feature","properties":{"s":"reef","phase":"after"},"geometry":{"type":"Point","coordinates":[-89.36327,29.993816]}},{"type":"Feature","properties":{"s":"reef","phase":"after"},"geometry":{"type":"Point","coordinates":[-89.363194,29.993823]}},{"type":"Feature","properties":{"s":"reef","phase":"after"},"geometry":{"type":"Point","coordinates":[-89.36313,29.993823]}},{"type":"Feature","properties":{"s":"reef","phase":"after"},"geometry":{"type":"Point","coordinates":[-89.363067,29.993826]}},{"type":"Feature","properties":{"s":"reef","phase":"after"},"geometry":{"type":"Point","coordinates":[-89.362986,29.993826]}},{"type":"Feature","properties":{"s":"reef","phase":"after"},"geometry":{"type":"Point","coordinates":[-89.362929,29.993832]}},{"type":"Feature","properties":{"s":"reef","phase":"after"},"geometry":{"type":"Point","coordinates":[-89.362845,29.993834]}},{"type":"Feature","properties":{"s":"reef","phase":"after"},"geometry":{"type":"Point","coordinates":[-89.362803,29.993834]}},{"type":"Feature","properties":{"s":"reef","phase":"after"},"geometry":{"type":"Point","coordinates":[-89.362743,29.993836]}},{"type":"Feature","properties":{"s":"reef","phase":"after"},"geometry":{"type":"Point","coordinates":[-89.362704,29.993837]}},{"type":"Feature","properties":{"s":"reef","phase":"after"},"geometry":{"type":"Point","coordinates":[-89.362646,29.993839]}},{"type":"Feature","properties":{"s":"reef","phase":"after"},"geometry":{"type":"Point","coordinates":[-89.362606,29.993836]}},{"type":"Feature","properties":{"s":"reef","phase":"after"},"geometry":{"type":"Point","coordinates":[-89.362564,29.993839]}},{"type":"Feature","properties":{"s":"reef","phase":"after"},"geometry":{"type":"Point","coordinates":[-89.362502,29.993841]}},{"type":"Feature","properties":{"s":"reef","phase":"after"},"geometry":{"type":"Point","coordinates":[-89.362419,29.993849]}},{"type":"Feature","properties":{"s":"reef","phase":"after"},"geometry":{"type":"Point","coordinates":[-89.36234,29.993858]}},{"type":"Feature","properties":{"s":"reef","phase":"after"},"geometry":{"type":"Point","coordinates":[-89.362259,29.99386]}},{"type":"Feature","properties":{"s":"reef","phase":"after"},"geometry":{"type":"Point","coordinates":[-89.362216,29.993864]}},{"type":"Feature","properties":{"s":"reef","phase":"after"},"geometry":{"type":"Point","coordinates":[-89.36213,29.99387]}},{"type":"Feature","properties":{"s":"reef","phase":"after"},"geometry":{"type":"Point","coordinates":[-89.362045,29.993876]}},{"type":"Feature","properties":{"s":"reef","phase":"after"},"geometry":{"type":"Point","coordinates":[-89.362026,29.993878]}},{"type":"Feature","properties":{"s":"reef","phase":"after"},"geometry":{"type":"Point","coordinates":[-89.361947,29.993885]}},{"type":"Feature","properties":{"s":"reef","phase":"after"},"geometry":{"type":"Point","coordinates":[-89.361927,29.993886]}},{"type":"Feature","properties":{"s":"firm","phase":"after"},"geometry":{"type":"Point","coordinates":[-89.367925,29.994252]}},{"type":"Feature","properties":{"s":"firm","phase":"after"},"geometry":{"type":"Point","coordinates":[-89.367946,29.994293]}},{"type":"Feature","properties":{"s":"firm","phase":"after"},"geometry":{"type":"Point","coordinates":[-89.367957,29.994332]}},{"type":"Feature","properties":{"s":"firm","phase":"after"},"geometry":{"type":"Point","coordinates":[-89.367938,29.994416]}},{"type":"Feature","properties":{"s":"firm","phase":"after"},"geometry":{"type":"Point","coordinates":[-89.367877,29.994484]}},{"type":"Feature","properties":{"s":"firm","phase":"after"},"geometry":{"type":"Point","coordinates":[-89.367787,29.994521]}},{"type":"Feature","properties":{"s":"firm","phase":"after"},"geometry":{"type":"Point","coordinates":[-89.367705,29.994527]}},{"type":"Feature","properties":{"s":"firm","phase":"after"},"geometry":{"type":"Point","coordinates":[-89.367545,29.994539]}},{"type":"Feature","properties":{"s":"firm","phase":"after"},"geometry":{"type":"Point","coordinates":[-89.367444,29.994544]}},{"type":"Feature","properties":{"s":"reef","phase":"after"},"geometry":{"type":"Point","coordinates":[-89.367308,29.994553]}},{"type":"Feature","properties":{"s":"reef","phase":"after"},"geometry":{"type":"Point","coordinates":[-89.367187,29.994563]}},{"type":"Feature","properties":{"s":"reef","phase":"after"},"geometry":{"type":"Point","coordinates":[-89.366964,29.994576]}},{"type":"Feature","properties":{"s":"scat","phase":"after"},"geometry":{"type":"Point","coordinates":[-89.366884,29.994582]}},{"type":"Feature","properties":{"s":"reef","phase":"after"},"geometry":{"type":"Point","coordinates":[-89.366822,29.994584]}},{"type":"Feature","properties":{"s":"reef","phase":"after"},"geometry":{"type":"Point","coordinates":[-89.366743,29.994592]}},{"type":"Feature","properties":{"s":"reef","phase":"after"},"geometry":{"type":"Point","coordinates":[-89.366658,29.994598]}},{"type":"Feature","properties":{"s":"reef","phase":"after"},"geometry":{"type":"Point","coordinates":[-89.366555,29.994603]}},{"type":"Feature","properties":{"s":"reef","phase":"after"},"geometry":{"type":"Point","coordinates":[-89.366451,29.99461]}},{"type":"Feature","properties":{"s":"reef","phase":"after"},"geometry":{"type":"Point","coordinates":[-89.366372,29.994617]}},{"type":"Feature","properties":{"s":"reef","phase":"after"},"geometry":{"type":"Point","coordinates":[-89.366314,29.994618]}},{"type":"Feature","properties":{"s":"reef","phase":"after"},"geometry":{"type":"Point","coordinates":[-89.366256,29.994616]}},{"type":"Feature","properties":{"s":"reef","phase":"after"},"geometry":{"type":"Point","coordinates":[-89.366157,29.994619]}},{"type":"Feature","properties":{"s":"reef","phase":"after"},"geometry":{"type":"Point","coordinates":[-89.366103,29.994625]}},{"type":"Feature","properties":{"s":"reef","phase":"after"},"geometry":{"type":"Point","coordinates":[-89.366062,29.994624]}},{"type":"Feature","properties":{"s":"reef","phase":"after"},"geometry":{"type":"Point","coordinates":[-89.366001,29.994634]}},{"type":"Feature","properties":{"s":"reef","phase":"after"},"geometry":{"type":"Point","coordinates":[-89.365899,29.994638]}},{"type":"Feature","properties":{"s":"reef","phase":"after"},"geometry":{"type":"Point","coordinates":[-89.365819,29.994641]}},{"type":"Feature","properties":{"s":"reef","phase":"after"},"geometry":{"type":"Point","coordinates":[-89.365737,29.994648]}},{"type":"Feature","properties":{"s":"reef","phase":"after"},"geometry":{"type":"Point","coordinates":[-89.365659,29.994651]}},{"type":"Feature","properties":{"s":"reef","phase":"after"},"geometry":{"type":"Point","coordinates":[-89.365581,29.994651]}},{"type":"Feature","properties":{"s":"reef","phase":"after"},"geometry":{"type":"Point","coordinates":[-89.364234,29.993746]}},{"type":"Feature","properties":{"s":"reef","phase":"after"},"geometry":{"type":"Point","coordinates":[-89.364134,29.993748]}},{"type":"Feature","properties":{"s":"reef","phase":"after"},"geometry":{"type":"Point","coordinates":[-89.364031,29.993757]}},{"type":"Feature","properties":{"s":"reef","phase":"after"},"geometry":{"type":"Point","coordinates":[-89.363911,29.99377]}},{"type":"Feature","properties":{"s":"reef","phase":"after"},"geometry":{"type":"Point","coordinates":[-89.36385,29.993774]}},{"type":"Feature","properties":{"s":"reef","phase":"after"},"geometry":{"type":"Point","coordinates":[-89.361863,29.993886]}},{"type":"Feature","properties":{"s":"reef","phase":"after"},"geometry":{"type":"Point","coordinates":[-89.361759,29.993891]}},{"type":"Feature","properties":{"s":"reef","phase":"after"},"geometry":{"type":"Point","coordinates":[-89.3617,29.993896]}},{"type":"Feature","properties":{"s":"reef","phase":"after"},"geometry":{"type":"Point","coordinates":[-89.361617,29.993903]}},{"type":"Feature","properties":{"s":"reef","phase":"after"},"geometry":{"type":"Point","coordinates":[-89.361519,29.99391]}},{"type":"Feature","properties":{"s":"reef","phase":"after"},"geometry":{"type":"Point","coordinates":[-89.361439,29.993917]}},{"type":"Feature","properties":{"s":"reef","phase":"after"},"geometry":{"type":"Point","coordinates":[-89.361377,29.99392]}},{"type":"Feature","properties":{"s":"reef","phase":"after"},"geometry":{"type":"Point","coordinates":[-89.361316,29.993928]}},{"type":"Feature","properties":{"s":"reef","phase":"after"},"geometry":{"type":"Point","coordinates":[-89.361251,29.993935]}},{"type":"Feature","properties":{"s":"reef","phase":"after"},"geometry":{"type":"Point","coordinates":[-89.361149,29.993944]}},{"type":"Feature","properties":{"s":"reef","phase":"after"},"geometry":{"type":"Point","coordinates":[-89.361089,29.993948]}},{"type":"Feature","properties":{"s":"reef","phase":"after"},"geometry":{"type":"Point","coordinates":[-89.361004,29.993956]}},{"type":"Feature","properties":{"s":"reef","phase":"after"},"geometry":{"type":"Point","coordinates":[-89.360918,29.993963]}},{"type":"Feature","properties":{"s":"reef","phase":"after"},"geometry":{"type":"Point","coordinates":[-89.360817,29.99397]}},{"type":"Feature","properties":{"s":"reef","phase":"after"},"geometry":{"type":"Point","coordinates":[-89.360718,29.993979]}},{"type":"Feature","properties":{"s":"reef","phase":"after"},"geometry":{"type":"Point","coordinates":[-89.360636,29.993981]}},{"type":"Feature","properties":{"s":"reef","phase":"after"},"geometry":{"type":"Point","coordinates":[-89.360575,29.99398]}},{"type":"Feature","properties":{"s":"reef","phase":"after"},"geometry":{"type":"Point","coordinates":[-89.360491,29.993982]}},{"type":"Feature","properties":{"s":"reef","phase":"after"},"geometry":{"type":"Point","coordinates":[-89.360366,29.993992]}},{"type":"Feature","properties":{"s":"reef","phase":"after"},"geometry":{"type":"Point","coordinates":[-89.360284,29.993993]}},{"type":"Feature","properties":{"s":"reef","phase":"after"},"geometry":{"type":"Point","coordinates":[-89.36014,29.994009]}},{"type":"Feature","properties":{"s":"reef","phase":"after"},"geometry":{"type":"Point","coordinates":[-89.359994,29.994019]}},{"type":"Feature","properties":{"s":"reef","phase":"after"},"geometry":{"type":"Point","coordinates":[-89.359933,29.994021]}},{"type":"Feature","properties":{"s":"reef","phase":"after"},"geometry":{"type":"Point","coordinates":[-89.359849,29.994022]}},{"type":"Feature","properties":{"s":"reef","phase":"after"},"geometry":{"type":"Point","coordinates":[-89.359809,29.994023]}},{"type":"Feature","properties":{"s":"reef","phase":"after"},"geometry":{"type":"Point","coordinates":[-89.359749,29.994024]}},{"type":"Feature","properties":{"s":"reef","phase":"after"},"geometry":{"type":"Point","coordinates":[-89.359685,29.994031]}},{"type":"Feature","properties":{"s":"reef","phase":"after"},"geometry":{"type":"Point","coordinates":[-89.364872,29.993698]}},{"type":"Feature","properties":{"s":"reef","phase":"after"},"geometry":{"type":"Point","coordinates":[-89.364769,29.99371]}},{"type":"Feature","properties":{"s":"reef","phase":"after"},"geometry":{"type":"Point","coordinates":[-89.36469,29.993715]}},{"type":"Feature","properties":{"s":"reef","phase":"after"},"geometry":{"type":"Point","coordinates":[-89.364609,29.993722]}},{"type":"Feature","properties":{"s":"reef","phase":"after"},"geometry":{"type":"Point","coordinates":[-89.364547,29.993725]}},{"type":"Feature","properties":{"s":"reef","phase":"after"},"geometry":{"type":"Point","coordinates":[-89.364445,29.993728]}},{"type":"Feature","properties":{"s":"reef","phase":"after"},"geometry":{"type":"Point","coordinates":[-89.364337,29.993737]}},{"type":"Feature","properties":{"s":"reef","phase":"after"},"geometry":{"type":"Point","coordinates":[-89.365761,29.993644]}},{"type":"Feature","properties":{"s":"reef","phase":"after"},"geometry":{"type":"Point","coordinates":[-89.365679,29.993646]}},{"type":"Feature","properties":{"s":"reef","phase":"after"},"geometry":{"type":"Point","coordinates":[-89.365581,29.993656]}},{"type":"Feature","properties":{"s":"reef","phase":"after"},"geometry":{"type":"Point","coordinates":[-89.365463,29.993669]}},{"type":"Feature","properties":{"s":"reef","phase":"after"},"geometry":{"type":"Point","coordinates":[-89.365342,29.993679]}},{"type":"Feature","properties":{"s":"reef","phase":"after"},"geometry":{"type":"Point","coordinates":[-89.365265,29.993688]}},{"type":"Feature","properties":{"s":"reef","phase":"after"},"geometry":{"type":"Point","coordinates":[-89.365183,29.993691]}},{"type":"Feature","properties":{"s":"reef","phase":"after"},"geometry":{"type":"Point","coordinates":[-89.3651,29.993694]}},{"type":"Feature","properties":{"s":"reef","phase":"after"},"geometry":{"type":"Point","coordinates":[-89.365043,29.993698]}},{"type":"Feature","properties":{"s":"reef","phase":"after"},"geometry":{"type":"Point","coordinates":[-89.364954,29.993698]}},{"type":"Feature","properties":{"s":"reef","phase":"after"},"geometry":{"type":"Point","coordinates":[-89.366289,29.993623]}},{"type":"Feature","properties":{"s":"reef","phase":"after"},"geometry":{"type":"Point","coordinates":[-89.366207,29.993628]}},{"type":"Feature","properties":{"s":"reef","phase":"after"},"geometry":{"type":"Point","coordinates":[-89.366131,29.993632]}},{"type":"Feature","properties":{"s":"reef","phase":"after"},"geometry":{"type":"Point","coordinates":[-89.366083,29.993631]}},{"type":"Feature","properties":{"s":"reef","phase":"after"},"geometry":{"type":"Point","coordinates":[-89.365998,29.993636]}},{"type":"Feature","properties":{"s":"reef","phase":"after"},"geometry":{"type":"Point","coordinates":[-89.365958,29.993639]}},{"type":"Feature","properties":{"s":"reef","phase":"after"},"geometry":{"type":"Point","coordinates":[-89.365918,29.993641]}},{"type":"Feature","properties":{"s":"reef","phase":"after"},"geometry":{"type":"Point","coordinates":[-89.365821,29.993644]}},{"type":"Feature","properties":{"s":"firm","phase":"after"},"geometry":{"type":"Point","coordinates":[-89.366808,29.993593]}},{"type":"Feature","properties":{"s":"firm","phase":"after"},"geometry":{"type":"Point","coordinates":[-89.366729,29.993601]}},{"type":"Feature","properties":{"s":"firm","phase":"after"},"geometry":{"type":"Point","coordinates":[-89.366665,29.993601]}},{"type":"Feature","properties":{"s":"firm","phase":"after"},"geometry":{"type":"Point","coordinates":[-89.366555,29.993602]}},{"type":"Feature","properties":{"s":"scat","phase":"after"},"geometry":{"type":"Point","coordinates":[-89.366451,29.993608]}},{"type":"Feature","properties":{"s":"reef","phase":"after"},"geometry":{"type":"Point","coordinates":[-89.366347,29.993617]}},{"type":"Feature","properties":{"s":"firm","phase":"after"},"geometry":{"type":"Point","coordinates":[-89.367203,29.993564]}},{"type":"Feature","properties":{"s":"firm","phase":"after"},"geometry":{"type":"Point","coordinates":[-89.36702,29.993572]}},{"type":"Feature","properties":{"s":"firm","phase":"after"},"geometry":{"type":"Point","coordinates":[-89.366911,29.993585]}},{"type":"Feature","properties":{"s":"reef","phase":"after"},"geometry":{"type":"Point","coordinates":[-89.362896,29.993619]}},{"type":"Feature","properties":{"s":"reef","phase":"after"},"geometry":{"type":"Point","coordinates":[-89.362998,29.993615]}},{"type":"Feature","properties":{"s":"scat","phase":"after"},"geometry":{"type":"Point","coordinates":[-89.363121,29.993609]}},{"type":"Feature","properties":{"s":"reef","phase":"after"},"geometry":{"type":"Point","coordinates":[-89.363142,29.993608]}},{"type":"Feature","properties":{"s":"scat","phase":"after"},"geometry":{"type":"Point","coordinates":[-89.363226,29.993604]}},{"type":"Feature","properties":{"s":"reef","phase":"after"},"geometry":{"type":"Point","coordinates":[-89.363286,29.993601]}},{"type":"Feature","properties":{"s":"reef","phase":"after"},"geometry":{"type":"Point","coordinates":[-89.363387,29.993596]}},{"type":"Feature","properties":{"s":"reef","phase":"after"},"geometry":{"type":"Point","coordinates":[-89.363466,29.993591]}},{"type":"Feature","properties":{"s":"reef","phase":"after"},"geometry":{"type":"Point","coordinates":[-89.363547,29.993585]}},{"type":"Feature","properties":{"s":"reef","phase":"after"},"geometry":{"type":"Point","coordinates":[-89.363606,29.993582]}},{"type":"Feature","properties":{"s":"reef","phase":"after"},"geometry":{"type":"Point","coordinates":[-89.363828,29.993563]}},{"type":"Feature","properties":{"s":"reef","phase":"after"},"geometry":{"type":"Point","coordinates":[-89.36391,29.99356]}},{"type":"Feature","properties":{"s":"reef","phase":"after"},"geometry":{"type":"Point","coordinates":[-89.364011,29.993552]}},{"type":"Feature","properties":{"s":"reef","phase":"after"},"geometry":{"type":"Point","coordinates":[-89.364091,29.99355]}},{"type":"Feature","properties":{"s":"reef","phase":"after"},"geometry":{"type":"Point","coordinates":[-89.364191,29.993544]}},{"type":"Feature","properties":{"s":"reef","phase":"after"},"geometry":{"type":"Point","coordinates":[-89.364255,29.993541]}},{"type":"Feature","properties":{"s":"reef","phase":"after"},"geometry":{"type":"Point","coordinates":[-89.364332,29.993531]}},{"type":"Feature","properties":{"s":"reef","phase":"after"},"geometry":{"type":"Point","coordinates":[-89.364435,29.993527]}},{"type":"Feature","properties":{"s":"reef","phase":"after"},"geometry":{"type":"Point","coordinates":[-89.364537,29.993522]}},{"type":"Feature","properties":{"s":"reef","phase":"after"},"geometry":{"type":"Point","coordinates":[-89.364601,29.993521]}},{"type":"Feature","properties":{"s":"reef","phase":"after"},"geometry":{"type":"Point","coordinates":[-89.364661,29.993515]}},{"type":"Feature","properties":{"s":"reef","phase":"after"},"geometry":{"type":"Point","coordinates":[-89.364742,29.993508]}},{"type":"Feature","properties":{"s":"reef","phase":"after"},"geometry":{"type":"Point","coordinates":[-89.364826,29.993503]}},{"type":"Feature","properties":{"s":"reef","phase":"after"},"geometry":{"type":"Point","coordinates":[-89.364902,29.993494]}},{"type":"Feature","properties":{"s":"reef","phase":"after"},"geometry":{"type":"Point","coordinates":[-89.364943,29.993493]}},{"type":"Feature","properties":{"s":"reef","phase":"after"},"geometry":{"type":"Point","coordinates":[-89.365037,29.993487]}},{"type":"Feature","properties":{"s":"reef","phase":"after"},"geometry":{"type":"Point","coordinates":[-89.365098,29.993488]}},{"type":"Feature","properties":{"s":"reef","phase":"after"},"geometry":{"type":"Point","coordinates":[-89.365219,29.993478]}},{"type":"Feature","properties":{"s":"reef","phase":"after"},"geometry":{"type":"Point","coordinates":[-89.365287,29.993479]}},{"type":"Feature","properties":{"s":"reef","phase":"after"},"geometry":{"type":"Point","coordinates":[-89.36535,29.993477]}},{"type":"Feature","properties":{"s":"reef","phase":"after"},"geometry":{"type":"Point","coordinates":[-89.365454,29.99347]}},{"type":"Feature","properties":{"s":"reef","phase":"after"},"geometry":{"type":"Point","coordinates":[-89.365515,29.993465]}},{"type":"Feature","properties":{"s":"reef","phase":"after"},"geometry":{"type":"Point","coordinates":[-89.365576,29.993457]}},{"type":"Feature","properties":{"s":"reef","phase":"after"},"geometry":{"type":"Point","coordinates":[-89.365653,29.993449]}},{"type":"Feature","properties":{"s":"reef","phase":"after"},"geometry":{"type":"Point","coordinates":[-89.365713,29.993441]}},{"type":"Feature","properties":{"s":"reef","phase":"after"},"geometry":{"type":"Point","coordinates":[-89.365765,29.993434]}},{"type":"Feature","properties":{"s":"reef","phase":"after"},"geometry":{"type":"Point","coordinates":[-89.36585,29.993434]}},{"type":"Feature","properties":{"s":"reef","phase":"after"},"geometry":{"type":"Point","coordinates":[-89.365929,29.993428]}},{"type":"Feature","properties":{"s":"reef","phase":"after"},"geometry":{"type":"Point","coordinates":[-89.36599,29.993426]}},{"type":"Feature","properties":{"s":"reef","phase":"after"},"geometry":{"type":"Point","coordinates":[-89.366031,29.993426]}},{"type":"Feature","properties":{"s":"firm","phase":"after"},"geometry":{"type":"Point","coordinates":[-89.366153,29.993422]}},{"type":"Feature","properties":{"s":"firm","phase":"after"},"geometry":{"type":"Point","coordinates":[-89.366228,29.993414]}},{"type":"Feature","properties":{"s":"firm","phase":"after"},"geometry":{"type":"Point","coordinates":[-89.366323,29.993416]}},{"type":"Feature","properties":{"s":"firm","phase":"after"},"geometry":{"type":"Point","coordinates":[-89.366402,29.993411]}},{"type":"Feature","properties":{"s":"firm","phase":"after"},"geometry":{"type":"Point","coordinates":[-89.366493,29.993404]}},{"type":"Feature","properties":{"s":"firm","phase":"after"},"geometry":{"type":"Point","coordinates":[-89.36655,29.993401]}},{"type":"Feature","properties":{"s":"firm","phase":"after"},"geometry":{"type":"Point","coordinates":[-89.366622,29.993388]}},{"type":"Feature","properties":{"s":"firm","phase":"after"},"geometry":{"type":"Point","coordinates":[-89.366699,29.993376]}},{"type":"Feature","properties":{"s":"firm","phase":"after"},"geometry":{"type":"Point","coordinates":[-89.366768,29.993371]}},{"type":"Feature","properties":{"s":"firm","phase":"after"},"geometry":{"type":"Point","coordinates":[-89.366894,29.99335]}},{"type":"Feature","properties":{"s":"firm","phase":"after"},"geometry":{"type":"Point","coordinates":[-89.366999,29.99333]}},{"type":"Feature","properties":{"s":"firm","phase":"after"},"geometry":{"type":"Point","coordinates":[-89.367088,29.993311]}},{"type":"Feature","properties":{"s":"firm","phase":"after"},"geometry":{"type":"Point","coordinates":[-89.367185,29.993284]}},{"type":"Feature","properties":{"s":"firm","phase":"after"},"geometry":{"type":"Point","coordinates":[-89.367311,29.99326]}},{"type":"Feature","properties":{"s":"firm","phase":"after"},"geometry":{"type":"Point","coordinates":[-89.367409,29.993249]}},{"type":"Feature","properties":{"s":"firm","phase":"after"},"geometry":{"type":"Point","coordinates":[-89.367501,29.993237]}},{"type":"Feature","properties":{"s":"firm","phase":"after"},"geometry":{"type":"Point","coordinates":[-89.367585,29.993231]}},{"type":"Feature","properties":{"s":"firm","phase":"after"},"geometry":{"type":"Point","coordinates":[-89.367684,29.993241]}},{"type":"Feature","properties":{"s":"firm","phase":"after"},"geometry":{"type":"Point","coordinates":[-89.366997,29.993095]}},{"type":"Feature","properties":{"s":"firm","phase":"after"},"geometry":{"type":"Point","coordinates":[-89.366876,29.9931]}},{"type":"Feature","properties":{"s":"firm","phase":"after"},"geometry":{"type":"Point","coordinates":[-89.366797,29.993103]}},{"type":"Feature","properties":{"s":"firm","phase":"after"},"geometry":{"type":"Point","coordinates":[-89.366732,29.993105]}},{"type":"Feature","properties":{"s":"firm","phase":"after"},"geometry":{"type":"Point","coordinates":[-89.366674,29.993108]}},{"type":"Feature","properties":{"s":"firm","phase":"after"},"geometry":{"type":"Point","coordinates":[-89.366503,29.993119]}},{"type":"Feature","properties":{"s":"firm","phase":"after"},"geometry":{"type":"Point","coordinates":[-89.366375,29.993123]}},{"type":"Feature","properties":{"s":"firm","phase":"after"},"geometry":{"type":"Point","coordinates":[-89.366253,29.993131]}},{"type":"Feature","properties":{"s":"firm","phase":"after"},"geometry":{"type":"Point","coordinates":[-89.366091,29.993148]}},{"type":"Feature","properties":{"s":"scat","phase":"after"},"geometry":{"type":"Point","coordinates":[-89.365988,29.993158]}},{"type":"Feature","properties":{"s":"scat","phase":"after"},"geometry":{"type":"Point","coordinates":[-89.365868,29.993166]}},{"type":"Feature","properties":{"s":"reef","phase":"after"},"geometry":{"type":"Point","coordinates":[-89.365774,29.99317]}},{"type":"Feature","properties":{"s":"scat","phase":"after"},"geometry":{"type":"Point","coordinates":[-89.365691,29.993175]}},{"type":"Feature","properties":{"s":"reef","phase":"after"},"geometry":{"type":"Point","coordinates":[-89.365567,29.993182]}},{"type":"Feature","properties":{"s":"reef","phase":"after"},"geometry":{"type":"Point","coordinates":[-89.365463,29.993189]}},{"type":"Feature","properties":{"s":"reef","phase":"after"},"geometry":{"type":"Point","coordinates":[-89.365317,29.993202]}},{"type":"Feature","properties":{"s":"reef","phase":"after"},"geometry":{"type":"Point","coordinates":[-89.365215,29.993215]}},{"type":"Feature","properties":{"s":"reef","phase":"after"},"geometry":{"type":"Point","coordinates":[-89.36511,29.993231]}},{"type":"Feature","properties":{"s":"reef","phase":"after"},"geometry":{"type":"Point","coordinates":[-89.365001,29.993247]}},{"type":"Feature","properties":{"s":"scat","phase":"after"},"geometry":{"type":"Point","coordinates":[-89.364921,29.99325]}},{"type":"Feature","properties":{"s":"reef","phase":"after"},"geometry":{"type":"Point","coordinates":[-89.364763,29.993257]}},{"type":"Feature","properties":{"s":"reef","phase":"after"},"geometry":{"type":"Point","coordinates":[-89.364658,29.993259]}},{"type":"Feature","properties":{"s":"reef","phase":"after"},"geometry":{"type":"Point","coordinates":[-89.364519,29.993268]}},{"type":"Feature","properties":{"s":"reef","phase":"after"},"geometry":{"type":"Point","coordinates":[-89.36444,29.993275]}},{"type":"Feature","properties":{"s":"scat","phase":"after"},"geometry":{"type":"Point","coordinates":[-89.364359,29.993278]}},{"type":"Feature","properties":{"s":"reef","phase":"after"},"geometry":{"type":"Point","coordinates":[-89.364322,29.993283]}},{"type":"Feature","properties":{"s":"reef","phase":"after"},"geometry":{"type":"Point","coordinates":[-89.364239,29.993288]}},{"type":"Feature","properties":{"s":"reef","phase":"after"},"geometry":{"type":"Point","coordinates":[-89.364199,29.99329]}},{"type":"Feature","properties":{"s":"reef","phase":"after"},"geometry":{"type":"Point","coordinates":[-89.364092,29.993301]}},{"type":"Feature","properties":{"s":"reef","phase":"after"},"geometry":{"type":"Point","coordinates":[-89.363995,29.993302]}},{"type":"Feature","properties":{"s":"reef","phase":"after"},"geometry":{"type":"Point","coordinates":[-89.363933,29.993306]}},{"type":"Feature","properties":{"s":"reef","phase":"after"},"geometry":{"type":"Point","coordinates":[-89.363827,29.993317]}},{"type":"Feature","properties":{"s":"reef","phase":"after"},"geometry":{"type":"Point","coordinates":[-89.363764,29.993321]}},{"type":"Feature","properties":{"s":"reef","phase":"after"},"geometry":{"type":"Point","coordinates":[-89.363662,29.993328]}},{"type":"Feature","properties":{"s":"scat","phase":"after"},"geometry":{"type":"Point","coordinates":[-89.363538,29.99333]}},{"type":"Feature","properties":{"s":"scat","phase":"after"},"geometry":{"type":"Point","coordinates":[-89.363436,29.993333]}},{"type":"Feature","properties":{"s":"reef","phase":"after"},"geometry":{"type":"Point","coordinates":[-89.363298,29.99334]}},{"type":"Feature","properties":{"s":"reef","phase":"after"},"geometry":{"type":"Point","coordinates":[-89.363195,29.993346]}},{"type":"Feature","properties":{"s":"reef","phase":"after"},"geometry":{"type":"Point","coordinates":[-89.363064,29.993353]}},{"type":"Feature","properties":{"s":"scat","phase":"after"},"geometry":{"type":"Point","coordinates":[-89.362979,29.993357]}},{"type":"Feature","properties":{"s":"reef","phase":"after"},"geometry":{"type":"Point","coordinates":[-89.362853,29.993363]}},{"type":"Feature","properties":{"s":"reef","phase":"after"},"geometry":{"type":"Point","coordinates":[-89.362741,29.993371]}},{"type":"Feature","properties":{"s":"scat","phase":"after"},"geometry":{"type":"Point","coordinates":[-89.362649,29.993373]}},{"type":"Feature","properties":{"s":"reef","phase":"after"},"geometry":{"type":"Point","coordinates":[-89.362508,29.993382]}},{"type":"Feature","properties":{"s":"reef","phase":"after"},"geometry":{"type":"Point","coordinates":[-89.362322,29.99339]}},{"type":"Feature","properties":{"s":"scat","phase":"after"},"geometry":{"type":"Point","coordinates":[-89.362199,29.993396]}},{"type":"Feature","properties":{"s":"reef","phase":"after"},"geometry":{"type":"Point","coordinates":[-89.362097,29.993401]}},{"type":"Feature","properties":{"s":"scat","phase":"after"},"geometry":{"type":"Point","coordinates":[-89.361997,29.993408]}},{"type":"Feature","properties":{"s":"reef","phase":"after"},"geometry":{"type":"Point","coordinates":[-89.361871,29.993419]}},{"type":"Feature","properties":{"s":"reef","phase":"after"},"geometry":{"type":"Point","coordinates":[-89.361794,29.993423]}},{"type":"Feature","properties":{"s":"reef","phase":"after"},"geometry":{"type":"Point","coordinates":[-89.361714,29.993426]}},{"type":"Feature","properties":{"s":"reef","phase":"after"},"geometry":{"type":"Point","coordinates":[-89.361569,29.993435]}},{"type":"Feature","properties":{"s":"scat","phase":"after"},"geometry":{"type":"Point","coordinates":[-89.361448,29.993451]}},{"type":"Feature","properties":{"s":"reef","phase":"after"},"geometry":{"type":"Point","coordinates":[-89.361307,29.993461]}},{"type":"Feature","properties":{"s":"reef","phase":"after"},"geometry":{"type":"Point","coordinates":[-89.3612,29.993464]}},{"type":"Feature","properties":{"s":"reef","phase":"after"},"geometry":{"type":"Point","coordinates":[-89.361044,29.993466]}},{"type":"Feature","properties":{"s":"scat","phase":"after"},"geometry":{"type":"Point","coordinates":[-89.36094,29.993471]}},{"type":"Feature","properties":{"s":"reef","phase":"after"},"geometry":{"type":"Point","coordinates":[-89.36082,29.993476]}},{"type":"Feature","properties":{"s":"scat","phase":"after"},"geometry":{"type":"Point","coordinates":[-89.360721,29.993478]}},{"type":"Feature","properties":{"s":"reef","phase":"after"},"geometry":{"type":"Point","coordinates":[-89.360567,29.99348]}},{"type":"Feature","properties":{"s":"firm","phase":"after"},"geometry":{"type":"Point","coordinates":[-89.360486,29.993484]}},{"type":"Feature","properties":{"s":"reef","phase":"after"},"geometry":{"type":"Point","coordinates":[-89.360403,29.993491]}},{"type":"Feature","properties":{"s":"reef","phase":"after"},"geometry":{"type":"Point","coordinates":[-89.360318,29.993492]}},{"type":"Feature","properties":{"s":"reef","phase":"after"},"geometry":{"type":"Point","coordinates":[-89.360217,29.993502]}},{"type":"Feature","properties":{"s":"reef","phase":"after"},"geometry":{"type":"Point","coordinates":[-89.360068,29.993502]}},{"type":"Feature","properties":{"s":"reef","phase":"after"},"geometry":{"type":"Point","coordinates":[-89.359984,29.99351]}},{"type":"Feature","properties":{"s":"scat","phase":"after"},"geometry":{"type":"Point","coordinates":[-89.359865,29.99352]}},{"type":"Feature","properties":{"s":"reef","phase":"after"},"geometry":{"type":"Point","coordinates":[-89.359763,29.993531]}},{"type":"Feature","properties":{"s":"reef","phase":"after"},"geometry":{"type":"Point","coordinates":[-89.359679,29.993534]}},{"type":"Feature","properties":{"s":"reef","phase":"after"},"geometry":{"type":"Point","coordinates":[-89.359578,29.993545]}},{"type":"Feature","properties":{"s":"reef","phase":"after"},"geometry":{"type":"Point","coordinates":[-89.359452,29.993549]}},{"type":"Feature","properties":{"s":"reef","phase":"after"},"geometry":{"type":"Point","coordinates":[-89.359371,29.993555]}},{"type":"Feature","properties":{"s":"reef","phase":"after"},"geometry":{"type":"Point","coordinates":[-89.359266,29.993566]}},{"type":"Feature","properties":{"s":"reef","phase":"after"},"geometry":{"type":"Point","coordinates":[-89.359136,29.993576]}},{"type":"Feature","properties":{"s":"reef","phase":"after"},"geometry":{"type":"Point","coordinates":[-89.359055,29.99358]}},{"type":"Feature","properties":{"s":"reef","phase":"after"},"geometry":{"type":"Point","coordinates":[-89.358969,29.993583]}},{"type":"Feature","properties":{"s":"reef","phase":"after"},"geometry":{"type":"Point","coordinates":[-89.358887,29.993588]}},{"type":"Feature","properties":{"s":"reef","phase":"after"},"geometry":{"type":"Point","coordinates":[-89.358825,29.993592]}},{"type":"Feature","properties":{"s":"reef","phase":"after"},"geometry":{"type":"Point","coordinates":[-89.35874,29.993601]}},{"type":"Feature","properties":{"s":"reef","phase":"after"},"geometry":{"type":"Point","coordinates":[-89.358674,29.993604]}},{"type":"Feature","properties":{"s":"reef","phase":"after"},"geometry":{"type":"Point","coordinates":[-89.35856,29.99361]}},{"type":"Feature","properties":{"s":"reef","phase":"after"},"geometry":{"type":"Point","coordinates":[-89.358455,29.993617]}},{"type":"Feature","properties":{"s":"reef","phase":"after"},"geometry":{"type":"Point","coordinates":[-89.358353,29.993617]}},{"type":"Feature","properties":{"s":"reef","phase":"after"},"geometry":{"type":"Point","coordinates":[-89.35822,29.993623]}},{"type":"Feature","properties":{"s":"reef","phase":"after"},"geometry":{"type":"Point","coordinates":[-89.358117,29.993626]}},{"type":"Feature","properties":{"s":"reef","phase":"after"},"geometry":{"type":"Point","coordinates":[-89.357993,29.993635]}},{"type":"Feature","properties":{"s":"reef","phase":"after"},"geometry":{"type":"Point","coordinates":[-89.357908,29.993644]}},{"type":"Feature","properties":{"s":"reef","phase":"after"},"geometry":{"type":"Point","coordinates":[-89.357777,29.993659]}},{"type":"Feature","properties":{"s":"scat","phase":"after"},"geometry":{"type":"Point","coordinates":[-89.357629,29.993659]}},{"type":"Feature","properties":{"s":"scat","phase":"after"},"geometry":{"type":"Point","coordinates":[-89.357572,29.993653]}},{"type":"Feature","properties":{"s":"firm","phase":"after"},"geometry":{"type":"Point","coordinates":[-89.357467,29.993645]}},{"type":"Feature","properties":{"s":"firm","phase":"after"},"geometry":{"type":"Point","coordinates":[-89.357407,29.99364]}},{"type":"Feature","properties":{"s":"firm","phase":"after"},"geometry":{"type":"Point","coordinates":[-89.357326,29.993642]}},{"type":"Feature","properties":{"s":"firm","phase":"after"},"geometry":{"type":"Point","coordinates":[-89.357227,29.993641]}},{"type":"Feature","properties":{"s":"firm","phase":"after"},"geometry":{"type":"Point","coordinates":[-89.357141,29.993644]}},{"type":"Feature","properties":{"s":"firm","phase":"after"},"geometry":{"type":"Point","coordinates":[-89.357062,29.993645]}},{"type":"Feature","properties":{"s":"firm","phase":"after"},"geometry":{"type":"Point","coordinates":[-89.356966,29.993654]}},{"type":"Feature","properties":{"s":"firm","phase":"after"},"geometry":{"type":"Point","coordinates":[-89.357143,29.993978]}},{"type":"Feature","properties":{"s":"firm","phase":"after"},"geometry":{"type":"Point","coordinates":[-89.357222,29.99397]}},{"type":"Feature","properties":{"s":"reef","phase":"after"},"geometry":{"type":"Point","coordinates":[-89.357382,29.99396]}},{"type":"Feature","properties":{"s":"reef","phase":"after"},"geometry":{"type":"Point","coordinates":[-89.357485,29.993954]}},{"type":"Feature","properties":{"s":"reef","phase":"after"},"geometry":{"type":"Point","coordinates":[-89.357619,29.993939]}},{"type":"Feature","properties":{"s":"reef","phase":"after"},"geometry":{"type":"Point","coordinates":[-89.357702,29.993934]}},{"type":"Feature","properties":{"s":"reef","phase":"after"},"geometry":{"type":"Point","coordinates":[-89.357821,29.993929]}},{"type":"Feature","properties":{"s":"reef","phase":"after"},"geometry":{"type":"Point","coordinates":[-89.357942,29.993923]}},{"type":"Feature","properties":{"s":"reef","phase":"after"},"geometry":{"type":"Point","coordinates":[-89.358066,29.993917]}},{"type":"Feature","properties":{"s":"reef","phase":"after"},"geometry":{"type":"Point","coordinates":[-89.358183,29.993909]}},{"type":"Feature","properties":{"s":"reef","phase":"after"},"geometry":{"type":"Point","coordinates":[-89.358341,29.993902]}},{"type":"Feature","properties":{"s":"reef","phase":"after"},"geometry":{"type":"Point","coordinates":[-89.358461,29.993893]}},{"type":"Feature","properties":{"s":"reef","phase":"after"},"geometry":{"type":"Point","coordinates":[-89.3586,29.993879]}},{"type":"Feature","properties":{"s":"reef","phase":"after"},"geometry":{"type":"Point","coordinates":[-89.358716,29.99387]}},{"type":"Feature","properties":{"s":"reef","phase":"after"},"geometry":{"type":"Point","coordinates":[-89.358814,29.993861]}},{"type":"Feature","properties":{"s":"reef","phase":"after"},"geometry":{"type":"Point","coordinates":[-89.358913,29.993848]}},{"type":"Feature","properties":{"s":"reef","phase":"after"},"geometry":{"type":"Point","coordinates":[-89.35897,29.993842]}},{"type":"Feature","properties":{"s":"reef","phase":"after"},"geometry":{"type":"Point","coordinates":[-89.359076,29.993843]}},{"type":"Feature","properties":{"s":"reef","phase":"after"},"geometry":{"type":"Point","coordinates":[-89.359155,29.993837]}},{"type":"Feature","properties":{"s":"reef","phase":"after"},"geometry":{"type":"Point","coordinates":[-89.359237,29.993835]}},{"type":"Feature","properties":{"s":"reef","phase":"after"},"geometry":{"type":"Point","coordinates":[-89.359337,29.993825]}},{"type":"Feature","properties":{"s":"reef","phase":"after"},"geometry":{"type":"Point","coordinates":[-89.359423,29.993823]}},{"type":"Feature","properties":{"s":"reef","phase":"after"},"geometry":{"type":"Point","coordinates":[-89.359556,29.993814]}},{"type":"Feature","properties":{"s":"reef","phase":"after"},"geometry":{"type":"Point","coordinates":[-89.359637,29.993813]}},{"type":"Feature","properties":{"s":"reef","phase":"after"},"geometry":{"type":"Point","coordinates":[-89.359677,29.99381]}},{"type":"Feature","properties":{"s":"reef","phase":"after"},"geometry":{"type":"Point","coordinates":[-89.359738,29.993806]}},{"type":"Feature","properties":{"s":"reef","phase":"after"},"geometry":{"type":"Point","coordinates":[-89.35978,29.993805]}},{"type":"Feature","properties":{"s":"reef","phase":"after"},"geometry":{"type":"Point","coordinates":[-89.359917,29.993798]}},{"type":"Feature","properties":{"s":"scat","phase":"after"},"geometry":{"type":"Point","coordinates":[-89.36,29.993791]}},{"type":"Feature","properties":{"s":"reef","phase":"after"},"geometry":{"type":"Point","coordinates":[-89.360082,29.993788]}},{"type":"Feature","properties":{"s":"reef","phase":"after"},"geometry":{"type":"Point","coordinates":[-89.360159,29.993778]}},{"type":"Feature","properties":{"s":"reef","phase":"after"},"geometry":{"type":"Point","coordinates":[-89.36028,29.993776]}},{"type":"Feature","properties":{"s":"reef","phase":"after"},"geometry":{"type":"Point","coordinates":[-89.360385,29.993779]}},{"type":"Feature","properties":{"s":"reef","phase":"after"},"geometry":{"type":"Point","coordinates":[-89.360427,29.993777]}},{"type":"Feature","properties":{"s":"reef","phase":"after"},"geometry":{"type":"Point","coordinates":[-89.360515,29.993777]}},{"type":"Feature","properties":{"s":"reef","phase":"after"},"geometry":{"type":"Point","coordinates":[-89.360595,29.993766]}},{"type":"Feature","properties":{"s":"reef","phase":"after"},"geometry":{"type":"Point","coordinates":[-89.360728,29.993762]}},{"type":"Feature","properties":{"s":"reef","phase":"after"},"geometry":{"type":"Point","coordinates":[-89.360788,29.993759]}},{"type":"Feature","properties":{"s":"reef","phase":"after"},"geometry":{"type":"Point","coordinates":[-89.360901,29.993749]}},{"type":"Feature","properties":{"s":"scat","phase":"after"},"geometry":{"type":"Point","coordinates":[-89.360901,29.993749]}},{"type":"Feature","properties":{"s":"reef","phase":"after"},"geometry":{"type":"Point","coordinates":[-89.361046,29.993747]}},{"type":"Feature","properties":{"s":"scat","phase":"after"},"geometry":{"type":"Point","coordinates":[-89.361145,29.993751]}},{"type":"Feature","properties":{"s":"reef","phase":"after"},"geometry":{"type":"Point","coordinates":[-89.361206,29.993743]}},{"type":"Feature","properties":{"s":"reef","phase":"after"},"geometry":{"type":"Point","coordinates":[-89.361286,29.993735]}},{"type":"Feature","properties":{"s":"reef","phase":"after"},"geometry":{"type":"Point","coordinates":[-89.361372,29.993733]}},{"type":"Feature","properties":{"s":"scat","phase":"after"},"geometry":{"type":"Point","coordinates":[-89.361473,29.993721]}},{"type":"Feature","properties":{"s":"reef","phase":"after"},"geometry":{"type":"Point","coordinates":[-89.361547,29.993711]}},{"type":"Feature","properties":{"s":"scat","phase":"after"},"geometry":{"type":"Point","coordinates":[-89.361676,29.993708]}},{"type":"Feature","properties":{"s":"reef","phase":"after"},"geometry":{"type":"Point","coordinates":[-89.361752,29.993702]}},{"type":"Feature","properties":{"s":"reef","phase":"after"},"geometry":{"type":"Point","coordinates":[-89.361815,29.993698]}},{"type":"Feature","properties":{"s":"reef","phase":"after"},"geometry":{"type":"Point","coordinates":[-89.361914,29.993693]}},{"type":"Feature","properties":{"s":"reef","phase":"after"},"geometry":{"type":"Point","coordinates":[-89.362024,29.993685]}},{"type":"Feature","properties":{"s":"reef","phase":"after"},"geometry":{"type":"Point","coordinates":[-89.362123,29.993682]}},{"type":"Feature","properties":{"s":"reef","phase":"after"},"geometry":{"type":"Point","coordinates":[-89.362244,29.993675]}},{"type":"Feature","properties":{"s":"reef","phase":"after"},"geometry":{"type":"Point","coordinates":[-89.362348,29.993661]}},{"type":"Feature","properties":{"s":"reef","phase":"after"},"geometry":{"type":"Point","coordinates":[-89.362491,29.993647]}},{"type":"Feature","properties":{"s":"scat","phase":"after"},"geometry":{"type":"Point","coordinates":[-89.362572,29.993641]}},{"type":"Feature","properties":{"s":"reef","phase":"after"},"geometry":{"type":"Point","coordinates":[-89.362655,29.993635]}},{"type":"Feature","properties":{"s":"reef","phase":"after"},"geometry":{"type":"Point","coordinates":[-89.362754,29.993626]}},{"type":"Feature","properties":{"s":"reef","phase":"after"},"geometry":{"type":"Point","coordinates":[-89.362836,29.993622]}},{"type":"Feature","properties":{"s":"scat","phase":"after"},"geometry":{"type":"Point","coordinates":[-89.365584,29.992977]}},{"type":"Feature","properties":{"s":"firm","phase":"after"},"geometry":{"type":"Point","coordinates":[-89.365058,29.992992]}},{"type":"Feature","properties":{"s":"firm","phase":"after"},"geometry":{"type":"Point","coordinates":[-89.365184,29.99299]}},{"type":"Feature","properties":{"s":"scat","phase":"after"},"geometry":{"type":"Point","coordinates":[-89.36531,29.992989]}},{"type":"Feature","properties":{"s":"firm","phase":"after"},"geometry":{"type":"Point","coordinates":[-89.365431,29.99298]}},{"type":"Feature","properties":{"s":"firm","phase":"after"},"geometry":{"type":"Point","coordinates":[-89.364499,29.993044]}},{"type":"Feature","properties":{"s":"firm","phase":"after"},"geometry":{"type":"Point","coordinates":[-89.364621,29.993035]}},{"type":"Feature","properties":{"s":"firm","phase":"after"},"geometry":{"type":"Point","coordinates":[-89.3648,29.99302]}},{"type":"Feature","properties":{"s":"firm","phase":"after"},"geometry":{"type":"Point","coordinates":[-89.364876,29.993009]}},{"type":"Feature","properties":{"s":"firm","phase":"after"},"geometry":{"type":"Point","coordinates":[-89.364956,29.993]}},{"type":"Feature","properties":{"s":"scat","phase":"after"},"geometry":{"type":"Point","coordinates":[-89.363901,29.993089]}},{"type":"Feature","properties":{"s":"scat","phase":"after"},"geometry":{"type":"Point","coordinates":[-89.364037,29.993078]}},{"type":"Feature","properties":{"s":"scat","phase":"after"},"geometry":{"type":"Point","coordinates":[-89.364139,29.993072]}},{"type":"Feature","properties":{"s":"scat","phase":"after"},"geometry":{"type":"Point","coordinates":[-89.364277,29.993063]}},{"type":"Feature","properties":{"s":"firm","phase":"after"},"geometry":{"type":"Point","coordinates":[-89.364423,29.993054]}},{"type":"Feature","properties":{"s":"scat","phase":"after"},"geometry":{"type":"Point","coordinates":[-89.363422,29.993113]}},{"type":"Feature","properties":{"s":"reef","phase":"after"},"geometry":{"type":"Point","coordinates":[-89.363523,29.993109]}},{"type":"Feature","properties":{"s":"reef","phase":"after"},"geometry":{"type":"Point","coordinates":[-89.363585,29.993107]}},{"type":"Feature","properties":{"s":"firm","phase":"after"},"geometry":{"type":"Point","coordinates":[-89.363702,29.9931]}},{"type":"Feature","properties":{"s":"scat","phase":"after"},"geometry":{"type":"Point","coordinates":[-89.363782,29.993097]}},{"type":"Feature","properties":{"s":"firm","phase":"after"},"geometry":{"type":"Point","coordinates":[-89.362824,29.993152]}},{"type":"Feature","properties":{"s":"firm","phase":"after"},"geometry":{"type":"Point","coordinates":[-89.362981,29.993142]}},{"type":"Feature","properties":{"s":"firm","phase":"after"},"geometry":{"type":"Point","coordinates":[-89.3631,29.993135]}},{"type":"Feature","properties":{"s":"firm","phase":"after"},"geometry":{"type":"Point","coordinates":[-89.363202,29.993129]}},{"type":"Feature","properties":{"s":"firm","phase":"after"},"geometry":{"type":"Point","coordinates":[-89.3633,29.993123]}},{"type":"Feature","properties":{"s":"firm","phase":"after"},"geometry":{"type":"Point","coordinates":[-89.362342,29.993174]}},{"type":"Feature","properties":{"s":"scat","phase":"after"},"geometry":{"type":"Point","coordinates":[-89.362461,29.993166]}},{"type":"Feature","properties":{"s":"firm","phase":"after"},"geometry":{"type":"Point","coordinates":[-89.36256,29.993162]}},{"type":"Feature","properties":{"s":"firm","phase":"after"},"geometry":{"type":"Point","coordinates":[-89.3626,29.99316]}},{"type":"Feature","properties":{"s":"firm","phase":"after"},"geometry":{"type":"Point","coordinates":[-89.362703,29.993159]}},{"type":"Feature","properties":{"s":"firm","phase":"after"},"geometry":{"type":"Point","coordinates":[-89.361735,29.993211]}},{"type":"Feature","properties":{"s":"firm","phase":"after"},"geometry":{"type":"Point","coordinates":[-89.361854,29.993203]}},{"type":"Feature","properties":{"s":"firm","phase":"after"},"geometry":{"type":"Point","coordinates":[-89.361995,29.993195]}},{"type":"Feature","properties":{"s":"firm","phase":"after"},"geometry":{"type":"Point","coordinates":[-89.362098,29.99319]}},{"type":"Feature","properties":{"s":"firm","phase":"after"},"geometry":{"type":"Point","coordinates":[-89.362243,29.993183]}},{"type":"Feature","properties":{"s":"firm","phase":"after"},"geometry":{"type":"Point","coordinates":[-89.361167,29.993248]}},{"type":"Feature","properties":{"s":"firm","phase":"after"},"geometry":{"type":"Point","coordinates":[-89.361284,29.993239]}},{"type":"Feature","properties":{"s":"firm","phase":"after"},"geometry":{"type":"Point","coordinates":[-89.361408,29.993231]}},{"type":"Feature","properties":{"s":"firm","phase":"after"},"geometry":{"type":"Point","coordinates":[-89.36151,29.993225]}},{"type":"Feature","properties":{"s":"firm","phase":"after"},"geometry":{"type":"Point","coordinates":[-89.361633,29.993219]}},{"type":"Feature","properties":{"s":"firm","phase":"after"},"geometry":{"type":"Point","coordinates":[-89.360554,29.993276]}},{"type":"Feature","properties":{"s":"firm","phase":"after"},"geometry":{"type":"Point","coordinates":[-89.360717,29.993275]}},{"type":"Feature","properties":{"s":"firm","phase":"after"},"geometry":{"type":"Point","coordinates":[-89.36082,29.993277]}},{"type":"Feature","properties":{"s":"firm","phase":"after"},"geometry":{"type":"Point","coordinates":[-89.360924,29.993272]}},{"type":"Feature","properties":{"s":"firm","phase":"after"},"geometry":{"type":"Point","coordinates":[-89.361066,29.993259]}},{"type":"Feature","properties":{"s":"firm","phase":"after"},"geometry":{"type":"Point","coordinates":[-89.360112,29.993291]}},{"type":"Feature","properties":{"s":"firm","phase":"after"},"geometry":{"type":"Point","coordinates":[-89.360191,29.993285]}},{"type":"Feature","properties":{"s":"firm","phase":"after"},"geometry":{"type":"Point","coordinates":[-89.360313,29.993281]}},{"type":"Feature","properties":{"s":"firm","phase":"after"},"geometry":{"type":"Point","coordinates":[-89.360454,29.993276]}},{"type":"Feature","properties":{"s":"firm","phase":"after"},"geometry":{"type":"Point","coordinates":[-89.359514,29.993335]}},{"type":"Feature","properties":{"s":"firm","phase":"after"},"geometry":{"type":"Point","coordinates":[-89.359593,29.993329]}},{"type":"Feature","properties":{"s":"firm","phase":"after"},"geometry":{"type":"Point","coordinates":[-89.359711,29.99332]}},{"type":"Feature","properties":{"s":"firm","phase":"after"},"geometry":{"type":"Point","coordinates":[-89.359829,29.993309]}},{"type":"Feature","properties":{"s":"firm","phase":"after"},"geometry":{"type":"Point","coordinates":[-89.35995,29.993302]}},{"type":"Feature","properties":{"s":"firm","phase":"after"},"geometry":{"type":"Point","coordinates":[-89.358874,29.993375]}},{"type":"Feature","properties":{"s":"firm","phase":"after"},"geometry":{"type":"Point","coordinates":[-89.358954,29.993371]}},{"type":"Feature","properties":{"s":"firm","phase":"after"},"geometry":{"type":"Point","coordinates":[-89.358993,29.993369]}},{"type":"Feature","properties":{"s":"firm","phase":"after"},"geometry":{"type":"Point","coordinates":[-89.359032,29.993365]}},{"type":"Feature","properties":{"s":"firm","phase":"after"},"geometry":{"type":"Point","coordinates":[-89.359112,29.993362]}},{"type":"Feature","properties":{"s":"firm","phase":"after"},"geometry":{"type":"Point","coordinates":[-89.359173,29.993358]}},{"type":"Feature","properties":{"s":"firm","phase":"after"},"geometry":{"type":"Point","coordinates":[-89.359213,29.993356]}},{"type":"Feature","properties":{"s":"firm","phase":"after"},"geometry":{"type":"Point","coordinates":[-89.359314,29.993351]}},{"type":"Feature","properties":{"s":"firm","phase":"after"},"geometry":{"type":"Point","coordinates":[-89.359415,29.993344]}},{"type":"Feature","properties":{"s":"firm","phase":"after"},"geometry":{"type":"Point","coordinates":[-89.358411,29.993415]}},{"type":"Feature","properties":{"s":"firm","phase":"after"},"geometry":{"type":"Point","coordinates":[-89.358487,29.993409]}},{"type":"Feature","properties":{"s":"firm","phase":"after"},"geometry":{"type":"Point","coordinates":[-89.358567,29.993403]}},{"type":"Feature","properties":{"s":"firm","phase":"after"},"geometry":{"type":"Point","coordinates":[-89.35864,29.993396]}},{"type":"Feature","properties":{"s":"firm","phase":"after"},"geometry":{"type":"Point","coordinates":[-89.358714,29.993393]}},{"type":"Feature","properties":{"s":"firm","phase":"after"},"geometry":{"type":"Point","coordinates":[-89.358815,29.993381]}},{"type":"Feature","properties":{"s":"firm","phase":"after"},"geometry":{"type":"Point","coordinates":[-89.357817,29.993455]}},{"type":"Feature","properties":{"s":"firm","phase":"after"},"geometry":{"type":"Point","coordinates":[-89.357921,29.993447]}},{"type":"Feature","properties":{"s":"firm","phase":"after"},"geometry":{"type":"Point","coordinates":[-89.358026,29.993436]}},{"type":"Feature","properties":{"s":"firm","phase":"after"},"geometry":{"type":"Point","coordinates":[-89.358147,29.993431]}},{"type":"Feature","properties":{"s":"firm","phase":"after"},"geometry":{"type":"Point","coordinates":[-89.358209,29.993429]}},{"type":"Feature","properties":{"s":"firm","phase":"after"},"geometry":{"type":"Point","coordinates":[-89.358307,29.99342]}},{"type":"Feature","properties":{"s":"firm","phase":"after"},"geometry":{"type":"Point","coordinates":[-89.357269,29.993483]}},{"type":"Feature","properties":{"s":"firm","phase":"after"},"geometry":{"type":"Point","coordinates":[-89.357346,29.99348]}},{"type":"Feature","properties":{"s":"firm","phase":"after"},"geometry":{"type":"Point","coordinates":[-89.3574,29.993476]}},{"type":"Feature","properties":{"s":"firm","phase":"after"},"geometry":{"type":"Point","coordinates":[-89.357502,29.993469]}},{"type":"Feature","properties":{"s":"firm","phase":"after"},"geometry":{"type":"Point","coordinates":[-89.357576,29.993466]}},{"type":"Feature","properties":{"s":"firm","phase":"after"},"geometry":{"type":"Point","coordinates":[-89.357674,29.993462]}},{"type":"Feature","properties":{"s":"firm","phase":"after"},"geometry":{"type":"Point","coordinates":[-89.356959,29.993503]}},{"type":"Feature","properties":{"s":"firm","phase":"after"},"geometry":{"type":"Point","coordinates":[-89.357044,29.993495]}},{"type":"Feature","properties":{"s":"firm","phase":"after"},"geometry":{"type":"Point","coordinates":[-89.357126,29.993492]}},{"type":"Feature","properties":{"s":"firm","phase":"after"},"geometry":{"type":"Point","coordinates":[-89.370761,29.9925]}},{"type":"Feature","properties":{"s":"firm","phase":"after"},"geometry":{"type":"Point","coordinates":[-89.370849,29.992474]}},{"type":"Feature","properties":{"s":"firm","phase":"after"},"geometry":{"type":"Point","coordinates":[-89.370932,29.992445]}},{"type":"Feature","properties":{"s":"firm","phase":"after"},"geometry":{"type":"Point","coordinates":[-89.367053,29.992764]}}]}