{"type":"FeatureCollection","name":"lease_32024_polling","features":[{"type":"Feature","properties":{"s":"scat","phase":"before","epoch":"2023-06-16"},"geometry":{"type":"Point","coordinates":[-89.62214,29.384336]}},{"type":"Feature","properties":{"s":"scat","phase":"before","epoch":"2023-06-16"},"geometry":{"type":"Point","coordinates":[-89.621908,29.384418]}},{"type":"Feature","properties":{"s":"mud","phase":"before","epoch":"2023-06-16"},"geometry":{"type":"Point","coordinates":[-89.621674,29.384471]}},{"type":"Feature","properties":{"s":"mud","phase":"before","epoch":"2023-06-16"},"geometry":{"type":"Point","coordinates":[-89.621264,29.384597]}},{"type":"Feature","properties":{"s":"mud","phase":"before","epoch":"2023-06-16"},"geometry":{"type":"Point","coordinates":[-89.621086,29.384651]}},{"type":"Feature","properties":{"s":"mud","phase":"before","epoch":"2023-06-16"},"geometry":{"type":"Point","coordinates":[-89.620881,29.384719]}},{"type":"Feature","properties":{"s":"mud","phase":"before","epoch":"2023-06-16"},"geometry":{"type":"Point","coordinates":[-89.620358,29.384225]}},{"type":"Feature","properties":{"s":"mud","phase":"before","epoch":"2023-06-16"},"geometry":{"type":"Point","coordinates":[-89.620795,29.384199]}},{"type":"Feature","properties":{"s":"buried","phase":"before","epoch":"2023-06-16"},"geometry":{"type":"Point","coordinates":[-89.621049,29.384186]}},{"type":"Feature","properties":{"s":"buried","phase":"before","epoch":"2023-06-16"},"geometry":{"type":"Point","coordinates":[-89.621482,29.384127]}},{"type":"Feature","properties":{"s":"scat","phase":"before","epoch":"2023-06-16"},"geometry":{"type":"Point","coordinates":[-89.621716,29.384062]}},{"type":"Feature","properties":{"s":"reef","phase":"before","epoch":"2023-06-16"},"geometry":{"type":"Point","coordinates":[-89.621957,29.383993]}},{"type":"Feature","properties":{"s":"reef","phase":"before","epoch":"2023-06-16"},"geometry":{"type":"Point","coordinates":[-89.622217,29.383905]}},{"type":"Feature","properties":{"s":"reef","phase":"before","epoch":"2023-06-16"},"geometry":{"type":"Point","coordinates":[-89.622454,29.383845]}},{"type":"Feature","properties":{"s":"reef","phase":"before","epoch":"2023-06-16"},"geometry":{"type":"Point","coordinates":[-89.62269,29.383791]}},{"type":"Feature","properties":{"s":"scat","phase":"before","epoch":"2023-06-16"},"geometry":{"type":"Point","coordinates":[-89.622936,29.383736]}},{"type":"Feature","properties":{"s":"reef","phase":"before","epoch":"2023-06-16"},"geometry":{"type":"Point","coordinates":[-89.623183,29.383696]}},{"type":"Feature","properties":{"s":"reef","phase":"before","epoch":"2023-06-16"},"geometry":{"type":"Point","coordinates":[-89.623619,29.383631]}},{"type":"Feature","properties":{"s":"reef","phase":"before","epoch":"2023-06-16"},"geometry":{"type":"Point","coordinates":[-89.623894,29.383582]}},{"type":"Feature","properties":{"s":"reef","phase":"before","epoch":"2023-06-16"},"geometry":{"type":"Point","coordinates":[-89.624171,29.38351]}},{"type":"Feature","properties":{"s":"reef","phase":"before","epoch":"2023-06-16"},"geometry":{"type":"Point","coordinates":[-89.624335,29.383454]}},{"type":"Feature","properties":{"s":"scat","phase":"before","epoch":"2023-06-16"},"geometry":{"type":"Point","coordinates":[-89.624785,29.383292]}},{"type":"Feature","properties":{"s":"buried","phase":"before","epoch":"2023-06-16"},"geometry":{"type":"Point","coordinates":[-89.625051,29.383207]}},{"type":"Feature","properties":{"s":"buried","phase":"before","epoch":"2023-06-16"},"geometry":{"type":"Point","coordinates":[-89.625447,29.383074]}},{"type":"Feature","properties":{"s":"buried","phase":"before","epoch":"2023-06-16"},"geometry":{"type":"Point","coordinates":[-89.625708,29.382984]}},{"type":"Feature","properties":{"s":"buried","phase":"before","epoch":"2023-06-16"},"geometry":{"type":"Point","coordinates":[-89.625944,29.382912]}},{"type":"Feature","properties":{"s":"mud","phase":"before","epoch":"2023-06-16"},"geometry":{"type":"Point","coordinates":[-89.626169,29.382821]}},{"type":"Feature","properties":{"s":"mud","phase":"before","epoch":"2023-06-16"},"geometry":{"type":"Point","coordinates":[-89.62643,29.382732]}},{"type":"Feature","properties":{"s":"mud","phase":"before","epoch":"2023-06-16"},"geometry":{"type":"Point","coordinates":[-89.626374,29.382069]}},{"type":"Feature","properties":{"s":"mud","phase":"before","epoch":"2023-06-16"},"geometry":{"type":"Point","coordinates":[-89.625919,29.382246]}},{"type":"Feature","properties":{"s":"mud","phase":"before","epoch":"2023-06-16"},"geometry":{"type":"Point","coordinates":[-89.625672,29.382347]}},{"type":"Feature","properties":{"s":"mud","phase":"before","epoch":"2023-06-16"},"geometry":{"type":"Point","coordinates":[-89.625457,29.382479]}},{"type":"Feature","properties":{"s":"buried","phase":"before","epoch":"2023-06-16"},"geometry":{"type":"Point","coordinates":[-89.625254,29.382587]}},{"type":"Feature","properties":{"s":"buried","phase":"before","epoch":"2023-06-16"},"geometry":{"type":"Point","coordinates":[-89.625033,29.382693]}},{"type":"Feature","properties":{"s":"scat","phase":"before","epoch":"2023-06-16"},"geometry":{"type":"Point","coordinates":[-89.624851,29.382784]}},{"type":"Feature","properties":{"s":"scat","phase":"before","epoch":"2023-06-16"},"geometry":{"type":"Point","coordinates":[-89.624621,29.382876]}},{"type":"Feature","properties":{"s":"scat","phase":"before","epoch":"2023-06-16"},"geometry":{"type":"Point","coordinates":[-89.624377,29.382998]}},{"type":"Feature","properties":{"s":"reef","phase":"before","epoch":"2023-06-16"},"geometry":{"type":"Point","coordinates":[-89.62418,29.383092]}},{"type":"Feature","properties":{"s":"reef","phase":"before","epoch":"2023-06-16"},"geometry":{"type":"Point","coordinates":[-89.623944,29.383182]}},{"type":"Feature","properties":{"s":"reef","phase":"before","epoch":"2023-06-16"},"geometry":{"type":"Point","coordinates":[-89.623747,29.38325]}},{"type":"Feature","properties":{"s":"reef","phase":"before","epoch":"2023-06-16"},"geometry":{"type":"Point","coordinates":[-89.623564,29.383347]}},{"type":"Feature","properties":{"s":"scat","phase":"before","epoch":"2023-06-16"},"geometry":{"type":"Point","coordinates":[-89.623331,29.383424]}},{"type":"Feature","properties":{"s":"scat","phase":"before","epoch":"2023-06-16"},"geometry":{"type":"Point","coordinates":[-89.623091,29.383515]}},{"type":"Feature","properties":{"s":"scat","phase":"before","epoch":"2023-06-16"},"geometry":{"type":"Point","coordinates":[-89.622811,29.383544]}},{"type":"Feature","properties":{"s":"scat","phase":"before","epoch":"2023-06-16"},"geometry":{"type":"Point","coordinates":[-89.622599,29.38358]}},{"type":"Feature","properties":{"s":"scat","phase":"before","epoch":"2023-06-16"},"geometry":{"type":"Point","coordinates":[-89.622319,29.383623]}},{"type":"Feature","properties":{"s":"reef","phase":"before","epoch":"2023-06-16"},"geometry":{"type":"Point","coordinates":[-89.621924,29.383685]}},{"type":"Feature","properties":{"s":"scat","phase":"before","epoch":"2023-06-16"},"geometry":{"type":"Point","coordinates":[-89.62163,29.383731]}},{"type":"Feature","properties":{"s":"reef","phase":"before","epoch":"2023-06-16"},"geometry":{"type":"Point","coordinates":[-89.62124,29.383801]}},{"type":"Feature","properties":{"s":"buried","phase":"before","epoch":"2023-06-16"},"geometry":{"type":"Point","coordinates":[-89.620893,29.38387]}},{"type":"Feature","properties":{"s":"mud","phase":"before","epoch":"2023-06-16"},"geometry":{"type":"Point","coordinates":[-89.620501,29.38394]}},{"type":"Feature","properties":{"s":"mud","phase":"before","epoch":"2023-06-16"},"geometry":{"type":"Point","coordinates":[-89.620016,29.383712]}},{"type":"Feature","properties":{"s":"scat","phase":"before","epoch":"2023-06-16"},"geometry":{"type":"Point","coordinates":[-89.619855,29.383514]}},{"type":"Feature","properties":{"s":"buried","phase":"before","epoch":"2023-06-16"},"geometry":{"type":"Point","coordinates":[-89.619618,29.383193]}},{"type":"Feature","properties":{"s":"buried","phase":"before","epoch":"2023-06-16"},"geometry":{"type":"Point","coordinates":[-89.619448,29.382955]}},{"type":"Feature","properties":{"s":"buried","phase":"before","epoch":"2023-06-16"},"geometry":{"type":"Point","coordinates":[-89.620088,29.382512]}},{"type":"Feature","properties":{"s":"scat","phase":"before","epoch":"2023-06-16"},"geometry":{"type":"Point","coordinates":[-89.620222,29.382854]}},{"type":"Feature","properties":{"s":"buried","phase":"before","epoch":"2023-06-16"},"geometry":{"type":"Point","coordinates":[-89.620383,29.383161]}},{"type":"Feature","properties":{"s":"buried","phase":"before","epoch":"2023-06-16"},"geometry":{"type":"Point","coordinates":[-89.62059,29.383528]}},{"type":"Feature","properties":{"s":"buried","phase":"before","epoch":"2023-06-16"},"geometry":{"type":"Point","coordinates":[-89.621438,29.383357]}},{"type":"Feature","properties":{"s":"buried","phase":"before","epoch":"2023-06-16"},"geometry":{"type":"Point","coordinates":[-89.621173,29.382831]}},{"type":"Feature","properties":{"s":"buried","phase":"before","epoch":"2023-06-16"},"geometry":{"type":"Point","coordinates":[-89.620998,29.382562]}},{"type":"Feature","properties":{"s":"buried","phase":"before","epoch":"2023-06-16"},"geometry":{"type":"Point","coordinates":[-89.620829,29.382295]}},{"type":"Feature","properties":{"s":"scat","phase":"before","epoch":"2023-06-16"},"geometry":{"type":"Point","coordinates":[-89.620678,29.382107]}},{"type":"Feature","properties":{"s":"scat","phase":"before","epoch":"2023-06-16"},"geometry":{"type":"Point","coordinates":[-89.620343,29.381711]}},{"type":"Feature","properties":{"s":"buried","phase":"before","epoch":"2023-06-16"},"geometry":{"type":"Point","coordinates":[-89.620052,29.38134]}},{"type":"Feature","properties":{"s":"buried","phase":"before","epoch":"2023-06-16"},"geometry":{"type":"Point","coordinates":[-89.619792,29.38096]}},{"type":"Feature","properties":{"s":"buried","phase":"before","epoch":"2023-06-16"},"geometry":{"type":"Point","coordinates":[-89.619639,29.380751]}},{"type":"Feature","properties":{"s":"mud","phase":"before","epoch":"2023-06-16"},"geometry":{"type":"Point","coordinates":[-89.619413,29.380394]}},{"type":"Feature","properties":{"s":"mud","phase":"before","epoch":"2023-06-16"},"geometry":{"type":"Point","coordinates":[-89.619185,29.380092]}},{"type":"Feature","properties":{"s":"mud","phase":"before","epoch":"2023-06-16"},"geometry":{"type":"Point","coordinates":[-89.618941,29.379759]}},{"type":"Feature","properties":{"s":"mud","phase":"before","epoch":"2023-06-16"},"geometry":{"type":"Point","coordinates":[-89.619543,29.379487]}},{"type":"Feature","properties":{"s":"mud","phase":"before","epoch":"2023-06-16"},"geometry":{"type":"Point","coordinates":[-89.619594,29.379877]}},{"type":"Feature","properties":{"s":"mud","phase":"before","epoch":"2023-06-16"},"geometry":{"type":"Point","coordinates":[-89.619807,29.380375]}},{"type":"Feature","properties":{"s":"mud","phase":"before","epoch":"2023-06-16"},"geometry":{"type":"Point","coordinates":[-89.61998,29.380673]}},{"type":"Feature","properties":{"s":"buried","phase":"before","epoch":"2023-06-16"},"geometry":{"type":"Point","coordinates":[-89.620136,29.38086]}},{"type":"Feature","properties":{"s":"buried","phase":"before","epoch":"2023-06-16"},"geometry":{"type":"Point","coordinates":[-89.62028,29.381089]}},{"type":"Feature","properties":{"s":"scat","phase":"before","epoch":"2023-06-16"},"geometry":{"type":"Point","coordinates":[-89.620451,29.381388]}},{"type":"Feature","properties":{"s":"scat","phase":"before","epoch":"2023-06-16"},"geometry":{"type":"Point","coordinates":[-89.620585,29.381569]}},{"type":"Feature","properties":{"s":"scat","phase":"before","epoch":"2023-06-16"},"geometry":{"type":"Point","coordinates":[-89.620683,29.381743]}},{"type":"Feature","properties":{"s":"scat","phase":"before","epoch":"2023-06-16"},"geometry":{"type":"Point","coordinates":[-89.620832,29.381991]}},{"type":"Feature","properties":{"s":"scat","phase":"before","epoch":"2023-06-16"},"geometry":{"type":"Point","coordinates":[-89.620976,29.382206]}},{"type":"Feature","properties":{"s":"buried","phase":"before","epoch":"2023-06-16"},"geometry":{"type":"Point","coordinates":[-89.621096,29.382352]}},{"type":"Feature","properties":{"s":"scat","phase":"before","epoch":"2023-06-16"},"geometry":{"type":"Point","coordinates":[-89.621287,29.38256]}},{"type":"Feature","properties":{"s":"scat","phase":"before","epoch":"2023-06-16"},"geometry":{"type":"Point","coordinates":[-89.621451,29.382765]}},{"type":"Feature","properties":{"s":"buried","phase":"before","epoch":"2023-06-16"},"geometry":{"type":"Point","coordinates":[-89.621638,29.382996]}},{"type":"Feature","properties":{"s":"scat","phase":"before","epoch":"2023-06-16"},"geometry":{"type":"Point","coordinates":[-89.621827,29.383356]}},{"type":"Feature","properties":{"s":"reef","phase":"before","epoch":"2023-06-16"},"geometry":{"type":"Point","coordinates":[-89.622635,29.383241]}},{"type":"Feature","properties":{"s":"reef","phase":"before","epoch":"2023-06-16"},"geometry":{"type":"Point","coordinates":[-89.622389,29.382922]}},{"type":"Feature","properties":{"s":"reef","phase":"before","epoch":"2023-06-16"},"geometry":{"type":"Point","coordinates":[-89.622202,29.38275]}},{"type":"Feature","properties":{"s":"reef","phase":"before","epoch":"2023-06-16"},"geometry":{"type":"Point","coordinates":[-89.622025,29.382607]}},{"type":"Feature","properties":{"s":"reef","phase":"before","epoch":"2023-06-16"},"geometry":{"type":"Point","coordinates":[-89.621866,29.382435]}},{"type":"Feature","properties":{"s":"reef","phase":"before","epoch":"2023-06-16"},"geometry":{"type":"Point","coordinates":[-89.621597,29.382103]}},{"type":"Feature","properties":{"s":"reef","phase":"before","epoch":"2023-06-16"},"geometry":{"type":"Point","coordinates":[-89.621444,29.381895]}},{"type":"Feature","properties":{"s":"reef","phase":"before","epoch":"2023-06-16"},"geometry":{"type":"Point","coordinates":[-89.621268,29.381697]}},{"type":"Feature","properties":{"s":"scat","phase":"before","epoch":"2023-06-16"},"geometry":{"type":"Point","coordinates":[-89.621085,29.381498]}},{"type":"Feature","properties":{"s":"scat","phase":"before","epoch":"2023-06-16"},"geometry":{"type":"Point","coordinates":[-89.620926,29.381299]}},{"type":"Feature","properties":{"s":"buried","phase":"before","epoch":"2023-06-16"},"geometry":{"type":"Point","coordinates":[-89.62077,29.381091]}},{"type":"Feature","properties":{"s":"buried","phase":"before","epoch":"2023-06-16"},"geometry":{"type":"Point","coordinates":[-89.620624,29.380892]}},{"type":"Feature","properties":{"s":"mud","phase":"before","epoch":"2023-06-16"},"geometry":{"type":"Point","coordinates":[-89.620513,29.380731]}},{"type":"Feature","properties":{"s":"mud","phase":"before","epoch":"2023-06-16"},"geometry":{"type":"Point","coordinates":[-89.620255,29.380301]}},{"type":"Feature","properties":{"s":"mud","phase":"before","epoch":"2023-06-16"},"geometry":{"type":"Point","coordinates":[-89.620133,29.380117]}},{"type":"Feature","properties":{"s":"mud","phase":"before","epoch":"2023-06-16"},"geometry":{"type":"Point","coordinates":[-89.619991,29.379897]}},{"type":"Feature","properties":{"s":"mud","phase":"before","epoch":"2023-06-16"},"geometry":{"type":"Point","coordinates":[-89.619765,29.379558]}},{"type":"Feature","properties":{"s":"reef","phase":"before","epoch":"2023-06-16"},"geometry":{"type":"Point","coordinates":[-89.621176,29.381759]}},{"type":"Feature","properties":{"s":"reef","phase":"before","epoch":"2023-06-16"},"geometry":{"type":"Point","coordinates":[-89.621632,29.3824]}},{"type":"Feature","properties":{"s":"buried","phase":"before","epoch":"2023-06-16"},"geometry":{"type":"Point","coordinates":[-89.621745,29.382768]}},{"type":"Feature","properties":{"s":"buried","phase":"before","epoch":"2023-06-16"},"geometry":{"type":"Point","coordinates":[-89.621996,29.383201]}},{"type":"Feature","properties":{"s":"buried","phase":"before","epoch":"2023-06-16"},"geometry":{"type":"Point","coordinates":[-89.622116,29.383384]}},{"type":"Feature","properties":{"s":"reef","phase":"before","epoch":"2023-06-16"},"geometry":{"type":"Point","coordinates":[-89.622381,29.383328]}},{"type":"Feature","properties":{"s":"reef","phase":"before","epoch":"2023-06-16"},"geometry":{"type":"Point","coordinates":[-89.622097,29.383087]}},{"type":"Feature","properties":{"s":"reef","phase":"before","epoch":"2023-06-16"},"geometry":{"type":"Point","coordinates":[-89.621882,29.382871]}},{"type":"Feature","properties":{"s":"reef","phase":"before","epoch":"2023-06-16"},"geometry":{"type":"Point","coordinates":[-89.621338,29.382219]}},{"type":"Feature","properties":{"s":"reef","phase":"before","epoch":"2023-06-16"},"geometry":{"type":"Point","coordinates":[-89.621186,29.381999]}},{"type":"Feature","properties":{"s":"mud","phase":"before","epoch":"2023-06-16"},"geometry":{"type":"Point","coordinates":[-89.619767,29.380325]}},{"type":"Feature","properties":{"s":"mud","phase":"before","epoch":"2023-06-16"},"geometry":{"type":"Point","coordinates":[-89.619988,29.37937]}},{"type":"Feature","properties":{"s":"mud","phase":"before","epoch":"2023-06-16"},"geometry":{"type":"Point","coordinates":[-89.620223,29.379591]}},{"type":"Feature","properties":{"s":"mud","phase":"before","epoch":"2023-06-16"},"geometry":{"type":"Point","coordinates":[-89.620395,29.379783]}},{"type":"Feature","properties":{"s":"mud","phase":"before","epoch":"2023-06-16"},"geometry":{"type":"Point","coordinates":[-89.620492,29.37992]}},{"type":"Feature","properties":{"s":"mud","phase":"before","epoch":"2023-06-16"},"geometry":{"type":"Point","coordinates":[-89.62061,29.380109]}},{"type":"Feature","properties":{"s":"mud","phase":"before","epoch":"2023-06-16"},"geometry":{"type":"Point","coordinates":[-89.620718,29.38031]}},{"type":"Feature","properties":{"s":"buried","phase":"before","epoch":"2023-06-16"},"geometry":{"type":"Point","coordinates":[-89.620839,29.380484]}},{"type":"Feature","properties":{"s":"buried","phase":"before","epoch":"2023-06-16"},"geometry":{"type":"Point","coordinates":[-89.621014,29.380731]}},{"type":"Feature","properties":{"s":"scat","phase":"before","epoch":"2023-06-16"},"geometry":{"type":"Point","coordinates":[-89.62114,29.380911]}},{"type":"Feature","properties":{"s":"scat","phase":"before","epoch":"2023-06-16"},"geometry":{"type":"Point","coordinates":[-89.621276,29.381118]}},{"type":"Feature","properties":{"s":"scat","phase":"before","epoch":"2023-06-16"},"geometry":{"type":"Point","coordinates":[-89.621503,29.381473]}},{"type":"Feature","properties":{"s":"reef","phase":"before","epoch":"2023-06-16"},"geometry":{"type":"Point","coordinates":[-89.621603,29.381655]}},{"type":"Feature","properties":{"s":"reef","phase":"before","epoch":"2023-06-16"},"geometry":{"type":"Point","coordinates":[-89.621707,29.381854]}},{"type":"Feature","properties":{"s":"reef","phase":"before","epoch":"2023-06-16"},"geometry":{"type":"Point","coordinates":[-89.621839,29.382034]}},{"type":"Feature","properties":{"s":"reef","phase":"before","epoch":"2023-06-16"},"geometry":{"type":"Point","coordinates":[-89.621967,29.382181]}},{"type":"Feature","properties":{"s":"reef","phase":"before","epoch":"2023-06-16"},"geometry":{"type":"Point","coordinates":[-89.622106,29.382326]}},{"type":"Feature","properties":{"s":"reef","phase":"before","epoch":"2023-06-16"},"geometry":{"type":"Point","coordinates":[-89.622377,29.38261]}},{"type":"Feature","properties":{"s":"reef","phase":"before","epoch":"2023-06-16"},"geometry":{"type":"Point","coordinates":[-89.62248,29.38272]}},{"type":"Feature","properties":{"s":"reef","phase":"before","epoch":"2023-06-16"},"geometry":{"type":"Point","coordinates":[-89.622628,29.382894]}},{"type":"Feature","properties":{"s":"reef","phase":"before","epoch":"2023-06-16"},"geometry":{"type":"Point","coordinates":[-89.622821,29.383108]}},{"type":"Feature","properties":{"s":"reef","phase":"before","epoch":"2023-06-16"},"geometry":{"type":"Point","coordinates":[-89.622941,29.383251]}},{"type":"Feature","properties":{"s":"reef","phase":"before","epoch":"2023-06-16"},"geometry":{"type":"Point","coordinates":[-89.623375,29.383849]}},{"type":"Feature","properties":{"s":"reef","phase":"before","epoch":"2023-06-16"},"geometry":{"type":"Point","coordinates":[-89.623732,29.383061]}},{"type":"Feature","properties":{"s":"reef","phase":"before","epoch":"2023-06-16"},"geometry":{"type":"Point","coordinates":[-89.623502,29.382752]}},{"type":"Feature","properties":{"s":"reef","phase":"before","epoch":"2023-06-16"},"geometry":{"type":"Point","coordinates":[-89.62332,29.382537]}},{"type":"Feature","properties":{"s":"reef","phase":"before","epoch":"2023-06-16"},"geometry":{"type":"Point","coordinates":[-89.623164,29.38236]}},{"type":"Feature","properties":{"s":"reef","phase":"before","epoch":"2023-06-16"},"geometry":{"type":"Point","coordinates":[-89.622996,29.382142]}},{"type":"Feature","properties":{"s":"reef","phase":"before","epoch":"2023-06-16"},"geometry":{"type":"Point","coordinates":[-89.622874,29.381981]}},{"type":"Feature","properties":{"s":"scat","phase":"before","epoch":"2023-06-16"},"geometry":{"type":"Point","coordinates":[-89.622648,29.381685]}},{"type":"Feature","properties":{"s":"scat","phase":"before","epoch":"2023-06-16"},"geometry":{"type":"Point","coordinates":[-89.622466,29.381415]}},{"type":"Feature","properties":{"s":"scat","phase":"before","epoch":"2023-06-16"},"geometry":{"type":"Point","coordinates":[-89.622323,29.381247]}},{"type":"Feature","properties":{"s":"scat","phase":"before","epoch":"2023-06-16"},"geometry":{"type":"Point","coordinates":[-89.622184,29.381063]}},{"type":"Feature","properties":{"s":"buried","phase":"before","epoch":"2023-06-16"},"geometry":{"type":"Point","coordinates":[-89.622006,29.38081]}},{"type":"Feature","properties":{"s":"mud","phase":"before","epoch":"2023-06-16"},"geometry":{"type":"Point","coordinates":[-89.621869,29.380641]}},{"type":"Feature","properties":{"s":"mud","phase":"before","epoch":"2023-06-16"},"geometry":{"type":"Point","coordinates":[-89.621644,29.380366]}},{"type":"Feature","properties":{"s":"mud","phase":"before","epoch":"2023-06-16"},"geometry":{"type":"Point","coordinates":[-89.621498,29.380171]}},{"type":"Feature","properties":{"s":"mud","phase":"before","epoch":"2023-06-16"},"geometry":{"type":"Point","coordinates":[-89.621406,29.380038]}},{"type":"Feature","properties":{"s":"buried","phase":"before","epoch":"2023-06-16"},"geometry":{"type":"Point","coordinates":[-89.621388,29.380702]}},{"type":"Feature","properties":{"s":"scat","phase":"before","epoch":"2023-06-16"},"geometry":{"type":"Point","coordinates":[-89.621573,29.380956]}},{"type":"Feature","properties":{"s":"scat","phase":"before","epoch":"2023-06-16"},"geometry":{"type":"Point","coordinates":[-89.621765,29.381224]}},{"type":"Feature","properties":{"s":"scat","phase":"before","epoch":"2023-06-16"},"geometry":{"type":"Point","coordinates":[-89.621899,29.381393]}},{"type":"Feature","properties":{"s":"reef","phase":"before","epoch":"2023-06-16"},"geometry":{"type":"Point","coordinates":[-89.622124,29.381712]}},{"type":"Feature","properties":{"s":"scat","phase":"before","epoch":"2023-06-16"},"geometry":{"type":"Point","coordinates":[-89.622393,29.382067]}},{"type":"Feature","properties":{"s":"reef","phase":"before","epoch":"2023-06-16"},"geometry":{"type":"Point","coordinates":[-89.622489,29.382262]}},{"type":"Feature","properties":{"s":"reef","phase":"before","epoch":"2023-06-16"},"geometry":{"type":"Point","coordinates":[-89.622657,29.382495]}},{"type":"Feature","properties":{"s":"reef","phase":"before","epoch":"2023-06-16"},"geometry":{"type":"Point","coordinates":[-89.622886,29.382804]}},{"type":"Feature","properties":{"s":"reef","phase":"before","epoch":"2023-06-16"},"geometry":{"type":"Point","coordinates":[-89.623102,29.383079]}},{"type":"Feature","properties":{"s":"reef","phase":"before","epoch":"2023-06-16"},"geometry":{"type":"Point","coordinates":[-89.624054,29.382966]}},{"type":"Feature","properties":{"s":"reef","phase":"before","epoch":"2023-06-16"},"geometry":{"type":"Point","coordinates":[-89.623925,29.382765]}},{"type":"Feature","properties":{"s":"reef","phase":"before","epoch":"2023-06-16"},"geometry":{"type":"Point","coordinates":[-89.623815,29.382603]}},{"type":"Feature","properties":{"s":"reef","phase":"before","epoch":"2023-06-16"},"geometry":{"type":"Point","coordinates":[-89.62371,29.38245]}},{"type":"Feature","properties":{"s":"reef","phase":"before","epoch":"2023-06-16"},"geometry":{"type":"Point","coordinates":[-89.623566,29.382223]}},{"type":"Feature","properties":{"s":"reef","phase":"before","epoch":"2023-06-16"},"geometry":{"type":"Point","coordinates":[-89.623424,29.382045]}},{"type":"Feature","properties":{"s":"scat","phase":"before","epoch":"2023-06-16"},"geometry":{"type":"Point","coordinates":[-89.623249,29.381831]}},{"type":"Feature","properties":{"s":"scat","phase":"before","epoch":"2023-06-16"},"geometry":{"type":"Point","coordinates":[-89.622965,29.381475]}},{"type":"Feature","properties":{"s":"mud","phase":"before","epoch":"2023-06-16"},"geometry":{"type":"Point","coordinates":[-89.622838,29.381313]}},{"type":"Feature","properties":{"s":"mud","phase":"before","epoch":"2023-06-16"},"geometry":{"type":"Point","coordinates":[-89.622581,29.381002]}},{"type":"Feature","properties":{"s":"mud","phase":"before","epoch":"2023-06-16"},"geometry":{"type":"Point","coordinates":[-89.622293,29.380653]}},{"type":"Feature","properties":{"s":"mud","phase":"before","epoch":"2023-06-16"},"geometry":{"type":"Point","coordinates":[-89.622982,29.38045]}},{"type":"Feature","properties":{"s":"mud","phase":"before","epoch":"2023-06-16"},"geometry":{"type":"Point","coordinates":[-89.623076,29.380696]}},{"type":"Feature","properties":{"s":"mud","phase":"before","epoch":"2023-06-16"},"geometry":{"type":"Point","coordinates":[-89.623169,29.380865]}},{"type":"Feature","properties":{"s":"mud","phase":"before","epoch":"2023-06-16"},"geometry":{"type":"Point","coordinates":[-89.623261,29.381019]}},{"type":"Feature","properties":{"s":"mud","phase":"before","epoch":"2023-06-16"},"geometry":{"type":"Point","coordinates":[-89.623355,29.381181]}},{"type":"Feature","properties":{"s":"mud","phase":"before","epoch":"2023-06-16"},"geometry":{"type":"Point","coordinates":[-89.62345,29.381361]}},{"type":"Feature","properties":{"s":"mud","phase":"before","epoch":"2023-06-16"},"geometry":{"type":"Point","coordinates":[-89.623586,29.381622]}},{"type":"Feature","properties":{"s":"reef","phase":"before","epoch":"2023-06-16"},"geometry":{"type":"Point","coordinates":[-89.623674,29.381779]}},{"type":"Feature","properties":{"s":"scat","phase":"before","epoch":"2023-06-16"},"geometry":{"type":"Point","coordinates":[-89.623769,29.381992]}},{"type":"Feature","properties":{"s":"scat","phase":"before","epoch":"2023-06-16"},"geometry":{"type":"Point","coordinates":[-89.623884,29.38224]}},{"type":"Feature","properties":{"s":"reef","phase":"before","epoch":"2023-06-16"},"geometry":{"type":"Point","coordinates":[-89.623967,29.382407]}},{"type":"Feature","properties":{"s":"reef","phase":"before","epoch":"2023-06-16"},"geometry":{"type":"Point","coordinates":[-89.624071,29.382597]}},{"type":"Feature","properties":{"s":"reef","phase":"before","epoch":"2023-06-16"},"geometry":{"type":"Point","coordinates":[-89.624219,29.382806]}},{"type":"Feature","properties":{"s":"reef","phase":"before","epoch":"2023-06-16"},"geometry":{"type":"Point","coordinates":[-89.624423,29.383156]}},{"type":"Feature","properties":{"s":"reef","phase":"before","epoch":"2023-06-16"},"geometry":{"type":"Point","coordinates":[-89.624553,29.38334]}},{"type":"Feature","properties":{"s":"reef","phase":"before","epoch":"2023-06-16"},"geometry":{"type":"Point","coordinates":[-89.624818,29.383787]}},{"type":"Feature","properties":{"s":"buried","phase":"before","epoch":"2023-06-16"},"geometry":{"type":"Point","coordinates":[-89.625476,29.383542]}},{"type":"Feature","properties":{"s":"reef","phase":"before","epoch":"2023-06-16"},"geometry":{"type":"Point","coordinates":[-89.624252,29.382584]}},{"type":"Feature","properties":{"s":"reef","phase":"before","epoch":"2023-06-16"},"geometry":{"type":"Point","coordinates":[-89.624183,29.382348]}},{"type":"Feature","properties":{"s":"reef","phase":"before","epoch":"2023-06-16"},"geometry":{"type":"Point","coordinates":[-89.624123,29.38213]}},{"type":"Feature","properties":{"s":"scat","phase":"before","epoch":"2023-06-16"},"geometry":{"type":"Point","coordinates":[-89.62401,29.381858]}},{"type":"Feature","properties":{"s":"mud","phase":"before","epoch":"2023-06-16"},"geometry":{"type":"Point","coordinates":[-89.623845,29.381511]}},{"type":"Feature","properties":{"s":"mud","phase":"before","epoch":"2023-06-16"},"geometry":{"type":"Point","coordinates":[-89.623676,29.381254]}},{"type":"Feature","properties":{"s":"mud","phase":"before","epoch":"2023-06-16"},"geometry":{"type":"Point","coordinates":[-89.623555,29.380988]}},{"type":"Feature","properties":{"s":"mud","phase":"before","epoch":"2023-06-16"},"geometry":{"type":"Point","coordinates":[-89.62346,29.38072]}},{"type":"Feature","properties":{"s":"mud","phase":"before","epoch":"2023-06-16"},"geometry":{"type":"Point","coordinates":[-89.623344,29.380421]}},{"type":"Feature","properties":{"s":"mud","phase":"before","epoch":"2023-06-16"},"geometry":{"type":"Point","coordinates":[-89.623202,29.380053]}},{"type":"Feature","properties":{"s":"mud","phase":"before","epoch":"2023-06-16"},"geometry":{"type":"Point","coordinates":[-89.623103,29.379815]}},{"type":"Feature","properties":{"s":"mud","phase":"before","epoch":"2023-06-16"},"geometry":{"type":"Point","coordinates":[-89.623019,29.379602]}},{"type":"Feature","properties":{"s":"scat","phase":"before","epoch":"2023-06-16"},"geometry":{"type":"Point","coordinates":[-89.624398,29.382467]}},{"type":"Feature","properties":{"s":"scat","phase":"before","epoch":"2023-06-16"},"geometry":{"type":"Point","coordinates":[-89.624466,29.382673]}},{"type":"Feature","properties":{"s":"scat","phase":"before","epoch":"2023-06-16"},"geometry":{"type":"Point","coordinates":[-89.624594,29.383089]}},{"type":"Feature","properties":{"s":"reef","phase":"before","epoch":"2023-06-16"},"geometry":{"type":"Point","coordinates":[-89.62328,29.382686]}},{"type":"Feature","properties":{"s":"reef","phase":"before","epoch":"2023-06-16"},"geometry":{"type":"Point","coordinates":[-89.62293,29.382374]}},{"type":"Feature","properties":{"s":"reef","phase":"before","epoch":"2023-06-16"},"geometry":{"type":"Point","coordinates":[-89.622733,29.382178]}},{"type":"Feature","properties":{"s":"reef","phase":"before","epoch":"2023-06-16"},"geometry":{"type":"Point","coordinates":[-89.622434,29.381825]}},{"type":"Feature","properties":{"s":"scat","phase":"before","epoch":"2023-06-16"},"geometry":{"type":"Point","coordinates":[-89.622129,29.381402]}},{"type":"Feature","properties":{"s":"scat","phase":"before","epoch":"2023-06-16"},"geometry":{"type":"Point","coordinates":[-89.621961,29.381129]}},{"type":"Feature","properties":{"s":"mud","phase":"before","epoch":"2023-06-16"},"geometry":{"type":"Point","coordinates":[-89.622971,29.381093]}},{"type":"Feature","properties":{"s":"mud","phase":"before","epoch":"2023-06-16"},"geometry":{"type":"Point","coordinates":[-89.623311,29.381245]}},{"type":"Feature","properties":{"s":"mud","phase":"before","epoch":"2023-06-16"},"geometry":{"type":"Point","coordinates":[-89.623628,29.381348]}},{"type":"Feature","properties":{"s":"mud","phase":"before","epoch":"2023-06-16"},"geometry":{"type":"Point","coordinates":[-89.623986,29.381477]}},{"type":"Feature","properties":{"s":"mud","phase":"before","epoch":"2023-06-16"},"geometry":{"type":"Point","coordinates":[-89.62445,29.381661]}},{"type":"Feature","properties":{"s":"mud","phase":"before","epoch":"2023-06-16"},"geometry":{"type":"Point","coordinates":[-89.62478,29.381779]}},{"type":"Feature","properties":{"s":"mud","phase":"before","epoch":"2023-06-16"},"geometry":{"type":"Point","coordinates":[-89.624931,29.381834]}},{"type":"Feature","properties":{"s":"mud","phase":"before","epoch":"2023-06-16"},"geometry":{"type":"Point","coordinates":[-89.625122,29.381908]}},{"type":"Feature","properties":{"s":"mud","phase":"before","epoch":"2023-06-16"},"geometry":{"type":"Point","coordinates":[-89.625312,29.381983]}},{"type":"Feature","properties":{"s":"mud","phase":"before","epoch":"2023-06-16"},"geometry":{"type":"Point","coordinates":[-89.625471,29.382061]}},{"type":"Feature","properties":{"s":"mud","phase":"before","epoch":"2023-06-16"},"geometry":{"type":"Point","coordinates":[-89.625653,29.382125]}},{"type":"Feature","properties":{"s":"mud","phase":"before","epoch":"2023-06-16"},"geometry":{"type":"Point","coordinates":[-89.625836,29.382202]}},{"type":"Feature","properties":{"s":"mud","phase":"before","epoch":"2023-06-16"},"geometry":{"type":"Point","coordinates":[-89.626014,29.382267]}},{"type":"Feature","properties":{"s":"mud","phase":"before","epoch":"2023-06-16"},"geometry":{"type":"Point","coordinates":[-89.626191,29.382346]}},{"type":"Feature","properties":{"s":"mud","phase":"before","epoch":"2023-06-16"},"geometry":{"type":"Point","coordinates":[-89.626335,29.382405]}},{"type":"Feature","properties":{"s":"mud","phase":"before","epoch":"2023-06-16"},"geometry":{"type":"Point","coordinates":[-89.626125,29.382475]}},{"type":"Feature","properties":{"s":"reef","phase":"before","epoch":"2023-06-16"},"geometry":{"type":"Point","coordinates":[-89.622311,29.383158]}},{"type":"Feature","properties":{"s":"reef","phase":"before","epoch":"2023-06-16"},"geometry":{"type":"Point","coordinates":[-89.623119,29.382842]}},{"type":"Feature","properties":{"s":"reef","phase":"before","epoch":"2023-06-16"},"geometry":{"type":"Point","coordinates":[-89.623345,29.382833]}},{"type":"Feature","properties":{"s":"reef","phase":"before","epoch":"2023-06-16"},"geometry":{"type":"Point","coordinates":[-89.623724,29.383007]}},{"type":"Feature","properties":{"s":"buried","phase":"before","epoch":"2023-06-16"},"geometry":{"type":"Point","coordinates":[-89.625196,29.382698]}},{"type":"Feature","properties":{"s":"buried","phase":"before","epoch":"2023-06-16"},"geometry":{"type":"Point","coordinates":[-89.625595,29.382637]}},{"type":"Feature","properties":{"s":"mud","phase":"before","epoch":"2023-06-16"},"geometry":{"type":"Point","coordinates":[-89.626033,29.382574]}},{"type":"Feature","properties":{"s":"mud","phase":"before","epoch":"2023-06-16"},"geometry":{"type":"Point","coordinates":[-89.626224,29.382609]}},{"type":"Feature","properties":{"s":"mud","phase":"before","epoch":"2023-06-16"},"geometry":{"type":"Point","coordinates":[-89.626577,29.383003]}},{"type":"Feature","properties":{"s":"mud","phase":"before","epoch":"2023-06-16"},"geometry":{"type":"Point","coordinates":[-89.625834,29.382629]}},{"type":"Feature","properties":{"s":"mud","phase":"before","epoch":"2023-06-16"},"geometry":{"type":"Point","coordinates":[-89.625407,29.382379]}},{"type":"Feature","properties":{"s":"mud","phase":"before","epoch":"2023-06-16"},"geometry":{"type":"Point","coordinates":[-89.625115,29.382235]}},{"type":"Feature","properties":{"s":"buried","phase":"before","epoch":"2023-06-16"},"geometry":{"type":"Point","coordinates":[-89.624906,29.382127]}},{"type":"Feature","properties":{"s":"buried","phase":"before","epoch":"2023-06-16"},"geometry":{"type":"Point","coordinates":[-89.624695,29.382015]}},{"type":"Feature","properties":{"s":"buried","phase":"before","epoch":"2023-06-16"},"geometry":{"type":"Point","coordinates":[-89.624504,29.381911]}},{"type":"Feature","properties":{"s":"mud","phase":"before","epoch":"2023-06-16"},"geometry":{"type":"Point","coordinates":[-89.624326,29.381814]}},{"type":"Feature","properties":{"s":"mud","phase":"before","epoch":"2023-06-16"},"geometry":{"type":"Point","coordinates":[-89.623212,29.381205]}},{"type":"Feature","properties":{"s":"mud","phase":"before","epoch":"2023-06-16"},"geometry":{"type":"Point","coordinates":[-89.62303,29.381121]}},{"type":"Feature","properties":{"s":"mud","phase":"before","epoch":"2023-06-16"},"geometry":{"type":"Point","coordinates":[-89.622814,29.38105]}},{"type":"Feature","properties":{"s":"mud","phase":"before","epoch":"2023-06-16"},"geometry":{"type":"Point","coordinates":[-89.622612,29.380972]}},{"type":"Feature","properties":{"s":"mud","phase":"before","epoch":"2023-06-16"},"geometry":{"type":"Point","coordinates":[-89.622459,29.380917]}},{"type":"Feature","properties":{"s":"mud","phase":"before","epoch":"2023-06-16"},"geometry":{"type":"Point","coordinates":[-89.622236,29.380847]}},{"type":"Feature","properties":{"s":"mud","phase":"before","epoch":"2023-06-16"},"geometry":{"type":"Point","coordinates":[-89.622086,29.38078]}},{"type":"Feature","properties":{"s":"mud","phase":"before","epoch":"2023-06-16"},"geometry":{"type":"Point","coordinates":[-89.621905,29.380695]}},{"type":"Feature","properties":{"s":"mud","phase":"before","epoch":"2023-06-16"},"geometry":{"type":"Point","coordinates":[-89.62172,29.380626]}},{"type":"Feature","properties":{"s":"mud","phase":"before","epoch":"2023-06-16"},"geometry":{"type":"Point","coordinates":[-89.621572,29.380561]}},{"type":"Feature","properties":{"s":"mud","phase":"before","epoch":"2023-06-16"},"geometry":{"type":"Point","coordinates":[-89.621374,29.380462]}},{"type":"Feature","properties":{"s":"mud","phase":"before","epoch":"2023-06-16"},"geometry":{"type":"Point","coordinates":[-89.621227,29.380408]}},{"type":"Feature","properties":{"s":"mud","phase":"before","epoch":"2023-06-16"},"geometry":{"type":"Point","coordinates":[-89.620961,29.3803]}},{"type":"Feature","properties":{"s":"mud","phase":"before","epoch":"2023-06-16"},"geometry":{"type":"Point","coordinates":[-89.620773,29.380225]}},{"type":"Feature","properties":{"s":"mud","phase":"before","epoch":"2023-06-16"},"geometry":{"type":"Point","coordinates":[-89.620529,29.380129]}},{"type":"Feature","properties":{"s":"mud","phase":"before","epoch":"2023-06-16"},"geometry":{"type":"Point","coordinates":[-89.620324,29.380028]}},{"type":"Feature","properties":{"s":"mud","phase":"before","epoch":"2023-06-16"},"geometry":{"type":"Point","coordinates":[-89.619922,29.379878]}},{"type":"Feature","properties":{"s":"mud","phase":"before","epoch":"2023-06-16"},"geometry":{"type":"Point","coordinates":[-89.619713,29.379851]}},{"type":"Feature","properties":{"s":"mud","phase":"before","epoch":"2023-06-16"},"geometry":{"type":"Point","coordinates":[-89.619482,29.379813]}},{"type":"Feature","properties":{"s":"mud","phase":"before","epoch":"2023-06-16"},"geometry":{"type":"Point","coordinates":[-89.619106,29.379779]}},{"type":"Feature","properties":{"s":"mud","phase":"before","epoch":"2023-06-16"},"geometry":{"type":"Point","coordinates":[-89.618909,29.379759]}},{"type":"Feature","properties":{"s":"mud","phase":"before","epoch":"2023-06-16"},"geometry":{"type":"Point","coordinates":[-89.618924,29.380324]}},{"type":"Feature","properties":{"s":"mud","phase":"before","epoch":"2023-06-16"},"geometry":{"type":"Point","coordinates":[-89.620086,29.380461]}},{"type":"Feature","properties":{"s":"buried","phase":"before","epoch":"2023-06-16"},"geometry":{"type":"Point","coordinates":[-89.620462,29.380513]}},{"type":"Feature","properties":{"s":"buried","phase":"before","epoch":"2023-06-16"},"geometry":{"type":"Point","coordinates":[-89.620785,29.380562]}},{"type":"Feature","properties":{"s":"buried","phase":"before","epoch":"2023-06-16"},"geometry":{"type":"Point","coordinates":[-89.621076,29.380604]}},{"type":"Feature","properties":{"s":"buried","phase":"before","epoch":"2023-06-16"},"geometry":{"type":"Point","coordinates":[-89.621469,29.380728]}},{"type":"Feature","properties":{"s":"buried","phase":"before","epoch":"2023-06-16"},"geometry":{"type":"Point","coordinates":[-89.621919,29.380899]}},{"type":"Feature","properties":{"s":"buried","phase":"before","epoch":"2023-06-16"},"geometry":{"type":"Point","coordinates":[-89.622232,29.381033]}},{"type":"Feature","properties":{"s":"mud","phase":"before","epoch":"2023-06-16"},"geometry":{"type":"Point","coordinates":[-89.622467,29.381137]}},{"type":"Feature","properties":{"s":"mud","phase":"before","epoch":"2023-06-16"},"geometry":{"type":"Point","coordinates":[-89.623104,29.381392]}},{"type":"Feature","properties":{"s":"buried","phase":"before","epoch":"2023-06-16"},"geometry":{"type":"Point","coordinates":[-89.624015,29.381932]}},{"type":"Feature","properties":{"s":"buried","phase":"before","epoch":"2023-06-16"},"geometry":{"type":"Point","coordinates":[-89.62435,29.382156]}},{"type":"Feature","properties":{"s":"buried","phase":"before","epoch":"2023-06-16"},"geometry":{"type":"Point","coordinates":[-89.624605,29.38231]}},{"type":"Feature","properties":{"s":"buried","phase":"before","epoch":"2023-06-16"},"geometry":{"type":"Point","coordinates":[-89.624797,29.382448]}},{"type":"Feature","properties":{"s":"buried","phase":"before","epoch":"2023-06-16"},"geometry":{"type":"Point","coordinates":[-89.62499,29.382568]}},{"type":"Feature","properties":{"s":"buried","phase":"before","epoch":"2023-06-16"},"geometry":{"type":"Point","coordinates":[-89.625366,29.382812]}},{"type":"Feature","properties":{"s":"buried","phase":"before","epoch":"2023-06-16"},"geometry":{"type":"Point","coordinates":[-89.62595,29.383205]}},{"type":"Feature","properties":{"s":"buried","phase":"before","epoch":"2023-06-16"},"geometry":{"type":"Point","coordinates":[-89.626118,29.38332]}},{"type":"Feature","properties":{"s":"buried","phase":"before","epoch":"2023-06-16"},"geometry":{"type":"Point","coordinates":[-89.625363,29.383539]}},{"type":"Feature","properties":{"s":"scat","phase":"before","epoch":"2023-06-16"},"geometry":{"type":"Point","coordinates":[-89.624918,29.383094]}},{"type":"Feature","properties":{"s":"scat","phase":"before","epoch":"2023-06-16"},"geometry":{"type":"Point","coordinates":[-89.624663,29.382671]}},{"type":"Feature","properties":{"s":"scat","phase":"before","epoch":"2023-06-16"},"geometry":{"type":"Point","coordinates":[-89.624626,29.38243]}},{"type":"Feature","properties":{"s":"buried","phase":"before","epoch":"2023-06-16"},"geometry":{"type":"Point","coordinates":[-89.624528,29.382198]}},{"type":"Feature","properties":{"s":"reef","phase":"before","epoch":"2023-06-16"},"geometry":{"type":"Point","coordinates":[-89.623583,29.383124]}},{"type":"Feature","properties":{"s":"reef","phase":"before","epoch":"2023-06-16"},"geometry":{"type":"Point","coordinates":[-89.623364,29.383034]}},{"type":"Feature","properties":{"s":"reef","phase":"before","epoch":"2023-06-16"},"geometry":{"type":"Point","coordinates":[-89.622842,29.382604]}},{"type":"Feature","properties":{"s":"reef","phase":"before","epoch":"2023-06-16"},"geometry":{"type":"Point","coordinates":[-89.622256,29.382192]}},{"type":"Feature","properties":{"s":"reef","phase":"before","epoch":"2023-06-16"},"geometry":{"type":"Point","coordinates":[-89.621499,29.382219]}},{"type":"Feature","properties":{"s":"buried","phase":"before","epoch":"2023-06-16"},"geometry":{"type":"Point","coordinates":[-89.621219,29.383002]}},{"type":"Feature","properties":{"s":"buried","phase":"before","epoch":"2023-06-16"},"geometry":{"type":"Point","coordinates":[-89.620907,29.383252]}},{"type":"Feature","properties":{"s":"buried","phase":"before","epoch":"2023-06-16"},"geometry":{"type":"Point","coordinates":[-89.620658,29.382935]}},{"type":"Feature","properties":{"s":"buried","phase":"before","epoch":"2023-06-16"},"geometry":{"type":"Point","coordinates":[-89.620606,29.382415]}},{"type":"Feature","properties":{"s":"mud","phase":"before","epoch":"2023-06-16"},"geometry":{"type":"Point","coordinates":[-89.620368,29.382296]}},{"type":"Feature","properties":{"s":"mud","phase":"before","epoch":"2023-06-16"},"geometry":{"type":"Point","coordinates":[-89.620199,29.38208]}},{"type":"Feature","properties":{"s":"mud","phase":"before","epoch":"2023-06-16"},"geometry":{"type":"Point","coordinates":[-89.619977,29.381803]}},{"type":"Feature","properties":{"s":"mud","phase":"before","epoch":"2023-06-16"},"geometry":{"type":"Point","coordinates":[-89.619811,29.381611]}},{"type":"Feature","properties":{"s":"mud","phase":"before","epoch":"2023-06-16"},"geometry":{"type":"Point","coordinates":[-89.619565,29.381268]}},{"type":"Feature","properties":{"s":"mud","phase":"before","epoch":"2023-06-16"},"geometry":{"type":"Point","coordinates":[-89.619365,29.380924]}},{"type":"Feature","properties":{"s":"mud","phase":"before","epoch":"2023-06-16"},"geometry":{"type":"Point","coordinates":[-89.619094,29.380674]}},{"type":"Feature","properties":{"s":"mud","phase":"before","epoch":"2023-06-16"},"geometry":{"type":"Point","coordinates":[-89.618852,29.380288]}},{"type":"Feature","properties":{"s":"mud","phase":"before","epoch":"2023-06-16"},"geometry":{"type":"Point","coordinates":[-89.618639,29.38003]}},{"type":"Feature","properties":{"s":"scat","phase":"before","epoch":"2023-06-16"},"geometry":{"type":"Point","coordinates":[-89.620798,29.381635]}},{"type":"Feature","properties":{"s":"mud","phase":"before","epoch":"2023-06-16"},"geometry":{"type":"Point","coordinates":[-89.625082,29.385767]}},{"type":"Feature","properties":{"s":"mud","phase":"before","epoch":"2023-06-16"},"geometry":{"type":"Point","coordinates":[-89.624382,29.385835]}},{"type":"Feature","properties":{"s":"mud","phase":"before","epoch":"2023-06-16"},"geometry":{"type":"Point","coordinates":[-89.624002,29.385883]}},{"type":"Feature","properties":{"s":"mud","phase":"before","epoch":"2023-06-16"},"geometry":{"type":"Point","coordinates":[-89.623551,29.385926]}},{"type":"Feature","properties":{"s":"mud","phase":"before","epoch":"2023-06-16"},"geometry":{"type":"Point","coordinates":[-89.623009,29.386016]}},{"type":"Feature","properties":{"s":"mud","phase":"before","epoch":"2023-06-16"},"geometry":{"type":"Point","coordinates":[-89.622723,29.386045]}},{"type":"Feature","properties":{"s":"mud","phase":"before","epoch":"2023-06-16"},"geometry":{"type":"Point","coordinates":[-89.622669,29.386616]}},{"type":"Feature","properties":{"s":"mud","phase":"before","epoch":"2023-06-16"},"geometry":{"type":"Point","coordinates":[-89.622951,29.38652]}},{"type":"Feature","properties":{"s":"mud","phase":"before","epoch":"2023-06-16"},"geometry":{"type":"Point","coordinates":[-89.623204,29.386447]}},{"type":"Feature","properties":{"s":"mud","phase":"before","epoch":"2023-06-16"},"geometry":{"type":"Point","coordinates":[-89.623504,29.386349]}},{"type":"Feature","properties":{"s":"mud","phase":"before","epoch":"2023-06-16"},"geometry":{"type":"Point","coordinates":[-89.623659,29.386277]}},{"type":"Feature","properties":{"s":"buried","phase":"before","epoch":"2023-06-16"},"geometry":{"type":"Point","coordinates":[-89.623886,29.386185]}},{"type":"Feature","properties":{"s":"mud","phase":"before","epoch":"2023-06-16"},"geometry":{"type":"Point","coordinates":[-89.624126,29.386111]}},{"type":"Feature","properties":{"s":"mud","phase":"before","epoch":"2023-06-16"},"geometry":{"type":"Point","coordinates":[-89.624501,29.386029]}},{"type":"Feature","properties":{"s":"mud","phase":"before","epoch":"2023-06-16"},"geometry":{"type":"Point","coordinates":[-89.62478,29.385931]}},{"type":"Feature","properties":{"s":"mud","phase":"before","epoch":"2023-06-16"},"geometry":{"type":"Point","coordinates":[-89.625092,29.385836]}},{"type":"Feature","properties":{"s":"mud","phase":"before","epoch":"2023-06-16"},"geometry":{"type":"Point","coordinates":[-89.625399,29.385748]}},{"type":"Feature","properties":{"s":"mud","phase":"before","epoch":"2023-06-16"},"geometry":{"type":"Point","coordinates":[-89.625746,29.385635]}},{"type":"Feature","properties":{"s":"mud","phase":"before","epoch":"2023-06-16"},"geometry":{"type":"Point","coordinates":[-89.625995,29.38555]}},{"type":"Feature","properties":{"s":"mud","phase":"before","epoch":"2023-06-16"},"geometry":{"type":"Point","coordinates":[-89.626246,29.385475]}},{"type":"Feature","properties":{"s":"mud","phase":"before","epoch":"2023-06-16"},"geometry":{"type":"Point","coordinates":[-89.626571,29.385389]}},{"type":"Feature","properties":{"s":"mud","phase":"before","epoch":"2023-06-16"},"geometry":{"type":"Point","coordinates":[-89.626916,29.385279]}},{"type":"Feature","properties":{"s":"mud","phase":"before","epoch":"2023-06-16"},"geometry":{"type":"Point","coordinates":[-89.627138,29.385205]}},{"type":"Feature","properties":{"s":"mud","phase":"before","epoch":"2023-06-16"},"geometry":{"type":"Point","coordinates":[-89.626906,29.384641]}},{"type":"Feature","properties":{"s":"scat","phase":"before","epoch":"2023-06-16"},"geometry":{"type":"Point","coordinates":[-89.626727,29.384701]}},{"type":"Feature","properties":{"s":"reef","phase":"before","epoch":"2023-06-16"},"geometry":{"type":"Point","coordinates":[-89.626265,29.38489]}},{"type":"Feature","properties":{"s":"scat","phase":"before","epoch":"2023-06-16"},"geometry":{"type":"Point","coordinates":[-89.626049,29.384979]}},{"type":"Feature","properties":{"s":"scat","phase":"before","epoch":"2023-06-16"},"geometry":{"type":"Point","coordinates":[-89.625841,29.385054]}},{"type":"Feature","properties":{"s":"buried","phase":"before","epoch":"2023-06-16"},"geometry":{"type":"Point","coordinates":[-89.625678,29.385123]}},{"type":"Feature","properties":{"s":"buried","phase":"before","epoch":"2023-06-16"},"geometry":{"type":"Point","coordinates":[-89.625436,29.385208]}},{"type":"Feature","properties":{"s":"buried","phase":"before","epoch":"2023-06-16"},"geometry":{"type":"Point","coordinates":[-89.625227,29.385267]}},{"type":"Feature","properties":{"s":"buried","phase":"before","epoch":"2023-06-16"},"geometry":{"type":"Point","coordinates":[-89.62493,29.385368]}},{"type":"Feature","properties":{"s":"buried","phase":"before","epoch":"2023-06-16"},"geometry":{"type":"Point","coordinates":[-89.624596,29.385445]}},{"type":"Feature","properties":{"s":"buried","phase":"before","epoch":"2023-06-16"},"geometry":{"type":"Point","coordinates":[-89.624194,29.385552]}},{"type":"Feature","properties":{"s":"mud","phase":"before","epoch":"2023-06-16"},"geometry":{"type":"Point","coordinates":[-89.623805,29.385674]}},{"type":"Feature","properties":{"s":"mud","phase":"before","epoch":"2023-06-16"},"geometry":{"type":"Point","coordinates":[-89.623366,29.385785]}},{"type":"Feature","properties":{"s":"mud","phase":"before","epoch":"2023-06-16"},"geometry":{"type":"Point","coordinates":[-89.622886,29.385929]}},{"type":"Feature","properties":{"s":"buried","phase":"before","epoch":"2023-06-16"},"geometry":{"type":"Point","coordinates":[-89.62243,29.385548]}},{"type":"Feature","properties":{"s":"mud","phase":"before","epoch":"2023-06-16"},"geometry":{"type":"Point","coordinates":[-89.622766,29.385556]}},{"type":"Feature","properties":{"s":"mud","phase":"before","epoch":"2023-06-16"},"geometry":{"type":"Point","coordinates":[-89.623189,29.385579]}},{"type":"Feature","properties":{"s":"mud","phase":"before","epoch":"2023-06-16"},"geometry":{"type":"Point","coordinates":[-89.62349,29.385516]}},{"type":"Feature","properties":{"s":"mud","phase":"before","epoch":"2023-06-16"},"geometry":{"type":"Point","coordinates":[-89.623826,29.385446]}},{"type":"Feature","properties":{"s":"buried","phase":"before","epoch":"2023-06-16"},"geometry":{"type":"Point","coordinates":[-89.623994,29.385397]}},{"type":"Feature","properties":{"s":"buried","phase":"before","epoch":"2023-06-16"},"geometry":{"type":"Point","coordinates":[-89.624373,29.385283]}},{"type":"Feature","properties":{"s":"buried","phase":"before","epoch":"2023-06-16"},"geometry":{"type":"Point","coordinates":[-89.624521,29.385246]}},{"type":"Feature","properties":{"s":"buried","phase":"before","epoch":"2023-06-16"},"geometry":{"type":"Point","coordinates":[-89.62472,29.38519]}},{"type":"Feature","properties":{"s":"buried","phase":"before","epoch":"2023-06-16"},"geometry":{"type":"Point","coordinates":[-89.625008,29.385101]}},{"type":"Feature","properties":{"s":"buried","phase":"before","epoch":"2023-06-16"},"geometry":{"type":"Point","coordinates":[-89.625263,29.385022]}},{"type":"Feature","properties":{"s":"buried","phase":"before","epoch":"2023-06-16"},"geometry":{"type":"Point","coordinates":[-89.625435,29.384965]}},{"type":"Feature","properties":{"s":"buried","phase":"before","epoch":"2023-06-16"},"geometry":{"type":"Point","coordinates":[-89.625626,29.384905]}},{"type":"Feature","properties":{"s":"reef","phase":"before","epoch":"2023-06-16"},"geometry":{"type":"Point","coordinates":[-89.6258,29.384856]}},{"type":"Feature","properties":{"s":"reef","phase":"before","epoch":"2023-06-16"},"geometry":{"type":"Point","coordinates":[-89.626112,29.384742]}},{"type":"Feature","properties":{"s":"reef","phase":"before","epoch":"2023-06-16"},"geometry":{"type":"Point","coordinates":[-89.626313,29.384667]}},{"type":"Feature","properties":{"s":"reef","phase":"before","epoch":"2023-06-16"},"geometry":{"type":"Point","coordinates":[-89.626471,29.384609]}},{"type":"Feature","properties":{"s":"buried","phase":"before","epoch":"2023-06-16"},"geometry":{"type":"Point","coordinates":[-89.62667,29.38453]}},{"type":"Feature","properties":{"s":"buried","phase":"before","epoch":"2023-06-16"},"geometry":{"type":"Point","coordinates":[-89.626911,29.384454]}},{"type":"Feature","properties":{"s":"mud","phase":"before","epoch":"2023-06-16"},"geometry":{"type":"Point","coordinates":[-89.627044,29.384401]}},{"type":"Feature","properties":{"s":"mud","phase":"before","epoch":"2023-06-16"},"geometry":{"type":"Point","coordinates":[-89.626748,29.383872]}},{"type":"Feature","properties":{"s":"buried","phase":"before","epoch":"2023-06-16"},"geometry":{"type":"Point","coordinates":[-89.626456,29.384027]}},{"type":"Feature","properties":{"s":"reef","phase":"before","epoch":"2023-06-16"},"geometry":{"type":"Point","coordinates":[-89.626257,29.384139]}},{"type":"Feature","properties":{"s":"scat","phase":"before","epoch":"2023-06-16"},"geometry":{"type":"Point","coordinates":[-89.626109,29.384236]}},{"type":"Feature","properties":{"s":"reef","phase":"before","epoch":"2023-06-16"},"geometry":{"type":"Point","coordinates":[-89.625923,29.384335]}},{"type":"Feature","properties":{"s":"reef","phase":"before","epoch":"2023-06-16"},"geometry":{"type":"Point","coordinates":[-89.625706,29.384449]}},{"type":"Feature","properties":{"s":"scat","phase":"before","epoch":"2023-06-16"},"geometry":{"type":"Point","coordinates":[-89.625445,29.384542]}},{"type":"Feature","properties":{"s":"buried","phase":"before","epoch":"2023-06-16"},"geometry":{"type":"Point","coordinates":[-89.625115,29.384655]}},{"type":"Feature","properties":{"s":"buried","phase":"before","epoch":"2023-06-16"},"geometry":{"type":"Point","coordinates":[-89.624898,29.384715]}},{"type":"Feature","properties":{"s":"buried","phase":"before","epoch":"2023-06-16"},"geometry":{"type":"Point","coordinates":[-89.624698,29.384791]}},{"type":"Feature","properties":{"s":"buried","phase":"before","epoch":"2023-06-16"},"geometry":{"type":"Point","coordinates":[-89.624494,29.384864]}},{"type":"Feature","properties":{"s":"buried","phase":"before","epoch":"2023-06-16"},"geometry":{"type":"Point","coordinates":[-89.624288,29.384936]}},{"type":"Feature","properties":{"s":"buried","phase":"before","epoch":"2023-06-16"},"geometry":{"type":"Point","coordinates":[-89.624047,29.385027]}},{"type":"Feature","properties":{"s":"buried","phase":"before","epoch":"2023-06-16"},"geometry":{"type":"Point","coordinates":[-89.62386,29.385083]}},{"type":"Feature","properties":{"s":"buried","phase":"before","epoch":"2023-06-16"},"geometry":{"type":"Point","coordinates":[-89.623623,29.385149]}},{"type":"Feature","properties":{"s":"mud","phase":"before","epoch":"2023-06-16"},"geometry":{"type":"Point","coordinates":[-89.623379,29.385218]}},{"type":"Feature","properties":{"s":"buried","phase":"before","epoch":"2023-06-16"},"geometry":{"type":"Point","coordinates":[-89.622979,29.385329]}},{"type":"Feature","properties":{"s":"buried","phase":"before","epoch":"2023-06-16"},"geometry":{"type":"Point","coordinates":[-89.622683,29.385401]}},{"type":"Feature","properties":{"s":"buried","phase":"before","epoch":"2023-06-16"},"geometry":{"type":"Point","coordinates":[-89.622249,29.385507]}},{"type":"Feature","properties":{"s":"mud","phase":"before","epoch":"2023-06-16"},"geometry":{"type":"Point","coordinates":[-89.62152,29.385143]}},{"type":"Feature","properties":{"s":"mud","phase":"before","epoch":"2023-06-16"},"geometry":{"type":"Point","coordinates":[-89.621985,29.385082]}},{"type":"Feature","properties":{"s":"mud","phase":"before","epoch":"2023-06-16"},"geometry":{"type":"Point","coordinates":[-89.622224,29.385076]}},{"type":"Feature","properties":{"s":"buried","phase":"before","epoch":"2023-06-16"},"geometry":{"type":"Point","coordinates":[-89.6224,29.385032]}},{"type":"Feature","properties":{"s":"buried","phase":"before","epoch":"2023-06-16"},"geometry":{"type":"Point","coordinates":[-89.622607,29.384999]}},{"type":"Feature","properties":{"s":"buried","phase":"before","epoch":"2023-06-16"},"geometry":{"type":"Point","coordinates":[-89.623003,29.384924]}},{"type":"Feature","properties":{"s":"buried","phase":"before","epoch":"2023-06-16"},"geometry":{"type":"Point","coordinates":[-89.623212,29.384873]}},{"type":"Feature","properties":{"s":"buried","phase":"before","epoch":"2023-06-16"},"geometry":{"type":"Point","coordinates":[-89.623503,29.38482]}},{"type":"Feature","properties":{"s":"buried","phase":"before","epoch":"2023-06-16"},"geometry":{"type":"Point","coordinates":[-89.623712,29.384766]}},{"type":"Feature","properties":{"s":"buried","phase":"before","epoch":"2023-06-16"},"geometry":{"type":"Point","coordinates":[-89.623897,29.384688]}},{"type":"Feature","properties":{"s":"buried","phase":"before","epoch":"2023-06-16"},"geometry":{"type":"Point","coordinates":[-89.624117,29.384632]}},{"type":"Feature","properties":{"s":"reef","phase":"before","epoch":"2023-06-16"},"geometry":{"type":"Point","coordinates":[-89.624343,29.384569]}},{"type":"Feature","properties":{"s":"scat","phase":"before","epoch":"2023-06-16"},"geometry":{"type":"Point","coordinates":[-89.62455,29.384522]}},{"type":"Feature","properties":{"s":"scat","phase":"before","epoch":"2023-06-16"},"geometry":{"type":"Point","coordinates":[-89.624782,29.384468]}},{"type":"Feature","properties":{"s":"buried","phase":"before","epoch":"2023-06-16"},"geometry":{"type":"Point","coordinates":[-89.624994,29.384421]}},{"type":"Feature","properties":{"s":"buried","phase":"before","epoch":"2023-06-16"},"geometry":{"type":"Point","coordinates":[-89.625286,29.384352]}},{"type":"Feature","properties":{"s":"buried","phase":"before","epoch":"2023-06-16"},"geometry":{"type":"Point","coordinates":[-89.625466,29.384308]}},{"type":"Feature","properties":{"s":"reef","phase":"before","epoch":"2023-06-16"},"geometry":{"type":"Point","coordinates":[-89.625679,29.384273]}},{"type":"Feature","properties":{"s":"reef","phase":"before","epoch":"2023-06-16"},"geometry":{"type":"Point","coordinates":[-89.626375,29.384199]}},{"type":"Feature","properties":{"s":"buried","phase":"before","epoch":"2023-06-16"},"geometry":{"type":"Point","coordinates":[-89.626713,29.384168]}},{"type":"Feature","properties":{"s":"mud","phase":"before","epoch":"2023-06-16"},"geometry":{"type":"Point","coordinates":[-89.626801,29.383401]}},{"type":"Feature","properties":{"s":"buried","phase":"before","epoch":"2023-06-16"},"geometry":{"type":"Point","coordinates":[-89.62651,29.383435]}},{"type":"Feature","properties":{"s":"buried","phase":"before","epoch":"2023-06-16"},"geometry":{"type":"Point","coordinates":[-89.626267,29.383474]}},{"type":"Feature","properties":{"s":"buried","phase":"before","epoch":"2023-06-16"},"geometry":{"type":"Point","coordinates":[-89.625919,29.383587]}},{"type":"Feature","properties":{"s":"buried","phase":"before","epoch":"2023-06-16"},"geometry":{"type":"Point","coordinates":[-89.625702,29.383692]}},{"type":"Feature","properties":{"s":"buried","phase":"before","epoch":"2023-06-16"},"geometry":{"type":"Point","coordinates":[-89.625529,29.383747]}},{"type":"Feature","properties":{"s":"scat","phase":"before","epoch":"2023-06-16"},"geometry":{"type":"Point","coordinates":[-89.625221,29.383828]}},{"type":"Feature","properties":{"s":"scat","phase":"before","epoch":"2023-06-16"},"geometry":{"type":"Point","coordinates":[-89.625013,29.383874]}},{"type":"Feature","properties":{"s":"scat","phase":"before","epoch":"2023-06-16"},"geometry":{"type":"Point","coordinates":[-89.624597,29.384]}},{"type":"Feature","properties":{"s":"mud","phase":"before","epoch":"2023-06-16"},"geometry":{"type":"Point","coordinates":[-89.624399,29.384075]}},{"type":"Feature","properties":{"s":"scat","phase":"before","epoch":"2023-06-16"},"geometry":{"type":"Point","coordinates":[-89.624123,29.384156]}},{"type":"Feature","properties":{"s":"scat","phase":"before","epoch":"2023-06-16"},"geometry":{"type":"Point","coordinates":[-89.623792,29.384242]}},{"type":"Feature","properties":{"s":"reef","phase":"before","epoch":"2023-06-16"},"geometry":{"type":"Point","coordinates":[-89.623628,29.38429]}},{"type":"Feature","properties":{"s":"reef","phase":"before","epoch":"2023-06-16"},"geometry":{"type":"Point","coordinates":[-89.623277,29.384387]}},{"type":"Feature","properties":{"s":"reef","phase":"before","epoch":"2023-06-16"},"geometry":{"type":"Point","coordinates":[-89.623044,29.384453]}},{"type":"Feature","properties":{"s":"buried","phase":"before","epoch":"2023-06-16"},"geometry":{"type":"Point","coordinates":[-89.62283,29.384517]}},{"type":"Feature","properties":{"s":"buried","phase":"before","epoch":"2023-06-16"},"geometry":{"type":"Point","coordinates":[-89.622424,29.384633]}},{"type":"Feature","properties":{"s":"scat","phase":"before","epoch":"2023-06-16"},"geometry":{"type":"Point","coordinates":[-89.622248,29.384689]}},{"type":"Feature","properties":{"s":"mud","phase":"before","epoch":"2023-06-16"},"geometry":{"type":"Point","coordinates":[-89.621932,29.384768]}},{"type":"Feature","properties":{"s":"mud","phase":"before","epoch":"2023-06-16"},"geometry":{"type":"Point","coordinates":[-89.621575,29.384875]}},{"type":"Feature","properties":{"s":"mud","phase":"before","epoch":"2023-06-16"},"geometry":{"type":"Point","coordinates":[-89.621188,29.384989]}},{"type":"Feature","properties":{"s":"mud","phase":"before","epoch":"2023-06-16"},"geometry":{"type":"Point","coordinates":[-89.62211,29.385286]}},{"type":"Feature","properties":{"s":"buried","phase":"before","epoch":"2023-06-16"},"geometry":{"type":"Point","coordinates":[-89.622648,29.385]}},{"type":"Feature","properties":{"s":"buried","phase":"before","epoch":"2023-06-16"},"geometry":{"type":"Point","coordinates":[-89.623058,29.384759]}},{"type":"Feature","properties":{"s":"reef","phase":"before","epoch":"2023-06-16"},"geometry":{"type":"Point","coordinates":[-89.623471,29.384519]}},{"type":"Feature","properties":{"s":"reef","phase":"before","epoch":"2023-06-16"},"geometry":{"type":"Point","coordinates":[-89.623736,29.38442]}},{"type":"Feature","properties":{"s":"scat","phase":"before","epoch":"2023-06-16"},"geometry":{"type":"Point","coordinates":[-89.624026,29.38434]}},{"type":"Feature","properties":{"s":"scat","phase":"before","epoch":"2023-06-16"},"geometry":{"type":"Point","coordinates":[-89.624406,29.384275]}},{"type":"Feature","properties":{"s":"scat","phase":"before","epoch":"2023-06-16"},"geometry":{"type":"Point","coordinates":[-89.624782,29.384183]}},{"type":"Feature","properties":{"s":"mud","phase":"before","epoch":"2023-06-16"},"geometry":{"type":"Point","coordinates":[-89.62499,29.384134]}},{"type":"Feature","properties":{"s":"buried","phase":"before","epoch":"2023-06-16"},"geometry":{"type":"Point","coordinates":[-89.62526,29.384081]}},{"type":"Feature","properties":{"s":"scat","phase":"before","epoch":"2023-06-16"},"geometry":{"type":"Point","coordinates":[-89.625565,29.384004]}},{"type":"Feature","properties":{"s":"scat","phase":"before","epoch":"2023-06-16"},"geometry":{"type":"Point","coordinates":[-89.625803,29.383949]}},{"type":"Feature","properties":{"s":"scat","phase":"before","epoch":"2023-06-16"},"geometry":{"type":"Point","coordinates":[-89.626075,29.383894]}},{"type":"Feature","properties":{"s":"buried","phase":"before","epoch":"2023-06-16"},"geometry":{"type":"Point","coordinates":[-89.626409,29.383797]}},{"type":"Feature","properties":{"s":"mud","phase":"before","epoch":"2023-06-16"},"geometry":{"type":"Point","coordinates":[-89.626678,29.383734]}},{"type":"Feature","properties":{"s":"mud","phase":"before","epoch":"2023-06-16"},"geometry":{"type":"Point","coordinates":[-89.626383,29.383054]}},{"type":"Feature","properties":{"s":"buried","phase":"before","epoch":"2023-06-16"},"geometry":{"type":"Point","coordinates":[-89.626201,29.383095]}},{"type":"Feature","properties":{"s":"buried","phase":"before","epoch":"2023-06-16"},"geometry":{"type":"Point","coordinates":[-89.625894,29.383169]}},{"type":"Feature","properties":{"s":"buried","phase":"before","epoch":"2023-06-16"},"geometry":{"type":"Point","coordinates":[-89.625524,29.383311]}},{"type":"Feature","properties":{"s":"buried","phase":"before","epoch":"2023-06-16"},"geometry":{"type":"Point","coordinates":[-89.625104,29.383477]}},{"type":"Feature","properties":{"s":"buried","phase":"before","epoch":"2023-06-16"},"geometry":{"type":"Point","coordinates":[-89.624772,29.383596]}},{"type":"Feature","properties":{"s":"reef","phase":"before","epoch":"2023-06-16"},"geometry":{"type":"Point","coordinates":[-89.624582,29.38368]}},{"type":"Feature","properties":{"s":"reef","phase":"before","epoch":"2023-06-16"},"geometry":{"type":"Point","coordinates":[-89.62424,29.383783]}},{"type":"Feature","properties":{"s":"reef","phase":"before","epoch":"2023-06-16"},"geometry":{"type":"Point","coordinates":[-89.623981,29.383878]}},{"type":"Feature","properties":{"s":"reef","phase":"before","epoch":"2023-06-16"},"geometry":{"type":"Point","coordinates":[-89.623733,29.383944]}},{"type":"Feature","properties":{"s":"reef","phase":"before","epoch":"2023-06-16"},"geometry":{"type":"Point","coordinates":[-89.623539,29.384004]}},{"type":"Feature","properties":{"s":"reef","phase":"before","epoch":"2023-06-16"},"geometry":{"type":"Point","coordinates":[-89.623325,29.384048]}},{"type":"Feature","properties":{"s":"buried","phase":"before","epoch":"2023-06-16"},"geometry":{"type":"Point","coordinates":[-89.623076,29.384092]}},{"type":"Feature","properties":{"s":"reef","phase":"before","epoch":"2023-06-16"},"geometry":{"type":"Point","coordinates":[-89.622833,29.384159]}},{"type":"Feature","properties":{"s":"scat","phase":"before","epoch":"2023-06-16"},"geometry":{"type":"Point","coordinates":[-89.622591,29.384221]}},{"type":"Feature","properties":{"s":"scat","phase":"before","epoch":"2023-06-16"},"geometry":{"type":"Point","coordinates":[-89.62238,29.384262]}},{"type":"Feature","properties":{"s":"mud","phase":"before","epoch":"2025-04-30"},"geometry":{"type":"Point","coordinates":[-89.626467,29.385354]}},{"type":"Feature","properties":{"s":"mud","phase":"before","epoch":"2025-04-30"},"geometry":{"type":"Point","coordinates":[-89.626576,29.385465]}},{"type":"Feature","properties":{"s":"scat","phase":"before","epoch":"2025-04-30"},"geometry":{"type":"Point","coordinates":[-89.626653,29.385436]}},{"type":"Feature","properties":{"s":"reef","phase":"before","epoch":"2025-04-30"},"geometry":{"type":"Point","coordinates":[-89.626705,29.385204]}},{"type":"Feature","properties":{"s":"scat","phase":"before","epoch":"2025-04-30"},"geometry":{"type":"Point","coordinates":[-89.626964,29.385337]}},{"type":"Feature","properties":{"s":"buried","phase":"after","epoch":"2025-11-20"},"geometry":{"type":"Point","coordinates":[-89.620098,29.383193]}},{"type":"Feature","properties":{"s":"scat","phase":"after","epoch":"2025-11-20"},"geometry":{"type":"Point","coordinates":[-89.620025,29.383099]}},{"type":"Feature","properties":{"s":"scat","phase":"after","epoch":"2025-11-20"},"geometry":{"type":"Point","coordinates":[-89.619969,29.383039]}},{"type":"Feature","properties":{"s":"reef","phase":"after","epoch":"2025-11-20"},"geometry":{"type":"Point","coordinates":[-89.619931,29.38299]}},{"type":"Feature","properties":{"s":"reef","phase":"after","epoch":"2025-11-20"},"geometry":{"type":"Point","coordinates":[-89.619886,29.382946]}},{"type":"Feature","properties":{"s":"buried","phase":"after","epoch":"2025-11-20"},"geometry":{"type":"Point","coordinates":[-89.620398,29.383617]}},{"type":"Feature","properties":{"s":"buried","phase":"after","epoch":"2025-11-20"},"geometry":{"type":"Point","coordinates":[-89.620331,29.383536]}},{"type":"Feature","properties":{"s":"reef","phase":"after","epoch":"2025-11-20"},"geometry":{"type":"Point","coordinates":[-89.620201,29.383339]}},{"type":"Feature","properties":{"s":"reef","phase":"after","epoch":"2025-11-20"},"geometry":{"type":"Point","coordinates":[-89.620165,29.383291]}},{"type":"Feature","properties":{"s":"scat","phase":"after","epoch":"2025-11-20"},"geometry":{"type":"Point","coordinates":[-89.620838,29.384175]}},{"type":"Feature","properties":{"s":"scat","phase":"after","epoch":"2025-11-20"},"geometry":{"type":"Point","coordinates":[-89.620769,29.38409]}},{"type":"Feature","properties":{"s":"scat","phase":"after","epoch":"2025-11-20"},"geometry":{"type":"Point","coordinates":[-89.620717,29.384023]}},{"type":"Feature","properties":{"s":"buried","phase":"after","epoch":"2025-11-20"},"geometry":{"type":"Point","coordinates":[-89.620613,29.383895]}},{"type":"Feature","properties":{"s":"scat","phase":"after","epoch":"2025-11-20"},"geometry":{"type":"Point","coordinates":[-89.62053,29.383788]}},{"type":"Feature","properties":{"s":"buried","phase":"after","epoch":"2025-11-20"},"geometry":{"type":"Point","coordinates":[-89.620449,29.38368]}},{"type":"Feature","properties":{"s":"firm","phase":"after","epoch":"2025-11-20"},"geometry":{"type":"Point","coordinates":[-89.621244,29.384673]}},{"type":"Feature","properties":{"s":"firm","phase":"after","epoch":"2025-11-20"},"geometry":{"type":"Point","coordinates":[-89.621189,29.384607]}},{"type":"Feature","properties":{"s":"buried","phase":"after","epoch":"2025-11-20"},"geometry":{"type":"Point","coordinates":[-89.621052,29.384433]}},{"type":"Feature","properties":{"s":"buried","phase":"after","epoch":"2025-11-20"},"geometry":{"type":"Point","coordinates":[-89.62098,29.384348]}},{"type":"Feature","properties":{"s":"mud","phase":"after","epoch":"2025-11-20"},"geometry":{"type":"Point","coordinates":[-89.620945,29.384304]}},{"type":"Feature","properties":{"s":"buried","phase":"after","epoch":"2025-11-20"},"geometry":{"type":"Point","coordinates":[-89.621655,29.385164]}},{"type":"Feature","properties":{"s":"buried","phase":"after","epoch":"2025-11-20"},"geometry":{"type":"Point","coordinates":[-89.621568,29.385056]}},{"type":"Feature","properties":{"s":"buried","phase":"after","epoch":"2025-11-20"},"geometry":{"type":"Point","coordinates":[-89.6215,29.384971]}},{"type":"Feature","properties":{"s":"buried","phase":"after","epoch":"2025-11-20"},"geometry":{"type":"Point","coordinates":[-89.621429,29.384883]}},{"type":"Feature","properties":{"s":"firm","phase":"after","epoch":"2025-11-20"},"geometry":{"type":"Point","coordinates":[-89.621337,29.384777]}},{"type":"Feature","properties":{"s":"firm","phase":"after","epoch":"2025-11-20"},"geometry":{"type":"Point","coordinates":[-89.621795,29.385336]}},{"type":"Feature","properties":{"s":"firm","phase":"after","epoch":"2025-11-20"},"geometry":{"type":"Point","coordinates":[-89.621744,29.385272]}},{"type":"Feature","properties":{"s":"firm","phase":"after","epoch":"2025-11-20"},"geometry":{"type":"Point","coordinates":[-89.622494,29.386185]}},{"type":"Feature","properties":{"s":"firm","phase":"after","epoch":"2025-11-20"},"geometry":{"type":"Point","coordinates":[-89.622907,29.38632]}},{"type":"Feature","properties":{"s":"firm","phase":"after","epoch":"2025-11-20"},"geometry":{"type":"Point","coordinates":[-89.622871,29.386369]}},{"type":"Feature","properties":{"s":"firm","phase":"after","epoch":"2025-11-20"},"geometry":{"type":"Point","coordinates":[-89.622802,29.386394]}},{"type":"Feature","properties":{"s":"firm","phase":"after","epoch":"2025-11-20"},"geometry":{"type":"Point","coordinates":[-89.622667,29.386367]}},{"type":"Feature","properties":{"s":"firm","phase":"after","epoch":"2025-11-20"},"geometry":{"type":"Point","coordinates":[-89.622569,29.386269]}},{"type":"Feature","properties":{"s":"firm","phase":"after","epoch":"2025-11-20"},"geometry":{"type":"Point","coordinates":[-89.62291,29.386262]}},{"type":"Feature","properties":{"s":"mud","phase":"after","epoch":"2025-11-20"},"geometry":{"type":"Point","coordinates":[-89.622725,29.386039]}},{"type":"Feature","properties":{"s":"mud","phase":"after","epoch":"2025-11-20"},"geometry":{"type":"Point","coordinates":[-89.622773,29.386091]}},{"type":"Feature","properties":{"s":"mud","phase":"after","epoch":"2025-11-20"},"geometry":{"type":"Point","coordinates":[-89.622827,29.386141]}},{"type":"Feature","properties":{"s":"mud","phase":"after","epoch":"2025-11-20"},"geometry":{"type":"Point","coordinates":[-89.622886,29.386183]}},{"type":"Feature","properties":{"s":"firm","phase":"after","epoch":"2025-11-20"},"geometry":{"type":"Point","coordinates":[-89.622445,29.385687]}},{"type":"Feature","properties":{"s":"buried","phase":"after","epoch":"2025-11-20"},"geometry":{"type":"Point","coordinates":[-89.622663,29.385968]}},{"type":"Feature","properties":{"s":"scat","phase":"after","epoch":"2025-11-20"},"geometry":{"type":"Point","coordinates":[-89.622101,29.385274]}},{"type":"Feature","properties":{"s":"scat","phase":"after","epoch":"2025-11-20"},"geometry":{"type":"Point","coordinates":[-89.62217,29.385351]}},{"type":"Feature","properties":{"s":"buried","phase":"after","epoch":"2025-11-20"},"geometry":{"type":"Point","coordinates":[-89.622269,29.385471]}},{"type":"Feature","properties":{"s":"buried","phase":"after","epoch":"2025-11-20"},"geometry":{"type":"Point","coordinates":[-89.622338,29.385551]}},{"type":"Feature","properties":{"s":"scat","phase":"after","epoch":"2025-11-20"},"geometry":{"type":"Point","coordinates":[-89.621741,29.384853]}},{"type":"Feature","properties":{"s":"scat","phase":"after","epoch":"2025-11-20"},"geometry":{"type":"Point","coordinates":[-89.621853,29.384987]}},{"type":"Feature","properties":{"s":"scat","phase":"after","epoch":"2025-11-20"},"geometry":{"type":"Point","coordinates":[-89.621935,29.385084]}},{"type":"Feature","properties":{"s":"firm","phase":"after","epoch":"2025-11-20"},"geometry":{"type":"Point","coordinates":[-89.62202,29.38518]}},{"type":"Feature","properties":{"s":"reef","phase":"after","epoch":"2025-11-20"},"geometry":{"type":"Point","coordinates":[-89.621301,29.384352]}},{"type":"Feature","properties":{"s":"reef","phase":"after","epoch":"2025-11-20"},"geometry":{"type":"Point","coordinates":[-89.621371,29.384433]}},{"type":"Feature","properties":{"s":"reef","phase":"after","epoch":"2025-11-20"},"geometry":{"type":"Point","coordinates":[-89.621455,29.384526]}},{"type":"Feature","properties":{"s":"reef","phase":"after","epoch":"2025-11-20"},"geometry":{"type":"Point","coordinates":[-89.621472,29.384545]}},{"type":"Feature","properties":{"s":"scat","phase":"after","epoch":"2025-11-20"},"geometry":{"type":"Point","coordinates":[-89.621625,29.384719]}},{"type":"Feature","properties":{"s":"scat","phase":"after","epoch":"2025-11-20"},"geometry":{"type":"Point","coordinates":[-89.620892,29.383858]}},{"type":"Feature","properties":{"s":"scat","phase":"after","epoch":"2025-11-20"},"geometry":{"type":"Point","coordinates":[-89.62096,29.383937]}},{"type":"Feature","properties":{"s":"reef","phase":"after","epoch":"2025-11-20"},"geometry":{"type":"Point","coordinates":[-89.621027,29.384017]}},{"type":"Feature","properties":{"s":"reef","phase":"after","epoch":"2025-11-20"},"geometry":{"type":"Point","coordinates":[-89.62109,29.384095]}},{"type":"Feature","properties":{"s":"scat","phase":"after","epoch":"2025-11-20"},"geometry":{"type":"Point","coordinates":[-89.621151,29.384173]}},{"type":"Feature","properties":{"s":"scat","phase":"after","epoch":"2025-11-20"},"geometry":{"type":"Point","coordinates":[-89.621234,29.384273]}},{"type":"Feature","properties":{"s":"scat","phase":"after","epoch":"2025-11-20"},"geometry":{"type":"Point","coordinates":[-89.620496,29.383392]}},{"type":"Feature","properties":{"s":"scat","phase":"after","epoch":"2025-11-20"},"geometry":{"type":"Point","coordinates":[-89.620561,29.383472]}},{"type":"Feature","properties":{"s":"reef","phase":"after","epoch":"2025-11-20"},"geometry":{"type":"Point","coordinates":[-89.620627,29.383549]}},{"type":"Feature","properties":{"s":"reef","phase":"after","epoch":"2025-11-20"},"geometry":{"type":"Point","coordinates":[-89.620694,29.383628]}},{"type":"Feature","properties":{"s":"reef","phase":"after","epoch":"2025-11-20"},"geometry":{"type":"Point","coordinates":[-89.620759,29.383706]}},{"type":"Feature","properties":{"s":"reef","phase":"after","epoch":"2025-11-20"},"geometry":{"type":"Point","coordinates":[-89.62081,29.383765]}},{"type":"Feature","properties":{"s":"scat","phase":"after","epoch":"2025-11-20"},"geometry":{"type":"Point","coordinates":[-89.620059,29.382868]}},{"type":"Feature","properties":{"s":"scat","phase":"after","epoch":"2025-11-20"},"geometry":{"type":"Point","coordinates":[-89.620106,29.382925]}},{"type":"Feature","properties":{"s":"scat","phase":"after","epoch":"2025-11-20"},"geometry":{"type":"Point","coordinates":[-89.620171,29.383006]}},{"type":"Feature","properties":{"s":"scat","phase":"after","epoch":"2025-11-20"},"geometry":{"type":"Point","coordinates":[-89.620239,29.383082]}},{"type":"Feature","properties":{"s":"scat","phase":"after","epoch":"2025-11-20"},"geometry":{"type":"Point","coordinates":[-89.620303,29.383159]}},{"type":"Feature","properties":{"s":"reef","phase":"after","epoch":"2025-11-20"},"geometry":{"type":"Point","coordinates":[-89.620367,29.383237]}},{"type":"Feature","properties":{"s":"reef","phase":"after","epoch":"2025-11-20"},"geometry":{"type":"Point","coordinates":[-89.620432,29.383313]}},{"type":"Feature","properties":{"s":"scat","phase":"after","epoch":"2025-11-20"},"geometry":{"type":"Point","coordinates":[-89.61985,29.382598]}},{"type":"Feature","properties":{"s":"reef","phase":"after","epoch":"2025-11-20"},"geometry":{"type":"Point","coordinates":[-89.619892,29.382664]}},{"type":"Feature","properties":{"s":"scat","phase":"after","epoch":"2025-11-20"},"geometry":{"type":"Point","coordinates":[-89.619997,29.382788]}},{"type":"Feature","properties":{"s":"scat","phase":"after","epoch":"2025-11-20"},"geometry":{"type":"Point","coordinates":[-89.620356,29.382631]}},{"type":"Feature","properties":{"s":"firm","phase":"after","epoch":"2025-11-20"},"geometry":{"type":"Point","coordinates":[-89.620107,29.382349]}},{"type":"Feature","properties":{"s":"reef","phase":"after","epoch":"2025-11-20"},"geometry":{"type":"Point","coordinates":[-89.620663,29.383085]}},{"type":"Feature","properties":{"s":"reef","phase":"after","epoch":"2025-11-20"},"geometry":{"type":"Point","coordinates":[-89.620595,29.38299]}},{"type":"Feature","properties":{"s":"reef","phase":"after","epoch":"2025-11-20"},"geometry":{"type":"Point","coordinates":[-89.620531,29.38289]}},{"type":"Feature","properties":{"s":"reef","phase":"after","epoch":"2025-11-20"},"geometry":{"type":"Point","coordinates":[-89.6205,29.382848]}},{"type":"Feature","properties":{"s":"scat","phase":"after","epoch":"2025-11-20"},"geometry":{"type":"Point","coordinates":[-89.620393,29.382675]}},{"type":"Feature","properties":{"s":"reef","phase":"after","epoch":"2025-11-20"},"geometry":{"type":"Point","coordinates":[-89.621119,29.383646]}},{"type":"Feature","properties":{"s":"scat","phase":"after","epoch":"2025-11-20"},"geometry":{"type":"Point","coordinates":[-89.62106,29.38358]}},{"type":"Feature","properties":{"s":"reef","phase":"after","epoch":"2025-11-20"},"geometry":{"type":"Point","coordinates":[-89.620988,29.383488]}},{"type":"Feature","properties":{"s":"scat","phase":"after","epoch":"2025-11-20"},"geometry":{"type":"Point","coordinates":[-89.620912,29.383397]}},{"type":"Feature","properties":{"s":"reef","phase":"after","epoch":"2025-11-20"},"geometry":{"type":"Point","coordinates":[-89.620838,29.383312]}},{"type":"Feature","properties":{"s":"reef","phase":"after","epoch":"2025-11-20"},"geometry":{"type":"Point","coordinates":[-89.62073,29.383178]}},{"type":"Feature","properties":{"s":"reef","phase":"after","epoch":"2025-11-20"},"geometry":{"type":"Point","coordinates":[-89.621576,29.384195]}},{"type":"Feature","properties":{"s":"reef","phase":"after","epoch":"2025-11-20"},"geometry":{"type":"Point","coordinates":[-89.621501,29.384103]}},{"type":"Feature","properties":{"s":"reef","phase":"after","epoch":"2025-11-20"},"geometry":{"type":"Point","coordinates":[-89.621444,29.384038]}},{"type":"Feature","properties":{"s":"reef","phase":"after","epoch":"2025-11-20"},"geometry":{"type":"Point","coordinates":[-89.621346,29.383922]}},{"type":"Feature","properties":{"s":"reef","phase":"after","epoch":"2025-11-20"},"geometry":{"type":"Point","coordinates":[-89.621269,29.383831]}},{"type":"Feature","properties":{"s":"scat","phase":"after","epoch":"2025-11-20"},"geometry":{"type":"Point","coordinates":[-89.621192,29.383738]}},{"type":"Feature","properties":{"s":"reef","phase":"after","epoch":"2025-11-20"},"geometry":{"type":"Point","coordinates":[-89.622018,29.384717]}},{"type":"Feature","properties":{"s":"reef","phase":"after","epoch":"2025-11-20"},"geometry":{"type":"Point","coordinates":[-89.62196,29.384652]}},{"type":"Feature","properties":{"s":"reef","phase":"after","epoch":"2025-11-20"},"geometry":{"type":"Point","coordinates":[-89.621885,29.38456]}},{"type":"Feature","properties":{"s":"reef","phase":"after","epoch":"2025-11-20"},"geometry":{"type":"Point","coordinates":[-89.621811,29.384468]}},{"type":"Feature","properties":{"s":"reef","phase":"after","epoch":"2025-11-20"},"geometry":{"type":"Point","coordinates":[-89.621712,29.384354]}},{"type":"Feature","properties":{"s":"reef","phase":"after","epoch":"2025-11-20"},"geometry":{"type":"Point","coordinates":[-89.621636,29.384262]}},{"type":"Feature","properties":{"s":"scat","phase":"after","epoch":"2025-11-20"},"geometry":{"type":"Point","coordinates":[-89.622479,29.385272]}},{"type":"Feature","properties":{"s":"firm","phase":"after","epoch":"2025-11-20"},"geometry":{"type":"Point","coordinates":[-89.622362,29.385135]}},{"type":"Feature","properties":{"s":"scat","phase":"after","epoch":"2025-11-20"},"geometry":{"type":"Point","coordinates":[-89.622287,29.385041]}},{"type":"Feature","properties":{"s":"scat","phase":"after","epoch":"2025-11-20"},"geometry":{"type":"Point","coordinates":[-89.622211,29.384949]}},{"type":"Feature","properties":{"s":"scat","phase":"after","epoch":"2025-11-20"},"geometry":{"type":"Point","coordinates":[-89.622153,29.384877]}},{"type":"Feature","properties":{"s":"reef","phase":"after","epoch":"2025-11-20"},"geometry":{"type":"Point","coordinates":[-89.622095,29.384807]}},{"type":"Feature","properties":{"s":"buried","phase":"after","epoch":"2025-11-20"},"geometry":{"type":"Point","coordinates":[-89.622728,29.38557]}},{"type":"Feature","properties":{"s":"buried","phase":"after","epoch":"2025-11-20"},"geometry":{"type":"Point","coordinates":[-89.622688,29.385524]}},{"type":"Feature","properties":{"s":"scat","phase":"after","epoch":"2025-11-20"},"geometry":{"type":"Point","coordinates":[-89.622537,29.385342]}},{"type":"Feature","properties":{"s":"scat","phase":"after","epoch":"2025-11-20"},"geometry":{"type":"Point","coordinates":[-89.622759,29.385094]}},{"type":"Feature","properties":{"s":"buried","phase":"after","epoch":"2025-11-20"},"geometry":{"type":"Point","coordinates":[-89.62281,29.385175]}},{"type":"Feature","properties":{"s":"buried","phase":"after","epoch":"2025-11-20"},"geometry":{"type":"Point","coordinates":[-89.622867,29.385282]}},{"type":"Feature","properties":{"s":"buried","phase":"after","epoch":"2025-11-20"},"geometry":{"type":"Point","coordinates":[-89.622899,29.385354]}},{"type":"Feature","properties":{"s":"mud","phase":"after","epoch":"2025-11-20"},"geometry":{"type":"Point","coordinates":[-89.622943,29.385472]}},{"type":"Feature","properties":{"s":"mud","phase":"after","epoch":"2025-11-20"},"geometry":{"type":"Point","coordinates":[-89.62298,29.385567]}},{"type":"Feature","properties":{"s":"mud","phase":"after","epoch":"2025-11-20"},"geometry":{"type":"Point","coordinates":[-89.623071,29.385748]}},{"type":"Feature","properties":{"s":"mud","phase":"after","epoch":"2025-11-20"},"geometry":{"type":"Point","coordinates":[-89.623142,29.385819]}},{"type":"Feature","properties":{"s":"mud","phase":"after","epoch":"2025-11-20"},"geometry":{"type":"Point","coordinates":[-89.623218,29.385887]}},{"type":"Feature","properties":{"s":"mud","phase":"after","epoch":"2025-11-20"},"geometry":{"type":"Point","coordinates":[-89.623393,29.38598]}},{"type":"Feature","properties":{"s":"mud","phase":"after","epoch":"2025-11-20"},"geometry":{"type":"Point","coordinates":[-89.623473,29.386009]}},{"type":"Feature","properties":{"s":"mud","phase":"after","epoch":"2025-11-20"},"geometry":{"type":"Point","coordinates":[-89.623523,29.386126]}},{"type":"Feature","properties":{"s":"mud","phase":"after","epoch":"2025-11-20"},"geometry":{"type":"Point","coordinates":[-89.623447,29.386209]}},{"type":"Feature","properties":{"s":"mud","phase":"after","epoch":"2025-11-20"},"geometry":{"type":"Point","coordinates":[-89.623335,29.38622]}},{"type":"Feature","properties":{"s":"mud","phase":"after","epoch":"2025-11-20"},"geometry":{"type":"Point","coordinates":[-89.623244,29.386175]}},{"type":"Feature","properties":{"s":"mud","phase":"after","epoch":"2025-11-20"},"geometry":{"type":"Point","coordinates":[-89.623151,29.386069]}},{"type":"Feature","properties":{"s":"mud","phase":"after","epoch":"2025-11-20"},"geometry":{"type":"Point","coordinates":[-89.623073,29.385976]}},{"type":"Feature","properties":{"s":"mud","phase":"after","epoch":"2025-11-20"},"geometry":{"type":"Point","coordinates":[-89.622994,29.385883]}},{"type":"Feature","properties":{"s":"mud","phase":"after","epoch":"2025-11-20"},"geometry":{"type":"Point","coordinates":[-89.622937,29.385816]}},{"type":"Feature","properties":{"s":"firm","phase":"after","epoch":"2025-11-20"},"geometry":{"type":"Point","coordinates":[-89.6229,29.385769]}},{"type":"Feature","properties":{"s":"buried","phase":"after","epoch":"2025-11-20"},"geometry":{"type":"Point","coordinates":[-89.622805,29.385657]}},{"type":"Feature","properties":{"s":"mud","phase":"after","epoch":"2025-11-20"},"geometry":{"type":"Point","coordinates":[-89.619857,29.379901]}},{"type":"Feature","properties":{"s":"mud","phase":"after","epoch":"2025-11-20"},"geometry":{"type":"Point","coordinates":[-89.619923,29.380025]}},{"type":"Feature","properties":{"s":"mud","phase":"after","epoch":"2025-11-20"},"geometry":{"type":"Point","coordinates":[-89.620155,29.380305]}},{"type":"Feature","properties":{"s":"mud","phase":"after","epoch":"2025-11-20"},"geometry":{"type":"Point","coordinates":[-89.620236,29.380399]}},{"type":"Feature","properties":{"s":"mud","phase":"after","epoch":"2025-11-20"},"geometry":{"type":"Point","coordinates":[-89.620318,29.380501]}},{"type":"Feature","properties":{"s":"mud","phase":"after","epoch":"2025-11-20"},"geometry":{"type":"Point","coordinates":[-89.620399,29.380595]}},{"type":"Feature","properties":{"s":"mud","phase":"after","epoch":"2025-11-20"},"geometry":{"type":"Point","coordinates":[-89.62048,29.380699]}},{"type":"Feature","properties":{"s":"mud","phase":"after","epoch":"2025-11-20"},"geometry":{"type":"Point","coordinates":[-89.62053,29.380755]}},{"type":"Feature","properties":{"s":"mud","phase":"after","epoch":"2025-11-20"},"geometry":{"type":"Point","coordinates":[-89.620544,29.380773]}},{"type":"Feature","properties":{"s":"mud","phase":"after","epoch":"2025-11-20"},"geometry":{"type":"Point","coordinates":[-89.620731,29.381004]}},{"type":"Feature","properties":{"s":"mud","phase":"after","epoch":"2025-11-20"},"geometry":{"type":"Point","coordinates":[-89.620763,29.38104]}},{"type":"Feature","properties":{"s":"buried","phase":"after","epoch":"2025-11-20"},"geometry":{"type":"Point","coordinates":[-89.620841,29.381138]}},{"type":"Feature","properties":{"s":"scat","phase":"after","epoch":"2025-11-20"},"geometry":{"type":"Point","coordinates":[-89.62089,29.381195]}},{"type":"Feature","properties":{"s":"scat","phase":"after","epoch":"2025-11-20"},"geometry":{"type":"Point","coordinates":[-89.620986,29.381309]}},{"type":"Feature","properties":{"s":"scat","phase":"after","epoch":"2025-11-20"},"geometry":{"type":"Point","coordinates":[-89.621066,29.381406]}},{"type":"Feature","properties":{"s":"scat","phase":"after","epoch":"2025-11-20"},"geometry":{"type":"Point","coordinates":[-89.621143,29.381505]}},{"type":"Feature","properties":{"s":"scat","phase":"after","epoch":"2025-11-20"},"geometry":{"type":"Point","coordinates":[-89.621224,29.381603]}},{"type":"Feature","properties":{"s":"reef","phase":"after","epoch":"2025-11-20"},"geometry":{"type":"Point","coordinates":[-89.621291,29.381679]}},{"type":"Feature","properties":{"s":"reef","phase":"after","epoch":"2025-11-20"},"geometry":{"type":"Point","coordinates":[-89.621356,29.381759]}},{"type":"Feature","properties":{"s":"reef","phase":"after","epoch":"2025-11-20"},"geometry":{"type":"Point","coordinates":[-89.621419,29.381835]}},{"type":"Feature","properties":{"s":"reef","phase":"after","epoch":"2025-11-20"},"geometry":{"type":"Point","coordinates":[-89.621486,29.381912]}},{"type":"Feature","properties":{"s":"reef","phase":"after","epoch":"2025-11-20"},"geometry":{"type":"Point","coordinates":[-89.621537,29.38197]}},{"type":"Feature","properties":{"s":"reef","phase":"after","epoch":"2025-11-20"},"geometry":{"type":"Point","coordinates":[-89.621602,29.382045]}},{"type":"Feature","properties":{"s":"reef","phase":"after","epoch":"2025-11-20"},"geometry":{"type":"Point","coordinates":[-89.621665,29.38212]}},{"type":"Feature","properties":{"s":"reef","phase":"after","epoch":"2025-11-20"},"geometry":{"type":"Point","coordinates":[-89.621732,29.382198]}},{"type":"Feature","properties":{"s":"reef","phase":"after","epoch":"2025-11-20"},"geometry":{"type":"Point","coordinates":[-89.621797,29.382277]}},{"type":"Feature","properties":{"s":"reef","phase":"after","epoch":"2025-11-20"},"geometry":{"type":"Point","coordinates":[-89.621861,29.382356]}},{"type":"Feature","properties":{"s":"reef","phase":"after","epoch":"2025-11-20"},"geometry":{"type":"Point","coordinates":[-89.621927,29.382432]}},{"type":"Feature","properties":{"s":"reef","phase":"after","epoch":"2025-11-20"},"geometry":{"type":"Point","coordinates":[-89.621995,29.382511]}},{"type":"Feature","properties":{"s":"reef","phase":"after","epoch":"2025-11-20"},"geometry":{"type":"Point","coordinates":[-89.622062,29.382587]}},{"type":"Feature","properties":{"s":"reef","phase":"after","epoch":"2025-11-20"},"geometry":{"type":"Point","coordinates":[-89.622127,29.382662]}},{"type":"Feature","properties":{"s":"reef","phase":"after","epoch":"2025-11-20"},"geometry":{"type":"Point","coordinates":[-89.622211,29.382757]}},{"type":"Feature","properties":{"s":"reef","phase":"after","epoch":"2025-11-20"},"geometry":{"type":"Point","coordinates":[-89.622275,29.382831]}},{"type":"Feature","properties":{"s":"reef","phase":"after","epoch":"2025-11-20"},"geometry":{"type":"Point","coordinates":[-89.622337,29.382908]}},{"type":"Feature","properties":{"s":"reef","phase":"after","epoch":"2025-11-20"},"geometry":{"type":"Point","coordinates":[-89.6224,29.382986]}},{"type":"Feature","properties":{"s":"reef","phase":"after","epoch":"2025-11-20"},"geometry":{"type":"Point","coordinates":[-89.622498,29.383101]}},{"type":"Feature","properties":{"s":"reef","phase":"after","epoch":"2025-11-20"},"geometry":{"type":"Point","coordinates":[-89.622564,29.383178]}},{"type":"Feature","properties":{"s":"reef","phase":"after","epoch":"2025-11-20"},"geometry":{"type":"Point","coordinates":[-89.622647,29.383278]}},{"type":"Feature","properties":{"s":"scat","phase":"after","epoch":"2025-11-20"},"geometry":{"type":"Point","coordinates":[-89.622695,29.38334]}},{"type":"Feature","properties":{"s":"reef","phase":"after","epoch":"2025-11-20"},"geometry":{"type":"Point","coordinates":[-89.622808,29.383477]}},{"type":"Feature","properties":{"s":"scat","phase":"after","epoch":"2025-11-20"},"geometry":{"type":"Point","coordinates":[-89.622891,29.383575]}},{"type":"Feature","properties":{"s":"scat","phase":"after","epoch":"2025-11-20"},"geometry":{"type":"Point","coordinates":[-89.622978,29.383669]}},{"type":"Feature","properties":{"s":"reef","phase":"after","epoch":"2025-11-20"},"geometry":{"type":"Point","coordinates":[-89.623061,29.383768]}},{"type":"Feature","properties":{"s":"reef","phase":"after","epoch":"2025-11-20"},"geometry":{"type":"Point","coordinates":[-89.623145,29.383861]}},{"type":"Feature","properties":{"s":"reef","phase":"after","epoch":"2025-11-20"},"geometry":{"type":"Point","coordinates":[-89.623211,29.383935]}},{"type":"Feature","properties":{"s":"reef","phase":"after","epoch":"2025-11-20"},"geometry":{"type":"Point","coordinates":[-89.623296,29.384031]}},{"type":"Feature","properties":{"s":"reef","phase":"after","epoch":"2025-11-20"},"geometry":{"type":"Point","coordinates":[-89.623357,29.384103]}},{"type":"Feature","properties":{"s":"reef","phase":"after","epoch":"2025-11-20"},"geometry":{"type":"Point","coordinates":[-89.623419,29.384176]}},{"type":"Feature","properties":{"s":"reef","phase":"after","epoch":"2025-11-20"},"geometry":{"type":"Point","coordinates":[-89.623503,29.384269]}},{"type":"Feature","properties":{"s":"scat","phase":"after","epoch":"2025-11-20"},"geometry":{"type":"Point","coordinates":[-89.623538,29.384307]}},{"type":"Feature","properties":{"s":"reef","phase":"after","epoch":"2025-11-20"},"geometry":{"type":"Point","coordinates":[-89.623667,29.384455]}},{"type":"Feature","properties":{"s":"reef","phase":"after","epoch":"2025-11-20"},"geometry":{"type":"Point","coordinates":[-89.62373,29.384533]}},{"type":"Feature","properties":{"s":"reef","phase":"after","epoch":"2025-11-20"},"geometry":{"type":"Point","coordinates":[-89.623794,29.384607]}},{"type":"Feature","properties":{"s":"reef","phase":"after","epoch":"2025-11-20"},"geometry":{"type":"Point","coordinates":[-89.623864,29.384684]}},{"type":"Feature","properties":{"s":"reef","phase":"after","epoch":"2025-11-20"},"geometry":{"type":"Point","coordinates":[-89.623932,29.38476]}},{"type":"Feature","properties":{"s":"reef","phase":"after","epoch":"2025-11-20"},"geometry":{"type":"Point","coordinates":[-89.624034,29.384873]}},{"type":"Feature","properties":{"s":"reef","phase":"after","epoch":"2025-11-20"},"geometry":{"type":"Point","coordinates":[-89.624111,29.384967]}},{"type":"Feature","properties":{"s":"reef","phase":"after","epoch":"2025-11-20"},"geometry":{"type":"Point","coordinates":[-89.624193,29.385068]}},{"type":"Feature","properties":{"s":"reef","phase":"after","epoch":"2025-11-20"},"geometry":{"type":"Point","coordinates":[-89.624222,29.385107]}},{"type":"Feature","properties":{"s":"mud","phase":"after","epoch":"2025-11-20"},"geometry":{"type":"Point","coordinates":[-89.62427,29.385166]}},{"type":"Feature","properties":{"s":"scat","phase":"after","epoch":"2025-11-20"},"geometry":{"type":"Point","coordinates":[-89.624365,29.385282]}},{"type":"Feature","properties":{"s":"scat","phase":"after","epoch":"2025-11-20"},"geometry":{"type":"Point","coordinates":[-89.624465,29.385417]}},{"type":"Feature","properties":{"s":"scat","phase":"after","epoch":"2025-11-20"},"geometry":{"type":"Point","coordinates":[-89.62452,29.385496]}},{"type":"Feature","properties":{"s":"firm","phase":"after","epoch":"2025-11-20"},"geometry":{"type":"Point","coordinates":[-89.624592,29.385592]}},{"type":"Feature","properties":{"s":"firm","phase":"after","epoch":"2025-11-20"},"geometry":{"type":"Point","coordinates":[-89.624525,29.385815]}},{"type":"Feature","properties":{"s":"firm","phase":"after","epoch":"2025-11-20"},"geometry":{"type":"Point","coordinates":[-89.624698,29.385726]}},{"type":"Feature","properties":{"s":"mud","phase":"after","epoch":"2025-11-20"},"geometry":{"type":"Point","coordinates":[-89.624665,29.385828]}},{"type":"Feature","properties":{"s":"buried","phase":"after","epoch":"2025-11-20"},"geometry":{"type":"Point","coordinates":[-89.624268,29.385626]}},{"type":"Feature","properties":{"s":"buried","phase":"after","epoch":"2025-11-20"},"geometry":{"type":"Point","coordinates":[-89.624179,29.385512]}},{"type":"Feature","properties":{"s":"buried","phase":"after","epoch":"2025-11-20"},"geometry":{"type":"Point","coordinates":[-89.62414,29.385469]}},{"type":"Feature","properties":{"s":"mud","phase":"after","epoch":"2025-11-20"},"geometry":{"type":"Point","coordinates":[-89.624006,29.385317]}},{"type":"Feature","properties":{"s":"mud","phase":"after","epoch":"2025-11-20"},"geometry":{"type":"Point","coordinates":[-89.623899,29.38518]}},{"type":"Feature","properties":{"s":"scat","phase":"after","epoch":"2025-11-20"},"geometry":{"type":"Point","coordinates":[-89.623784,29.385051]}},{"type":"Feature","properties":{"s":"reef","phase":"after","epoch":"2025-11-20"},"geometry":{"type":"Point","coordinates":[-89.62368,29.384916]}},{"type":"Feature","properties":{"s":"reef","phase":"after","epoch":"2025-11-20"},"geometry":{"type":"Point","coordinates":[-89.623605,29.384824]}},{"type":"Feature","properties":{"s":"reef","phase":"after","epoch":"2025-11-20"},"geometry":{"type":"Point","coordinates":[-89.62351,29.384713]}},{"type":"Feature","properties":{"s":"reef","phase":"after","epoch":"2025-11-20"},"geometry":{"type":"Point","coordinates":[-89.623435,29.384623]}},{"type":"Feature","properties":{"s":"reef","phase":"after","epoch":"2025-11-20"},"geometry":{"type":"Point","coordinates":[-89.623356,29.384534]}},{"type":"Feature","properties":{"s":"reef","phase":"after","epoch":"2025-11-20"},"geometry":{"type":"Point","coordinates":[-89.623285,29.384444]}},{"type":"Feature","properties":{"s":"reef","phase":"after","epoch":"2025-11-20"},"geometry":{"type":"Point","coordinates":[-89.623172,29.38431]}},{"type":"Feature","properties":{"s":"reef","phase":"after","epoch":"2025-11-20"},"geometry":{"type":"Point","coordinates":[-89.62306,29.384179]}},{"type":"Feature","properties":{"s":"reef","phase":"after","epoch":"2025-11-20"},"geometry":{"type":"Point","coordinates":[-89.622985,29.384093]}},{"type":"Feature","properties":{"s":"scat","phase":"after","epoch":"2025-11-20"},"geometry":{"type":"Point","coordinates":[-89.622891,29.383981]}},{"type":"Feature","properties":{"s":"scat","phase":"after","epoch":"2025-11-20"},"geometry":{"type":"Point","coordinates":[-89.622796,29.383871]}},{"type":"Feature","properties":{"s":"reef","phase":"after","epoch":"2025-11-20"},"geometry":{"type":"Point","coordinates":[-89.622698,29.383762]}},{"type":"Feature","properties":{"s":"reef","phase":"after","epoch":"2025-11-20"},"geometry":{"type":"Point","coordinates":[-89.622595,29.383623]}},{"type":"Feature","properties":{"s":"reef","phase":"after","epoch":"2025-11-20"},"geometry":{"type":"Point","coordinates":[-89.62248,29.383493]}},{"type":"Feature","properties":{"s":"reef","phase":"after","epoch":"2025-11-20"},"geometry":{"type":"Point","coordinates":[-89.622384,29.383382]}},{"type":"Feature","properties":{"s":"reef","phase":"after","epoch":"2025-11-20"},"geometry":{"type":"Point","coordinates":[-89.622307,29.383294]}},{"type":"Feature","properties":{"s":"reef","phase":"after","epoch":"2025-11-20"},"geometry":{"type":"Point","coordinates":[-89.622236,29.383206]}},{"type":"Feature","properties":{"s":"reef","phase":"after","epoch":"2025-11-20"},"geometry":{"type":"Point","coordinates":[-89.622148,29.383093]}},{"type":"Feature","properties":{"s":"reef","phase":"after","epoch":"2025-11-20"},"geometry":{"type":"Point","coordinates":[-89.622079,29.383]}},{"type":"Feature","properties":{"s":"scat","phase":"after","epoch":"2025-11-20"},"geometry":{"type":"Point","coordinates":[-89.622003,29.382912]}},{"type":"Feature","properties":{"s":"scat","phase":"after","epoch":"2025-11-20"},"geometry":{"type":"Point","coordinates":[-89.621907,29.382796]}},{"type":"Feature","properties":{"s":"reef","phase":"after","epoch":"2025-11-20"},"geometry":{"type":"Point","coordinates":[-89.62185,29.382734]}},{"type":"Feature","properties":{"s":"reef","phase":"after","epoch":"2025-11-20"},"geometry":{"type":"Point","coordinates":[-89.621792,29.382666]}},{"type":"Feature","properties":{"s":"reef","phase":"after","epoch":"2025-11-20"},"geometry":{"type":"Point","coordinates":[-89.621682,29.382535]}},{"type":"Feature","properties":{"s":"reef","phase":"after","epoch":"2025-11-20"},"geometry":{"type":"Point","coordinates":[-89.621589,29.382425]}},{"type":"Feature","properties":{"s":"reef","phase":"after","epoch":"2025-11-20"},"geometry":{"type":"Point","coordinates":[-89.621498,29.382312]}},{"type":"Feature","properties":{"s":"reef","phase":"after","epoch":"2025-11-20"},"geometry":{"type":"Point","coordinates":[-89.621423,29.382222]}},{"type":"Feature","properties":{"s":"reef","phase":"after","epoch":"2025-11-20"},"geometry":{"type":"Point","coordinates":[-89.621236,29.381997]}},{"type":"Feature","properties":{"s":"reef","phase":"after","epoch":"2025-11-20"},"geometry":{"type":"Point","coordinates":[-89.621164,29.381906]}},{"type":"Feature","properties":{"s":"reef","phase":"after","epoch":"2025-11-20"},"geometry":{"type":"Point","coordinates":[-89.621091,29.38182]}},{"type":"Feature","properties":{"s":"reef","phase":"after","epoch":"2025-11-20"},"geometry":{"type":"Point","coordinates":[-89.621003,29.381709]}},{"type":"Feature","properties":{"s":"reef","phase":"after","epoch":"2025-11-20"},"geometry":{"type":"Point","coordinates":[-89.620966,29.381665]}},{"type":"Feature","properties":{"s":"scat","phase":"after","epoch":"2025-11-20"},"geometry":{"type":"Point","coordinates":[-89.620875,29.381549]}},{"type":"Feature","properties":{"s":"scat","phase":"after","epoch":"2025-11-20"},"geometry":{"type":"Point","coordinates":[-89.620804,29.381458]}},{"type":"Feature","properties":{"s":"scat","phase":"after","epoch":"2025-11-20"},"geometry":{"type":"Point","coordinates":[-89.62072,29.381345]}},{"type":"Feature","properties":{"s":"scat","phase":"after","epoch":"2025-11-20"},"geometry":{"type":"Point","coordinates":[-89.620684,29.381298]}},{"type":"Feature","properties":{"s":"buried","phase":"after","epoch":"2025-11-20"},"geometry":{"type":"Point","coordinates":[-89.620615,29.381205]}},{"type":"Feature","properties":{"s":"buried","phase":"after","epoch":"2025-11-20"},"geometry":{"type":"Point","coordinates":[-89.620535,29.381092]}},{"type":"Feature","properties":{"s":"buried","phase":"after","epoch":"2025-11-20"},"geometry":{"type":"Point","coordinates":[-89.620502,29.381045]}},{"type":"Feature","properties":{"s":"firm","phase":"after","epoch":"2025-11-20"},"geometry":{"type":"Point","coordinates":[-89.620432,29.380951]}},{"type":"Feature","properties":{"s":"firm","phase":"after","epoch":"2025-11-20"},"geometry":{"type":"Point","coordinates":[-89.620381,29.380881]}},{"type":"Feature","properties":{"s":"buried","phase":"after","epoch":"2025-11-20"},"geometry":{"type":"Point","coordinates":[-89.620329,29.380813]}},{"type":"Feature","properties":{"s":"mud","phase":"after","epoch":"2025-11-20"},"geometry":{"type":"Point","coordinates":[-89.620212,29.38065]}},{"type":"Feature","properties":{"s":"mud","phase":"after","epoch":"2025-11-20"},"geometry":{"type":"Point","coordinates":[-89.620074,29.380474]}},{"type":"Feature","properties":{"s":"mud","phase":"after","epoch":"2025-11-20"},"geometry":{"type":"Point","coordinates":[-89.620025,29.380406]}},{"type":"Feature","properties":{"s":"mud","phase":"after","epoch":"2025-11-20"},"geometry":{"type":"Point","coordinates":[-89.619936,29.38029]}},{"type":"Feature","properties":{"s":"mud","phase":"after","epoch":"2025-11-20"},"geometry":{"type":"Point","coordinates":[-89.619807,29.380138]}},{"type":"Feature","properties":{"s":"mud","phase":"after","epoch":"2025-11-20"},"geometry":{"type":"Point","coordinates":[-89.619718,29.380024]}},{"type":"Feature","properties":{"s":"mud","phase":"after","epoch":"2025-11-20"},"geometry":{"type":"Point","coordinates":[-89.619643,29.379937]}},{"type":"Feature","properties":{"s":"mud","phase":"after","epoch":"2025-11-20"},"geometry":{"type":"Point","coordinates":[-89.619544,29.379825]}},{"type":"Feature","properties":{"s":"mud","phase":"after","epoch":"2025-11-20"},"geometry":{"type":"Point","coordinates":[-89.619412,29.379709]}},{"type":"Feature","properties":{"s":"mud","phase":"after","epoch":"2025-11-20"},"geometry":{"type":"Point","coordinates":[-89.619327,29.379632]}},{"type":"Feature","properties":{"s":"mud","phase":"after","epoch":"2025-11-20"},"geometry":{"type":"Point","coordinates":[-89.619238,29.379559]}},{"type":"Feature","properties":{"s":"mud","phase":"after","epoch":"2025-11-20"},"geometry":{"type":"Point","coordinates":[-89.619201,29.38003]}},{"type":"Feature","properties":{"s":"mud","phase":"after","epoch":"2025-11-20"},"geometry":{"type":"Point","coordinates":[-89.619306,29.38014]}},{"type":"Feature","properties":{"s":"mud","phase":"after","epoch":"2025-11-20"},"geometry":{"type":"Point","coordinates":[-89.619396,29.380239]}},{"type":"Feature","properties":{"s":"mud","phase":"after","epoch":"2025-11-20"},"geometry":{"type":"Point","coordinates":[-89.619478,29.380343]}},{"type":"Feature","properties":{"s":"mud","phase":"after","epoch":"2025-11-20"},"geometry":{"type":"Point","coordinates":[-89.619638,29.380557]}},{"type":"Feature","properties":{"s":"mud","phase":"after","epoch":"2025-11-20"},"geometry":{"type":"Point","coordinates":[-89.619724,29.380671]}},{"type":"Feature","properties":{"s":"mud","phase":"after","epoch":"2025-11-20"},"geometry":{"type":"Point","coordinates":[-89.619844,29.380854]}},{"type":"Feature","properties":{"s":"firm","phase":"after","epoch":"2025-11-20"},"geometry":{"type":"Point","coordinates":[-89.619899,29.380936]}},{"type":"Feature","properties":{"s":"firm","phase":"after","epoch":"2025-11-20"},"geometry":{"type":"Point","coordinates":[-89.619926,29.380976]}},{"type":"Feature","properties":{"s":"reef","phase":"after","epoch":"2025-11-20"},"geometry":{"type":"Point","coordinates":[-89.620094,29.381211]}},{"type":"Feature","properties":{"s":"reef","phase":"after","epoch":"2025-11-20"},"geometry":{"type":"Point","coordinates":[-89.620165,29.381313]}},{"type":"Feature","properties":{"s":"reef","phase":"after","epoch":"2025-11-20"},"geometry":{"type":"Point","coordinates":[-89.620253,29.381437]}},{"type":"Feature","properties":{"s":"reef","phase":"after","epoch":"2025-11-20"},"geometry":{"type":"Point","coordinates":[-89.620305,29.381499]}},{"type":"Feature","properties":{"s":"scat","phase":"after","epoch":"2025-11-20"},"geometry":{"type":"Point","coordinates":[-89.620362,29.38156]}},{"type":"Feature","properties":{"s":"reef","phase":"after","epoch":"2025-11-20"},"geometry":{"type":"Point","coordinates":[-89.620362,29.38156]}},{"type":"Feature","properties":{"s":"scat","phase":"after","epoch":"2025-11-20"},"geometry":{"type":"Point","coordinates":[-89.620411,29.381604]}},{"type":"Feature","properties":{"s":"reef","phase":"after","epoch":"2025-11-20"},"geometry":{"type":"Point","coordinates":[-89.620618,29.381767]}},{"type":"Feature","properties":{"s":"reef","phase":"after","epoch":"2025-11-20"},"geometry":{"type":"Point","coordinates":[-89.620704,29.381869]}},{"type":"Feature","properties":{"s":"reef","phase":"after","epoch":"2025-11-20"},"geometry":{"type":"Point","coordinates":[-89.620774,29.38195]}},{"type":"Feature","properties":{"s":"reef","phase":"after","epoch":"2025-11-20"},"geometry":{"type":"Point","coordinates":[-89.620842,29.38203]}},{"type":"Feature","properties":{"s":"reef","phase":"after","epoch":"2025-11-20"},"geometry":{"type":"Point","coordinates":[-89.620925,29.382127]}},{"type":"Feature","properties":{"s":"reef","phase":"after","epoch":"2025-11-20"},"geometry":{"type":"Point","coordinates":[-89.620993,29.382204]}},{"type":"Feature","properties":{"s":"scat","phase":"after","epoch":"2025-11-20"},"geometry":{"type":"Point","coordinates":[-89.621074,29.382304]}},{"type":"Feature","properties":{"s":"reef","phase":"after","epoch":"2025-11-20"},"geometry":{"type":"Point","coordinates":[-89.62116,29.382403]}},{"type":"Feature","properties":{"s":"reef","phase":"after","epoch":"2025-11-20"},"geometry":{"type":"Point","coordinates":[-89.621258,29.382524]}},{"type":"Feature","properties":{"s":"reef","phase":"after","epoch":"2025-11-20"},"geometry":{"type":"Point","coordinates":[-89.621291,29.382564]}},{"type":"Feature","properties":{"s":"reef","phase":"after","epoch":"2025-11-20"},"geometry":{"type":"Point","coordinates":[-89.621424,29.382724]}},{"type":"Feature","properties":{"s":"reef","phase":"after","epoch":"2025-11-20"},"geometry":{"type":"Point","coordinates":[-89.621475,29.382785]}},{"type":"Feature","properties":{"s":"scat","phase":"after","epoch":"2025-11-20"},"geometry":{"type":"Point","coordinates":[-89.621561,29.382887]}},{"type":"Feature","properties":{"s":"scat","phase":"after","epoch":"2025-11-20"},"geometry":{"type":"Point","coordinates":[-89.621646,29.382987]}},{"type":"Feature","properties":{"s":"mud","phase":"after","epoch":"2025-11-20"},"geometry":{"type":"Point","coordinates":[-89.621713,29.383065]}},{"type":"Feature","properties":{"s":"mud","phase":"after","epoch":"2025-11-20"},"geometry":{"type":"Point","coordinates":[-89.621819,29.383184]}},{"type":"Feature","properties":{"s":"scat","phase":"after","epoch":"2025-11-20"},"geometry":{"type":"Point","coordinates":[-89.621889,29.383261]}},{"type":"Feature","properties":{"s":"scat","phase":"after","epoch":"2025-11-20"},"geometry":{"type":"Point","coordinates":[-89.621956,29.383346]}},{"type":"Feature","properties":{"s":"reef","phase":"after","epoch":"2025-11-20"},"geometry":{"type":"Point","coordinates":[-89.622078,29.383482]}},{"type":"Feature","properties":{"s":"reef","phase":"after","epoch":"2025-11-20"},"geometry":{"type":"Point","coordinates":[-89.622147,29.383563]}},{"type":"Feature","properties":{"s":"reef","phase":"after","epoch":"2025-11-20"},"geometry":{"type":"Point","coordinates":[-89.622235,29.38366]}},{"type":"Feature","properties":{"s":"reef","phase":"after","epoch":"2025-11-20"},"geometry":{"type":"Point","coordinates":[-89.622321,29.383756]}},{"type":"Feature","properties":{"s":"reef","phase":"after","epoch":"2025-11-20"},"geometry":{"type":"Point","coordinates":[-89.622391,29.383834]}},{"type":"Feature","properties":{"s":"reef","phase":"after","epoch":"2025-11-20"},"geometry":{"type":"Point","coordinates":[-89.622494,29.383946]}},{"type":"Feature","properties":{"s":"reef","phase":"after","epoch":"2025-11-20"},"geometry":{"type":"Point","coordinates":[-89.622567,29.384022]}},{"type":"Feature","properties":{"s":"reef","phase":"after","epoch":"2025-11-20"},"geometry":{"type":"Point","coordinates":[-89.622658,29.384121]}},{"type":"Feature","properties":{"s":"reef","phase":"after","epoch":"2025-11-20"},"geometry":{"type":"Point","coordinates":[-89.622744,29.384218]}},{"type":"Feature","properties":{"s":"reef","phase":"after","epoch":"2025-11-20"},"geometry":{"type":"Point","coordinates":[-89.622817,29.384298]}},{"type":"Feature","properties":{"s":"reef","phase":"after","epoch":"2025-11-20"},"geometry":{"type":"Point","coordinates":[-89.622892,29.384375]}},{"type":"Feature","properties":{"s":"reef","phase":"after","epoch":"2025-11-20"},"geometry":{"type":"Point","coordinates":[-89.622965,29.384453]}},{"type":"Feature","properties":{"s":"reef","phase":"after","epoch":"2025-11-20"},"geometry":{"type":"Point","coordinates":[-89.623073,29.384568]}},{"type":"Feature","properties":{"s":"reef","phase":"after","epoch":"2025-11-20"},"geometry":{"type":"Point","coordinates":[-89.623172,29.384686]}},{"type":"Feature","properties":{"s":"reef","phase":"after","epoch":"2025-11-20"},"geometry":{"type":"Point","coordinates":[-89.623235,29.384772]}},{"type":"Feature","properties":{"s":"reef","phase":"after","epoch":"2025-11-20"},"geometry":{"type":"Point","coordinates":[-89.623308,29.384874]}},{"type":"Feature","properties":{"s":"reef","phase":"after","epoch":"2025-11-20"},"geometry":{"type":"Point","coordinates":[-89.623377,29.384979]}},{"type":"Feature","properties":{"s":"reef","phase":"after","epoch":"2025-11-20"},"geometry":{"type":"Point","coordinates":[-89.623411,29.385043]}},{"type":"Feature","properties":{"s":"scat","phase":"after","epoch":"2025-11-20"},"geometry":{"type":"Point","coordinates":[-89.623449,29.385138]}},{"type":"Feature","properties":{"s":"buried","phase":"after","epoch":"2025-11-20"},"geometry":{"type":"Point","coordinates":[-89.623478,29.385208]}},{"type":"Feature","properties":{"s":"mud","phase":"after","epoch":"2025-11-20"},"geometry":{"type":"Point","coordinates":[-89.623572,29.385444]}},{"type":"Feature","properties":{"s":"mud","phase":"after","epoch":"2025-11-20"},"geometry":{"type":"Point","coordinates":[-89.623604,29.38551]}},{"type":"Feature","properties":{"s":"mud","phase":"after","epoch":"2025-11-20"},"geometry":{"type":"Point","coordinates":[-89.62365,29.3856]}},{"type":"Feature","properties":{"s":"mud","phase":"after","epoch":"2025-11-20"},"geometry":{"type":"Point","coordinates":[-89.623723,29.385699]}},{"type":"Feature","properties":{"s":"mud","phase":"after","epoch":"2025-11-20"},"geometry":{"type":"Point","coordinates":[-89.623802,29.385765]}},{"type":"Feature","properties":{"s":"mud","phase":"after","epoch":"2025-11-20"},"geometry":{"type":"Point","coordinates":[-89.623866,29.385797]}},{"type":"Feature","properties":{"s":"mud","phase":"after","epoch":"2025-11-20"},"geometry":{"type":"Point","coordinates":[-89.624138,29.385899]}},{"type":"Feature","properties":{"s":"mud","phase":"after","epoch":"2025-11-20"},"geometry":{"type":"Point","coordinates":[-89.624139,29.385967]}},{"type":"Feature","properties":{"s":"mud","phase":"after","epoch":"2025-11-20"},"geometry":{"type":"Point","coordinates":[-89.624039,29.386059]}},{"type":"Feature","properties":{"s":"mud","phase":"after","epoch":"2025-11-20"},"geometry":{"type":"Point","coordinates":[-89.623902,29.386049]}},{"type":"Feature","properties":{"s":"mud","phase":"after","epoch":"2025-11-20"},"geometry":{"type":"Point","coordinates":[-89.623817,29.385975]}},{"type":"Feature","properties":{"s":"mud","phase":"after","epoch":"2025-11-20"},"geometry":{"type":"Point","coordinates":[-89.623702,29.385839]}},{"type":"Feature","properties":{"s":"mud","phase":"after","epoch":"2025-11-20"},"geometry":{"type":"Point","coordinates":[-89.623625,29.385747]}},{"type":"Feature","properties":{"s":"mud","phase":"after","epoch":"2025-11-20"},"geometry":{"type":"Point","coordinates":[-89.623545,29.385655]}},{"type":"Feature","properties":{"s":"mud","phase":"after","epoch":"2025-11-20"},"geometry":{"type":"Point","coordinates":[-89.623469,29.385559]}},{"type":"Feature","properties":{"s":"scat","phase":"after","epoch":"2025-11-20"},"geometry":{"type":"Point","coordinates":[-89.623393,29.385469]}},{"type":"Feature","properties":{"s":"mud","phase":"after","epoch":"2025-11-20"},"geometry":{"type":"Point","coordinates":[-89.623294,29.385358]}},{"type":"Feature","properties":{"s":"mud","phase":"after","epoch":"2025-11-20"},"geometry":{"type":"Point","coordinates":[-89.623255,29.385312]}},{"type":"Feature","properties":{"s":"scat","phase":"after","epoch":"2025-11-20"},"geometry":{"type":"Point","coordinates":[-89.623158,29.385195]}},{"type":"Feature","properties":{"s":"scat","phase":"after","epoch":"2025-11-20"},"geometry":{"type":"Point","coordinates":[-89.623082,29.385106]}},{"type":"Feature","properties":{"s":"scat","phase":"after","epoch":"2025-11-20"},"geometry":{"type":"Point","coordinates":[-89.623025,29.385039]}},{"type":"Feature","properties":{"s":"reef","phase":"after","epoch":"2025-11-20"},"geometry":{"type":"Point","coordinates":[-89.622908,29.384907]}},{"type":"Feature","properties":{"s":"reef","phase":"after","epoch":"2025-11-20"},"geometry":{"type":"Point","coordinates":[-89.622832,29.384814]}},{"type":"Feature","properties":{"s":"reef","phase":"after","epoch":"2025-11-20"},"geometry":{"type":"Point","coordinates":[-89.622753,29.38472]}},{"type":"Feature","properties":{"s":"reef","phase":"after","epoch":"2025-11-20"},"geometry":{"type":"Point","coordinates":[-89.62264,29.384581]}},{"type":"Feature","properties":{"s":"reef","phase":"after","epoch":"2025-11-20"},"geometry":{"type":"Point","coordinates":[-89.622584,29.384514]}},{"type":"Feature","properties":{"s":"reef","phase":"after","epoch":"2025-11-20"},"geometry":{"type":"Point","coordinates":[-89.622504,29.384426]}},{"type":"Feature","properties":{"s":"reef","phase":"after","epoch":"2025-11-20"},"geometry":{"type":"Point","coordinates":[-89.622405,29.384317]}},{"type":"Feature","properties":{"s":"reef","phase":"after","epoch":"2025-11-20"},"geometry":{"type":"Point","coordinates":[-89.622348,29.384249]}},{"type":"Feature","properties":{"s":"reef","phase":"after","epoch":"2025-11-20"},"geometry":{"type":"Point","coordinates":[-89.622273,29.384158]}},{"type":"Feature","properties":{"s":"reef","phase":"after","epoch":"2025-11-20"},"geometry":{"type":"Point","coordinates":[-89.622216,29.384087]}},{"type":"Feature","properties":{"s":"reef","phase":"after","epoch":"2025-11-20"},"geometry":{"type":"Point","coordinates":[-89.622138,29.383995]}},{"type":"Feature","properties":{"s":"reef","phase":"after","epoch":"2025-11-20"},"geometry":{"type":"Point","coordinates":[-89.622081,29.383924]}},{"type":"Feature","properties":{"s":"reef","phase":"after","epoch":"2025-11-20"},"geometry":{"type":"Point","coordinates":[-89.622028,29.383858]}},{"type":"Feature","properties":{"s":"reef","phase":"after","epoch":"2025-11-20"},"geometry":{"type":"Point","coordinates":[-89.621953,29.383763]}},{"type":"Feature","properties":{"s":"reef","phase":"after","epoch":"2025-11-20"},"geometry":{"type":"Point","coordinates":[-89.621893,29.383694]}},{"type":"Feature","properties":{"s":"reef","phase":"after","epoch":"2025-11-20"},"geometry":{"type":"Point","coordinates":[-89.621813,29.383605]}},{"type":"Feature","properties":{"s":"reef","phase":"after","epoch":"2025-11-20"},"geometry":{"type":"Point","coordinates":[-89.621737,29.383514]}},{"type":"Feature","properties":{"s":"reef","phase":"after","epoch":"2025-11-20"},"geometry":{"type":"Point","coordinates":[-89.621684,29.383447]}},{"type":"Feature","properties":{"s":"scat","phase":"after","epoch":"2025-11-20"},"geometry":{"type":"Point","coordinates":[-89.621606,29.383357]}},{"type":"Feature","properties":{"s":"scat","phase":"after","epoch":"2025-11-20"},"geometry":{"type":"Point","coordinates":[-89.621531,29.383271]}},{"type":"Feature","properties":{"s":"scat","phase":"after","epoch":"2025-11-20"},"geometry":{"type":"Point","coordinates":[-89.621434,29.383156]}},{"type":"Feature","properties":{"s":"scat","phase":"after","epoch":"2025-11-20"},"geometry":{"type":"Point","coordinates":[-89.621334,29.383038]}},{"type":"Feature","properties":{"s":"scat","phase":"after","epoch":"2025-11-20"},"geometry":{"type":"Point","coordinates":[-89.621252,29.382943]}},{"type":"Feature","properties":{"s":"reef","phase":"after","epoch":"2025-11-20"},"geometry":{"type":"Point","coordinates":[-89.621154,29.382829]}},{"type":"Feature","properties":{"s":"reef","phase":"after","epoch":"2025-11-20"},"geometry":{"type":"Point","coordinates":[-89.621079,29.38274]}},{"type":"Feature","properties":{"s":"reef","phase":"after","epoch":"2025-11-20"},"geometry":{"type":"Point","coordinates":[-89.621022,29.382672]}},{"type":"Feature","properties":{"s":"reef","phase":"after","epoch":"2025-11-20"},"geometry":{"type":"Point","coordinates":[-89.620967,29.382606]}},{"type":"Feature","properties":{"s":"reef","phase":"after","epoch":"2025-11-20"},"geometry":{"type":"Point","coordinates":[-89.620909,29.382539]}},{"type":"Feature","properties":{"s":"reef","phase":"after","epoch":"2025-11-20"},"geometry":{"type":"Point","coordinates":[-89.620869,29.382494]}},{"type":"Feature","properties":{"s":"reef","phase":"after","epoch":"2025-11-20"},"geometry":{"type":"Point","coordinates":[-89.620749,29.382359]}},{"type":"Feature","properties":{"s":"reef","phase":"after","epoch":"2025-11-20"},"geometry":{"type":"Point","coordinates":[-89.620635,29.382222]}},{"type":"Feature","properties":{"s":"reef","phase":"after","epoch":"2025-11-20"},"geometry":{"type":"Point","coordinates":[-89.620501,29.382072]}},{"type":"Feature","properties":{"s":"reef","phase":"after","epoch":"2025-11-20"},"geometry":{"type":"Point","coordinates":[-89.620427,29.381981]}},{"type":"Feature","properties":{"s":"scat","phase":"after","epoch":"2025-11-20"},"geometry":{"type":"Point","coordinates":[-89.620338,29.38187]}},{"type":"Feature","properties":{"s":"scat","phase":"after","epoch":"2025-11-20"},"geometry":{"type":"Point","coordinates":[-89.620246,29.381758]}},{"type":"Feature","properties":{"s":"scat","phase":"after","epoch":"2025-11-20"},"geometry":{"type":"Point","coordinates":[-89.620176,29.381664]}},{"type":"Feature","properties":{"s":"scat","phase":"after","epoch":"2025-11-20"},"geometry":{"type":"Point","coordinates":[-89.620069,29.381518]}},{"type":"Feature","properties":{"s":"scat","phase":"after","epoch":"2025-11-20"},"geometry":{"type":"Point","coordinates":[-89.620007,29.381421]}},{"type":"Feature","properties":{"s":"scat","phase":"after","epoch":"2025-11-20"},"geometry":{"type":"Point","coordinates":[-89.619943,29.381322]}},{"type":"Feature","properties":{"s":"scat","phase":"after","epoch":"2025-11-20"},"geometry":{"type":"Point","coordinates":[-89.619866,29.381196]}},{"type":"Feature","properties":{"s":"scat","phase":"after","epoch":"2025-11-20"},"geometry":{"type":"Point","coordinates":[-89.619802,29.381098]}},{"type":"Feature","properties":{"s":"scat","phase":"after","epoch":"2025-11-20"},"geometry":{"type":"Point","coordinates":[-89.619756,29.381024]}},{"type":"Feature","properties":{"s":"buried","phase":"after","epoch":"2025-11-20"},"geometry":{"type":"Point","coordinates":[-89.619694,29.380926]}},{"type":"Feature","properties":{"s":"mud","phase":"after","epoch":"2025-11-20"},"geometry":{"type":"Point","coordinates":[-89.619129,29.380408]}},{"type":"Feature","properties":{"s":"mud","phase":"after","epoch":"2025-11-20"},"geometry":{"type":"Point","coordinates":[-89.619197,29.380486]}},{"type":"Feature","properties":{"s":"mud","phase":"after","epoch":"2025-11-20"},"geometry":{"type":"Point","coordinates":[-89.619251,29.380544]}},{"type":"Feature","properties":{"s":"firm","phase":"after","epoch":"2025-11-20"},"geometry":{"type":"Point","coordinates":[-89.61936,29.380662]}},{"type":"Feature","properties":{"s":"firm","phase":"after","epoch":"2025-11-20"},"geometry":{"type":"Point","coordinates":[-89.619428,29.380748]}},{"type":"Feature","properties":{"s":"firm","phase":"after","epoch":"2025-11-20"},"geometry":{"type":"Point","coordinates":[-89.619495,29.380834]}},{"type":"Feature","properties":{"s":"firm","phase":"after","epoch":"2025-11-20"},"geometry":{"type":"Point","coordinates":[-89.619578,29.380938]}},{"type":"Feature","properties":{"s":"buried","phase":"after","epoch":"2025-11-20"},"geometry":{"type":"Point","coordinates":[-89.619635,29.38102]}},{"type":"Feature","properties":{"s":"firm","phase":"after","epoch":"2025-11-20"},"geometry":{"type":"Point","coordinates":[-89.619705,29.381125]}},{"type":"Feature","properties":{"s":"firm","phase":"after","epoch":"2025-11-20"},"geometry":{"type":"Point","coordinates":[-89.619753,29.381212]}},{"type":"Feature","properties":{"s":"firm","phase":"after","epoch":"2025-11-20"},"geometry":{"type":"Point","coordinates":[-89.619786,29.381281]}},{"type":"Feature","properties":{"s":"scat","phase":"after","epoch":"2025-11-20"},"geometry":{"type":"Point","coordinates":[-89.619857,29.381484]}},{"type":"Feature","properties":{"s":"scat","phase":"after","epoch":"2025-11-20"},"geometry":{"type":"Point","coordinates":[-89.619871,29.381603]}},{"type":"Feature","properties":{"s":"scat","phase":"after","epoch":"2025-11-20"},"geometry":{"type":"Point","coordinates":[-89.619875,29.3817]}},{"type":"Feature","properties":{"s":"scat","phase":"after","epoch":"2025-11-20"},"geometry":{"type":"Point","coordinates":[-89.619913,29.381815]}},{"type":"Feature","properties":{"s":"scat","phase":"after","epoch":"2025-11-20"},"geometry":{"type":"Point","coordinates":[-89.619969,29.381896]}},{"type":"Feature","properties":{"s":"scat","phase":"after","epoch":"2025-11-20"},"geometry":{"type":"Point","coordinates":[-89.620036,29.381981]}},{"type":"Feature","properties":{"s":"firm","phase":"after","epoch":"2025-11-20"},"geometry":{"type":"Point","coordinates":[-89.620108,29.382065]}},{"type":"Feature","properties":{"s":"firm","phase":"after","epoch":"2025-11-20"},"geometry":{"type":"Point","coordinates":[-89.62019,29.382163]}},{"type":"Feature","properties":{"s":"scat","phase":"after","epoch":"2025-11-20"},"geometry":{"type":"Point","coordinates":[-89.620255,29.382243]}},{"type":"Feature","properties":{"s":"firm","phase":"after","epoch":"2025-11-20"},"geometry":{"type":"Point","coordinates":[-89.620306,29.382301]}},{"type":"Feature","properties":{"s":"scat","phase":"after","epoch":"2025-11-20"},"geometry":{"type":"Point","coordinates":[-89.620406,29.382416]}},{"type":"Feature","properties":{"s":"scat","phase":"after","epoch":"2025-11-20"},"geometry":{"type":"Point","coordinates":[-89.62049,29.382515]}},{"type":"Feature","properties":{"s":"scat","phase":"after","epoch":"2025-11-20"},"geometry":{"type":"Point","coordinates":[-89.620563,29.382593]}},{"type":"Feature","properties":{"s":"scat","phase":"after","epoch":"2025-11-20"},"geometry":{"type":"Point","coordinates":[-89.62063,29.38267]}},{"type":"Feature","properties":{"s":"scat","phase":"after","epoch":"2025-11-20"},"geometry":{"type":"Point","coordinates":[-89.620696,29.38275]}},{"type":"Feature","properties":{"s":"scat","phase":"after","epoch":"2025-11-20"},"geometry":{"type":"Point","coordinates":[-89.620765,29.382829]}},{"type":"Feature","properties":{"s":"reef","phase":"after","epoch":"2025-11-20"},"geometry":{"type":"Point","coordinates":[-89.620828,29.382908]}},{"type":"Feature","properties":{"s":"reef","phase":"after","epoch":"2025-11-20"},"geometry":{"type":"Point","coordinates":[-89.620893,29.382992]}},{"type":"Feature","properties":{"s":"scat","phase":"after","epoch":"2025-11-20"},"geometry":{"type":"Point","coordinates":[-89.620961,29.38307]}},{"type":"Feature","properties":{"s":"reef","phase":"after","epoch":"2025-11-20"},"geometry":{"type":"Point","coordinates":[-89.621034,29.383156]}},{"type":"Feature","properties":{"s":"scat","phase":"after","epoch":"2025-11-20"},"geometry":{"type":"Point","coordinates":[-89.621085,29.383212]}},{"type":"Feature","properties":{"s":"scat","phase":"after","epoch":"2025-11-20"},"geometry":{"type":"Point","coordinates":[-89.621152,29.383293]}},{"type":"Feature","properties":{"s":"reef","phase":"after","epoch":"2025-11-20"},"geometry":{"type":"Point","coordinates":[-89.621217,29.383376]}},{"type":"Feature","properties":{"s":"reef","phase":"after","epoch":"2025-11-20"},"geometry":{"type":"Point","coordinates":[-89.62127,29.383436]}},{"type":"Feature","properties":{"s":"reef","phase":"after","epoch":"2025-11-20"},"geometry":{"type":"Point","coordinates":[-89.621343,29.383515]}},{"type":"Feature","properties":{"s":"scat","phase":"after","epoch":"2025-11-20"},"geometry":{"type":"Point","coordinates":[-89.621397,29.383578]}},{"type":"Feature","properties":{"s":"scat","phase":"after","epoch":"2025-11-20"},"geometry":{"type":"Point","coordinates":[-89.621465,29.383657]}},{"type":"Feature","properties":{"s":"scat","phase":"after","epoch":"2025-11-20"},"geometry":{"type":"Point","coordinates":[-89.621536,29.383738]}},{"type":"Feature","properties":{"s":"buried","phase":"after","epoch":"2025-11-20"},"geometry":{"type":"Point","coordinates":[-89.621603,29.383814]}},{"type":"Feature","properties":{"s":"buried","phase":"after","epoch":"2025-11-20"},"geometry":{"type":"Point","coordinates":[-89.621678,29.383895]}},{"type":"Feature","properties":{"s":"scat","phase":"after","epoch":"2025-11-20"},"geometry":{"type":"Point","coordinates":[-89.621767,29.383994]}},{"type":"Feature","properties":{"s":"reef","phase":"after","epoch":"2025-11-20"},"geometry":{"type":"Point","coordinates":[-89.621836,29.384071]}},{"type":"Feature","properties":{"s":"reef","phase":"after","epoch":"2025-11-20"},"geometry":{"type":"Point","coordinates":[-89.621907,29.384149]}},{"type":"Feature","properties":{"s":"reef","phase":"after","epoch":"2025-11-20"},"geometry":{"type":"Point","coordinates":[-89.62198,29.384226]}},{"type":"Feature","properties":{"s":"reef","phase":"after","epoch":"2025-11-20"},"geometry":{"type":"Point","coordinates":[-89.622036,29.384283]}},{"type":"Feature","properties":{"s":"reef","phase":"after","epoch":"2025-11-20"},"geometry":{"type":"Point","coordinates":[-89.622091,29.384339]}},{"type":"Feature","properties":{"s":"reef","phase":"after","epoch":"2025-11-20"},"geometry":{"type":"Point","coordinates":[-89.622164,29.384416]}},{"type":"Feature","properties":{"s":"reef","phase":"after","epoch":"2025-11-20"},"geometry":{"type":"Point","coordinates":[-89.622221,29.384473]}},{"type":"Feature","properties":{"s":"reef","phase":"after","epoch":"2025-11-20"},"geometry":{"type":"Point","coordinates":[-89.622295,29.384551]}},{"type":"Feature","properties":{"s":"reef","phase":"after","epoch":"2025-11-20"},"geometry":{"type":"Point","coordinates":[-89.622352,29.384612]}},{"type":"Feature","properties":{"s":"reef","phase":"after","epoch":"2025-11-20"},"geometry":{"type":"Point","coordinates":[-89.622406,29.38467]}},{"type":"Feature","properties":{"s":"scat","phase":"after","epoch":"2025-11-20"},"geometry":{"type":"Point","coordinates":[-89.622495,29.384765]}},{"type":"Feature","properties":{"s":"reef","phase":"after","epoch":"2025-11-20"},"geometry":{"type":"Point","coordinates":[-89.622582,29.384862]}},{"type":"Feature","properties":{"s":"reef","phase":"after","epoch":"2025-11-20"},"geometry":{"type":"Point","coordinates":[-89.622631,29.38492]}},{"type":"Feature","properties":{"s":"reef","phase":"after","epoch":"2025-11-20"},"geometry":{"type":"Point","coordinates":[-89.622698,29.385006]}},{"type":"Feature","properties":{"s":"mud","phase":"after","epoch":"2025-11-21"},"geometry":{"type":"Point","coordinates":[-89.620139,29.379831]}},{"type":"Feature","properties":{"s":"mud","phase":"after","epoch":"2025-11-21"},"geometry":{"type":"Point","coordinates":[-89.620072,29.379783]}},{"type":"Feature","properties":{"s":"mud","phase":"after","epoch":"2025-11-21"},"geometry":{"type":"Point","coordinates":[-89.620517,29.380312]}},{"type":"Feature","properties":{"s":"mud","phase":"after","epoch":"2025-11-21"},"geometry":{"type":"Point","coordinates":[-89.620439,29.380207]}},{"type":"Feature","properties":{"s":"mud","phase":"after","epoch":"2025-11-21"},"geometry":{"type":"Point","coordinates":[-89.62041,29.380165]}},{"type":"Feature","properties":{"s":"mud","phase":"after","epoch":"2025-11-21"},"geometry":{"type":"Point","coordinates":[-89.620363,29.380102]}},{"type":"Feature","properties":{"s":"mud","phase":"after","epoch":"2025-11-21"},"geometry":{"type":"Point","coordinates":[-89.620273,29.379989]}},{"type":"Feature","properties":{"s":"mud","phase":"after","epoch":"2025-11-21"},"geometry":{"type":"Point","coordinates":[-89.620239,29.379943]}},{"type":"Feature","properties":{"s":"scat","phase":"after","epoch":"2025-11-21"},"geometry":{"type":"Point","coordinates":[-89.620957,29.380829]}},{"type":"Feature","properties":{"s":"buried","phase":"after","epoch":"2025-11-21"},"geometry":{"type":"Point","coordinates":[-89.620892,29.380742]}},{"type":"Feature","properties":{"s":"scat","phase":"after","epoch":"2025-11-21"},"geometry":{"type":"Point","coordinates":[-89.620816,29.380669]}},{"type":"Feature","properties":{"s":"buried","phase":"after","epoch":"2025-11-21"},"geometry":{"type":"Point","coordinates":[-89.620746,29.380585]}},{"type":"Feature","properties":{"s":"buried","phase":"after","epoch":"2025-11-21"},"geometry":{"type":"Point","coordinates":[-89.620675,29.380501]}},{"type":"Feature","properties":{"s":"mud","phase":"after","epoch":"2025-11-21"},"geometry":{"type":"Point","coordinates":[-89.620572,29.380371]}},{"type":"Feature","properties":{"s":"buried","phase":"after","epoch":"2025-11-21"},"geometry":{"type":"Point","coordinates":[-89.62134,29.381286]}},{"type":"Feature","properties":{"s":"buried","phase":"after","epoch":"2025-11-21"},"geometry":{"type":"Point","coordinates":[-89.62125,29.381185]}},{"type":"Feature","properties":{"s":"buried","phase":"after","epoch":"2025-11-21"},"geometry":{"type":"Point","coordinates":[-89.621184,29.381103]}},{"type":"Feature","properties":{"s":"buried","phase":"after","epoch":"2025-11-21"},"geometry":{"type":"Point","coordinates":[-89.621109,29.381018]}},{"type":"Feature","properties":{"s":"scat","phase":"after","epoch":"2025-11-21"},"geometry":{"type":"Point","coordinates":[-89.621022,29.380914]}},{"type":"Feature","properties":{"s":"reef","phase":"after","epoch":"2025-11-21"},"geometry":{"type":"Point","coordinates":[-89.621778,29.381796]}},{"type":"Feature","properties":{"s":"reef","phase":"after","epoch":"2025-11-21"},"geometry":{"type":"Point","coordinates":[-89.621708,29.381714]}},{"type":"Feature","properties":{"s":"scat","phase":"after","epoch":"2025-11-21"},"geometry":{"type":"Point","coordinates":[-89.621658,29.381654]}},{"type":"Feature","properties":{"s":"scat","phase":"after","epoch":"2025-11-21"},"geometry":{"type":"Point","coordinates":[-89.621606,29.381594]}},{"type":"Feature","properties":{"s":"buried","phase":"after","epoch":"2025-11-21"},"geometry":{"type":"Point","coordinates":[-89.621512,29.381495]}},{"type":"Feature","properties":{"s":"buried","phase":"after","epoch":"2025-11-21"},"geometry":{"type":"Point","coordinates":[-89.62143,29.381392]}},{"type":"Feature","properties":{"s":"reef","phase":"after","epoch":"2025-11-21"},"geometry":{"type":"Point","coordinates":[-89.622161,29.382248]}},{"type":"Feature","properties":{"s":"reef","phase":"after","epoch":"2025-11-21"},"geometry":{"type":"Point","coordinates":[-89.622076,29.382142]}},{"type":"Feature","properties":{"s":"reef","phase":"after","epoch":"2025-11-21"},"geometry":{"type":"Point","coordinates":[-89.622024,29.38208]}},{"type":"Feature","properties":{"s":"reef","phase":"after","epoch":"2025-11-21"},"geometry":{"type":"Point","coordinates":[-89.621953,29.382001]}},{"type":"Feature","properties":{"s":"reef","phase":"after","epoch":"2025-11-21"},"geometry":{"type":"Point","coordinates":[-89.6219,29.381939]}},{"type":"Feature","properties":{"s":"reef","phase":"after","epoch":"2025-11-21"},"geometry":{"type":"Point","coordinates":[-89.621833,29.381851]}},{"type":"Feature","properties":{"s":"reef","phase":"after","epoch":"2025-11-21"},"geometry":{"type":"Point","coordinates":[-89.622592,29.382789]}},{"type":"Feature","properties":{"s":"reef","phase":"after","epoch":"2025-11-21"},"geometry":{"type":"Point","coordinates":[-89.622524,29.382707]}},{"type":"Feature","properties":{"s":"reef","phase":"after","epoch":"2025-11-21"},"geometry":{"type":"Point","coordinates":[-89.622456,29.382625]}},{"type":"Feature","properties":{"s":"reef","phase":"after","epoch":"2025-11-21"},"geometry":{"type":"Point","coordinates":[-89.622324,29.382456]}},{"type":"Feature","properties":{"s":"reef","phase":"after","epoch":"2025-11-21"},"geometry":{"type":"Point","coordinates":[-89.622241,29.382345]}},{"type":"Feature","properties":{"s":"reef","phase":"after","epoch":"2025-11-21"},"geometry":{"type":"Point","coordinates":[-89.622982,29.383245]}},{"type":"Feature","properties":{"s":"reef","phase":"after","epoch":"2025-11-21"},"geometry":{"type":"Point","coordinates":[-89.622935,29.38318]}},{"type":"Feature","properties":{"s":"reef","phase":"after","epoch":"2025-11-21"},"geometry":{"type":"Point","coordinates":[-89.622885,29.383121]}},{"type":"Feature","properties":{"s":"reef","phase":"after","epoch":"2025-11-21"},"geometry":{"type":"Point","coordinates":[-89.62281,29.383033]}},{"type":"Feature","properties":{"s":"reef","phase":"after","epoch":"2025-11-21"},"geometry":{"type":"Point","coordinates":[-89.622734,29.38295]}},{"type":"Feature","properties":{"s":"reef","phase":"after","epoch":"2025-11-21"},"geometry":{"type":"Point","coordinates":[-89.622661,29.382868]}},{"type":"Feature","properties":{"s":"reef","phase":"after","epoch":"2025-11-21"},"geometry":{"type":"Point","coordinates":[-89.623406,29.383754]}},{"type":"Feature","properties":{"s":"reef","phase":"after","epoch":"2025-11-21"},"geometry":{"type":"Point","coordinates":[-89.623339,29.383672]}},{"type":"Feature","properties":{"s":"reef","phase":"after","epoch":"2025-11-21"},"geometry":{"type":"Point","coordinates":[-89.623276,29.38359]}},{"type":"Feature","properties":{"s":"reef","phase":"after","epoch":"2025-11-21"},"geometry":{"type":"Point","coordinates":[-89.623184,29.383493]}},{"type":"Feature","properties":{"s":"reef","phase":"after","epoch":"2025-11-21"},"geometry":{"type":"Point","coordinates":[-89.623115,29.383409]}},{"type":"Feature","properties":{"s":"reef","phase":"after","epoch":"2025-11-21"},"geometry":{"type":"Point","coordinates":[-89.623045,29.383327]}},{"type":"Feature","properties":{"s":"reef","phase":"after","epoch":"2025-11-21"},"geometry":{"type":"Point","coordinates":[-89.623821,29.384255]}},{"type":"Feature","properties":{"s":"reef","phase":"after","epoch":"2025-11-21"},"geometry":{"type":"Point","coordinates":[-89.623753,29.384175]}},{"type":"Feature","properties":{"s":"reef","phase":"after","epoch":"2025-11-21"},"geometry":{"type":"Point","coordinates":[-89.623683,29.384084]}},{"type":"Feature","properties":{"s":"reef","phase":"after","epoch":"2025-11-21"},"geometry":{"type":"Point","coordinates":[-89.623611,29.383997]}},{"type":"Feature","properties":{"s":"reef","phase":"after","epoch":"2025-11-21"},"geometry":{"type":"Point","coordinates":[-89.623543,29.383921]}},{"type":"Feature","properties":{"s":"reef","phase":"after","epoch":"2025-11-21"},"geometry":{"type":"Point","coordinates":[-89.623483,29.383841]}},{"type":"Feature","properties":{"s":"scat","phase":"after","epoch":"2025-11-21"},"geometry":{"type":"Point","coordinates":[-89.624219,29.384727]}},{"type":"Feature","properties":{"s":"scat","phase":"after","epoch":"2025-11-21"},"geometry":{"type":"Point","coordinates":[-89.624154,29.384647]}},{"type":"Feature","properties":{"s":"scat","phase":"after","epoch":"2025-11-21"},"geometry":{"type":"Point","coordinates":[-89.624078,29.384564]}},{"type":"Feature","properties":{"s":"reef","phase":"after","epoch":"2025-11-21"},"geometry":{"type":"Point","coordinates":[-89.62401,29.384477]}},{"type":"Feature","properties":{"s":"reef","phase":"after","epoch":"2025-11-21"},"geometry":{"type":"Point","coordinates":[-89.623945,29.38439]}},{"type":"Feature","properties":{"s":"reef","phase":"after","epoch":"2025-11-21"},"geometry":{"type":"Point","coordinates":[-89.623876,29.384313]}},{"type":"Feature","properties":{"s":"reef","phase":"after","epoch":"2025-11-21"},"geometry":{"type":"Point","coordinates":[-89.624642,29.385208]}},{"type":"Feature","properties":{"s":"reef","phase":"after","epoch":"2025-11-21"},"geometry":{"type":"Point","coordinates":[-89.624573,29.385123]}},{"type":"Feature","properties":{"s":"reef","phase":"after","epoch":"2025-11-21"},"geometry":{"type":"Point","coordinates":[-89.624482,29.385028]}},{"type":"Feature","properties":{"s":"reef","phase":"after","epoch":"2025-11-21"},"geometry":{"type":"Point","coordinates":[-89.624414,29.384946]}},{"type":"Feature","properties":{"s":"reef","phase":"after","epoch":"2025-11-21"},"geometry":{"type":"Point","coordinates":[-89.624348,29.384864]}},{"type":"Feature","properties":{"s":"reef","phase":"after","epoch":"2025-11-21"},"geometry":{"type":"Point","coordinates":[-89.62429,29.384804]}},{"type":"Feature","properties":{"s":"firm","phase":"after","epoch":"2025-11-21"},"geometry":{"type":"Point","coordinates":[-89.625061,29.385696]}},{"type":"Feature","properties":{"s":"mud","phase":"after","epoch":"2025-11-21"},"geometry":{"type":"Point","coordinates":[-89.62498,29.385614]}},{"type":"Feature","properties":{"s":"firm","phase":"after","epoch":"2025-11-21"},"geometry":{"type":"Point","coordinates":[-89.624916,29.385535]}},{"type":"Feature","properties":{"s":"scat","phase":"after","epoch":"2025-11-21"},"geometry":{"type":"Point","coordinates":[-89.624846,29.385451]}},{"type":"Feature","properties":{"s":"firm","phase":"after","epoch":"2025-11-21"},"geometry":{"type":"Point","coordinates":[-89.624779,29.385367]}},{"type":"Feature","properties":{"s":"scat","phase":"after","epoch":"2025-11-21"},"geometry":{"type":"Point","coordinates":[-89.624695,29.385269]}},{"type":"Feature","properties":{"s":"firm","phase":"after","epoch":"2025-11-21"},"geometry":{"type":"Point","coordinates":[-89.625213,29.385462]}},{"type":"Feature","properties":{"s":"firm","phase":"after","epoch":"2025-11-21"},"geometry":{"type":"Point","coordinates":[-89.625267,29.385525]}},{"type":"Feature","properties":{"s":"firm","phase":"after","epoch":"2025-11-21"},"geometry":{"type":"Point","coordinates":[-89.625288,29.385586]}},{"type":"Feature","properties":{"s":"firm","phase":"after","epoch":"2025-11-21"},"geometry":{"type":"Point","coordinates":[-89.625245,29.385673]}},{"type":"Feature","properties":{"s":"firm","phase":"after","epoch":"2025-11-21"},"geometry":{"type":"Point","coordinates":[-89.62514,29.385707]}},{"type":"Feature","properties":{"s":"scat","phase":"after","epoch":"2025-11-21"},"geometry":{"type":"Point","coordinates":[-89.624925,29.385114]}},{"type":"Feature","properties":{"s":"scat","phase":"after","epoch":"2025-11-21"},"geometry":{"type":"Point","coordinates":[-89.624996,29.385212]}},{"type":"Feature","properties":{"s":"scat","phase":"after","epoch":"2025-11-21"},"geometry":{"type":"Point","coordinates":[-89.625054,29.385292]}},{"type":"Feature","properties":{"s":"firm","phase":"after","epoch":"2025-11-21"},"geometry":{"type":"Point","coordinates":[-89.625132,29.385381]}},{"type":"Feature","properties":{"s":"buried","phase":"after","epoch":"2025-11-21"},"geometry":{"type":"Point","coordinates":[-89.624521,29.384662]}},{"type":"Feature","properties":{"s":"scat","phase":"after","epoch":"2025-11-21"},"geometry":{"type":"Point","coordinates":[-89.624601,29.384759]}},{"type":"Feature","properties":{"s":"buried","phase":"after","epoch":"2025-11-21"},"geometry":{"type":"Point","coordinates":[-89.624684,29.384852]}},{"type":"Feature","properties":{"s":"buried","phase":"after","epoch":"2025-11-21"},"geometry":{"type":"Point","coordinates":[-89.62475,29.384929]}},{"type":"Feature","properties":{"s":"scat","phase":"after","epoch":"2025-11-21"},"geometry":{"type":"Point","coordinates":[-89.624829,29.385013]}},{"type":"Feature","properties":{"s":"scat","phase":"after","epoch":"2025-11-21"},"geometry":{"type":"Point","coordinates":[-89.624099,29.384196]}},{"type":"Feature","properties":{"s":"buried","phase":"after","epoch":"2025-11-21"},"geometry":{"type":"Point","coordinates":[-89.624185,29.384285]}},{"type":"Feature","properties":{"s":"buried","phase":"after","epoch":"2025-11-21"},"geometry":{"type":"Point","coordinates":[-89.62427,29.384384]}},{"type":"Feature","properties":{"s":"scat","phase":"after","epoch":"2025-11-21"},"geometry":{"type":"Point","coordinates":[-89.624351,29.384469]}},{"type":"Feature","properties":{"s":"scat","phase":"after","epoch":"2025-11-21"},"geometry":{"type":"Point","coordinates":[-89.624439,29.384566]}},{"type":"Feature","properties":{"s":"reef","phase":"after","epoch":"2025-11-21"},"geometry":{"type":"Point","coordinates":[-89.62365,29.383643]}},{"type":"Feature","properties":{"s":"reef","phase":"after","epoch":"2025-11-21"},"geometry":{"type":"Point","coordinates":[-89.623736,29.383759]}},{"type":"Feature","properties":{"s":"reef","phase":"after","epoch":"2025-11-21"},"geometry":{"type":"Point","coordinates":[-89.623818,29.383849]}},{"type":"Feature","properties":{"s":"reef","phase":"after","epoch":"2025-11-21"},"geometry":{"type":"Point","coordinates":[-89.623879,29.383923]}},{"type":"Feature","properties":{"s":"reef","phase":"after","epoch":"2025-11-21"},"geometry":{"type":"Point","coordinates":[-89.623942,29.384005]}},{"type":"Feature","properties":{"s":"scat","phase":"after","epoch":"2025-11-21"},"geometry":{"type":"Point","coordinates":[-89.62402,29.3841]}},{"type":"Feature","properties":{"s":"reef","phase":"after","epoch":"2025-11-21"},"geometry":{"type":"Point","coordinates":[-89.623323,29.383287]}},{"type":"Feature","properties":{"s":"reef","phase":"after","epoch":"2025-11-21"},"geometry":{"type":"Point","coordinates":[-89.623391,29.383359]}},{"type":"Feature","properties":{"s":"reef","phase":"after","epoch":"2025-11-21"},"geometry":{"type":"Point","coordinates":[-89.623461,29.383432]}},{"type":"Feature","properties":{"s":"reef","phase":"after","epoch":"2025-11-21"},"geometry":{"type":"Point","coordinates":[-89.623547,29.383523]}},{"type":"Feature","properties":{"s":"reef","phase":"after","epoch":"2025-11-21"},"geometry":{"type":"Point","coordinates":[-89.623616,29.383604]}},{"type":"Feature","properties":{"s":"reef","phase":"after","epoch":"2025-11-21"},"geometry":{"type":"Point","coordinates":[-89.62295,29.382822]}},{"type":"Feature","properties":{"s":"reef","phase":"after","epoch":"2025-11-21"},"geometry":{"type":"Point","coordinates":[-89.623023,29.382921]}},{"type":"Feature","properties":{"s":"reef","phase":"after","epoch":"2025-11-21"},"geometry":{"type":"Point","coordinates":[-89.623105,29.383014]}},{"type":"Feature","properties":{"s":"reef","phase":"after","epoch":"2025-11-21"},"geometry":{"type":"Point","coordinates":[-89.623167,29.383097]}},{"type":"Feature","properties":{"s":"reef","phase":"after","epoch":"2025-11-21"},"geometry":{"type":"Point","coordinates":[-89.623244,29.38319]}},{"type":"Feature","properties":{"s":"reef","phase":"after","epoch":"2025-11-21"},"geometry":{"type":"Point","coordinates":[-89.622505,29.382286]}},{"type":"Feature","properties":{"s":"reef","phase":"after","epoch":"2025-11-21"},"geometry":{"type":"Point","coordinates":[-89.622579,29.382385]}},{"type":"Feature","properties":{"s":"reef","phase":"after","epoch":"2025-11-21"},"geometry":{"type":"Point","coordinates":[-89.622647,29.382459]}},{"type":"Feature","properties":{"s":"reef","phase":"after","epoch":"2025-11-21"},"geometry":{"type":"Point","coordinates":[-89.622721,29.382553]}},{"type":"Feature","properties":{"s":"reef","phase":"after","epoch":"2025-11-21"},"geometry":{"type":"Point","coordinates":[-89.62281,29.382647]}},{"type":"Feature","properties":{"s":"reef","phase":"after","epoch":"2025-11-21"},"geometry":{"type":"Point","coordinates":[-89.622888,29.382745]}},{"type":"Feature","properties":{"s":"reef","phase":"after","epoch":"2025-11-21"},"geometry":{"type":"Point","coordinates":[-89.622166,29.381889]}},{"type":"Feature","properties":{"s":"buried","phase":"after","epoch":"2025-11-21"},"geometry":{"type":"Point","coordinates":[-89.622248,29.381983]}},{"type":"Feature","properties":{"s":"scat","phase":"after","epoch":"2025-11-21"},"geometry":{"type":"Point","coordinates":[-89.622333,29.38208]}},{"type":"Feature","properties":{"s":"reef","phase":"after","epoch":"2025-11-21"},"geometry":{"type":"Point","coordinates":[-89.622424,29.382193]}},{"type":"Feature","properties":{"s":"buried","phase":"after","epoch":"2025-11-21"},"geometry":{"type":"Point","coordinates":[-89.621822,29.381478]}},{"type":"Feature","properties":{"s":"buried","phase":"after","epoch":"2025-11-21"},"geometry":{"type":"Point","coordinates":[-89.621888,29.381558]}},{"type":"Feature","properties":{"s":"buried","phase":"after","epoch":"2025-11-21"},"geometry":{"type":"Point","coordinates":[-89.621946,29.381631]}},{"type":"Feature","properties":{"s":"buried","phase":"after","epoch":"2025-11-21"},"geometry":{"type":"Point","coordinates":[-89.622026,29.381725]}},{"type":"Feature","properties":{"s":"buried","phase":"after","epoch":"2025-11-21"},"geometry":{"type":"Point","coordinates":[-89.622112,29.381819]}},{"type":"Feature","properties":{"s":"buried","phase":"after","epoch":"2025-11-21"},"geometry":{"type":"Point","coordinates":[-89.621404,29.380978]}},{"type":"Feature","properties":{"s":"buried","phase":"after","epoch":"2025-11-21"},"geometry":{"type":"Point","coordinates":[-89.621483,29.381069]}},{"type":"Feature","properties":{"s":"buried","phase":"after","epoch":"2025-11-21"},"geometry":{"type":"Point","coordinates":[-89.621578,29.381186]}},{"type":"Feature","properties":{"s":"buried","phase":"after","epoch":"2025-11-21"},"geometry":{"type":"Point","coordinates":[-89.621646,29.381263]}},{"type":"Feature","properties":{"s":"buried","phase":"after","epoch":"2025-11-21"},"geometry":{"type":"Point","coordinates":[-89.621744,29.381381]}},{"type":"Feature","properties":{"s":"firm","phase":"after","epoch":"2025-11-21"},"geometry":{"type":"Point","coordinates":[-89.621023,29.380522]}},{"type":"Feature","properties":{"s":"firm","phase":"after","epoch":"2025-11-21"},"geometry":{"type":"Point","coordinates":[-89.621108,29.380615]}},{"type":"Feature","properties":{"s":"firm","phase":"after","epoch":"2025-11-21"},"geometry":{"type":"Point","coordinates":[-89.621187,29.380709]}},{"type":"Feature","properties":{"s":"firm","phase":"after","epoch":"2025-11-21"},"geometry":{"type":"Point","coordinates":[-89.621249,29.380786]}},{"type":"Feature","properties":{"s":"buried","phase":"after","epoch":"2025-11-21"},"geometry":{"type":"Point","coordinates":[-89.621328,29.380882]}},{"type":"Feature","properties":{"s":"mud","phase":"after","epoch":"2025-11-21"},"geometry":{"type":"Point","coordinates":[-89.62081,29.380089]}},{"type":"Feature","properties":{"s":"firm","phase":"after","epoch":"2025-11-21"},"geometry":{"type":"Point","coordinates":[-89.620857,29.380289]}},{"type":"Feature","properties":{"s":"firm","phase":"after","epoch":"2025-11-21"},"geometry":{"type":"Point","coordinates":[-89.620942,29.380425]}},{"type":"Feature","properties":{"s":"firm","phase":"after","epoch":"2025-11-21"},"geometry":{"type":"Point","coordinates":[-89.62127,29.380273]}},{"type":"Feature","properties":{"s":"firm","phase":"after","epoch":"2025-11-21"},"geometry":{"type":"Point","coordinates":[-89.621152,29.380162]}},{"type":"Feature","properties":{"s":"firm","phase":"after","epoch":"2025-11-21"},"geometry":{"type":"Point","coordinates":[-89.62105,29.380084]}},{"type":"Feature","properties":{"s":"firm","phase":"after","epoch":"2025-11-21"},"geometry":{"type":"Point","coordinates":[-89.620967,29.380043]}},{"type":"Feature","properties":{"s":"mud","phase":"after","epoch":"2025-11-21"},"geometry":{"type":"Point","coordinates":[-89.620864,29.380043]}},{"type":"Feature","properties":{"s":"mud","phase":"after","epoch":"2025-11-21"},"geometry":{"type":"Point","coordinates":[-89.621776,29.380833]}},{"type":"Feature","properties":{"s":"firm","phase":"after","epoch":"2025-11-21"},"geometry":{"type":"Point","coordinates":[-89.621703,29.380752]}},{"type":"Feature","properties":{"s":"firm","phase":"after","epoch":"2025-11-21"},"geometry":{"type":"Point","coordinates":[-89.621628,29.380655]}},{"type":"Feature","properties":{"s":"mud","phase":"after","epoch":"2025-11-21"},"geometry":{"type":"Point","coordinates":[-89.621559,29.380575]}},{"type":"Feature","properties":{"s":"firm","phase":"after","epoch":"2025-11-21"},"geometry":{"type":"Point","coordinates":[-89.62147,29.380473]}},{"type":"Feature","properties":{"s":"firm","phase":"after","epoch":"2025-11-21"},"geometry":{"type":"Point","coordinates":[-89.621393,29.38039]}},{"type":"Feature","properties":{"s":"buried","phase":"after","epoch":"2025-11-21"},"geometry":{"type":"Point","coordinates":[-89.622148,29.381294]}},{"type":"Feature","properties":{"s":"buried","phase":"after","epoch":"2025-11-21"},"geometry":{"type":"Point","coordinates":[-89.622084,29.381214]}},{"type":"Feature","properties":{"s":"buried","phase":"after","epoch":"2025-11-21"},"geometry":{"type":"Point","coordinates":[-89.622027,29.381136]}},{"type":"Feature","properties":{"s":"buried","phase":"after","epoch":"2025-11-21"},"geometry":{"type":"Point","coordinates":[-89.621963,29.381048]}},{"type":"Feature","properties":{"s":"buried","phase":"after","epoch":"2025-11-21"},"geometry":{"type":"Point","coordinates":[-89.621896,29.380973]}},{"type":"Feature","properties":{"s":"firm","phase":"after","epoch":"2025-11-21"},"geometry":{"type":"Point","coordinates":[-89.621826,29.380892]}},{"type":"Feature","properties":{"s":"scat","phase":"after","epoch":"2025-11-21"},"geometry":{"type":"Point","coordinates":[-89.622573,29.381844]}},{"type":"Feature","properties":{"s":"buried","phase":"after","epoch":"2025-11-21"},"geometry":{"type":"Point","coordinates":[-89.622481,29.381734]}},{"type":"Feature","properties":{"s":"buried","phase":"after","epoch":"2025-11-21"},"geometry":{"type":"Point","coordinates":[-89.622424,29.381649]}},{"type":"Feature","properties":{"s":"buried","phase":"after","epoch":"2025-11-21"},"geometry":{"type":"Point","coordinates":[-89.62236,29.381575]}},{"type":"Feature","properties":{"s":"buried","phase":"after","epoch":"2025-11-21"},"geometry":{"type":"Point","coordinates":[-89.622293,29.381494]}},{"type":"Feature","properties":{"s":"buried","phase":"after","epoch":"2025-11-21"},"geometry":{"type":"Point","coordinates":[-89.622206,29.381381]}},{"type":"Feature","properties":{"s":"reef","phase":"after","epoch":"2025-11-21"},"geometry":{"type":"Point","coordinates":[-89.622988,29.382336]}},{"type":"Feature","properties":{"s":"reef","phase":"after","epoch":"2025-11-21"},"geometry":{"type":"Point","coordinates":[-89.622916,29.382251]}},{"type":"Feature","properties":{"s":"reef","phase":"after","epoch":"2025-11-21"},"geometry":{"type":"Point","coordinates":[-89.622868,29.382189]}},{"type":"Feature","properties":{"s":"scat","phase":"after","epoch":"2025-11-21"},"geometry":{"type":"Point","coordinates":[-89.622782,29.382087]}},{"type":"Feature","properties":{"s":"reef","phase":"after","epoch":"2025-11-21"},"geometry":{"type":"Point","coordinates":[-89.622705,29.381992]}},{"type":"Feature","properties":{"s":"reef","phase":"after","epoch":"2025-11-21"},"geometry":{"type":"Point","coordinates":[-89.622652,29.381927]}},{"type":"Feature","properties":{"s":"reef","phase":"after","epoch":"2025-11-21"},"geometry":{"type":"Point","coordinates":[-89.623404,29.382839]}},{"type":"Feature","properties":{"s":"reef","phase":"after","epoch":"2025-11-21"},"geometry":{"type":"Point","coordinates":[-89.623343,29.382757]}},{"type":"Feature","properties":{"s":"reef","phase":"after","epoch":"2025-11-21"},"geometry":{"type":"Point","coordinates":[-89.623275,29.382679]}},{"type":"Feature","properties":{"s":"reef","phase":"after","epoch":"2025-11-21"},"geometry":{"type":"Point","coordinates":[-89.623186,29.382576]}},{"type":"Feature","properties":{"s":"reef","phase":"after","epoch":"2025-11-21"},"geometry":{"type":"Point","coordinates":[-89.623118,29.382497]}},{"type":"Feature","properties":{"s":"scat","phase":"after","epoch":"2025-11-21"},"geometry":{"type":"Point","coordinates":[-89.623054,29.382417]}},{"type":"Feature","properties":{"s":"reef","phase":"after","epoch":"2025-11-21"},"geometry":{"type":"Point","coordinates":[-89.623753,29.383283]}},{"type":"Feature","properties":{"s":"reef","phase":"after","epoch":"2025-11-21"},"geometry":{"type":"Point","coordinates":[-89.623678,29.383176]}},{"type":"Feature","properties":{"s":"reef","phase":"after","epoch":"2025-11-21"},"geometry":{"type":"Point","coordinates":[-89.623618,29.383095]}},{"type":"Feature","properties":{"s":"reef","phase":"after","epoch":"2025-11-21"},"geometry":{"type":"Point","coordinates":[-89.623542,29.383001]}},{"type":"Feature","properties":{"s":"reef","phase":"after","epoch":"2025-11-21"},"geometry":{"type":"Point","coordinates":[-89.623472,29.382922]}},{"type":"Feature","properties":{"s":"reef","phase":"after","epoch":"2025-11-21"},"geometry":{"type":"Point","coordinates":[-89.624242,29.383846]}},{"type":"Feature","properties":{"s":"reef","phase":"after","epoch":"2025-11-21"},"geometry":{"type":"Point","coordinates":[-89.624207,29.383806]}},{"type":"Feature","properties":{"s":"reef","phase":"after","epoch":"2025-11-21"},"geometry":{"type":"Point","coordinates":[-89.624157,29.38375]}},{"type":"Feature","properties":{"s":"reef","phase":"after","epoch":"2025-11-21"},"geometry":{"type":"Point","coordinates":[-89.624103,29.383691]}},{"type":"Feature","properties":{"s":"reef","phase":"after","epoch":"2025-11-21"},"geometry":{"type":"Point","coordinates":[-89.624063,29.383651]}},{"type":"Feature","properties":{"s":"reef","phase":"after","epoch":"2025-11-21"},"geometry":{"type":"Point","coordinates":[-89.623978,29.383548]}},{"type":"Feature","properties":{"s":"reef","phase":"after","epoch":"2025-11-21"},"geometry":{"type":"Point","coordinates":[-89.623889,29.383449]}},{"type":"Feature","properties":{"s":"reef","phase":"after","epoch":"2025-11-21"},"geometry":{"type":"Point","coordinates":[-89.623819,29.383361]}},{"type":"Feature","properties":{"s":"scat","phase":"after","epoch":"2025-11-21"},"geometry":{"type":"Point","coordinates":[-89.624642,29.384331]}},{"type":"Feature","properties":{"s":"reef","phase":"after","epoch":"2025-11-21"},"geometry":{"type":"Point","coordinates":[-89.624591,29.384272]}},{"type":"Feature","properties":{"s":"reef","phase":"after","epoch":"2025-11-21"},"geometry":{"type":"Point","coordinates":[-89.62454,29.384208]}},{"type":"Feature","properties":{"s":"reef","phase":"after","epoch":"2025-11-21"},"geometry":{"type":"Point","coordinates":[-89.624483,29.384147]}},{"type":"Feature","properties":{"s":"reef","phase":"after","epoch":"2025-11-21"},"geometry":{"type":"Point","coordinates":[-89.624435,29.384088]}},{"type":"Feature","properties":{"s":"reef","phase":"after","epoch":"2025-11-21"},"geometry":{"type":"Point","coordinates":[-89.624371,29.384009]}},{"type":"Feature","properties":{"s":"reef","phase":"after","epoch":"2025-11-21"},"geometry":{"type":"Point","coordinates":[-89.624341,29.383972]}},{"type":"Feature","properties":{"s":"reef","phase":"after","epoch":"2025-11-21"},"geometry":{"type":"Point","coordinates":[-89.624293,29.383904]}},{"type":"Feature","properties":{"s":"scat","phase":"after","epoch":"2025-11-21"},"geometry":{"type":"Point","coordinates":[-89.625012,29.38479]}},{"type":"Feature","properties":{"s":"buried","phase":"after","epoch":"2025-11-21"},"geometry":{"type":"Point","coordinates":[-89.624915,29.384656]}},{"type":"Feature","properties":{"s":"buried","phase":"after","epoch":"2025-11-21"},"geometry":{"type":"Point","coordinates":[-89.62481,29.384536]}},{"type":"Feature","properties":{"s":"buried","phase":"after","epoch":"2025-11-21"},"geometry":{"type":"Point","coordinates":[-89.624727,29.384434]}},{"type":"Feature","properties":{"s":"scat","phase":"after","epoch":"2025-11-21"},"geometry":{"type":"Point","coordinates":[-89.625426,29.38527]}},{"type":"Feature","properties":{"s":"scat","phase":"after","epoch":"2025-11-21"},"geometry":{"type":"Point","coordinates":[-89.625353,29.385193]}},{"type":"Feature","properties":{"s":"reef","phase":"after","epoch":"2025-11-21"},"geometry":{"type":"Point","coordinates":[-89.625255,29.38507]}},{"type":"Feature","properties":{"s":"reef","phase":"after","epoch":"2025-11-21"},"geometry":{"type":"Point","coordinates":[-89.625188,29.38498]}},{"type":"Feature","properties":{"s":"reef","phase":"after","epoch":"2025-11-21"},"geometry":{"type":"Point","coordinates":[-89.62512,29.384899]}},{"type":"Feature","properties":{"s":"firm","phase":"after","epoch":"2025-11-21"},"geometry":{"type":"Point","coordinates":[-89.625664,29.385537]}},{"type":"Feature","properties":{"s":"firm","phase":"after","epoch":"2025-11-21"},"geometry":{"type":"Point","coordinates":[-89.625586,29.385475]}},{"type":"Feature","properties":{"s":"firm","phase":"after","epoch":"2025-11-21"},"geometry":{"type":"Point","coordinates":[-89.625507,29.385378]}},{"type":"Feature","properties":{"s":"reef","phase":"after","epoch":"2025-11-21"},"geometry":{"type":"Point","coordinates":[-89.626259,29.383623]}},{"type":"Feature","properties":{"s":"scat","phase":"after","epoch":"2025-11-21"},"geometry":{"type":"Point","coordinates":[-89.626204,29.383571]}},{"type":"Feature","properties":{"s":"scat","phase":"after","epoch":"2025-11-21"},"geometry":{"type":"Point","coordinates":[-89.626139,29.383491]}},{"type":"Feature","properties":{"s":"scat","phase":"after","epoch":"2025-11-21"},"geometry":{"type":"Point","coordinates":[-89.626058,29.383394]}},{"type":"Feature","properties":{"s":"scat","phase":"after","epoch":"2025-11-21"},"geometry":{"type":"Point","coordinates":[-89.625995,29.383311]}},{"type":"Feature","properties":{"s":"buried","phase":"after","epoch":"2025-11-21"},"geometry":{"type":"Point","coordinates":[-89.625947,29.383255]}},{"type":"Feature","properties":{"s":"mud","phase":"after","epoch":"2025-11-21"},"geometry":{"type":"Point","coordinates":[-89.625882,29.383165]}},{"type":"Feature","properties":{"s":"scat","phase":"after","epoch":"2025-11-21"},"geometry":{"type":"Point","coordinates":[-89.625809,29.383064]}},{"type":"Feature","properties":{"s":"scat","phase":"after","epoch":"2025-11-21"},"geometry":{"type":"Point","coordinates":[-89.625708,29.382938]}},{"type":"Feature","properties":{"s":"reef","phase":"after","epoch":"2025-11-21"},"geometry":{"type":"Point","coordinates":[-89.625643,29.382855]}},{"type":"Feature","properties":{"s":"buried","phase":"after","epoch":"2025-11-21"},"geometry":{"type":"Point","coordinates":[-89.625565,29.382753]}},{"type":"Feature","properties":{"s":"scat","phase":"after","epoch":"2025-11-21"},"geometry":{"type":"Point","coordinates":[-89.625496,29.382674]}},{"type":"Feature","properties":{"s":"buried","phase":"after","epoch":"2025-11-21"},"geometry":{"type":"Point","coordinates":[-89.625409,29.382582]}},{"type":"Feature","properties":{"s":"buried","phase":"after","epoch":"2025-11-21"},"geometry":{"type":"Point","coordinates":[-89.62532,29.38248]}},{"type":"Feature","properties":{"s":"buried","phase":"after","epoch":"2025-11-21"},"geometry":{"type":"Point","coordinates":[-89.625214,29.382341]}},{"type":"Feature","properties":{"s":"buried","phase":"after","epoch":"2025-11-21"},"geometry":{"type":"Point","coordinates":[-89.625141,29.382225]}},{"type":"Feature","properties":{"s":"buried","phase":"after","epoch":"2025-11-21"},"geometry":{"type":"Point","coordinates":[-89.625066,29.382126]}},{"type":"Feature","properties":{"s":"firm","phase":"after","epoch":"2025-11-21"},"geometry":{"type":"Point","coordinates":[-89.624997,29.382051]}},{"type":"Feature","properties":{"s":"firm","phase":"after","epoch":"2025-11-21"},"geometry":{"type":"Point","coordinates":[-89.624901,29.38193]}},{"type":"Feature","properties":{"s":"firm","phase":"after","epoch":"2025-11-21"},"geometry":{"type":"Point","coordinates":[-89.62482,29.3818]}},{"type":"Feature","properties":{"s":"firm","phase":"after","epoch":"2025-11-21"},"geometry":{"type":"Point","coordinates":[-89.624733,29.381707]}},{"type":"Feature","properties":{"s":"firm","phase":"after","epoch":"2025-11-21"},"geometry":{"type":"Point","coordinates":[-89.624638,29.38159]}},{"type":"Feature","properties":{"s":"firm","phase":"after","epoch":"2025-11-21"},"geometry":{"type":"Point","coordinates":[-89.624567,29.381513]}},{"type":"Feature","properties":{"s":"firm","phase":"after","epoch":"2025-11-21"},"geometry":{"type":"Point","coordinates":[-89.624453,29.38139]}},{"type":"Feature","properties":{"s":"firm","phase":"after","epoch":"2025-11-21"},"geometry":{"type":"Point","coordinates":[-89.624345,29.381273]}},{"type":"Feature","properties":{"s":"mud","phase":"after","epoch":"2025-11-21"},"geometry":{"type":"Point","coordinates":[-89.62425,29.381169]}},{"type":"Feature","properties":{"s":"mud","phase":"after","epoch":"2025-11-21"},"geometry":{"type":"Point","coordinates":[-89.624126,29.381056]}},{"type":"Feature","properties":{"s":"mud","phase":"after","epoch":"2025-11-21"},"geometry":{"type":"Point","coordinates":[-89.624066,29.381005]}},{"type":"Feature","properties":{"s":"mud","phase":"after","epoch":"2025-11-21"},"geometry":{"type":"Point","coordinates":[-89.623931,29.380881]}},{"type":"Feature","properties":{"s":"mud","phase":"after","epoch":"2025-11-21"},"geometry":{"type":"Point","coordinates":[-89.623709,29.380785]}},{"type":"Feature","properties":{"s":"mud","phase":"after","epoch":"2025-11-21"},"geometry":{"type":"Point","coordinates":[-89.623627,29.380903]}},{"type":"Feature","properties":{"s":"firm","phase":"after","epoch":"2025-11-21"},"geometry":{"type":"Point","coordinates":[-89.623643,29.381005]}},{"type":"Feature","properties":{"s":"firm","phase":"after","epoch":"2025-11-21"},"geometry":{"type":"Point","coordinates":[-89.623748,29.381139]}},{"type":"Feature","properties":{"s":"firm","phase":"after","epoch":"2025-11-21"},"geometry":{"type":"Point","coordinates":[-89.623828,29.381214]}},{"type":"Feature","properties":{"s":"firm","phase":"after","epoch":"2025-11-21"},"geometry":{"type":"Point","coordinates":[-89.623941,29.381333]}},{"type":"Feature","properties":{"s":"firm","phase":"after","epoch":"2025-11-21"},"geometry":{"type":"Point","coordinates":[-89.624007,29.381409]}},{"type":"Feature","properties":{"s":"firm","phase":"after","epoch":"2025-11-21"},"geometry":{"type":"Point","coordinates":[-89.624102,29.381526]}},{"type":"Feature","properties":{"s":"firm","phase":"after","epoch":"2025-11-21"},"geometry":{"type":"Point","coordinates":[-89.624191,29.381649]}},{"type":"Feature","properties":{"s":"firm","phase":"after","epoch":"2025-11-21"},"geometry":{"type":"Point","coordinates":[-89.624274,29.381745]}},{"type":"Feature","properties":{"s":"buried","phase":"after","epoch":"2025-11-21"},"geometry":{"type":"Point","coordinates":[-89.624352,29.38184]}},{"type":"Feature","properties":{"s":"buried","phase":"after","epoch":"2025-11-21"},"geometry":{"type":"Point","coordinates":[-89.624434,29.381934]}},{"type":"Feature","properties":{"s":"firm","phase":"after","epoch":"2025-11-21"},"geometry":{"type":"Point","coordinates":[-89.624521,29.382027]}},{"type":"Feature","properties":{"s":"firm","phase":"after","epoch":"2025-11-21"},"geometry":{"type":"Point","coordinates":[-89.624603,29.382123]}},{"type":"Feature","properties":{"s":"buried","phase":"after","epoch":"2025-11-21"},"geometry":{"type":"Point","coordinates":[-89.624683,29.382222]}},{"type":"Feature","properties":{"s":"buried","phase":"after","epoch":"2025-11-21"},"geometry":{"type":"Point","coordinates":[-89.624764,29.382323]}},{"type":"Feature","properties":{"s":"scat","phase":"after","epoch":"2025-11-21"},"geometry":{"type":"Point","coordinates":[-89.624842,29.382414]}},{"type":"Feature","properties":{"s":"buried","phase":"after","epoch":"2025-11-21"},"geometry":{"type":"Point","coordinates":[-89.624919,29.382511]}},{"type":"Feature","properties":{"s":"firm","phase":"after","epoch":"2025-11-21"},"geometry":{"type":"Point","coordinates":[-89.624999,29.382605]}},{"type":"Feature","properties":{"s":"firm","phase":"after","epoch":"2025-11-21"},"geometry":{"type":"Point","coordinates":[-89.625103,29.382732]}},{"type":"Feature","properties":{"s":"firm","phase":"after","epoch":"2025-11-21"},"geometry":{"type":"Point","coordinates":[-89.625243,29.382907]}},{"type":"Feature","properties":{"s":"firm","phase":"after","epoch":"2025-11-21"},"geometry":{"type":"Point","coordinates":[-89.625327,29.383012]}},{"type":"Feature","properties":{"s":"scat","phase":"after","epoch":"2025-11-21"},"geometry":{"type":"Point","coordinates":[-89.62537,29.383071]}},{"type":"Feature","properties":{"s":"buried","phase":"after","epoch":"2025-11-21"},"geometry":{"type":"Point","coordinates":[-89.625448,29.38317]}},{"type":"Feature","properties":{"s":"reef","phase":"after","epoch":"2025-11-21"},"geometry":{"type":"Point","coordinates":[-89.625565,29.383324]}},{"type":"Feature","properties":{"s":"reef","phase":"after","epoch":"2025-11-21"},"geometry":{"type":"Point","coordinates":[-89.625644,29.383413]}},{"type":"Feature","properties":{"s":"reef","phase":"after","epoch":"2025-11-21"},"geometry":{"type":"Point","coordinates":[-89.625705,29.383487]}},{"type":"Feature","properties":{"s":"reef","phase":"after","epoch":"2025-11-21"},"geometry":{"type":"Point","coordinates":[-89.625782,29.383583]}},{"type":"Feature","properties":{"s":"scat","phase":"after","epoch":"2025-11-21"},"geometry":{"type":"Point","coordinates":[-89.625826,29.383637]}},{"type":"Feature","properties":{"s":"reef","phase":"after","epoch":"2025-11-21"},"geometry":{"type":"Point","coordinates":[-89.625938,29.383761]}},{"type":"Feature","properties":{"s":"reef","phase":"after","epoch":"2025-11-21"},"geometry":{"type":"Point","coordinates":[-89.626018,29.383856]}},{"type":"Feature","properties":{"s":"reef","phase":"after","epoch":"2025-11-21"},"geometry":{"type":"Point","coordinates":[-89.626097,29.383952]}},{"type":"Feature","properties":{"s":"reef","phase":"after","epoch":"2025-11-21"},"geometry":{"type":"Point","coordinates":[-89.6262,29.384061]}},{"type":"Feature","properties":{"s":"reef","phase":"after","epoch":"2025-11-21"},"geometry":{"type":"Point","coordinates":[-89.626382,29.384239]}},{"type":"Feature","properties":{"s":"reef","phase":"after","epoch":"2025-11-21"},"geometry":{"type":"Point","coordinates":[-89.626445,29.384307]}},{"type":"Feature","properties":{"s":"scat","phase":"after","epoch":"2025-11-21"},"geometry":{"type":"Point","coordinates":[-89.626535,29.384401]}},{"type":"Feature","properties":{"s":"firm","phase":"after","epoch":"2025-11-21"},"geometry":{"type":"Point","coordinates":[-89.626627,29.384492]}},{"type":"Feature","properties":{"s":"firm","phase":"after","epoch":"2025-11-21"},"geometry":{"type":"Point","coordinates":[-89.626744,29.384591]}},{"type":"Feature","properties":{"s":"firm","phase":"after","epoch":"2025-11-21"},"geometry":{"type":"Point","coordinates":[-89.626835,29.38468]}},{"type":"Feature","properties":{"s":"firm","phase":"after","epoch":"2025-11-21"},"geometry":{"type":"Point","coordinates":[-89.626906,29.384754]}},{"type":"Feature","properties":{"s":"buried","phase":"after","epoch":"2025-11-21"},"geometry":{"type":"Point","coordinates":[-89.626987,29.38485]}},{"type":"Feature","properties":{"s":"buried","phase":"after","epoch":"2025-11-21"},"geometry":{"type":"Point","coordinates":[-89.627059,29.384943]}},{"type":"Feature","properties":{"s":"buried","phase":"after","epoch":"2025-11-21"},"geometry":{"type":"Point","coordinates":[-89.627098,29.385052]}},{"type":"Feature","properties":{"s":"buried","phase":"after","epoch":"2025-11-21"},"geometry":{"type":"Point","coordinates":[-89.626957,29.385217]}},{"type":"Feature","properties":{"s":"buried","phase":"after","epoch":"2025-11-21"},"geometry":{"type":"Point","coordinates":[-89.626833,29.385179]}},{"type":"Feature","properties":{"s":"buried","phase":"after","epoch":"2025-11-21"},"geometry":{"type":"Point","coordinates":[-89.626775,29.385123]}},{"type":"Feature","properties":{"s":"buried","phase":"after","epoch":"2025-11-21"},"geometry":{"type":"Point","coordinates":[-89.626671,29.385001]}},{"type":"Feature","properties":{"s":"buried","phase":"after","epoch":"2025-11-21"},"geometry":{"type":"Point","coordinates":[-89.62662,29.384938]}},{"type":"Feature","properties":{"s":"reef","phase":"after","epoch":"2025-11-21"},"geometry":{"type":"Point","coordinates":[-89.626514,29.384814]}},{"type":"Feature","properties":{"s":"reef","phase":"after","epoch":"2025-11-21"},"geometry":{"type":"Point","coordinates":[-89.62643,29.384713]}},{"type":"Feature","properties":{"s":"reef","phase":"after","epoch":"2025-11-21"},"geometry":{"type":"Point","coordinates":[-89.62638,29.384652]}},{"type":"Feature","properties":{"s":"reef","phase":"after","epoch":"2025-11-21"},"geometry":{"type":"Point","coordinates":[-89.626348,29.384614]}},{"type":"Feature","properties":{"s":"reef","phase":"after","epoch":"2025-11-21"},"geometry":{"type":"Point","coordinates":[-89.626283,29.384537]}},{"type":"Feature","properties":{"s":"reef","phase":"after","epoch":"2025-11-21"},"geometry":{"type":"Point","coordinates":[-89.626184,29.384422]}},{"type":"Feature","properties":{"s":"reef","phase":"after","epoch":"2025-11-21"},"geometry":{"type":"Point","coordinates":[-89.626111,29.384339]}},{"type":"Feature","properties":{"s":"reef","phase":"after","epoch":"2025-11-21"},"geometry":{"type":"Point","coordinates":[-89.626029,29.38424]}},{"type":"Feature","properties":{"s":"reef","phase":"after","epoch":"2025-11-21"},"geometry":{"type":"Point","coordinates":[-89.625934,29.384117]}},{"type":"Feature","properties":{"s":"reef","phase":"after","epoch":"2025-11-21"},"geometry":{"type":"Point","coordinates":[-89.625827,29.383996]}},{"type":"Feature","properties":{"s":"reef","phase":"after","epoch":"2025-11-21"},"geometry":{"type":"Point","coordinates":[-89.625724,29.383876]}},{"type":"Feature","properties":{"s":"reef","phase":"after","epoch":"2025-11-21"},"geometry":{"type":"Point","coordinates":[-89.625658,29.383797]}},{"type":"Feature","properties":{"s":"reef","phase":"after","epoch":"2025-11-21"},"geometry":{"type":"Point","coordinates":[-89.625576,29.383696]}},{"type":"Feature","properties":{"s":"reef","phase":"after","epoch":"2025-11-21"},"geometry":{"type":"Point","coordinates":[-89.62553,29.383637]}},{"type":"Feature","properties":{"s":"reef","phase":"after","epoch":"2025-11-21"},"geometry":{"type":"Point","coordinates":[-89.625444,29.383536]}},{"type":"Feature","properties":{"s":"reef","phase":"after","epoch":"2025-11-21"},"geometry":{"type":"Point","coordinates":[-89.62536,29.38343]}},{"type":"Feature","properties":{"s":"scat","phase":"after","epoch":"2025-11-21"},"geometry":{"type":"Point","coordinates":[-89.62531,29.383367]}},{"type":"Feature","properties":{"s":"scat","phase":"after","epoch":"2025-11-21"},"geometry":{"type":"Point","coordinates":[-89.625225,29.38327]}},{"type":"Feature","properties":{"s":"scat","phase":"after","epoch":"2025-11-21"},"geometry":{"type":"Point","coordinates":[-89.625187,29.383231]}},{"type":"Feature","properties":{"s":"scat","phase":"after","epoch":"2025-11-21"},"geometry":{"type":"Point","coordinates":[-89.625082,29.383087]}},{"type":"Feature","properties":{"s":"scat","phase":"after","epoch":"2025-11-21"},"geometry":{"type":"Point","coordinates":[-89.624997,29.382989]}},{"type":"Feature","properties":{"s":"scat","phase":"after","epoch":"2025-11-21"},"geometry":{"type":"Point","coordinates":[-89.624937,29.382907]}},{"type":"Feature","properties":{"s":"reef","phase":"after","epoch":"2025-11-21"},"geometry":{"type":"Point","coordinates":[-89.624865,29.382826]}},{"type":"Feature","properties":{"s":"reef","phase":"after","epoch":"2025-11-21"},"geometry":{"type":"Point","coordinates":[-89.624779,29.382725]}},{"type":"Feature","properties":{"s":"scat","phase":"after","epoch":"2025-11-21"},"geometry":{"type":"Point","coordinates":[-89.624709,29.382645]}},{"type":"Feature","properties":{"s":"buried","phase":"after","epoch":"2025-11-21"},"geometry":{"type":"Point","coordinates":[-89.624641,29.382563]}},{"type":"Feature","properties":{"s":"buried","phase":"after","epoch":"2025-11-21"},"geometry":{"type":"Point","coordinates":[-89.624575,29.382482]}},{"type":"Feature","properties":{"s":"buried","phase":"after","epoch":"2025-11-21"},"geometry":{"type":"Point","coordinates":[-89.624489,29.382384]}},{"type":"Feature","properties":{"s":"buried","phase":"after","epoch":"2025-11-21"},"geometry":{"type":"Point","coordinates":[-89.624353,29.38222]}},{"type":"Feature","properties":{"s":"buried","phase":"after","epoch":"2025-11-21"},"geometry":{"type":"Point","coordinates":[-89.624286,29.382142]}},{"type":"Feature","properties":{"s":"scat","phase":"after","epoch":"2025-11-21"},"geometry":{"type":"Point","coordinates":[-89.624211,29.382039]}},{"type":"Feature","properties":{"s":"buried","phase":"after","epoch":"2025-11-21"},"geometry":{"type":"Point","coordinates":[-89.62415,29.381962]}},{"type":"Feature","properties":{"s":"buried","phase":"after","epoch":"2025-11-21"},"geometry":{"type":"Point","coordinates":[-89.624058,29.381856]}},{"type":"Feature","properties":{"s":"firm","phase":"after","epoch":"2025-11-21"},"geometry":{"type":"Point","coordinates":[-89.623988,29.381775]}},{"type":"Feature","properties":{"s":"firm","phase":"after","epoch":"2025-11-21"},"geometry":{"type":"Point","coordinates":[-89.623914,29.381675]}},{"type":"Feature","properties":{"s":"firm","phase":"after","epoch":"2025-11-21"},"geometry":{"type":"Point","coordinates":[-89.623835,29.381573]}},{"type":"Feature","properties":{"s":"firm","phase":"after","epoch":"2025-11-21"},"geometry":{"type":"Point","coordinates":[-89.623771,29.381492]}},{"type":"Feature","properties":{"s":"firm","phase":"after","epoch":"2025-11-21"},"geometry":{"type":"Point","coordinates":[-89.62367,29.38137]}},{"type":"Feature","properties":{"s":"firm","phase":"after","epoch":"2025-11-21"},"geometry":{"type":"Point","coordinates":[-89.623608,29.3813]}},{"type":"Feature","properties":{"s":"firm","phase":"after","epoch":"2025-11-21"},"geometry":{"type":"Point","coordinates":[-89.623526,29.381196]}},{"type":"Feature","properties":{"s":"mud","phase":"after","epoch":"2025-11-21"},"geometry":{"type":"Point","coordinates":[-89.623457,29.381109]}},{"type":"Feature","properties":{"s":"mud","phase":"after","epoch":"2025-11-21"},"geometry":{"type":"Point","coordinates":[-89.62339,29.381026]}},{"type":"Feature","properties":{"s":"mud","phase":"after","epoch":"2025-11-21"},"geometry":{"type":"Point","coordinates":[-89.623291,29.380901]}},{"type":"Feature","properties":{"s":"mud","phase":"after","epoch":"2025-11-21"},"geometry":{"type":"Point","coordinates":[-89.623227,29.380824]}},{"type":"Feature","properties":{"s":"mud","phase":"after","epoch":"2025-11-21"},"geometry":{"type":"Point","coordinates":[-89.623109,29.38069]}},{"type":"Feature","properties":{"s":"mud","phase":"after","epoch":"2025-11-21"},"geometry":{"type":"Point","coordinates":[-89.623024,29.380599]}},{"type":"Feature","properties":{"s":"mud","phase":"after","epoch":"2025-11-21"},"geometry":{"type":"Point","coordinates":[-89.62295,29.380544]}},{"type":"Feature","properties":{"s":"mud","phase":"after","epoch":"2025-11-21"},"geometry":{"type":"Point","coordinates":[-89.622719,29.380544]}},{"type":"Feature","properties":{"s":"mud","phase":"after","epoch":"2025-11-21"},"geometry":{"type":"Point","coordinates":[-89.622703,29.380674]}},{"type":"Feature","properties":{"s":"mud","phase":"after","epoch":"2025-11-21"},"geometry":{"type":"Point","coordinates":[-89.622807,29.380864]}},{"type":"Feature","properties":{"s":"mud","phase":"after","epoch":"2025-11-21"},"geometry":{"type":"Point","coordinates":[-89.622887,29.380957]}},{"type":"Feature","properties":{"s":"mud","phase":"after","epoch":"2025-11-21"},"geometry":{"type":"Point","coordinates":[-89.622997,29.381087]}},{"type":"Feature","properties":{"s":"mud","phase":"after","epoch":"2025-11-21"},"geometry":{"type":"Point","coordinates":[-89.62305,29.381146]}},{"type":"Feature","properties":{"s":"firm","phase":"after","epoch":"2025-11-21"},"geometry":{"type":"Point","coordinates":[-89.62315,29.38127]}},{"type":"Feature","properties":{"s":"firm","phase":"after","epoch":"2025-11-21"},"geometry":{"type":"Point","coordinates":[-89.623233,29.381369]}},{"type":"Feature","properties":{"s":"firm","phase":"after","epoch":"2025-11-21"},"geometry":{"type":"Point","coordinates":[-89.623333,29.381487]}},{"type":"Feature","properties":{"s":"buried","phase":"after","epoch":"2025-11-21"},"geometry":{"type":"Point","coordinates":[-89.623431,29.381606]}},{"type":"Feature","properties":{"s":"buried","phase":"after","epoch":"2025-11-21"},"geometry":{"type":"Point","coordinates":[-89.623511,29.381706]}},{"type":"Feature","properties":{"s":"buried","phase":"after","epoch":"2025-11-21"},"geometry":{"type":"Point","coordinates":[-89.623639,29.38187]}},{"type":"Feature","properties":{"s":"reef","phase":"after","epoch":"2025-11-21"},"geometry":{"type":"Point","coordinates":[-89.623721,29.381964]}},{"type":"Feature","properties":{"s":"reef","phase":"after","epoch":"2025-11-21"},"geometry":{"type":"Point","coordinates":[-89.623852,29.382106]}},{"type":"Feature","properties":{"s":"buried","phase":"after","epoch":"2025-11-21"},"geometry":{"type":"Point","coordinates":[-89.623966,29.382246]}},{"type":"Feature","properties":{"s":"buried","phase":"after","epoch":"2025-11-21"},"geometry":{"type":"Point","coordinates":[-89.624061,29.382364]}},{"type":"Feature","properties":{"s":"buried","phase":"after","epoch":"2025-11-21"},"geometry":{"type":"Point","coordinates":[-89.624143,29.38246]}},{"type":"Feature","properties":{"s":"scat","phase":"after","epoch":"2025-11-21"},"geometry":{"type":"Point","coordinates":[-89.624219,29.38256]}},{"type":"Feature","properties":{"s":"reef","phase":"after","epoch":"2025-11-21"},"geometry":{"type":"Point","coordinates":[-89.624284,29.382636]}},{"type":"Feature","properties":{"s":"reef","phase":"after","epoch":"2025-11-21"},"geometry":{"type":"Point","coordinates":[-89.624363,29.382734]}},{"type":"Feature","properties":{"s":"reef","phase":"after","epoch":"2025-11-21"},"geometry":{"type":"Point","coordinates":[-89.624461,29.382847]}},{"type":"Feature","properties":{"s":"reef","phase":"after","epoch":"2025-11-21"},"geometry":{"type":"Point","coordinates":[-89.624526,29.382926]}},{"type":"Feature","properties":{"s":"reef","phase":"after","epoch":"2025-11-21"},"geometry":{"type":"Point","coordinates":[-89.624621,29.383044]}},{"type":"Feature","properties":{"s":"reef","phase":"after","epoch":"2025-11-21"},"geometry":{"type":"Point","coordinates":[-89.624706,29.383144]}},{"type":"Feature","properties":{"s":"reef","phase":"after","epoch":"2025-11-21"},"geometry":{"type":"Point","coordinates":[-89.624769,29.383219]}},{"type":"Feature","properties":{"s":"scat","phase":"after","epoch":"2025-11-21"},"geometry":{"type":"Point","coordinates":[-89.624829,29.383298]}},{"type":"Feature","properties":{"s":"scat","phase":"after","epoch":"2025-11-21"},"geometry":{"type":"Point","coordinates":[-89.624926,29.38341]}},{"type":"Feature","properties":{"s":"scat","phase":"after","epoch":"2025-11-21"},"geometry":{"type":"Point","coordinates":[-89.62501,29.383505]}},{"type":"Feature","properties":{"s":"scat","phase":"after","epoch":"2025-11-21"},"geometry":{"type":"Point","coordinates":[-89.625075,29.383584]}},{"type":"Feature","properties":{"s":"reef","phase":"after","epoch":"2025-11-21"},"geometry":{"type":"Point","coordinates":[-89.625149,29.38368]}},{"type":"Feature","properties":{"s":"reef","phase":"after","epoch":"2025-11-21"},"geometry":{"type":"Point","coordinates":[-89.625276,29.383837]}},{"type":"Feature","properties":{"s":"scat","phase":"after","epoch":"2025-11-21"},"geometry":{"type":"Point","coordinates":[-89.625389,29.383971]}},{"type":"Feature","properties":{"s":"scat","phase":"after","epoch":"2025-11-21"},"geometry":{"type":"Point","coordinates":[-89.625457,29.384047]}},{"type":"Feature","properties":{"s":"reef","phase":"after","epoch":"2025-11-21"},"geometry":{"type":"Point","coordinates":[-89.625541,29.38414]}},{"type":"Feature","properties":{"s":"reef","phase":"after","epoch":"2025-11-21"},"geometry":{"type":"Point","coordinates":[-89.625627,29.384234]}},{"type":"Feature","properties":{"s":"reef","phase":"after","epoch":"2025-11-21"},"geometry":{"type":"Point","coordinates":[-89.625694,29.384315]}},{"type":"Feature","properties":{"s":"reef","phase":"after","epoch":"2025-11-21"},"geometry":{"type":"Point","coordinates":[-89.625783,29.38441]}},{"type":"Feature","properties":{"s":"reef","phase":"after","epoch":"2025-11-21"},"geometry":{"type":"Point","coordinates":[-89.62587,29.384502]}},{"type":"Feature","properties":{"s":"reef","phase":"after","epoch":"2025-11-21"},"geometry":{"type":"Point","coordinates":[-89.625943,29.384579]}},{"type":"Feature","properties":{"s":"reef","phase":"after","epoch":"2025-11-21"},"geometry":{"type":"Point","coordinates":[-89.626001,29.384632]}},{"type":"Feature","properties":{"s":"reef","phase":"after","epoch":"2025-11-21"},"geometry":{"type":"Point","coordinates":[-89.626071,29.3847]}},{"type":"Feature","properties":{"s":"reef","phase":"after","epoch":"2025-11-21"},"geometry":{"type":"Point","coordinates":[-89.626162,29.384786]}},{"type":"Feature","properties":{"s":"reef","phase":"after","epoch":"2025-11-21"},"geometry":{"type":"Point","coordinates":[-89.626221,29.384834]}},{"type":"Feature","properties":{"s":"reef","phase":"after","epoch":"2025-11-21"},"geometry":{"type":"Point","coordinates":[-89.626295,29.384908]}},{"type":"Feature","properties":{"s":"firm","phase":"after","epoch":"2025-11-21"},"geometry":{"type":"Point","coordinates":[-89.626358,29.384976]}},{"type":"Feature","properties":{"s":"firm","phase":"after","epoch":"2025-11-21"},"geometry":{"type":"Point","coordinates":[-89.626443,29.385095]}},{"type":"Feature","properties":{"s":"firm","phase":"after","epoch":"2025-11-21"},"geometry":{"type":"Point","coordinates":[-89.626476,29.385169]}},{"type":"Feature","properties":{"s":"buried","phase":"after","epoch":"2025-11-21"},"geometry":{"type":"Point","coordinates":[-89.626488,29.385243]}},{"type":"Feature","properties":{"s":"firm","phase":"after","epoch":"2025-11-21"},"geometry":{"type":"Point","coordinates":[-89.62625,29.385353]}},{"type":"Feature","properties":{"s":"buried","phase":"after","epoch":"2025-11-21"},"geometry":{"type":"Point","coordinates":[-89.62617,29.385285]}},{"type":"Feature","properties":{"s":"buried","phase":"after","epoch":"2025-11-21"},"geometry":{"type":"Point","coordinates":[-89.626102,29.385197]}},{"type":"Feature","properties":{"s":"buried","phase":"after","epoch":"2025-11-21"},"geometry":{"type":"Point","coordinates":[-89.626027,29.385109]}},{"type":"Feature","properties":{"s":"reef","phase":"after","epoch":"2025-11-21"},"geometry":{"type":"Point","coordinates":[-89.625937,29.38501]}},{"type":"Feature","properties":{"s":"reef","phase":"after","epoch":"2025-11-21"},"geometry":{"type":"Point","coordinates":[-89.625872,29.384924]}},{"type":"Feature","properties":{"s":"reef","phase":"after","epoch":"2025-11-21"},"geometry":{"type":"Point","coordinates":[-89.625812,29.384843]}},{"type":"Feature","properties":{"s":"reef","phase":"after","epoch":"2025-11-21"},"geometry":{"type":"Point","coordinates":[-89.625737,29.384764]}},{"type":"Feature","properties":{"s":"reef","phase":"after","epoch":"2025-11-21"},"geometry":{"type":"Point","coordinates":[-89.625647,29.384664]}},{"type":"Feature","properties":{"s":"reef","phase":"after","epoch":"2025-11-21"},"geometry":{"type":"Point","coordinates":[-89.625557,29.384555]}},{"type":"Feature","properties":{"s":"reef","phase":"after","epoch":"2025-11-21"},"geometry":{"type":"Point","coordinates":[-89.625493,29.384469]}},{"type":"Feature","properties":{"s":"scat","phase":"after","epoch":"2025-11-21"},"geometry":{"type":"Point","coordinates":[-89.625434,29.384404]}},{"type":"Feature","properties":{"s":"reef","phase":"after","epoch":"2025-11-21"},"geometry":{"type":"Point","coordinates":[-89.625352,29.384309]}},{"type":"Feature","properties":{"s":"buried","phase":"after","epoch":"2025-11-21"},"geometry":{"type":"Point","coordinates":[-89.625309,29.38425]}},{"type":"Feature","properties":{"s":"scat","phase":"after","epoch":"2025-11-21"},"geometry":{"type":"Point","coordinates":[-89.62523,29.38416]}},{"type":"Feature","properties":{"s":"reef","phase":"after","epoch":"2025-11-21"},"geometry":{"type":"Point","coordinates":[-89.625161,29.384077]}},{"type":"Feature","properties":{"s":"buried","phase":"after","epoch":"2025-11-21"},"geometry":{"type":"Point","coordinates":[-89.625092,29.383997]}},{"type":"Feature","properties":{"s":"reef","phase":"after","epoch":"2025-11-21"},"geometry":{"type":"Point","coordinates":[-89.625039,29.383937]}},{"type":"Feature","properties":{"s":"reef","phase":"after","epoch":"2025-11-21"},"geometry":{"type":"Point","coordinates":[-89.624905,29.38377]}},{"type":"Feature","properties":{"s":"reef","phase":"after","epoch":"2025-11-21"},"geometry":{"type":"Point","coordinates":[-89.624829,29.383687]}},{"type":"Feature","properties":{"s":"reef","phase":"after","epoch":"2025-11-21"},"geometry":{"type":"Point","coordinates":[-89.624754,29.3836]}},{"type":"Feature","properties":{"s":"reef","phase":"after","epoch":"2025-11-21"},"geometry":{"type":"Point","coordinates":[-89.624709,29.383544]}},{"type":"Feature","properties":{"s":"reef","phase":"after","epoch":"2025-11-21"},"geometry":{"type":"Point","coordinates":[-89.624649,29.383473]}},{"type":"Feature","properties":{"s":"reef","phase":"after","epoch":"2025-11-21"},"geometry":{"type":"Point","coordinates":[-89.624583,29.383389]}},{"type":"Feature","properties":{"s":"reef","phase":"after","epoch":"2025-11-21"},"geometry":{"type":"Point","coordinates":[-89.624502,29.383306]}},{"type":"Feature","properties":{"s":"reef","phase":"after","epoch":"2025-11-21"},"geometry":{"type":"Point","coordinates":[-89.624438,29.383221]}},{"type":"Feature","properties":{"s":"reef","phase":"after","epoch":"2025-11-21"},"geometry":{"type":"Point","coordinates":[-89.624379,29.383149]}},{"type":"Feature","properties":{"s":"reef","phase":"after","epoch":"2025-11-21"},"geometry":{"type":"Point","coordinates":[-89.624309,29.383058]}},{"type":"Feature","properties":{"s":"reef","phase":"after","epoch":"2025-11-21"},"geometry":{"type":"Point","coordinates":[-89.624242,29.382973]}},{"type":"Feature","properties":{"s":"reef","phase":"after","epoch":"2025-11-21"},"geometry":{"type":"Point","coordinates":[-89.624169,29.382891]}},{"type":"Feature","properties":{"s":"reef","phase":"after","epoch":"2025-11-21"},"geometry":{"type":"Point","coordinates":[-89.624099,29.382814]}},{"type":"Feature","properties":{"s":"reef","phase":"after","epoch":"2025-11-21"},"geometry":{"type":"Point","coordinates":[-89.624053,29.382758]}},{"type":"Feature","properties":{"s":"reef","phase":"after","epoch":"2025-11-21"},"geometry":{"type":"Point","coordinates":[-89.623986,29.382678]}},{"type":"Feature","properties":{"s":"reef","phase":"after","epoch":"2025-11-21"},"geometry":{"type":"Point","coordinates":[-89.623918,29.382603]}},{"type":"Feature","properties":{"s":"reef","phase":"after","epoch":"2025-11-21"},"geometry":{"type":"Point","coordinates":[-89.623901,29.382584]}},{"type":"Feature","properties":{"s":"reef","phase":"after","epoch":"2025-11-21"},"geometry":{"type":"Point","coordinates":[-89.623779,29.382433]}},{"type":"Feature","properties":{"s":"reef","phase":"after","epoch":"2025-11-21"},"geometry":{"type":"Point","coordinates":[-89.623718,29.382351]}},{"type":"Feature","properties":{"s":"reef","phase":"after","epoch":"2025-11-21"},"geometry":{"type":"Point","coordinates":[-89.623652,29.382271]}},{"type":"Feature","properties":{"s":"reef","phase":"after","epoch":"2025-11-21"},"geometry":{"type":"Point","coordinates":[-89.623606,29.38221]}},{"type":"Feature","properties":{"s":"buried","phase":"after","epoch":"2025-11-21"},"geometry":{"type":"Point","coordinates":[-89.623526,29.382115]}},{"type":"Feature","properties":{"s":"buried","phase":"after","epoch":"2025-11-21"},"geometry":{"type":"Point","coordinates":[-89.623439,29.382014]}},{"type":"Feature","properties":{"s":"buried","phase":"after","epoch":"2025-11-21"},"geometry":{"type":"Point","coordinates":[-89.623363,29.381906]}},{"type":"Feature","properties":{"s":"buried","phase":"after","epoch":"2025-11-21"},"geometry":{"type":"Point","coordinates":[-89.62327,29.381776]}},{"type":"Feature","properties":{"s":"buried","phase":"after","epoch":"2025-11-21"},"geometry":{"type":"Point","coordinates":[-89.623191,29.381672]}},{"type":"Feature","properties":{"s":"buried","phase":"after","epoch":"2025-11-21"},"geometry":{"type":"Point","coordinates":[-89.623122,29.381583]}},{"type":"Feature","properties":{"s":"buried","phase":"after","epoch":"2025-11-21"},"geometry":{"type":"Point","coordinates":[-89.623024,29.381455]}},{"type":"Feature","properties":{"s":"firm","phase":"after","epoch":"2025-11-21"},"geometry":{"type":"Point","coordinates":[-89.622913,29.381311]}},{"type":"Feature","properties":{"s":"firm","phase":"after","epoch":"2025-11-21"},"geometry":{"type":"Point","coordinates":[-89.622827,29.381207]}},{"type":"Feature","properties":{"s":"firm","phase":"after","epoch":"2025-11-21"},"geometry":{"type":"Point","coordinates":[-89.622741,29.381105]}},{"type":"Feature","properties":{"s":"firm","phase":"after","epoch":"2025-11-21"},"geometry":{"type":"Point","coordinates":[-89.622678,29.381026]}},{"type":"Feature","properties":{"s":"firm","phase":"after","epoch":"2025-11-21"},"geometry":{"type":"Point","coordinates":[-89.622616,29.380944]}},{"type":"Feature","properties":{"s":"firm","phase":"after","epoch":"2025-11-21"},"geometry":{"type":"Point","coordinates":[-89.622543,29.380848]}},{"type":"Feature","properties":{"s":"firm","phase":"after","epoch":"2025-11-21"},"geometry":{"type":"Point","coordinates":[-89.62248,29.380766]}},{"type":"Feature","properties":{"s":"firm","phase":"after","epoch":"2025-11-21"},"geometry":{"type":"Point","coordinates":[-89.622415,29.380684]}},{"type":"Feature","properties":{"s":"firm","phase":"after","epoch":"2025-11-21"},"geometry":{"type":"Point","coordinates":[-89.622368,29.380623]}},{"type":"Feature","properties":{"s":"mud","phase":"after","epoch":"2025-11-21"},"geometry":{"type":"Point","coordinates":[-89.62227,29.380504]}},{"type":"Feature","properties":{"s":"mud","phase":"after","epoch":"2025-11-21"},"geometry":{"type":"Point","coordinates":[-89.622188,29.380406]}},{"type":"Feature","properties":{"s":"mud","phase":"after","epoch":"2025-11-21"},"geometry":{"type":"Point","coordinates":[-89.622083,29.38033]}},{"type":"Feature","properties":{"s":"mud","phase":"after","epoch":"2025-11-21"},"geometry":{"type":"Point","coordinates":[-89.621967,29.380278]}},{"type":"Feature","properties":{"s":"mud","phase":"after","epoch":"2025-11-21"},"geometry":{"type":"Point","coordinates":[-89.621863,29.380271]}},{"type":"Feature","properties":{"s":"mud","phase":"after","epoch":"2025-11-21"},"geometry":{"type":"Point","coordinates":[-89.621769,29.380289]}},{"type":"Feature","properties":{"s":"mud","phase":"after","epoch":"2025-11-21"},"geometry":{"type":"Point","coordinates":[-89.621972,29.380387]}},{"type":"Feature","properties":{"s":"mud","phase":"after","epoch":"2025-11-21"},"geometry":{"type":"Point","coordinates":[-89.621879,29.380301]}},{"type":"Feature","properties":{"s":"firm","phase":"after","epoch":"2025-11-21"},"geometry":{"type":"Point","coordinates":[-89.621838,29.380297]}},{"type":"Feature","properties":{"s":"firm","phase":"after","epoch":"2025-11-21"},"geometry":{"type":"Point","coordinates":[-89.622047,29.380842]}},{"type":"Feature","properties":{"s":"firm","phase":"after","epoch":"2025-11-21"},"geometry":{"type":"Point","coordinates":[-89.62208,29.380881]}},{"type":"Feature","properties":{"s":"buried","phase":"after","epoch":"2025-11-21"},"geometry":{"type":"Point","coordinates":[-89.622204,29.381034]}},{"type":"Feature","properties":{"s":"buried","phase":"after","epoch":"2025-11-21"},"geometry":{"type":"Point","coordinates":[-89.622254,29.38109]}},{"type":"Feature","properties":{"s":"buried","phase":"after","epoch":"2025-11-21"},"geometry":{"type":"Point","coordinates":[-89.622337,29.381189]}},{"type":"Feature","properties":{"s":"buried","phase":"after","epoch":"2025-11-21"},"geometry":{"type":"Point","coordinates":[-89.622403,29.381271]}},{"type":"Feature","properties":{"s":"buried","phase":"after","epoch":"2025-11-21"},"geometry":{"type":"Point","coordinates":[-89.622467,29.381349]}},{"type":"Feature","properties":{"s":"buried","phase":"after","epoch":"2025-11-21"},"geometry":{"type":"Point","coordinates":[-89.622611,29.381515]}},{"type":"Feature","properties":{"s":"buried","phase":"after","epoch":"2025-11-21"},"geometry":{"type":"Point","coordinates":[-89.622673,29.38159]}},{"type":"Feature","properties":{"s":"buried","phase":"after","epoch":"2025-11-21"},"geometry":{"type":"Point","coordinates":[-89.622771,29.381709]}},{"type":"Feature","properties":{"s":"reef","phase":"after","epoch":"2025-11-21"},"geometry":{"type":"Point","coordinates":[-89.622835,29.381784]}},{"type":"Feature","properties":{"s":"buried","phase":"after","epoch":"2025-11-21"},"geometry":{"type":"Point","coordinates":[-89.62291,29.38188]}},{"type":"Feature","properties":{"s":"buried","phase":"after","epoch":"2025-11-21"},"geometry":{"type":"Point","coordinates":[-89.622995,29.381968]}},{"type":"Feature","properties":{"s":"buried","phase":"after","epoch":"2025-11-21"},"geometry":{"type":"Point","coordinates":[-89.623091,29.38208]}},{"type":"Feature","properties":{"s":"reef","phase":"after","epoch":"2025-11-21"},"geometry":{"type":"Point","coordinates":[-89.623121,29.38212]}},{"type":"Feature","properties":{"s":"reef","phase":"after","epoch":"2025-11-21"},"geometry":{"type":"Point","coordinates":[-89.623186,29.382193]}},{"type":"Feature","properties":{"s":"reef","phase":"after","epoch":"2025-11-21"},"geometry":{"type":"Point","coordinates":[-89.623229,29.382247]}},{"type":"Feature","properties":{"s":"reef","phase":"after","epoch":"2025-11-21"},"geometry":{"type":"Point","coordinates":[-89.623274,29.382306]}},{"type":"Feature","properties":{"s":"reef","phase":"after","epoch":"2025-11-21"},"geometry":{"type":"Point","coordinates":[-89.623323,29.382365]}},{"type":"Feature","properties":{"s":"reef","phase":"after","epoch":"2025-11-21"},"geometry":{"type":"Point","coordinates":[-89.623371,29.382427]}},{"type":"Feature","properties":{"s":"reef","phase":"after","epoch":"2025-11-21"},"geometry":{"type":"Point","coordinates":[-89.623417,29.382484]}},{"type":"Feature","properties":{"s":"reef","phase":"after","epoch":"2025-11-21"},"geometry":{"type":"Point","coordinates":[-89.623459,29.38254]}},{"type":"Feature","properties":{"s":"reef","phase":"after","epoch":"2025-11-21"},"geometry":{"type":"Point","coordinates":[-89.623494,29.382579]}},{"type":"Feature","properties":{"s":"reef","phase":"after","epoch":"2025-11-21"},"geometry":{"type":"Point","coordinates":[-89.623543,29.382638]}},{"type":"Feature","properties":{"s":"reef","phase":"after","epoch":"2025-11-21"},"geometry":{"type":"Point","coordinates":[-89.62359,29.382697]}},{"type":"Feature","properties":{"s":"reef","phase":"after","epoch":"2025-11-21"},"geometry":{"type":"Point","coordinates":[-89.623633,29.382754]}},{"type":"Feature","properties":{"s":"reef","phase":"after","epoch":"2025-11-21"},"geometry":{"type":"Point","coordinates":[-89.623664,29.382794]}},{"type":"Feature","properties":{"s":"reef","phase":"after","epoch":"2025-11-21"},"geometry":{"type":"Point","coordinates":[-89.623785,29.38293]}},{"type":"Feature","properties":{"s":"reef","phase":"after","epoch":"2025-11-21"},"geometry":{"type":"Point","coordinates":[-89.623853,29.383003]}},{"type":"Feature","properties":{"s":"reef","phase":"after","epoch":"2025-11-21"},"geometry":{"type":"Point","coordinates":[-89.623937,29.383099]}},{"type":"Feature","properties":{"s":"reef","phase":"after","epoch":"2025-11-21"},"geometry":{"type":"Point","coordinates":[-89.623972,29.383138]}},{"type":"Feature","properties":{"s":"reef","phase":"after","epoch":"2025-11-21"},"geometry":{"type":"Point","coordinates":[-89.62402,29.383198]}},{"type":"Feature","properties":{"s":"reef","phase":"after","epoch":"2025-11-21"},"geometry":{"type":"Point","coordinates":[-89.624076,29.383266]}},{"type":"Feature","properties":{"s":"reef","phase":"after","epoch":"2025-11-21"},"geometry":{"type":"Point","coordinates":[-89.62412,29.383322]}},{"type":"Feature","properties":{"s":"reef","phase":"after","epoch":"2025-11-21"},"geometry":{"type":"Point","coordinates":[-89.624181,29.3834]}},{"type":"Feature","properties":{"s":"reef","phase":"after","epoch":"2025-11-21"},"geometry":{"type":"Point","coordinates":[-89.624263,29.383493]}},{"type":"Feature","properties":{"s":"reef","phase":"after","epoch":"2025-11-21"},"geometry":{"type":"Point","coordinates":[-89.624349,29.383581]}},{"type":"Feature","properties":{"s":"scat","phase":"after","epoch":"2025-11-21"},"geometry":{"type":"Point","coordinates":[-89.624418,29.38366]}},{"type":"Feature","properties":{"s":"buried","phase":"after","epoch":"2025-11-21"},"geometry":{"type":"Point","coordinates":[-89.624483,29.38374]}},{"type":"Feature","properties":{"s":"buried","phase":"after","epoch":"2025-11-21"},"geometry":{"type":"Point","coordinates":[-89.624574,29.383854]}},{"type":"Feature","properties":{"s":"buried","phase":"after","epoch":"2025-11-21"},"geometry":{"type":"Point","coordinates":[-89.624669,29.383961]}},{"type":"Feature","properties":{"s":"buried","phase":"after","epoch":"2025-11-21"},"geometry":{"type":"Point","coordinates":[-89.624749,29.384058]}},{"type":"Feature","properties":{"s":"buried","phase":"after","epoch":"2025-11-21"},"geometry":{"type":"Point","coordinates":[-89.624815,29.384133]}},{"type":"Feature","properties":{"s":"scat","phase":"after","epoch":"2025-11-21"},"geometry":{"type":"Point","coordinates":[-89.62493,29.384259]}},{"type":"Feature","properties":{"s":"reef","phase":"after","epoch":"2025-11-21"},"geometry":{"type":"Point","coordinates":[-89.62499,29.384336]}},{"type":"Feature","properties":{"s":"scat","phase":"after","epoch":"2025-11-21"},"geometry":{"type":"Point","coordinates":[-89.625069,29.384432]}},{"type":"Feature","properties":{"s":"scat","phase":"after","epoch":"2025-11-21"},"geometry":{"type":"Point","coordinates":[-89.625157,29.384522]}},{"type":"Feature","properties":{"s":"reef","phase":"after","epoch":"2025-11-21"},"geometry":{"type":"Point","coordinates":[-89.62523,29.384597]}},{"type":"Feature","properties":{"s":"reef","phase":"after","epoch":"2025-11-21"},"geometry":{"type":"Point","coordinates":[-89.625312,29.38469]}},{"type":"Feature","properties":{"s":"reef","phase":"after","epoch":"2025-11-21"},"geometry":{"type":"Point","coordinates":[-89.6254,29.384784]}},{"type":"Feature","properties":{"s":"reef","phase":"after","epoch":"2025-11-21"},"geometry":{"type":"Point","coordinates":[-89.625485,29.384882]}},{"type":"Feature","properties":{"s":"reef","phase":"after","epoch":"2025-11-21"},"geometry":{"type":"Point","coordinates":[-89.625531,29.384944]}},{"type":"Feature","properties":{"s":"scat","phase":"after","epoch":"2025-11-21"},"geometry":{"type":"Point","coordinates":[-89.625694,29.385133]}},{"type":"Feature","properties":{"s":"firm","phase":"after","epoch":"2025-11-21"},"geometry":{"type":"Point","coordinates":[-89.62575,29.385208]}},{"type":"Feature","properties":{"s":"firm","phase":"after","epoch":"2025-11-21"},"geometry":{"type":"Point","coordinates":[-89.625831,29.385314]}},{"type":"Feature","properties":{"s":"firm","phase":"after","epoch":"2025-11-21"},"geometry":{"type":"Point","coordinates":[-89.625897,29.385416]}},{"type":"Feature","properties":{"s":"firm","phase":"after","epoch":"2025-11-21"},"geometry":{"type":"Point","coordinates":[-89.625882,29.385479]}},{"type":"Feature","properties":{"s":"firm","phase":"after","epoch":"2025-11-21"},"geometry":{"type":"Point","coordinates":[-89.625854,29.38552]}},{"type":"Feature","properties":{"s":"firm","phase":"after","epoch":"2025-11-21"},"geometry":{"type":"Point","coordinates":[-89.625766,29.385557]}},{"type":"Feature","properties":{"s":"buried","phase":"after","epoch":"2025-11-21"},"geometry":{"type":"Point","coordinates":[-89.61912,29.382978]}},{"type":"Feature","properties":{"s":"firm","phase":"after","epoch":"2025-11-21"},"geometry":{"type":"Point","coordinates":[-89.619187,29.383053]}},{"type":"Feature","properties":{"s":"buried","phase":"after","epoch":"2025-11-21"},"geometry":{"type":"Point","coordinates":[-89.619307,29.383179]}},{"type":"Feature","properties":{"s":"buried","phase":"after","epoch":"2025-11-21"},"geometry":{"type":"Point","coordinates":[-89.619386,29.383274]}},{"type":"Feature","properties":{"s":"buried","phase":"after","epoch":"2025-11-21"},"geometry":{"type":"Point","coordinates":[-89.619464,29.383364]}},{"type":"Feature","properties":{"s":"reef","phase":"after","epoch":"2025-11-21"},"geometry":{"type":"Point","coordinates":[-89.619552,29.383457]}},{"type":"Feature","properties":{"s":"reef","phase":"after","epoch":"2025-11-21"},"geometry":{"type":"Point","coordinates":[-89.619596,29.383505]}},{"type":"Feature","properties":{"s":"buried","phase":"after","epoch":"2025-11-21"},"geometry":{"type":"Point","coordinates":[-89.619664,29.383573]}},{"type":"Feature","properties":{"s":"firm","phase":"after","epoch":"2025-11-21"},"geometry":{"type":"Point","coordinates":[-89.619754,29.38366]}},{"type":"Feature","properties":{"s":"firm","phase":"after","epoch":"2025-11-21"},"geometry":{"type":"Point","coordinates":[-89.619896,29.383777]}},{"type":"Feature","properties":{"s":"firm","phase":"after","epoch":"2025-11-21"},"geometry":{"type":"Point","coordinates":[-89.619976,29.383837]}},{"type":"Feature","properties":{"s":"buried","phase":"after","epoch":"2025-11-21"},"geometry":{"type":"Point","coordinates":[-89.620283,29.383976]}},{"type":"Feature","properties":{"s":"buried","phase":"after","epoch":"2025-11-21"},"geometry":{"type":"Point","coordinates":[-89.620169,29.383848]}},{"type":"Feature","properties":{"s":"buried","phase":"after","epoch":"2025-11-21"},"geometry":{"type":"Point","coordinates":[-89.620018,29.383672]}},{"type":"Feature","properties":{"s":"buried","phase":"after","epoch":"2025-11-21"},"geometry":{"type":"Point","coordinates":[-89.619951,29.383587]}},{"type":"Feature","properties":{"s":"buried","phase":"after","epoch":"2025-11-21"},"geometry":{"type":"Point","coordinates":[-89.619868,29.383494]}},{"type":"Feature","properties":{"s":"buried","phase":"after","epoch":"2025-11-21"},"geometry":{"type":"Point","coordinates":[-89.619771,29.3834]}},{"type":"Feature","properties":{"s":"firm","phase":"after","epoch":"2025-11-21"},"geometry":{"type":"Point","coordinates":[-89.619666,29.38328]}},{"type":"Feature","properties":{"s":"firm","phase":"after","epoch":"2025-11-21"},"geometry":{"type":"Point","coordinates":[-89.6196,29.3832]}},{"type":"Feature","properties":{"s":"firm","phase":"after","epoch":"2025-11-21"},"geometry":{"type":"Point","coordinates":[-89.619521,29.383123]}},{"type":"Feature","properties":{"s":"firm","phase":"after","epoch":"2025-11-21"},"geometry":{"type":"Point","coordinates":[-89.619429,29.383032]}},{"type":"Feature","properties":{"s":"firm","phase":"after","epoch":"2025-11-21"},"geometry":{"type":"Point","coordinates":[-89.619375,29.382979]}},{"type":"Feature","properties":{"s":"reef","phase":"after","epoch":"2025-11-21"},"geometry":{"type":"Point","coordinates":[-89.619581,29.382839]}},{"type":"Feature","properties":{"s":"reef","phase":"after","epoch":"2025-11-21"},"geometry":{"type":"Point","coordinates":[-89.619652,29.382958]}},{"type":"Feature","properties":{"s":"reef","phase":"after","epoch":"2025-11-21"},"geometry":{"type":"Point","coordinates":[-89.619725,29.383082]}},{"type":"Feature","properties":{"s":"buried","phase":"after","epoch":"2025-11-21"},"geometry":{"type":"Point","coordinates":[-89.619769,29.383154]}},{"type":"Feature","properties":{"s":"scat","phase":"after","epoch":"2025-11-21"},"geometry":{"type":"Point","coordinates":[-89.619823,29.383253]}},{"type":"Feature","properties":{"s":"scat","phase":"after","epoch":"2025-11-21"},"geometry":{"type":"Point","coordinates":[-89.619882,29.383354]}},{"type":"Feature","properties":{"s":"reef","phase":"after","epoch":"2025-11-21"},"geometry":{"type":"Point","coordinates":[-89.619929,29.383437]}},{"type":"Feature","properties":{"s":"reef","phase":"after","epoch":"2025-11-21"},"geometry":{"type":"Point","coordinates":[-89.620001,29.38355]}},{"type":"Feature","properties":{"s":"scat","phase":"after","epoch":"2025-11-21"},"geometry":{"type":"Point","coordinates":[-89.620068,29.383669]}},{"type":"Feature","properties":{"s":"scat","phase":"after","epoch":"2025-11-21"},"geometry":{"type":"Point","coordinates":[-89.620133,29.383772]}},{"type":"Feature","properties":{"s":"reef","phase":"after","epoch":"2025-11-21"},"geometry":{"type":"Point","coordinates":[-89.620187,29.383854]}},{"type":"Feature","properties":{"s":"scat","phase":"after","epoch":"2025-11-21"},"geometry":{"type":"Point","coordinates":[-89.62025,29.383961]}},{"type":"Feature","properties":{"s":"firm","phase":"after","epoch":"2025-11-21"},"geometry":{"type":"Point","coordinates":[-89.620282,29.384018]}},{"type":"Feature","properties":{"s":"firm","phase":"after","epoch":"2025-11-21"},"geometry":{"type":"Point","coordinates":[-89.62034,29.384207]}},{"type":"Feature","properties":{"s":"firm","phase":"after","epoch":"2025-11-21"},"geometry":{"type":"Point","coordinates":[-89.620842,29.384694]}},{"type":"Feature","properties":{"s":"firm","phase":"after","epoch":"2025-11-21"},"geometry":{"type":"Point","coordinates":[-89.620968,29.384774]}},{"type":"Feature","properties":{"s":"firm","phase":"after","epoch":"2025-11-21"},"geometry":{"type":"Point","coordinates":[-89.621075,29.38484]}},{"type":"Feature","properties":{"s":"firm","phase":"after","epoch":"2025-11-21"},"geometry":{"type":"Point","coordinates":[-89.621211,29.384917]}},{"type":"Feature","properties":{"s":"firm","phase":"after","epoch":"2025-11-21"},"geometry":{"type":"Point","coordinates":[-89.62652,29.382098]}},{"type":"Feature","properties":{"s":"firm","phase":"after","epoch":"2025-11-21"},"geometry":{"type":"Point","coordinates":[-89.626434,29.382]}},{"type":"Feature","properties":{"s":"firm","phase":"after","epoch":"2025-11-21"},"geometry":{"type":"Point","coordinates":[-89.62634,29.381881]}},{"type":"Feature","properties":{"s":"mud","phase":"after","epoch":"2025-11-21"},"geometry":{"type":"Point","coordinates":[-89.626268,29.381804]}},{"type":"Feature","properties":{"s":"mud","phase":"after","epoch":"2025-11-21"},"geometry":{"type":"Point","coordinates":[-89.626182,29.381711]}},{"type":"Feature","properties":{"s":"mud","phase":"after","epoch":"2025-11-21"},"geometry":{"type":"Point","coordinates":[-89.626092,29.381611]}},{"type":"Feature","properties":{"s":"mud","phase":"after","epoch":"2025-11-21"},"geometry":{"type":"Point","coordinates":[-89.625974,29.381495]}},{"type":"Feature","properties":{"s":"mud","phase":"after","epoch":"2025-11-21"},"geometry":{"type":"Point","coordinates":[-89.625864,29.38141]}},{"type":"Feature","properties":{"s":"mud","phase":"after","epoch":"2025-11-21"},"geometry":{"type":"Point","coordinates":[-89.625561,29.381346]}},{"type":"Feature","properties":{"s":"mud","phase":"after","epoch":"2025-11-21"},"geometry":{"type":"Point","coordinates":[-89.625533,29.381412]}},{"type":"Feature","properties":{"s":"mud","phase":"after","epoch":"2025-11-21"},"geometry":{"type":"Point","coordinates":[-89.62559,29.381565]}},{"type":"Feature","properties":{"s":"mud","phase":"after","epoch":"2025-11-21"},"geometry":{"type":"Point","coordinates":[-89.625657,29.381667]}},{"type":"Feature","properties":{"s":"mud","phase":"after","epoch":"2025-11-21"},"geometry":{"type":"Point","coordinates":[-89.625722,29.381737]}},{"type":"Feature","properties":{"s":"mud","phase":"after","epoch":"2025-11-21"},"geometry":{"type":"Point","coordinates":[-89.625805,29.381831]}},{"type":"Feature","properties":{"s":"firm","phase":"after","epoch":"2025-11-21"},"geometry":{"type":"Point","coordinates":[-89.625874,29.381906]}},{"type":"Feature","properties":{"s":"firm","phase":"after","epoch":"2025-11-21"},"geometry":{"type":"Point","coordinates":[-89.625957,29.382004]}},{"type":"Feature","properties":{"s":"firm","phase":"after","epoch":"2025-11-21"},"geometry":{"type":"Point","coordinates":[-89.626068,29.38214]}},{"type":"Feature","properties":{"s":"firm","phase":"after","epoch":"2025-11-21"},"geometry":{"type":"Point","coordinates":[-89.626213,29.38229]}},{"type":"Feature","properties":{"s":"firm","phase":"after","epoch":"2025-11-21"},"geometry":{"type":"Point","coordinates":[-89.626288,29.382361]}},{"type":"Feature","properties":{"s":"firm","phase":"after","epoch":"2025-11-21"},"geometry":{"type":"Point","coordinates":[-89.626396,29.38246]}},{"type":"Feature","properties":{"s":"firm","phase":"after","epoch":"2025-11-21"},"geometry":{"type":"Point","coordinates":[-89.626481,29.382546]}},{"type":"Feature","properties":{"s":"firm","phase":"after","epoch":"2025-11-21"},"geometry":{"type":"Point","coordinates":[-89.626705,29.383174]}},{"type":"Feature","properties":{"s":"firm","phase":"after","epoch":"2025-11-21"},"geometry":{"type":"Point","coordinates":[-89.626576,29.383097]}},{"type":"Feature","properties":{"s":"firm","phase":"after","epoch":"2025-11-21"},"geometry":{"type":"Point","coordinates":[-89.626489,29.382993]}},{"type":"Feature","properties":{"s":"buried","phase":"after","epoch":"2025-11-21"},"geometry":{"type":"Point","coordinates":[-89.626388,29.382871]}},{"type":"Feature","properties":{"s":"buried","phase":"after","epoch":"2025-11-21"},"geometry":{"type":"Point","coordinates":[-89.626298,29.382775]}},{"type":"Feature","properties":{"s":"buried","phase":"after","epoch":"2025-11-21"},"geometry":{"type":"Point","coordinates":[-89.626246,29.382717]}},{"type":"Feature","properties":{"s":"buried","phase":"after","epoch":"2025-11-21"},"geometry":{"type":"Point","coordinates":[-89.626163,29.382599]}},{"type":"Feature","properties":{"s":"buried","phase":"after","epoch":"2025-11-21"},"geometry":{"type":"Point","coordinates":[-89.6261,29.382522]}},{"type":"Feature","properties":{"s":"firm","phase":"after","epoch":"2025-11-21"},"geometry":{"type":"Point","coordinates":[-89.626005,29.382403]}},{"type":"Feature","properties":{"s":"firm","phase":"after","epoch":"2025-11-21"},"geometry":{"type":"Point","coordinates":[-89.625923,29.382301]}},{"type":"Feature","properties":{"s":"firm","phase":"after","epoch":"2025-11-21"},"geometry":{"type":"Point","coordinates":[-89.625825,29.382182]}},{"type":"Feature","properties":{"s":"firm","phase":"after","epoch":"2025-11-21"},"geometry":{"type":"Point","coordinates":[-89.625745,29.382081]}},{"type":"Feature","properties":{"s":"firm","phase":"after","epoch":"2025-11-21"},"geometry":{"type":"Point","coordinates":[-89.625674,29.381998]}},{"type":"Feature","properties":{"s":"mud","phase":"after","epoch":"2025-11-21"},"geometry":{"type":"Point","coordinates":[-89.625572,29.381873]}},{"type":"Feature","properties":{"s":"mud","phase":"after","epoch":"2025-11-21"},"geometry":{"type":"Point","coordinates":[-89.625514,29.381795]}},{"type":"Feature","properties":{"s":"mud","phase":"after","epoch":"2025-11-21"},"geometry":{"type":"Point","coordinates":[-89.625416,29.381674]}},{"type":"Feature","properties":{"s":"mud","phase":"after","epoch":"2025-11-21"},"geometry":{"type":"Point","coordinates":[-89.625336,29.381574]}},{"type":"Feature","properties":{"s":"mud","phase":"after","epoch":"2025-11-21"},"geometry":{"type":"Point","coordinates":[-89.625247,29.381472]}},{"type":"Feature","properties":{"s":"mud","phase":"after","epoch":"2025-11-21"},"geometry":{"type":"Point","coordinates":[-89.625159,29.381376]}},{"type":"Feature","properties":{"s":"mud","phase":"after","epoch":"2025-11-21"},"geometry":{"type":"Point","coordinates":[-89.625078,29.381263]}},{"type":"Feature","properties":{"s":"mud","phase":"after","epoch":"2025-11-21"},"geometry":{"type":"Point","coordinates":[-89.62496,29.381151]}},{"type":"Feature","properties":{"s":"mud","phase":"after","epoch":"2025-11-21"},"geometry":{"type":"Point","coordinates":[-89.62486,29.381071]}},{"type":"Feature","properties":{"s":"mud","phase":"after","epoch":"2025-11-21"},"geometry":{"type":"Point","coordinates":[-89.624731,29.381016]}},{"type":"Feature","properties":{"s":"mud","phase":"after","epoch":"2025-11-21"},"geometry":{"type":"Point","coordinates":[-89.624605,29.381071]}},{"type":"Feature","properties":{"s":"mud","phase":"after","epoch":"2025-11-21"},"geometry":{"type":"Point","coordinates":[-89.624601,29.381168]}},{"type":"Feature","properties":{"s":"mud","phase":"after","epoch":"2025-11-21"},"geometry":{"type":"Point","coordinates":[-89.624618,29.381212]}},{"type":"Feature","properties":{"s":"mud","phase":"after","epoch":"2025-11-21"},"geometry":{"type":"Point","coordinates":[-89.62467,29.381324]}},{"type":"Feature","properties":{"s":"mud","phase":"after","epoch":"2025-11-21"},"geometry":{"type":"Point","coordinates":[-89.624713,29.381383]}},{"type":"Feature","properties":{"s":"firm","phase":"after","epoch":"2025-11-21"},"geometry":{"type":"Point","coordinates":[-89.624757,29.381438]}},{"type":"Feature","properties":{"s":"firm","phase":"after","epoch":"2025-11-21"},"geometry":{"type":"Point","coordinates":[-89.624862,29.381564]}},{"type":"Feature","properties":{"s":"firm","phase":"after","epoch":"2025-11-21"},"geometry":{"type":"Point","coordinates":[-89.624925,29.381643]}},{"type":"Feature","properties":{"s":"firm","phase":"after","epoch":"2025-11-21"},"geometry":{"type":"Point","coordinates":[-89.625018,29.381757]}},{"type":"Feature","properties":{"s":"firm","phase":"after","epoch":"2025-11-21"},"geometry":{"type":"Point","coordinates":[-89.625083,29.381836]}},{"type":"Feature","properties":{"s":"firm","phase":"after","epoch":"2025-11-21"},"geometry":{"type":"Point","coordinates":[-89.625176,29.381949]}},{"type":"Feature","properties":{"s":"firm","phase":"after","epoch":"2025-11-21"},"geometry":{"type":"Point","coordinates":[-89.625256,29.382043]}},{"type":"Feature","properties":{"s":"firm","phase":"after","epoch":"2025-11-21"},"geometry":{"type":"Point","coordinates":[-89.625333,29.38214]}},{"type":"Feature","properties":{"s":"firm","phase":"after","epoch":"2025-11-21"},"geometry":{"type":"Point","coordinates":[-89.625432,29.382255]}},{"type":"Feature","properties":{"s":"firm","phase":"after","epoch":"2025-11-21"},"geometry":{"type":"Point","coordinates":[-89.625482,29.382312]}},{"type":"Feature","properties":{"s":"firm","phase":"after","epoch":"2025-11-21"},"geometry":{"type":"Point","coordinates":[-89.625595,29.382451]}},{"type":"Feature","properties":{"s":"firm","phase":"after","epoch":"2025-11-21"},"geometry":{"type":"Point","coordinates":[-89.625663,29.382533]}},{"type":"Feature","properties":{"s":"mud","phase":"after","epoch":"2025-11-21"},"geometry":{"type":"Point","coordinates":[-89.625741,29.382633]}},{"type":"Feature","properties":{"s":"mud","phase":"after","epoch":"2025-11-21"},"geometry":{"type":"Point","coordinates":[-89.625823,29.382729]}},{"type":"Feature","properties":{"s":"mud","phase":"after","epoch":"2025-11-21"},"geometry":{"type":"Point","coordinates":[-89.625882,29.382799]}},{"type":"Feature","properties":{"s":"buried","phase":"after","epoch":"2025-11-21"},"geometry":{"type":"Point","coordinates":[-89.626,29.382931]}},{"type":"Feature","properties":{"s":"firm","phase":"after","epoch":"2025-11-21"},"geometry":{"type":"Point","coordinates":[-89.626104,29.383049]}},{"type":"Feature","properties":{"s":"firm","phase":"after","epoch":"2025-11-21"},"geometry":{"type":"Point","coordinates":[-89.627038,29.384567]}},{"type":"Feature","properties":{"s":"firm","phase":"after","epoch":"2025-11-21"},"geometry":{"type":"Point","coordinates":[-89.626976,29.384487]}},{"type":"Feature","properties":{"s":"firm","phase":"after","epoch":"2025-11-21"},"geometry":{"type":"Point","coordinates":[-89.626914,29.384411]}},{"type":"Feature","properties":{"s":"firm","phase":"after","epoch":"2025-11-21"},"geometry":{"type":"Point","coordinates":[-89.626199,29.383168]}},{"type":"Feature","properties":{"s":"buried","phase":"after","epoch":"2025-11-21"},"geometry":{"type":"Point","coordinates":[-89.626293,29.383274]}},{"type":"Feature","properties":{"s":"scat","phase":"after","epoch":"2025-11-21"},"geometry":{"type":"Point","coordinates":[-89.626334,29.383332]}},{"type":"Feature","properties":{"s":"firm","phase":"after","epoch":"2025-11-21"},"geometry":{"type":"Point","coordinates":[-89.626481,29.3835]}},{"type":"Feature","properties":{"s":"firm","phase":"after","epoch":"2025-11-21"},"geometry":{"type":"Point","coordinates":[-89.626585,29.383602]}},{"type":"Feature","properties":{"s":"firm","phase":"after","epoch":"2025-11-21"},"geometry":{"type":"Point","coordinates":[-89.626683,29.38371]}},{"type":"Feature","properties":{"s":"buried","phase":"after","epoch":"2025-11-21"},"geometry":{"type":"Point","coordinates":[-89.626762,29.383781]}},{"type":"Feature","properties":{"s":"firm","phase":"after","epoch":"2025-11-21"},"geometry":{"type":"Point","coordinates":[-89.626883,29.383906]}},{"type":"Feature","properties":{"s":"firm","phase":"after","epoch":"2025-11-21"},"geometry":{"type":"Point","coordinates":[-89.626955,29.383979]}},{"type":"Feature","properties":{"s":"firm","phase":"after","epoch":"2025-11-21"},"geometry":{"type":"Point","coordinates":[-89.626865,29.384347]}},{"type":"Feature","properties":{"s":"scat","phase":"after","epoch":"2025-11-21"},"geometry":{"type":"Point","coordinates":[-89.62675,29.384207]}},{"type":"Feature","properties":{"s":"scat","phase":"after","epoch":"2025-11-21"},"geometry":{"type":"Point","coordinates":[-89.626701,29.384146]}},{"type":"Feature","properties":{"s":"scat","phase":"after","epoch":"2025-11-21"},"geometry":{"type":"Point","coordinates":[-89.626613,29.384043]}},{"type":"Feature","properties":{"s":"scat","phase":"after","epoch":"2025-11-21"},"geometry":{"type":"Point","coordinates":[-89.626535,29.383944]}},{"type":"Feature","properties":{"s":"scat","phase":"after","epoch":"2025-11-21"},"geometry":{"type":"Point","coordinates":[-89.626468,29.383868]}},{"type":"Feature","properties":{"s":"reef","phase":"after","epoch":"2025-11-21"},"geometry":{"type":"Point","coordinates":[-89.626416,29.383809]}},{"type":"Feature","properties":{"s":"reef","phase":"after","epoch":"2025-11-21"},"geometry":{"type":"Point","coordinates":[-89.626325,29.383703]}},{"type":"Feature","properties":{"s":"mud","phase":"after","epoch":"2025-12-09"},"geometry":{"type":"Point","coordinates":[-89.626492,29.382472]}},{"type":"Feature","properties":{"s":"mud","phase":"after","epoch":"2025-12-09"},"geometry":{"type":"Point","coordinates":[-89.626414,29.382378]}},{"type":"Feature","properties":{"s":"mud","phase":"after","epoch":"2025-12-09"},"geometry":{"type":"Point","coordinates":[-89.626418,29.382282]}},{"type":"Feature","properties":{"s":"mud","phase":"after","epoch":"2025-12-27"},"geometry":{"type":"Point","coordinates":[-89.618797,29.375845]}},{"type":"Feature","properties":{"s":"mud","phase":"after","epoch":"2025-12-27"},"geometry":{"type":"Point","coordinates":[-89.617474,29.376563]}},{"type":"Feature","properties":{"s":"buried","phase":"after","epoch":"2025-12-27"},"geometry":{"type":"Point","coordinates":[-89.616982,29.376865]}},{"type":"Feature","properties":{"s":"mud","phase":"after","epoch":"2025-12-27"},"geometry":{"type":"Point","coordinates":[-89.616941,29.376949]}},{"type":"Feature","properties":{"s":"mud","phase":"after","epoch":"2026-07-08"},"geometry":{"type":"Point","coordinates":[-89.619302,29.383214]}},{"type":"Feature","properties":{"s":"mud","phase":"after","epoch":"2026-07-08"},"geometry":{"type":"Point","coordinates":[-89.619289,29.383191]}},{"type":"Feature","properties":{"s":"mud","phase":"after","epoch":"2026-07-08"},"geometry":{"type":"Point","coordinates":[-89.619261,29.383148]}},{"type":"Feature","properties":{"s":"scat","phase":"after","epoch":"2026-07-08"},"geometry":{"type":"Point","coordinates":[-89.619152,29.383075]}},{"type":"Feature","properties":{"s":"scat","phase":"after","epoch":"2026-07-08"},"geometry":{"type":"Point","coordinates":[-89.619929,29.383826]}},{"type":"Feature","properties":{"s":"scat","phase":"after","epoch":"2026-07-08"},"geometry":{"type":"Point","coordinates":[-89.619929,29.383826]}},{"type":"Feature","properties":{"s":"scat","phase":"after","epoch":"2026-07-08"},"geometry":{"type":"Point","coordinates":[-89.61992,29.383801]}},{"type":"Feature","properties":{"s":"scat","phase":"after","epoch":"2026-07-08"},"geometry":{"type":"Point","coordinates":[-89.61992,29.383801]}},{"type":"Feature","properties":{"s":"scat","phase":"after","epoch":"2026-07-08"},"geometry":{"type":"Point","coordinates":[-89.619912,29.383777]}},{"type":"Feature","properties":{"s":"scat","phase":"after","epoch":"2026-07-08"},"geometry":{"type":"Point","coordinates":[-89.619912,29.383777]}},{"type":"Feature","properties":{"s":"scat","phase":"after","epoch":"2026-07-08"},"geometry":{"type":"Point","coordinates":[-89.619901,29.383752]}},{"type":"Feature","properties":{"s":"scat","phase":"after","epoch":"2026-07-08"},"geometry":{"type":"Point","coordinates":[-89.619891,29.383728]}},{"type":"Feature","properties":{"s":"scat","phase":"after","epoch":"2026-07-08"},"geometry":{"type":"Point","coordinates":[-89.619891,29.383728]}},{"type":"Feature","properties":{"s":"scat","phase":"after","epoch":"2026-07-08"},"geometry":{"type":"Point","coordinates":[-89.619879,29.383704]}},{"type":"Feature","properties":{"s":"scat","phase":"after","epoch":"2026-07-08"},"geometry":{"type":"Point","coordinates":[-89.619879,29.383704]}},{"type":"Feature","properties":{"s":"scat","phase":"after","epoch":"2026-07-08"},"geometry":{"type":"Point","coordinates":[-89.619867,29.383681]}},{"type":"Feature","properties":{"s":"reef","phase":"after","epoch":"2026-07-08"},"geometry":{"type":"Point","coordinates":[-89.619853,29.383658]}},{"type":"Feature","properties":{"s":"scat","phase":"after","epoch":"2026-07-08"},"geometry":{"type":"Point","coordinates":[-89.619853,29.383658]}},{"type":"Feature","properties":{"s":"reef","phase":"after","epoch":"2026-07-08"},"geometry":{"type":"Point","coordinates":[-89.61984,29.383637]}},{"type":"Feature","properties":{"s":"reef","phase":"after","epoch":"2026-07-08"},"geometry":{"type":"Point","coordinates":[-89.619754,29.383566]}},{"type":"Feature","properties":{"s":"mud","phase":"after","epoch":"2026-07-08"},"geometry":{"type":"Point","coordinates":[-89.621331,29.385087]}},{"type":"Feature","properties":{"s":"mud","phase":"after","epoch":"2026-07-08"},"geometry":{"type":"Point","coordinates":[-89.621332,29.385142]}},{"type":"Feature","properties":{"s":"reef","phase":"after","epoch":"2026-07-08"},"geometry":{"type":"Point","coordinates":[-89.621704,29.385349]}},{"type":"Feature","properties":{"s":"mud","phase":"after","epoch":"2026-07-08"},"geometry":{"type":"Point","coordinates":[-89.622327,29.38669]}}]}